Tachometer,Motor,B1_Z,B1_Y,B1_X,B2_Z,B2_Y,B2_X,Gearbox
1.70450397,0.006132530145,0.01045058037,-0.0008031953756,-0.004476358012,0.007031140515,-0.01038264722,-0.01418394492,0.005646963274
2.724364681,0.008481019496,0.02169162482,-0.004605907749,-0.01264849787,0.00749212612,-0.02521656388,0.03168174767,0.009390123931
2.435287828,0.009650838839,0.007480705849,0.001188328337,-0.01535314869,0.0001586271012,-0.01799983577,0.004195862538,0.01156842065
2.601812555,0.006856421356,0.01860955712,-0.002046612798,-0.009282805706,0.00594547573,-0.02024850036,0.005308385102,0.008972827323
2.532145894,0.003488841831,0.01471982274,-0.01000824349,-0.01102138117,0.005434783945,-0.02329803907,0.0256228848,0.008929212021
2.516799445,0.005567770327,0.009995416799,-0.002552086637,-0.01734809318,6.410693096e-05,-0.01747791946,-0.008444854744,0.008512383783
2.536369728,0.001841420606,0.01339748373,0.001493340361,-0.01271789068,0.003119297612,-0.02008363152,0.03264215757,0.009212504991
2.501796139,9.351716198e-05,0.007971350181,-0.009407096549,-0.01875422547,0.0003408112138,-0.02348718976,-0.01083847095,0.008901826966
2.548914425,-0.000799476482,0.007658218031,-0.006704574455,-0.01319709811,0.003006991043,-0.02240090765,0.01914591323,0.00544866151
2.558792195,0.0003810583909,0.00647388842,-0.002599125268,-0.01294455391,-0.0007448439489,-0.02005434785,0.005715049212,0.01122729956
2.581526902,-0.00395716203,0.008765545342,-0.009274453518,-0.01617208064,0.001713391011,-0.0220999199,0.008641061476,0.00471854076
2.526602177,-0.00159971187,0.004880043789,-0.006923610971,-0.01659330687,0.003441800894,-0.02333671892,0.01579235274,0.009106915891
2.469208877,-0.002738377638,0.003183282922,-0.001846364616,-0.012039767,-0.001234921366,-0.02081136038,0.000583780787,0.007621606246
2.449650412,-0.001378144756,0.02419599981,-0.01232282739,-0.01709579503,0.0005326590836,-0.02129931415,0.01775124212,0.007509789682
2.465835118,-0.002570898798,0.02025279628,-0.004987312841,-0.01093541759,-0.0008887765591,-0.02309083884,0.0004829449425,0.008477371408
2.508206348,-0.0002232375062,0.009971921894,-0.0008743419948,-0.01408364658,0.002113879875,-0.02104307035,0.01627869726,0.007002196716
2.535658992,-0.004128177586,0.01352512991,-0.01144180423,-0.0169742022,0.001825350043,-0.02531695176,0.003990425259,0.008502303311
2.511334267,-0.01186511025,0.001548643299,-0.009601962359,-0.01780286454,-0.000950111411,-0.02194251307,0.01032150405,0.005723517216
2.536221096,-0.01294679504,-0.001116159232,-0.0008184962231,-0.01113269155,-0.0005195234032,-0.02282947035,0.01171046795,0.00839519281
2.479232086,-0.009496036149,0.001479544091,-0.01086182059,-0.02262467858,-0.002264092534,-0.02230824998,0.007254799615,0.006905830412
2.514634021,-0.01151584162,0.005938384,-0.01269315278,-0.0161339885,-0.0003420296483,-0.0243726474,0.01061024654,0.008209965372
2.556217471,-0.008233430204,0.004292405357,-0.003122074787,-0.01048315742,-0.000229784603,-0.02117268259,0.006082887128,0.009530615578
2.499931549,-0.006554376212,0.003479280438,-0.007545267806,-0.01689150774,5.27138191e-05,-0.02301865078,0.01153754183,0.006649478481
2.546559476,-0.006536958335,0.003946282235,-0.01017975129,-0.01740886689,0.001367508709,-0.02239178741,0.008014264009,0.008870082133
2.536185363,-0.00361579834,0.007498858227,-0.006105529903,-0.01016233151,0.001699141736,-0.0205508186,0.01030238263,0.008297355176
2.527012668,-0.002005262972,0.009306751493,-0.007968145969,-0.01370201842,0.002606209927,-0.02315694922,0.01010724555,0.007846830763
2.539465372,-0.0023304554,0.009009992289,-0.007796120011,-0.01838412935,0.003064585015,-0.0213572921,0.007667103085,0.008398091403
2.474736903,-0.0002092434529,0.01008859764,-0.002131121374,-0.01060540004,0.002020213673,-0.02217196831,0.01244582569,0.00908808059
2.494269405,-0.0007792284604,0.009035593325,-0.00830341691,-0.01394310289,0.002446562051,-0.02258452242,0.00767224001,0.009985684312
2.564553207,2.342755938e-05,0.01026137244,-0.007242987516,-0.01530047397,0.002070972121,-0.02271365357,0.01134008741,0.008094941473
2.531923816,-0.001266449697,0.01060978673,-0.002280605168,-0.01142181022,0.002702819855,-0.01889897064,0.01078126021,0.0103572445
2.479916824,-0.0005286442881,0.008214450688,-0.005443542756,-0.0109560418,0.002082149851,-0.02017468791,0.01294064405,0.008006621935
2.513541908,0.0003637744001,0.01093055874,-0.009266745885,-0.01507301967,0.003205175283,-0.02320954805,0.009753996214,0.009434300766
2.493721366,-0.0006827477382,0.01234186752,-0.00332564031,-0.012928341,0.003406669945,-0.02191573995,0.008204036238,0.008115968623
2.562671507,0.002781790409,0.01185381683,-0.003568507884,-0.01305219089,0.00265216519,-0.01975433262,0.01256452488,0.008131172544
2.434648752,0.01321759845,0.01786014858,-0.003075889666,-0.01065249942,0.0054394244,-0.02115976086,0.009892135174,0.01167230008
2.657731858,0.009871648925,0.01850793625,-0.00288534657,-0.01075244492,0.003751711721,-0.02054694025,0.01196929186,0.009193271922
1.852528091,0.00690053084,0.01962569495,-0.002929319808,-0.0114383074,0.004435719792,-0.01943759679,0.009090892364,0.01019258885
-3.679264211,0.00765478897,0.01636411528,-0.00353244415,-0.01460720833,0.004502911305,-0.02046181866,0.01397395721,0.009417919385
-3.826841388,0.005664821839,0.0136057613,-0.001446988199,-0.0125127261,0.001423315055,-0.02161707137,0.0109178656,0.009326593581
-3.823859191,0.006699618962,0.01592120959,-0.006940845284,-0.01157274862,0.002818416655,-0.02095577884,0.00990988359,0.00911146905
-3.765789232,0.002908766049,0.01275373854,-0.003399909394,-0.01398466377,0.002775250597,-0.02194718807,0.00857773716,0.008281322406
-3.805194845,0.001438753312,0.01106484614,-0.009307426832,-0.01576221329,0.001719256899,-0.0185247417,0.008545033996,0.006756508435
-3.803979212,-0.0005986317555,0.007973926017,-0.003500380379,-0.01058117106,0.0005298606697,-0.024018663,0.01204247352,0.007956857373
-3.791651372,-0.002085932008,0.008360081446,0.001165200874,-0.01553895112,0.001209175987,-0.02224976839,0.01006909644,0.008104447545
-3.608172053,-0.002837618757,0.006189209278,-0.01496146441,-0.02004251269,0.0008026760535,-0.02208203714,0.007033309737,0.006690082032
1.469805691,-0.002488307163,0.009135714718,-0.005691618113,-0.01150137767,0.0005645877559,-0.0219970517,0.01274254695,0.007915368206
3.071689623,-0.001997647502,0.007825088455,-0.002648280876,-0.01230003205,0.001238455639,-0.01953856506,0.009907760921,0.008063427474
-2.033052591,-0.00220556585,0.004555906738,-0.01006515289,-0.02075508315,0.0006186728868,-0.02587820558,0.006361778652,0.009280536666
-4.233455666,-0.00113514754,0.00972511214,-0.006172333261,-0.0122091184,0.0006941465362,-0.02052137663,0.01243857347,0.007910054424
-3.611744932,-0.00252542532,0.005818316273,-0.003567082532,-0.01315306405,0.001400355328,-0.02096981228,0.008554770408,0.007809247094
-3.964831297,-0.001691485294,0.005188153906,-0.008700820197,-0.02058683291,0.001826018102,-0.02509874796,0.01007291605,0.007891882456
-3.703203114,-0.008242128089,0.002466108765,-0.003298527724,-0.01139880414,0.0009146580795,-0.02372746054,0.0118096531,0.007728788555
-3.781354554,-0.01447331591,-0.003569820217,-0.0119960388,-0.01485622198,-0.002168016372,-0.0175726228,0.006855111258,0.005758013854
-3.785954474,-0.01071300155,-0.003040248777,-0.008728699555,-0.01934361571,-0.0007112530561,-0.03211928187,0.01409775829,0.007909029894
-3.839118619,-0.01190531507,-0.003904787261,-0.008538643966,-0.01747200189,0.003029602766,-0.002908118689,0.003648565412,0.005908068889
-3.818497103,-0.008691327874,0.0008234228097,-0.003423128501,-0.01114196789,-0.005151249282,-0.04444587083,0.003809366039,0.01142439352
-3.826027883,-0.007235938864,0.0002014029292,-0.01421744185,-0.01589086747,0.003489951128,-0.01841659882,0.03027814177,0.006399797362
-3.742738234,-0.008220680088,-0.002598773357,-0.00240906606,-0.0156466044,0.004086028735,-0.006010319435,-0.01162050771,0.003201605526
-3.828984084,-0.00646350065,0.009560727394,-0.007350937665,-0.01656066351,-0.001684911053,-0.04522495896,0.02226582636,0.01372268093
-3.729253124,-0.00241065908,-0.002099282961,-0.01272862609,-0.008880096725,0.002712540723,-0.008981449944,0.009820055838,0.006653632931
-3.882771436,-0.002152923996,0.00703782612,-0.003559682196,-0.01566779459,0.0004210701859,-0.02041846509,-0.0007995873069,0.005995647559
-3.743782606,-0.001460154752,0.009473335457,-0.001586165754,-0.01178256255,0.003518835739,-0.0299990378,0.0249977303,0.01028357248
-3.976021707,-0.001210229367,0.002153526861,-0.01188263619,-0.01873934691,0.0004511628189,-0.01338504457,-0.007369684809,0.006439704176
-3.527221234,0.001803119079,0.01081898783,-0.007180141513,-0.005370970689,0.003509935091,-0.02791926518,0.02199591851,0.01234955669
-4.31470146,-0.00167575007,0.007684215278,-0.0005921751234,-0.0147764967,0.002287719,-0.01911421649,0.01224959879,0.007720049599
-0.9025191882,-0.001811649285,0.007118025553,-0.01045437106,-0.02061484868,0.005833683163,-0.01789031398,0.001617308771,0.006181814463
3.032657332,0.002678930091,0.007955536715,-0.00134922389,-0.008440085302,0.0005673967935,-0.02813284326,0.02070094327,0.01339971372
2.224787749,0.0007737009985,0.005803594721,-0.007500564256,-0.01140212498,-0.0003876481237,-0.01401042183,0.002174148173,0.007455374877
2.450890735,0.0001563974319,0.008273499892,-0.007531727093,-0.01752668465,0.00549707736,-0.02534747323,0.01398388535,0.00865821234
-3.432413435,0.006932748528,0.01764285277,0.001507903501,-0.01059810045,0.001785671527,-0.01932112463,0.007792815572,0.01005570189
-3.671588602,0.01046825574,0.01689815378,-0.0009830555423,-0.009734168614,0.005197881763,-0.01766818763,0.01288514422,0.01100000537
-4.138196074,0.009345495756,0.01564630773,-0.01285856568,-0.01849916476,0.003872652922,-0.02369922536,0.01102622342,0.009708644241
-2.438948419,0.008569561428,0.0201924978,0.007659133014,-0.0009569277471,0.003156469744,-0.01837912029,0.008915338354,0.00794535534
2.831548007,0.005427806386,0.01439526316,-0.0005147766552,-0.01803859557,0.003823418338,-0.01840153276,0.0161234473,0.009350757495
2.34065353,0.006168128698,0.01037495768,-0.01359052685,-0.01612838909,0.002593443542,-0.02489662417,0.004195491723,0.01033893281
2.74746755,0.00582037118,0.01392273536,3.681653066e-07,-0.009595717745,0.003619222023,-0.01706385142,0.01579739457,0.008344859666
-2.872447489,0.001384805115,0.01083615113,0.001564462437,-0.009590333012,0.001271797761,-0.02462048143,0.006156898551,0.006962657069
-3.966742704,-0.001175077703,0.006366907816,-0.01322026974,-0.02531721425,0.0007964131589,-0.02080282006,0.01443112136,0.008498759187
-3.753886999,-0.0004143561684,0.01103121391,-0.003929071194,-0.008086631373,0.000981923565,-0.02116012868,0.006968406629,0.008936416227
-3.720520872,-0.000743904507,0.00725115607,-0.005943898342,-0.01414113167,0.0002991874206,-0.02095576442,0.01162302133,0.006947260855
-3.961120104,-0.004066066182,0.005755406081,-0.008746624932,-0.02079900819,0.002818690523,-0.02414101695,0.006268495173,0.006883050028
-2.758633177,-0.001062657993,0.003775731608,-0.004107720077,-0.01279383594,0.0006981470216,-0.01933675863,0.01076769823,0.009016264455
2.589779956,-0.001530808255,0.00534779013,-0.004914726217,-0.01077318318,-0.0007768844306,-0.02213873635,0.0129492758,0.008368139609
2.517687578,-0.002560655018,0.006159988683,-0.007020585842,-0.01892446876,0.000601119389,-0.02408508185,0.006926108361,0.006990562104
2.535458369,-0.002880050239,0.008795638947,-0.00441343221,-0.01492591544,0.000900099698,-0.02085859485,0.01151760374,0.008426776796
2.516442727,-0.002690334101,0.005319919018,-0.006320968851,-0.01022653125,-5.966247208e-06,-0.01919452556,0.01067575957,0.007821902116
2.602085655,-0.002471260221,0.002732517699,-0.008402989316,-0.01803832332,-0.0005196897648,-0.02384957233,0.009293558128,0.008535320442
2.526857721,-0.01205719078,-0.00197882304,-0.005464546651,-0.01678403283,-0.0004503179923,-0.02462589274,0.004506546796,0.006568443935
2.501927452,-0.01443806774,-0.00213360003,-0.009773083334,-0.01593418478,-0.00118822929,-0.02093176471,0.01224791175,0.00648368088
2.542994531,-0.00950119812,-0.006707196729,-0.008387864822,-0.01602742418,0.001247895193,-0.02469899613,0.007902771286,0.008132292195
2.567961844,-0.01064029338,-0.002197829675,-0.007498657648,-0.01760115543,-0.0009447341706,-0.0222945329,0.0183351319,0.01019298236
2.513669501,-0.008908882052,0.002474853688,-0.007122174296,-0.01513086006,-0.0001951875672,-0.02547768343,-0.01178240427,0.008406628632
2.540188645,-0.00824479724,0.002844369788,-0.01227412507,-0.0143003019,0.002713624359,-0.02161952221,0.02640756423,0.005971624436
2.519071227,-0.004251056659,-0.007565226093,-0.005796341843,-0.01462652339,-0.00441917983,-0.02142013702,0.00551788662,0.01026364486
2.532132146,-0.002533798945,0.005657851071,-0.004665441664,-0.01506566648,0.003362484931,-0.02118273451,0.002814828403,0.008207222795
2.556055309,-0.004175112245,0.008394026743,-0.01139803407,-0.01028393465,0.005013660488,-0.02484895665,0.02268759179,0.008476427201
2.544461898,-0.002638429977,0.00253342282,-0.008213078633,-0.01759265057,-0.001724491943,-0.01856401357,-0.006072004765,0.008937541661
2.571293001,-0.0001508396466,0.007717724062,0.000789163464,-0.01296838621,0.003902773562,-0.02222233206,0.03193349813,0.009571469047
2.480522625,0.001354572364,0.006977391127,-0.008399550851,-0.01509426114,0.002949831457,-0.02261900756,-0.009203463549,0.008191559086
2.495252764,-0.001904663017,0.008649766682,-0.003434026093,-0.009793094788,0.003506717819,-0.02331160636,0.02073223898,0.008324859224
2.501519202,0.002986622692,0.005232708947,-0.01250677075,-0.01757420741,-2.974483377e-06,-0.01796456326,0.005196907617,0.01195470252
2.517092518,-0.001093681937,0.009820325054,-0.004892304795,-0.008632239629,0.004400944826,-0.02423285721,0.01151584788,0.007271558996
2.53113776,-0.0001768161164,0.006851185607,0.005620760753,-0.0134884501,0.003826649158,-0.02162912121,0.01913123295,0.01139961064
2.546575701,-0.0005781888653,0.005542233339,-0.01679423857,-0.01822533944,-6.025046432e-05,-0.02087412667,-0.001461967211,0.007354706843
2.574378284,0.003240595743,0.01105380494,-0.006380674123,-0.01177769874,0.004533815288,-0.02316590108,0.02565880543,0.01079072651
2.52789065,0.01014217743,0.0196997696,0.008094360206,-0.003562368172,0.003738167006,-0.01523090816,-0.001934374303,0.01019195022
2.51890818,0.01058325443,0.01454651298,-0.0102272087,-0.01939695706,0.004540769008,-0.02212033891,0.01839464528,0.009959757254
2.487237473,0.00863487746,0.01664067494,-0.002699747074,-0.01136226564,0.003500782037,-0.02353522688,0.009062516514,0.01153119541
2.465096996,0.008495695821,0.02042833816,0.001813878705,-0.007557060073,0.00416118584,-0.01795786087,0.0108571056,0.008109431448
2.528591683,0.004630506942,0.009181613886,-0.009208491387,-0.0199400058,0.004721279555,-0.02526984235,0.012917744,0.008381947963
2.51376164,0.006237418224,0.0121232623,0.0002127643496,-0.01100985973,0.001058379832,-0.01855267295,0.007537150076,0.009751287783
2.487231841,0.003284405255,0.01347368885,-0.002134039407,-0.007927164365,0.0025639265,-0.01592199029,0.01507345309,0.007920355174
2.501746544,0.000928488206,0.007470667627,-0.01305336502,-0.02195346884,0.0008693894189,-0.02664967463,0.002897983165,0.006844118612
2.555142083,-0.0008064752637,0.009599618637,-0.001349516008,-0.01596881238,0.001235394318,-0.02228723064,0.01374394229,0.008581109416
2.516745819,-0.0009704908798,0.006932678735,-0.0005415937675,-0.009254366155,0.0008059932939,-0.01981692253,0.009148645417,0.009393106836
2.480219807,-0.001668849548,0.004661292802,-0.01453643047,-0.01946001559,-3.901777766e-05,-0.02536231271,0.01250626187,0.007247074
2.495907469,-0.002000463755,0.004695814098,-0.00192457269,-0.01512795038,0.002472180832,-0.02256049313,0.007996580412,0.008570332772
2.513434526,-0.002140485212,0.009830214508,-0.003830169737,-0.01300472656,0.001260191409,-0.01884359282,0.01032984641,0.008215205105
2.527478817,-0.002270514969,0.004094458957,-0.01040180535,-0.0158838962,0.0009232429641,-0.02503801287,0.0124198165,0.00767983221
2.523113992,-0.001218389894,0.003275952187,-0.003542211784,-0.01536294654,0.0004337807336,-0.02254905232,0.005293160696,0.008657524149
2.482234105,-0.00218681744,0.008311611097,-0.002372904451,-0.01189309416,0.001195280969,-0.02275878787,0.01103603869,0.007316904041
2.54880012,-0.00325871393,0.006807688621,-0.01121178804,-0.01779242729,0.0008900857865,-0.02133928139,0.01233844256,0.007956711016
2.494847791,-0.005969731895,-0.00157246485,-0.003440862786,-0.01364237102,0.0002183699164,-0.02132520129,0.009146217376,0.00838973484
2.471761115,-0.01342396797,-0.003537377771,-0.008134999122,-0.01619135355,-0.001743485557,-0.02319856705,0.01029901649,0.006962733178
2.472528757,-0.01260728185,-0.0009590233077,-0.01345289633,-0.01774594106,0.0007645638221,-0.025065358,0.006291531807,0.006467351206
2.546527787,-0.01217505393,-0.005849003577,-0.006453007638,-0.0167156171,-0.0019705078,-0.02021907515,0.0110795358,0.008008753893
2.01700992,-0.008606558725,-0.004158387322,-0.006305413767,-0.01228097947,-0.0006909178135,-0.02209932539,0.007876912732,0.007372221924
-3.39769156,-0.006778368719,0.0003981860108,-0.01503087456,-0.01637282415,0.0008202976519,-0.02377390619,0.009564667379,0.009459121756
-3.882149419,-0.008254366499,0.000329874373,-0.004884189949,-0.01153941467,0.001106373048,-0.02280020474,0.007163046482,0.008150587376
-3.781122775,-0.005451100401,0.002611522599,-0.005968732234,-0.01685372517,0.001268846079,-0.01939329807,0.01230509886,0.008435775113
-3.839720676,-0.002862703474,0.003317504288,-0.01305028784,-0.01642142621,0.0009185474929,-0.02359463681,0.009121378838,0.008588820295
-3.855714689,-0.001609120212,0.003895388905,0.003187839253,-0.01013430061,0.002045051992,-0.02199101714,0.01492436668,0.009932651645
-3.817164868,-0.001684106114,0.006087360748,-0.006912773436,-0.01385808539,0.003137794318,-0.01972410653,0.006825818228,0.007289617362
-3.859078039,0.001121245305,0.007215692595,-0.0159510578,-0.01787460866,0.004676448138,-0.0240306025,0.01008080992,0.009165391699
-3.629247169,-0.000815162267,0.006171620433,0.001287923576,-0.0094302883,0.002207940111,-0.0192709267,0.01217778929,0.009927012048
1.488329416,-0.0008495273451,0.005683500585,-0.00249513489,-0.01164426045,0.001726424577,-0.02122352766,0.009115799574,0.009564121987
3.131758989,0.0005378907961,0.007984305748,-0.01422781841,-0.01982367515,0.001948198072,-0.02377254856,0.01128869277,0.00870136346
-1.833364705,-0.0007745727562,0.009938807175,-0.003405845771,-0.006317659406,0.001799025633,-0.01837233417,0.01067136865,0.008820356593
-4.182102002,0.0008569708924,0.007736192837,-0.002609295966,-0.01161273553,0.004167742583,-0.02009186259,0.01229262651,0.01010977848
-3.596612351,-0.0002419582598,0.006321722235,-0.009296225006,-0.01706984681,0.002846623392,-0.02574901292,0.007490454061,0.01043709113
-3.88203841,0.007174067567,0.0139902864,-0.005432347731,-0.01049483308,0.004911047738,-0.01807662068,0.01578366436,0.01071776093
-3.734850495,0.01238811183,0.01849391031,0.0006508324174,-0.007080952882,0.005047832731,-0.01989879251,0.01158052722,0.009541107903
-3.835632817,0.008716276342,0.01574402122,-0.004249324908,-0.01723757576,0.005652447058,-0.02071427498,0.01276988435,0.009407456089
-3.761951535,0.008725846843,0.01916438879,-0.00235494765,-0.01058842849,0.004455151321,-0.02134027192,0.009475778534,0.01020246684
-3.814489505,0.006714451632,0.0158928266,-0.004923864829,-0.008159208322,0.002552178118,-0.01679137052,0.01320726822,0.009672828906
-3.731655211,0.005164666658,0.01153111453,-0.002849884431,-0.01561438736,0.002012615618,-0.02914946948,0.01054575276,0.008814411792
-3.775626918,0.00561613013,0.01296328987,-0.00651442841,-0.01494182292,0.004101493122,-0.001168817962,0.007013847194,0.007554949688
-3.870244672,0.001265708724,0.009920929898,0.00152115185,-0.009553449104,-0.002281985566,-0.04341202179,0.01029249505,0.01310263667
-3.820373731,0.0008678580081,0.007756307902,-0.01163181811,-0.01669273434,0.004637691101,-0.01670292301,0.02060202757,0.004159135944
-3.744797425,0.0009588246363,0.007766246627,-0.001366552074,-0.01560323295,0.003609357706,-0.006105984487,-0.005947414338,0.004516703554
-3.856257986,-0.002536549333,0.01164281597,-0.005030363745,-0.01790174485,-0.003521898481,-0.04346474647,0.02008886661,0.01504335688
-3.719744258,-0.001919539309,-0.0001022200188,-0.01153669916,-0.01189067661,0.002358163573,-0.00732656658,0.007284428324,0.005178922467
-3.939124436,-0.0009622501491,0.0100371716,-0.003294963063,-0.01526132388,0.001382906994,-0.02386948781,0.005405861932,0.008672482696
-3.498538316,-0.001393836058,0.008729400891,-0.003475563169,-0.01454825751,0.002470303717,-0.02796421155,0.01796438412,0.009842152002
-4.299903317,-0.002489292668,0.001353441623,-0.01113900018,-0.01767097378,0.0003384153767,-0.01257250044,-0.001265653514,0.006608010094
-0.8600342387,-0.0009476355988,0.00928646355,-0.00505754255,-0.01038643491,0.001175475317,-0.03056336924,0.01831902619,0.0108251359
3.025599924,-0.002775135621,0.004680472274,-0.0002442905399,-0.0180812603,0.0003425359468,-0.01818784624,0.009712496472,0.005747594008
2.28034907,-0.003542987313,0.005553754324,-0.01006050506,-0.01816046449,0.003807927573,-0.0200519108,0.003003353056,0.0070866815
2.369089504,-0.008986735393,-0.0007102322679,-0.002665261617,-0.01107209205,-0.001952694998,-0.02835985383,0.01742154817,0.01097585574
-3.610731184,-0.01371006926,-0.007287677055,-0.02206524858,-0.02114615804,-0.003298173352,-0.01402969203,0.001648535568,0.004591755609
-3.651459086,-0.01155497968,-0.003383582529,-0.001191419576,-0.01188490348,0.002554413225,-0.0310704019,0.01329004647,0.009011004113
-4.183496802,-0.01270533846,0.0001973475322,-0.001452596488,-0.01583447176,-0.00300505669,-0.01811503229,0.008526868151,0.008362363241
-2.330385741,-0.008281399429,-0.006948178026,-0.01964211838,-0.02166611118,0.002729287819,-0.02486928317,0.005642889809,0.008170875078
2.795886813,-0.006459689831,0.002227926587,-0.004207930652,-0.0124357695,0.002178937808,-0.02558792063,0.01609441026,0.01033993689
2.368415231,-0.007975915195,0.003721637778,-0.003339538432,-0.006873545829,0.0003535151292,-0.01425268193,0.001120659214,0.005319313596
2.532884932,-0.004637534077,0.0008075320864,-0.01609826622,-0.0275319211,0.002160202665,-0.02735313077,0.0164868663,0.009586522873
-3.136001639,-0.001418188705,0.004481438793,0.000214340944,-0.004041660977,0.0007365392998,-0.02334200347,0.009104804869,0.00912018226
-3.809052555,-0.001778040762,0.006953070948,-0.006288459189,-0.01334604579,0.004746506665,-0.01587064902,0.008689484268,0.007207318901
-3.76455523,-0.003332711547,0.004858767909,-0.01155349068,-0.02191503096,0.002727739247,-0.03072111827,0.01249556377,0.008925294365
-3.646975468,-0.0008987375658,0.00846660363,0.002152063904,-0.006956752131,0.001407386398,-0.01533091593,0.01070122087,0.01086580926
-4.057405595,0.0005724979006,0.007784114798,-0.006317240077,-0.009730587172,0.002668487229,-0.02121801199,0.01119036605,0.009790034575
-2.650360462,0.001308191532,0.005063950683,-0.01210224407,-0.02259674479,0.001293981518,-0.02638415007,0.009630731896,0.009601135378
2.672796681,-0.000859567958,0.009864475731,0.002835581055,-0.006870715928,0.004838255246,-0.01777466522,0.01108565145,0.009968148737
2.434530198,0.0006702187764,0.006970221548,-0.00746532802,-0.01140104686,0.003279077813,-0.02104354802,0.01033073631,0.009731698962
2.620516359,-0.0001576437315,0.003761582709,-0.009896319196,-0.01866429081,0.001678097173,-0.0245254712,0.01038295034,0.009580354229
2.461481268,0.001251761419,0.01128902407,0.001711292991,-0.007461198652,0.001841045964,-0.01894498697,0.01043182412,0.009563897989
2.509561161,0.01042460254,0.02212404322,-0.00482150968,-0.01145347259,0.004423526881,-0.01867364981,0.01527129547,0.01057233418
2.566489739,0.009115806103,0.01521391183,-0.005885766436,-0.01437342388,0.006026222359,-0.02165395932,0.01104871342,0.009964256412
2.508482065,0.009956569454,0.01731701773,0.001075381197,-0.01033109263,0.0038620218,-0.01982133654,0.0105821804,0.009552175305
2.54743633,0.007467369479,0.0176002069,-0.003796898531,-0.01156895682,0.00314211291,-0.02177943427,0.01115101898,0.008978604674
2.495507945,0.004369793968,0.01101193986,-0.006266027863,-0.01880279241,0.003056121711,-0.01878012514,0.01239469379,0.007497549718
2.555492133,0.005922360768,0.01473275495,0.001007527531,-0.007247976784,0.002504404425,-0.01939740015,0.007189839186,0.01012537448
2.525921322,0.003941708493,0.01456936849,-0.00794590696,-0.01532779393,-0.0007926654805,-0.0197716405,0.02094787163,0.009857644928
2.469033999,-4.342425819e-05,0.008349888883,-0.005914640274,-0.01701007161,0.002257522471,-0.02450364058,-0.006440864006,0.008424758585
2.475183992,0.0005721696149,0.01090853265,-0.003901000062,-0.01127663666,0.004706604439,-0.01928742002,0.01688391857,0.005811316283
2.486993931,-0.001244873966,0.003757767859,-0.006762803758,-0.01436894821,-0.005131552685,-0.01959356485,0.01423315455,0.007995231852
2.588132718,-0.001768933573,0.001732520196,-0.009981259494,-0.02015872988,0.0004094159838,-0.02262019598,-0.001105396215,0.008311610314
2.480109524,-0.003579731799,0.01041019626,-0.002101038208,-0.007174451126,0.006309847142,-0.02304666642,0.02360537328,0.006785208527
2.531058883,-0.001801198877,0.005204148343,-0.0098246913,-0.02098891822,-0.001500386021,-0.02019516521,-0.007162831322,0.009079264493
2.49383394,-0.002836999568,0.008341737725,-0.007552891341,-0.01451345275,0.001096395023,-0.02233295847,0.02794476083,0.007738723569
2.541057189,-0.001669708898,0.004754548835,0.004220137362,-0.01207774135,0.0004348065464,-0.02136160382,0.001483168656,0.009788325409
2.542185007,-0.003030976009,0.008642238846,-0.01103037575,-0.0176752185,-0.0002973952328,-0.02268016741,0.007743732818,0.004841567364
2.553809711,-0.0003532727971,0.0009509759337,-0.00947911084,-0.01593067584,0.002310102142,-0.02220941459,0.01133257578,0.01061818838
2.508253362,-0.006910717355,0.004897676197,-0.002336203738,-0.009982377338,-0.0006371094408,-0.01850802977,0.005495306146,0.007208529299
2.512033046,-0.01389635696,-0.007646043416,-0.008026237081,-0.02038102368,0.001117744482,-0.02639987255,0.01616697634,0.006464574181
2.525805841,-0.01208218706,-0.003230526482,-0.01346390931,-0.02187725562,-0.003437596793,-0.02333900213,0.002184715108,0.008122090165
2.516304383,-0.009904408178,-0.001221123817,-0.008807659682,-0.01081253598,-0.0009975837398,-0.02193282802,0.01462736889,0.007863580671
2.54124868,-0.009314205006,-0.003142228665,-0.006926215376,-0.01493568541,0.001316434905,-0.02320925495,0.005716509999,0.008502061433
2.581871514,-0.007229829331,-0.0005570400082,-0.008379779801,-0.01785186167,0.0009155982883,-0.02359570907,0.00745306007,0.009074503802
2.532825502,-0.008284511285,-0.004680782022,-0.01115270473,-0.0159188104,0.0011673004,-0.02135542485,0.01107865243,0.007784873906
2.503439723,-0.005024693333,0.004731196225,-0.008173523175,-0.009177029087,0.001842921276,-0.02278693027,0.008930735552,0.007650472062
2.517878219,-0.00258864677,0.004780432202,-0.003625275521,-0.01719263918,0.002631121333,-0.02193031771,0.01612743098,0.008753937125
2.554213391,-0.003173571059,0.004175792176,-0.009552218426,-0.01745599151,0.0006040383722,-0.02117695198,0.003136211389,0.009207963099
2.519474467,-0.001921765125,0.007563090737,-0.008380780008,-0.008733758465,0.001207924456,-0.02148660438,0.01797000333,0.009243532621
2.545019383,-0.0001824315967,0.006655610981,-0.004393280929,-0.01187876947,0.002256913904,-0.02099499623,0.004024703168,0.008037592512
2.558933744,0.000621135369,0.006276867767,-0.007051891256,-0.01980568982,0.002819517357,-0.02136911615,0.00948265488,0.008324155938
2.539694673,-0.0009363258761,0.006444376192,-0.002778351876,-0.01073782183,0.003301594546,-0.02243738039,0.01441649475,0.009701970163
2.549448315,0.0009284009623,0.0067996927,-0.006196528156,-0.009084604797,0.002209127106,-0.01811885721,0.0103403893,0.008831056546
2.525533696,0.0003006516446,0.006927448758,-0.008006503546,-0.0181459862,0.004375246272,-0.02482719248,0.01176387066,0.008800541084
2.501241053,0.0001813314398,0.00972096791,-0.003539284933,-0.01433393173,0.003168529201,-0.02183880042,0.008574700089,0.009725324386
2.494763753,-0.0003936240195,0.00622144628,-0.003961792043,-0.008720515934,0.001758210052,-0.01962623224,0.01473327302,0.009439807046
2.537465829,0.007178717998,0.01038250787,-0.006291038071,-0.0134863646,0.002929887226,-0.02225375512,0.008436003661,0.009059630909
2.404553991,0.01228317471,0.01891726735,-0.0009126207103,-0.01267131964,0.006007449018,-0.02049996925,0.01284887295,0.009566383588
2.560334576,0.006836872531,0.01736036996,-0.002984077053,-0.009722819826,0.004844576331,-0.01911650351,0.01233347651,0.01023107722
2.37084022,0.008657671947,0.0143568497,-0.00450954304,-0.01012830667,0.003449556034,-0.01912153232,0.01370882505,0.008299568558
2.753952325,0.006613524752,0.01343137886,-0.00307051476,-0.01504846486,0.003062470598,-0.02315766764,0.01158872579,0.00943238209
1.506477451,0.00494627574,0.01640376279,-0.001649931566,-0.01062719196,0.004148844317,-0.02063516788,0.007380729696,0.00750628101
-3.874599662,0.004646325557,0.01343103774,-0.004734746466,-0.0130203691,0.002155551809,-0.02054769486,0.01386864304,0.008585080648
-3.674489501,0.003173814027,0.007401724589,-0.01209938333,-0.01361197381,0.002591018616,-0.01907321241,0.00704180067,0.008095556518
-3.896234695,0.001205035586,0.00886048207,0.005085735824,-0.009506604766,0.0007420166687,-0.02316713102,0.01435483065,0.009295030003
-3.685008527,-0.001563945534,0.009687348929,-0.004074724919,-0.02068187679,0.003337366659,-0.02430276799,0.005258446086,0.006241154455
-3.8665859,-0.002041544898,0.005158681701,-0.01505134247,-0.01795707996,0.0002304698354,-0.02196868543,0.008258058645,0.007177798194
-3.757558681,-0.00224447069,0.005476882167,0.00138975777,-0.007561396549,-0.0001367551091,-0.01928420365,0.01689491952,0.00899023135
-3.944930504,-0.001952146055,0.006305210803,-0.005161110669,-0.01708970236,0.002428154574,-0.02376897345,0.004590272201,0.007048229596
-3.239872086,-0.002317808367,0.00543840728,-0.01257173665,-0.02051686127,-5.977792568e-05,-0.02280357041,0.00657065087,0.00883492138
1.996727213,-0.00170224177,0.007795830863,0.0003323631413,-0.005428382038,0.0008416744761,-0.01936796936,0.01567948477,0.008219588386
2.80075498,-0.0009447219865,0.004071159422,-0.006987485955,-0.02014721368,0.002078772954,-0.02147199863,0.008451109624,0.008161770073
-2.528197375,-0.002695815352,0.004575296578,-0.006645501177,-0.01912385407,0.001942039637,-0.02791768298,0.004690464826,0.008067177427
-4.128372813,-0.002495803268,0.008303733427,-0.001322038497,-0.006635070675,-0.0004187243741,-0.01922001175,0.01651814192,0.008249551323
-3.647940268,-0.00901238014,-0.003993175624,-0.01461717532,-0.01736991452,-0.001195596338,-0.02143386732,0.005915142517,0.006712681225
-3.873930054,-0.01199139455,-0.006122428005,-0.009074269838,-0.02200478378,0.0007523259067,-0.02743758338,0.008381281751,0.007132106711
-3.790934602,-0.01057800539,-0.0003013850993,-0.003870606546,-0.01089706066,-0.0001010905233,-0.02060525383,0.007446341575,0.007168833362
-3.861792014,-0.01165980191,-0.004891628637,-0.01433116628,-0.01506434716,-0.0002641531432,-0.02306824013,0.01097971181,0.007710171791
-3.789526081,-0.007653993353,-0.003360959509,-0.00553335136,-0.01764299803,0.000818499589,-0.02345566703,0.008907335473,0.008523290493
-3.83903775,-0.007487258936,0.002314784903,-0.002513870206,-0.01295662937,0.0003191902464,-0.02055934312,0.007952238926,0.008328000023
-3.798047518,-0.007677064854,0.001033832549,-0.01305446166,-0.01499682528,0.0009049213513,-0.02145410401,0.01290292736,0.008459326916
-3.849991865,-0.003301948751,0.001756447806,-0.007093406305,-0.01294414937,0.0008704638502,-0.02422125576,0.008450707864,0.007858558969
-3.770991368,-0.001502379298,0.005830586633,-0.0008517325452,-0.01334113072,0.002430224928,-0.02340663335,0.009054359933,0.00866577285
-3.798979533,-0.003070410844,0.006362707619,-0.009834965601,-0.01344484968,0.002276666382,-0.00715771315,0.008599157157,0.006578179764
-3.721952239,-0.001208744595,0.003667039012,-0.002537783678,-0.01530192669,0.00103921161,-0.04558290196,0.01349722888,0.01287065087
-3.865904658,0.00250637362,0.009379160811,-0.00689290212,-0.009389910873,0.005992046605,-0.00653459503,0.009623596509,0.005114525371
-3.692917622,-0.0004206765003,0.007263420699,-0.004998911587,-0.01444317173,0.001349884048,-0.01751091414,0.004728200612,0.00855167554
-4.005728002,-0.001894944176,0.006783410865,-0.007358443699,-0.01606665586,0.001633386443,-0.03511924801,0.01942956314,0.01309191015
-3.493144021,-1.684974285e-05,0.004170435852,-0.003897281036,-0.007267213022,0.005381128302,-0.006813972754,0.004512664559,0.005105537461
-4.329188499,0.0002371884798,0.01093846228,-0.00686116833,-0.01636706772,0.001419698998,-0.02840674635,0.01167325209,0.009242966382
-0.1830702263,-0.001411458417,0.007111894606,-0.00529355484,-0.01007004468,0.002062028518,-0.02186028401,0.01679860664,0.00860682479
2.976962461,0.001352038327,0.004830394667,-0.002813533004,-0.0146784156,0.002949912026,-0.01564433987,0.003258565843,0.008786618147
2.375730623,0.01140128864,0.02122041609,-0.009005795379,-0.01355820083,0.004736543198,-0.02818608023,0.01873431301,0.01096188868
1.841865188,0.008523314836,0.01583604569,0.002056439414,-0.007547166885,0.004693830271,-0.01638357879,0.009752816634,0.008866890199
-4.012079099,0.008470126153,0.01759335121,0.003332320841,-0.0102139732,0.003169488148,-0.0191712834,0.01184637349,0.008945770873
-3.441906448,0.0101132407,0.01491890807,-0.01017380051,-0.01907499973,0.00500341392,-0.02361448658,0.0137526182,0.01070136657
-4.354938986,0.003530030451,0.01269202395,-0.002808515491,-0.00932325944,0.003404801178,-0.01656776127,0.007656554308,0.008217440863
-1.655105443,0.005552367445,0.01824950566,0.000752159493,-0.008114495721,0.002541530032,-0.02154491171,0.01258976705,0.009733093544
2.898580927,0.003923369756,0.008177778464,-0.008793871038,-0.0209613489,0.0001620774225,-0.02185842808,0.01078357949,0.00923809035
2.389177251,0.001039815556,0.01041367505,-0.003358695522,-0.00996960977,0.002831506212,-0.02031143652,0.008357981829,0.008151515225
2.197966697,0.00152226107,0.0106142083,-0.00495850033,-0.01247055692,0.00136176976,-0.02192323001,0.01227970499,0.008626154708
-3.536578181,-0.001035852681,0.005527731076,-0.01010542652,-0.01982605472,0.001541683671,-0.02021970442,0.004436011812,0.005402061966
-3.677286157,-0.001278080382,0.006748642785,-0.001352062255,-0.01212272008,0.002903622286,-0.02561554979,0.01375183707,0.01074040289
-3.881962833,-0.002163417103,0.003354882151,-0.006996630706,-0.01231528161,-0.001915208359,-0.0214898913,0.007945701895,0.008667459734
-3.60919102,-0.00116212663,0.004429400454,-0.006909468803,-0.01932726342,0.001731140339,-0.02145017258,0.009120852669,0.005202781717
-4.20801621,-0.002163936605,0.006960832961,-0.00250491227,-0.01274188839,0.002106375069,-0.02507499577,0.01400246601,0.00850639948
-2.116291518,-0.002078664605,0.005529837875,-0.007841569164,-0.01297307024,-0.000488556774,-0.01822238883,0.006450314375,0.00748765639
2.881238069,-0.002018506784,0.002918532042,-0.007044095359,-0.0175322044,0.0009878088993,-0.02347095061,0.01349353084,0.007903404952
2.30970238,-0.001919175219,0.006469541325,-0.003660360036,-0.01324930417,0.001538691399,-0.02219019615,0.007104158892,0.008734093067
2.638118697,-0.006355358233,0.005038108064,-0.00627438466,-0.01566505667,0.0006816986679,-0.02199261555,0.01099355957,0.007016114893
2.413903591,-0.0133850083,-0.007675024126,-0.009577752271,-0.01886636458,-0.00216779607,-0.02542879521,0.00940901955,0.00738715689
2.576336454,-0.01059767494,-0.003714836997,-0.007187283033,-0.01430136588,-0.001347200202,-0.02225098883,0.008085552018,0.007869995238
2.484271502,-0.01181470474,-0.001768371017,-0.01073964002,-0.0179268384,-0.0002316985515,-0.02508208848,0.009859707988,0.007347380149
2.538576447,-0.01025311463,-0.002904399202,-0.009223693936,-0.01618189712,-0.0007826197665,-0.02302245322,0.007018566817,0.007415498914
2.498346304,-0.006763253187,0.00118847438,-0.005460791315,-0.01288380157,0.0004200625328,-0.0199334953,0.01093088304,0.008593382743
2.561169567,-0.006947079085,-0.002445133093,-0.009060477779,-0.01598453045,6.607386333e-05,-0.02315648451,0.008080356649,0.008108306064
2.580330684,-0.00522684891,0.0006303842311,-0.007435024818,-0.0159424003,0.002231966085,-0.02317040068,0.0114070163,0.009070576282
2.543981507,-0.002481834018,0.004019952256,-0.00425080208,-0.01239640153,0.002815628405,-0.02023741598,0.009681298243,0.007952241645
2.552165904,-0.003030214174,0.005567290581,-0.006770809604,-0.01537154221,0.0007922455076,-0.02131067692,0.008874988715,0.009082500834
2.519800377,-0.001489937826,0.005675259615,-0.008380660034,-0.01396378577,0.001483408648,-0.02036291856,0.01690521426,0.00823327318
2.546061154,0.0001003987275,0.006138770307,-0.001302506641,-0.0122020892,0.002381202414,-0.02495091742,0.001765742603,0.009264881239
2.508795622,0.001007512122,0.009343822736,-0.01328251933,-0.01614884952,0.006261384829,-0.02048248338,0.012519493,0.00813564098
2.484662961,0.0004911293132,0.00410938776,-0.005173765453,-0.009995219158,3.909818767e-05,-0.02150468312,0.01524235732,0.01077774085
2.595828699,0.0005584682055,0.007220163724,0.004189166949,-0.01129830531,0.00206274457,-0.02053595146,0.007695332135,0.01003975975
2.535358156,-0.0006855539229,0.00860443877,-0.0148941919,-0.01782774627,0.006086078794,-0.02201121085,0.01698210827,0.007357855644
2.529657645,0.0002495885473,0.007874165189,-0.003668610545,-0.01240844232,0.001239759813,-0.02180931953,0.003317475726,0.01071590993
2.574389388,0.0003396890091,0.007899451094,-9.989336665e-05,-0.007233349848,0.001808221368,-0.01734439202,0.02027839081,0.009059686285
2.554898274,0.004995152073,0.008951369305,-0.008641578549,-0.02235087449,0.005211927724,-0.02341445592,0.002156662698,0.009011904424
2.516463298,0.01033897217,0.02168362261,0.0007797270596,-0.007973847997,0.004627288273,-0.01956455788,0.01615278309,0.01059573591
2.471596175,0.01008362954,0.01419921918,-0.001709343985,-0.007101662294,0.002889304858,-0.01786342372,0.01212642411,0.01141303279
2.522280128,0.008235346291,0.01576456194,-0.007499082848,-0.01686296735,0.004798601559,-0.0213531551,0.007237855448,0.007519417618
2.529631079,0.007419351542,0.01543463308,0.003632529044,-0.01020685819,0.004512316253,-0.02154400496,0.01754316087,0.009212394126
2.525861949,0.004785913024,0.01219173058,-0.00391135806,-0.01234748113,0.00203062376,-0.01795757328,0.005885111537,0.008478478037
2.457909144,0.006829426879,0.01284687746,-0.008520759881,-0.01436534738,0.002618669161,-0.02300405146,0.01497643815,0.007617394533
2.508360982,0.002982230951,0.0106561342,-0.0004134073736,-0.01230586519,0.002364232535,-0.01992909897,0.007648942778,0.008241783866
2.523383015,0.001573356166,0.008909212108,-0.004847737475,-0.01267541713,0.00119509623,-0.02065145806,0.008799513083,0.008048128206
2.552326926,6.280891291e-05,0.005658456563,-0.009223526392,-0.01692284992,0.001140994953,-0.02408394165,0.01368751952,0.009259451786
2.49731234,-0.0007204164354,0.009054563281,-0.002529780991,-0.01306228806,0.0009402373433,-0.02120223682,0.005706841478,0.006166895929
2.502579164,-0.00337600374,0.006707362565,-0.005812270001,-0.01629651921,0.001177898645,-0.02208292668,0.01219371607,0.007537918584
2.515697488,-0.003567934782,0.003618388096,-0.006754645153,-0.01525445849,0.0002627117099,-0.02235431596,0.00893570252,0.00817058411
2.556776184,-0.001176263603,0.007659205602,-0.004700685868,-0.01282080045,0.001398395589,-0.02006182781,0.01144018521,0.006670893987
2.551426949,-0.002075816264,0.005591276008,-0.006722783831,-0.01559160072,0.001402200403,-0.02356758266,0.006817458787,0.00748067621
2.558194416,-0.003364185696,0.005164923955,-0.006710416333,-0.01770668641,0.001025879,-0.0233549309,0.01157355198,0.00795776658
2.510123808,-0.002937643828,0.005352245201,-0.003291818031,-0.01275986311,7.387728401e-05,-0.02019373746,0.01272455474,0.008372499055
2.497901773,-0.00289685317,0.008727029575,-0.006603754646,-0.01498454514,0.001359387948,-0.02208966171,0.009713795113,0.00803645628
2.459679614,-0.009604709773,-0.0006545224143,-0.008705015643,-0.01798954383,-9.348612605e-05,-0.02494191959,0.008476420339,0.006952452886
2.600839369,-0.01277831432,-0.005821700052,-0.007155006805,-0.01488850318,-0.001673606567,-0.02232725139,0.006209750923,0.007738610541
2.387768249,-0.01041561046,-0.003242117718,-0.008002068517,-0.0147272683,-0.001232245539,-0.02340776053,0.01247588395,0.006992301697
2.649459432,-0.01194656562,-0.005946028871,-0.01103590724,-0.01917285137,-0.0006878633004,-0.02446617368,0.006934599293,0.008239192917
2.264672958,-0.008192389504,-0.0002459238576,-0.004885488814,-0.01164024121,0.0002150354471,-0.0236760042,0.009259168128,0.008579610534
2.918575763,-0.007798109167,0.001032044226,-0.005539323622,-0.01608324517,0.0006233542679,-0.02127729141,0.01252218892,0.00737906415
0.636597483,-0.006899161744,-0.002860193684,-0.02010578492,-0.01835514744,0.001580540971,-0.02039296891,0.006614676598,0.007135041295
-4.236927575,-0.00420612913,0.004101611599,0.005586176913,-0.007150866244,0.001397492801,-0.02529673968,0.0148619766,0.009065808114
-3.534748753,-0.003940964481,0.005349793022,-0.004569410355,-0.01511469187,0.0008686067195,-0.01907336267,0.007083902444,0.006989405377
-3.943227234,-0.001768227974,0.002071744405,-0.0140379294,-0.01910277579,0.003963933432,-0.02545266049,0.00998551061,0.00816598464
-3.634049092,-0.0009192810794,0.007274246662,-0.006150296892,-0.009009368003,0.000423297456,-0.01791453492,0.01198315919,0.01081619504
-3.938592201,0.0006274150144,0.007922062658,0.001631462498,-0.006695554347,0.004278642055,-0.02182175826,0.01198834793,0.009209544013
-3.609092852,-0.001957086023,0.004596176816,-0.01081752772,-0.02538045351,0.005497871626,-0.0291153476,0.003776849491,0.00926603993
-4.144139958,-0.0005138611587,0.009889855078,-0.005375104857,-0.004940767621,-0.005385196232,-0.01544805635,0.01219398794,0.00904277021
-2.443326157,0.0009529718366,0.003569226327,-0.002315787206,-0.01164155169,0.006203657753,-0.01713982036,0.02160151708,0.008873381924
2.851430002,-0.00135845663,0.008418650844,-0.008128998189,-0.02359449514,0.005420079172,-0.03249269719,-0.00297931116,0.007257271418
1.799116557,-5.363632776e-05,0.009400848349,-0.003757077584,-0.007039824285,0.0005532970298,-0.01667284372,0.01114658272,0.01073653764
-3.358700118,-0.000406191867,0.006868723297,-0.007093646975,-0.003606771869,-3.514450739e-05,-0.01757855921,0.0223762139,0.01059900038
-3.927258782,0.01049316255,0.01600434162,-0.006182687147,-0.02565654414,0.008254726435,-0.02325074069,0.005023137084,0.006883374113
-3.783518303,0.009505214927,0.01989719758,0.00608661524,-0.009982714536,0.007156434517,-0.02296741086,0.004533311591,0.01078773717
-3.819386964,0.006396170595,0.01905607482,-0.007221819753,-0.002581615645,4.569735095e-05,-0.01650986614,0.01786719906,0.0100287396
-3.825760774,0.009155286103,0.01125497295,-0.009741321203,-0.01665633095,0.005042489464,-0.01816469042,0.01246261981,0.008701410508
-3.786801004,0.007531920697,0.01481354159,0.004612128538,-0.01765180368,0.0060488731,-0.02437290933,0.007915239057,0.008300688717
-3.798945674,0.004236109565,0.0175021253,-0.0007212956487,-0.007503784563,0.003030574387,-0.02005390126,0.01059459981,0.009949841859
-3.79746078,0.002691702105,0.008784876671,-0.01344276042,-0.01460660839,0.002947040877,-0.02011766437,0.01516659807,0.007011179525
-3.858457187,0.003292554863,0.007880656556,-0.002452979357,-0.01461609127,0.002744882798,-0.02293942839,0.004785380056,0.008550795981
-3.836234926,-0.0005813097609,0.01198405317,0.003123753124,-0.01334655759,0.001836001797,-0.02344992411,0.009090659999,0.00869406479
-3.815568579,-0.001556211695,0.007897937723,-0.01523983422,-0.0166638365,-0.0005703951553,-0.01971618578,0.01101714775,0.006873046616
-3.799559856,-0.001229832042,0.002489797857,-0.004919746087,-0.01167194195,-0.0001844892794,-0.02544116055,0.01262366794,0.008696832623
-3.712653382,-0.002224249467,0.005661741791,-0.001778564489,-0.01616602284,0.003991387521,-0.01857217639,0.007758842048,0.007091455176
-3.838837753,-0.003845863325,0.007826066758,-0.009272603336,-0.01794569888,-0.000900778868,-0.01933639248,0.004371712207,0.008154747315
-3.694124458,-0.004192901348,0.006395056073,-0.004210195375,-0.01317422732,0.000402968389,-0.0368855416,0.02035433993,0.01072561375
-3.928493999,-0.0008485837224,0.003667545107,-0.00681720689,-0.01187878744,0.003200763581,-0.00509397623,0.002309040446,0.003255220179
-3.637768858,-0.002212207677,0.006264155775,-0.006539019264,-0.01971350673,-0.001804789403,-0.02840433963,0.003426360818,0.008604903267
-3.99900119,-0.002962687936,0.007161814009,-0.002958176855,-0.01288604255,0.0008414157886,-0.0272584566,0.02382773571,0.0115335084
1.417805492,-0.005083920734,0.001803241455,-0.01611039735,-0.01760199805,0.001635695918,-0.008546316468,-0.00344643771,0.004029984751
2.657957621,-0.01224298736,-0.003892316151,-0.002980874442,-0.01472780017,-1.954215832e-05,-0.03720250747,0.01807486187,0.008022860339
2.811909781,-0.01281937765,-0.004355320162,-0.002093506213,-0.0168546067,-0.003692779916,-0.01674142756,0.007233613985,0.008832298077
0.5395230871,-0.01121843182,-0.004791731061,-0.02112064777,-0.02002029261,0.0006591007659,-0.02196917579,0.004267910473,0.007695909853
-4.53187903,-0.0105680045,-0.001570016268,-0.004974954635,-0.01136214316,0.001062106459,-0.02743769599,0.01549832235,0.008714457355
-3.185796234,-0.00792036341,-0.0006016542611,-0.002332486199,-0.01337595497,-0.000423138813,-0.01766269326,-0.001326533501,0.007962315738
-4.562101557,-0.009833218772,0.0008420819577,-0.01597167774,-0.02110811154,0.0008093269486,-0.02860717955,0.01770305943,0.01195527321
0.1822725139,-0.007020582532,0.001797277347,-0.003256931412,-0.007583758805,9.044379174e-05,-0.0205252936,0.01095723515,0.007906639609
2.790388965,-0.003653534583,0.002324773231,-0.005079172292,-0.01386695445,0.00337325528,-0.01962124762,0.007744782894,0.008169164692
2.759660401,-0.002470005142,0.006415947796,-0.01006124255,-0.01936702604,0.002287349332,-0.02764143337,0.009524262068,0.00819894554
0.7657239684,-0.002196938503,0.006199486172,-0.003340294854,-0.007748588707,0.0004498144548,-0.01742762175,0.01044894013,0.009177596552
-4.349545604,0.0009264779733,0.002460236676,-0.00542009862,-0.01433604232,0.002587776642,-0.02198283987,0.01126103907,0.009692170719
-3.338955972,0.001629572284,0.007293554826,-0.008570398546,-0.01821134273,0.0009578599705,-0.02531375768,0.01127543626,0.008987117891
-4.111958193,-0.002013411809,0.01035846542,-0.004945303888,-0.008744411301,0.002804864179,-0.01617084499,0.007415883327,0.00911098121
-3.426758229,-0.0005959063761,0.007650726363,-0.006041871906,-0.01090371489,0.003493727474,-0.02621476442,0.01623649088,0.009420187701
-4.348796303,3.108598732e-05,0.001542476244,-0.00793502679,-0.02111004964,0.00161240203,-0.02092961395,0.007797414616,0.00917458518
-0.197622301,0.001182058899,0.01145517263,0.0001122164434,-0.006651002097,0.004732353499,-0.01945516949,0.007954922865,0.008220103893
3.108941744,-0.001269127369,0.009279244773,-0.009316626559,-0.01382141,0.002647763877,-0.02391704194,0.01807391354,0.01085692743
2.261489563,0.00506327936,0.007409539338,-0.005886039439,-0.01597284508,0.003587275911,-0.01855227342,0.002600113744,0.007992385915
2.689067675,0.01307717759,0.020939992,0.002650906484,-0.006207125059,0.006319488862,-0.02115628695,0.01837059921,0.01089881549
2.405796385,0.006435216002,0.01907318686,-0.004424337206,-0.01025987226,0.003207752394,-0.02268807281,0.008192469665,0.01027940957
2.6535272,0.008421716437,0.0148342162,-0.005718793224,-0.016857062,0.00627289565,-0.01978884363,0.01403107809,0.008474344056
2.525429183,0.009810601936,0.01521085592,0.003087479588,-0.009134220145,0.002610385428,-0.02152526632,0.009214880454,0.01173943886
2.559309145,0.005102379345,0.01639604715,-0.005446002914,-0.01197977505,0.002941361904,-0.01787674787,0.01026967412,0.008325282822
2.493575994,0.005260655221,0.009568578618,-0.007334335318,-0.0162139343,0.00463261152,-0.02288401661,0.01239556449,0.01014929468
2.499062403,0.002720360029,0.01108336048,-0.00016816938,-0.01018692561,0.001034222035,-0.02092566174,0.007368668395,0.009077446375
2.546909414,0.001595303407,0.01006194198,-0.005488674652,-0.01499566106,0.001751567968,-0.02160672686,0.01252958207,0.007955694505
2.512227857,-0.001091100055,0.004509549369,-0.008074608149,-0.01602085681,0.0002148379794,-0.02327242026,0.007893213244,0.008374376196
2.502811718,0.0008294501503,0.008246753673,0.001034116534,-0.01192649319,0.0006430331158,-0.02123184056,0.01274479858,0.007457236143
2.51571165,-0.002524849622,0.007806776329,-0.0131876091,-0.01769985579,0.002177641227,-0.02081335871,0.006572536991,0.007579094936
2.5163061,-0.002272639482,0.004936125087,-0.004607229683,-0.01359022716,0.0005940163011,-0.024537858,0.01029300556,0.008624308168
2.562029438,-0.002806301741,0.006601813623,0.005408885745,-0.009975933298,-0.0004273511647,-0.0192513384,0.01422942663,0.008660081612
2.484213454,-0.002375866113,0.004196678353,-0.01461289153,-0.0223622125,0.003618023087,-0.02600778033,-0.001606108327,0.007215207017
2.53569783,-0.001986353694,0.007110054628,-0.00778909903,-0.01418918051,0.002114659497,-0.02209674897,0.01950937347,0.008709616187
2.552492358,-0.00245186779,0.004306406691,0.003331086238,-0.006637550554,-0.001399792394,-0.01790703265,0.003483384844,0.01010876863
2.522298,-0.00286306291,0.006527535906,-0.01320704214,-0.02323993347,0.002685348331,-0.02503494774,0.01375620147,0.007195199113
2.463975077,-0.008091083449,-0.0004335981996,-0.009828240699,-0.01696948436,-0.0003287495294,-0.02265278686,0.007987366816,0.006937673942
2.556317899,-0.01417018791,-0.00287438564,-0.002301954043,-0.008919267617,-0.002541105456,-0.02194873943,0.007686652366,0.007796686898
2.535731168,-0.01063966963,-0.005299955213,-0.01332419315,-0.02203663772,7.334487596e-07,-0.02508905634,0.01109629064,0.007987325128
2.538066612,-0.01118259058,-0.005085983773,-0.007772351382,-0.01778258141,0.0005066160711,-0.02450585761,0.002261747968,0.006854400337
2.485134234,-0.007538166329,0.0003768420982,-0.003241372144,-0.009765438222,-0.00123436131,-0.02127423712,0.01532777411,0.008261746517
2.585546646,-0.007583023688,-0.0007480312222,-0.014094204,-0.01799525161,-0.00099594906,-0.02348251508,0.006025390896,0.007872398653
2.536250494,-0.008805869911,0.001483992813,-0.005225961433,-0.01634938963,0.00228619733,-0.02214767132,0.01290535237,0.008709636352
2.529233127,-0.004355763794,0.004010050029,-0.001720438319,-0.009366165869,0.0003552026179,-0.02079562753,0.009987393674,0.01003406121
2.550989948,-0.004174297342,0.003377908422,-0.01446959065,-0.01672779899,0.000277026694,-0.02262457177,0.01118921863,0.00814655518
2.524702022,-0.001684906246,0.005198184703,-0.004711312297,-0.01356015066,0.002323142216,-0.02358634223,0.008342404545,0.01022926119
2.476176279,-0.002620766157,0.007921854646,-0.001531683911,-0.01242992933,0.0008272781888,-0.01849030976,0.009015314233,0.008093156233
2.567996183,-0.001269582675,0.005977385633,-0.008568998339,-0.01563391444,0.00359413738,-0.02334895408,0.013462291,0.008564335233
2.52722153,0.0002169721764,0.006198789371,-0.006423254601,-0.01382372584,0.002071834999,-0.02117448945,0.01142962004,0.00878462907
2.529747966,0.001219742597,0.009430488457,-0.001481170989,-0.01055173947,0.002863179616,-0.02078061265,0.0110938817,0.009027874103
2.536509715,0.0006916051495,0.006359945523,-0.00926576453,-0.01686006083,0.002590863872,-0.0228793533,0.01177820448,0.009247701667
2.532396197,0.001031794676,0.006268436888,-0.005857437862,-0.0111127766,0.002297143128,-0.01943659036,0.009965561609,0.009690088242
2.520223723,0.001480185876,0.009887770169,-0.00302290685,-0.0105300663,0.002704471038,-0.02073404382,0.0111158298,0.009645444976
2.502362342,0.0006340813776,0.006969514092,-0.009048998761,-0.01544050445,0.002898970468,-0.02437634923,0.008464720685,0.009211291187
2.561935505,0.008581015063,0.01587948685,-0.00299867949,-0.01081628746,0.00503012172,-0.01834427696,0.01209376737,0.01003623469
2.473377531,0.0100143927,0.01925796287,0.0003157179325,-0.007345495067,0.003825438303,-0.01915613078,0.01308722542,0.009798487452
2.554380463,0.007945636745,0.01492286207,-0.00646917468,-0.0137240178,0.006127102218,-0.02228383499,0.01257524266,0.009392339098
2.412968024,0.007740928516,0.01506476452,0.001508183027,-0.01270990432,0.00491467039,-0.0219028837,0.007589696282,0.01013393855
2.697786285,0.005633023081,0.01383793754,-0.006925840769,-0.0126461004,0.002269555774,-0.01731123575,0.01393560757,0.008470109571
2.198114171,0.005394568998,0.01200238025,-0.007003409269,-0.01020975554,0.004115851206,-0.02411889287,0.008547620301,0.009528113853
3.098801165,0.004720536218,0.01347499105,0.007876386606,-0.01342810749,0.001641725034,-0.0217204549,0.01414455068,0.008817019777
-0.8912652261,0.001544315336,0.01177810152,-0.01040599426,-0.01719069994,0.002755901133,-0.02025564631,0.005662562678,0.007301497518
-4.397446001,-0.0006647659135,0.007336273316,-0.01153165477,-0.0134632227,0.003695514413,-0.02479351064,0.0145550437,0.007069483159
-3.491367684,0.0003457124308,0.008019235097,0.003222408789,-0.009799254499,0.0002026621886,-0.01814590128,0.008724466116,0.008535772554
-4.043223144,-0.001974184968,0.006299638223,-0.006867823955,-0.01921593868,0.001544414006,-0.02293828452,0.00834847438,0.007386403052
-3.634908269,-0.004300006073,0.005373769407,-0.01193778103,-0.01856113142,-0.001187084269,-0.023314483,0.01099781402,0.00707544934
-3.968469205,-0.0009652750898,0.006360305994,-0.00251153313,-0.00765423934,0.002398665456,-0.01916109155,0.008905711964,0.008001167294
-3.545699217,-0.001507394929,0.006255422648,-0.005052437347,-0.01680558532,-0.001890721172,-0.02146073331,0.01297701188,0.008870584557
-4.208658632,-0.003277064762,0.006606394622,-0.006748181548,-0.01620562173,0.005107876419,-0.02439407522,0.01437281247,0.009187169966
-1.427057287,-0.004321313581,0.006031565544,-0.004544540911,-0.0163790303,0.004782678285,-0.02926635283,-0.007814944335,0.006998281739
3.44149325,-0.001008964746,0.00821900451,-0.006635927646,-0.005921323142,-0.01365744877,-0.0121950078,0.02075280813,0.008143419836
0.5127639761,-0.001545814499,-0.001181210237,-0.006294745156,-0.0228216765,0.009738249933,-0.0209182249,0.01911365811,0.008533142396
-3.975335282,-0.01407867813,0.002363962949,-0.008548279155,-0.02235578895,0.0009043377171,-0.03280034398,-0.008231628072,0.005216804273
-3.686824305,-0.01111749042,-0.003882771595,-0.01027032613,-0.004156326411,-0.004331165789,-0.0185838231,0.0141257135,0.009396991765
-3.832279877,-0.01417092782,-0.005991315967,-0.01219845051,-0.0152065433,-0.003560821609,-0.01871807709,0.02208002022,0.009017825071
-3.780232841,-0.008412384847,-0.00205627803,-0.006121871404,-0.02812263074,0.005329834869,-0.02442622274,-0.004806742622,0.0061863112
-3.883104885,-0.007544205294,0.001578543835,0.001707108007,-0.01173781719,0.002007823747,-0.02829736284,0.006931167928,0.009034338821
-3.747045385,-0.00796248719,-0.003718937637,-0.01739851878,-0.007512655336,-0.007132644158,-0.01892738799,0.01619885363,0.009669182181
-3.787932943,-0.004665608208,0.003461892473,-0.008992902493,-0.01549651814,0.004541818029,-0.02070919118,0.01042502576,0.01065353859
-3.810910382,-0.004858056919,0.005865542727,0.004104341166,-0.01852209364,0.005841586183,-0.02581263258,0.01038508527,0.006320676892
-3.749084481,-0.002806643242,0.005465665546,-0.009662995316,-0.01325735383,-0.00309635452,-0.02098365882,0.009134139573,0.009428805212
-3.758433247,-0.002205485658,0.004488992224,-0.01383353811,-0.008838403118,0.000791317564,-0.02175408513,0.01626087554,0.009807635323
-3.829648324,0.0009639481573,0.006853857234,-0.002282745566,-0.01338387507,0.00291457672,-0.0222995372,5.656022405e-05,0.009781158495
-3.811139342,-0.001241612775,0.006249490429,0.001216859919,-0.01781910428,0.003384807813,-0.02459805658,0.01231700668,0.008772394907
-3.779200114,-0.0001751512365,0.003063877584,-0.01357142262,-0.01074956363,0.0004653352903,-0.0200966153,0.01332239006,0.00965618358
-3.793486682,-0.0001722632295,0.01225879129,-0.002891756913,-0.007411396285,0.001722203099,-0.02346161754,0.01161383915,0.009828951248
-3.724353154,-0.001882225323,0.005473888832,-0.004446819606,-0.01957138412,0.005897443801,-0.01898006138,0.01229262604,0.007685355324
-3.851597005,-0.0003490561301,0.009088309703,-0.002718458542,-0.01434602576,-0.000521984785,-0.01621213467,0.003495344482,0.009969345049
-3.694727729,-0.0004849930531,0.009812066528,-0.0120242637,-0.00833327136,0.003673521543,-0.03226084565,0.02397559141,0.01183325521
-3.795325882,0.00413622562,0.006497757529,-0.004966009621,-0.01013004658,0.002981930699,-0.01058137271,-0.002866751229,0.006074857564
1.900145865,0.01277501582,0.02175630262,0.01085681537,-0.01522127075,0.001643831939,-0.02419839113,0.01626180989,0.01149219613
2.487179046,0.008314827716,0.01556328858,-0.01463723182,-0.01689832121,0.006757562006,-0.02239790622,0.01751602394,0.01099877774
2.924024235,0.009274036235,0.01545491112,-0.004400306163,-0.007414758995,0.007223094154,-0.01274400098,0.005684497923,0.007275784311
0.1012149014,0.008275726928,0.0170257667,0.005689173075,-0.007015292725,0.002460702163,-0.02739910922,0.01610868722,0.01024835157
-4.594956247,0.003847048544,0.01270882104,-0.0105133173,-0.02239110677,-6.205930929e-05,-0.01824280106,0.005960604397,0.009666992606
-3.176665058,0.00488709354,0.01533489171,-0.004168236018,-0.009388612745,0.003489375517,-0.01915218797,0.01724449474,0.008247674164
-4.565283769,0.004926040017,0.008910246877,0.001776777885,-0.007543293008,0.003040756583,-0.02219935487,0.005631887236,0.008202759248
0.496798884,0.0008965002086,0.006577698942,-0.0115990887,-0.02366983636,0.001231876827,-0.02242567925,0.00492534472,0.00633139717
2.716126736,-0.002561815164,0.01297751891,-0.002351535428,-0.008723615955,0.001807733283,-0.02284378958,0.01584335219,0.01071480812
2.8073946,-0.0009026548287,0.004685705792,-0.003402190146,-0.01386035403,0.0003843016131,-0.01613802951,0.01157068889,0.007146680544
0.4098175389,-0.001403934841,0.001987581776,-0.009373475645,-0.02493075081,0.001128150754,-0.02767616066,0.007434466173,0.007186225051
-4.387774271,-0.002516176128,0.01304693103,-0.004055030665,-0.0116619388,-0.0001937529049,-0.02219795951,0.009177158661,0.008903412678
-3.316042404,-0.003323277003,0.005952750561,-0.005430115365,-0.009544821058,0.0006702430285,-0.01953612508,0.010946269,0.009026483616
-4.157869866,-0.001211984205,-0.001303471096,-0.009031843399,-0.02289762356,0.0009870779877,-0.02407647832,0.007178749967,0.007794572722
-3.42314484,0.0009248453965,0.009356603871,-0.00113602635,-0.01015855224,0.000464173128,-0.02279173058,0.0148556015,0.008080711792
-4.377476545,-0.005836077003,0.007620778447,-0.009157205661,-0.01289057158,-0.000117424317,-0.01585315724,0.0005813241022,0.007665899235
-0.2042204686,-0.002138813008,0.004819321392,-0.007921394453,-0.0153149215,0.003758335853,-0.02831604526,0.01980861871,0.008649305855
3.011274842,-0.00765760207,-0.001486679485,-0.004429916676,-0.02013513777,-0.0008310730538,-0.01960386186,0.004853978467,0.009490799468
2.254154853,-0.01450716841,-0.003289638932,-0.006937725842,-0.01132360905,-0.000711410596,-0.02250904118,0.00461537937,0.005818320303
2.628890195,-0.01098204245,-0.00505325101,-0.01448729747,-0.01768312229,-0.0008549396178,-0.02705295927,0.01977902966,0.008511523601
2.411519595,-0.009038026054,-0.005250931107,-0.004742479128,-0.01597899708,-0.002006123562,-0.01798538427,-0.006368041366,0.007146658094
2.579113416,-0.009361320145,0.00150827453,-0.004350721943,-0.01417769147,0.001112332736,-0.02361530986,0.02379511809,0.008188518532
2.496266249,-0.01016799224,-0.001756969564,-0.01191792135,-0.01849341176,0.001090565754,-0.0235706673,-0.0005373287739,0.008692867297
2.54769595,-0.006721970787,-0.001537043289,-0.006403587193,-0.01169488852,0.001482422287,-0.02094486342,0.01540856694,0.008120600781
2.548210857,-0.001710579698,0.003044485662,-0.003642047166,-0.01273164274,-0.0002710590313,-0.0224562993,0.006337349901,0.01038275477
2.514272281,-0.00445284584,0.006789741621,-0.009653868593,-0.01670866433,0.001119961371,-0.02010198199,0.01122428223,0.007807814278
2.553054258,-0.001922613902,0.0006447660963,-0.003110330307,-0.01033195384,0.003580932116,-0.02484224906,0.01316556645,0.0107105119
2.550038562,0.000623524944,0.007177375876,-0.008708454192,-0.01398524791,0.001119000002,-0.02050498091,0.003845616957,0.007845266126
2.57170841,-0.0006316183458,0.005951551826,-0.01069508389,-0.01570952162,0.004087137737,-0.02341813825,0.0157854937,0.008643084686
2.537313388,-0.00194293649,0.007385743469,0.007032774498,-0.006945545006,0.001216479898,-0.02039755267,0.009141227803,0.009392866723
2.524117603,0.0002527262652,0.006801121905,-0.01182567937,-0.01944937396,0.002950914248,-0.01971055002,0.01372086527,0.008865811668
2.480746201,-4.250669205e-05,0.004318478739,-0.009114870338,-0.01696643637,0.00286977696,-0.02560679892,0.006772345274,0.01133377075
2.494026097,-0.0001781516618,0.0118214078,0.001062554745,-0.005084327219,0.0006295610386,-0.0170987474,0.01189828446,0.009526801644
2.506049359,-0.0009707641161,0.00378077237,-0.008011438576,-0.01709480737,0.002512721181,-0.02331560188,0.01220386896,0.009749011665
2.46648958,-0.001105630939,0.007247516379,-0.008168360316,-0.017875944,0.001226586392,-0.02298800123,0.007604189266,0.008833024586
2.525015102,0.008298119272,0.01779084873,0.002566287872,-0.002589897014,0.004038474027,-0.01811892671,0.01594557718,0.00967693724
2.544241017,0.009990223354,0.01583111586,-0.008083716271,-0.01605232998,0.004794357948,-0.01908047765,0.007849730235,0.009350191405
2.564653958,0.008856626152,0.01660683892,0.002003780832,-0.01235587346,0.006189435567,-0.02230837367,0.01365897094,0.009363927209
2.520866946,0.00911182958,0.01723023597,0.001629706446,-0.009419844456,0.003707887058,-0.01751427895,0.01314995688,0.01001695926
2.581936369,0.006778045768,0.01294017947,-0.009206192974,-0.01555865403,0.0005624392966,-0.0242475322,0.008384120781,0.008714197305
2.525521928,0.00601794279,0.01401386003,-0.001522031579,-0.01406859541,0.003280338912,-0.01840928045,0.01475101103,0.009325526086
2.490676072,0.004376875327,0.01511713024,0.001333367287,-0.009711452063,0.002608471328,-0.01930025863,0.006184258503,0.008931955353
2.480692149,0.001024659764,0.00637928631,-0.01116565266,-0.01872515657,0.001299646835,-0.02327326402,0.0146092378,0.008478051775
2.546217484,0.001063186277,0.007021980192,-0.005518123579,-0.01315228803,0.001632914575,-0.02448160916,0.006923500758,0.008393227181
2.534515433,-9.612875342e-05,0.01188292618,-0.002790741548,-0.01321186165,0.002153132659,-0.02054589418,0.008185877983,0.006971716208
2.517969443,-0.002765370787,0.003372543793,-0.007767192206,-0.01771486855,0.00114058864,-0.0227178161,0.01172975651,0.007458281096
2.469948984,-0.002248593851,0.003046220096,-0.005367637535,-0.01574129579,0.0003307477554,-0.02229568154,0.008229072905,0.008289328802
2.561079185,-0.0003576238564,0.009169483249,-0.004646792847,-0.01121057362,0.0022709747,-0.02214734591,0.01082162961,0.008826629697
2.526972395,-0.003066180537,0.005409310396,-0.006941271198,-0.01694992614,0.001993243729,-0.02188716036,0.008103177939,0.006659362735
2.503366199,-0.00128768726,0.003934847365,-0.004272715234,-0.01444638141,0.0004661709629,-0.01965918961,0.01201851952,0.009131440444
2.516780542,-0.002912065141,0.006808322816,-0.006316350598,-0.01345269016,0.001330437465,-0.02284547174,0.00965621392,0.009142478955
2.486071626,-0.002996518163,0.005915120136,-0.008076823892,-0.01737278501,0.002337241475,-0.02394519513,0.009389375419,0.007143182481
2.530961198,-0.002890882189,0.004194214279,-0.003619964831,-0.01436100285,0.0002811386031,-0.02167712983,0.008475847064,0.007788987397
2.499868411,-0.01239449492,-0.003401597827,-0.008173557786,-0.01586364932,-0.0006148872234,-0.02169073257,0.01098250845,0.008181141064
2.569198878,-0.01337217668,-0.005519675517,-0.01046273947,-0.01935245958,-0.0007320049648,-0.02443973308,0.008796296091,0.007054374894
2.477527474,-0.01033436693,-0.004142783229,-0.006840101362,-0.01585478384,-0.0006311877511,-0.02278833203,0.005970147199,0.007625154468
2.580449547,-0.01078652246,-0.00328370032,-0.005079462988,-0.01466018635,-0.001031563764,-0.02204490941,0.01140427281,0.009220303333
2.413091351,-0.007716350162,0.001201518783,-0.01528379149,-0.01546916438,-0.0002600790224,-0.02151135974,0.008353488062,0.008957019425
2.699691289,-0.00715996958,-0.001752124823,-0.002306326975,-0.01177835204,0.001994830756,-0.02485464919,0.01152189914,0.009143002714
2.245706073,-0.006590459843,0.002397394398,-0.002176938225,-0.01546425446,0.0008141108906,-0.02022314024,0.01021290968,0.008025479408
2.958011109,-0.004287001704,0.004869872784,-0.01589710771,-0.01524974668,0.003501034046,-0.02270304288,0.007708272106,0.009000397673
-0.2825735808,-0.002990170025,0.001823034869,-0.006901690026,-0.01532142919,0.002651060908,-0.02197695,0.01428589565,0.009000107066
-4.374335949,-0.001793718202,0.004750318776,-2.622496166e-05,-0.01157044043,0.002192216003,-0.0216945361,0.006716046366,0.008927904603
-3.468746723,-0.002183430747,0.01065949265,-0.008995484637,-0.01516399535,0.002108624973,-0.02306801545,0.01210059814,0.007901310778
-3.997845147,-0.0005444154007,0.01037271647,-0.01004178191,-0.01171394561,0.0006282437426,-0.02170980849,0.009610640331,0.01029737365
-3.65259527,0.0009593509694,0.004347091349,-0.002570332365,-0.01349299462,0.00295915071,-0.02036313627,0.01313520013,0.008943386117
-3.956624946,0.0005939792919,0.01050859867,-0.002791664332,-0.01362896642,0.004828062926,-0.0245907545,0.00846708849,0.008446311169
-3.578173495,-0.0005521895919,0.005916630989,-0.009132626022,-0.01268430468,0.002286716036,-0.02101371539,0.009307781655,0.00927800517
-4.112080544,0.002010362195,0.002835720276,-0.005947200414,-0.01193881887,0.00336491454,-0.02049548432,0.01353053679,0.01034187229
-2.094524294,0.001821855537,0.008754813305,-0.0006327675545,-0.01397747627,0.0001020591951,-0.02313589168,0.007750014108,0.008911835802
3.151279426,0.0009696466123,0.01235495556,-0.00676476896,-0.0147037356,0.007949224463,-0.01635690517,0.02304447311,0.00949852932
1.198718781,0.01039325533,0.01618218277,-0.002492983344,-0.01629900698,0.008975051508,-0.02933451074,-0.01314079767,0.01178725995
-3.748896202,0.008588249464,0.02023909595,-0.0007888831994,-0.0005896961523,-0.01025864595,-0.01770881775,0.02577817318,0.01050526537
-3.807375231,0.01080905425,0.01125362267,-0.005155041269,-0.01534482159,0.01343668087,-0.005537890198,0.02134908312,0.007537442643
-3.845042435,0.005311441788,0.02045453667,-0.0009516173381,-0.02354975517,0.005997362048,-0.034556691,-0.005051958565,0.008425535321
-3.754858089,0.007331314967,0.01238827947,-0.001814740211,-0.001429078963,0.003350889105,-0.02490679259,0.01123967832,0.01149432891
-3.744547572,0.004585444423,0.01320823448,-0.01046649322,-0.009769475417,-0.001881429114,-0.008347661697,0.0219194816,0.006787804475
-3.831631987,0.0040881157,0.01141584163,0.0002848993912,-0.02297789359,0.006254935377,-0.02516125358,0.009036789821,0.008285803888
-3.800348773,0.00327308622,0.008012394387,0.001189862869,-0.01959062109,0.006238356743,-0.02618119542,-0.0008683159478,0.00755010919
-3.801001945,-0.0005095779777,0.008528204825,-0.01376784061,-0.003063676469,-0.006987073587,-0.02156221015,0.009805086126,0.007438783475
-3.781432291,0.0002128175882,0.006360349502,-0.007166623781,-0.01113901727,0.001554321443,-0.01803013188,0.02086050798,0.009267710151
-3.825771903,-0.003477946062,0.003154674869,-0.005471300177,-0.02953885636,0.00641383438,-0.02298704936,0.001788118176,0.004578370355
-3.811303997,-0.001919468572,0.009178103315,0.000312570429,-0.01091019701,0.001752864161,-0.02610254274,0.007816203797,0.009638512049
-3.790024935,-0.003277332707,0.006610003462,-0.01120654196,-0.009474151838,-0.002191681166,-0.01771634856,0.01841928554,0.008438725108
-3.714728922,-0.0007687793915,0.002314359165,-0.01832753871,-0.01932038826,-0.0003452829071,-0.0204846427,0.0001197290796,0.008362497497
-3.877859463,-0.001393283217,0.007133280262,0.01230038013,-0.01109011191,0.002941062678,-0.02548865555,0.01291434553,0.008719339451
-3.68676924,-0.002569197226,0.00357792069,-0.01112098315,-0.01823261807,-0.000292969344,-0.01834686518,0.006528548754,0.006571779258
-3.874103289,-0.001319142605,0.006596492712,-0.01353871971,-0.01761771682,0.001813103363,-0.02845125675,0.01015524291,0.008478161323
-3.591423461,-0.00569407952,0.004819978146,0.004051291858,-0.008510445801,0.001961908101,-0.0195860661,0.01675022816,0.007932616322
-4.122755077,-0.01355186737,-0.007140965575,-0.01410862084,-0.02340442174,-0.0043009046,-0.01531101915,-0.00061766783,0.005638223175
1.239387567,-0.01323677171,-0.002027592299,-0.01057032219,-0.01608164858,0.0005505549926,-0.03478860798,0.02294356648,0.01009816895
2.73891539,-0.01093131066,-0.00504472638,-0.005765893861,-0.006731493031,0.0007418061833,-0.01306575954,-0.004976177381,0.006146028276
2.776276106,-0.008802889351,-0.002924361953,-0.0112629028,-0.02251704167,-0.0009668919551,-0.02633107447,0.008020697303,0.007218930161
0.846350845,-0.008316830649,0.0005429751073,-0.005669455994,-0.01720151536,-0.001203532198,-0.02742501467,0.02058656943,0.01227181161
-4.492762944,-0.008193714636,0.002774703746,-0.004254967196,-0.00666949832,0.002090653133,-0.01193589423,0.002888314797,0.006544740307
-3.173136508,-0.003043461242,-0.001043713389,-0.01312510482,-0.02019093184,0.002083986726,-0.0309659101,0.01281420059,0.00860050287
-4.599576866,-0.00373375272,0.003823896403,-0.00541948123,-0.0145781246,-0.001133270847,-0.0214491762,0.007109025345,0.008482045252
-0.08932509656,-0.002661696833,0.008115889519,-0.002514713627,-0.01120262366,0.003306035144,-0.01579940952,0.01253777637,0.008243710572
2.807445393,-0.00108166843,0.001588839237,-0.01064078607,-0.01476682981,0.002632631817,-0.02858660469,0.006499645387,0.008633064948
2.646022896,0.0008484051838,0.00710268635,-0.005633182652,-0.01358093946,0.00211519611,-0.02027195135,0.008926875896,0.007700533314
1.160560821,-0.0004565159239,0.01148608219,-0.0042786145,-0.009759371174,0.002533742891,-0.02058813974,0.01327336201,0.01209775582
-4.187802655,-0.002120509613,0.005480315064,-0.007829217741,-0.01594301475,0.002037466572,-0.02020220492,0.01506737762,0.00825817063
-3.433594432,-0.001264338595,0.004754422056,-0.002800051439,-0.011850189,0.003928755601,-0.01924319239,0.009836518214,0.008447245114
-4.09421532,-0.0005570744536,0.01074665476,-0.006571321094,-0.009816205282,0.001555316387,-0.02428486432,0.007581753112,0.0105576009
-3.411745145,-0.001548200464,0.007122801176,-0.008144788303,-0.0157985387,0.002176681022,-0.02223326571,0.01320623766,0.00844980218
-4.385112802,0.0003117852566,0.003124881859,-0.002478489916,-0.0134709612,0.004612487339,-0.0199446714,0.004262678887,0.008995999587
-0.8299838555,0.009359070706,0.01573656914,-0.0005611604741,-0.007940487604,0.003932881644,-0.02248536305,0.02298638366,0.01139895179
3.076878696,0.009519946245,0.01826795287,-0.007686490442,-0.01415396075,0.001749348261,-0.01533003554,-0.001408071223,0.01087508519
2.226762999,0.00907996313,0.01732136634,-0.001315029617,-0.008993035695,0.008321749463,-0.02446923837,0.01929365757,0.009167120096
2.694359561,0.009548847573,0.01522606629,0.001324872039,-0.01611398475,0.003043652037,-0.02073351003,0.01250070429,0.01047637893
2.462482959,0.005025253193,0.01183945581,-0.003216797277,-0.01147031028,0.001512323689,-0.01465586225,-0.001777979975,0.007092116324
2.642229932,0.004516303242,0.01529462934,-0.006160762171,-0.007963219404,0.003760427185,-0.02821575233,0.03004832559,0.01154525789
2.473585612,0.005944056918,0.01029162145,-0.003700614707,-0.0165877007,0.001020818692,-0.0167272435,-0.01240249657,0.007789624981
2.550743699,0.001025113118,0.01395411573,-0.00183527001,-0.0155046405,0.004492958289,-0.02125867936,0.02800852047,0.007297187528
2.514507321,-0.0009185536601,0.005076835796,-0.002560131498,-0.0138093999,-0.00125853448,-0.02340152237,0.001723289277,0.01013643838
2.533312952,-0.001809177551,0.007652436691,-0.01219482754,-0.01440595375,0.002132805609,-0.01980616222,0.01369702719,0.006639346845
2.564217924,0.001665273778,0.00535914108,-0.009886965837,-0.01624417441,0.0012948053,-0.02432623059,0.005381522462,0.009203788698
2.515713572,-0.003584091784,0.009077719545,0.008355108424,-0.008346972977,-0.001227119075,-0.0200809484,0.01131444258,0.006261717689
2.54871655,-0.002084522326,0.003134429344,-0.0114175047,-0.01928023707,0.001840821711,-0.01863682809,0.01400540444,0.007861822656
2.534225053,6.679878303e-05,0.003823821635,-0.01496498588,-0.01670920301,0.002497643956,-0.02736164739,0.001498728368,0.009013179532
2.501548599,-0.002736268771,0.007541300705,0.002380569355,-0.009621321378,0.001418732494,-0.01884101278,0.01907065964,0.007923943482
2.547899089,-0.004627764809,0.005339268472,-0.003620917978,-0.01326769099,0.001016029748,-0.02100301548,-0.001176479567,0.007649576237
2.553830788,-0.002771020245,0.004825859816,-0.01036298229,-0.02173795983,0.0006814714663,-0.02262830825,0.02029992097,0.007967336941
2.536891713,-0.00191971918,0.004969329732,-0.003644368125,-0.009634866536,0.001202782204,-0.02171719543,0.002484883642,0.00830943391
2.54197811,-0.01055221644,0.0001032657892,-0.01080348886,-0.01725601138,-0.001065816785,-0.02341920531,0.01083865444,0.005994783542
2.575873144,-0.01614708303,-0.005292712463,-0.004951253178,-0.01572128142,-0.0009808138224,-0.0260535953,0.008278520781,0.007574463126
2.568040266,-0.009563134714,-0.008720576915,-0.01114163171,-0.0177191828,-0.00129932413,-0.01829619972,0.008242455194,0.007200839578
2.525229803,-0.009601825818,-0.00522146865,-0.008053793488,-0.01256276919,-0.0001965640352,-0.02725025187,0.01398450082,0.009088739024
2.503856331,-0.00883800222,0.002247273443,-0.006286632513,-0.01603523081,0.001723687994,-0.02005690315,0.004650695797,0.007188802954
2.598815161,-0.009751346591,-0.001822315285,-0.008438732343,-0.01558385754,0.001680974537,-0.02286932802,0.01038522104,0.00843845054
2.514454159,-0.006683967938,-0.001322620197,-0.009116388229,-0.01437381831,-0.001464481336,-0.02222286114,0.01235070732,0.009278500039
2.613472429,-0.00314213444,0.003480604641,-0.007680740002,-0.01230017618,0.001137083374,-0.02168400088,0.006623219224,0.007727333621
2.580134679,-0.00263736526,0.006075743774,-0.004824800472,-0.01456301456,0.003193078147,-0.02334294877,0.01025239631,0.008605531378
2.510309465,-0.002582164439,0.004140331007,-0.005287038554,-0.0136677654,0.001548657769,-0.0204137713,0.008329036236,0.007949054341
2.554121916,0.0007731310857,0.004438184862,-0.007393513769,-0.01195078172,0.002580555448,-0.01929267645,0.01316490421,0.008322345597
2.524479352,0.0003328569391,0.008810905419,-0.00453135784,-0.01242561589,0.002441369267,-0.02395035419,0.009844485439,0.00950827425
2.529431426,-0.000900009963,0.006800662972,-0.003239830933,-0.01547876706,0.0035975612,-0.02294083119,0.009577691934,0.008285238145
2.555975158,-0.0002925031235,0.007109835419,-0.007700582945,-0.01386844401,0.002844409179,-0.01888588347,0.01230466456,0.008366971168
2.524478408,-0.0005635824983,0.007030648532,-0.004286696489,-0.01001322236,0.002146584068,-0.02117364523,0.01031214185,0.0105334234
2.521141872,0.001449917366,0.005602616806,-0.004540843786,-0.01565976231,0.003332217762,-0.0242237334,0.009965674114,0.01007669997
2.510416193,-0.001201448719,0.008915708556,-0.006160153278,-0.01380150215,0.002622582341,-0.02138102723,0.006376641823,0.008046477014
2.516585381,0.002149625727,0.008232042676,-0.004598321539,-0.01062171327,0.003152632441,-0.01849158432,0.01462057267,0.009071921087
2.576997409,0.0111401161,0.01469165544,-0.0003278263898,-0.01148728639,0.004954041532,-0.02226611239,0.01191843371,0.01120861508
2.516931571,0.01081334266,0.01880805443,-0.004252201629,-0.01486413238,0.005007245385,-0.02199081645,0.01019584997,0.01024235273
2.560141237,0.008007043462,0.01822405213,0.002359289713,-0.00943164072,0.004502580893,-0.02101864059,0.0109762048,0.009017199356
2.439907816,0.008034713987,0.01428021153,-0.01025521687,-0.01317549397,0.004482005149,-0.01777408653,0.01151169204,0.009275355338
2.625337143,0.006205273543,0.009885182947,-0.002265577073,-0.01255668296,0.003007260702,-0.02477274709,0.01133970945,0.00964695988
2.462748894,0.005332106047,0.01602133377,0.007546178277,-0.01311560686,0.004029735998,-0.02069843939,0.01292687669,0.0102302216
2.590221764,0.002941943089,0.01287953948,-0.01123988451,-0.01339558888,0.003438316834,-0.01948374999,0.007643531073,0.007312714929
2.241475277,0.0005032141845,0.004552050343,-0.009292792224,-0.01645325557,0.00200241306,-0.02111651682,0.01323863946,0.009423384774
3.069399237,-2.647985503e-05,0.00759608039,0.002187316376,-0.0117982854,0.0008136103084,-0.02114242441,0.007652459464,0.009020139626
-0.1814265721,-0.003395786115,0.009434619577,-0.007233022964,-0.0171742106,0.0017172759,-0.02518080106,0.007671966407,0.006774751797
-4.337559971,-0.003616906654,0.00608063218,-0.009962537126,-0.01745675257,-0.002737282398,-0.02271195685,0.01078063544,0.007522415638
-3.504983977,-0.0005014248204,0.003905831038,-0.006386804893,-0.0128706519,0.0008919754592,-0.01955624689,0.01067715277,0.007613573112
-4.029297595,-0.001745344586,0.008226444559,-0.003391704082,-0.01428341981,0.003743229298,-0.02438930675,0.009980418446,0.007548944486
-3.590253713,-0.003702043989,0.006852527422,-0.006357408841,-0.01481575021,0.0007592701208,-0.02177131758,0.007948208531,0.008064466801
-3.936081906,-0.0008687116811,0.002404310758,-0.008704989259,-0.0149589078,0.0008078729483,-0.0192297455,0.01040247595,0.007669882826
-3.538283346,-0.001262343128,0.005697791105,-0.003871769991,-0.01369760908,0.0004035385807,-0.0242226137,0.01048467923,0.008129001346
-4.163141663,-0.00365099874,0.006622252006,-0.003585371981,-0.01655215789,0.003434908156,-0.02117240312,0.008836307738,0.007884578513
-2.201688601,-0.006616503433,-0.000778629679,-0.007895446495,-0.01441571912,-0.002737660108,-0.02273200756,0.009104646197,0.008965068889
3.000784626,-0.01340872105,-0.005184650084,-0.01183349192,-0.0161945413,-0.00133284674,-0.02035931965,0.01189642392,0.007213597636
1.560445446,-0.01006347787,-0.0005695327147,-0.007872072004,-0.01519126438,-0.003950012066,-0.02705792553,0.004226567705,0.006553969584
-3.581933996,-0.01232982466,-0.003605915702,-0.007687487169,-0.0179842452,0.00391951148,-0.01759127526,0.02262066603,0.007741512564
-3.820962668,-0.01095190877,-0.005327699199,-0.006670049759,-0.01786767416,0.001053576368,-0.02783441004,-0.01809230797,0.008049304594
-3.802550266,-0.007882605094,0.005276058142,-0.01103999002,-0.005445303546,-0.01153713141,-0.03312340241,0.02812421382,0.01049287845
-3.831313115,-0.005359161062,-0.007304705122,-0.009145158411,-0.01832078639,0.009834171323,-0.001400433418,0.01809648372,0.005331468478
-3.778531618,-0.006924478467,0.005331926291,-0.0004493931015,-0.02528050989,0.0009958398895,-0.03536897151,-0.009025108661,0.007967119574
-3.781841224,-0.001327438929,0.00383638908,-0.008420510943,-0.003099699281,0.002944199097,-0.02884043477,0.02463295559,0.01274555885
-3.791313613,-0.006744388399,0.002403337338,-0.01406249066,-0.007390783997,-0.00558750959,-0.003303745041,0.005537044158,0.006369209319
-3.801997866,0.0003188272344,0.00674021743,-0.003485580335,-0.02262347824,0.007459859882,-0.03105989974,0.01823021884,0.008465602358
-3.784486438,-3.830007533e-05,0.004760282661,0.005604250832,-0.01835774594,0.004897379857,-0.02517247716,-0.002745354146,0.008924981156
-3.866981156,-0.0005631307818,0.008714615527,-0.01854350331,-0.003926704528,-0.003526675513,-0.01441614014,0.01129582497,0.008236206368
-3.788208843,-0.0003847967648,0.00585954325,-0.006998050547,-0.00828163069,0.002481175582,-0.02554285667,0.02694741728,0.0135170173
-3.775876211,-0.00199377343,0.005653397515,0.002474750893,-0.02351223213,0.005421180874,-0.01636535469,-0.002878129343,0.004438664043
-3.790763515,0.0001985234298,0.009414747685,-0.004246306224,-0.01486456632,0.006409920574,-0.0249029792,0.01807076256,0.009043103883
-3.844725029,-0.002649523991,0.005075508952,-0.009321234423,-0.007302398725,-0.003950862023,-0.02239735424,0.008167604698,0.01266026001
-3.675502616,-0.0001568830987,0.005796705132,-0.01031503666,-0.00880879528,0.002653661858,-0.01469911804,0.007908129412,0.007542448788
-3.920596989,0.00707922544,0.01623421911,0.005884523988,-0.02048603837,0.005695066918,-0.0296342308,0.009843976288,0.01022598928
-3.641485527,0.009462383453,0.02069104036,-0.004308006211,-0.007666850404,0.002531469168,-0.01524462017,0.01219820441,0.009233600838
-4.01218783,0.008037987054,0.01107742577,-0.009284372015,-0.009032939412,0.005309594816,-0.02170490716,0.01725632316,0.01086451537
1.392948675,0.01002532623,0.01814039743,-0.00142807295,-0.01477457432,0.004218199329,-0.02293862509,0.004998719738,0.008145213107
2.62828004,0.006225742123,0.01624565044,-0.000887250747,-0.01354523468,0.003024079137,-0.01393555453,0.01306101128,0.00877506952
2.728065717,0.002983809032,0.01321124376,-0.005931440432,-0.0132688792,0.002774448391,-0.02797200553,0.01315313837,0.01061623905
0.7675957652,0.007724346474,0.01156366242,-0.005916168218,-0.00959224627,0.003357148043,-0.01500145573,0.003965532172,0.006327601627
-4.476676082,0.003644333082,0.009985231318,-0.0009489457558,-0.01782547674,0.0009614671094,-0.02495611152,0.007000227855,0.008757300018
-3.163044056,-0.001682941569,0.01042472181,-0.00666745535,-0.01565358015,-0.0006943742034,-0.02312947638,0.01600495092,0.009470331922
-4.55324296,-0.001233353308,0.009288409415,-0.005518835752,-0.0119002788,0.002819904743,-0.01444050287,0.01127251178,0.006842353793
0.1564590842,0.0007296894009,0.003787381758,-0.005909817514,-0.0158032146,0.0005887713709,-0.02689803237,0.007011216932,0.007549699099
2.814701265,-0.00407948271,0.008853774377,-0.007929634347,-0.01747871398,-0.0002891158873,-0.02336940569,0.01011020375,0.007993695572
2.665140278,-0.003764442503,0.006976115728,-0.003130591678,-0.01346370655,0.001247889878,-0.01844004045,0.008188636815,0.007571208106
1.038932608,-0.0003510238352,0.003382031424,-0.00487358373,-0.01411908095,9.471231188e-05,-0.02458211607,0.01264689509,0.008333073975
-4.261369747,-0.001252651156,0.003050035811,-0.008258044171,-0.01845204684,0.002378463552,-0.02361001614,0.004700603622,0.008054248343
-3.397067257,-0.002484381042,0.008648319363,-0.007052427633,-0.01317292725,0.0008385617866,-0.02230435747,0.01221551613,0.007859548281
-4.116899136,-0.004262644478,0.004697187409,-0.004470260281,-0.01388170614,0.0009691275787,-0.01854128612,0.0119244091,0.008382480552
-3.380499485,-0.0007540809892,0.002253341951,-0.005558932782,-0.01888201615,7.278382331e-05,-0.02211147916,0.00939460815,0.007394616213
-4.327856879,-0.01024936329,-0.001013449222,-0.008074283825,-0.01702416238,-0.0008839456068,-0.02721000635,0.007474532974,0.008892231826
-0.5371948177,-0.01385275219,-0.005196476345,-0.009749231424,-0.01655492953,-0.002257263471,-0.0212664004,0.006694588522,0.005782960649
3.115293694,-0.01006111487,-0.006565896549,-0.007825915646,-0.01752838432,-0.0005187812086,-0.02109143703,0.008671134312,0.006732823682
2.239430616,-0.008511093633,-0.003293957083,-0.006204296304,-0.01640263537,-0.00128963361,-0.02403207369,0.01736702374,0.008355147826
2.693635456,-0.01009368214,0.000803834516,-0.01008971206,-0.01514926721,-0.002148969034,-0.01961201199,-0.005980135361,0.008267694486
2.430461192,-0.007616821751,0.002950634579,-0.0100316248,-0.01339458118,0.00477979524,-0.02634374022,0.02004218483,0.008211214899
2.635926361,-0.006261278681,-0.003705892307,-0.005105031714,-0.02159439795,-0.002606124521,-0.02030646109,0.01284095298,0.009404611641
2.493924208,-0.003775635769,0.002563385232,-0.002358649379,-0.009853750167,0.002097080099,-0.01720209535,-0.0002417959566,0.007761932448
2.550322633,-0.003676376291,0.00688989633,-0.01181525888,-0.01451542947,0.002385868241,-0.02880089739,0.02750854722,0.009499040405
2.491197243,-0.001340498002,0.002762095641,-0.01515642331,-0.01588865833,0.0002552127181,-0.0180998786,-0.01325090892,0.007983753908
2.56877339,-0.001633233955,0.01005166084,0.009113593312,-0.009073592121,0.004344503092,-0.0231021883,0.03313460321,0.00869460184
2.568942213,-0.0009995645282,0.005034604503,-0.005683887348,-0.01985925145,0.0004659371504,-0.02199479498,-0.004366495631,0.01032423059
2.543107712,-0.00122254422,0.004880377613,-0.01613487466,-0.01512615902,0.004212916418,-0.02343176454,0.01714397899,0.007829566749
2.478187945,0.001605115428,0.007357123751,0.001334295513,-0.006638968121,0.0002086868413,-0.02017362603,0.008739220304,0.01129754221
2.526707911,-0.001012827003,0.01202142876,-0.004358324213,-0.01155694994,0.001248577937,-0.01821450126,0.00673119385,0.006860849122
2.5498287,-0.0002946043117,0.002098433744,-0.0129346735,-0.02470481122,0.004762815157,-0.02306868088,0.01806813836,0.01058473679
2.479579163,0.0003636501865,0.00875164063,0.0009521784392,-0.002144000923,-0.0003893901454,-0.02293292142,0.002147221936,0.00890421398
2.545689123,0.003112324113,0.01109377305,-0.008937811905,-0.01532258551,0.003941382113,-0.01948748229,0.01854588202,0.00975452026
2.515542019,0.007863136308,0.01403769147,-0.004419614203,-0.01544474202,0.00506788212,-0.02340863474,0.0009665926333,0.01028535882
2.512466735,0.01037034766,0.01876063388,0.004992361972,-0.006048918222,0.005418431691,-0.01615245009,0.02212974063,0.01145929824
2.51489218,0.008406223829,0.01367536898,-0.005910534519,-0.01170199352,0.004191604889,-0.02226270427,0.00519591597,0.008844327903
2.507442346,0.008481878977,0.01774751791,-0.007897264602,-0.02045180559,0.004143781955,-0.02268037533,0.00947726165,0.009399297565
2.577451551,0.004224619281,0.01427514687,0.004523583028,-0.005333900649,0.005103306052,-0.0196196914,0.01271215358,0.008625108302
2.496833388,0.004539316488,0.009524984738,-0.007853426711,-0.01412242017,0.0007478926998,-0.01806085093,0.01019991184,0.007755986236
2.51030873,0.00473369706,0.01057518416,-0.006271630723,-0.01646948933,0.002014605941,-0.02447595108,0.01556342236,0.00881133773
2.519941703,0.00138484809,0.01259449089,-0.001427503389,-0.01077370613,0.002514910198,-0.02189454037,0.002606613437,0.008179169202
2.515171656,-0.0005730881752,0.009269257563,-0.0081963008,-0.01515855965,0.000563915841,-0.02134292252,0.01267101411,0.007706710635
2.55159449,0.000579254773,0.003059885148,-0.005424519592,-0.01689581152,0.0001517836607,-0.02334229463,0.01160202195,0.008175819857
2.46821247,-0.001389106327,0.006911910205,-0.002287857227,-0.01387963321,0.0003998411408,-0.02243007699,0.007687805077,0.007407497591
2.568421668,-0.003270128587,0.008714469012,-0.008917802398,-0.01522416797,0.001525900443,-0.02341161447,0.01068002182,0.007014863844
2.520007712,-0.002360735824,0.004528723882,-0.009065489944,-0.01619303839,0.0001533579157,-0.01887355447,0.0093641775,0.007038225206
2.520745974,-0.001378605167,0.003745245527,-0.0003486806461,-0.01171802797,0.0006735348703,-0.02162738168,0.01375095255,0.008906772932
2.473439354,-0.003334244353,0.006261263885,-0.009438044758,-0.0179509004,0.001510534821,-0.02379564383,0.007637325435,0.008253183775
2.520285916,-0.003995052809,0.006292576221,-0.008040020078,-0.01261120746,0.002156526006,-0.02344722144,0.008901498486,0.007603507046
2.527066422,-0.001749353527,0.003353074025,-0.002545928204,-0.01375113882,-0.0004399143498,-0.01858815901,0.01154631437,0.008626843729
2.55374675,-0.004679401169,0.001280675359,-0.007101361178,-0.01654940229,0.0001638627058,-0.02350738887,0.007529248077,0.006736927416
2.528349318,-0.01325933943,-0.005618631593,-0.01317380115,-0.01998622983,0.0002307446467,-0.02521791176,0.008697813577,0.008737664483
2.475803884,-0.0122006385,-0.002137253906,-0.004106462223,-0.01061290403,-0.001715758905,-0.02272010252,0.006897105611,0.007491006995
2.590570678,-0.01157688508,-0.004124991766,-0.01144800787,-0.02001623549,2.18956557e-05,-0.02230764499,0.01171153253,0.006774607312
2.548399958,-0.008709247063,-0.004333489705,-0.01224464612,-0.01653800814,-0.0006583628817,-0.0245108421,0.005689999246,0.008089367666
2.488640582,-0.007620171603,3.321064616e-05,5.190315225e-05,-0.01105794083,-0.0001529976151,-0.02075514424,0.01490813889,0.009003748778
2.569778203,-0.008464381788,0.0007717005682,-0.009649425605,-0.01502659617,0.0003356434582,-0.02211742362,0.003966946173,0.007608926681
2.438617882,-0.006181576718,0.001325848148,-0.01498875939,-0.01854576021,0.00310840494,-0.02168989011,0.01100245362,0.009191650343
2.6638034,-0.003183270214,0.000970230553,-3.635455587e-05,-0.0118235235,0.001220401657,-0.02182033111,0.01155537861,0.009951660339
2.216918583,-0.003154611314,0.006414468758,-0.006324353115,-0.01397516265,0.001111431632,-0.02104799564,0.01022294523,0.008562011667
2.98121185,-0.003023294546,0.006828617465,-0.01389140806,-0.01827223703,0.002654055451,-0.02435746722,0.00874055779,0.009275871768
-0.7452625045,3.774341463e-05,0.007193768695,-0.004143898177,-0.008973682831,0.002615506674,-0.01914393036,0.009738691139,0.008746709535
-4.339930825,-0.000348823122,0.005785385335,-0.002692828826,-0.01207329808,0.00289199495,-0.02022558574,0.01398749552,0.009409587971
-3.501724313,-0.0008342729998,0.00720925136,-0.00773524686,-0.01487129577,0.002219718488,-0.02383834037,0.00636379656,0.01038198325
-3.996813853,-0.0006497857658,0.005149043569,-0.008292258129,-0.01362577976,0.001825285607,-0.02037926897,0.01308342681,0.009737375444
-3.613960621,-0.0003044206735,0.006192680983,-0.003204829406,-0.01149277714,0.002665118846,-0.02132688862,0.009617023824,0.008858434512
-3.972721719,0.0007155036,0.009577513769,-0.00404467192,-0.01574157848,0.003564937031,-0.02134016408,0.01429934958,0.007999572178
-3.598379739,-0.001158824824,0.004508061979,-0.008636625568,-0.01429659524,0.001934526897,-0.02167171536,0.005224381162,0.009398546309
-4.231930727,0.00600863189,0.015542964,-0.00452173268,-0.007566799877,0.003503122089,-0.01971743612,0.01566578425,0.01102296191
-1.982086474,0.01179436179,0.01867986348,-0.0002221246192,-0.01122261928,0.005279946574,-0.02011863316,0.01067949869,0.009985919054
3.064025166,0.007907215092,0.01465021669,-0.005830657474,-0.0180343578,0.005470043842,-0.01895477542,0.01016742335,0.008933074156
1.578786383,0.009889449184,0.01651350166,0.0007095522487,-0.007039643341,0.002676838274,-0.02230185529,0.0125686235,0.01081740231
-3.520952623,0.006624222383,0.01553879433,-0.006108271591,-0.0123612234,0.003832065802,-0.01736351753,0.01031390083,0.008170983648
-3.882190677,0.004764632886,0.01236972173,-0.004423169805,-0.01740016306,0.0005737856764,-0.02673633372,0.009736574686,0.007954520299
-3.764919624,0.005076653236,0.01341860476,0.0001001348506,-0.01106304879,0.00803635532,-0.01281834118,0.02199441186,0.008557673633
-3.788341897,0.004002309794,0.009136497989,-0.005190625408,-0.01599280386,0.001344319434,-0.0192618947,-0.01509753346,0.00835667501
-3.737350141,-0.0006202410896,0.01040642015,-0.007355033035,-0.01151407634,-0.009211661424,-0.04354516229,0.02976681005,0.01260638463
-3.789908278,-7.95411529e-05,0.003721314069,-0.005279055794,-0.01607018635,0.01020020447,0.007308647586,0.01481970332,0.002799091118
-3.732969287,-0.002066500435,0.01082164639,-0.0009186618663,-0.01973106151,0.0002849695182,-0.0351388216,-0.01041792757,0.006906355585
-3.779220971,-0.0004017555869,0.004325343068,-0.01575464219,-0.0110992466,-0.001000458338,-0.03269069401,0.02889933988,0.0138591919
-3.861852309,-0.003508050298,0.00187126079,-0.003998909017,-0.007329490551,-0.002892319099,-0.002753463895,-7.213800334e-05,0.005664522007
-3.8498789,-0.001873639231,0.013886893,-0.003000722071,-0.02252591917,0.006443007343,-0.03329150674,0.01537993665,0.007208922532
-3.723495068,-0.002947664047,2.157071749e-05,-0.001927087092,-0.01821342048,0.0009870276495,-0.02585978647,0.0005397598257,0.008358582471
-3.792258092,-0.00123925828,0.008908740047,-0.01733088907,-0.009558352288,-0.003678677478,-0.01446312191,0.01171892514,0.009583310398
-3.737464428,-0.001000344784,0.01306346287,-0.002100586467,-0.007020243487,-1.88634875e-05,-0.03077272,0.01741895944,0.01139517941
-3.811814429,-0.005842305642,0.00773590969,-0.001745096723,-0.02582200168,0.004642865691,-0.013994413,0.004399443084,0.002834419689
-3.692139678,-0.008202759617,-0.0001818240018,-0.009139968729,-0.01770410582,-0.0001227562177,-0.02860823647,0.00764424018,0.009829019021
-3.92309639,-0.01238627379,-0.004304738803,-0.01437813883,-0.01171366968,-0.004315688868,-0.02254731432,0.01280436404,0.0091649404
-3.58603902,-0.009660496527,-0.002242407989,-0.0116828068,-0.01300392046,0.0009307374837,-0.01774638162,0.0002968658168,0.006301972504
-4.047161471,-0.01271741743,-0.002263217066,-0.0009243966164,-0.0233026946,-0.001630189559,-0.0291479225,0.009950593554,0.008055019947
1.311084416,-0.009231859383,0.0007711226328,-0.0108833349,-0.01055365186,-0.001467048597,-0.01799081018,0.01293171455,0.007855161917
2.667572376,-0.006286317436,5.176146633e-05,-0.01160493275,-0.01418105392,0.002562556326,-0.02580243604,0.009094338888,0.009067172648
2.739347457,-0.006539057985,0.004833152493,-0.003788724819,-0.01549675474,0.000245160757,-0.02292426916,0.009375963337,0.007219472163
0.528917434,-0.006383497797,0.003033956025,-0.005296809736,-0.01310260914,0.001059234385,-0.01373258201,0.01211673968,0.009245083771
-4.5328464,-0.002561239704,0.005452804146,-0.009068684868,-0.0127110721,0.002904738293,-0.02848108852,0.0148226133,0.01061850209
-3.241403173,-0.001026964839,0.004346771417,-0.005536880131,-0.01275559555,0.00172744538,-0.02043178155,0.00208387955,0.006917487748
-4.579908393,-8.120225602e-05,0.009186850311,-0.005634083234,-0.01746970013,0.001587881217,-0.0210461133,0.009305171243,0.008032130282
-0.03729026767,-0.001656093049,0.01024475144,-0.005290733644,-0.01131087963,0.001098152705,-0.02269227503,0.01901993506,0.01215427666
2.788822198,-0.002319270438,0.006401999748,-0.006970772787,-0.01389342384,0.003730700767,-0.01623325662,0.007445297531,0.008546373839
2.630014094,0.001829585649,0.00814708507,-0.00409293415,-0.01253953997,0.001720276025,-0.02776590736,0.008855365067,0.01104323522
1.140805696,-0.000441904211,0.009424162927,-0.007620479832,-0.01589440572,0.001454389849,-0.017489923,0.01093720022,0.008420428831
-4.247598312,-0.001168388377,0.0082935921,-0.004678763138,-0.01182908278,0.003668369021,-0.01818517586,0.0120749531,0.008155020869
-3.446494156,0.002873974655,0.00524355098,-0.005570841946,-0.01525988275,0.002896826265,-0.02423069555,0.0106796731,0.0109388531
-4.103886839,0.002776745214,0.009021870935,-0.003090536243,-0.01115541333,0.002401594435,-0.0235610689,0.004993450507,0.007907230316
-3.432207282,0.008921430383,0.01978486147,-0.005855031265,-0.009479184387,0.003556480386,-0.01843708945,0.01600868352,0.01075418456
-4.383199235,0.01007683676,0.01747743722,-0.001419871893,-0.01114745178,0.005614790386,-0.01837619614,0.01188935504,0.009564116039
-0.7341711601,0.01110184729,0.01738530811,-0.001336082716,-0.013954187,0.003506191119,-0.02094087247,0.01124988714,0.01052994944
3.001850575,0.00868504782,0.01767914644,-0.002799544928,-0.01080852414,0.002883696362,-0.024985156,0.00701062219,0.01128676525
2.262613589,0.0040801275,0.01243611821,-0.004483080158,-0.01336335308,0.002677399398,-0.0179103946,0.01434106531,0.007972176444
2.64354964,0.007658972891,0.01119329658,-0.0009581984084,-0.01546141662,0.005436633723,-0.01981244287,0.005180174228,0.009056080731
2.431005496,0.005254307786,0.01465864587,-0.002657612929,-0.0135501123,0.002097866382,-0.02214856965,0.02131401848,0.00917843849
2.617744783,-0.001109219218,0.009289685628,-0.003636854613,-0.01252481858,-0.001308217471,-0.02094834468,-0.004740932707,0.008823062328
2.498325625,0.0006042715561,0.01384208378,-0.01103236138,-0.01544536662,0.005653026873,-0.02375404102,0.0142837365,0.00637427311
2.546467255,0.0001724838422,0.00341477987,-0.004991609045,-0.01917041781,-0.00227825963,-0.0237631163,0.01955374588,0.00893587124
2.593551059,-0.002259010108,0.004406629781,0.005299960298,-0.01116199161,-0.001202694314,-0.01789184557,-0.0054158005,0.006572746538
2.497181792,-0.002881135626,0.01117420779,-0.01533787865,-0.01016581161,0.003542411284,-0.02636123633,0.02652973971,0.00867730073
2.552735835,-0.000311559711,0.0006807874148,-0.01211790765,-0.02311826408,0.0002751763003,-0.02305912776,-0.01189703527,0.007107061619
2.536198971,-0.003495706659,0.01167373799,0.008270099968,-0.009113002732,0.003646208508,-0.0185706112,0.03048720429,0.006811928656
2.526179179,-0.002497341615,0.006375159296,-0.007052553689,-0.01693304903,0.001586450708,-0.02505053618,-0.002038347867,0.009854523673
2.46016168,-0.004866684353,0.006056018469,-0.01774441179,-0.01894880318,-0.001549601804,-0.02364108288,0.01254271362,0.004196316889
2.577015914,0.002658419684,0.001552700862,0.001447867783,-0.009021850577,-0.001018237087,-0.01992655341,0.01322794376,0.01036804425
2.520686982,-0.005179997965,0.01159093455,-0.003925370962,-0.01258774917,0.0007688527304,-0.02098612618,0.003570155631,0.005600110982
2.528071238,-0.01366025817,-0.009451734397,-0.01634194852,-0.02417560005,0.002523098684,-0.02533354057,0.01729476187,0.0071955666
2.59077574,-0.01060058992,-0.008870494364,-0.005828355213,-0.0135580168,-0.003948543584,-0.02302784399,0.000624259427,0.009018798122
2.56129829,-0.008700226966,-0.0001600176003,-0.005802708533,-0.009728147392,-0.0001353307992,-0.02313316234,0.01850270707,0.006621952774
2.513081465,-0.01300371062,-0.002258108031,-0.01281833239,-0.02219388704,-0.0002101284765,-0.02354831832,0.001168480811,0.007674246951
2.508324806,-0.005025933287,-0.0007927371358,-0.007398737695,-0.01308480305,-0.0001353006648,-0.02235187523,0.01379158017,0.009121717176
2.52382157,-0.007072657881,-0.001040958745,-0.004425525087,-0.01003182343,0.00026622658,-0.02331138189,0.01279191654,0.01076926416
2.552588725,-0.00673912432,0.003773103107,-0.01162722183,-0.01930963431,0.001672912572,-0.02299443713,0.0044858849,0.006430734878
2.50890688,-0.003691875151,0.00415937379,-0.004828606805,-0.0162586437,0.002432319526,-0.02267778733,0.01672371792,0.01004630286
2.490594672,-0.001915232672,0.00270781461,-0.002031059558,-0.01001250218,-0.0009745586892,-0.01856536728,0.008331770276,0.008572926874
2.50330147,-0.001034535205,0.006552342458,-0.01194133365,-0.0165258082,0.003176141095,-0.02291131965,0.01380639814,0.009065406215
2.518912593,-0.001081418778,0.01050890748,-0.007251857363,-0.01556812035,0.002831378447,-0.02349587992,0.00429138832,0.008287690947
2.561051953,3.568202308e-05,0.007655530932,-0.0005663223045,-0.01008758572,0.002136307312,-0.02062802221,0.01429794029,0.009693502809
2.522522224,0.001513611218,0.005812941465,-0.006582791271,-0.01321033323,0.001829755239,-0.02183400841,0.009700400064,0.009648337958
2.469666991,0.000388982684,0.006642313902,-0.007774945262,-0.01393567678,0.002258021835,-0.02208945449,0.008376506167,0.008908800295
2.516611369,-0.0008087639356,0.009994526307,-0.00141509556,-0.008313736227,0.00423170136,-0.0213317877,0.01239368988,0.008925298045
2.526883565,-0.001892721044,0.006481259462,-0.008711536045,-0.01319894159,0.001612070956,-0.0196740931,0.008649168289,0.008430354394
2.49427955,-0.001056789449,0.005129490588,-0.006110440995,-0.01468976829,0.002627576102,-0.02307989214,0.0132607938,0.00905687512
2.49208263,0.004987775644,0.01404417591,-0.002391696516,-0.01132892079,0.004303602114,-0.02156052878,0.008863756573,0.01028581439
2.511269292,0.01061910766,0.01788496378,-0.001439515257,-0.01062116587,0.00419107305,-0.02028842164,0.01258585873,0.009280189641
2.582649105,0.007864570454,0.01674263846,-0.004316552995,-0.01678376613,0.005012156943,-0.02060811573,0.01201723078,0.01039899828
2.497730867,0.008680155418,0.01627854022,-0.007222396582,-0.008703587597,0.00551827615,-0.01791958496,0.00970948797,0.01134190767
2.488605986,0.00672708741,0.01620111018,0.007168354721,-0.009421695293,0.003159316176,-0.02545207954,0.01476212202,0.0107107785
2.522810385,0.004000563052,0.01389194084,-0.006622438142,-0.0172104139,0.002786215325,-0.0200984034,0.006145629047,0.006860612533
2.482437498,0.003717867812,0.012117429,-0.009758498648,-0.0148677012,0.004376334202,-0.02155408923,0.01165620783,0.008769356374
2.53611563,0.003151654352,0.01132622162,0.003727884166,-0.00721933032,0.001961642434,-0.02053023428,0.01082710391,0.009595899402
2.461407033,0.0004091647492,0.0081914318,-0.007335820375,-0.0172492916,0.002159782958,-0.02283678279,0.007360375643,0.007400432965
2.690810384,-0.000786950192,0.007944725473,-0.01218549795,-0.01972448125,0.001567114561,-0.02453153735,0.009865042934,0.007930192276
2.19330445,0.0001009309631,0.008598693081,0.00122311644,-0.007375334226,0.0002488202497,-0.01823599207,0.01151215983,0.009215121823
3.013071385,-0.002027239051,0.003485424016,-0.008753153275,-0.0201159958,0.001389569149,-0.02281119822,0.008148088107,0.007729116475
-0.1342291621,-0.002070271372,0.006450789703,-0.008052153944,-0.01678309937,0.001131834958,-0.02697656967,0.009119583269,0.008829929594
-4.325475249,-0.001280004401,0.007416867922,-0.0009905101702,-0.009327858729,0.0005249659499,-0.01604628166,0.01171640227,0.008084319524
-3.497021123,-0.002225851441,0.005244871535,-0.01108635641,-0.015120183,0.001076442135,-0.02238990653,0.00795505789,0.006815644597
-3.99841915,-0.00231075164,0.004962598219,-0.005521078951,-0.01936067654,0.001488710457,-0.02626051834,0.01173124542,0.007353393162
-3.592124187,-0.004870596751,0.007641739653,-0.0001770317715,-0.009821547463,0.001484621239,-0.02079126813,0.007098866867,0.007565303364
-4.027242687,-0.002336540236,0.006385622879,-0.009045878412,-0.01648505082,0.000319142275,-0.02216957974,0.0107012171,0.007761100433
-3.576203162,-0.008216972305,-0.002154173677,-0.007992846211,-0.01989132515,-0.0005279428989,-0.02385183827,0.008666654823,0.006762635484
-4.142808841,-0.0134670576,-0.003860320545,-0.005681741483,-0.01495658381,-0.002023094222,-0.02118805528,0.008189408708,0.00702230866
-2.143099042,-0.01202429792,-0.002307184153,-0.01112071381,-0.01454866669,-0.0009304053809,-0.02459415908,0.01188801546,0.00751683651
3.140177439,-0.01200630191,-0.005682201237,-0.009869476633,-0.01773916292,-0.0004913726897,-0.02364927448,0.008554243636,0.007423506533
1.170899089,-0.00903418089,0.0008756216201,-0.003410113941,-0.01410750107,-0.0001285746098,-0.02244953445,0.009550775256,0.009192537352
-3.73983393,-0.009142141044,-0.0005194075093,-0.007642050145,-0.01493581345,-1.930438447e-05,-0.02318137409,0.01063216276,0.007752687996
-3.75156361,-0.006446803188,-0.00312814305,-0.009528487969,-0.01506263567,0.0007468130641,-0.02264367559,0.01029247573,0.008237267426
-3.783356362,-0.003666657536,0.003795000005,-0.005583955851,-0.01181742547,0.002458651368,-0.01884785841,0.008394891863,0.009508855386
-3.748319906,-0.003841640179,0.007538889152,-0.006899646423,-0.01450550605,-0.0021147436,-0.03118690024,0.01235056374,0.009523296344
-3.843113853,-0.003096979803,0.002656078131,-0.009777953421,-0.01585434109,0.008333653429,-0.007344959727,0.01254283536,0.006663048202
-3.787194315,-0.0009249888812,0.006480095457,-0.002142022666,-0.01462404609,-0.002844955183,-0.03161737523,-0.009969682691,0.009937975912
-3.724106507,-0.0003764697741,0.01058018076,-0.007317782914,-0.008047710361,-0.00227165458,-0.03368454714,0.03923840262,0.0119792951
-3.74519988,6.567459822e-05,0.001684271277,-0.009957613682,-0.01762064549,0.01173921551,0.008515965331,-0.004085191113,0.002769210527
-3.818472823,-0.001953140479,0.01379549459,0.004767886932,-0.0140052685,-0.0005525936766,-0.0471283435,0.003553132174,0.01195035245
-3.794316148,0.0005061766646,0.003434333452,-0.01443570807,-0.009738632463,-0.0003168836861,-0.01385504352,0.02576124784,0.01339479984
-3.757897239,-0.001811197802,0.007754925148,-0.008404484206,-0.01159318585,0.001930088552,-0.01220693714,-0.003249361555,0.004517844701
-3.785267763,0.001557163605,0.01544757691,0.006597041862,-0.015617696,0.006563704999,-0.03300248149,0.02512385199,0.01025815618
-3.786341451,9.365953909e-05,0.001045002271,-0.009529512548,-0.01847210366,0.0001722902662,-0.01454528775,-0.006296057952,0.009011444761
-3.782415935,0.01051001766,0.01850872411,-0.01320401645,-0.005198769577,0.002459264574,-0.02188202864,0.02032145296,0.01245862974
-3.713871078,0.0106316615,0.02237375386,0.007901506668,-0.003961184681,0.007221230998,-0.0212504322,0.01794119003,0.01049517754
-3.865350035,0.00582371899,0.01370068831,-0.005732593649,-0.02651109813,0.004986200408,-0.01596009286,0.0003574347854,0.004933488713
-3.644849144,0.009557372862,0.01956216561,-0.001342953413,-0.009469556452,0.002891292035,-0.02821522487,0.01992187201,0.01441275966
-4.016685235,0.005112736827,0.0127054183,-0.005132288,-0.005165677166,0.0007602625877,-0.01207663142,0.009736063308,0.009433636423
1.491198938,0.004678975234,0.01157471451,-0.007008888406,-0.01885202278,0.006832345567,-0.02337120625,0.006734031955,0.008297958252
2.591630354,0.004797363647,0.01536688499,0.002262931,-0.01784503134,0.001950358112,-0.02486581101,0.01217275615,0.01001349373
2.803644169,0.001063688239,0.0106922335,-0.005005080237,-0.003859605188,0.0002011923826,-0.01625917873,0.008828445301,0.007905668377
0.439773019,0.001163560502,0.003637020011,-0.01045706531,-0.02234294204,0.003575297811,-0.02845699333,0.01354750509,0.008141879623
-4.504058673,0.00100050289,0.009605141888,-4.842471277e-05,-0.01668639147,0.001707657574,-0.0209558786,0.005916440872,0.004792822856
-3.154192446,-0.004537401667,0.01098846574,-0.004706434103,-0.01047635458,0.00281024083,-0.01821473632,0.01263270508,0.007847257142
-4.49987038,-0.004157593756,0.003180848095,-0.01077963706,-0.01779972608,-0.001439899287,-0.02790120158,0.009979329551,0.008771833669
-0.04450773437,0.0003459861815,0.003738575814,-0.003333209689,-0.01615770151,0.001324951301,-0.0198834646,0.004022596918,0.006761191735
2.7653371,-0.001475018995,0.01034856584,-0.00380363545,-0.01384811958,0.002003423261,-0.02335679781,0.01023297337,0.007983665564
2.717391781,-0.005248385792,0.005331986568,-0.007983587532,-0.01500534431,-0.0006663426086,-0.02156338496,0.01585069672,0.008318201887
0.7767349605,-0.001226019719,0.003500190266,-0.005686671989,-0.01574387632,0.000574836073,-0.02018360083,0.00640175858,0.008947174364
-4.350862817,-3.518046719e-05,0.007571803798,-0.005835817955,-0.01245978709,0.0004866759889,-0.02682479589,0.009347034615,0.009232175138
-3.369612739,-0.006487945617,0.008925257455,-0.008955974783,-0.01776002054,0.0002105091583,-0.02035822037,0.012100184,0.005858470621
-4.142552027,-0.01278576519,-0.006433491883,-0.008199145481,-0.01516042005,-0.001315225875,-0.02225121928,0.008452095564,0.008312561138
-3.425385746,-0.01030095206,-0.004070460117,-0.00809677549,-0.01596979094,-0.0008416172517,-0.02466507466,0.01008526012,0.009706541915
-4.393328096,-0.01186858317,-0.002710572344,-0.01086465205,-0.01740764668,-0.0004027808222,-0.0258574156,0.005868831221,0.006453163981
-0.4768464302,-0.01218909297,-0.002612240553,-0.009370287655,-0.01552534749,-0.0003048479803,-0.01953164382,0.01276613935,0.008563927796
3.094617554,-0.007674431059,-0.001332811819,-0.002629980834,-0.01252700502,0.00176125377,-0.02122018597,0.008882534503,0.0083157913
2.276217499,-0.007137398819,-0.0008358792804,-0.01006500106,-0.0192520947,-3.863413413e-05,-0.02457905679,0.009906565182,0.008778352879
2.654935114,-0.005904541973,0.002356853309,-0.006363069442,-0.01444621065,0.0006817573756,-0.02631043873,0.008036792385,0.009387956445
2.435076141,-0.005151965493,0.005390201882,-0.004322341993,-0.01235067374,0.002446298687,-0.01833782543,0.01326014489,0.007445053867
2.62270538,-0.002287493399,0.004557405754,-0.01142121954,-0.01716450889,0.001496762766,-0.02167975746,0.004658845718,0.008254951263
2.478803302,-0.000820514283,0.005623391231,-0.005240198584,-0.01055696584,0.00122797817,-0.02307023071,0.02182538542,0.01118287581
2.536898199,-0.0008659243336,0.006193539842,-0.001571669232,-0.009966883302,5.362416242e-05,-0.0194620729,-0.003255544992,0.008754765129
2.460269985,0.0002946486755,0.01051494804,-0.0116237084,-0.01469237385,0.007911501103,-0.02422402543,0.01129423848,0.007204250779
2.516375944,-0.0004089575386,0.0009576543727,-0.004220910747,-0.01614394541,-3.023370469e-05,-0.02399101523,0.02454052099,0.01068397543
2.548148201,0.001631677405,0.002693716173,0.001249653346,-0.009350978101,0.001286045381,-0.01764953788,-0.01078978491,0.008381047758
2.487843269,-0.0017454843,0.0140697255,-0.0126275907,-0.01151756487,0.006055697693,-0.02461456307,0.03332220937,0.009282238851
2.535648633,0.001833103201,0.005481186121,-0.007310788005,-0.01808475093,-0.001230094732,-0.02016846771,-0.01091916801,0.008677558805
2.488067632,-0.0008854171714,0.01052127515,0.001924199799,-0.008930577769,0.004228427464,-0.01730329944,0.0299545901,0.009111309191
2.534851536,0.005270422324,0.009397345938,-0.007797175547,-0.01500615765,0.002885975973,-0.02401274329,0.001614650497,0.01218511413
2.547830315,0.01042213597,0.01850263788,-0.004869385948,-0.009082111922,0.005316006536,-0.0199974836,0.008498230561,0.007892201021
2.520293152,0.01058584364,0.0136812411,0.001974812804,-0.00890060974,0.00268188436,-0.0187113862,0.01831795046,0.01196807507
2.535123724,0.008635535099,0.02015201845,-0.004792027186,-0.01443260189,0.004536859192,-0.01934032323,0.001884919592,0.006966571529
2.523164367,0.006783687445,0.01399746299,-0.00451017923,-0.01546194211,0.007839849992,-0.0210936277,0.02337155982,0.008792105536
2.574498359,0.00385189653,0.01209910871,-0.0006340266188,-0.008510671975,-0.001199231417,-0.02087448202,-0.001099134949,0.01014806545
2.518237928,0.006717629943,0.01661751501,-0.006821916253,-0.01439303541,0.002972205824,-0.02155490887,0.02134689014,0.007633396479
2.491974659,0.002851511968,0.009038570608,-0.002529931846,-0.01513004717,0.002037324953,-0.02131771877,0.003759577518,0.008442949921
2.548796359,0.001407257011,0.009108110129,-0.004252584378,-0.01251821476,0.001377530147,-0.01943293653,0.009436038055,0.006856851223
2.52686685,-0.001150591692,0.006338421198,-0.006461603356,-0.01551939685,0.001722222638,-0.02416603203,0.009605820707,0.009644468707
2.493515573,-0.002472075704,0.009532408445,-0.007213513438,-0.01597557879,-2.29827645e-05,-0.02166459416,0.006149291714,0.006662801403
2.531735305,-0.003772186296,0.005220870756,-0.002897788208,-0.01434725507,0.001602745867,-0.02325586828,0.01538900953,0.006979291784
2.528393829,-0.002212473336,0.003787511069,-0.006297047201,-0.01707279439,-0.0003433999313,-0.02116201689,0.00765627654,0.00693057706
2.53386772,-0.001191166547,0.007914238401,-0.006026465022,-0.01540585294,0.000279264959,-0.02287607959,0.01052017006,0.008787437604
2.51381521,-0.003431036225,0.008683424306,-0.003955841424,-0.01272824739,0.001510783478,-0.02294630127,0.006023350021,0.007638189568
2.536941438,-0.002365215512,0.005081421753,-0.006655753848,-0.01719430545,0.0001838854395,-0.02175499389,0.01022017782,0.007594338538
2.524517941,-0.00227753808,0.003748290269,-0.004742671134,-0.0168624162,0.001698322672,-0.02275920689,0.01123287718,0.008892960993
2.504973817,-0.002156878473,0.00865164974,-0.007227144807,-0.01378834181,0.00105277209,-0.0215543564,0.008451810865,0.007271781486
2.499023682,-0.007959140939,0.0006208341767,-0.007629016452,-0.01504184182,0.0007413987836,-0.02343215578,0.01038486678,0.007210704508
2.478359117,-0.01395182519,-0.006642242976,-0.008150218095,-0.02212365802,-0.00183759726,-0.02323910955,0.008658462754,0.006641178711
2.478841531,-0.009901631514,-0.0009309505055,-0.01326126699,-0.01547408883,-0.0004433394813,-0.02354946369,0.007465136905,0.00793092178
2.474955487,-0.01072250911,-0.004711542499,-0.003968962859,-0.01442654854,-0.0006068361897,-0.02614678485,0.009643711778,0.007485136984
2.520693191,-0.007303601003,0.000324231419,-0.004182591381,-0.01702647633,-0.00180401933,-0.02109220761,0.008378678505,0.007852006228
2.492025492,-0.00833962641,0.0002750874211,-0.01484439314,-0.01727020989,0.002893199337,-0.02157835397,0.01089433532,0.007814322059
2.508442249,-0.008061502054,-0.0015567394,-0.005764789735,-0.01099668535,0.001320699437,-0.02228992566,0.0109860631,0.00839533887
2.497267662,-0.004687652969,0.001659767786,-0.002621544379,-0.0138823154,0.0001959243263,-0.02148042929,0.009661038725,0.008114858007
2.594781572,-0.003362838158,0.003563737911,-0.01243174351,-0.01939309377,0.001694628719,-0.02422795521,0.008547955875,0.008079304579
2.448547936,-0.001790076316,0.006424647184,-0.002193141244,-0.009644597322,0.00150747164,-0.02132213895,0.0109181702,0.008720195066
2.668816053,-0.0009638153817,0.005433280461,-0.003700187841,-0.01304681012,0.001805985381,-0.02013984897,0.008970095578,0.00975594833
2.258749829,0.001100974675,0.007216284068,-0.01136162076,-0.01780722043,0.00179347472,-0.02511270774,0.00965665955,0.008791484421
3.065545905,-0.001207771625,0.009209543185,-0.001960516266,-0.009757618439,0.001955697798,-0.01998980614,0.01411482885,0.008912497583
-0.6452826068,-0.0003651143548,0.006139239997,-0.004146325631,-0.01258554627,0.002350191159,-0.0190521757,0.008606493594,0.008382803405
-4.337304924,0.001037153876,0.005834648143,-0.008802978744,-0.0198207257,0.002732682004,-0.02522574127,0.01181524261,0.00942782714
-3.460393757,8.396630375e-05,0.008598208705,-0.0001811929201,-0.009773016162,0.003218725421,-0.0216012188,0.009352132212,0.008212631536
-4.046853486,-0.0001535512353,0.007531403529,-0.005099288311,-0.01236699913,0.00210198524,-0.01857750572,0.01255947108,0.007624857593
-3.628435452,0.0002289043391,0.006531578293,-0.01083098155,-0.01799575714,0.001974329763,-0.02321256514,0.009343168754,0.009633270129
-4.028659478,0.008730577398,0.01752351625,0.003821562073,-0.00918821786,0.005501247438,-0.02208735641,0.01280754034,0.01083871998
-3.576903022,0.008743866035,0.01972801673,-0.001339614709,-0.01039050628,0.004497181718,-0.01839158976,0.01247956077,0.009005691519
-4.243303388,0.008124831033,0.01360817317,-0.008459618292,-0.01449132062,0.005674659979,-0.02359926201,0.01078582043,0.01015919794
-1.463281733,0.009117628854,0.01848773404,0.001353138692,-0.009523791827,0.004983146863,-0.01868255462,0.0137756299,0.01066442679
3.305634479,0.00536005532,0.01356937085,-0.0009794669964,-0.01208826718,0.004765663385,-0.01861761401,0.008853136255,0.008423099204
0.9513113123,0.005539401688,0.01243283151,-0.008471684232,-0.01719190721,0.004182609329,-0.02363118804,0.01283153782,0.008142760005
-3.857500466,0.00590383498,0.0132231927,-0.0008537543576,-0.01035347862,0.002166131169,-0.01880520728,0.009159925308,0.008613125557
-3.755787123,0.0003913174445,0.01059332935,-0.0005991768287,-0.0144594753,0.001545290164,-0.02289594342,0.01384888156,0.009168124179
-3.835174887,-0.0001870876023,0.007156075625,-0.008938031905,-0.01931908934,0.001785397199,-0.02405956053,0.008970371398,0.007733684369
-3.831745409,0.000118418466,0.007775557279,-0.003056587989,-0.01147380472,0.00267596086,-0.02160123263,0.008654988156,0.008644163518
-3.746430129,-0.001418390526,0.006098306475,-0.005331066387,-0.01329855645,0.0006072170622,-0.01769950888,0.009786694804,0.006973170007
-3.743524306,-0.003145258266,0.005221551769,-0.00737175844,-0.02097341737,0.0007768443792,-0.03151367905,0.009278425263,0.007794982147
-3.816363993,-0.002159901688,0.007713759443,-0.00227673079,-0.01193445494,0.006121979936,-0.005504046035,0.0117605826,0.006125088549
-3.785687687,-0.003309929105,0.006968067583,-0.008043368178,-0.01600987155,-0.004084842014,-0.03253956728,-0.002600914953,0.008614469404
-3.790937647,-0.002437809847,0.006716789763,-0.009074976968,-0.01132489394,0.0007131728788,-0.0347235654,0.03015352609,0.008293328373
-3.86064731,-0.002073446373,0.002670464228,0.002381782135,-0.01222797228,0.00522962849,0.004876482717,-0.002958952548,0.003828324179
-3.709994013,-0.002504389815,0.008197453255,-0.008854339802,-0.02386280852,-0.001782788855,-0.04499768339,0.007214702936,0.01132815012
-3.745960864,-0.002701517708,0.001266896731,-0.01058359893,-0.009761979037,0.0038483518,-0.01653174853,0.02422023274,0.009267554149
-3.776696982,-0.01243240225,-0.001998829205,-0.002882780669,-0.01291882081,-0.002781827835,-0.01342983318,-0.008210395901,0.002436565698
-3.778016883,-0.01225645593,-0.001059455242,-0.01140802439,-0.02301726443,0.0007003651607,-0.03703932247,0.02373445577,0.008371047806
-3.762241619,-0.01163365107,-0.008692606605,-0.008933899563,-0.01702719382,-0.003005253129,-0.01648504869,0.0003764059292,0.008548496961
-3.780657165,-0.009614014079,0.000849542679,-0.007743279008,-0.006254941163,-0.0003837097398,-0.02375826474,0.008339243087,0.006975381
-3.838166193,-0.0078938093,-0.0004347033395,-0.00909820946,-0.02098002271,0.002194659491,-0.02817946197,0.01899922153,0.00928041544
-3.553968694,-0.01000420146,-0.002822810625,-0.007950843754,-0.01798830821,0.002178796453,-0.01682822489,-0.002922295938,0.004113947098
2.185163991,-0.00540295129,0.005327112861,0.0002170105155,-0.004371645255,0.001253230119,-0.0264185311,0.02093419948,0.0113440295
2.389047526,-0.003647577482,-0.001467821581,-0.01569519532,-0.02241807087,-0.002205993075,-0.01940533452,0.004543339881,0.006613764118
2.961688286,-0.003499051929,0.006317236991,-0.004924571938,-0.01348477615,0.005854999818,-0.02304971443,0.00873881213,0.007426772459
-0.7698428743,-0.001705849566,0.008341352055,0.002104691358,-0.008430537219,0.002332771104,-0.02145164672,0.01389701618,0.009496913518
-4.448433425,-0.003183635043,0.00420735421,-0.01575835424,-0.01776259833,0.0004446762767,-0.0208685092,0.005320967427,0.008283589931
-3.352993124,0.001088523772,0.005337799451,-0.003241550475,-0.01569184801,0.00396230661,-0.02616711773,0.01653936719,0.01084301296
-4.325514728,-0.0005119619252,0.01159860392,0.0005186408854,-0.005624668429,0.001217902231,-0.01546681203,0.005006118622,0.007381994268
1.391593142,-0.002020727263,0.003795536716,-0.01003207659,-0.01990571386,0.004385811427,-0.02076553342,0.01540154429,0.008718409604
2.536832263,0.0008958555134,0.005636570853,-0.00492736826,-0.0124239834,0.0003359941076,-0.02538606052,0.009188642045,0.01224240407
2.955413972,0.0004028337906,0.01239830518,-0.002010898354,-0.006698241095,0.002213822275,-0.01713423045,0.009942305339,0.008305917564
-0.2584592332,-0.0001846726469,0.005588213634,-0.007225266058,-0.02029653545,0.003317210998,-0.02584686448,0.01293407564,0.008098828336
-4.427678024,0.003578766885,0.009018067472,-0.003341033638,-0.01344812913,0.002222450149,-0.01957354081,0.008774087133,0.009627830756
-3.333425744,0.01227499044,0.02123401766,0.002858843264,-0.005553551527,0.005634707617,-0.01814294071,0.01437244611,0.01258880129
-4.105593948,0.008709074686,0.01467845394,-0.008139832074,-0.01578958631,0.004362444688,-0.02550761824,0.009322910232,0.00915526116
-3.455555088,0.008485879762,0.01978754186,-0.0008978855172,-0.01467682529,0.00555008982,-0.01747251138,0.01321832923,0.008851188107
-4.22685788,0.008154901405,0.01671835574,0.00271527003,-0.008263768638,0.002625519844,-0.01808908833,0.01018536513,0.009536084295
0.8411854097,0.003852597357,0.0124293197,-0.01019926567,-0.01650498897,0.002309150456,-0.02362771435,0.01208665228,0.009454079981
2.935587659,0.005786156642,0.01165648922,-0.001683418677,-0.01365802679,0.003544407704,-0.02275202834,0.008091676964,0.00974024281
2.340208828,0.003867966878,0.01405210265,-0.004215915904,-0.01334157622,0.002081922755,-0.01756371007,0.01116105402,0.008040129608
2.63439782,0.000542771271,0.009212219278,-0.008122998774,-0.01423861513,0.002700375189,-0.02353115018,0.01188179509,0.007616391993
2.468804711,-0.0001511503102,0.006208601788,0.0002785024077,-0.01417497298,-0.0006184884466,-0.0223759942,0.01042542824,0.007745743238
2.571992791,-0.0002106168053,0.009003270855,-0.00590055836,-0.01582761075,0.001112982363,-0.02333228881,0.007948123754,0.008121966548
2.52209391,-0.004078233129,0.004966768566,-0.01082626845,-0.01821175916,0.002602147387,-0.02228262354,0.01412291503,0.007063512521
2.536912303,-0.001734953539,0.003819439187,0.0005452860522,-0.01135276906,0.001311693724,-0.02034486211,0.005175514021,0.008316382225
2.566184903,-0.000783080356,0.007121558894,-0.005486132683,-0.0177358872,-0.0005140152372,-0.0229024739,0.02171346207,0.008964525762
2.589876998,-0.004113976597,0.005085851001,-0.01028843734,-0.01981717324,-0.00159964837,-0.02469435284,-0.008406509514,0.008278442956
2.556668154,-0.002337004255,0.01145750307,-0.002430869194,-0.007473174192,0.005451509635,-0.02055914746,0.01989590554,0.005281085826
2.535166477,-0.002325183884,1.291502734e-07,-0.00665332482,-0.01936494207,-0.00269518634,-0.02013173784,0.01442063187,0.009607942054
2.521022678,-0.000850540818,0.003291933014,-0.005774290159,-0.01719385953,0.0009647777405,-0.02301037012,-0.006039111143,0.008807441739
2.532338384,-0.008919548969,0.007553729131,-0.008093143667,-0.006006073622,0.004013228451,-0.02129349712,0.03306529429,0.006133570736
2.568889337,-0.01336508118,-0.01048067769,-0.01173755156,-0.02094548384,-0.005467182743,-0.02273437795,-0.01582615206,0.004778961601
2.515738231,-0.01156761343,-0.0002867245721,-0.004755390761,-0.01949412973,0.001938698182,-0.02312212592,0.03197121951,0.00627656867
2.549651294,-0.009790651302,-0.004912226164,-0.005907949031,-0.01330096912,-0.0001549934908,-0.02241500888,-0.007357274891,0.008740403692
2.538233235,-0.01120162475,0.0006932950726,-0.01358818213,-0.01477571336,-0.0004027127083,-0.02326567329,0.01471943772,0.00601668347
2.557348436,-0.004836043781,-0.006386299446,-0.004671591185,-0.01563179211,-0.0007145349949,-0.02301180448,0.01103140094,0.01013393728
2.581919515,-0.008734984814,0.005813793904,-0.007377474214,-0.01254573747,0.001203590471,-0.02004915906,0.003700742236,0.006907111273
2.518409986,-0.006143009698,0.0003845815556,-0.008028591034,-0.01715918521,0.004936292172,-0.02500006629,0.02214895903,0.007839666538
2.51493151,-0.003682601855,0.00218731152,-0.005253887655,-0.01264168108,-0.00229291593,-0.0215005583,-0.001599706662,0.007979042802
2.505123306,-0.0003679545492,0.01035455339,-0.006624303884,-0.01175165504,0.003357256444,-0.02298856061,0.0216405551,0.008662359688
2.494133501,-0.003884203526,0.004068129977,-0.007349745757,-0.01571199716,0.001937464415,-0.02315649349,0.002047159224,0.008707885895
2.51827094,0.001249024011,0.005916854969,-0.003830473239,-0.01281799346,0.001683262487,-0.01928714791,0.0134224506,0.008364048346
2.456480628,0.0002152514334,0.005025814499,-0.004975511979,-0.01243332524,0.002904195038,-0.02275999919,0.01064454556,0.0120877533
2.549705669,-0.0006820602942,0.009192209672,-0.007201702495,-0.01446278284,0.002560578607,-0.02316313509,0.007790461034,0.008258957934
2.558786808,0.0007176731994,0.006287766921,-0.0030517687,-0.01387259892,0.005414956945,-0.02215761219,0.01624498769,0.008739456523
2.496500256,0.0003721152767,0.005451553342,-0.005364362252,-0.01259461659,0.0005466567676,-0.01971819883,0.006504406767,0.008689626674
2.525211779,0.0009301545503,0.01096414555,-0.008374885082,-0.01238425316,0.003157998186,-0.02105888954,0.01460859113,0.009980594283
2.516893157,-0.002346712469,0.006484196269,-0.004835167704,-0.01190726474,0.003200494856,-0.02226299293,0.004722617507,0.009262152585
2.478927865,0.008091517881,0.01392720848,-0.001789365355,-0.01462023234,0.004046883305,-0.02035095767,0.01361221899,0.008508881928
2.520275893,0.01184203654,0.01852983575,-0.006919741739,-0.01104277943,0.005320505861,-0.01966460765,0.01111457347,0.01080585561
2.472519448,0.007287945605,0.01678033598,0.004212493396,-0.005367902154,0.003103624719,-0.02195946418,0.01342858327,0.01004571462
2.537889696,0.009199421798,0.0175666628,-0.0009117460164,-0.01453574721,0.004746459684,-0.01858542189,0.01163420892,0.009557327227
2.496057344,0.005939748261,0.01317542726,-0.01185170203,-0.0164350217,0.004302598534,-0.02147534652,0.0072437466,0.00891307085
2.505773804,0.005303448084,0.01370801414,0.001589886815,-0.009121033773,0.002697734804,-0.01906588954,0.01453450156,0.00979347622
2.470837969,0.005897246809,0.01231978273,-0.0008180506982,-0.01359191711,0.00263739271,-0.02166291596,0.005288352854,0.008947366818
2.536478929,0.002133790282,0.01065897652,-0.01046291326,-0.02105326901,0.002613453625,-0.02444626009,0.01303663476,0.007975340437
2.476786364,-0.0009136162967,0.01052111894,-0.003459040179,-0.00931248234,0.0006111871667,-0.0193868969,0.008361135208,0.007929151945
2.553142747,-0.0003778814992,0.006152108223,-0.004334051494,-0.01425055796,0.001839780185,-0.019939258,0.01369235549,0.007487159854
2.399096112,-0.0007084048999,0.005521384328,-0.008970407105,-0.01933706354,0.001225678387,-0.0276599466,0.006448349438,0.007349889468
2.617736131,-0.002425900979,0.004973580056,-0.004578133746,-0.01217845861,0.001064479814,-0.02021333555,0.009781507132,0.007690007188
2.367726951,-0.001547720821,0.00451040221,-0.002364849759,-0.01289079558,0.0006361648897,-0.01987402932,0.01119168494,0.007073462424
2.724558672,-0.001258424473,0.005919491872,-0.006171470563,-0.01886988172,0.001253914197,-0.02355358226,0.008690291827,0.007514904071
-2.490555912,-0.002296643049,0.006702166756,-0.007498373583,-0.01413695175,0.001788633717,-0.02205279626,0.009191964731,0.008343208697
-4.173375618,-0.00289813898,0.006343002492,-0.004699945263,-0.00930508874,-0.0001956799716,-0.02177343256,0.01217270112,0.008116658403
-3.604710954,-0.003804150762,0.003779075936,-0.007158568605,-0.01840048813,0.00119989283,-0.0211538068,0.01180541227,0.006538830031
-3.910834885,-0.003487270984,0.006557982069,-0.005235196938,-0.0177629721,0.002460331536,-0.02372998584,0.005709065279,0.007063732357
-3.666268901,-0.01188848547,-0.003865710038,-0.006552461807,-0.01266578604,-0.001751165729,-0.02365326524,0.01103674912,0.006914147134
-3.976888394,-0.01315506452,-0.00936288178,-0.01166193546,-0.01559813753,-0.002989470209,-0.02161957993,0.008833236465,0.007613886269
-3.590015478,-0.00986974852,-0.0009993579679,-0.01019331723,-0.01885999076,0.0005867899977,-0.02400837451,0.007312179205,0.008867059591
-4.112370909,-0.01314690502,-0.0008233446839,-0.005547344551,-0.01541037755,-0.0004789383253,-0.02404660738,0.0118100402,0.007423879347
-0.2918974907,-0.007409604474,-0.002565601588,-0.009466889727,-0.01526337823,-0.0005130128765,-0.02104113362,0.00949826796,0.009057650697
3.545827571,-0.00724763827,-0.001219894602,-0.006898076544,-0.01457833854,0.001321933039,-0.02246312959,0.01058985407,0.009288364569
-0.4334779816,-0.006549398739,0.002551667374,-0.004470751584,-0.01532167328,0.001334235584,-0.02123670207,0.009147769814,0.009260094672
-4.169387798,-0.005159773911,0.002861145955,-0.008628899919,-0.01380385718,0.00252435109,-0.02237184487,0.01123698082,0.008745253505
-3.635244188,-0.003793283369,0.003019032199,-0.007288414119,-0.01406482668,0.000149417242,-0.02322085241,0.009741353024,0.008439829209
-3.947694005,-0.001593581716,0.007584823746,-0.004218069437,-0.0126131411,0.001395723585,-0.02216789315,0.01055117608,0.008966793245
-3.754770161,-0.001087277728,0.005894611737,-0.008924614952,-0.016097288,0.002901782877,-0.02270834148,0.01168259216,0.008593981333
-3.867508112,-0.0001110374006,0.006816806932,-0.002226902553,-0.009948758878,0.001558854187,-0.02140116521,0.009343495534,0.008388486176
-3.764442964,0.001270075174,0.008730615614,-0.008833406488,-0.01484567088,0.002676808839,-0.0201224708,0.01226497293,0.008673288212
-3.818977854,-0.0004381501643,0.006731798817,-0.01036816147,-0.01234779217,0.001416438527,-0.02163118654,0.007422222745,0.009766458785
-3.838484401,0.0005429264639,0.008583285442,0.01025179396,-0.008397333245,0.003235652843,-0.02844591635,0.01840868246,0.01021687486
-3.788832365,-0.001025386717,0.006710308086,-0.01558611933,-0.01663634564,0.004893279823,0.00152236018,0.003122041986,0.005416145542
-3.770084565,-0.002756135704,0.003958370637,-0.005687452343,-0.01729762058,-0.001416810361,-0.0511983396,0.009031490602,0.01333360667
-3.792367936,0.002318763225,0.01294972404,0.0003894079339,-0.004737692318,0.007334851196,-0.01039081743,0.02590228598,0.006660455128
-3.772518481,0.01064290663,0.01654808881,-0.002345697856,-0.01316286692,0.006697045414,-0.004461614525,-0.006987212251,0.004544087521
-3.838426487,0.009422937186,0.0214654132,-0.007686411437,-0.0205493423,0.0006060265991,-0.04701740736,0.02658366133,0.01604281045
-3.820027623,0.0097711427,0.0141652949,0.0008115503036,0.0007655996714,0.004556228696,-0.001667899865,0.003246661356,0.007063272741
-3.884528581,0.007390604412,0.02098356132,-0.003008637732,-0.01605651122,0.004461389177,-0.02302263838,0.01109993435,0.006770192863
-3.713620031,0.004337986654,0.0112044935,-0.003495741762,-0.01547840564,0.005053722715,-0.02951791374,0.01808113932,0.01036198176
-4.048970226,0.004845351412,0.00796529533,-0.003271955352,-0.01290988478,0.001558639123,-0.009645726032,-0.001398752676,0.00817521245
-2.668966206,0.004586326571,0.01874003521,-0.006047903939,-0.008779685959,0.00116207556,-0.03079419284,0.02306823158,0.0114139853
2.776306778,-0.001644277396,0.007232135562,-0.001340025111,-0.02153976412,0.001935373226,-0.01827628647,0.006744163464,0.00579014282
2.22344653,-0.002049930868,0.008672850848,-0.005753386179,-0.01631702937,0.003509336882,-0.02059070693,0.004617701454,0.006395838389
3.058392528,0.001258764171,0.009590212748,-0.006948775949,-0.00937500122,-0.001691134691,-0.02866592835,0.01634185618,0.01236768675
-1.753423843,-0.003961447157,0.002934890056,-0.0081406759,-0.01707263629,-0.000304199465,-0.01571102792,0.004382449664,0.005194348173
-4.294332588,-0.002496058486,0.005989078322,-0.003670910839,-0.01708541826,0.003491399877,-0.02539416007,0.01097122707,0.006745195984
-3.496734463,-0.001730897918,0.008795136157,-0.005168763466,-0.01362552621,-0.0001194630434,-0.01798935575,0.01028198854,0.007513245472
-3.929061911,-0.003170964793,0.002887018392,-0.006780932072,-0.01304590911,0.0009598169801,-0.02391965571,0.00811211529,0.008488820368
1.90287426,-0.002052083159,0.00773398145,-0.006521547972,-0.01973379219,0.001534311964,-0.02616352889,0.009877296081,0.008419219374
2.418342517,-0.004401716512,0.007750498535,-0.004271173914,-0.01365389766,0.0007701036488,-0.01919208465,0.008842799831,0.005088781783
2.872597817,-0.0007623829177,0.004249433941,-0.005588189676,-0.01392953657,0.002163543424,-0.02144301841,0.01317755596,0.009226603351
-1.725419456,-0.004788682897,-0.001287946185,-0.005279988227,-0.01407965435,-0.0009488196724,-0.0254493938,0.007127747332,0.009228185698
-4.312123292,-0.01449355652,-0.00505425878,-0.01112395689,-0.02045596816,-0.001049106547,-0.02173351515,0.00644684778,0.005212302246
-3.509028175,-0.0129746216,-0.004293252681,-0.006868546144,-0.01538831613,-0.0005726542295,-0.02406353841,0.01093861366,0.007702439759
-4.027718462,-0.01276386319,-0.004424999077,-0.007470997102,-0.0159856807,-0.001027078811,-0.01877104312,0.01085830092,0.006559834423
-3.525920274,-0.009489368337,-0.001938700102,-0.01041869304,-0.01492713221,-0.0007684630568,-0.02532321136,0.006415870403,0.009257411823
-4.121269626,-0.007603636003,-0.0001572298487,-0.007862114733,-0.01517906039,6.331892805e-05,-0.02353874797,0.01088839679,0.00835865807
1.122003971,-0.008787553012,0.001357496853,-0.008406556724,-0.01663828062,0.001558443368,-0.01971409036,0.01053117907,0.007561913403
2.905191107,-0.003404235331,-0.0008021624165,-0.01247217873,-0.01558411888,0.002197018029,-0.02254241972,0.00955921683,0.009831383503
2.383618497,-0.002855925439,0.003119699392,0.007665675352,-0.006927360211,0.0008205684648,-0.02558438747,0.01195677998,0.01036447365
2.65526014,-0.00395192029,0.005753470211,-0.01227550311,-0.01883602297,0.002269843301,-0.01647495359,0.007754241516,0.007099671933
2.468946972,-0.002730226513,0.005280923288,-0.0112466026,-0.01623626604,0.005170838889,-0.02457855107,0.01167190187,0.009557257986
2.633099158,-0.0008919792538,0.01160251368,0.002725735348,-0.004649390363,0.001879434004,-0.01650955338,0.01091734863,0.009560313627
2.502256743,0.0003855810704,0.003450116317,-0.01069875181,-0.01856546457,0.0005566571134,-0.02548862877,0.008880434314,0.009462555563
2.586624766,-0.001063937676,0.007020329458,-0.008360230347,-0.01789306798,0.001401922368,-0.02237840479,0.01244406225,0.00869305206
2.51516069,0.0001710513749,0.01005835784,0.001097868444,-0.005724200033,0.002751887452,-0.01518255863,0.01262634336,0.006942723127
2.566938141,3.773129656e-05,0.003267586272,-0.0109721019,-0.02011976491,0.003138678251,-0.02339256473,0.006478803014,0.009311637517
2.553494889,-0.0006303991428,0.008061284954,-0.003005934927,-0.01089880069,0.002221065424,-0.02211899337,0.02122375417,0.01027634451
2.546574949,-0.001250454913,0.008239415181,-0.002108484225,-0.009474827849,0.001297303604,-0.01776972169,-0.00600490151,0.00891633494
2.508633282,0.00649437488,0.01645633175,-0.009414208437,-0.01422177597,0.006853742127,-0.02385253571,0.02103302737,0.007498922171
2.541485314,0.01273779611,0.01239005592,0.001762043462,-0.014677075,0.000940860304,-0.01775573965,0.01559014878,0.01132334445
2.516780348,0.01013845404,0.01569414584,0.0005877141563,-0.005622227863,0.00507517404,-0.01867189324,-0.001255641045,0.009002403781
2.488633987,0.00821831779,0.01905538713,-0.01032642351,-0.01044763245,0.008884868868,-0.02303757919,0.03061530914,0.008890204867
2.527962367,0.005751125642,0.01250480599,-0.001937556106,-0.01673361253,0.001382422177,-0.01788420449,-0.01166630864,0.008796134144
2.526101647,0.004348634398,0.01699292443,0.003339779052,-0.01042216468,0.005264989593,-0.02022010744,0.03373998124,0.01148324432
2.560295568,0.005886799965,0.009095145023,-0.007612008285,-0.01862054324,0.002704818868,-0.02196651805,-0.003897865247,0.008384657623
2.558280384,0.001472171024,0.01229272736,-0.005288601914,-0.01065835051,0.003536811054,-0.01981483254,0.0149263251,0.00562414966
2.533985753,0.003386155588,0.007338244071,-0.0007808714408,-0.01287212474,-0.0007136950804,-0.02387619899,0.01144456869,0.01179447763
2.611541697,-0.00245197206,0.01143385399,-0.009715461989,-0.01797552223,0.001957671339,-0.02062366819,0.004709162703,0.005836066629
2.483224287,0.000708382395,0.002838508649,-0.003199202782,-0.01669444959,0.003409202744,-0.02360718575,0.018340954,0.008379700804
2.564002154,-0.003628742742,0.006829689015,-0.003209798745,-0.01068092798,-0.003235337908,-0.02203392378,0.0002304526977,0.007782468826
2.494844834,-0.0009258281061,0.006827860552,-0.009422520745,-0.01557579781,0.002950728198,-0.02253813868,0.018199642,0.007686548567
2.528296818,-0.003308379399,0.005383489461,-0.004268466886,-0.01507806338,0.001259632905,-0.0228956423,0.0006129082887,0.006931083658
2.496327024,-0.001868167252,0.004741415331,-0.003628265912,-0.01439158611,-0.0002881608501,-0.019071658,0.01286644987,0.007016179924
2.499109457,-0.00291685243,0.003944159486,-0.006785025157,-0.01624666933,0.001188221006,-0.02461357663,0.006688087166,0.009340368063
2.524805146,-0.002512880002,0.008107763686,-0.00789182379,-0.01514335996,0.00175543519,-0.02182371721,0.008901711649,0.007503233942
2.501468691,-0.002843526812,0.004332705438,0.001958443104,-0.01322804675,0.002952003972,-0.0226560858,0.01399897735,0.007090774462
2.472432405,-0.01050634508,-0.003090870118,-0.01521959027,-0.02017361467,-0.002496553124,-0.02167655856,0.005642646608,0.006034102834
2.547396085,-0.01229936462,-0.003789491443,-0.008309506468,-0.01116887054,0.0004541765753,-0.02630782132,0.009735444417,0.007831487826
2.540357315,-0.01135667985,-0.001935502305,0.0009083456731,-0.01560558858,-0.00163062869,-0.02284084137,0.007630243503,0.007233971412
2.500658443,-0.01210342897,-0.005940896344,-0.01718065871,-0.02064141942,0.0004545912607,-0.02373230296,0.00739730595,0.006804734267
2.520643284,-0.008012965682,-0.0005720373179,-0.008772643045,-0.0132304904,0.001946833162,-0.02405084461,0.01314048769,0.009817604452
2.558908112,-0.007829911151,-0.0005653844967,-8.441649869e-05,-0.007711721244,7.024415259e-05,-0.0205055216,0.008442009275,0.00812934068
2.524031887,-0.007004948359,-0.001842028461,-0.01347905928,-0.0214030015,0.00229495407,-0.02412135199,0.0118997671,0.007035734835
2.541669032,-0.004803104393,0.005231977352,-0.00850220103,-0.01372583079,0.0009627320997,-0.02189209486,0.009838514645,0.008909607721
2.529045059,-0.004036813896,0.005828669125,-0.0007652581327,-0.00870270144,0.002559885597,-0.01984511936,0.01304079065,0.008573765141
2.540213435,-0.001329747087,0.001301923649,-0.01174508314,-0.01822708382,0.00302216044,-0.0262418422,0.006110325912,0.009275894784
2.503974148,0.0008113564236,0.006519899545,-0.004620274459,-0.01281354619,0.003122365251,-0.0240244869,0.01088573539,0.009929555587
2.476898645,0.0003790134414,0.009265693122,-0.002256543736,-0.006938779181,0.002013331508,-0.01592950441,0.01180878938,0.008426886303
2.619918088,-0.0009739931944,0.004816196685,-0.00925796098,-0.01570543951,0.002461722184,-0.02353573323,0.01162591307,0.008392788202
2.371784931,-0.0004456014821,0.008727698654,-0.003804763657,-0.01497899997,0.004083643037,-0.0243057837,0.01038383026,0.01144652192
2.716140959,-0.001390668171,0.008883241734,-0.001150729645,-0.006389578219,0.002770375343,-0.0195982085,0.008453976188,0.008147303786
-2.399278353,-0.0004509268413,0.006766782962,-0.01013361325,-0.01623347527,0.001443774141,-0.02165928827,0.01192801481,0.008967091059
-4.173323359,0.0004808103807,0.005689828325,-0.003393874126,-0.01350693354,0.0031872498,-0.0220856084,0.007658920045,0.009574496916
-3.58891272,0.0002033054641,0.01181950618,-0.002445189744,-0.01038602472,0.002912261541,-0.0182605697,0.01388425987,0.01032526972
-3.953791694,0.009624000378,0.01652917584,-0.005892890158,-0.01194856494,0.005819773066,-0.02215706452,0.01015326053,0.01052848781
-3.660431406,0.009487145726,0.01654824296,-0.001880816157,-0.01345747528,0.004319468254,-0.01984650177,0.0119607954,0.009667698452
-3.936911844,0.008665615136,0.01831912984,0.002744893713,-0.00977602647,0.003865387105,-0.01876159815,0.01381286491,0.01072753717
-3.563409222,0.007795679883,0.01608786258,-0.00435680828,-0.01621290927,0.005154343412,-0.02337346216,0.01221552671,0.00777175965
-4.20922448,0.006030899572,0.01198917983,-0.003756510549,-0.01212486589,0.003937334572,-0.02045284532,0.005782284545,0.009030149559
-1.219104796,0.006498595558,0.01406201199,-0.001623295531,-0.008386757537,0.002482201954,-0.01883896259,0.01198547581,0.009921452789
3.426207941,0.001907458698,0.01205189556,-0.006228825144,-0.01704484705,0.003848752003,-0.02332400386,0.01299165784,0.008946666467
0.2378773127,-0.0003917995348,0.009203852127,-0.004460489045,-0.01654386881,0.00246375823,-0.02237818089,0.007062250875,0.007780712482
-4.043061279,-3.331042924e-05,0.009061975775,-0.002072584217,-0.01009126953,0.0006832674754,-0.02171821966,0.01060264979,0.008733932561
-3.673009533,-0.001058376159,0.006870649782,-0.009544360925,-0.01525141633,0.000543951814,-0.02257792372,0.01058424835,0.007817447136
-3.827644617,-0.002059441037,0.005543320504,-0.005205530108,-0.01673646888,0.00196726051,-0.02414768156,0.008433056073,0.007766898041
-3.739430197,-0.002631585509,0.006120452444,-0.0005679509354,-0.01472924307,0.00143253832,-0.02196806397,0.009487058743,0.008171289879
-3.898748447,-0.001266630452,0.007666960234,-0.01368816042,-0.01669412088,-0.0002416028064,-0.02038180637,0.008111519793,0.006395239115
-3.816180355,-0.001902541473,0.00402781648,-0.0002780488032,-0.01133769742,0.0004213492987,-0.02548867029,0.01274579462,0.008251527543
-3.860045951,-0.003257094996,0.005986570809,0.0008439682365,-0.01487511212,0.001201793241,-0.01900902288,0.009829944181,0.00832907495
-3.768358722,-0.003258672689,0.00465928571,-0.01308384326,-0.01922316136,0.002133968447,-0.02568247888,0.006966957808,0.007403375881
-3.851018638,-0.00302500731,0.007177387451,-0.005353534167,-0.01198278887,0.0002599345386,-0.01951965171,0.01137527732,0.008964026523
-3.837752675,-0.004646835039,0.00273282768,0.001257226331,-0.01318823041,0.0003169066266,-0.02904865566,0.006673256089,0.007489524023
-3.796589387,-0.0142516871,-0.006792644814,-0.01933813079,-0.02413016171,0.0001122745237,-0.007187440121,0.008833513296,0.005113879421
-3.728022575,-0.01121400642,-0.002012183709,-0.001545845376,-0.01093005487,-0.003346169057,-0.04117668986,0.007808642078,0.01149139489
-3.770699127,-0.01079037045,-0.003289529098,-0.009956174021,-0.01524975513,0.0009801331732,-0.02308000371,0.0138308853,0.007469656748
-3.81120635,-0.009068506744,-0.004249040839,-0.01136684085,-0.01626240207,0.0004795937562,-0.007399169574,3.109389588e-05,0.003957949993
-3.778024973,-0.007659068635,0.002954811206,-0.003129947029,-0.01713978989,-0.002429671377,-0.04131314038,0.01912234807,0.01509377423
-3.74850125,-0.005731834682,-0.003797651437,-0.01051848829,-0.01057881731,0.001954405608,-0.01180860775,0.006603942758,0.005232455661
-3.855635793,-0.005264321898,0.004325127593,-0.007949895448,-0.01983720077,0.001070711412,-0.02414973153,0.00398585253,0.007334075233
-3.316782939,-0.003037788636,0.006427050348,-0.002527794833,-0.009651697356,0.001677226651,-0.02686844477,0.02100647417,0.01103262333
2.358401502,-0.002219553595,0.0004149048779,-0.006608911881,-0.01420717577,0.001324389038,-0.01218606555,-0.0007145462374,0.008031247422
2.326288486,-0.001715043624,0.00926346239,-0.009032114387,-0.0152652772,0.0009122305182,-0.03123222424,0.0145561719,0.0102462407
2.980211744,-0.0009392179062,0.007274155468,-0.002076603165,-0.01282742026,0.001876487312,-0.02002717888,0.01012869309,0.008958723743
-0.8259031873,-0.001391503579,0.006810115179,-0.007072117292,-0.01359055827,0.004564319525,-0.01709329411,0.005021990567,0.007597445743
-4.474757967,0.001390713634,0.006552721181,-0.003800521304,-0.01184239151,0.001136116928,-0.02746122405,0.01830927995,0.01096733665
-3.230597989,-0.0009323656099,0.004228031957,-0.007063295202,-0.01473305382,0.0008536409529,-0.01492210309,0.004786849566,0.008719328433
-4.38935973,-0.0008385954688,0.009636731628,-0.005715184049,-0.01146361893,0.005012121071,-0.02565444166,0.01280843621,0.009209683523
1.153293977,0.001450139779,0.00838516878,-0.004457316347,-0.01513335711,0.0008405047884,-0.02014057295,0.01278626039,0.008291813811
2.655152166,0.0001518084037,0.004017843399,-0.003914457985,-0.01161969489,0.001791579725,-0.02067751964,0.006530472863,0.01007713268
2.869215682,0.006613179992,0.01575462456,-0.004087079528,-0.01325270234,0.003407361842,-0.0243281512,0.01606242007,0.01164626543
-0.3169438989,0.00936472203,0.01898125251,-0.001580796604,-0.008849431115,0.004753318912,-0.01597934801,0.006790522849,0.007777075833
-4.439206588,0.007227121532,0.01609966358,-0.003150217138,-0.01369572259,0.005657993927,-0.0175701691,0.01455495121,0.009500783279
-3.40039559,0.01000564943,0.01749317219,-0.001427377157,-0.01055199656,0.001471607567,-0.02341115571,0.01387560084,0.01218865171
-4.071453171,0.004810875125,0.01284837472,-0.004733016221,-0.01330752291,0.003431904626,-0.01489290964,0.007966892764,0.008389734397
-3.465186518,0.004510614297,0.01342946917,-0.001094070395,-0.01299562917,0.004109434424,-0.0256546967,0.01502106922,0.01004770267
-4.251119177,0.005377579639,0.01460674909,-0.0124791123,-0.01712210935,0.002571751672,-0.01532010135,0.004404219927,0.007889835675
0.6972421468,0.002887872131,0.009562593969,0.00496750835,-0.008665313671,0.001901933432,-0.02294817995,0.01404238061,0.01010713129
2.929713342,0.0005022943349,0.008767856717,-0.003973470847,-0.01659665026,9.590450975e-05,-0.01997659951,0.01091565948,0.008625523029
2.313405171,-0.002048577204,0.008300907585,-0.01481411596,-0.01851953242,0.004993695811,-0.02348232795,0.006987941753,0.006733589906
2.669498992,-0.001524874419,0.006086686324,-0.001643836217,-0.01239052795,0.001216914149,-0.02008654082,0.01537332457,0.008897712181
2.395258551,-0.00244073065,0.005112626683,-0.0009443263227,-0.01032713158,-0.0006042569314,-0.02097329132,0.005293577044,0.008336004331
2.620052541,-0.002409838514,0.005344949318,-0.01295171689,-0.02553169604,0.001489708788,-0.0235533139,0.01346903477,0.008615816147
2.477451812,-0.0006866063093,0.007704187629,-0.00495899875,-0.01019276344,-0.0001782588126,-0.02028040589,0.005848228674,0.008417151706
2.551728383,-0.002144761281,0.007894568637,-0.004878877228,-0.01249960641,0.002077308315,-0.0179769847,0.01332151014,0.007309501212
2.550801997,-0.002967209913,0.004652662301,-0.006298942999,-0.01708031935,-0.0001269958744,-0.02583836109,0.005685492629,0.009228039515
2.505252706,-0.002856317814,0.004040762287,-0.004807545724,-0.01373338678,0.000743314994,-0.02064817526,0.01100417954,0.008657825808
2.491271993,-0.002039687087,0.005598866649,-0.005274858619,-0.01205086272,0.0004625525774,-0.02048780262,0.0117302704,0.007732380773
2.514762175,-0.009548144865,-0.00110194208,-0.007627098932,-0.02020064203,0.0007407439031,-0.02342378644,0.007577071992,0.006252205693
2.492464431,-0.01405246188,-0.005264106442,-0.008037423505,-0.01797026786,-0.001013905659,-0.02287265379,0.01246931327,0.007755918166
2.545592994,-0.0113177736,-0.003813048186,-0.00918098217,-0.01378676891,-0.003295094166,-0.02418478651,0.002494213677,0.008754677391
2.551052263,-0.01156401242,-0.002598093959,-0.01111980427,-0.01498988917,0.001528261523,-0.02293632179,0.00980959443,0.006596962499
2.603599144,-0.007139422391,-0.001940365827,-0.005630614192,-0.01500292,-0.001571024341,-0.02043696193,0.0160527556,0.008323775706
2.540314728,-0.007217376737,-0.00309238538,-0.007611910672,-0.01949622825,0.0001203782246,-0.02242505976,0.0004117203061,0.009415720316
2.525473463,-0.008637426165,0.001774298956,-0.0112948707,-0.008810642623,0.004707053283,-0.02428763857,0.02261158695,0.007876134179
2.477820638,-0.004144256418,0.001737822863,-0.005148079096,-0.01538330182,-0.000512750927,-0.02207127471,-0.002148061201,0.00910006599
2.503018953,-0.004379858901,0.006894190462,-0.002763939095,-0.01554370482,0.002094577124,-0.02306689111,0.01983755223,0.008992025271
2.536492389,-0.0009033901546,0.002499945873,-0.007479872109,-0.01755246011,0.002713454993,-0.02141321039,0.005878312928,0.008820599796
2.494428941,-0.0003313014154,0.007041906743,-0.008087628331,-0.01006065008,0.001619851058,-0.02114509277,0.006451672104,0.008290838015
2.513921751,0.001093163593,0.005424400763,-0.005028776274,-0.01321313926,0.002130991099,-0.02166416907,0.01518537547,0.01108380868
2.525964562,-0.001207296677,0.009259801412,-0.005870640429,-0.01333264676,0.002538625289,-0.02168963975,0.004496384796,0.008741818278
2.57777195,-0.0008733084206,0.006702433665,-0.006798855997,-0.01421557612,0.005386358189,-0.02080843897,0.01857176187,0.008695855412
2.517856231,-0.0008731323964,0.004158239283,-0.004039952745,-0.01324540492,0.001729855923,-0.02116300693,0.005065547476,0.009142860741
2.486931506,0.0003729085479,0.008749281376,-0.007533712458,-0.01342822675,0.001436771526,-0.02138328617,0.01276780519,0.009723005355
2.522894526,-0.00026291573,0.008225502509,-0.002453499471,-0.01158550643,0.004292063302,-0.02320394055,0.00902353146,0.01032111401
2.542073605,0.001225372152,0.007795720071,-0.01220343997,-0.01494204949,0.001236636828,-0.01789580594,0.008610405778,0.009599666288
2.54022825,0.01019084921,0.0150406011,-0.0006272645738,-0.007676542465,0.004008485778,-0.02242074647,0.01489306102,0.01169426455
2.505841073,0.009712486769,0.02150253538,0.006678460624,-0.01139617414,0.004734818503,-0.01960852719,0.01207118691,0.009667799274
2.531799456,0.007100726777,0.01758454841,-0.01139136547,-0.01556822021,0.006427051099,-0.02039961557,0.0101000059,0.008243249543
2.496086452,0.008371589872,0.01340839926,-0.005101309877,-0.01316521846,0.004748219404,-0.01977503964,0.01232857331,0.01104019474
2.575988901,0.005261546766,0.01422297282,0.004527103521,-0.00635310943,0.001409625946,-0.01855503433,0.009154393073,0.008281025454
2.534658773,0.004497335359,0.0125387362,-0.007613349309,-0.01861213927,0.004171016384,-0.0241772832,0.00801809155,0.008302717034
2.587558777,0.00360203938,0.01358776527,-0.005777671163,-0.01473538584,0.001385140675,-0.02243419817,0.008537350544,0.009043966308
2.497761868,0.003035496318,0.009510546558,0.001251168658,-0.008984343038,0.0009390848699,-0.01891520187,0.01383325136,0.00863741103
2.52536075,-0.0002838352934,0.009347971858,-0.006663895324,-0.01682784629,0.002638156677,-0.02473008647,0.007878892777,0.008025870385
2.578702267,6.164298182e-05,0.008008468126,-0.006049102778,-0.01592212802,0.003487524488,-0.0250001767,0.009085890954,0.007932416423
2.484692807,-0.002140819944,0.002833228807,-0.006422532513,-0.01634249647,0.0002034128813,-0.01886719066,0.009758724756,0.007816386707
2.56075682,-0.002275853157,0.006294041913,-0.006205153778,-0.01181378977,-0.001205242332,-0.02342617544,0.009758092075,0.008492541201
2.393054223,-0.003366367198,0.006486772531,-0.004565283152,-0.01855362139,0.003406587841,-0.02469843134,0.01029663122,0.007759483883
2.68144548,-0.002995897822,0.004750042275,-0.005523624772,-0.01530369489,-0.000400577502,-0.02111013703,0.00706587652,0.007483762225
2.259071542,-0.001602743114,0.008842281415,-0.00770892685,-0.01238346569,-8.294329058e-05,-0.01937946804,0.01774364191,0.008121162578
2.910327387,-0.003294090298,0.006479321752,-0.007262506551,-0.01445272084,0.001757567799,-0.02235099869,0.004325840914,0.006989536753
-1.934778413,-0.003137357121,0.006649757047,-0.001776807265,-0.01681047268,0.0001321394762,-0.02310518823,0.01071983873,0.007946948339
-4.213896059,-0.005140343638,0.00163636084,-0.00741269098,-0.01500912525,0.0005911436462,-0.02304944722,0.01083981064,0.007512186649
-3.519401213,-0.01285450786,-0.006501232479,-0.01204324489,-0.01697232723,-0.0001423086156,-0.02220434725,0.008923667826,0.005774538509
-3.98697787,-0.01223915367,-0.004714988747,-0.00427024952,-0.01477648981,-7.523470628e-05,-0.02519010523,0.006908187397,0.007663071376
-3.693261808,-0.0116727056,-0.002839752679,-0.009431018585,-0.01617293448,-0.0029354899,-0.02237003897,0.01425078107,0.007510513653
-3.972360561,-0.0103291085,-0.0025142721,-0.01010998349,-0.01676663626,0.003716342544,-0.02660423679,0.005030236412,0.008226721584
-3.649428372,-0.006597494291,0.001621829608,-0.007230591045,-0.01221752123,-0.003940820162,-0.01787667196,0.00513316979,0.006868872479
-4.164607119,-0.008204303606,-0.001882912212,-0.006045027609,-0.01408673754,-0.0002128376004,-0.01872458166,0.01907776582,0.009950867231
-0.5948082685,-0.00579733191,0.001937715471,-0.00887404475,-0.02089123871,0.00521634286,-0.02566528668,0.005380408906,0.006745011909
3.583077532,-0.003796788978,0.005231521442,-0.006664213865,-0.0112249801,0.00145053759,-0.01972668215,0.007650445104,0.007272849223
-0.4020836751,-0.002383809849,0.004200906857,-0.007116223538,-0.008080814688,1.520554527e-05,-0.02142220987,0.01723591762,0.01038198355
-4.144612474,-0.00299630305,0.005201601474,-0.007560440189,-0.02163127559,0.002635927565,-0.02205371276,0.01024665841,0.008259428324
-3.624666304,-0.0009906172123,0.009179978911,-0.0008897260814,-0.01528035202,0.006859410774,-0.022799167,0.004839533595,0.008617498721
-3.916893997,-0.0002659993476,0.008232051006,-0.009479219514,-0.005748662899,-0.0002916920936,-0.01988894967,0.01298686937,0.008872606759
-3.753507324,0.0006321730037,0.004447746688,-0.00437806285,-0.01351392613,0.0004521769034,-0.0212365566,0.01237584967,0.01117365131
-3.827915075,-9.769049525e-06,0.01192024921,-0.00137939667,-0.01653234506,0.004899007244,-0.02205470754,0.01121122825,0.007768377881
-3.781679673,-0.001969448758,0.007113961158,-0.01112500078,-0.01420318688,0.00382252073,-0.02132655995,0.009190122537,0.008972013788
-3.814114316,0.0006351456745,0.005537630388,-0.006169252025,-0.01041337913,0.0002077846587,-0.0202909987,0.01351953961,0.009972518012
-3.727840577,-0.0003664150791,0.007802565382,-0.0006679700936,-0.01089939887,0.001907967478,-0.02298496887,0.009417482949,0.01023548477
-3.820958834,0.004257911325,0.01290017085,-0.006356027069,-0.01769056391,0.002829123654,-0.02172074498,0.00873171446,0.01000838979
-3.836190458,0.01172457686,0.01877180799,-0.0006922345029,-0.006581587964,0.005020283166,-0.01990185309,0.0153031398,0.009863464457
-3.749471124,0.01026567338,0.01474113622,-0.0006481337079,-0.007800199432,0.002957806727,-0.01782787346,0.009962339136,0.01109120738
-3.756779091,0.009775586261,0.01805618024,-0.003269034355,-0.01672690163,0.007039005282,-0.02887452609,0.01220142393,0.009050995904
-3.751692579,0.007261321989,0.01497283292,-0.003044963917,-0.01284566747,0.004331218697,-0.004470355565,0.008110801912,0.008727125089
-3.774371418,0.005437508871,0.01323644438,0.002802287779,-0.007324560527,-0.0016138143,-0.03609268717,0.01256004263,0.01194574875
-3.821639419,0.005526990832,0.014788677,-0.01230968326,-0.01916890145,0.00738507987,-0.0186532207,0.01820144196,0.006787551566
-3.731883505,0.002433282797,0.01030923964,0.001733752496,-0.0108680414,0.0006592185722,-0.01215713073,-0.00919241842,0.006098775031
-3.902604366,0.0002991819241,0.01061560558,-0.003449183035,-0.01265702107,-0.001029560212,-0.03373896072,0.02938803922,0.01175518999
-2.992090196,-0.0002002679704,0.001590035911,-0.01146904254,-0.01573491777,0.001321399594,-0.01218947369,0.00062265471,0.006089437994
2.657591854,-0.001743413614,0.01200309973,-0.0006921211171,-0.01607519253,0.003458167363,-0.02496780632,0.009555168625,0.006484393863
2.238322527,-0.003776565424,0.005980146798,-0.002708146734,-0.01280972909,-3.413850578e-05,-0.02632152894,0.01745108271,0.008442625027
3.015204088,-0.002256077643,0.001649443574,-0.01426216936,-0.02008333073,0.000366263509,-0.01599621068,0.0006136562858,0.007458178572
-1.443220368,-0.0007227600857,0.01031521607,-0.00202579121,-0.01025127245,0.003187025663,-0.02885581003,0.01874691821,0.009777396873
-4.399662588,-0.00391987191,0.004563014283,-0.001027575492,-0.01553380097,-0.0007820603264,-0.01909018327,0.001956696456,0.006248723047
-3.430459753,-0.002198846712,0.004939543457,-0.01109028337,-0.01896754297,0.001863634975,-0.02205662762,0.01357408747,0.006914477083
-4.150511126,-0.001375152411,0.00631465407,-0.001866459523,-0.01024871053,0.0005914893749,-0.02486795731,0.01151515738,0.01017532347
1.754211466,-0.003391451473,0.006360178649,-0.006246644874,-0.01546906656,0.0007606408966,-0.01734131619,0.00612608709,0.006974850454
2.453497429,-0.009746138133,-0.0003914525015,-0.01055319434,-0.02176858368,0.000153156187,-0.02784009056,0.01123247113,0.007887568496
2.946698722,-0.01292398681,-0.003271564005,-0.006345946182,-0.01373160518,-0.002998481205,-0.01915493835,0.00789332602,0.006398519545
-0.9703239975,-0.01106341717,-0.006763935132,-0.009329137115,-0.01600285959,-0.0002482550187,-0.02186403968,0.006961831795,0.007667430493
-4.406964098,-0.01055366961,-0.005392281919,-0.01007192597,-0.02018397108,-0.0009079750502,-0.02829733611,0.009924142398,0.008082390681
-3.415732063,-0.009101462034,0.001498620574,-0.004169865734,-0.0108019221,7.677788938e-05,-0.01728832409,0.007457005637,0.007312579906
-4.071366645,-0.008030915992,-0.00083493777,-0.01661195973,-0.0180823395,0.003232631952,-0.02316455856,0.01178856804,0.008305763055
-3.432926233,-0.007036936873,-0.003055184661,0.001200614438,-0.01152051205,-0.0008224529197,-0.028828723,0.01296183197,0.009561349613
-4.107607254,-0.005378908617,0.005954129911,-0.002627777456,-0.013983045,0.0008953775041,-0.01258625095,0.003629721111,0.006870647889
1.069309992,-0.004202542898,0.003825639117,-0.01629754742,-0.01634385376,0.002745533431,-0.02994542901,0.01719681833,0.00927567486
2.86124666,-0.002662847939,0.005633707844,-0.004885477072,-0.01161786211,0.0007807339593,-0.01737540489,0.005380856391,0.008308988739
2.311754229,0.0003772807969,0.007440739409,0.0002100995373,-0.00982446051,0.003351122435,-0.02145625835,0.008911657486,0.008503425268
2.655413648,-0.001796461865,0.006662366935,-0.01392035979,-0.02342081321,0.001999139252,-0.02537182131,0.0139688118,0.01030361798
2.448582354,-0.001699944005,0.008360836869,-0.001576988019,-0.005294547585,0.003618347881,-0.01750001505,0.009987841994,0.007235544447
2.545073662,0.002477658969,0.005907411297,-0.004203655024,-0.0137058036,0.002343838608,-0.02128562197,0.01248522975,0.009791584397
2.56498111,-0.001521861238,0.007889997878,-0.006868802858,-0.01806758291,0.001434045812,-0.02634959936,0.005931712559,0.009153240912
2.495095263,0.0002141306869,0.006878304626,-0.003846725593,-0.008975187999,0.00406987468,-0.01676663035,0.01438178743,0.009978140806
2.475261024,0.001044013757,0.005585896936,-0.006747272488,-0.01090196784,0.001228460715,-0.02272510453,0.008725485444,0.009745139661
2.555175843,0.002284465201,0.009254928755,-0.006877484834,-0.02075936935,0.002473624588,-0.02222758989,0.01156330872,0.008327982284
2.520719869,0.009461736678,0.01759732651,0.001652712061,-0.005937132688,0.006609253817,-0.02064661093,0.008619327018,0.01071760277
2.540860683,0.01051065533,0.01855217206,-0.005253221665,-0.009698353059,0.004234280211,-0.01898851474,0.01494728448,0.009961648282
2.499720217,0.008329490377,0.0138226972,-0.003709143229,-0.01605875859,0.005335347765,-0.02177733795,0.01090389267,0.008093483515
2.580217086,0.008749020478,0.02117245568,0.001755083305,-0.010785261,0.004393715847,-0.01992272464,0.007644639388,0.01032175249
2.514645993,0.003976364685,0.01436604539,-0.006226283791,-0.01244974449,0.002922937365,-0.02010457474,0.01556395344,0.009322175324
2.50439836,0.007188118373,0.00882898683,-0.004050940048,-0.01401362541,0.002518639012,-0.02276756015,0.004768636709,0.007885785963
2.56895089,0.005485246477,0.01473876654,0.0004517268255,-0.01192755078,0.00454789658,-0.021192659,0.01140054646,0.008391473636
2.53598683,-0.0008406436132,0.009566020342,-0.006985023709,-0.01568704178,0.0007074916907,-0.02057402454,0.01166748982,0.008461944727
2.522721942,6.200024295e-05,0.006213058787,-0.007160407335,-0.0180987848,0.001153740536,-0.02190094662,0.00863250008,0.007880829726
2.537695849,0.0002006162833,0.009410406647,-0.002860841276,-0.009548433715,0.002439386787,-0.02153358973,0.01358520937,0.007505627074
2.570093164,-0.003582001101,0.007409184511,-0.007129339113,-0.01668898479,-0.001922577138,-0.02293668386,0.003538599762,0.007590586032
2.532784823,-0.004156780662,0.003295041958,-0.00772697245,-0.01562642282,0.0003378512618,-0.02407564116,0.01288770065,0.008220745767
2.570979758,-0.0005009214124,0.006020006989,-0.00292305222,-0.01413279707,0.002557290791,-0.02029862849,0.007495559976,0.008586897718
2.480136792,-0.002270757648,0.007394380897,-0.004555808005,-0.01424187887,-1.318840932e-05,-0.02327107795,0.009117928466,0.006882487221
2.547209683,-0.0006571702783,0.004766167815,-0.008826728061,-0.01608694947,0.0004651938382,-0.02082745152,0.01095577113,0.00826729587
2.502545513,-0.003074976697,0.006464298926,-0.002137331616,-0.01289412478,0.001184023636,-0.02226529065,0.008132998724,0.007919501788
2.500608493,-0.00320036178,0.006097377474,-0.007288128982,-0.01918781398,0.001608093912,-0.02210211458,0.01294515191,0.00767129843
2.448228396,-0.003582311008,0.004122984619,-0.008223745979,-0.01363019004,0.0008368643253,-0.02525698681,0.004348756809,0.008001974102
2.525306882,-0.01283950171,-0.003891064692,-0.00380110855,-0.013530892,-0.002838679463,-0.02161441891,0.01338615956,0.007173262208
2.538337764,-0.0120883484,-0.003610249182,-0.01114625729,-0.01728406075,-0.0001975302506,-0.02252905877,0.00565929193,0.005821521057
2.545359434,-0.01045252364,-0.005347416952,-0.01306281173,-0.01740782173,0.001146528606,-0.02266032694,0.01010339193,0.007168437732
2.522767464,-0.0115450765,-0.003497377144,-0.004517233837,-0.01227232608,-0.001666161296,-0.02270438769,0.007527950838,0.007672604852
2.523261598,-0.007992727206,0.0001383787176,-0.007408957421,-0.01695538057,0.0003130382667,-0.0226608142,0.01095649086,0.007044839976
2.558765142,-0.00924388107,0.001198112239,-0.0105882437,-0.0187906873,0.0003669035882,-0.02348647778,0.009933722544,0.008194595846
2.539255323,-0.005980131927,0.001986368192,-0.005603182461,-0.01266426228,0.000395111148,-0.02030042819,0.009333769909,0.008420331208
2.55388634,-0.002541029003,0.003843826642,-0.005040597921,-0.01355983583,0.002126044152,-0.02242600023,0.01344009838,0.008675776023
2.523413674,-0.00257277691,0.004907813059,-0.006423089871,-0.01425547701,0.003460090136,-0.02282492218,0.004922033247,0.008218727099
2.559876623,-0.002052959327,0.003295706306,-0.00808572227,-0.01432040217,0.003338395909,-0.02011875992,0.01230890193,0.00829736777
2.542731295,0.0002899119648,0.005286067655,-0.004623161812,-0.01174295856,0.001019560739,-0.02155775495,0.01034858599,0.008816806466
2.451016703,-0.0006065064424,0.008834798571,-0.004645459716,-0.01543164676,0.003858286784,-0.02212541276,0.01259731753,0.008558061639
2.570231846,-0.001453870707,0.006701245151,-0.008612614533,-0.01375334087,0.003238809195,-0.02214477863,0.008241514815,0.008765906094
2.396460766,0.0002446246485,0.007911129192,-0.003261862562,-0.009518780924,0.001967512433,-0.02060028781,0.01270251275,0.009364734421
2.629329284,-0.0009435582903,0.007836341721,-0.003709652984,-0.0137083999,0.00283267421,-0.0213095019,0.009638183862,0.009276182995
2.25689317,-2.151657431e-05,0.007797263777,-0.008728829308,-0.01730432297,0.004153854683,-0.02292991502,0.007548651747,0.008275016502
2.85095862,-0.0008091604537,0.005801529324,-0.003409228197,-0.009362154909,0.002149058913,-0.02126090277,0.01251594929,0.008682991691
-2.143664759,0.00425638423,0.01303049722,-0.003514937794,-0.01089430034,0.003324018273,-0.01932455878,0.01113855602,0.009693605366
-4.2120593,0.01076785196,0.02115589194,-0.004672873589,-0.01447903526,0.005289250367,-0.0230903802,0.01236761874,0.0101320791
-3.600307356,0.00827045655,0.01750885001,-0.001676402526,-0.0115747196,0.003295134242,-0.02101508758,0.01182635484,0.00879708111
-3.95141632,0.01028137108,0.01798140644,-0.001489657601,-0.008417047739,0.003525010949,-0.01807033664,0.01088243488,0.008601879198
-3.644694465,0.00718365416,0.01337242601,-0.005318454143,-0.01483027417,0.004002475297,-0.02107645824,0.0124550747,0.009378587227
-3.913253695,0.004058288045,0.0126574824,-0.002195991026,-0.01453319591,0.003137896993,-0.02293838817,0.006265263752,0.009543473692
-3.574182084,0.004270883767,0.01457138601,-0.003042342594,-0.009964843019,0.002038024619,-0.0168263269,0.02241367992,0.008218635911
-4.146540024,0.002294507882,0.009162493522,-0.0031899746,-0.02108996632,0.009256215297,-0.03088858646,-0.005222207399,0.008617614052
-0.3572865001,0.001084272877,0.01499273487,-0.006166153335,-0.01120630338,-0.01096776816,-0.01619559704,0.01035826941,0.009080878827
3.557907021,0.0005255502174,0.002592736178,-0.005349187961,-0.008588585086,0.002674339292,-0.01556181394,0.02629063865,0.009640177974
-0.2377482183,-0.00279441412,0.009217181672,-0.008077584943,-0.02988537545,0.00806597807,-0.03062269273,-0.00172219632,0.004892070723
-4.139228427,-0.001783111821,0.007967507842,-0.007510782157,-0.008367790187,-0.001289192378,-0.02234422893,-0.0004338788622,0.007400941441
-3.621652261,-0.003233172745,0.005822952116,-0.0005835588885,-0.003703598316,-0.003611046167,-0.01848168685,0.02959115341,0.01090537076
-3.883314208,-0.003355627657,0.004807737125,-0.009919013556,-0.0284406777,0.003208122617,-0.02076976957,0.004392590339,0.005801362662
-3.731222112,0.0002847873503,0.008108281536,0.0009395101404,-0.01973279555,0.006350939515,-0.030109672,-0.0002512722644,0.006592559716
-3.829187862,-0.005557134133,0.01105426074,-0.009742743265,-0.00281805179,-0.006164322468,-0.01811605151,0.01670358208,0.0101265176
-3.722136853,-0.0009877933797,-0.001569054298,-0.009395411693,-0.01220893693,0.001035987251,-0.01840322716,0.01137690691,0.008843187666
-3.836218031,-0.001117936127,0.005521292845,0.0008014483649,-0.02483813937,0.006296921911,-0.02479888091,0.0109866217,0.006587151141
-3.796469939,-0.007113656957,0.0030128391,-0.005367029289,-0.01317681598,-0.0008528477158,-0.02415455751,0.001324017966,0.006533742566
-3.746393466,-0.01568909461,-0.006475246998,-0.01375665623,-0.01631883076,-0.003456867213,-0.02053356638,0.01925542465,0.006605034169
-3.798407781,-0.008583535728,-0.003342198661,-0.0108194684,-0.01616018795,-0.0008935921473,-0.02406103164,0.001713248337,0.008005949726
-3.778105259,-0.01195407466,-0.003698383293,-0.001999320193,-0.01892820326,0.0009368498525,-0.0226842469,0.01028358254,0.007272280377
-3.759604163,-0.00928881308,-0.001801233104,-0.009429383625,-0.01353099983,-0.001119785499,-0.02251102452,0.01157481044,0.007520911118
-3.855316457,-0.007546510217,0.0002475577632,-0.0134713383,-0.0165966936,0.0004252059058,-0.02029628594,0.006528954635,0.008092475794
-3.78059369,-0.006989697152,0.0006747751891,-0.002051538976,-0.01463958685,0.004770171436,-0.02770959469,0.01404257352,0.009283768103
-3.793362993,-0.005606617578,0.002008850889,-0.006053060334,-0.01742614303,-0.001244421386,-0.00952526056,0.003949937645,0.006542056608
-3.768895806,-0.004748343304,0.00404470058,-0.008044453729,-0.01336756867,-0.0003078783853,-0.03323201037,0.01815359741,0.01181305945
-3.932226749,-0.002427161496,0.005626481022,-0.008772507438,-0.01103584763,0.00475111656,-0.02178521267,0.008260191031,0.008586829512
-3.119378807,-0.0001325413099,0.005483239978,-0.005431393573,-0.0136950283,0.0002968632579,-0.01260602829,-0.001218515226,0.004044797122
2.608920482,-6.781046078e-05,0.008889624019,-0.004767093361,-0.01626082707,0.0009712848909,-0.03275059539,0.02519410905,0.01383830302
2.25133587,-0.0006788729553,0.006348466404,-0.006991642691,-0.01096895485,0.004305431896,-0.01372104025,0.004356163203,0.008578581262
3.052717483,0.0008240870293,0.00794032698,-0.004665926886,-0.01232970091,0.005049677021,-0.02449173467,0.008676705089,0.007949434244
-1.299352189,-4.049887603e-05,0.007637338225,-0.004853513043,-0.01417460362,-0.0003497066338,-0.02517927378,0.01435497341,0.01167722387
-4.44001162,-0.0009496520515,0.006955976497,-0.004538015644,-0.01299594808,0.001910766689,-0.01382354024,0.008452531911,0.008565312515
-3.36498689,0.0006865046202,0.006889551029,-0.005246336021,-0.01312236421,0.002507688422,-0.02621712397,0.01353926923,0.009579068589
-4.133170263,-0.001372569823,0.007465333297,-0.003034248168,-0.01352036391,0.002880338792,-0.02293262594,0.004657526342,0.007424181748
1.720051028,0.00810325442,0.01722513713,-0.005972142668,-0.01179078278,0.004731376606,-0.01674056896,0.01382298052,0.01021405137
2.436189812,0.01080053122,0.01903608403,0.0003003726245,-0.007775030725,0.004789274679,-0.02060508324,0.01332562544,0.01034132806
2.970539113,0.007767436703,0.01439367807,-0.002148765391,-0.01362392639,0.004755890945,-0.01655890051,0.01040426393,0.008503640699
-0.7516516136,0.008911300153,0.01887250485,-0.0008383448161,-0.01255802735,0.004325141741,-0.02524394312,0.01089699889,0.009764861864
-4.413616728,0.005483806332,0.01549500056,-0.00702228678,-0.01243065535,0.002452679578,-0.01843900747,0.01248877361,0.009280836544
-3.457434849,0.006322947398,0.01007004312,-0.002959000388,-0.01072202128,0.004376089765,-0.02094788519,0.007735089788,0.008123856102
-4.023438715,0.006474754757,0.01315353064,0.003334060522,-0.01383041805,0.001497066391,-0.02405257117,0.01712998147,0.009478739044
-3.429775101,-0.0008649718231,0.01113137721,-0.01069773359,-0.01448351599,0.0001273424249,-0.01659830679,0.001501936059,0.007543877693
-4.136441378,-0.0007618282826,0.008776090339,-0.00992215113,-0.01564005078,0.005519338663,-0.02338798448,0.01107928244,0.007007620267
1.076713061,0.0005686772313,0.006630351199,0.00180151815,-0.01212573946,0.0005876679437,-0.02467351382,0.01696927113,0.008176246247
2.890800077,-0.001515443727,0.004348554597,-0.004136412127,-0.01615315268,-0.0006042322468,-0.01586379592,-0.003875373018,0.006729598161
2.337228394,-0.00510502665,0.009897877938,-0.01150852277,-0.01442692041,0.0005774537069,-0.02895378036,0.02532809039,0.009005599315
2.654810802,-0.0009348269364,0.006362910771,-0.007772385537,-0.0137926022,0.001390718913,-0.01739801392,-0.002875531722,0.005493073515
2.408926634,-0.001623650816,0.007406785705,0.0004986380474,-0.01589416864,0.003478642717,-0.02229511327,0.01381787993,0.005929461744
2.563383841,-0.004194270491,0.004581165708,-0.007158513331,-0.0168208085,-0.0006417228377,-0.02478102183,0.008071819679,0.009896535286
2.517118774,-0.002754795228,0.005036637847,-0.008180122637,-0.01243911649,-9.681663182e-05,-0.01973975673,0.009381186069,0.006463658691
2.557868563,0.0004207676067,0.004933260991,-0.001691429816,-0.01502925278,0.002686024466,-0.0240325916,0.01200468874,0.009666452101
2.510300253,-0.00425596284,0.007531457243,-0.004778515692,-0.01764966066,-0.0006069076589,-0.02172402536,0.005370219839,0.007721009165
2.558253693,-0.01381585157,-0.006241952812,-0.01070043264,-0.0163507459,0.0001856950154,-0.02094179611,0.01515934056,0.006330724574
2.5805694,-0.01144318903,-0.006797626136,-0.008134536297,-0.01167187767,-0.003444890755,-0.02488397836,0.003134878669,0.007998202831
2.549803182,-0.01007974552,-0.001554841043,-0.01089070784,-0.02104555411,0.0001141509842,-0.0231862146,0.0111490403,0.006525044773
2.584509364,-0.01225616874,-0.003565528468,-0.007347274228,-0.01621941062,0.001397098019,-0.02403285306,0.006938076261,0.007930610794
2.523299239,-0.00815395013,-0.001548812879,-0.005822914005,-0.01101443043,-0.0010543482,-0.02004617831,0.01502382877,0.00739492596
2.522857755,-0.00575687005,-0.00330861193,-0.009795125666,-0.01780435609,0.001028839533,-0.02549078251,0.007121629622,0.008248111239
2.553133241,-0.005966534707,0.004229008682,-0.007036365958,-0.01740660749,0.001143037132,-0.02363486148,0.006496311584,0.007996011193
2.529373811,-0.004754878067,0.004564830224,-0.004987264961,-0.00939746212,0.001539569082,-0.01974218331,0.01644877017,0.007547231922
2.526724569,-0.002427948312,-0.0001527382769,-0.008957150285,-0.01539274325,0.0006669751843,-0.02157627102,0.00699298031,0.00749000339
2.565503629,-0.0002289350763,0.006406293865,-0.0047210506,-0.01428130427,0.001280379317,-0.02455946775,0.01015190717,0.01046794835
2.57873581,-0.002358476591,0.007358734477,-0.005666426359,-0.01117315955,0.002059861668,-0.01975929875,0.009408503611,0.009518597681
2.55560923,-0.00047861424,0.005043242545,-0.007980895578,-0.01543114771,0.003285127484,-0.02102330467,0.01011928549,0.008020302346
2.587125348,0.0004567288146,0.005602327844,-0.002027660177,-0.01351009073,0.002165272715,-0.02199338735,0.01303320326,0.009211593521
2.57552406,-0.0005024032734,0.008724929599,-0.006832728775,-0.01336271038,0.001482352553,-0.02188946335,0.008150066774,0.008942523203
2.483570783,-0.002710449795,0.007358610983,-0.003586926932,-0.01226728473,0.002785134075,-0.02434063831,0.01187578076,0.008463947867
2.532917802,0.0005381343352,0.008018974491,-0.007349447145,-0.01607068349,0.004248268446,-0.01782179537,0.008988532763,0.008921968458
2.501022087,-0.0005985013589,0.006496700073,-0.009665969129,-0.01031190359,0.003539248355,-0.02422272769,0.008801928232,0.00920007227
2.551174378,0.002509343182,0.01006969277,0.007490371135,-0.0115190663,0.001713525417,-0.02327726442,0.01592622817,0.01098174964
2.54169581,0.01061857199,0.02110101987,-0.007647946452,-0.01356967497,0.005905686063,-0.01672139574,0.007592001926,0.008560012815
2.495822634,0.007576655687,0.01404088152,-0.007700130369,-0.01407627051,0.005418683421,-0.02297068915,0.01634216577,0.01069457259
2.48699877,0.008119014472,0.01633939875,0.00894488733,-0.005941402926,0.002801258848,-0.01791207227,0.01298123215,0.01033356579
2.488871449,0.008934962956,0.01482202301,-0.005721117215,-0.01573244803,0.003382782549,-0.02120118885,0.009221011164,0.009528160794
2.500773609,0.00386351617,0.01507794858,-0.009239319211,-0.01558253878,0.001687668262,-0.02470285706,0.01148719028,0.009865732076
2.528925209,0.005267547198,0.01443332991,0.00540242224,-0.006716372194,0.002356449342,-0.01641252582,0.009879157524,0.008167757379
2.560772854,0.002733480278,0.009245942274,-0.006591310272,-0.01808996709,0.00241310535,-0.02318001884,0.009801990139,0.0080308237
2.505880098,0.0006815618272,0.007313086534,-0.006858000792,-0.01526028144,0.002046693633,-0.0258780776,0.009570575426,0.008451181287
2.533933268,0.0003741995987,0.007490121415,-0.0007218596932,-0.01025320201,0.001056472703,-0.01758047472,0.01111437473,0.007786055819
2.578303861,-0.000774340549,0.007919213884,-0.008276896845,-0.01598029301,0.001294952742,-0.02289517518,0.008096395056,0.005262594754
2.501273597,-0.002849419733,0.006751008776,-0.007741714591,-0.02041226349,0.002114507363,-0.02369896462,0.01119267961,0.007478567151
2.470256095,-0.002817993005,0.005746718943,-0.0004081596236,-0.008895717391,0.0006788396923,-0.02017647053,0.008694861431,0.009332835998
2.501647957,-0.001362408259,0.006049714359,-0.009432945844,-0.01494981695,0.0005577634891,-0.02196354457,0.01252220298,0.007369144905
2.494162104,-0.002478697685,0.004531792601,-0.005107302022,-0.01798231069,0.001614944969,-0.02340263041,0.008907644529,0.007532889155
2.48537961,-0.002228769523,0.007022612747,-0.0007417992019,-0.01322460396,0.001845638752,-0.01969615238,0.009805993451,0.009297523569
2.556989737,-0.004939098623,0.004445266032,-0.009399280604,-0.01549396236,0.001792095722,-0.02404642158,0.009191019574,0.0075917291
2.438368688,-0.001536982581,0.00392283379,-0.006584044321,-0.01607556531,9.406359669e-05,-0.02255638133,0.00877093862,0.007035559682
2.56156871,-0.008368022685,0.001104900533,-0.002530737737,-0.0141260604,0.0006062636091,-0.02107360193,0.008137778131,0.007897415814
-2.678205163,-0.01469088137,-0.006098161711,-0.01160970104,-0.01900984674,-0.0007437859127,-0.02423918027,0.01129323652,0.00703480793
-4.086500287,-0.01050292008,-0.006874311629,-0.008122605817,-0.0162215161,-0.0005498937582,-0.02219685767,0.009382619686,0.008005223335
-3.663435106,-0.01144043692,-0.003040491262,-0.006211534272,-0.01359375304,-0.001527388226,-0.02140750785,0.008963435429,0.008102459658
-3.863388346,-0.01093632293,0.0001291924097,-0.01006893712,-0.01639363289,4.472060054e-05,-0.02429741808,0.00899686103,0.008528395591
-3.670423648,-0.00904945146,-0.001358517814,-0.008882701571,-0.01620581942,0.001486414879,-0.0218226553,0.0114011075,0.008684477547
-3.956034158,-0.00767458668,-0.001190621356,-0.003614408168,-0.01291417447,0.00065149389,-0.0205898346,0.009158160153,0.008269803588
-3.629397611,-0.005160469714,0.005119080862,-0.008130107157,-0.01393679919,0.001315457747,-0.02288315469,0.01309771931,0.008541736671
-4.211474738,-0.003665330998,0.003519372688,-0.007400299765,-0.01561936296,0.002801931614,-0.02346062537,0.002627607319,0.008579097202
-0.8829903174,-0.00167258488,0.00796222074,-0.001878544143,-0.01040150752,-0.0006093643287,-0.01802874932,0.02576362417,0.009123850668
3.553302864,-0.0007097931313,0.003239376469,-0.01406146169,-0.02210101317,0.01227269509,-0.02468625243,-0.005929936326,0.008680644629
-0.2648421918,-0.001072431817,0.01407903386,0.0002082068694,-0.008297162758,-0.0108781125,-0.02928854642,0.004603454526,0.01091444616
-4.174006531,-0.0005034065299,0.002729955797,-0.001821653,-0.005407752409,0.002654017101,-0.003825639776,0.03697694156,0.009380438082
-3.636599638,-0.0009180618944,0.003794796295,-0.01254625259,-0.03389313316,0.01166328017,-0.02826529868,-0.00439455966,0.006575106477
-3.917430887,-0.001295104138,0.01119793378,-0.0002448286254,-0.008526674525,0.003662608878,-0.0338912493,0.002371533634,0.01107195873
-3.768698345,-0.0003170825415,0.007684790896,-0.003513960806,0.004975292923,-0.001304423305,-0.008945553358,0.02304114392,0.01094698129
-3.89620752,-0.003581045596,0.004557749497,-0.0136117794,-0.02787069309,0.001481557394,-0.02152688686,0.01251877857,0.007702526318
-3.770766837,0.004573253462,0.008844168308,0.0058798316,-0.01998447324,0.01112677957,-0.02790333518,0.001408455498,0.009429776248
-3.825485465,0.006640015383,0.018391633,-0.004078130146,-0.000932867987,0.0003455090746,-0.01747364399,0.005059755711,0.008354368681
-3.769250762,0.01185135386,0.01855141432,-0.01047310385,-0.002544728389,0.0008547204503,-0.01876615182,0.02265629109,0.01363600489
-3.815187813,0.005944625776,0.01006972221,0.001619855747,-0.02454401569,0.009068355234,-0.01673823112,0.01390135816,0.008760582614
-3.817504906,0.01123980501,0.0177984741,-0.002029954921,-0.01772239286,0.0084570175,-0.02572026907,0.001994545591,0.008962813804
-3.786532186,0.004057856648,0.01813542535,0.0009339063745,-0.002150401697,0.0001724585227,-0.02285143131,0.01924944207,0.01026757357
-3.783821831,0.005179360584,0.008449558732,-0.01205308022,-0.01624656393,0.001696424374,-0.01657385795,0.00638916036,0.007631849335
-3.776832825,0.005630162761,0.01483977858,-0.002463150485,-0.0205277444,0.004201705258,-0.02606292844,0.00686650357,0.009880828097
-3.775955586,0.001642903405,0.01194395342,0.001846037949,-0.006237211091,0.001697167367,-0.01843482471,0.0157019021,0.006849626054
-3.871763104,-0.0008132204032,0.007712656555,-0.009047016396,-0.01314859876,0.0006343287241,-0.02083162878,0.006466053946,0.00829375135
-3.695030375,8.802232319e-05,0.004456328515,-0.01046716864,-0.02443917676,0.003993493389,-0.02722017394,0.014086458,0.008622432004
-3.92953281,-0.001875577069,0.008048389801,-0.0004992282348,-0.009949838029,0.002226183905,-0.01132572518,0.006406646145,0.00549562637
-2.869890931,-0.003914537088,0.00792567567,-0.0009400375589,-0.01137310583,-0.0005812019858,-0.02694995229,0.01532601882,0.008068762309
2.706657221,-0.002157614892,0.004550410951,-0.01181587687,-0.02245892183,0.002887771605,-0.02773092238,0.0057879891,0.008030608817
2.207307309,-0.0004520642749,0.007021769901,-0.006433830467,-0.0131754412,-0.0001026497665,-0.01207330619,0.001975333794,0.005143718513
3.027279256,-0.001531492633,0.01028143189,-0.00281849633,-0.01023491547,0.0001947282121,-0.02912044991,0.02114099947,0.0102813389
-1.563754354,-0.002615327428,0.003304845212,-0.006432420959,-0.01976335317,0.0009147740543,-0.01703509056,0.005536120206,0.008019734794
-4.334445383,-0.002345161718,0.005723795231,-0.005995580841,-0.01602432476,0.003814918647,-0.02354284935,0.007514041192,0.006619000619
-3.508627292,-0.0026908905,0.005018246228,-0.006911433045,-0.01110655835,0.001108303156,-0.02350899532,0.01281718577,0.009353665954
-3.971370777,-0.01286171405,-0.005745194954,-0.006807128378,-0.0216023024,-0.001566179155,-0.01842562708,0.009348683403,0.005438607189
1.871784436,-0.01240910311,-0.004030526504,-0.00574039766,-0.01690098044,-0.0006913908226,-0.02765304257,0.007456511383,0.008213176159
2.456937458,-0.01250900298,-0.0007161145485,-0.005639759096,-0.01338401979,-0.001664203402,-0.02221639682,0.009599103055,0.007223635543
2.782171985,-0.01066269306,-0.004658061914,-0.02348780236,-0.02328021427,-0.001488220397,-0.02039309343,0.007525110862,0.005818588269
-1.818537572,-0.006453672506,-0.001465719949,0.00242534682,-0.007404993587,0.001121885258,-0.02640532892,0.01342622829,0.009472528091
-4.268456402,-0.008858282755,0.003003899287,0.002161677431,-0.01214922735,0.0004255898505,-0.01669218886,0.008975827477,0.007163122106
-3.495791595,-0.007369903887,-0.003697670265,-0.02100260983,-0.02465971432,0.00230711434,-0.02769098409,0.008113191749,0.008322519714
-4.000961652,-0.002437134557,0.007827144733,-0.00509948079,-0.007921955535,0.001888422521,-0.02264899834,0.01423209138,0.009106893129
-3.551924196,-0.003469607492,0.007004339846,0.002120142559,-0.007382711353,0.001880747642,-0.01793608528,0.005464354541,0.00750152692
-4.022586432,-0.003054250209,0.001451372013,-0.01552813128,-0.02764183488,0.001248740728,-0.02863281537,0.01593189935,0.009769908844
1.28006845,0.0008453871596,0.006475923336,-0.004255727796,-0.003877584088,-0.00177271541,-0.0160795237,0.006722233446,0.00969551223
2.867720976,0.0008898273859,0.0117277651,-0.0009241155697,-0.007226061983,0.005709223003,-0.02003604893,0.01079844452,0.007882409113
2.342272976,-0.001192752702,0.003469410145,-0.01286677902,-0.03106634899,0.005166833657,-0.03295302314,0.01651939997,0.009647190698
2.561937849,-0.001050007201,0.004946267856,0.002810572312,-0.007554933129,0.001024904531,-0.01005254203,-0.002979952699,0.008876200003
2.490771759,0.0006725471371,0.01013347384,-0.005138917413,0.002375546523,0.002334785119,-0.0220352923,0.03328320088,0.01068828059
2.60004944,0.002103634242,0.002858308613,-0.01724830541,-0.03034310995,-0.0001366790459,-0.02769691344,-0.008051052674,0.009408385508
2.519891961,-0.001110574731,0.01357379905,0.007115771854,-0.01021854276,0.005020990896,-0.01777093189,0.01738829378,0.0076666073
2.576368579,0.002089215225,0.01227806756,-0.001217029418,-0.00368112833,0.001878663318,-0.02098979649,0.01470203531,0.01130074235
2.546782395,0.009213329712,0.0123219939,-0.01528889302,-0.01890122966,0.004924094362,-0.02051850199,0.00652839619,0.009246542622
2.563443082,0.01225888133,0.01631095896,0.006071897622,-0.01145848989,0.00544790782,-0.02221877721,0.01387210638,0.01128963501
2.554058123,0.006953316893,0.0255279318,0.001823743763,-0.006105532414,0.002772881484,-0.01696028026,0.006541311862,0.009178488773
2.546495267,0.005785204055,0.008564532253,-0.01407985433,-0.0208303152,0.006160953242,-0.01877879206,0.0218564958,0.007346348508
2.567866828,0.007390524302,0.01099929533,0.001341575298,-0.01229262829,0.002225323723,-0.02459361223,0.0002258814553,0.01065592511
2.551725386,0.005462102597,0.02148384973,0.001642513622,-0.008876974743,0.003753459722,-0.02056863602,0.01696282414,0.009995953922
2.56963247,0.0004791794104,0.006877599186,-0.0120768909,-0.023505194,0.001343030835,-0.02152213242,0.004727325421,0.007716186822
2.494394466,0.00276511474,0.008511949053,-0.0002310762119,-0.008957891539,0.0008395002056,-0.01940041393,0.01411236509,0.006896002853
2.569868427,0.0009673753659,0.006907112941,-0.002054436955,-0.01237111622,-0.0001038057491,-0.02216546207,0.01119279259,0.009559014282
2.503747811,-0.003680565107,0.009915624942,-0.01268455572,-0.02144152552,0.0003576473087,-0.02701592435,0.004127677944,0.007169124393
2.524707845,-0.003414977503,0.007155289566,-0.002362682764,-0.01330733873,0.002806786375,-0.02002874936,0.01715095149,0.008584287951
2.535668458,-0.003110473215,0.002093418249,-0.002117264272,-0.01265156366,-0.001427406918,-0.02059906181,0.005809525923,0.006717405984
2.501753842,-0.0004633046617,0.005725819214,-0.01238704137,-0.02080253848,0.001045833935,-0.02526462223,0.01395766356,0.008986196655
2.505611248,-0.001501439139,0.007664066683,0.001796923279,-0.00771902873,0.0002967565852,-0.02293343983,0.004619462439,0.00969026957
2.541166669,-0.002802379538,0.008360182508,-0.01145890916,-0.01770166147,0.0006780044627,-0.01795797091,0.01357368793,0.005088745864
2.513113931,-0.002158113743,0.0001814172833,-0.01133541658,-0.01703632816,0.00127809234,-0.0252246678,0.005949967008,0.008326895461
2.604868664,-0.002065807454,0.007580780443,0.00923367666,-0.008790041232,-0.0002325743648,-0.02093600379,0.01441302955,0.00981948244
2.523124214,-0.006011526178,0.002724094232,-0.009314374269,-0.01546004956,0.00104698456,-0.02249945787,0.004762165269,0.006035452352
2.520120465,-0.01458972993,-0.007759863052,-0.02160389355,-0.02473685517,-1.824609125e-05,-0.02471623705,0.01085910878,0.006465904203
2.551847629,-0.01050721027,-0.004791322723,0.001176600899,-0.01034201905,-0.0002510581979,-0.02104552633,0.007432002999,0.008294302729
2.571196438,-0.0119992875,-0.002083244841,-0.005825007606,-0.01479142142,-0.001072863645,-0.02443860034,0.008213704056,0.008041518092
2.527152914,-0.01003382949,-0.003833960586,-0.01675342635,-0.02375640816,-0.001235781043,-0.02561142782,0.01042212166,0.007893475997
2.559989724,-0.006033340286,0.001868261716,-0.001392074856,-0.01025214599,-0.0006344176923,-0.01967082432,0.009662366116,0.008026942382
2.526493354,-0.007845710699,0.001753375608,-0.006911929057,-0.01326454768,0.001695888152,-0.02178968994,0.01360361357,0.006807543004
2.548026601,-0.006125929444,0.0007606939991,-0.009820558537,-0.01776048171,0.002871111345,-0.02765417758,0.004926751184,0.007802015626
2.535025446,-0.001807694846,0.001456474149,-0.006166368003,-0.01239026201,0.0009392106245,-0.01962226398,0.01303755289,0.009107953672
2.545255004,-0.001559288094,0.005775743885,-0.004463668349,-0.009671040997,0.001936852142,-0.02271916222,0.01011497957,0.008563603125
2.537701659,-0.003009771181,0.006073573891,-0.008346544979,-0.02156048037,0.003039371483,-0.02301899759,0.01181292395,0.007816139767
2.542443289,0.0004983014979,0.007461176502,-0.003077806292,-0.01133361411,0.004079432245,-0.02309881861,0.007304444459,0.01013766278
2.532522909,-0.001020610615,0.008379467411,-0.01025573,-0.01101191443,0.0007597762468,-0.01930414964,0.01538270034,0.009691381054
2.499122229,-0.001874926968,0.007671524169,-0.006150252858,-0.01260221373,0.002944077274,-0.02310809044,0.007462695025,0.007637654242
2.472741636,-0.000445323885,0.006793652984,-0.001990665943,-0.01679873353,0.004115470562,-0.02057710065,0.01034649014,0.008069372755
2.550781654,-0.0004551122954,0.00578204105,-0.007397926657,-0.01200451272,0.003472679126,-0.02221113995,0.01138850048,0.009231918386
2.528922754,0.0009773765845,0.006165108357,-0.007600987693,-0.0132716445,0.002903143666,-0.02069901622,0.01152285978,0.008163044183
2.51629881,0.0006176465441,0.008288572652,-0.001268892112,-0.01333408281,0.002799513245,-0.02224021484,0.009668370693,0.008862897996
2.494671557,0.006880285823,0.01427401803,-0.004334035708,-0.0142570303,0.004233234256,-0.01919983425,0.01234529821,0.009219690582
2.32178273,0.01043101071,0.01818360784,-0.001944376409,-0.00754785644,0.004077918423,-0.0195150514,0.01429057285,0.009367503942
-2.999799209,0.008769870561,0.01623588709,0.001196992427,-0.0118531001,0.004075723745,-0.0199970474,0.01094702411,0.009591784431
-3.975562948,0.008276064199,0.01799462167,-0.004369080297,-0.01441853306,0.005238236335,-0.02188334842,0.01043632505,0.008937156223
-3.728045554,0.004258587027,0.01255765077,-0.003646426436,-0.01409981785,0.005036371179,-0.01911233587,0.01265041561,0.008831350173
-3.849683122,0.004065284261,0.01172146839,-0.0004794855845,-0.009849082366,0.001985168866,-0.01830015097,0.01016112933,0.009481992841
-3.742315583,0.006473266749,0.01395039807,-0.00525634929,-0.01374561542,0.002760261725,-0.02296232783,0.01099944023,0.009689485474
-3.876466299,0.001917795836,0.01168064792,-0.00725342075,-0.01526458687,0.002490062265,-0.0227049722,0.008364061711,0.007183107155
-3.700565796,-0.0003981228908,0.009363047845,-0.0007286711756,-0.01198170906,0.002348812203,-0.02087220119,0.01286489014,0.006925011013
-4.051073265,-0.0006908057397,0.004732914098,-0.0116745901,-0.01865975367,0.001832511417,-0.02054114657,0.005770016345,0.00801570622
-0.05715519619,-0.0004967727808,0.00651411314,-0.0002628659982,-0.01098359898,0.0006236800809,-0.02495257054,0.01383060945,0.007631353807
3.497085059,-0.003565694615,0.006057114539,-0.003294679199,-0.01711044674,-0.0001347758222,-0.02036163749,0.004003280375,0.006806054237
-0.8571825707,-0.001639782081,0.005796204218,-0.01335911446,-0.01590882847,0.002387862511,-0.02165454095,0.02453560222,0.006945207686
-4.241475047,-0.001889607124,0.0046995012,-0.00269449717,-0.01775327471,0.009983023907,-0.02125844529,-0.009042109819,0.008547138078
-3.625863613,-0.002106652171,0.01383738325,-0.002324499351,-0.007082908437,-0.01446365822,-0.03529202507,0.005129190024,0.009851460438
-3.898784998,-0.002069029073,-0.003018789343,-0.01352536562,-0.0171324286,0.005798337711,-0.005059704787,0.0366898329,0.008008490625
-3.74934764,-0.002946734095,0.006231005931,0.001112129362,-0.0221203112,0.005624179688,-0.02132227935,-0.01295184728,0.003580688271
-3.899683185,-0.0007405336158,0.009760958935,-0.004052605276,-0.009826334999,0.003563833306,-0.03782404568,0.01389562969,0.01111400194
-3.793997768,-0.01350371851,-0.006012919483,-0.01443645382,-0.01054668588,-0.006437446472,-0.01257284906,0.01052165902,0.007621354739
-3.796490805,-0.01471751273,-0.003490530814,-0.00767264103,-0.01919314952,-0.002218824903,-0.02069690131,0.01191088336,0.005369574209
-3.801135187,-0.007581777701,-0.003732672334,0.001585115573,-0.02337181495,0.005744721032,-0.03182094752,0.0073457528,0.008458929794
-3.806670974,-0.0120627074,-0.004210285328,-0.01624710991,-0.01371236,-0.005913573417,-0.01980197171,-0.007538220979,0.004415005447
-3.786854252,-0.007097047934,0.0003887039064,-0.009878247629,-0.002790972913,-0.001880815496,-0.02180731466,0.03315622239,0.01336788991
-3.784147653,-0.01062008155,-0.003074790117,-0.004961606766,-0.02274984116,0.002730747688,-0.02008931317,-0.002522768987,0.005366988377
-3.734716245,-0.00448770012,0.001399882805,-0.004190787213,-0.02037216602,0.004781799247,-0.02416670441,0.009669828375,0.006382919663
-3.816145356,-0.004927193124,0.004058192682,-0.005890740776,-0.0108269768,-0.002437017553,-0.02484424229,0.01683343671,0.01149015597
-3.751481112,-0.003812190949,0.001934261879,-0.01616480935,-0.01087809175,0.0006437459095,-0.01414768472,0.004161755986,0.008130258113
-3.877884442,-0.001881365216,0.005751866189,-0.001453854301,-0.015273362,0.006072044285,-0.02511382946,0.01381788665,0.009023061071
-3.640712722,-0.0001226404685,0.006590923411,-0.003353684298,-0.01396555329,-0.001866143988,-0.02277330494,0.004525311297,0.008762974872
-4.166164946,-0.00218776621,0.007299054948,-0.01133400621,-0.01218138964,0.001511543015,-0.01906722434,0.01850753214,0.009511875824
-2.246163931,-0.000468485638,0.0058337544,-0.006712484336,-0.01434561914,0.005494071707,-0.02482859567,0.009575626434,0.008624677883
2.992381308,0.0004466028414,0.009604680501,-0.0006624099171,-0.01202810701,0.0009075096585,-0.01390335029,0.007417843656,0.007857166875
2.161566122,-0.001925851575,0.007672466091,-0.004333723032,-0.01571378519,0.00133041832,-0.0266443606,0.0179866296,0.01280333753
2.915159243,-0.001554765924,0.005984923114,-0.008788554502,-0.01053277863,0.004954109044,-0.01975303498,0.005453341071,0.007949205543
-2.355060288,0.001337238063,0.006296888482,-0.004702308536,-0.01263737744,0.003577085293,-0.01777868942,0.006125555387,0.007044505699
-4.042665196,0.001118144831,0.009115040121,-0.005342023343,-0.01849817362,-0.0001401460399,-0.02918694505,0.01491567863,0.01174138458
-3.711800468,0.00832527959,0.02196667595,-0.003606330895,-0.007598879069,0.003794734814,-0.0127192658,0.01385895526,0.009924388876
-3.441605107,0.01094084576,0.01490248519,0.00280703378,-0.007464869323,0.007569439824,-0.02342947409,0.01020078194,0.01064227947
2.403731805,0.00869168109,0.01764599299,-0.0140942619,-0.02105228835,0.001861710298,-0.02113933454,0.01050881295,0.01003630244
2.283666186,0.008228559108,0.01698926716,0.002719724932,-0.007275938209,0.002880543748,-0.01999014279,0.01256544956,0.009949611833
2.956046016,0.003655815063,0.01354230362,0.008443134635,-0.007134744164,0.001664138488,-0.01981275163,0.01361324939,0.009369608082
-2.03953473,0.008712824294,0.01062713749,-0.01108747266,-0.02093533018,0.005192591473,-0.02451484637,0.004862753302,0.006476858738
-4.19505394,0.003037935509,0.01078403835,-0.009995616916,-0.01633204267,0.00442160227,-0.0221592352,0.01196958111,0.009871967352
-3.591867086,-0.0003449373921,0.01314497012,0.002475013895,-0.001049866788,0.001231297593,-0.01758480111,0.0130836099,0.008913717668
-3.918545834,-0.002154142496,0.004496499976,-0.006422310373,-0.02208537039,0.002831189404,-0.02051934516,0.01041059797,0.007433226747
-3.63464488,-0.0004219338007,0.008516558415,-0.006645747988,-0.0170047137,-0.001336507052,-0.02703159845,0.006892010128,0.007831686257
-3.629937523,-0.001734794613,0.01063270254,-0.005932624155,-0.0104977084,0.0008684882557,-0.01879359588,0.01439808462,0.007892880161
1.947470142,-0.003952727965,0.003173148947,-0.008396685371,-0.01789688597,0.002654272643,-0.02087180829,0.00283362417,0.006092111125
2.664969188,-0.0002129987209,0.00457463253,-0.001912623855,-0.01421057812,0.001627351248,-0.02470420724,0.01845124106,0.008480239436
2.455898146,-0.001820824833,0.003199460834,-0.007533962484,-0.0122655254,-0.004516189417,-0.01560279738,0.000725751302,0.009696521872
2.558376126,-0.002102779449,0.008611037604,-0.009374493564,-0.01416269743,0.005843812338,-0.02784902186,0.01342734677,0.00527814891
2.476460594,-0.002510190291,0.004328099624,-0.001890759793,-0.02208061265,0.0001415026299,-0.02406127434,0.01792884366,0.008704484649
2.592710402,-0.001874245498,0.004160035729,-0.001650261319,-0.01214457304,0.0005337065686,-0.01431383114,-0.00884808549,0.007698741654
2.540336409,-0.007762439288,0.005212287898,-0.01387668868,-0.01208793991,-0.0002692638921,-0.02863170221,0.03666723655,0.009120834591
2.54751617,-0.01114718048,-0.01094227009,-0.009059691598,-0.02109326803,-0.004787351336,-0.02319255484,-0.01727831632,0.00696429156
2.527838494,-0.01112399403,0.001156437649,-0.004970909978,-0.01896412249,0.002312503235,-0.01981484192,0.02316714764,0.006377845248
2.546746771,-0.0117235331,-0.0054023944,-0.007399909553,-0.01702317498,-0.0008973805602,-0.02610257531,0.003677645148,0.009379103337
2.582920089,-0.01202813123,-0.003777531934,-0.01153392245,-0.01223183421,-0.0002398133004,-0.01981634543,0.01051082127,0.005422839238
2.499626874,-0.004852692326,-0.001840860402,-0.009512011734,-0.01899069231,-0.0009291008388,-0.02683185048,0.01214137815,0.00868522594
2.437261278,-0.009151961829,0.004738027737,-0.003490315439,-0.01463625905,9.270877013e-05,-0.02362404632,0.002910364626,0.00609965918
2.522902346,-0.006414564809,-0.0005235402819,-0.006764326373,-0.01143759785,0.003463929515,-0.01768205996,0.02101259065,0.008185655288
2.513546815,-0.001611451584,-0.00142112543,-0.01180507993,-0.0175270251,5.602779625e-05,-0.0243154021,-0.002522750761,0.009916145398
2.557352623,-0.0009971732646,0.008869164199,-0.002922056232,-0.01208342515,0.003669475083,-0.02519131147,0.02027801083,0.009955954326
2.541509292,-0.003915988362,0.006726436794,-0.006389662043,-0.01305547962,0.002149097429,-0.01735873148,0.002265499923,0.008649185556
2.522064346,-0.001147087857,0.003031623519,-0.00998679761,-0.01607289679,0.0008373569063,-0.02119533319,0.01716262835,0.008325397077
2.495350666,0.0008702325642,0.005153833284,-0.001978945455,-0.009462375927,0.00159162292,-0.02093131925,0.01283780217,0.01186369643
2.47039902,-4.856757562e-05,0.01055883954,-0.003706770569,-0.01473994832,0.003035367818,-0.0226377849,0.003187476864,0.006906260914
2.537291389,-0.002369900769,0.008601641,-0.01127524168,-0.0195359726,0.0054986678,-0.02181564968,0.01838671966,0.008618330444
2.49742796,-0.0003594040406,0.001241671529,-0.0003310535292,-0.007352912915,0.0002722233826,-0.02004862761,0.006733650843,0.008584323899
2.497542086,0.00205355483,0.009170613956,0.001801457854,-0.01156985137,0.0009010963345,-0.02373934386,0.018142922,0.008955679289
2.553458154,-0.001760464537,0.005007306335,-0.015113769,-0.02160056595,0.003493460664,-0.02470881611,0.006588157264,0.007658809885
2.498894007,0.005629793716,0.01512082361,-0.002314221198,-0.008231322706,0.005809196981,-0.01960482877,0.01225323509,0.01004303079
2.498708901,0.01201447692,0.01745593611,0.00288753121,-0.006660919134,0.004182725081,-0.01692049481,0.01300452231,0.01067616898
2.519535014,0.008102592816,0.01310638897,-0.009207884776,-0.02076215814,0.002796380516,-0.02254873814,0.009510894753,0.009328184082
2.605560802,0.009452812035,0.01906012015,-0.0002048072562,-0.01014172964,0.004544482822,-0.02120495921,0.01198782974,0.01072015184
2.538923788,0.005946009499,0.01652404783,-0.001906428442,-0.009367091019,0.003152575605,-0.0159044143,0.008944155301,0.007006087719
2.496580784,0.004184227562,0.009338538379,-0.006717326534,-0.01825168732,0.00314426137,-0.02218370549,0.0137912789,0.007747788098
2.528123362,0.004561465879,0.01179900645,-0.0002170623823,-0.01158950705,0.002808664336,-0.02406389618,0.01127984505,0.01034969828
2.550659416,0.001020466574,0.01144881282,-0.003496822438,-0.01119862174,0.00249140952,-0.0185385917,0.0108383872,0.007721575658
2.545426298,0.00044765509,0.008398033098,-0.008789684577,-0.01950057484,0.0006935101504,-0.02298068271,0.01099021635,0.008018109222
2.509337686,-0.000268829928,0.00851382357,-0.002053336613,-0.01382853933,0.002107576853,-0.01983575533,0.007630786597,0.008346891425
2.489791752,-0.001308865592,0.007520039595,-0.005501252513,-0.01298864764,0.002460488317,-0.02389188462,0.01269109019,0.008482614689
2.619464455,-0.003934953144,0.005181481247,-0.009854268121,-0.01778593656,0.0005969326695,-0.02500811455,0.008269779435,0.007217008454
2.481830438,-0.002064636505,0.007693419092,-0.002873509005,-0.01251148004,0.001633746181,-0.02078949814,0.009500294939,0.007473957488
2.5133145,-0.00258894912,0.008273045532,-0.005087725166,-0.01570992866,0.001934070213,-0.02185579954,0.009625579001,0.007927745678
2.50849098,-0.001993668663,0.004767382303,-0.008790387555,-0.01696063708,0.002432406035,-0.02350386163,0.01055668383,0.007805418541
2.49863523,-0.001919109767,0.005219651349,-0.004102714546,-0.01388356953,-0.0002999912557,-0.02155489893,0.00962216391,0.007506356063
2.531437974,-0.002092425248,0.007320005914,-0.004095015398,-0.0134776435,0.0001820883905,-0.0206442583,0.006913005156,0.008868766347
2.507768694,-0.002254106632,0.003564213314,-0.007863193276,-0.01828732316,0.001738089192,-0.02372392812,0.01202627063,0.008108691043
2.445693553,-0.009680893035,-0.004588878723,-0.006271126155,-0.01556499389,-0.0007061161073,-0.02335790641,0.006909673441,0.006720795513
2.643853155,-0.01401971353,-0.004389203707,-0.008740503501,-0.01540060935,-0.001261729494,-0.02283517444,0.01120184766,0.007434789356
2.055293172,-0.01169417952,-0.002996827674,-0.01109935721,-0.01696108693,-0.0006032825714,-0.02463034701,0.007339275036,0.007770757832
-3.360401359,-0.0115325534,-0.002972310641,-0.007862221184,-0.01632217308,-0.0007783235799,-0.02233004883,0.0102879102,0.007334753481
-3.816495298,-0.009047174571,-0.001391478863,-0.004938961588,-0.01524260715,-0.0007816624782,-0.02267199529,0.01080371211,0.008048026414
-3.796313295,-0.00771892657,0.0006133427133,-0.00959192653,-0.01619122592,6.963423933e-05,-0.02259628264,0.008185712949,0.008341961578
-3.784190225,-0.006707038664,1.596436114e-06,-0.006438800228,-0.01227415541,0.001232008072,-0.02245698981,0.009517188188,0.009218951163
-3.857435888,-0.004162472885,0.00208806753,-0.004912345117,-0.01568846385,0.002079282134,-0.0213725392,0.01292136689,0.008897239656
-3.784246145,-0.002761117202,0.004596206509,-0.01396438614,-0.01541480584,0.001510494344,-0.02183957147,0.008403909129,0.009015680918
-3.850684143,-0.003320050445,0.004263669381,-0.0002558544727,-0.009892005642,0.001365551173,-0.02350353065,0.01185634883,0.009690314434
-3.591864462,-0.0002557917462,0.006484646128,-0.002283521156,-0.01551877516,-0.0005134391434,-0.02066753028,0.01097706602,0.008586973965
1.55951321,0.0003847157009,0.0057012422,-0.01337037592,-0.01466424827,0.004403666555,-0.02212772087,0.008848843838,0.008102603528
2.981660152,-0.001625321276,0.004152790531,-0.002936028701,-0.009504400803,0.002294086421,-0.0228800247,0.01212009753,0.01002532662
-2.100023282,-0.0002886910457,0.006679567222,-0.0009022401281,-0.01033545623,0.002947137763,-0.01880148286,0.0098037652,0.009969213672
-4.202146841,-0.001597256464,0.007373957757,-0.01062049655,-0.01888612119,9.27179037e-05,-0.02679741428,0.009753374436,0.009146061598
-3.615543359,-0.001214256352,0.008192198975,-0.003881951144,-0.01023519067,0.007057646022,-0.013590575,0.02256463911,0.008061012874
-3.875845473,0.0006304250999,0.005635380534,-0.002343324555,-0.0159245311,0.005334854814,-0.01766926025,-0.01593561588,0.008186514392
-3.784375317,-0.0005275195087,0.01219391774,-0.006389736793,-0.00860839532,-0.008728971616,-0.04341417876,0.02923706327,0.01287133523
-3.855477021,0.01079877917,0.009568189057,-0.00700664282,-0.01399441414,0.01429485313,0.00876971417,0.02003712598,0.005224190404
-3.786500977,0.007951526194,0.0198442119,0.005167616119,-0.01716830345,0.004917943067,-0.03124907472,-0.01231786272,0.009026647184
-3.825419035,0.01105632188,0.01641951806,-0.004434765367,-0.00863531741,0.004647923089,-0.03291722809,0.03123928571,0.01582835028
-3.777853191,0.004838109056,0.01414107813,-0.006479670532,-0.008051619317,-0.00141367865,0.001221080792,0.0008522330244,0.005759880882
-3.788452597,0.004743880074,0.01766048605,-0.0009664348771,-0.01866412719,0.008093842528,-0.03121379961,0.02150531063,0.008162733133
-3.764282649,0.006049935519,0.01274681537,0.002672796434,-0.0176819695,0.001613158109,-0.02421847627,-0.0009449334181,0.009798195372
-3.831520958,0.003254668587,0.01035528228,-0.01177760323,-0.008251416646,-0.001728354077,-0.01487133002,0.01059591567,0.008727189603
-3.723021003,0.0008324954257,0.01087345254,-0.002056522279,-0.01077360324,0.00106621519,-0.02972592793,0.02342454077,0.01143971987
-3.821331469,-0.002565353157,0.005238556647,-0.00531341252,-0.02392850444,0.007068422584,-0.01404248868,-0.0005298453199,-2.562245284e-05
-3.685311865,0.002525172341,0.009684669241,-0.0003442606124,-0.01560672326,0.002643556421,-0.02848956159,0.01552252128,0.01178274219
-3.9648992,-0.002457149193,0.006972886441,-0.007281322508,-0.01167751983,-0.00560597441,-0.02161524781,0.00898471069,0.007821522686
-3.516839447,-0.003495209047,0.002034657486,-0.01390518567,-0.01771522539,0.004294261571,-0.01765670147,0.0102086251,0.004471033626
-4.411671739,-0.000938747742,0.008341256701,0.002245224848,-0.01575948349,0.0005030006629,-0.0275500069,0.00529056435,0.007704595701
-0.7755567201,-0.002442105446,0.007217922369,-0.004976799447,-0.01057553457,-0.0007254081392,-0.01744751803,0.0133321853,0.008503365074
3.059632628,-0.002932925255,0.001540877491,-0.01309155686,-0.01905062156,0.002400572485,-0.02646984553,0.008242989334,0.009826457515
2.199113198,-0.002081120171,0.007197801689,-0.00342574882,-0.01389614674,0.0022595021,-0.0218559682,0.009963251493,0.005215421083
2.36965893,-0.003597060561,0.005814083825,-0.0009448303772,-0.01372838701,4.075124214e-05,-0.0150135634,0.01173932343,0.006908097218
-3.593391772,-0.006295562631,0.002901242584,-0.009994720334,-0.01779334385,-0.0006407144173,-0.03170380478,0.009381896191,0.01035704711
-3.610221428,-0.0131191027,-0.00614102703,-0.005140969646,-0.01305896381,-0.001685434505,-0.02022454903,0.006303656951,0.007077097919
-4.142985426,-0.01037527146,-0.003075756963,-0.0140474697,-0.02215518372,-0.0006825466134,-0.0214886547,0.004945442626,0.004918429077
-2.206805521,-0.01170706056,-0.004815946052,-0.008611351893,-0.01591157529,-0.001563542265,-0.02727040905,0.01710861828,0.009470355594
2.86123864,-0.01037927949,-0.000925218484,0.003569765625,-0.009694188589,-0.0002200483712,-0.01628281956,0.00754212252,0.007815269111
2.362870935,-0.004783581885,-0.0023581351,-0.01578476488,-0.02056795477,0.001697393572,-0.02766266392,0.005703197777,0.007339609755
2.497848548,-0.009006908623,-0.001542573198,-0.01438673078,-0.02046515052,0.001764479969,-0.02304900638,0.01516433242,0.007275279624
-3.224331356,-0.006941425948,0.005399381023,0.003360255051,-0.002815507899,0.001303782223,-0.01499504495,0.00671844997,0.008023504633
-3.840327598,-0.003775296411,0.002333958016,-0.01137445565,-0.01906382915,0.002417384942,-0.02789837147,0.01257953168,0.0112926326
-3.771840331,-0.002476665817,0.0036463434,-0.01193967786,-0.01932330406,-0.0001806790271,-0.02418679517,0.003920023169,0.008633010446
-3.664273061,-0.0002470622893,0.009069281248,-0.0004626316994,-0.005082171639,0.002362408377,-0.01725814141,0.01697003437,0.0082801114
-4.057301114,-0.0008380236262,0.008022795536,-0.008880253502,-0.01796115207,0.003777331735,-0.0218979289,0.007113724438,0.009049703397
-2.695704188,-0.001362973158,0.004102830316,-0.005439772442,-0.01773520736,0.002124560362,-0.02377868538,0.008008080992,0.009694958761
2.624106397,0.001394225032,0.009793682289,-0.00281161016,-0.004503837745,0.0006382904329,-0.02087316004,0.01310247159,0.01026570474
2.453341289,-0.001543415868,0.006943612552,-0.008339584612,-0.01690163724,0.001913437762,-0.02150128831,0.01183386579,0.007485411848
2.640482063,-0.0010500552,0.005771404757,-0.004973256643,-0.02138908988,0.004911990025,-0.02033761171,0.005020769441,0.007419695772
2.464880624,0.002477123185,0.00883203213,-0.0005595652409,-0.003179499937,0.001127060826,-0.02202624835,0.02125500396,0.01069456252
2.606075264,-0.002035801364,0.00590727775,-0.01396667893,-0.01598579518,-0.002272607388,-0.0183209192,3.041303442e-05,0.008868363101
2.489479961,0.006182161861,0.01495404245,-0.001435959785,-0.01396221502,0.009094363965,-0.02597010999,0.01078038273,0.007350376467
2.560915502,0.009620872632,0.01934560451,0.003965172817,-0.01285666775,0.001532708256,-0.01857362313,0.02516525101,0.01226211874
2.525287577,0.007463503053,0.01185564606,-0.00615875907,-0.0112491712,0.004628559535,-0.01747976058,-0.005364979585,0.007542955767
2.51792585,0.00890467107,0.0202123361,-0.005316360767,-0.00634489615,0.00819488849,-0.0266765214,0.03251884824,0.01006110623
2.545790287,0.005535046275,0.01408938662,-0.001083534026,-0.01436276614,0.0005399800203,-0.01874712347,-0.01228467602,0.009957053952
2.533574025,0.002651497445,0.01570554818,-0.003392723299,-0.01667724047,0.004761362692,-0.01946714036,0.03117207389,0.007931263551
2.495386683,0.006199226242,0.009728695984,-0.003087308845,-0.01368040899,0.003165848812,-0.0232336495,-0.0008516350348,0.01018604475
2.594066946,0.001798719993,0.01294696369,-0.005705330869,-0.009405220804,0.0005441753991,-0.02006402441,0.01315624124,0.007154902332
2.518060876,0.0006975746825,0.005593979756,-0.005209549117,-0.01910770888,8.420878453e-05,-0.02476920726,0.01147650687,0.01077073652
2.560578674,-0.003039191842,0.01231493851,-0.005078660455,-0.01429026529,0.002080100427,-0.01872649284,0.006549067777,0.005658225575
2.544480534,-0.001360136554,0.003831873583,-0.003426761605,-0.01514673826,0.002872352782,-0.0209763172,0.0197374193,0.008559861244
2.536769415,-0.00349833131,0.002174797868,-0.008649796239,-0.01797944427,-0.002521078858,-0.02452083525,-0.002969651518,0.008797740198
2.539098575,-0.001456306981,0.007593292265,-0.003638361936,-0.01420799546,0.003572500364,-0.02241125587,0.01938782516,0.007727780305
2.530238026,-0.00341217156,0.00416974882,-0.006317753086,-0.01560642137,0.001224424655,-0.02000098588,0.0005272764151,0.006806921935
2.57265904,-0.001184578358,0.005687338866,-0.01384836388,-0.0159653004,0.0006542238043,-0.02151418993,0.01461994734,0.008171761001
2.495833251,-0.001539691837,0.003856078652,0.007262869407,-0.01214790644,-0.0003122092387,-0.02534530298,0.00867248612,0.01052030219
2.517950614,-0.003984735525,0.01065393262,-0.009725321713,-0.01736594296,-2.630793392e-05,-0.01966552539,0.006124245588,0.006767885582
2.570266955,-0.003022564771,0.002916407682,-0.0143433807,-0.01847628761,0.005081590295,-0.02488856056,0.01488830285,0.007284836505
2.446760901,-0.01053147395,-0.005199949011,-0.001779847739,-0.01366930322,-0.002198737343,-0.01877869344,0.005550759567,0.005231510976
2.524056032,-0.01270107081,-0.004381452505,-0.005960968486,-0.01346865722,-0.0007332635609,-0.02520237769,0.01100774333,0.00787902381
2.473483428,-0.01242403655,-0.002538084376,-0.01626225076,-0.02378859224,-0.00169988181,-0.024804992,0.006983390866,0.006645030083
2.476044805,-0.01002385554,-0.003853685529,-0.005898052083,-0.01268439894,-0.001014468174,-0.02111801202,0.01117580497,0.006238232406
2.542386633,-0.007241013821,0.0003366757792,-0.004812071058,-0.01393812544,0.001400878005,-0.02138164631,0.01389335908,0.008234944358
2.507892272,-0.009491450243,-0.001336745903,-0.01216119055,-0.01747685981,0.0005369176946,-0.02420634851,0.004026697076,0.009338990068
2.550559315,-0.008149464472,-0.001357529295,-0.00683164681,-0.01348455652,0.0007838001775,-0.01959732633,0.0147050642,0.009109724455
2.50969733,-0.003466457809,0.003144896864,-0.004825961813,-0.01129043257,0.0005577861009,-0.0202487839,0.007565763228,0.007823419947
2.502671593,-0.003474725098,0.004202192042,-0.005677310852,-0.01800164785,0.003626194816,-0.02277874218,0.01169481122,0.008021910606
2.511970078,-0.002971648349,0.003359664644,-0.005770097615,-0.01407830705,0.001959867737,-0.0229500266,0.007222884815,0.008769187131
2.570359043,-0.0009984980233,0.006414315069,-0.006933113408,-0.01065440568,0.0006717167851,-0.02140030111,0.01451597547,0.0102615474
2.481545582,0.0001073237333,0.009435445871,-0.00640170636,-0.01530060012,0.002238175125,-0.02154930063,0.009579218078,0.008211934622
2.535707371,0.0001142850198,0.005451201286,-0.002390675426,-0.01392820084,0.003742073558,-0.02194665504,0.008920286668,0.008365159997
2.52773772,-0.0006764110427,0.006989081232,-0.007333714165,-0.01294982316,0.00333058581,-0.02107045417,0.01222832742,0.008337789388
2.455708704,0.000337853368,0.006429728868,-0.007874383648,-0.01264612822,0.004651819015,-0.02259407739,0.009167762932,0.009243856625
2.461415738,1.064549815e-05,0.00761232352,-0.0009366223573,-0.01439126276,0.002746039039,-0.02131373409,0.01175732142,0.008818511241
2.501395399,0.000281080641,0.007262084212,-0.003804306322,-0.0140744439,0.002716805606,-0.02204968112,0.009189522439,0.008629605059
2.444589746,0.00230350996,0.008590390197,-0.01016986378,-0.01304011309,0.002526739417,-0.02122170845,0.01431938156,0.01042058945
2.522114421,0.009892597021,0.01739963726,0.0005492317264,-0.00850336993,0.004049430033,-0.02074080409,0.009425346702,0.009874813075
2.428269212,0.008186906009,0.01913221905,-0.001259390627,-0.01446067297,0.006495968243,-0.01878322514,0.01109034186,0.008214249397
2.650379732,0.007870373532,0.01569469887,-0.005888472081,-0.01377803402,0.004783214261,-0.02048742256,0.01227796591,0.009985652379
1.942092139,0.009071225309,0.01422081143,-0.0005463338963,-0.01081581366,0.003260800539,-0.01896964012,0.01397068425,0.009482921789
-3.514178884,0.005403920397,0.01257337178,-0.002146646629,-0.01414329141,0.003033574459,-0.02239864103,0.009123091199,0.00821458468
-3.837138503,0.004811757311,0.01696231676,-0.007218122477,-0.01467193661,0.004225795772,-0.01994320145,0.01062347871,0.009440018595
-3.780079052,0.003113439337,0.01191296747,0.000824016834,-0.01285665553,0.003815537398,-0.02151597539,0.0129388007,0.009070055447
-3.810937686,0.001873617092,0.007119189476,-0.0134627246,-0.01736011273,0.002249904063,-0.02069797457,0.00812790611,0.007984708819
-3.870923385,-0.0001083703859,0.009604340876,0.001020083728,-0.01261506242,0.002230229044,-0.02716095241,0.00886443223,0.008073255909
-3.822312778,-0.0008206176933,0.009693714489,0.003162826653,-0.01517052322,0.0006023522065,-0.01824046483,0.01132893045,0.008199255637
-3.849388807,-0.001999546324,0.002615791913,-0.01615468372,-0.01977236898,0.002184867973,-0.02330844119,0.006120828021,0.006184699122
-3.723605413,-0.002947988343,0.002583944641,-0.007670526325,-0.01604482113,0.001553324356,-0.02191787482,0.0120094628,0.008185012459
1.239572068,-0.002497978043,0.01085865677,0.00434166576,-0.006643979346,0.0002876261597,-0.02036209721,0.007374045126,0.008397143026
3.239784958,-0.004465131592,0.004361078392,-0.01277331352,-0.02423695228,0.001138353768,-0.02386758672,0.01272059266,0.007594326367
-1.815385883,-0.001475259502,0.003524560497,-0.006826383365,-0.01567725755,-2.236021636e-05,-0.02168875626,0.007816802163,0.00778633746
-4.23200291,-0.0007065160992,0.006350345675,0.0006109696697,-0.008567951055,0.001315569956,-0.01767273331,0.00994128042,0.007389055233
-3.580915166,-0.002475463305,0.005621114284,-0.0099528331,-0.01723593292,0.002719296747,-0.02279144148,0.006938999844,0.008250710701
-3.881604113,-0.004516595904,0.002032688317,-0.005278512889,-0.01767878212,-0.0027019198,-0.02893037035,0.01066930807,0.008709201764
-3.719568874,-0.01353888047,-0.003756621113,-0.006493062425,-0.01265755683,0.0029511845,-0.009211392191,0.01858270014,0.005313037257
-3.820574104,-0.01091332183,-0.004618285112,-0.009179773652,-0.02302809102,-7.775900287e-05,-0.02639043651,-0.01475282617,0.00697789705
-3.716769504,-0.01226032805,-0.0008846773556,-0.007389476054,-0.01415150818,-0.008171072826,-0.04420379398,0.02956520341,0.01112814226
-3.785939619,-0.009359192311,-0.008135161139,-0.01185209953,-0.01312851729,0.007432752655,0.01040577222,0.00913784502,0.002982979008
-3.743154084,-0.00870341273,0.005404101585,-0.005914166335,-0.02291984426,-0.001114624214,-0.04068752613,-0.005076721499,0.008043541469
-3.828632167,-0.006940253621,0.0005290045655,-0.01067617065,-0.00979321009,-0.0001395303696,-0.02791890461,0.02606181069,0.01298434981
-3.785421398,-0.00870159867,-0.0006056347326,-0.006929216448,-0.01051741226,-0.0006811390561,-0.003925871566,-0.0001771708373,0.004772330188
-3.787993675,-0.004596759662,0.007870159904,-0.006537283603,-0.02024362284,0.004928543813,-0.0347069431,0.02035450621,0.007743788999
-3.761293716,-0.001345699217,1.897474321e-06,-0.001575227416,-0.01598905362,0.003196889333,-0.02031443068,0.000895424972,0.009403431524
-3.824350093,-0.001811146685,0.005226410068,-0.0113215197,-0.009057519681,-0.002651607348,-0.01946892828,0.009173339897,0.009570296673
-3.710037914,0.0001440705269,0.008822326839,-0.00439179921,-0.01187921089,0.002211496759,-0.0270592058,0.02284735088,0.009270728985
-3.92511735,-0.001998845516,0.005588286158,-0.004112102551,-0.01970765982,0.005433501687,-0.01400105707,0.002419456232,0.003851360809
-3.540623738,0.0005495703074,0.009657573765,-0.004216558113,-0.01363142754,0.0007865541926,-0.03015566509,0.01046123166,0.01113625088
-4.237034746,-0.0001181130053,0.007675440843,-0.00847210581,-0.01103940384,0.000314926931,-0.01969079424,0.01652672939,0.00971307742
-1.433746709,-0.002228458236,0.004918487299,-0.006157266994,-0.01200055844,0.003736985629,-0.01829349851,0.005189655583,0.007080226824
3.144762731,0.001571608899,0.009500087024,0.0007726382204,-0.01775403133,0.003060676385,-0.02733733012,0.01376640034,0.008465950036
2.187824583,-0.001380230252,0.005683578557,-0.00874274001,-0.01048556883,0.0001443445849,-0.01745384739,0.009748480175,0.009037433789
2.760858606,0.003972998315,0.01090082328,-0.005654952613,-0.01313329186,0.005959222988,-0.02511046441,0.01392964152,0.01107743498
-3.082008674,0.01205450949,0.01939908882,0.002733609519,-0.01013831976,0.005956187468,-0.01886307048,0.01111299461,0.007629378749
-3.817917008,0.007367785543,0.01767479937,-0.003770825654,-0.01072545161,0.00451406595,-0.01651908493,0.01173765429,0.008666513161
-3.886572154,0.009184655655,0.01796292465,-0.005357411451,-0.01113159539,0.003323854923,-0.02500198883,0.01556633311,0.01155291531
-2.937103802,0.007420018937,0.01445861756,-0.0003864639978,-0.007471288868,0.00344300537,-0.01850311706,0.006398214754,0.007855613342
2.61668555,0.004601343257,0.01305489049,-0.004994376034,-0.01897427091,0.005137921617,-0.02196570051,0.00899620535,0.00819907142
2.367144185,0.003941473457,0.01213353421,-0.00559905115,-0.01350760595,0.003104737102,-0.02122768028,0.01552350809,0.01061175272
2.806047538,0.001624898846,0.01205774247,-0.001375894261,-0.009174843197,0.002386840232,-0.01714066391,0.009558343041,0.009300769052
-2.523055908,0.001273476864,0.008144874529,-0.008252455387,-0.01830859086,0.001736036173,-0.02697207688,0.00858477384,0.008927543722
-4.049921547,-0.001331876248,0.01009730977,-0.007956687655,-0.01833841668,0.0006104891549,-0.02112131722,0.01164659987,0.007277495417
-3.68147846,-0.001360038332,0.009238733346,0.0003815840799,-0.008470164101,0.00256688464,-0.01804719086,0.009763928707,0.007099622175
-3.767655527,-0.001970331704,0.002400530962,-0.0101127449,-0.01792110484,0.0001426051082,-0.02445954767,0.008938436459,0.008893094534
-3.807308698,-0.002167209626,0.005879461801,-0.005481040408,-0.01701988885,0.0004435073673,-0.02394134193,0.007575096119,0.008377132657
-3.268793038,-0.001195812492,0.009456349129,-0.002743655354,-0.01189826714,0.0001702728065,-0.01767261115,0.0129421631,0.00798276166
2.231041027,-0.0034099901,0.005245120236,-0.009169752049,-0.01762392451,0.002258292451,-0.02210695354,0.01138208426,0.008186544407
2.535806834,-0.001587789753,0.005154450677,-0.005676420929,-0.01656867274,0.001570470761,-0.02354920383,0.008737083332,0.00842089572
2.517775206,-0.003221557495,0.006558031047,-0.003796402973,-0.0108466911,-0.0009060471062,-0.02304155754,0.009732550266,0.009571189526
2.45304722,-0.002779964611,0.004912074362,-0.009715289597,-0.01716677212,0.0023472021,-0.02110636367,0.01212036148,0.007263163904
2.47945592,-0.007923160946,-0.002586232373,-0.005759356965,-0.01979156784,0.0006351058245,-0.02218880471,0.00386184949,0.006464371458
2.562977773,-0.01266993678,-0.004969958151,-0.006574115774,-0.01318617172,-0.001994964076,-0.02360504837,0.01638842096,0.008095822422
2.491787186,-0.01211484412,-0.003908203086,-0.01297086156,-0.01829705383,-0.004573512444,-0.02299924304,0.003823308731,0.007864753915
2.494515057,-0.01306525065,-0.001935124933,-0.009231666031,-0.01473516374,0.003687712567,-0.02447459385,0.003115562846,0.007248315884
2.539493105,-0.007556132049,6.047825756e-05,-0.003652062391,-0.01488209012,-0.001105866338,-0.02302489796,0.03017409332,0.008602575118
2.561239678,-0.006447006989,-0.005649788618,-0.009503919562,-0.01948464167,-0.001978071757,-0.0209318522,-0.01281264607,0.00673788478
2.539174334,-0.00812636078,0.004369603719,-0.008990746109,-0.007409305401,0.005529247345,-0.02419657491,0.03009812896,0.008115532001
2.559832586,-0.003862206186,0.0001146284548,-0.007231345268,-0.01602197479,-0.001463477032,-0.02143901543,-0.006139303415,0.009135986104
2.517970811,-0.004732066796,0.005390894772,-0.003936494259,-0.0176090098,0.003963188236,-0.02176738258,0.01893918881,0.006399027431
2.552883337,-0.002144548129,0.004508799112,-0.003843403263,-0.01282029334,0.001508231278,-0.02199733051,0.01193630151,0.01071894686
2.537961185,-0.002085911785,0.007002150116,-0.01164347286,-0.01253924137,-0.0007112700185,-0.02151002262,0.0003185628892,0.006904639126
2.526248566,0.001584664614,0.00538090461,-0.003197641996,-0.01414605251,0.001908429436,-0.02321554946,0.0228033137,0.0093002632
2.508158522,-0.001700420763,0.008119852802,-0.002956202076,-0.01221219307,0.001700767121,-0.01886923386,-0.001585437435,0.009021878655
2.540160554,-0.001077022252,0.006721856823,-0.01508697443,-0.01579185681,0.006047975253,-0.02130207432,0.02238790676,0.009797505917
2.538800369,0.000137179449,0.004714898894,0.0003928317903,-0.009262917492,0.0001051789624,-0.02509713224,0.002496855555,0.0103401337
2.545792427,0.0006932144135,0.01075459471,-0.001555387654,-0.01511134487,0.002198999722,-0.01973439939,0.01704081307,0.007183171836
2.536446268,-0.001530210708,0.007320030658,-0.01236814986,-0.01804803004,0.004010933751,-0.02365418265,0.006962627373,0.009215072875
2.515964411,-0.0003836307237,0.00810247788,-0.002860933337,-0.006251624,0.002558979323,-0.01899167923,0.01111721556,0.009818731335
2.517144895,0.01060051932,0.01578153331,0.0007489045509,-0.01062176177,0.002774135955,-0.02034467399,0.01318905,0.01088842647
2.52261261,0.009117241144,0.01926092567,-0.007189740578,-0.01878803816,0.005143581384,-0.02250989566,0.006798073199,0.009495212445
2.499696933,0.007099991389,0.01836216469,0.001824542993,-0.008354891448,0.004508995413,-0.01915364757,0.01863463363,0.009877183175
2.520523959,0.009490667915,0.01414012772,-0.002199541383,-0.01046821939,0.00346930013,-0.01773078172,0.009228940335,0.01004058248
2.546433812,0.006909500342,0.0140513319,-0.007368055787,-0.0167507044,0.003615208557,-0.02339229093,0.01269952992,0.009377493311
2.520436709,0.004448712634,0.01497303328,0.0005009395545,-0.01082027688,0.005085370079,-0.02165041345,0.007616271514,0.009701967931
2.499932132,0.00405097188,0.01222180671,-0.005426771103,-0.01289981479,0.002309820046,-0.01758515184,0.01087500822,0.007225922526
2.52879999,0.003016592246,0.0076153857,-0.004570635548,-0.01687444589,0.002702498335,-0.02510420395,0.01300571283,0.009338574976
2.533714392,0.0002084464062,0.008727628191,-0.004039266839,-0.01301643455,0.0009386172575,-0.02037007606,0.006541897292,0.007718095044
2.513945643,-0.0005393980572,0.01021156003,-0.007505703417,-0.01117680929,0.002331779954,-0.02110922624,0.0121859462,0.006266656552
2.565006537,-0.002670976589,0.004425205683,-0.005892427287,-0.01766778598,-0.0002913208816,-0.02227721911,0.009117973303,0.008536398083
2.559701566,-0.002158374235,0.006479387544,-0.004499799315,-0.01518205682,0.001539495312,-0.02160184382,0.007766391861,0.007891310891
2.499169203,-0.002498589989,0.006878774086,-0.006745978899,-0.01590189724,0.002149041661,-0.02331874916,0.009284277445,0.00870551658
2.545155638,-0.002264216355,0.004743004074,-0.005863489372,-0.01441454226,0.000152875735,-0.02263226281,0.009908345432,0.007628888066
2.479417604,-0.001057686344,0.006219283009,-0.006395474871,-0.01550261363,0.001471876201,-0.01944249147,0.00999786394,0.008539362737
2.493956798,-0.005254269791,0.008565138839,-0.005507743384,-0.0143993686,0.001590867376,-0.02365077366,0.008724720219,0.006770976613
2.433251496,-0.002494030806,0.005306892698,-0.005125483944,-0.01457442703,0.001524710899,-0.02108503312,0.01102838698,0.007856648232
2.545878612,-0.002374642768,0.003556245057,-0.005813733332,-0.01566547734,0.0001410331128,-0.02108439327,0.00625920685,0.007772020474
2.506880237,-0.01343673634,-0.003620984308,-0.009890058003,-0.01754404623,-0.001416736437,-0.02430547375,0.009989371307,0.006201622361
2.49917545,-0.0123049421,-0.005605095929,-0.006501831116,-0.01543062819,-0.001197721939,-0.02210196089,0.00734893866,0.007710304674
2.488629252,-0.01030343698,-0.004489611646,-0.008897991213,-0.01780027751,0.0001079284194,-0.02237203445,0.008878508961,0.007288880458
2.555937786,-0.009603010405,-0.001279909675,-0.008996344315,-0.01703137391,-0.001210593742,-0.02318423017,0.0108972732,0.00809865938
2.193166616,-0.007445623172,0.0003649685104,-0.008129978083,-0.01466587548,0.0008547680713,-0.02261006346,0.007605122949,0.008155334967
-3.325419202,-0.008593984627,-0.001603585016,-0.004740623564,-0.01582709036,0.001358863386,-0.02440442738,0.01112494054,0.008672441709
-3.89540248,-0.005969194407,0.001604546581,-0.009674099615,-0.01548517912,-0.0004561746906,-0.02125513362,0.009608419513,0.009143273492
-3.731073836,-0.002939584869,0.00345532559,-0.01187706766,-0.01210986352,0.002324245652,-0.02137874392,0.009258701014,0.008433164784
-3.844441305,-0.002633735854,0.005139130185,0.001669300426,-0.01181379938,0.00184354078,-0.02282863375,0.01277887596,0.008625315989
-3.693757845,-0.00301463253,0.006820354887,-0.00738252853,-0.01671749586,0.00217663316,-0.02110031976,0.008756974144,0.007902161609
-3.807450497,-0.002729653211,0.006567660689,-0.01255470475,-0.0141845288,0.00270981491,-0.0241421101,0.01180613657,0.009570651219
-3.741838945,0.0007749978634,0.004160685123,-0.0003730987154,-0.0102668119,0.002410681306,-0.01968820595,0.01206344972,0.008939754165
-3.768496734,-0.0002692457828,0.008078723352,-0.002575877723,-0.0155701213,0.003393986577,-0.02168143563,0.008636813397,0.008731579784
0.9943331709,-0.001952447493,0.01043825789,-0.009204285968,-0.01484479694,0.003372588603,-0.02334623901,0.01054894645,0.008909231768
3.325653468,-0.0003538386819,0.007244490979,-0.006275940743,-0.00962995193,0.001445890242,-0.01958584319,0.01065210621,0.008100651076
-1.468528741,0.002130673448,0.007133694279,-0.004631352899,-0.0131739773,0.002884287632,-0.02107628197,0.01102792853,0.009345061772
-4.158724012,-0.0007981567506,0.01085039368,-0.005762283213,-0.01097953144,0.003855300828,-0.0248766873,0.0110476525,0.008137203679
-3.55466992,0.00341158877,0.006731106308,-0.007527577604,-0.0136762112,0.003032903813,-0.01655896982,0.0129685324,0.008778793288
-3.906754675,0.01240667212,0.01691211665,0.0005768559459,-0.01127721222,0.004642954845,-0.02141219976,0.01192648112,0.01041062999
-3.768553385,0.009257078043,0.02021332091,-0.0006867499688,-0.01082049449,0.006252147472,-0.01860229752,0.01371240638,0.008815842032
-3.919560602,0.007437495628,0.0177284119,-0.0061766313,-0.015358398,0.001397295806,-0.02600064305,0.006345846863,0.009613662795
-3.767178682,0.007491004405,0.01236606827,-0.002558510996,-0.0115418908,0.004472861213,-0.01361997156,0.02343295858,0.009887841979
-3.818576886,0.005430823245,0.01494909881,-0.001354858231,-0.01164843163,0.004461573435,-0.01592631265,-0.007568247581,0.01008727645
-3.72565484,0.004193559897,0.01825706171,-0.005470092639,-0.01648962598,-0.002179304847,-0.04754317767,0.02260499417,0.01095937125
-3.826210783,0.002529880398,0.00426376339,-0.00594580316,-0.01261157099,0.00795416006,0.007830472838,0.01518480606,0.003180794225
-3.754746472,0.00138330159,0.01284054405,0.0003808465594,-0.0151129468,-0.001271350985,-0.03376259968,-0.007559602557,0.008188753718
-3.808505845,-0.0001538756204,0.008944363975,-0.01534425338,-0.01808039377,0.00119533383,-0.02983325661,0.02774861359,0.01173783692
-3.78566226,-0.002233069308,0.001741965939,-0.0004912444284,-0.01059518387,0.0009434795906,-0.008595256219,-0.003777387045,0.004288559872
-3.803109142,-0.002044263424,0.009924272511,-0.004970985188,-0.0180035595,0.001853219676,-0.03016848567,0.01978955708,0.008239606849
-3.686840753,-0.0004286224201,0.002081038368,-0.005787722429,-0.01545012927,0.001881508844,-0.02308826927,0.004839762517,0.008547591768
-3.959069715,-0.001735280592,0.007132451148,-0.01089056746,-0.01498506533,-0.000837003573,-0.01665072495,0.003967351611,0.007793653461
-3.57006312,-0.0009458768937,0.009462288273,-0.002700621889,-0.01057577932,0.002174611648,-0.02830850634,0.02234294866,0.01148777425
-4.257064736,-0.004757423699,0.003561600066,-0.007804599483,-0.02219664757,0.004024833949,-0.01363734593,0.003122808759,0.003560948765
-1.503067732,-0.001749710804,0.007935272532,-0.003820164056,-0.01152272488,0.001764164635,-0.02812582048,0.01073158555,0.01195446579
3.093109368,-0.001143843033,0.005242290199,-0.004729445187,-0.01390838662,-0.00149671605,-0.01998497236,0.0139104165,0.01044271625
2.2222034,-0.009015834645,-0.0001893827167,-0.011267703,-0.0189066872,0.0009630117803,-0.0212155611,0.00443535696,0.004844594469
2.735378311,-0.01296313102,-0.003930446769,-0.009810398162,-0.01902355205,0.0007116047789,-0.0255045653,0.008952990346,0.006943036431
-3.018692155,-0.01092365809,-0.004790553999,-0.00143831275,-0.008939241421,-0.002566185001,-0.02259324706,0.00972715729,0.008965181515
-3.843147172,-0.012122533,-0.004986923558,-0.01206582822,-0.02257952216,0.0003212914996,-0.02377941973,0.009792457747,0.007754650783
-3.880687872,-0.008599266368,0.000967278226,-0.01160592933,-0.0168296976,0.002618492511,-0.02398029408,0.008599158086,0.005661194285
-2.916187464,-0.008727903013,0.0001933071652,-0.001741617354,-0.009468006535,0.0003207254694,-0.01771795435,0.01133326936,0.006799065951
2.641726989,-0.006898750585,-0.003674624349,-0.009891058833,-0.01769401047,-0.0002984826165,-0.02691867284,0.00849578735,0.01022359255
2.336398521,-0.004368640419,0.002623490108,-0.01067620042,-0.01451447918,-0.0002620264803,-0.02231492444,0.007558359545,0.00998091334
2.677197967,-0.00264472266,0.005413037083,-0.002423641954,-0.01057807758,0.002164799526,-0.01998110212,0.01062074286,0.008225338899
-2.724483002,-0.001582250873,0.001459437234,-0.009047106547,-0.01862187095,0.002583963009,-0.02273637977,0.01177028081,0.008291325137
-3.960957299,-0.001678375389,0.006565892879,-0.006825066237,-0.01613257946,0.003296159024,-0.02235242467,0.009422837848,0.009539535016
-3.715759777,0.0007521831241,0.007578631156,-0.002746630392,-0.009440535507,0.002243014697,-0.02114780141,0.01016648795,0.01028303428
-3.777076313,-0.0007337113307,0.006658733633,-0.008705084479,-0.01851469844,0.00207062329,-0.02229339188,0.01098073495,0.006970038834
-3.885511966,-0.0005365606633,0.007045152771,-0.002115353559,-0.01311563183,0.004815189673,-0.0215257907,0.008325929325,0.008402493546
-3.186902088,-0.0002453375106,0.007042970251,-0.004306564796,-0.01098772681,0.001843066854,-0.0201452778,0.01104357389,0.01033931645
2.381440997,1.587385794e-05,0.005523649604,-0.008182649325,-0.01403292454,0.001689679501,-0.02381459912,0.01147199717,0.008880492753
2.576589656,-0.0004629456797,0.008670901539,-0.005597816333,-0.0140409831,0.002076602435,-0.0197102669,0.01302062458,0.008648514387
2.551478151,-6.494089816e-05,0.009730846267,-0.001939575112,-0.01113528973,0.003008067338,-0.02062266841,0.008768125254,0.01010245695
2.553798517,0.00741603627,0.01363101142,-0.005343099513,-0.01384145652,0.003672878615,-0.01983285223,0.01461559954,0.009579485516
2.543534462,0.01207694845,0.01687899699,-0.0009899050433,-0.009603593107,0.003949256709,-0.02186134624,0.008212061091,0.01097415903
2.518680404,0.008832259827,0.01902046845,0.0002865778534,-0.0127200481,0.004316170525,-0.01910053615,0.0142236473,0.009427280339
2.52042792,0.008912375055,0.01615746284,-0.002993035604,-0.01409042694,0.003758720411,-0.02235210221,0.009072484314,0.008700703162
2.520142045,0.008659628636,0.01251335016,-0.005107695816,-0.01139984028,0.00378478139,-0.01933874894,0.01797858302,0.00957723967
2.567203879,0.005189090923,0.01294268631,-0.001760462459,-0.0116272308,-0.0002909047781,-0.02093671023,0.007144734262,0.01064287586
2.462200575,0.002964956759,0.01590851761,-0.005285234766,-0.01624139607,0.007028724609,-0.02346343595,-0.0007375664894,0.006974672518
2.478620309,0.001346293874,0.01036072345,-0.004348436573,-0.01310313198,0.0002909392127,-0.0225125464,0.03114391001,0.0088831065
2.512134672,0.002065057638,-0.0002130214274,-0.002843686971,-0.01612859488,-0.003430275443,-0.01813727253,-0.01237597011,0.009007467831
2.561706493,-0.0002413380019,0.01487859869,-0.007085072746,-0.009962077,0.00497951957,-0.02508326095,0.02876158692,0.006995455872
2.509588301,-0.001462169688,0.004095508782,-0.009176165887,-0.01823569039,-0.001011990965,-0.02369810428,-0.004501031871,0.009022175898
2.569188656,-0.004785276888,0.008016694193,-0.0009795411448,-0.01554451662,0.001776279543,-0.02001554292,0.01662849322,0.005672904919
2.539215708,-0.0001220029222,0.004846247884,-0.004903792539,-0.01880988032,0.002522539677,-0.02276564087,0.01455979333,0.009491020199
2.558290669,-0.003167020622,0.008646921091,-0.01185704823,-0.01512156018,-0.001133919265,-0.02167078639,-0.004881609631,0.006235814893
2.52381798,-0.001777311801,0.002799644175,0.001554795126,-0.01216731877,0.001465883546,-0.02265073887,0.02540854903,0.00941626826
2.548862164,-0.002154883188,0.007961487649,-0.007578246829,-0.01560010481,-0.0005722255267,-0.01982319499,-0.003834369678,0.008019284557
2.564567,-0.003541224718,0.00492669134,-0.01104995602,-0.01864176641,0.004785705592,-0.02501170426,0.02411555978,0.007594835047
2.505947728,-0.003647279582,0.0007537627728,-0.001799916284,-0.01417786017,-0.001163428688,-0.0235520826,0.001820693548,0.008910411943
2.555134242,-0.01305945744,-0.0005678627461,-0.007773124259,-0.0145653421,-0.001674926476,-0.02346681746,0.01432824152,0.005972283783
2.529167537,-0.01309624545,-0.006083834737,-0.01334607043,-0.02335403062,-0.00107367522,-0.02439088284,0.009933011135,0.008300268406
2.520785974,-0.01109047663,-0.001258302007,-0.007975718895,-0.01302753079,-0.001622331634,-0.01912361112,0.001891246962,0.005596759634
2.544101038,-0.01065376898,-0.003668668548,-0.004836234485,-0.01291416092,0.0002622559325,-0.02318610257,0.01699347959,0.009725085307
2.524661528,-0.008436052351,0.0005133045266,-0.01023639896,-0.01655781273,-0.0009315970681,-0.02367051173,0.002471504996,0.007696983641
2.480638699,-0.008305341515,-0.002780150287,-0.008520100584,-0.01748315182,0.003111350635,-0.02229230729,0.01672424227,0.008351695404
2.510025493,-0.006114809405,0.0006237845749,-0.002947766538,-0.01094768819,1.677817347e-05,-0.02231464126,0.006757883857,0.009194942311
2.531614572,-0.002834680297,0.005172814924,-0.008186074147,-0.0156730506,0.001469230666,-0.02010109839,0.01224604748,0.007422030905
2.51916197,-0.004487110305,0.004220070816,-0.008136457674,-0.01500333509,0.002684524689,-0.02370660851,0.007618216519,0.009499127419
2.498766403,-0.001315637825,0.006473143291,-0.006189592815,-0.01039075487,-0.0002930753912,-0.0210754125,0.01012249757,0.008922188776
2.493990748,-0.0008164589951,0.006824157652,-0.004027371314,-0.01331542083,0.003124470364,-0.0219809017,0.01164425811,0.008763502016
2.491922867,-0.0004777617083,0.007394235744,-0.006401681933,-0.01540888691,0.001737654346,-0.02203094174,0.007523144413,0.009423733964
2.543215774,-0.0007212340394,0.005772985469,-0.004293718486,-0.009166712655,0.00307682774,-0.02164315632,0.01306348653,0.01038388092
2.511041501,-0.0004262774041,0.008163036138,-0.005522102356,-0.01367648502,0.002823852217,-0.02018392271,0.009417507567,0.009805154911
2.523956156,-0.0004226451023,0.007756558839,-0.004723208836,-0.01627050077,0.003202366609,-0.02235440996,0.0113261535,0.009067266987
2.503483715,-0.001557298999,0.007226246772,-0.003882313728,-0.01443436969,0.002667810599,-0.02156609208,0.01013717019,0.009618316205
2.485764745,-0.0002388637443,0.007633205832,-0.006194951463,-0.01089087863,0.00292841624,-0.02127245255,0.00958686386,0.008974060639
2.50197187,0.002749512056,0.0100949466,-0.003959155894,-0.01366455505,0.002470814119,-0.02063639708,0.01407279582,0.01040566023
2.513722423,0.009690423442,0.01843154541,-0.002184623305,-0.01100976176,0.005875438248,-0.01961887271,0.01006886644,0.009927272291
2.461891156,0.007716564834,0.01684648153,-0.00489969001,-0.008895087856,0.006194493904,-0.01923930457,0.01426585117,0.009098878076
2.48889235,0.00929413096,0.01820042169,-0.003218781877,-0.01257101322,0.004024524824,-0.02140322888,0.01090617536,0.009584647208
2.461124598,0.007320082331,0.01618431055,-0.002419337592,-0.01338647674,0.003609102142,-0.02038096192,0.01088193373,0.008520276738
2.580580992,0.005546615134,0.01258187305,-0.001891256913,-0.01332814617,0.003317787176,-0.02263332931,0.01046586628,0.01012711003
2.057728888,0.005960739542,0.01501997264,-0.005554774036,-0.01265095909,0.001821655133,-0.02077104473,0.01116973031,0.008625006456
-3.351489758,0.002690036816,0.01163289572,-0.009363883869,-0.01390135876,0.001892718023,-0.0210001857,0.008685860839,0.009060369681
-3.856658103,0.001132985051,0.009773381874,0.004729857715,-0.01307835744,0.001128089075,-0.02351914668,0.01230146834,0.009029183907
-3.729216414,-0.002028881071,0.00952633971,-0.005596455472,-0.01591120114,0.001605838737,-0.01995081588,0.009066505621,0.007292615121
-3.814426583,-0.0003878103674,0.005553641544,-0.01322382035,-0.01714181634,0.001528376991,-0.02411235557,0.008704778436,0.00736235126
-3.798039109,-0.002463238437,0.004589665743,-0.0004954867175,-0.013033226,-0.0002174466563,-0.02232024743,0.01104541108,0.007958152346
-3.805995385,-0.002710394863,0.006705616072,-0.003438397112,-0.01310055162,0.002657080779,-0.02193090215,0.007832502,0.007897457693
-3.795724931,-0.003811319092,0.007287814468,-0.01297825603,-0.0193661399,0.001084797479,-0.02429598987,0.01152445739,0.007929793855
-3.775456132,-0.003009845597,0.006643952198,-0.004447670024,-0.0118592083,0.0001191545729,-0.02166645284,0.01134133675,0.008335817424
1.217064745,-0.001869380617,0.006082192447,-0.003444494467,-0.01416311015,0.001540271868,-0.02232038454,0.009508190669,0.00885825379
3.034061529,-0.00303978282,0.007951384831,-0.007259200115,-0.01600484928,0.002208732059,-0.02511641982,0.008302921148,0.006303861901
-2.232868479,-0.001448919482,0.003339191673,-0.006549967962,-0.01666738424,0.001160285604,-0.01858396759,0.01279737378,0.007983791551
-4.120937134,-0.006722239283,0.001371194407,-0.005579441085,-0.01598094087,0.0002896141271,-0.02278963815,0.008305687167,0.007270702325
-3.661453286,-0.01389085121,-0.003100526682,-0.0094916082,-0.01860776616,0.0005699163364,-0.02503038906,0.007609908217,0.00650484026
-3.87549348,-0.01125621524,-0.004864240425,-0.008666998333,-0.01747174341,-0.001258191348,-0.02399070088,0.01007355355,0.008748305228
-3.749109436,-0.0111507739,-0.003545195966,-0.008714514498,-0.01463869669,-0.001053929381,-0.02109910851,0.01315136574,0.007397308893
-3.885990107,-0.009361548046,-0.0005794592179,-0.01005436826,-0.01527331213,0.0009244725646,-0.02487797927,0.004673651766,0.008746927273
-3.696221312,-0.009010415319,0.0006190375053,-0.006834278192,-0.01476235727,0.001757830929,-0.01833312223,0.01127333914,0.008312911335
-3.837985773,-0.008989991009,-0.002631070191,-0.005970997213,-0.01434160463,-0.001239383333,-0.02806237414,0.009550979428,0.009663285681
-3.745363193,-0.004112745978,0.002344080973,-0.0105377976,-0.01423178939,0.005766113815,-0.01286005211,0.01471223642,0.008033440928
-3.813270896,-0.00346743474,0.004172503501,-0.00386978944,-0.01440124545,-0.0002782816895,-0.02326531334,-0.00230960873,0.008408683155
-3.843518487,-0.003581565109,0.007623231206,-0.002502207955,-0.0145596605,-0.001312051036,-0.04553485512,0.02335630014,0.01221724809
-3.798332548,-0.001414193651,0.002753768556,-0.01208971979,-0.01307440608,0.007376314512,0.008723317623,0.007934009793,0.001929382867
-3.742900856,0.000454916688,0.01023656052,-0.0003628877221,-0.01485569687,-0.0001125106308,-0.03916220915,0.003712583979,0.01315234134
-3.850488951,0.0006856689153,0.00810533617,-0.008152772236,-0.01159689487,0.001858677243,-0.02189511159,0.02099555785,0.01244724719
-3.639891327,-0.00189655731,0.005672166993,-0.005952454858,-0.01081290356,0.003109322883,-0.01048629282,-0.002138930669,0.004600429761
-3.918218198,-0.001727782747,0.009444547668,-0.003613685466,-0.01605501106,0.003926464017,-0.03172020747,0.02474151949,0.01086391916
-3.498559296,0.001098583224,0.0006144082534,-0.001573740766,-0.01288198161,0.001463986986,-0.01789389436,0.00063058501,0.008932598033
-4.229284548,0.000514882668,0.01211039509,-0.01111666501,-0.01309152059,0.002214017441,-0.02198552273,0.01037694998,0.01107637851
-1.260352245,-0.001157800692,0.007747439026,-0.0004805472354,-0.01044603179,0.001877926454,-0.0256396434,0.02004336461,0.01117956932
3.115734534,0.006581823477,0.01565315968,-0.005852907205,-0.0197630962,0.006358211725,-0.01169974549,0.001700171867,0.005690346853
2.205025588,0.01367039437,0.02229448378,0.001501554209,-0.007811806855,0.005304896083,-0.02962855215,0.01598200325,0.0135397765
2.682418285,0.007442371551,0.0182522854,-0.002140135095,-0.01252085101,0.0003862638134,-0.01417254331,0.0119986011,0.009344547416
-3.111825302,0.008547215198,0.0162623927,-0.006355131444,-0.01042893359,0.007081521637,-0.01884835231,0.007510154728,0.007892566873
-3.819472332,0.007322085069,0.01424369422,-0.002189142372,-0.01883250313,0.003264639763,-0.02300597408,0.01600367893,0.009467935526
-3.968546804,0.00559960216,0.01198569457,0.0004863721794,-0.008729531414,0.0007981498575,-0.01880751902,0.006553535273,0.009319765542
-2.768010002,0.005285633313,0.01457753201,-0.00580719311,-0.01604268507,0.004237536401,-0.02452581597,0.01552471434,0.01113668437
2.6649181,0.001660637404,0.01177423387,-0.004500309765,-0.01539031728,0.001476126186,-0.02171669686,0.00820344734,0.007011309648
2.419004749,0.0004505888525,0.008991253275,-0.004436916205,-0.01325238482,0.002857381905,-0.01853393502,0.01158782293,0.007573253669
2.62874472,0.0001933978169,0.007512436857,-0.004237360822,-0.01368747982,0.0009141474844,-0.02663012472,0.01024935843,0.01029774084
-2.905193505,-0.0008850046223,0.00511733849,-0.00630676646,-0.01699419757,0.0003612349656,-0.02103482617,0.006385539347,0.006961681817
-3.992185511,-0.003990030271,0.005250594178,-0.007114085975,-0.01947845421,0.002481502026,-0.02337922034,0.01014008883,0.005610809189
-3.696113389,-0.002432422407,0.007236184137,-0.002221750837,-0.01309133357,0.0004604927662,-0.02360832781,0.01293939349,0.008891848912
-3.784634075,-0.003119294722,0.004663522807,-0.00647381634,-0.01758782437,0.002129322088,-0.01962247658,0.008235035821,0.008585391463
-3.807754034,-0.001451694519,0.00615975368,-0.008216487509,-0.01414097956,-0.0005857231913,-0.02538214831,0.008769426148,0.008980154775
-3.21636291,-0.002972669482,0.01004980195,-0.006709611473,-0.01378673292,-0.000238012069,-0.01969945388,0.01294094962,0.007830132557
2.27650112,-0.002980738996,0.003388828027,-0.00601376213,-0.01633407884,0.002296180502,-0.02167191135,0.007470345999,0.00746335768
2.555149455,-0.001822144466,0.003581242954,-0.004218367701,-0.0179394152,0.0001386862633,-0.02290889593,0.01222302541,0.009110571019
2.557243192,-0.01162244107,-0.002729703544,-0.00881587452,-0.0133940911,-0.000224801136,-0.02235501028,0.006972118111,0.00709635603
2.541065018,-0.0134125946,-0.003552215809,-0.01270965926,-0.01838411964,-0.0009171461373,-0.02247533647,0.01194852176,0.00655140261
2.613610269,-0.0116017443,-0.002977615264,-0.004828818749,-0.01589875348,-0.0006577365103,-0.02372557819,0.008327800642,0.007811652099
2.582607464,-0.01049899602,-0.004588914819,-0.008591109015,-0.01738185541,-0.001265085871,-0.02271171687,0.009475867923,0.007856988516
2.514843082,-0.007507944055,-0.0001379553497,-0.009883780621,-0.0130484974,0.0004186139574,-0.02374627652,0.009863012786,0.008106176888
2.502537481,-0.008790693973,-0.0001336629319,-0.00708725015,-0.01697070574,0.0008429242878,-0.02134504581,0.009848514835,0.008021889421
2.567181377,-0.006323442272,0.001202669843,-0.005471569059,-0.01454090678,0.00198881479,-0.02278220511,0.009209075446,0.008868929104
2.576920079,-0.003635450627,0.002286502141,-0.008684673527,-0.01365763129,0.002083145705,-0.02054529579,0.01178629286,0.008779885809
2.570520186,-0.00375061527,0.002976222845,-0.006413569171,-0.01214128987,-0.001033584973,-0.02147970282,0.01588148931,0.008276988422
2.52785367,-0.001752331624,0.006488859471,-0.004853604176,-0.01520823937,0.003992938891,-0.02505401608,-0.00743619495,0.007995931268
2.535554206,-0.002348209017,0.008298888859,-0.005596229761,-0.01340274216,0.004112146873,-0.02283057259,0.03243774339,0.008112307755
2.483190219,0.001693196784,0.005037131689,-0.006255299969,-0.01550107445,-0.003245186904,-0.01902856829,-0.006988379307,0.01045190506
2.548931477,-0.00056440924,0.01652116744,-0.00625968414,-0.006415752793,0.004747641273,-0.02013086102,0.02156170297,0.008028147028
2.544712806,0.0003190707343,0.007791774604,-0.002750757696,-0.01487643278,0.00320462531,-0.02283409748,0.008842501357,0.01080188581
2.54270625,-0.001846117735,0.01108376462,-0.007467209522,-0.01533255279,0.001483711469,-0.01967652236,0.0048025502,0.007789759631
2.563261277,-0.000518060312,0.005157456328,-0.004459807868,-0.0117128871,0.004895029409,-0.02215375146,0.02775311783,0.0103217869
2.509564344,-0.0003695529223,0.009442228666,-0.003711539402,-0.01384672111,0.001419034844,-0.02099129343,-0.008295052039,0.007257236374
2.584303889,0.001388374626,0.01297312071,-0.005980520094,-0.01403342112,0.003970303676,-0.02250660863,0.02491724764,0.008767776763
2.507584353,0.01028754315,0.01855673668,-0.003158936956,-0.01041521187,0.001779840784,-0.0202930063,0.002273814884,0.01123594595
2.479326227,0.009152508613,0.01993744797,0.0005165507326,-0.008288951129,0.006504706351,-0.01918472421,0.02193121888,0.007992720928
2.500291302,0.01023136797,0.01362721964,-0.002930546784,-0.01675539578,0.004487052522,-0.02371866282,0.008001430164,0.01087479334
2.509576503,0.006865818406,0.02134666337,-0.003956748698,-0.01171844204,0.00346633564,-0.02182065085,0.0101557258,0.009343821157
2.576861783,0.005291680367,0.01238026391,-0.002473961589,-0.01020710148,0.004567299098,-0.01885338871,0.01524315936,0.01104777891
2.52497397,0.00558337212,0.01479038211,-0.005931573804,-0.01405887865,0.001853530773,-0.02013101445,0.001554862917,0.007828020686
2.549894292,0.004072887613,0.01224256397,-0.003653913983,-0.01567815835,0.004035336996,-0.02301765809,0.01760965822,0.008909360468
2.529525217,0.0002156929811,0.01083738501,-0.004515479661,-0.01133272454,0.000425827867,-0.02154876325,0.004819269784,0.008005091352
2.497898434,0.0001213676424,0.007556302265,-0.007884827083,-0.01675438099,0.002561477603,-0.02261015666,0.0159733697,0.00819271305
2.504285851,-0.000405561132,0.005877437471,-0.002934153264,-0.01716435739,0.002039353925,-0.02356605817,0.008676397632,0.008345232636
2.51537762,-0.003277821144,0.009008833144,-0.006085009327,-0.01423440179,-0.0007068726836,-0.01888658463,0.008823823128,0.006852419908
2.522858562,-0.003517981763,0.004764784462,-0.007482005242,-0.01510293165,0.002469985864,-0.02343724697,0.01061630245,0.008353978724
2.526554939,-0.002184875753,0.006633872343,-0.006275080581,-0.01655368076,0.0004264680542,-0.02306383282,0.00506786242,0.007524416712
2.510644402,-0.001804034425,0.007392322268,-0.00252805944,-0.01557269026,0.002064759176,-0.02319157011,0.01403523736,0.007227234428
2.484393933,-0.002124231404,0.006719661174,-0.006947594916,-0.01489546455,0.0003725275514,-0.02320817557,0.008520209774,0.006139110572
2.527090788,-0.002413077704,0.005189715232,-0.006326954735,-0.01331396809,0.001966822137,-0.02212721561,0.01249336031,0.008398828405
2.494355898,-0.001589078103,0.006164346472,-0.005215660032,-0.01579215258,0.001614090432,-0.02166812909,0.006892006533,0.007904189327
2.511979264,-0.006550915337,0.003594658307,-0.008198235269,-0.01502889168,0.0004841293682,-0.02273622652,0.0100049937,0.006957641953
2.438869713,-0.0138681584,-0.008665723371,-0.008896273302,-0.01765544822,-0.002524345142,-0.02291701419,0.008405350079,0.007210445548
2.50068548,-0.01003000972,-0.003807978297,-0.008249568822,-0.0162346355,-0.002079374097,-0.02335319787,0.007981245536,0.007043031209
2.50678596,-0.01256391341,-0.002297393228,-0.01046803778,-0.0172842018,-0.0002896594983,-0.02307938523,0.01172656648,0.008323596716
2.513432094,-0.01068728604,-0.002612524728,-0.005382963533,-0.01534880867,0.0005223867892,-0.02196308849,0.006391292566,0.008041786409
2.485968703,-0.006940440941,0.0003541824555,-0.009198033283,-0.01702047658,0.001093975633,-0.02210970046,0.01199645175,0.007918208526
2.563218982,-0.008831509774,0.001350862919,-0.01269396792,-0.01349824969,-0.0003159246819,-0.02320551938,0.006395021517,0.007078522056
2.083876846,-0.006701770331,0.001434243292,0.001516137229,-0.01233755206,0.000354273984,-0.02283062573,0.01491142836,0.00903569498
-3.428385583,-0.003600481077,0.004069057744,-0.008551144217,-0.01619918825,0.001050127487,-0.01988039729,0.005818068786,0.007039552084
-3.89423641,-0.0005780246296,0.004297646608,-0.01329360377,-0.01442207215,0.003053903441,-0.02309288621,0.01137418651,0.008311236058
-3.769647447,-0.002296947188,0.005669486148,0.0003602243871,-0.0103459323,0.0002308995513,-0.02105583442,0.01182702934,0.008873119487
-3.765623025,-9.617683978e-05,0.00751908395,-0.003859248927,-0.01528506998,0.004209270953,-0.02233641979,0.005511686141,0.009496854403
-3.744412175,-0.0009181776021,0.007622899762,-0.01135173292,-0.01677349292,0.00212667018,-0.02229735717,0.01434336183,0.008618994494
-3.765427896,0.0001895380783,0.006837772143,-0.002649806039,-0.008109582664,0.0004059649899,-0.01917400787,0.01152629771,0.008935726966
-3.743833232,0.0005267126274,0.006880383468,-0.003415890821,-0.01362734854,0.003794683316,-0.02168582699,0.0109146691,0.009036854672
-3.817992439,0.000280956254,0.009121030657,-0.007622931454,-0.01454374232,0.003420416572,-0.02338176371,0.006493530177,0.009276688515
1.130871251,-0.000162455461,0.005907916144,-0.006926550592,-0.01412599758,0.002469874823,-0.01729496942,0.01572742879,0.009166102804
3.286356215,-0.001188402282,0.007961284345,-0.001631095766,-0.01166960158,0.001975629628,-0.02348903343,0.009718817063,0.008249012965
-1.66215373,0.006891668858,0.01660680588,-0.003017147465,-0.01275819706,0.005310480707,-0.0220209563,0.01141249308,0.00843661486
-4.244492187,0.01140590687,0.01980991194,-0.006124256447,-0.01095743339,0.003947932158,-0.01958045078,0.01410209587,0.009662878064
-3.633740289,0.007871408517,0.01647588878,0.001437925102,-0.007758554827,0.00513595363,-0.01811580575,0.01578338727,0.01031714485
-3.937200338,0.009724216485,0.01708124325,-0.002708953305,-0.01619270757,0.005520230208,-0.02113058008,0.006711728045,0.00823228143
-3.739201418,0.006232768796,0.0148987838,-0.005808970393,-0.01436194731,0.003632675285,-0.02334601748,0.01009634993,0.009157025264
-3.80834066,0.004700210602,0.01320045237,0.001065423851,-0.006981510962,0.002540258615,-0.01968386899,0.01682071789,0.008887505188
-3.755229882,0.005703228963,0.01254490784,-0.008003432647,-0.01806993324,0.003425838742,-0.01999978402,0.008375470048,0.007080285661
-3.822588989,0.002155009548,0.01151886842,-0.003779106656,-0.01577252074,0.002798387406,-0.02644478759,0.01085253774,0.008958340487
-3.817520232,-0.0007977981391,0.009021766923,-0.00337552416,-0.009105579961,-0.0004654667374,-0.01668188071,0.01043235683,0.009158289696
-3.810687197,0.0001245197366,0.005250626059,-0.008179476078,-0.01918239172,0.0004013128832,-0.0309427099,0.008311998669,0.008484634621
-3.786815795,-0.001494407533,0.008282539048,-0.004164836705,-0.01565967895,0.002699205929,-0.01440809328,0.00979177489,0.006897113985
-3.82225183,-0.005632786487,0.00622551863,-0.003615267515,-0.01065752203,-0.003033080176,-0.01828482105,0.004848403008,0.007221356376
-3.741193439,-0.002705106951,0.006885085395,-0.009221610101,-0.02082805175,0.0005125740046,-0.04666191571,0.02085022403,0.01128956457
-3.886630406,-0.0006791809657,0.004751376688,-0.006982409108,-0.009892055491,0.004785115589,0.006230958097,0.001380678504,0.0008363001129
-3.70605808,-0.002318066804,0.008855830645,-0.0008938497477,-0.01416684953,-0.001829900281,-0.03490988126,0.009832549991,0.0116393967
-3.947724431,-0.002967001111,0.00369673661,-0.01154589665,-0.01791973626,0.002626237372,-0.02362642474,0.01916817255,0.009502808789
-3.585767756,-0.002592863789,0.00612491975,-0.001058106315,-0.01239625201,0.002335194039,-0.01153701806,-0.00421539232,0.004234882166
-4.186097121,-0.002411236534,0.01113788152,-0.009647090844,-0.01564388859,-4.143415818e-05,-0.03198367198,0.02002284825,0.008636425557
-1.540435051,-0.01068405192,-0.008780792751,-0.002257295083,-0.01471704963,-0.00286797871,-0.01927511065,0.006253175463,0.007783338439
3.093998296,-0.01230942314,-0.002192630291,-0.009912184896,-0.01875937197,-3.358763336e-05,-0.0210377008,0.005288147129,0.006975861137
2.248737443,-0.01074302402,-0.001051133173,-0.008382921477,-0.01521825836,-0.0009274527436,-0.0312442803,0.01591258241,0.008511875075
2.678583828,-0.01349066846,-0.006583978733,-0.007825729027,-0.01980403068,-0.00128941417,-0.01288082007,0.003524653329,0.005144630023
-3.051757195,-0.005517191831,0.00364408062,-0.007935752749,-0.008410955246,0.001654980671,-0.02795085768,0.01183269739,0.01090836469
-3.849138545,-0.008597014892,-0.000983768331,-0.011391491,-0.01881686659,-0.00202616926,-0.02118723547,0.01131698401,0.008408314374
-3.978558667,-0.008353990137,-0.001363117541,-0.003765264827,-0.01175569002,0.001308757888,-0.02300422101,0.007762294336,0.007781500022
-2.873336615,-0.002486611061,0.005657799044,-0.006832274427,-0.01706656656,0.002197538099,-0.02188752043,0.01436303361,0.008806634805
2.589192477,-0.003478596165,0.004965736667,-0.006540422232,-0.01255580921,0.00108721919,-0.02201101622,0.004538869059,0.007491454847
2.364208003,-0.001092879838,0.002711801959,-0.004070956142,-0.01494609078,0.001804639499,-0.02239582272,0.01348509383,0.009035288074
2.682592714,-0.001413440216,0.008912602851,-0.006376464966,-0.01190219095,0.0008969118623,-0.02286569272,0.008200602613,0.00840972243
-2.759259836,-0.0002953535853,0.008940738497,-0.007424227057,-0.01487015791,0.002934612482,-0.01227676375,0.01147218042,0.007782786908
-3.959866961,-0.0007572099133,0.005581082682,-0.002220566067,-0.01173377571,0.00111781377,-0.01241645956,0.01226707926,0.01110237731
-3.734130046,-0.0005208476663,0.005861272622,-0.008178173885,-0.01328891576,0.002464559901,-0.0163952438,0.006927818501,0.008717164479
-3.731420505,-0.00143731573,0.009276781615,-0.005433798166,-0.01218878696,0.004161629523,-0.01690259453,0.01322034115,0.00948009915
-3.87065487,-0.001424886378,0.006860344036,-0.003962749952,-0.01394637146,0.001027907356,-0.01914369641,0.009520902774,0.0102362739
-3.099401131,-0.0002432255911,0.006698436752,-0.00784508391,-0.0177559539,0.002368773511,-0.0157057054,0.009957444341,0.00869103512
2.353044664,0.002633656999,0.009868510939,-0.005006081091,-0.01088078815,0.00234880463,-0.02020225768,0.01315791461,0.009824650947
2.453790449,0.009448458403,0.01960086365,-0.002384948029,-0.01047765936,0.004276863683,-0.01496941239,0.01205081553,0.01016667066
2.4948135,0.009039534871,0.01468522841,-0.001406959537,-0.01272066307,0.004391503708,-0.01904446594,0.01198564982,0.0101670512
2.504584987,0.01012386528,0.01506027421,-0.002505552877,-0.01219546759,0.003099259978,-0.01735634847,0.01171899866,0.01076391684
2.495916562,0.008846322094,0.01743255529,-0.003312552155,-0.009578657657,0.005322172467,-0.01581566943,0.01170618369,0.009442025876
2.535617741,0.003541550149,0.01148591402,-0.006145715707,-0.01685969888,0.003635784002,-0.01927039735,0.0109054422,0.009280934579
2.557896335,0.006186580203,0.01426063018,-0.001938873946,-0.01288737429,0.003024314178,-0.01966250268,0.009030466238,0.009416488123
2.532592176,0.001595243069,0.01162296671,-0.00604741335,-0.01333759092,0.001762752614,-0.01778504484,0.01262189897,0.007924039496
2.549360108,0.0007536275527,0.008280896016,-0.004768507765,-0.01391792357,0.002174291793,-0.02179594033,0.008287746123,0.00860277358
2.551173358,-0.0003663569025,0.009815501551,-0.00430990475,-0.01550311634,0.001829925295,-0.01882370326,0.01072216527,0.008185290662
2.553679688,-0.0005448298272,0.006178652641,-0.0008257266492,-0.01359785643,0.001798060118,-0.02158075677,0.008043517837,0.008463203305
2.530770023,-0.00253681557,0.005525088575,-0.01385801808,-0.01981625919,0.001579804884,-0.0166658715,0.01334253081,0.008053382059
2.552755095,-0.002650115476,0.004736499266,-0.003757337531,-0.006970819636,-0.000503557597,-0.02183099575,0.009773651116,0.008057359134
2.529481094,-0.001689592222,0.009027556402,0.00240100974,-0.01741071558,0.001851847374,-0.02217759193,-0.001048527598,0.007031781382
2.490329869,-0.002917191906,0.007260366238,-0.01468964158,-0.01823455133,0.001423318724,-0.01895558997,0.02191502736,0.006442862064
2.528648989,-0.002490055403,-0.00187177346,-0.006987834616,-0.01595573009,0.0009728404504,-0.02082542457,0.003325789661,0.008565908636
2.534973904,-0.002233263307,0.01102265336,0.001313532264,-0.005720535439,0.004226414765,-0.02006187804,0.01550189479,0.005106306399
2.47790734,-0.002052226499,0.00574262187,-0.01052729341,-0.01988823402,2.588437005e-05,-0.02213625557,0.006427769366,0.008396517545
2.543998293,-0.007228830696,0.003919911248,-0.01011156769,-0.01710180573,-0.002910020549,-0.02079296004,0.01123052078,0.00782739598
2.52719537,-0.0115630755,-0.006023514953,-0.004364807327,-0.01329320177,0.001296841551,-0.01951832646,0.01704991295,0.006833279245
2.551594718,-0.01063746964,-0.002245793413,-0.009549361877,-0.02213530693,0.0001946231619,-0.02567533573,-0.00700739277,0.006425074915
2.535967853,-0.0109071783,-0.004982053462,-0.01016928442,-0.01443614105,-0.0001678102967,-0.02238350049,0.02094650096,0.008863581855
2.575797,-0.00919173012,-0.005923546557,-0.01027576605,-0.01442620469,-0.002549125614,-0.01979210835,0.003143474375,0.009041847509
2.531209843,-0.006353321885,0.003170980867,-0.008532653443,-0.01471717992,0.001592926771,-0.02427539036,0.01495357364,0.006039516684
2.496299889,-0.008238996905,-0.001918642948,-0.007049689693,-0.01877057969,0.0009493343433,-0.02215625161,0.006465521723,0.009121322041
2.54786997,-0.005757878353,0.003566040664,-0.008569531213,-0.008607179262,-0.0004960057658,-0.0214853305,0.008702535765,0.008096666846
2.541155957,-0.001825311432,0.002125656656,-0.006346599415,-0.01403575538,0.002749514905,-0.02071514247,0.01479241556,0.00950343948
2.50444453,-0.003906736776,0.003879177364,-0.006138749304,-0.01692253554,0.001505004947,-0.02166914835,0.0007212418365,0.008447875562
2.496677699,-0.001761707552,0.003781939163,-0.005682581687,-0.01218472845,0.001514701476,-0.02166580359,0.01539575184,0.01020560075
2.560033616,-0.001749782965,0.006582783285,-0.003928976236,-0.008885589167,0.001742203861,-0.01999086139,0.008984171952,0.007761690665
2.514315077,-0.0007800665672,0.006999105109,-0.006638655246,-0.0179279661,0.004055490426,-0.0214863365,0.01296030332,0.009241321882
2.511507292,-0.002738826363,0.007749572694,-0.003409604617,-0.01526875508,0.003161495869,-0.0233297418,0.008916041913,0.009442310264
2.536254603,-0.001079451051,0.008562356169,-0.005761041275,-0.01118584903,0.001499615514,-0.01786745421,0.01254697234,0.008934629989
2.573034166,-0.0004893099974,0.005367165596,-0.006179307485,-0.01302346543,0.002902349059,-0.02218424037,0.01205900292,0.009236891821
2.519048791,0.001066165657,0.006934318071,-0.005494275525,-0.01690861945,0.002330995644,-0.02190513953,0.007644803971,0.008981956161
2.527857996,-0.002000291959,0.008102797603,-0.004171344042,-0.01175049057,0.003406154711,-0.02202842401,0.01296772458,0.009026863107
2.540975728,0.005120180144,0.01249449077,-0.005791052485,-0.009779918675,0.003239730276,-0.01930505125,0.01269881644,0.009917567874
2.556501826,0.01222698542,0.01714736507,-0.001704949441,-0.01097054878,0.005146257633,-0.02038258071,0.0127186305,0.009026787251
2.503963843,0.008327651514,0.0188819389,-0.002867516076,-0.01354136492,0.003182628192,-0.02068556455,0.01036957196,0.01092155527
2.495171993,0.007976339803,0.01629753892,-0.001532371907,-0.01099518956,0.003575024319,-0.01916585511,0.01102706911,0.009249406294
2.443602277,0.006804928571,0.01318229861,-0.003676883335,-0.01529233189,0.00372610863,-0.02005517509,0.01217953532,0.01006401909
2.500574646,0.006562363537,0.01150052172,-0.009960383222,-0.01506393123,0.003486647011,-0.02066101851,0.007813156513,0.008090522131
2.451539511,0.003520703938,0.01602361609,0.005164415353,-0.0086745674,0.0008669596632,-0.02220328291,0.01539286684,0.00861251312
2.629655077,0.001169356804,0.01083776356,-0.005035667872,-0.01714025263,0.002775486628,-0.01854974023,0.009359174763,0.007864762123
1.930650089,-0.0004086655893,0.005239569691,-0.0141657683,-0.01851267485,0.00202495048,-0.02399941662,0.009664603659,0.006486929157
-3.492377329,-0.000524341794,0.01013856887,0.0004986872848,-0.008143170696,0.001102049776,-0.02043418552,0.01002575324,0.007237274685
-3.806938748,-0.002025401366,0.007223180302,-0.00391019947,-0.01434063649,0.001179254894,-0.02113713979,0.009274769248,0.00636195122
-3.808536299,-0.004565540033,0.003329753498,-0.014178577,-0.02407470931,0.001347226344,-0.02529094716,0.008989567598,0.008320453209
-3.827965724,-0.0008631141233,0.00747004069,0.001521592646,-0.007006077022,-6.549841319e-05,-0.01880244466,0.01198391344,0.007280523805
-3.799686555,-0.00247983162,0.004834466478,-0.007215364125,-0.01740902983,0.004148282153,-0.02175840891,0.01019233619,0.007387969897
-3.756017473,-0.003736362324,0.005710578584,-0.009152821364,-0.02099256851,0.000835872136,-0.02902028803,0.002320729847,0.007775628053
-3.870066818,-0.002720666045,0.007519399269,-0.0005678473187,-0.00667681018,-0.005110716238,-0.01242735351,0.01926171504,0.009071095997
-3.606670495,-0.00257251183,0.003613412556,-0.006759165911,-0.01734744097,0.004578341289,-0.02519639278,0.01064878791,0.006659051945
1.454726408,-0.002076093523,0.005743987284,-0.009489147942,-0.0241203725,0.002647934315,-0.02848597967,0.002568900808,0.007076460511
3.101802164,-0.0088157848,-0.0009630727773,-0.001375990927,-0.00484293375,-0.002178143187,-0.01793817922,0.0101178283,0.009344314028
-1.956358062,-0.01435772876,-0.005834175182,-0.0135937234,-0.01764449847,-0.002696392833,-0.02325973952,0.01590433412,0.007975856371
-4.230839551,-0.01094226189,-0.005255465029,-0.009599573227,-0.02580282175,0.002072556649,-0.02700510911,0.0007681961786,0.006172752675
-3.569907113,-0.01082310893,0.001052236575,3.416428673e-05,-0.01047500984,-0.0006983243986,-0.02068475099,0.008975189748,0.006120210786
-3.953860527,-0.007960926066,-0.00177280117,-0.01402439495,-0.01144686699,-0.002712873062,-0.02231932464,0.01296694524,0.00866455174
-3.747587926,-0.007282690582,-0.002726361945,-0.01179671124,-0.01927999349,0.00399444975,-0.02321223781,0.008393626256,0.007580447449
-3.845067586,-0.006547577725,0.003870557946,0.001189633245,-0.01400230715,0.003246109408,-0.02311414063,0.008383985445,0.008891696319
-3.703599153,-0.006673610854,0.003964100972,-0.01022167153,-0.01410264475,0.0004021962539,-0.02118113345,0.01128182426,0.009411442434
-3.816566891,-0.002308029946,-0.0001723966765,-0.01264334752,-0.01631769344,0.002316817973,-0.02251888824,0.01274876324,0.007915774447
-3.779549119,-0.001337321501,0.005110753976,-0.0003493624122,-0.009814142635,0.0006214077504,-0.02111115248,0.006628569304,0.009360102572
-3.81527669,-0.001634196662,0.007260263909,-0.005630312001,-0.01622841485,0.001257551357,-0.02403431177,0.01089237932,0.008909857847
-3.801255049,-0.0007924090587,0.006619719208,-0.01104548337,-0.01496867238,0.002304990087,-0.01967048882,0.01127334288,0.008256336543
-3.809384904,-0.0006871468124,0.006625283061,-7.83508597e-06,-0.009659306785,0.001249785821,-0.02648618242,0.0110960046,0.009916828407
-3.796814854,9.161243079e-05,0.006237299845,-0.006260111511,-0.01561531089,0.004261951276,-0.01252120046,0.01321863407,0.008664816959
-3.841617184,-0.0009723790188,0.008755343942,-0.006562843254,-0.0138333482,-0.0009632745297,-0.02373660082,0.005865674937,0.01130837457
-3.663477367,-0.000565139256,0.008385514707,0.001356834964,-0.008986246988,0.004873061833,-0.03336230349,0.02202816608,0.01126371972
-3.986576294,-0.0006569959452,0.005221738573,-0.01445887347,-0.01727044071,0.005129517887,-0.0003092726668,0.0005459919615,0.003591874357
-3.509948263,0.0002722580677,0.009112254815,-0.002008546692,-0.01226242663,-0.0003665594321,-0.03728456403,0.008571211001,0.01365121479
-4.329169119,0.009717909507,0.01687330308,0.003535705327,-0.006610331691,0.003877014393,-0.01446075807,0.02639273005,0.01220589055
-0.7433721044,0.009653084911,0.01668219086,-0.01028746309,-0.01669335728,0.00559315052,-0.01407756361,-0.006375923534,0.006458174944
3.055213137,0.007707848796,0.01759289621,-0.003640404465,-0.01381604685,0.006577185922,-0.03177153199,0.02804173968,0.01046543928
2.288984313,0.008527480744,0.01372690075,0.00574989346,-0.004317982229,0.001635889258,-0.01122050838,0.0003751790172,0.009713614232
2.330990759,0.005509212456,0.01416438262,-0.01227154764,-0.02034055485,0.003309068228,-0.02370267932,0.01382186479,0.009889543991
-3.610873758,0.005736871429,0.01334152603,-0.001737214436,-0.01263685126,0.002099051338,-0.02557621108,0.01347477386,0.008879725574
-3.585843913,0.002903777322,0.0117205014,0.0002880421696,-0.01077652699,0.003607777585,-0.01403373336,0.004503443314,0.005587463506
-4.205745918,0.002382617406,0.008655841222,-0.008403651487,-0.01725439478,0.002853701429,-0.02914091391,0.01606667365,0.00916926439
-2.213985387,2.332348871e-05,0.005528407745,-0.002794835053,-0.01516762276,3.505611435e-05,-0.02041147097,0.005698503667,0.008536409915
2.767366024,-0.0003635693922,0.007688414811,-0.005532156606,-0.01230480633,0.002915665637,-0.02068388176,0.01193721343,0.006960229422
2.416490365,-0.00167433116,0.007004534319,-0.008588665369,-0.02022386279,0.0003425282121,-0.02560459708,0.01071483356,0.00720316819
2.387055332,-0.004689386112,0.004929586022,-0.003653502107,-0.01444849397,-0.000374216443,-0.01860909365,0.008422087934,0.008066883605
-3.363249788,0.0002684082464,0.006896357269,-0.006636243575,-0.01225882504,0.000964383637,-0.02387349024,0.01113955286,0.009765392227
-3.826762004,-0.00278311565,0.005742506496,-0.008582346653,-0.01716127656,-0.001580699553,-0.0213549787,0.01153703402,0.007567383096
-3.859589434,-0.002822703219,0.005483667642,-0.002953738859,-0.01512284137,0.003164935844,-0.02035977832,0.004752416004,0.006242651962
-3.693829071,-0.001156105489,0.007250119983,-0.004845783023,-0.01581489364,0.001286133221,-0.02770824091,0.01474262361,0.009970460908
-4.087011691,-0.002256963795,0.002885894391,-0.006830446536,-0.01572783871,-0.0002600782084,-0.01828733493,0.004479873821,0.006232440994
-2.58972453,-0.004304432721,0.003686559119,-0.003906844006,-0.01182153442,0.00121446042,-0.02463658853,0.0145163367,0.007761695074
2.687397021,-0.01354595344,-0.003876163307,-0.009026512552,-0.01952245488,-0.002041319281,-0.0246089005,0.007086275313,0.007026197257
2.443643602,-0.01212662587,-0.004373364914,-0.009816253475,-0.01855268885,0.000455565935,-0.02086967666,0.005089959736,0.006261186899
2.669827527,-0.009412650357,-0.003303100263,-0.008159506319,-0.01299990605,-0.001313554312,-0.02566137703,0.01240534895,0.009388895409
2.496239624,-0.01140812082,-0.002352341193,-0.009612313236,-0.0154110003,-0.0004110053761,-0.02238038631,0.005160901589,0.007315797402
2.538027706,-0.007974092095,-0.0004271978354,-0.008282898522,-0.01957966868,0.002169040876,-0.02402420729,0.0116614407,0.008102769427
2.452081146,-0.008000927583,0.001010325672,-0.005609400699,-0.01285932616,-0.0007098878308,-0.02394131659,0.006666291832,0.007887988029
2.481863735,-0.005357295272,0.001679183868,-0.008335882129,-0.01342444511,0.002021778903,-0.02012010932,0.01247993717,0.007548472591
2.514821242,-0.002802186607,0.002959550531,-0.008312066718,-0.01561179818,0.002073716941,-0.02343461659,0.008455872171,0.009501476037
2.578163588,-0.003816052764,0.005321178631,-0.001901834126,-0.01233397992,0.001500244457,-0.0218451777,0.009810847103,0.009088994078
2.525938589,-0.003312061822,0.007699097025,-0.009744748251,-0.01486620831,0.002662678334,-0.0210249379,0.01144900983,0.008073083714
2.519064117,-0.0003475118238,0.01738075946,-0.009777554241,-0.01292128574,0.0004573234011,-0.0232820696,0.007595681313,0.009393489648
2.50981245,0.0005839092389,0.01015369932,0.002816793031,-0.01062369124,0.00202489024,-0.02041116504,0.01607557291,0.009632107588
2.498629258,-0.001473486,0.01225012639,-0.007599989114,-0.01651824219,0.002583388374,-0.02123392479,0.00515519395,0.007574808536
2.578563885,-0.0007128349869,0.008662008931,-0.01041750004,-0.01516741307,0.003534672026,-0.02121859902,0.01572179174,0.008571535155
2.575158693,-0.0009255430694,0.006749880486,-0.001642669394,-0.01007681334,0.002119294711,-0.01919859965,0.009823694463,0.009727390737
2.530276743,0.0003886280109,0.009333945724,-0.004219944446,-0.01277106973,0.004600173833,-0.02381813718,0.005980612366,0.008934145402
2.540832921,-0.002102368835,0.009322668225,-0.007739334482,-0.015624524,0.001585403119,-0.02075509487,0.01733455797,0.008450981275
2.527563649,0.004844859225,0.01308211727,-0.004919223464,-0.01138653131,0.002218471619,-0.01868033593,0.004016589985,0.008648259026
2.513861775,0.01294437107,0.02477517423,-0.002210177969,-0.008372341946,0.008493371455,-0.02147820761,0.01952597777,0.01085871129
2.544932186,0.007563741868,0.01779455256,0.0003166554313,-0.01184251064,0.003717128415,-0.02067251613,0.004896777555,0.01019707594
2.552734222,0.009575316297,0.01779311063,-0.003763250703,-0.01283229472,0.003764257657,-0.01896653441,0.01559959677,0.00962062445
2.534958714,0.006812101521,0.01346172908,-0.004000293428,-0.01400359127,0.005812837275,-0.02203627076,0.01094293808,0.009051455994
2.535882155,0.003827651724,0.01757327145,0.0009511090644,-0.01240523116,0.00337983192,-0.02203784296,0.00588183476,0.007238977474
2.485535882,0.004142706181,0.01199734157,-0.004029938677,-0.01462277696,0.002244249393,-0.02242280199,0.0168246224,0.009756262731
2.495277307,0.002825419573,0.01064581013,-0.009566476114,-0.01413470543,0.001089724193,-0.02078716834,0.006519748292,0.00779500303
2.534813065,0.001673944912,0.01280769226,-0.002267138052,-0.01114855897,0.001189187274,-0.02216533721,0.0153505091,0.007775692759
2.501488812,-0.001086311563,0.00781804942,-0.004290317136,-0.01812547216,0.0007345899357,-0.02365371283,0.006608754221,0.007994558852
2.456855599,-0.0003929900407,0.00606119706,-0.008494254388,-0.01613809527,0.001412229132,-0.02257162764,0.008862473369,0.007691577961
2.552969642,-0.001760755457,0.004984705014,-0.006104022893,-0.009528107182,0.00144561567,-0.02118349348,0.01064144333,0.008684475756
2.534257866,-0.002167631958,0.007472601868,-0.005285341226,-0.01424024839,-0.0001857062406,-0.02133268692,0.007006743826,0.007500404322
2.536968219,-0.002737745436,0.006791849726,-0.005257728378,-0.01885539464,0.001039708003,-0.02462233306,0.01180628366,0.008329974615
2.533450122,-0.002591051808,0.006522785396,-0.00462372326,-0.01349031884,5.353611549e-05,-0.02142560114,0.008180427401,0.007522150766
2.545335399,-0.002013143935,0.007051492997,-0.006639344938,-0.01182408977,0.001095177478,-0.02221282178,0.014296026,0.008835213633
2.485560904,-0.003558810418,0.004514174471,-0.005757066404,-0.01815845648,0.0007856412435,-0.02415002591,0.007242253562,0.008707270251
2.515029729,-0.002391644586,0.007549159865,-0.004503845919,-0.01428656194,0.0007428992773,-0.02058346899,0.01057446572,0.006676194999
2.517648205,-0.009309311189,-0.002590292864,-0.008701996885,-0.0136616264,-0.0005803554052,-0.02294252642,0.01135188526,0.007247386512
2.531209259,-0.01240087584,-0.006793698946,-0.01062683501,-0.01882325253,-0.002207508723,-0.02578010654,0.006590170671,0.006557972598
2.555092329,-0.01085588873,-0.001673089295,-0.004782455388,-0.01537675089,-0.0006743948217,-0.02561092954,0.01037191711,0.00827007412
2.458804659,-0.01297713542,-0.003754009954,-0.01064300123,-0.01835891669,-0.0006659442036,-0.02178994953,0.01043731211,0.006989352279
2.491743155,-0.008618285797,-0.0004816929508,-0.01349287272,-0.01353712833,0.0008289669484,-0.02318846229,0.008841911407,0.007556470622
2.454165834,-0.00695018651,-0.0001947086415,0.004442111342,-0.0125621736,0.0003365394312,-0.02369712009,0.01174393311,0.009976416435
2.686247047,-0.008497563956,0.003175424558,-0.009521016412,-0.0176288771,0.000240375242,-0.02053557263,0.006294040935,0.007299507309
2.321585338,-0.005301560976,0.001912942905,-0.01530956255,-0.01548310832,0.003764212022,-0.02381488291,0.01219545225,0.008891623737
2.917722357,-0.002867359324,0.002641467637,-0.0008845662304,-0.01076341473,5.256340932e-05,-0.02122931766,0.009526479284,0.007877782088
0.7883275044,-0.002966309457,0.004796169223,-0.004449550159,-0.01369134773,0.001973142013,-0.02101749578,0.00895474229,0.008837027352
-4.171521893,-0.003277381043,0.005853510933,-0.0126973307,-0.0176503099,0.002501445031,-0.02428603602,0.01255569166,0.008743090375
-3.637061303,-0.0001876173016,0.00951627634,-0.004253816768,-0.00866799482,0.002178937046,-0.01949379051,0.01179464322,0.008415898069
-3.920560264,0.0002323612043,0.006384696728,-0.003859259217,-0.01526856665,0.003724789962,-0.02179342659,0.009415192468,0.008749602822
-3.652530192,-0.0008433277186,0.006843223977,-0.00826105861,-0.01473770582,0.001189041294,-0.02504131134,0.01041518678,0.009591008357
-3.923882844,0.0006859591867,0.004726500323,-0.005528706836,-0.01104644098,0.003607119712,-0.01850756388,0.01049525884,0.01012831125
-3.647593935,0.001154467522,0.008330022925,-0.005733043652,-0.0117180179,-0.001069294091,-0.01787356966,0.01668047428,0.007759624623
-4.147784762,-0.0002757080726,0.007980823898,-0.006219917189,-0.01990505049,0.01186127556,-0.02924124191,0.005018325694,0.01005569456
-2.549155688,-0.001631396514,0.01235870317,-0.004614873742,-0.01135769911,-0.001944353018,-0.02357412605,-0.001241531762,0.009363385083
2.748209663,0.009817033451,0.01343358189,-0.004913318335,-0.001369838193,-0.001678484273,-0.006610874443,0.03119997918,0.01072573404
2.061544792,0.01132581509,0.0146720204,-0.000273695205,-0.0232935429,0.01282027659,-0.02772872319,0.009269598489,0.00869248401
-3.179985645,0.007927940485,0.02203211705,-0.002172623022,-0.01460379759,0.004485369136,-0.02429537328,-0.005048988437,0.007696269972
-3.946626185,0.008485088476,0.01603236382,-0.002739497561,0.002150804909,0.001729274943,-0.01476171567,0.02559839149,0.01239184098
-3.633694288,0.003486600998,0.009045250436,-0.008387983233,-0.01992207085,0.001403653411,-0.01818625432,0.01609610512,0.008352232725
-3.872053454,0.008987379171,0.01333862965,0.004335641873,-0.0229526263,0.01004475202,-0.02468066916,-0.004669318861,0.008711946687
-3.740877335,0.001533158711,0.01937847563,-0.001129273477,-0.006645185901,-0.0003962796334,-0.02398514099,0.01509924014,0.00859734636
-3.843646414,0.001383012822,0.006036663548,-0.01702052012,-0.006835316096,-0.003624158651,-0.01605281734,0.01248071421,0.01000436783
-3.765471424,0.00123604876,0.005772196557,-0.001560751799,-0.02061725701,0.006203681161,-0.0230848272,0.01085497996,0.008020914394
-3.815576682,0.001097292576,0.01065323396,0.002522657432,-0.01747817047,0.002661017872,-0.02494305962,0.002655454291,0.00656078219
-3.781078703,-0.004368813754,0.008332034563,-0.01408402048,-0.01521359498,8.184323911e-06,-0.01903860137,0.01383557718,0.007236060283
-3.809012728,-0.003174973188,0.002276266889,-0.01017493629,-0.01326422662,0.001013104915,-0.02095326753,0.01230163665,0.007401404281
-3.806758175,0.0001708845636,0.006681199343,0.00284653828,-0.01649342103,0.0008164481111,-0.02099950303,0.003953893795,0.008485438205
-3.813149643,-0.002986095498,0.007410799213,-0.007054971909,-0.01756649803,0.003070199395,-0.02568544397,0.01301818547,0.007060470238
-3.782863871,-0.002700036482,0.007067075878,-0.01062155705,-0.01328075058,-0.0005974149486,-0.01973671171,0.01059335563,0.00921374542
-3.881025448,-0.001384142422,0.003933662025,-0.006862521376,-0.01457311982,0.001674360455,-0.02463448952,0.007793244307,0.007693413816
-3.720127726,-0.002110703499,0.007788162056,0.00114072764,-0.01397319191,0.001833488324,-0.01462841949,0.008970529932,0.006812717956
-3.915938501,-0.006642278559,0.006427210583,-0.004775599319,-0.01897507989,-0.002507168768,-0.02783650394,0.009041294338,0.008611586459
-3.547361277,-0.01491134125,-0.006468741234,-0.01581946949,-0.01465674307,0.002339900285,-0.02815598162,0.01568332986,0.006894532618
-4.087614048,-0.01187138012,-0.004535084959,-0.006200637711,-0.0124062978,-0.00133378,-0.01029306775,-0.005873954378,0.004903641843
1.240489495,-0.01013124954,-0.001658688799,-0.007075726586,-0.0210100311,-0.003601626355,-0.03554156815,0.01652078189,0.00984371172
2.703955024,-0.01165998484,-0.005753764213,-0.01214049444,-0.0180182145,0.0004743215721,-0.01530585619,0.01085838718,0.009520416083
2.737098197,-0.005003889272,0.002056639295,-0.004275911794,-0.009282445735,0.002946244341,-0.02100932812,0.004499415304,0.006270964088
0.8483535379,-0.008115529258,-0.0006529521176,-0.0112749041,-0.021165736,0.0009846989996,-0.02899569622,0.01492924591,0.01039295672
-4.449926743,-0.008256566169,5.741870751e-05,-0.006199505513,-0.01570235209,0.0006710663026,-0.01687252388,0.003652750649,0.009115955751
-3.190114115,-0.002914540326,0.005802643958,-0.004333065315,-0.009556334594,0.003002276911,-0.02200768269,0.02041775231,0.008949757996
-4.582112468,-0.001196721281,0.001678159659,-0.009320789971,-0.01841672175,-0.0001338215801,-0.02470387983,0.002473622782,0.008187418279
-0.08989063475,-0.001706193242,0.007166036853,-0.008197517883,-0.01650012507,0.002066577979,-0.02123661233,0.009623632951,0.008759753352
2.742435088,-0.001102282519,0.01003642519,-0.001303707793,-0.007533817306,0.001224027104,-0.02200116492,0.01637643123,0.01083939318
2.64952305,-0.0008945980514,0.002455547326,-0.009379235579,-0.0172620668,0.003400541292,-0.01806915943,0.008793000741,0.007353712967
1.099939651,0.0007332228204,0.006720228235,-0.00389109679,-0.01585890885,0.003184520692,-0.02720330664,0.01097570494,0.01007284952
-4.274707848,-0.0001301260141,0.01224147236,-0.004901712725,-0.01186593925,8.442722322e-05,-0.02113154393,0.01030609242,0.009613988332
-3.416187574,-0.002825372619,0.004605518659,-0.009301275656,-0.01654521097,0.004063696667,-0.01871410344,0.01074333194,0.007868024845
-4.110425835,0.002383186706,0.004577458598,-0.002213147597,-0.01330882134,0.003856001242,-0.02390729453,0.01297091163,0.009645614927
-3.379318209,-0.0003652217709,0.007713148713,-0.006607965272,-0.009491359881,-0.0001716659957,-0.01679265094,0.006387093092,0.008720667464
-4.365422117,0.002659222874,0.01324883607,-0.00852772377,-0.01252710815,0.005485745575,-0.02313421786,0.009022386662,0.009853535559
-0.6297461262,0.01137311751,0.01745814588,0.0004003850313,-0.01359328826,0.005110703721,-0.0243802158,0.01984850419,0.01009856905
3.04967748,0.008521046518,0.01436821461,0.0009057018022,-0.01059644357,0.001153756947,-0.01204342706,-0.0005470950014,0.008295955293
2.290160158,0.008212078433,0.01941830811,-0.005393759026,-0.009044528761,0.004931646738,-0.02669617447,0.02423109747,0.01083353514
2.663677777,0.00696135334,0.01310805374,-0.006163586033,-0.01495250664,0.002748996286,-0.01973192444,0.0008864321935,0.00949275046
2.468474418,0.00623883415,0.01375706334,0.000814112382,-0.01322202388,0.004222717482,-0.01836398176,0.01221463466,0.007178716168
2.557811844,0.005867542802,0.01339322825,-0.002871297228,-0.01507352856,0.002223272674,-0.0224582067,0.01348578495,0.01047875978
2.483864757,0.001829742399,0.01046219955,-0.008609170943,-0.01131060066,0.001079804687,-0.01858797447,0.004822481871,0.008176353983
2.553619347,0.002305628457,0.007394232583,0.0002165977098,-0.0145954546,0.00260179294,-0.02599061805,0.01393042871,0.008756661195
2.544082485,-0.0007793264739,0.01145301192,-0.01519765493,-0.01979416745,-0.0008946826375,-0.01875034447,0.002698411596,0.006046695247
2.574113102,-0.00276918582,0.005255989656,-0.002128783923,-0.008547731886,0.002669567196,-0.02268256206,0.01791464648,0.009025961888
2.562261392,-0.002803011962,0.003062395961,0.003680992307,-0.01295103524,-0.001221552809,-0.02261497472,0.005520290271,0.009413717253
2.53067615,-0.001580411685,0.005948041574,-0.01724703821,-0.02428164577,0.00380077356,-0.02381270143,0.006971801667,0.005811573224
2.52787024,-0.0034186958,0.008660546605,-0.005546962906,-0.01194554833,0.003362030758,-0.02179778451,0.01174719515,0.01020602309
2.588514997,-0.001850325028,0.005061626346,0.002069778249,-0.005286198493,-0.002224923281,-0.01616033793,0.009404674288,0.007452598939
2.514018723,-0.001478978371,0.001092750323,-0.01234182184,-0.02719968586,0.0003307667632,-0.02705041475,0.01071842104,0.009580377849
2.48639304,-0.002272067138,0.009930501861,-0.006068290613,-0.01280913103,0.0004658139598,-0.02295248929,0.005426364332,0.007877237583
2.567255572,-0.002085523834,0.009942309637,-0.0007406488658,-0.008307879134,0.002358893926,-0.01656334395,0.01519914428,0.007338701572
2.499162752,-0.009578219629,-0.00641528918,-0.01390305652,-0.02524457323,0.0001468207362,-0.02617362164,0.002132505244,0.007913550212
2.509955185,-0.01244357915,-0.005619806011,-0.004973814656,-0.01546611149,-0.001257135069,-0.02588356692,0.008614374848,0.008466302633
2.637265299,-0.01198496912,-0.000390777156,-0.007114163983,-0.009345723995,-0.002114521581,-0.01868939145,0.01411127537,0.007061242487
2.578610986,-0.01081922625,-0.008539118958,-0.01692210264,-0.02466864475,-0.0009374588641,-0.02676506745,0.003852579614,0.005712897056
2.502095249,-0.008778287878,0.001406174676,-0.001085228883,-0.01353626453,0.002568815366,-0.02126163129,0.01317920736,0.009337516001
2.521550273,-0.008061633115,-0.0005439978647,-0.007028618188,-0.008136269614,-0.0002851895135,-0.02103360244,0.005151362163,0.009142441388
2.562829893,-0.008312316011,-0.001885633605,-0.01764775276,-0.02021062624,-0.00138898271,-0.02567505713,0.0141968251,0.007082808447
2.498655845,-0.003919836065,0.002867489544,0.001115679198,-0.01249421221,0.003376528706,-0.01890977302,0.005233659824,0.007941783196
2.47471704,-0.003584221517,0.00793719051,-0.00456904778,-0.01224246624,-0.0003721856313,-0.02078205102,0.009851065409,0.007572793534
2.562403385,-0.003201370108,-0.0007347846991,-0.01377676359,-0.01603312845,0.001256583685,-0.0256906368,0.01463438351,0.009745438947
2.545109032,-0.0001495114589,0.00666429724,-0.002664397558,-0.01100932537,0.002443626489,-0.02054904076,0.007360578642,0.00843988195
2.47775317,0.0003026906712,0.01283690467,-0.0008029258595,-0.01202146976,0.003385690399,-0.02289888293,0.01224320804,0.008590514975
2.504047653,-0.00158708922,0.003652417759,-0.01250332938,-0.02029164382,0.002073889823,-0.02176538435,0.008382705508,0.008777283797
2.536540597,0.0006191698732,0.006386011337,-0.003241821323,-0.007478467245,0.002056434712,-0.02145355466,0.01321933957,0.00914174202
2.502359428,0.00145322037,0.009322409556,-0.003092273237,-0.01098353494,0.002535735089,-0.02140895223,0.007591557724,0.009075622225
2.472296206,-0.001967731944,0.008090222921,-0.008651493064,-0.01811287317,0.003475023563,-0.02365701179,0.009103228941,0.007363374615
2.542790448,0.0004925852217,0.006744306117,-0.003378935545,-0.01216657253,0.002494570392,-0.0195979672,0.01234819899,0.00974684816
2.517962812,0.001851436599,0.007982544507,-0.003173484334,-0.009678078234,0.00240967373,-0.02178990496,0.01217839669,0.008862479597
2.535889342,0.00837435546,0.01663800467,-0.007585580855,-0.01639850657,0.005663443671,-0.02158850049,0.01027882392,0.00909467314
2.534400443,0.01030030234,0.01891293294,0.00138032855,-0.006038657986,0.004777040012,-0.01822438287,0.008345767658,0.0108332489
2.550178054,0.007760665568,0.01567089376,-0.002502675421,-0.01329980824,0.004327364066,-0.01937732818,0.01635794017,0.009928521326
2.518049879,0.008816361422,0.01511267574,-0.01120504175,-0.01623822626,0.003834659381,-0.02331433442,0.006820362458,0.00922993567
2.435941928,0.005750808632,0.01431184252,0.008010752272,-0.008191433119,0.004083550184,-0.02205005282,0.01401078451,0.009752759533
2.567382375,0.005312252915,0.01570330697,-0.002236408141,-0.01436574077,0.002900793205,-0.01820116677,0.009351654376,0.008732383673
2.407771875,0.004503469517,0.009535292986,-0.01451151989,-0.01778917151,0.005253642382,-0.02359177909,0.01112148357,0.009328058631
2.649384456,0.001480033951,0.009116811326,0.002686464217,-0.009503420143,0.001586788546,-0.02065301524,0.01027070131,0.008720416103
2.237137858,-0.000196806137,0.01026004199,-0.002063745344,-0.01231775655,-1.593530964e-05,-0.02051461017,0.006088618341,0.008112909437
3.03704537,-0.001678924866,0.00594075238,-0.01574125104,-0.02196871349,0.0008933174208,-0.02458931175,0.01297224948,0.00702617987
-0.3803624408,-0.0004502997855,0.006655364971,0.0009543807285,-0.008816951405,0.0007866949874,-0.02152209757,0.008424780008,0.007931376673
-4.333544021,-0.003451459403,0.005026437693,-0.004804753791,-0.01677263866,0.001510878585,-0.02136374392,0.01100888593,0.007528461283
-3.499430258,-0.002150846319,0.005657178409,-0.01186680827,-0.0177535776,0.000932395806,-0.02586269966,0.006020516352,0.007434153943
-4.013653855,-0.001594057611,0.006857116179,-0.001672602365,-0.0116496023,0.001087912049,-0.01883139371,0.01337322937,0.009192909381
-3.613814033,-0.002151557491,0.005240715829,-0.006884134981,-0.01420052324,0.0007980085802,-0.02104259207,0.008469085211,0.008215326079
-3.949783409,-0.003311594956,0.004673426059,-0.009883487707,-0.02141740387,0.002114206857,-0.02570876211,0.008619132895,0.007379505744
-3.665586586,-0.003128021206,0.008932466774,-0.002452566748,-0.007600997866,0.001723209136,-0.01896058873,0.01194337461,0.007756613546
-4.15343434,-0.004402318079,0.002672805169,-0.007830357075,-0.01400946034,0.0008641420258,-0.02182103317,0.003813078298,0.007751205404
-2.637929831,-0.01348911077,-0.005617141606,-0.01174726552,-0.01893353635,-0.005570657006,-0.02237611189,0.02114595797,0.006237695182
2.796508766,-0.0117743806,-0.004473187147,-0.005391918633,-0.01794606167,0.01203865988,-0.02680038769,-0.005450345987,0.007918130511
1.631671454,-0.01275651831,0.002875514427,-0.009696436263,-0.01431564118,-0.01354734172,-0.02782732793,0.0004932057169,0.008015238582
-3.62044496,-0.009589741247,-0.01118497162,-0.01277169774,-0.009068625027,-0.003777333108,-0.008843480879,0.03365999128,0.008235807922
-3.800558475,-0.006239065029,0.0015543822,-0.004077765794,-0.02723049138,0.01122194644,-0.02610329501,0.001867500824,0.006586778876
-3.781810935,-0.00979615483,0.006240416173,-0.006082146438,-0.01440014107,-0.0007476193637,-0.03620357616,-0.005879814695,0.007122559864
-3.791227391,-0.005634977322,-0.003060182663,-0.01403507035,-0.003546709974,-0.002657103471,-0.01221926594,0.02739045021,0.01030291677
-3.802346292,-0.005473307899,0.002020015902,-0.007759746657,-0.01613516714,-0.0009523452736,-0.01805606882,0.01223283735,0.007175754291
-3.769930375,0.0006276505041,0.006294475438,0.002314214129,-0.02498447246,0.01035464815,-0.0291348834,-0.001499080192,0.008508914732
-3.799866287,-0.005919483287,0.005032848635,-0.006441974328,-0.006999560251,-0.0011257779,-0.02522715376,0.008356712121,0.008100971927
-3.838477306,0.001547817968,0.008257236618,-0.0194104671,-0.003070892214,-0.004201942835,-0.01418530536,0.01747725333,0.01161948063
-3.820499041,-0.002688447745,0.004158226909,0.002535089674,-0.01954719932,0.007972495903,-0.0223425843,0.01522211298,0.009111191672
-3.817779645,0.0005425268848,0.009629462859,-0.0005942515957,-0.0225173016,0.003658098478,-0.02255361595,0.001128615529,0.007592576152
-3.753943498,-0.001664250349,0.006934126235,-0.007719977576,-0.006867623624,0.001520782263,-0.02176620132,0.01628145826,0.008913736806
-3.791792316,0.0006729925295,0.00710300088,-0.01759727891,-0.008921877503,0.0006911814455,-0.0171498665,0.01135896636,0.009284501484
-3.756988638,0.002098339628,0.01067751254,0.0002400884553,-0.01673437481,0.003409419193,-0.02339774174,0.001572264912,0.009321780094
-3.814256862,-0.0003284251535,0.007736059256,0.007127347281,-0.01732027849,0.002741283624,-0.02479269207,0.01744875802,0.009562527571
-3.64920139,0.001695804991,0.01544866892,-0.01800406285,-0.008086033863,0.00317346638,-0.01591742345,0.008795729075,0.008443211179
-3.964327893,0.01114495919,0.01708897445,-0.004049404829,-0.01384054099,0.00893109354,-0.02756104853,0.01565881163,0.011744241
-3.579471028,0.009501749533,0.01583355286,0.003924896189,-0.01281176015,0.003294749492,-0.01069891466,0.004806862897,0.0098054271
-4.100880431,0.006886917769,0.02278365886,0.0006668797549,-0.009368291502,0.002157104246,-0.02329798142,0.01655859142,0.01147073357
1.259640918,0.004737935734,0.01605736497,-0.00791063865,-0.01346290508,0.005208572452,-0.02582897871,0.01401923705,0.0088063174
2.714969484,0.008486671707,0.01025005625,-0.006954131489,-0.01442715567,0.00185688939,-0.01318041803,-0.005223884438,0.006819211416
2.662840061,0.007147424942,0.01862503156,0.003780173798,-0.01211410713,0.00109280984,-0.03044508419,0.02464369544,0.01237342089
0.9287943976,0.001086875419,0.01426487282,-0.005170337935,-0.008511600006,0.001107777457,-0.01416786027,0.006936767994,0.00886620473
-4.486204045,0.002930031722,0.002922448231,-0.01024468767,-0.02279770791,0.004662562359,-0.02328868542,0.009676685655,0.007084379869
-3.269838874,0.0007014763858,0.008876818037,-0.002254999094,-0.01400784426,0.0003827829771,-0.02823156029,0.00875212809,0.007927520133
-4.521305528,-0.003279709753,0.01470617064,-0.002256188147,-0.01359755649,0.0008699847744,-0.01523220251,0.009028430162,0.007213603893
-0.3073623644,-0.003952732626,0.001642418721,-0.01022439105,-0.02010816284,0.001720682507,-0.02616221894,0.01141699277,0.008580469804
2.846702916,-9.109415732e-05,0.003431064605,-0.005596977288,-0.01295019846,-0.0008381513334,-0.02310852142,0.008513473239,0.007756778758
2.60467722,-0.001765982606,0.0137840326,-0.007176082238,-0.01315036124,0.001590837106,-0.01891339097,0.01065072029,0.00730748651
1.341571638,-0.004756899191,0.006227901643,-0.004793887349,-0.01685091287,0.001777431692,-0.023529746,0.0123396629,0.00843813719
-4.218349395,-0.002138702797,0.002386552245,-0.002235982936,-0.01497690015,0.0004399956379,-0.01751521287,0.01136718181,0.008948562293
-3.449963209,-0.001146010169,0.004892294511,-0.008297860768,-0.01369263848,0.000617601459,-0.02507005822,0.007002443551,0.009041639197
-4.038780879,-0.00257038839,0.01173303533,-0.005562449962,-0.01693734615,0.001804661423,-0.02446285129,0.01053259101,0.007393697047
-3.435897235,-0.009323561819,-0.002893041339,-0.003405751625,-0.01635702096,0.001098647846,-0.01905235471,0.004322613206,0.005763529432
-4.352767428,-0.01113433248,-0.005974636837,-0.01118025416,-0.01706987281,-0.002645935214,-0.0256057382,0.01446325545,0.007885453167
-1.014252172,-0.01041174529,-0.002618811998,-0.01322526808,-0.01344242294,-0.003176876751,-0.02222580774,0.01024229613,0.01006163103
3.068440245,-0.01234785298,-0.002485362156,-0.007883629579,-0.01478027155,0.001112783981,-0.02082088649,-0.002849724304,0.006214835407
2.274237107,-0.009990941103,0.001308126717,-0.007643121578,-0.0197890748,0.00272842853,-0.02930951022,0.02383536973,0.008115738035
2.634459476,-0.007668618943,-0.006936677087,-0.007066868199,-0.01793946162,-0.002048519833,-0.01361903195,-0.003646942296,0.008322024692
2.407861504,-0.007922810609,0.00294948715,-0.00605423555,-0.004680246676,0.0008672466982,-0.0260388001,0.02080604776,0.008743909123
2.620805113,-0.004541260239,0.0008383394995,-0.008989863012,-0.01872333494,0.001037586556,-0.02621392748,0.002997165589,0.009617358879
2.463089065,-0.003641967188,0.009009778645,-0.009737817326,-0.01834263871,0.00255173559,-0.01591729708,0.007789907393,0.005886015363
2.578525783,-0.0007094418282,0.003210625779,-0.003925823408,-0.009814446189,0.002096431291,-0.02439461818,0.0219733263,0.01017579426
2.544426132,-0.002797541327,0.005092807358,0.0006823873069,-0.009057256296,-0.0001831769391,-0.02356725244,7.515448966e-05,0.008896075274
2.576787868,0.00143807408,0.007906722327,-0.01502186752,-0.02164850794,0.00471755857,-0.02061837008,0.01354810222,0.008157171974
2.516668646,-0.001157728194,0.008281637181,-0.004756201394,-0.01040146914,0.0005100042347,-0.02275684297,0.005531338288,0.009739815501
2.526802657,-0.001046169356,0.007542857193,0.0004220305599,-0.006866043347,0.003359803426,-0.01550786709,0.01953774369,0.006412686385
2.558040147,0.0004175800578,0.002181641294,-0.01091165031,-0.02078821402,0.003386613683,-0.02695217233,0.002085937926,0.01158159381
2.555285643,-0.0008411597629,0.01253173801,-0.006947124447,-0.01175085506,0.001341024519,-0.02276189576,0.01521258752,0.009056525561
2.565496484,-0.0004217704232,0.008967679804,-0.0004905063333,-0.007806034589,0.003533958433,-0.01737396988,0.01107525919,0.008402181128
2.511498644,0.0009356440069,0.0044345115,-0.01067189502,-0.01988799453,0.002159739114,-0.02195976884,0.007096138849,0.007029125167
2.51372723,0.00979445857,0.01446702714,0.001670504504,-0.01050332873,0.004640486081,-0.0233357329,0.01447623274,0.0123847413
2.51753825,0.009203510701,0.02201415194,-0.00121295118,-0.006974756859,0.002261936384,-0.01757381199,0.006388061234,0.009851920378
2.461290562,0.007677822406,0.01609241419,-0.00859159459,-0.01755700218,0.004507597644,-0.0234459971,0.01675097629,0.007792945027
2.490797526,0.008454383228,0.01562710109,0.00328573131,-0.01261565785,0.004448139587,-0.01936514009,0.007228999233,0.008973172637
2.500144921,0.005574739609,0.01365365014,-0.002985854332,-0.008873613465,0.002452423583,-0.02080755469,0.01332695228,0.009240430267
2.479719659,0.005254535672,0.01288805986,-0.01010754636,-0.01566392304,0.003278113383,-0.02281985641,0.0105214106,0.007916065613
2.50587132,0.005946303528,0.01374189265,-4.014071389e-05,-0.01361450722,0.002291944097,-0.01889630283,0.007745867079,0.008350233685
2.519531755,0.001645014463,0.01114018803,-0.002734945801,-0.01389918088,0.002581660956,-0.02222348659,0.01104236231,0.008983986479
2.51259308,0.000163492199,0.004701437919,-0.01070629833,-0.01728534282,-0.0007809096999,-0.02217876957,0.008954321075,0.007133101593
2.529010658,0.0009542512684,0.00757197316,-0.005164065435,-0.01214644398,0.001561128002,-0.02300359167,0.009659093174,0.008430387502
2.516609128,-0.001160443188,0.01025975938,-0.005120278807,-0.01505827071,0.001905692492,-0.02022616153,0.007026005527,0.007548320358
2.526616599,-0.003418946985,0.003078541617,-0.007657660922,-0.01879908364,0.0007071719825,-0.0225667754,0.01108220304,0.007386025885
2.594698814,-0.0002481729604,0.002913739391,-0.003315947229,-0.01437278244,0.0008780309673,-0.02219421241,0.01177109644,0.01034877921
2.538707855,-0.001351974141,0.008088989354,-0.006353669671,-0.0120198546,7.291722004e-06,-0.021567957,0.007064327711,0.006878838402
2.496717303,-0.003457655365,0.00773423996,-0.007978339435,-0.01759495554,0.001729688186,-0.02290356964,0.009542100691,0.006913857783
2.484747448,-0.003022601815,0.004187880682,-0.002898466917,-0.014437327,-0.0003955590591,-0.02111082264,0.009708895698,0.008701551542
2.488164476,-0.002931549327,0.003820366561,-0.006091950921,-0.0144151744,0.001207438151,-0.021795676,0.0114664604,0.008638556117
2.541347237,-0.002398323021,0.005814975235,-0.00801888707,-0.01628471624,0.001040535951,-0.02511993923,0.007619344944,0.007963089337
2.555035885,-0.01213807668,-0.003981798271,-0.008278156449,-0.01568262003,-0.002896366302,-0.02153787807,0.008254087836,0.007354392471
2.533478772,-0.01404026158,-0.005202809763,-0.006009939549,-0.01785339228,-0.001556491777,-0.02295341917,0.01067862372,0.007409763613
2.493580944,-0.01024948745,-0.004241999764,-0.01465172172,-0.01754759332,0.0003284600751,-0.02308441803,0.007522005226,0.006047948462
2.463114279,-0.01151601673,-0.003476215747,-0.006271349201,-0.01189633492,-0.0008765611436,-0.02438399707,0.01060298594,0.008025734313
2.577469613,-0.007707161221,0.001129139429,-0.0008003869928,-0.01268724012,-0.001232649512,-0.02097113057,0.01016008549,0.008848541059
2.487499669,-0.008734765727,-8.069226148e-05,-0.01401590463,-0.01837913627,0.003362343532,-0.02212558818,0.008333179311,0.007080408544
2.585354149,-0.007748387728,-0.00222957776,-0.008768346446,-0.01703052138,0.002066031976,-0.02563506497,0.01034421605,0.008615044185
2.385368907,-0.003592098139,0.004853634678,-0.0003583066379,-0.008799875817,-0.000632867314,-0.02017159511,0.009742916623,0.008215970965
2.666282874,-0.004078457354,0.005307948761,-0.01037948962,-0.01722710562,0.001652513228,-0.02164288117,0.00952344889,0.0079848612
2.226585377,-0.001787403682,0.007195916799,-0.009057655526,-0.0139436746,0.001634722767,-0.02337288426,0.010447373,0.007947682434
2.995344164,0.0004661746481,0.005602037235,-0.001765331323,-0.01079982168,0.002135824738,-0.02018924127,0.01233950251,0.008167479558
0.429800873,-0.001735265638,0.0107757841,-0.006369467156,-0.01345794247,0.002603565711,-0.02270531638,0.007760745866,0.008756737251
-4.321420065,-0.0001584753577,0.005634404646,-0.008105205163,-0.01399873687,0.002822717018,-0.02057118437,0.01009698989,0.008406417718
-3.488808579,0.0007644104021,0.00254107273,-0.005345608733,-0.01431011555,0.002724405132,-0.02023263352,0.01189302118,0.009890520342
-3.978538782,0.00142409097,0.00832375583,-0.003464042873,-0.01207218236,0.003278844104,-0.02217094314,0.01016428249,0.009580473282
-3.606289205,0.0004009559935,0.009053542973,-0.004697089583,-0.01447102224,0.002559328308,-0.02199743195,0.009868481986,0.009337198634
-3.917065451,-0.0003087326686,0.004973886469,-0.007174210233,-0.01410626327,0.0005533552084,-0.02108266709,0.01025280268,0.01022935363
-3.55385606,0.003446551083,0.01074585096,-0.005084504668,-0.01049060648,0.002915406324,-0.02015336345,0.01578933422,0.008544643565
-4.162726975,0.009826336563,0.02036119975,-0.0004860672013,-0.01196303432,0.004897956921,-0.0198561401,0.005588138673,0.009626397083
-2.228799531,0.00796347353,0.0160642026,-0.002341330226,-0.01161472729,0.003878726295,-0.02047961431,0.01307115316,0.009638508676
2.854849016,0.008946333757,0.0163991345,-0.003735808147,-0.01010291477,0.005602802154,-0.01944923732,0.00715546312,0.009539130243
2.033174673,0.008164720895,0.01837550392,-0.001627787922,-0.01098620841,0.0008730073167,-0.02114368953,0.02208609056,0.008570813508
-3.148676416,0.004255350209,0.01026425149,-0.001707163311,-0.01873885719,0.0138590335,-0.01847996453,0.006594346436,0.008453863056
-3.966687209,0.005137088687,0.0166629508,-0.002100183271,-0.01411839995,-0.007419890158,-0.03502721064,-0.008448791417,0.01118746174
-3.723934937,0.004209694833,0.01055892459,-0.007676343708,-0.001827500878,-0.001126550676,-0.01100331967,0.04170102714,0.009345526755
-3.870003005,0.002038417829,0.004003182798,-0.004838944945,-0.02574185331,0.008881116604,-0.009929530955,-0.004139757835,0.004552515398
-3.744050982,-0.0003063173722,0.01255000627,-0.0008358574693,-0.02111122825,0.001417320351,-0.04476908808,0.002666393241,0.009534557719
-3.814553517,-4.004098006e-05,0.00680648078,-0.01011131686,-0.0008372574893,-0.000190419463,-0.0126540873,0.02031399452,0.009192172409
-3.795718243,-0.00640565252,0.002655176653,-0.01098197993,-0.01641633599,-0.005777717579,-0.0125058888,0.006033169232,0.004723849403
-3.759631652,0.0008736687522,0.006476017929,0.003486082673,-0.02795048636,0.008687287888,-0.03590339301,0.01714065345,0.01022426258
-3.805072057,-0.002944538082,0.006129698755,-0.0002528399257,-0.00934028894,0.001360907714,-0.02089689763,-0.01089375386,0.006063605927
-3.799431523,-0.001650540002,0.007818119071,-0.01932164618,-0.00728330203,-0.003289558997,-0.01771022515,0.0269515993,0.009600392791
-3.799087268,-0.004294901431,0.00197083746,-0.007797253123,-0.01734683985,0.002633219329,-0.02489731233,0.01148844647,0.00922807878
-3.847373942,-0.002812541007,0.00800019366,0.006180141983,-0.02020560218,0.003627397118,-0.02009163089,0.002443765594,0.006178959494
-3.706285525,-0.003003335123,0.009277855909,-0.003148151356,-0.0131925555,0.0006784592971,-0.02478687132,0.01766571428,0.008523615288
-3.845830187,-0.007260911919,-0.003016159033,-0.0167550329,-0.01343148882,-0.003896840781,-0.02051678729,0.004493377951,0.007869833057
-3.732364845,-0.01238599786,-0.008341185808,-0.01511561586,-0.01984213961,0.0005701670943,-0.01857916271,0.007610672973,0.006186594778
-3.946360714,-0.009946740182,-0.0008143811201,0.007796643638,-0.01356546897,-0.002244015354,-0.03404371451,0.008431980869,0.009701799421
-3.564306103,-0.01432983991,-0.003844759738,-0.016676185,-0.01719287293,-0.003811024959,-0.01494219884,0.01178334009,0.005093941073
-4.227060932,-0.007037795416,-0.005555582841,-0.01421848002,-0.02024855768,0.001813606548,-0.03087049424,0.01122968326,0.009730128473
0.9409072851,-0.005476086101,0.004200062698,-0.004613220045,-0.01008438116,0.0003523596501,-0.01390546851,0.007286592642,0.004914621581
2.8048465,-0.009271459216,0.001271987288,-0.003452957096,-0.01540401646,-0.0008008984752,-0.02653159867,0.01201906854,0.009160872334
2.543439278,-0.006779799529,-0.0007430477079,-0.01348212151,-0.01958954378,0.00222502337,-0.0250508776,0.01167086119,0.01056211882
1.148477607,-0.001261568061,0.00587923945,-0.003817945979,-0.002773391015,0.002252621096,-0.01382704231,0.003118192096,0.00526401503
-4.382643806,-0.001446339082,0.004093268878,-0.008519139834,-0.02486193261,0.001310002793,-0.03010156627,0.01333660537,0.01032133635
-3.213771921,-0.003494699423,0.007799924369,-0.006057087097,-0.01333023835,0.00212083322,-0.02092930754,0.01122818126,0.009453619226
-4.519761181,-0.001068284994,0.008131105212,-0.002936811851,-0.008998698645,0.005080689268,-0.01554327712,0.01205747139,0.009545973073
-0.4886085598,0.0009592281481,0.004776928465,-0.01013706763,-0.01327453756,0.0009337994807,-0.02876499416,0.008963105671,0.0100239648
2.881834282,-0.0007279309137,0.008306818871,-0.004768826583,-0.02100795333,0.00150900799,-0.01793381745,0.01053587074,0.008630720335
2.662909647,-0.00117340805,0.009767140748,-0.0009473709019,-0.005776572384,0.003180512853,-0.02087582439,0.008867919356,0.009578999132
1.316983074,-0.0005581771489,0.002777962753,-0.009559060742,-0.01363458605,0.002717542109,-0.02219411236,0.01201912489,0.009374414682
-4.137869009,-8.622188488e-05,0.005272228197,-0.005314026822,-0.014081569,0.002662596134,-0.02363565768,0.007579876629,0.008945592955
-3.453419363,6.878239205e-05,0.01127348189,-0.003920240468,-0.01154138052,0.002553608928,-0.02176878696,0.01286333356,0.01099509436
-4.109349638,0.004673114074,0.01693511423,-0.004555719651,-0.01222831487,0.004749279097,-0.01830302337,0.01477177585,0.009629743979
-3.461261356,0.01275692172,0.01480952981,-0.003786764434,-0.01100645731,0.00404625454,-0.02077584176,0.01039553243,0.01073229782
-4.386646487,0.01053632237,0.01816817656,-0.0007702073881,-0.01017264049,0.004813909189,-0.0232306259,0.01211935526,0.01067853578
-0.9477608491,0.005586081812,0.01825411073,-0.004403874191,-0.0148183651,0.005037716233,-0.01884280948,0.00690530326,0.007390362229
3.066524183,0.00710298078,0.0107193744,-0.002320119904,-0.01500519069,0.006319148796,-0.02023534945,0.01503370797,0.00850886333
2.285741205,0.005845875349,0.01209370982,-0.003001905728,-0.008837842577,-0.002352893507,-0.02056649622,0.01446039317,0.01095991253
2.651525874,0.004876770102,0.01454135423,-0.00609087656,-0.01316734212,0.00436831565,-0.02088662944,-0.00549001133,0.008040549764
2.409049726,0.0001308256097,0.01660902348,-0.007386678363,-0.01890074089,0.004332966184,-0.02878591166,0.03245310851,0.008580744797
2.647383642,0.001053318402,0.001164546989,-0.006228088343,-0.01875239774,-0.002002649237,-0.01374475667,-0.01168531594,0.006362581745
2.487397538,0.0004842083876,0.01023905036,0.006221322392,-0.003598944686,0.003670623952,-0.02539915834,0.02659313451,0.007001950709
2.594097179,-0.0005384588467,0.005032591785,-0.01685588093,-0.02159385922,-0.002678146883,-0.02535746816,-0.001012376724,0.008485857559
2.522000354,-0.002997987888,0.006952634307,-0.009058005363,-0.01386958565,0.003199754408,-0.01911730942,0.007835412972,0.006828464134
2.568724576,-0.002077725491,0.005246834297,0.0005376043881,-0.01604914027,0.002235991559,-0.02116154306,0.02275125116,0.009397867141
2.548009905,-0.002885211194,0.004583525213,-0.006135781841,-0.01302678187,-0.0005194441093,-0.02408009735,-0.006304292417,0.006749317436
2.502404502,-0.003212273366,0.00472479021,-0.008849720268,-0.0186622742,0.0003036117968,-0.02399174482,0.02642967938,0.01057287678
2.503382151,5.111539103e-05,0.008872897811,-0.007219351552,-0.01284291208,-0.002780554129,-0.02143271821,-0.00663452685,0.008334970001
2.525249069,-0.003105374821,0.006674797126,-0.005977147819,-0.01682051243,0.004869014189,-0.01894885624,0.02545586681,0.006476149352
2.513721068,-0.002564335282,0.001542938517,-0.00119667443,-0.01092335899,0.0003433883207,-0.02486379877,-0.002121718656,0.01109775497
2.527931783,-0.01115561529,-0.004140751197,-0.01465033655,-0.01962958627,-0.002226727866,-0.02376954576,0.01292642668,0.006538090318
2.528799206,-0.01324485736,-0.007774179229,-0.01171309046,-0.01884907509,0.0004608896126,-0.02495045898,0.01050459454,0.007429675283
2.525953633,-0.01135550513,0.001645272295,-0.002904073512,-0.01264495244,0.0005123188884,-0.02003760736,0.004648836129,0.006183700003
2.551559606,-0.01302372792,-0.006292659629,-0.007600229154,-0.01812177511,-0.0001395640329,-0.02458510275,0.01733071685,0.008316057127
2.530754753,-0.008308529303,-0.003011770699,-0.01302800914,-0.01750273261,-0.002641983224,-0.02330896807,0.0005208263273,0.009447187639
2.535981696,-0.005738138899,0.00377319558,-0.007638910747,-0.01202599243,0.002254375632,-0.02106215775,0.01796229239,0.007352609627
2.484133108,-0.008849495602,-0.0006139830044,-0.00712433773,-0.01488365975,0.0001591182068,-0.02082964677,0.001857996824,0.007476559483
2.539748239,-0.005111959862,0.0005810863687,-0.006474519379,-0.01794500812,-3.832137852e-06,-0.02240840541,0.01690896661,0.01105401699
2.528273955,-0.001539284233,0.002956596425,-0.006961954598,-0.01040218181,0.001636239342,-0.02349975149,0.01168339492,0.009057169456
2.529835883,-0.002453432595,0.008110839621,-0.01096974872,-0.0143474129,0.0030776688,-0.02194676302,0.004840035614,0.00659046746
2.532754327,-0.002570626678,0.006684372844,-0.002736542877,-0.01409018477,0.003825092146,-0.02238975343,0.01408902783,0.008634528323
2.576158338,-0.0002453239639,0.003873442295,-0.004686676956,-0.01508357517,0.0008654845141,-0.01920108809,0.009764698602,0.009997508761
2.501070512,0.001180889604,0.006635961644,-0.008188099075,-0.01074782574,0.001999077378,-0.02408338635,0.01184191973,0.00801395244
2.50010793,0.0002002526619,0.009239868381,-0.007009222783,-0.01333429566,0.003265664412,-0.02035516183,0.007821877111,0.008824150326
2.517627636,-0.00171792452,0.007052800935,-0.0004280553726,-0.01189384197,0.001378711547,-0.01941493517,0.009565146222,0.008571808955
2.492926503,5.719519194e-05,0.004946429119,-0.009127265311,-0.01531393195,0.002125418255,-0.02103418323,0.01375696292,0.009964871783
2.519451531,0.0001931200558,0.006652773222,-0.006960470738,-0.01130023678,0.001321891668,-0.02346021381,0.00831084949,0.008226309907
2.52936122,0.0006863870105,0.01154714347,-0.002133450449,-0.01312902807,0.003297222896,-0.02044564261,0.01269250992,0.009005004739
2.481944751,0.009628776208,0.01546082911,-0.001503781388,-0.01237325902,0.004653229567,-0.01938045333,0.009760446047,0.01027001733
2.54935765,0.009554054487,0.01919858741,-0.006645340304,-0.01132879541,0.005022650333,-0.01906969341,0.01318863148,0.01002782512
2.538024415,0.009132234645,0.01883089787,3.461360409e-05,-0.009644380787,0.002011044605,-0.0227608183,0.01097723089,0.01056621448
2.599524415,0.008678031077,0.01883397182,-0.0001010676871,-0.01260202824,0.0037266782,-0.01933918082,0.01189978115,0.009485239779
2.481050503,0.00399062958,0.01691946191,-0.006781128785,-0.01212862945,0.005066517309,-0.02006114805,0.008919601502,0.00912986211
2.509220348,0.005553630297,0.01149924597,-0.004989864741,-0.01228305565,0.003410751204,-0.01999822284,0.01252247551,0.008837175724
2.425532397,0.004527779487,0.009721471199,-0.0004826733979,-0.01370174367,0.001545485314,-0.02302575877,0.01035926937,0.009215268031
2.620089008,0.001179037364,0.01409076933,-0.005365294756,-0.01363445102,0.002980113833,-0.02263450498,0.007678577333,0.006720647287
2.389885805,-0.001095361147,0.01034213108,-0.007908318096,-0.01623328771,0.0001963000632,-0.02106787133,0.01100822629,0.006954692352
2.636270998,0.000883604011,0.004723028436,-0.003359766904,-0.014334335,0.0004865979186,-0.02240050852,0.01218196315,0.007699918955
2.223332413,-0.001743678118,0.007355773161,-0.003134280195,-0.01454504134,0.0007739235643,-0.02285751882,0.008260079411,0.006845380748
3.049927416,-0.003840217067,0.007480350315,-0.009032224041,-0.01371885759,-0.000809804652,-0.02139809643,0.007139066724,0.006801250227
0.05315659996,-0.002121822006,0.003077912495,-0.007489502015,-0.01720027735,0.001268378367,-0.02030732793,0.01182139309,0.00846667436
-4.347984978,-0.001128989264,0.006726981108,-0.001468100224,-0.01414489191,0.002659895022,-0.02162381013,0.008079232564,0.007039639697
-3.523494499,-0.00329616322,0.0101478358,-0.00509853629,-0.01429098919,0.002371663845,-0.02274600904,0.008709375751,0.008883582934
-4.036006631,-0.003977544283,0.004146315599,-0.00960764501,-0.01594979382,-0.0002020982742,-0.02303250323,0.008906438573,0.007947374894
-3.666629866,-0.001023845374,0.007398533434,-0.006279367928,-0.01372638309,0.001546592413,-0.0202245662,0.01166819396,0.007472442343
-3.934347538,-0.004877602826,0.003615680816,-0.003288097848,-0.01487179678,0.0009062867758,-0.02214170543,0.008558619007,0.006100825698
-3.651458804,-0.01483832292,-0.006223686934,-0.01307079417,-0.02045578845,-0.001834986838,-0.02352426939,0.006325573703,0.005945508346
-4.048544785,-0.01245607849,-0.004469282533,-0.01056225018,-0.0142854883,-0.0009656365884,-0.02390540923,0.009355844631,0.009005455298
-2.693154643,-0.011044137,-0.002340264322,-0.005748938904,-0.015737063,-0.001542078391,-0.02277433343,0.009923675031,0.006854061727
2.788033848,-0.01045338625,-0.003500201267,-0.006838702474,-0.01860709465,-0.0001184110883,-0.02384114689,0.006339571233,0.007024621876
1.654410159,-0.00707633816,-0.0007565473506,-0.008804699745,-0.01343519977,-0.0007117762589,-0.02301332023,0.01446784761,0.009593347695
-3.622199632,-0.00781486534,-0.0006647058668,-0.009811101363,-0.01179841076,0.0001906192588,-0.02067782656,0.003187899746,0.007289867503
-3.81066378,-0.004591554351,0.003966332724,-0.006373819721,-0.01457973178,-0.001530283368,-0.02527134387,0.02008400743,0.008163635602
-3.790729765,-0.004033874267,0.001271192192,-0.00736705305,-0.01904530455,0.01075867042,-0.01044442522,-0.00149339103,0.006598627558
-3.812595512,-0.002764395546,0.008210561161,-0.003979063336,-0.01115233529,-0.008298385391,-0.03980030697,0.0007214854967,0.01179811761
-3.78258953,-0.001234343958,0.004747106233,-0.0114998935,-0.008390611407,0.003520218939,-0.01431787221,0.04054252688,0.008920401587
-3.780637759,-0.0006859673206,0.005469634961,-0.004017836944,-0.02267312111,0.007749295081,-0.006693799916,-0.01231908222,0.003879530748
-3.749625903,-0.0006549758477,0.01159150524,-0.002077203983,-0.01328426414,0.00229208785,-0.04695748126,0.01390115269,0.01383297332
-3.791991861,-0.0008066709758,0.002618104644,-0.009008809482,-0.002515773861,8.394338807e-05,-0.007980081975,0.01846131913,0.008037443094
-3.86024368,-0.001632269592,0.009009047496,-0.01120730273,-0.01732167996,0.001645207993,-0.01591612629,0.002564503397,0.007328847243
-3.818537717,0.001600133111,0.009513363474,0.003966420677,-0.02011885548,0.006700025548,-0.03403193559,0.01658322745,0.01243489436
-3.80937392,-0.0007135881672,0.005890873319,-0.006835805496,-0.009506888575,-0.0008678815202,-0.01181094637,-0.003660747363,0.007632388877
-3.845921895,0.001702440709,0.009150528142,-0.0148767815,-0.003423298951,0.002557830202,-0.02558596922,0.02587614924,0.01069077757
-3.739564399,0.004105110568,0.01076283124,0.001995991153,-0.01828118149,0.003613283329,-0.0211241612,0.006110692536,0.008657410287
-3.77915821,0.01219216181,0.02154162202,-0.0003892336262,-0.01615545335,0.009431207287,-0.0147541326,0.01032542819,0.006288267929
-3.740081034,0.00747212093,0.01883061753,-0.0006259305058,-0.007606122968,0.002221541888,-0.02788637018,0.01512766456,0.01308948502
-3.856881843,0.009516250709,0.01391441177,-0.01143509609,-0.01095369248,0.00182502176,-0.0142315891,0.007685656662,0.008462924643
-3.583857183,0.008319571379,0.01243957615,-0.00235262821,-0.01764617904,0.005384716119,-0.02401505693,0.008832415775,0.009368390927
-4.096368302,0.004576649403,0.0186113377,0.004158785246,-0.007459136025,0.001310739132,-0.02028419938,0.01085809126,0.007679368417
1.351207318,0.003856260935,0.01004813933,-0.009885560118,-0.01054774994,0.003162891954,-0.0177415213,0.01423471229,0.008762152257
2.638368158,0.00295569506,0.006262150019,-0.008601213975,-0.02238293462,0.003558952564,-0.02963745737,0.007231762594,0.00960192886
2.730223672,0.0009736009072,0.01334632997,0.002778937317,-0.007130425453,0.0006244443706,-0.01354305846,0.01037533193,0.006093193444
0.6996165256,-0.003753716767,0.008868794132,-0.006660191587,-0.01784420239,0.002653740378,-0.02320816933,0.01384344134,0.00809804824
-4.511685917,-0.0005042639644,0.001528808898,-0.01017186507,-0.01819809062,0.001441899053,-0.02738402257,0.006578588581,0.008961081361
-3.231763046,-0.001723255961,0.00775225543,-0.004186532277,-0.01074091387,0.0001838988435,-0.01658137494,0.00651456892,0.006454897013
-4.577648712,-0.002095580754,0.007510105058,-0.007428577308,-0.01646776872,-0.0008680691801,-0.02803425877,0.01093962348,0.009351538058
-0.04142529925,-0.004634813296,0.003988858199,-0.004543447139,-0.01635546696,0.00161030409,-0.01673098303,0.01329862225,0.007668500401
2.78826059,-0.00121453119,0.004950152542,-0.004437236914,-0.01217612815,0.00303917207,-0.02083784461,0.005140247561,0.007730326025
2.672239295,-0.001844586983,0.005858238211,-0.01099198975,-0.01687819053,-0.0003673322232,-0.02679963462,0.01228697299,0.008466864563
0.9802893112,-0.004319989045,0.007782597454,-0.004108208719,-0.0166154063,0.001207150076,-0.0176419387,0.009533464669,0.006883757973
-4.268234601,-0.001922885215,0.005930297242,-0.003127310544,-0.01277061539,0.0001934466267,-0.0214716463,0.009189960035,0.00896469125
-3.455391637,-0.009481588145,-0.003318199795,-0.01059894765,-0.01833778685,-0.001633704007,-0.02573777391,0.01019794835,0.008187172575
-4.070748745,-0.01293196901,-0.006596296669,-0.01202535342,-0.01599800965,-0.001724347813,-0.02213164726,0.004527701129,0.006685397173
-3.392598258,-0.01090152273,0.0002866499575,-0.005349001183,-0.0134986001,-0.0004955735699,-0.02126242895,0.01220667144,0.008280288011
-4.39573482,-0.01273463633,-0.004221754707,-0.01007958317,-0.01798275949,-0.0003832486412,-0.01993453653,0.008182130351,0.006398235677
-0.9691980511,-0.008193257088,-0.001913012348,-0.00849640042,-0.01773056505,0.0007521150969,-0.02557227913,0.01110361934,0.00830418917
3.039826844,-0.008354907539,0.001775407082,-0.00442638405,-0.01179964422,-0.0003175255922,-0.02304318953,0.008686427413,0.008660086253
2.348284644,-0.008893909122,-0.003677090353,-0.007674563092,-0.01727327491,0.0006806054479,-0.02214026705,0.008079983339,0.007488774829
2.66590428,-0.002764102062,0.02566572435,-0.0100300583,-0.0148626145,0.003275343698,-0.0220261973,0.01320788463,0.008384732103
2.399842611,-0.002599706993,0.01608912939,-0.003117949321,-0.01013739726,-0.002693429403,-0.02097669665,0.01401662253,0.009467393001
2.576785275,-0.002915912679,0.01105188207,-0.005396344551,-0.01373110214,0.003822710034,-0.02175771113,-0.008135932909,0.006865067579
2.446961072,-0.00126451277,0.01377160771,-0.01046199856,-0.01511377169,0.002980599712,-0.02565294398,0.03340926,0.007838366124
2.579175874,0.00111411524,0.005171882701,-0.002194764569,-0.01699836009,-0.001308098589,-0.01554650694,-0.006730137748,0.009592936648
2.584834327,-0.0004926827907,0.01769925553,-0.002292855183,-0.004319793145,0.005449717392,-0.02200314864,0.02533273879,0.007536278226
2.513999233,-0.0006017875133,0.01115794736,-0.01315748597,-0.01974834922,9.44652667e-05,-0.02606615803,0.002757795702,0.0110348526
2.583172126,-0.0005230666253,0.01371242379,-0.003709832409,-0.01170405862,0.001002231401,-0.01655615036,0.008533243415,0.008189414932
2.490066491,0.0004077979157,0.01179968158,-0.0004145433213,-0.01353339785,0.004060491574,-0.02149643659,0.02265409783,0.01128270044
2.516528956,-0.0009504560828,0.01198103358,-0.01011159433,-0.01431278983,0.001357551725,-0.02314346059,-0.007173237139,0.006774266853
2.573390395,0.002545083937,0.01019915205,-0.00586834104,-0.01317153289,0.002238247844,-0.02189000015,0.02702555682,0.01081417835
2.549996396,0.009682634449,0.02160719588,-0.0003132158754,-0.009071459624,0.002714146679,-0.01801671593,-0.002323138838,0.01092328523
2.5328503,0.00895300998,0.02233670215,-0.005897045226,-0.01506804414,0.007858757836,-0.01770981389,0.02444194446,0.007816715001
2.573733277,0.008425005774,0.01414760407,-0.0004259123801,-0.01146338079,0.002581997381,-0.02110478345,0.003897471598,0.01231294662
2.561459479,0.008187554016,0.02247750162,-0.003644775046,-0.007784520116,0.00160198596,-0.0208697598,0.0152395096,0.008897918427
2.560701813,0.005630027891,0.01385950661,-0.00520206562,-0.01644080447,0.003946895365,-0.02246702996,0.01096045268,0.00914523265
2.542012432,0.0058719212,0.01649509433,0.0003291793992,-0.01188730413,0.002615956484,-0.01925738659,0.005816725058,0.00855012307
2.448890864,0.003863284345,0.01423028802,-0.004706967366,-0.01253944846,0.003170687087,-0.02154767311,0.01929689402,0.01044846863
2.54331275,-0.0005034388404,0.01060616189,-0.008496548445,-0.01376757655,2.750496843e-05,-0.02365723887,0.002308583005,0.006898248476
2.565378822,-0.000501171862,0.01199609157,-0.0044983471,-0.01535304589,0.00140360515,-0.02128763791,0.0175812004,0.007443591416
2.51125589,-0.001251857443,0.008261831272,-0.003661264829,-0.01331554736,0.0008475629682,-0.02086327752,0.006683230751,0.00736094083
2.526602547,-0.0008474395162,0.007143833088,-0.009278424391,-0.01743609683,-0.001288874516,-0.02089777729,0.01243622018,0.00701253232
2.499888828,-0.00303095949,0.006234945659,-0.004658232756,-0.01083013104,0.001680256983,-0.02350836984,0.007020145783,0.007481922665
2.547144474,-0.002610068085,0.009797379352,-0.007742550888,-0.01628406296,-0.0001637191625,-0.0209380228,0.007329151087,0.008091383854
2.588918885,-0.002955964296,0.007180333581,-0.003495586289,-0.0150071831,0.00124202703,-0.02402299081,0.01351392669,0.008646841425
2.531337497,-0.001926835107,0.005609092868,-0.006272580697,-0.01647985116,0.0007333881744,-0.02049205949,0.011250701,0.00820583506
2.510460337,-0.001887305015,0.006289274098,-0.006888719098,-0.01109761717,0.001073610248,-0.02264470309,0.01018176646,0.007472594848
2.484468611,-0.003333205539,0.00928899487,-0.007158916581,-0.01527154397,0.000884118487,-0.0194035226,0.01039590389,0.008139704995
2.523831019,-0.006139514093,0.002932635108,-0.001036627728,-0.01623864046,0.0003613766612,-0.02277053164,0.007816189719,0.007861213361
2.497204569,-0.01338708535,-0.004927669491,-0.01764176826,-0.02107856197,-0.001488147227,-0.0224138807,0.009740454762,0.006861743001
2.471558181,-0.01083418754,-0.001670386555,-0.007901018735,-0.01092057106,-0.0006203495391,-0.02593511972,0.004860710756,0.007718919689
2.510086495,-0.01295987434,-0.0004715863567,0.001114602861,-0.01650720695,-0.003930899557,-0.0202832888,0.01529472739,0.00805252787
2.466891754,-0.01193665342,-0.002587171677,-0.0179847826,-0.02073038352,0.0009913142716,-0.02352070388,0.003867863621,0.006473144839
2.560985375,-0.007280738155,0.001537566028,-0.009003147199,-0.01244171642,0.002024324572,-0.02453243397,0.01754333611,0.008646557628
2.547041956,-0.008373598527,-0.00129273304,-6.543408339e-05,-0.008134323051,-0.001298775293,-0.02138564848,0.003202245347,0.008051707593
2.528822165,-0.005773534389,0.002606587563,-0.01163401028,-0.02074862814,0.00260921896,-0.02451119082,0.01090681944,0.008516649307
2.456982353,-0.004467004534,0.005746152207,-0.0074110237,-0.01585957276,0.0003896924612,-0.02275315664,0.01087544617,0.009105638911
2.528622132,-0.001214036202,0.004535356667,-0.004238610114,-0.008871142463,0.00189434638,-0.01850222318,0.01071272603,0.008216854964
2.378076833,-0.001351337112,0.006107331888,-0.009223125584,-0.01783315454,0.001514974131,-0.02625311539,0.009626352826,0.01005433649
2.635769709,-0.001613195412,0.009520314848,-0.003951495719,-0.01103749786,0.003377126897,-0.02040428256,0.007100251484,0.009217820539
2.264331385,-0.0008748480272,0.005431483908,-0.008253710366,-0.0138081282,0.002751674286,-0.01698043233,0.01438884485,0.008688547193
3.001399599,-0.0005944794554,0.005779957088,-0.005336889089,-0.01379230205,0.002935555106,-0.0255504801,0.00810065127,0.008985221055
0.1096042751,-0.000597005643,0.009815330026,-0.004178770704,-0.01380478724,0.002936207776,-0.02062259204,0.01193263741,0.009130624348
-4.296334089,-0.000825121043,0.008787418221,-0.009758259356,-0.009785299474,0.0003244404122,-0.02122452275,0.007880459516,0.008646456518
-3.464926631,0.0009236980061,0.007137623869,-0.003765926677,-0.01244431731,0.003077599106,-0.02055457168,0.01869347105,0.01003651656
-4.013692596,0.001604527941,0.007932997145,-0.003112700394,-0.0137309301,0.002686504609,-0.02254275327,0.003894297421,0.008975426049
-3.614207585,0.005238667289,0.01556198098,-0.006917419758,-0.01298217417,0.005076276333,-0.0216743201,0.0118625675,0.009632616028
-3.998121992,0.01049630741,0.01719330574,0.0002910177279,-0.006506694319,0.004768026807,-0.01904441845,0.01399652043,0.009652146353
-3.638761858,0.00996822454,0.01573979674,-0.001998158099,-0.01402864015,0.004141354585,-0.01852765945,0.01046885128,0.008738945341
-4.17603937,0.008376039974,0.01811539417,-0.004862791113,-0.01694771776,0.005922989416,-0.02258406988,0.01223133703,0.008484548833
-2.271112279,0.005136049536,0.01653632838,-0.002494563728,-0.009210307845,0.001793197081,-0.01929768055,0.01005405716,0.008659631663
2.93878094,0.006517607898,0.01124882573,-0.001718836776,-0.01176056655,0.002519632568,-0.02034541419,0.01239279255,0.009562926315
1.779076378,0.005590422652,0.01227400719,-0.005860540753,-0.01983926857,0.003117242285,-0.0224287429,0.01052177013,0.009612822286
-3.383963878,0.001140955588,0.01111379294,-0.001293869867,-0.009921972558,0.004309125599,-0.02267138627,0.008131889937,0.008333647189
-3.913522322,-2.917023314e-05,0.00821596232,-0.007378185589,-0.01151739019,0.0006872026629,-0.01989285923,0.01256842837,0.008150598351
-3.735803096,0.0002893700613,0.005944183969,-0.008456332541,-0.02013721381,-0.0005448078687,-0.02478514181,0.00462869444,0.007855560164
-3.803118722,-0.001165800258,0.009939243884,7.818156501e-05,-0.01065121513,0.001139698043,-0.02292981463,0.02231895695,0.008522581265
-3.734833255,-0.003792123526,0.0006147213551,-0.009175156269,-0.01632674719,0.006770021144,-0.007943589251,-0.006734615975,0.00520268197
-3.787857998,-0.002079108689,0.00841947214,-0.005617544125,-0.01775158498,-0.009540267506,-0.05213087342,0.01129906164,0.01281874402
-3.751720386,-0.0006952417841,0.003160747914,-0.01085728271,-0.009019851733,0.005618790557,-0.002570125434,0.03156264003,0.005292272234
-3.80426051,-0.00387828169,0.005322289964,0.004172615856,-0.01900768539,0.004704418786,-0.01684322162,-0.01662955019,0.004432140775
-3.80834693,-0.002128041593,0.01058947583,-0.01060806904,-0.01918489636,-0.001125300352,-0.04493528524,0.02542401451,0.0138624405
-3.778278827,-0.001091738457,-0.0002640107669,-0.01183786704,-0.008408004501,0.0004486697385,-0.003285556147,0.002948383238,0.00639215695
-3.753420398,-0.005128791427,0.01162711618,-0.0001132861078,-0.01543648946,0.003639394037,-0.02474580012,0.0107563542,0.005143669578
-3.749341504,-0.008098401959,-0.002588534573,-0.005011176269,-0.02259544483,0.0004690488463,-0.0312603705,0.01005669449,0.008718665636
-3.744352216,-0.01471432901,-0.01085171203,-0.0175531063,-0.01617822208,-0.004189432437,-0.01462846593,-0.001592176751,0.007546795472
-3.86099121,-0.008134112292,0.001897092052,-0.007201145729,-0.003755122549,-0.002539697891,-0.02927280563,0.0218570962,0.01096640038
-3.718619088,-0.01391685843,-0.006295092099,-0.006905912609,-0.0260976758,0.003758101793,-0.01779924307,0.00404490455,0.002304650608
-3.930497973,-0.008794748739,-0.0002732041407,-0.008378360176,-0.01822053111,0.001810931877,-0.02597316605,0.006141455917,0.007942133987
-3.591770887,-0.006165676436,0.002466114684,-0.006948631433,-0.007362730788,-0.0026994155,-0.02416935576,0.01984198655,0.01261077767
-4.087428035,-0.008132956468,-0.004294440441,-0.01577123512,-0.01567040343,0.002143567914,-0.01605425446,0.002853426295,0.005533800036
1.267070937,-0.004175125354,0.005105105155,-0.0007019972086,-0.02024287059,0.00302063202,-0.02763278072,0.01148457507,0.009030769001
2.721040442,-0.002218918462,0.007264060367,-0.004754682924,-0.009582153464,0.0007811655376,-0.0180248577,0.01065572479,0.00863119054
2.730816448,-0.003459674287,0.0008934189259,-0.01404803857,-0.01182826037,0.002024099618,-0.02386443934,0.01233273319,0.01018425326
0.7717961746,-0.0004084072989,0.005220261417,-0.003071508676,-0.01703805969,0.002636294876,-0.02629729694,0.008399104427,0.008938924139
-4.457550631,-0.00115833562,0.01125607123,-0.00125337627,-0.009494822368,0.003254569314,-0.01478704432,0.007988975855,0.005765307091
-3.156825937,-0.00194411723,0.006210832961,-0.009836960469,-0.0165613362,0.001377571172,-0.02354194687,0.01794487695,0.01161819972
-4.556376352,0.0002057887902,0.004462430591,-0.005092279337,-0.009118644041,0.002161539411,-0.02420755675,0.005921879042,0.01019909287
-0.1892416052,0.001171317829,0.009275515339,-0.004637248635,-0.01380654882,0.003528647764,-0.01905753409,0.008199779103,0.00836469894
2.842193983,-0.0006776171539,0.008266720476,-0.006566491759,-0.01579533936,0.001000428043,-0.02694929961,0.01342672743,0.01002733296
2.63138903,-0.0007663201756,0.005507771626,-0.005655574453,-0.01219219239,0.002848796934,-0.0156912812,0.01280126273,0.009206888387
1.075878194,0.003287740847,0.006391270648,-0.004497224206,-0.0109167495,0.003003472447,-0.02541405483,0.007410424666,0.01163755624
-4.307713761,0.009177227996,0.01962125863,-0.007301849741,-0.01386033437,0.003819851604,-0.02298797034,0.01190918826,0.009600026553
-3.436223318,0.007880560296,0.019164437,0.0009610789283,-0.009352783369,0.00599618283,-0.01602004616,0.01250874177,0.008702290035
-4.093730719,0.009616269113,0.01229125312,-0.0007909569132,-0.01190711564,0.004106950523,-0.0198585125,0.01267357099,0.01044469605
-3.388006005,0.01083093873,0.01729776242,-0.002539512794,-0.0152202143,0.004111603811,-0.02268089941,0.009229234206,0.008610964976
-4.367733096,0.003563252524,0.01385636993,-0.003771708534,-0.0110298021,0.003228199467,-0.01897346647,0.008472708149,0.007964452298
-0.7932224967,0.003736947937,0.01517554135,-0.0007227965954,-0.01123926412,0.002843873967,-0.01900932552,0.01506841976,0.009182182033
3.119976422,0.004873723395,0.01178135704,-0.01115626297,-0.01988313633,0.00330168386,-0.01925769283,0.007161890793,0.009258527878
2.259706612,0.002245276365,0.01006447665,0.0001410931181,-0.009269870471,-0.001035394523,-0.02661105948,0.0112682175,0.008780071256
2.693458971,-0.001307477464,0.008700748366,0.0001373197056,-0.0133272823,0.001592270785,-0.01945389895,0.01093336979,0.0074551911
2.488977768,-8.606302182e-05,0.005833680464,-0.01493363158,-0.02229156326,0.003520831965,-0.02105012313,0.005919677842,0.006284613521
2.636138269,-0.0005050321932,0.004322329062,-0.004687663814,-0.01272298696,0.003967606057,-0.02115516895,0.0150638479,0.008290734457
2.434661775,-0.003765629167,0.006870316313,6.120084215e-06,-0.007286879626,-0.003360816066,-0.02100661903,0.01110096526,0.00858944968
2.550408145,-0.001302927607,0.004342141734,-0.01319400334,-0.02476944932,0.001825895027,-0.02416246762,-0.007802181399,0.007937329206
2.476633168,-0.001298074199,0.0104475062,-0.003928651599,-0.01456837698,0.0009492070514,-0.02318162421,0.03367056971,0.007576529584
2.534303778,0.0001915360588,0.0006198198156,-0.0005754485438,-0.01556984476,-0.003127380663,-0.01652676288,-0.004148552599,0.009524589801
2.598285647,-0.00233433732,0.009377548336,-0.008375410218,-0.01302497832,0.003879230352,-0.02544346314,0.01460676008,0.006487849059
2.519831401,-0.003381343365,0.00554176434,-0.008624407832,-0.01591944486,0.0008809784124,-0.02386272313,0.01043673093,0.009512372033
2.482982133,-0.005081643676,0.003276248484,-0.004640415457,-0.01568220546,-0.00130841416,-0.0173213264,0.003433192215,0.006766406658
2.533929604,-0.01444523274,-0.003647806332,-0.004531545241,-0.01868243854,0.0005707163494,-0.0267897318,0.0246832636,0.007800541944
2.445413959,-0.01244783821,-0.004062804212,-0.01064963904,-0.01755225359,-0.002131044687,-0.02423482702,-0.01081176608,0.007093316535
2.527631539,-0.01201195199,-0.003169444854,-0.01295050124,-0.01342408106,-0.001617425048,-0.02419636505,0.02481531033,0.007175022556
2.51077547,-0.01039863797,-0.002562571662,-0.007554727944,-0.01661522152,-0.002839751786,-0.02100251382,0.0008744500945,0.008391858895
2.593929054,-0.007940364371,0.001524395146,-0.004675101209,-0.01537298589,0.003034557268,-0.02176267152,0.0162590784,0.007124118765
2.512707678,-0.008776117798,-0.005813384196,-0.009858013118,-0.01920511604,0.001672398767,-0.02404557547,0.007323670416,0.01055647002
2.540351819,-0.006572423463,0.003738480383,-0.00760542587,-0.008185143392,-0.0003232693117,-0.02288270413,0.009185280646,0.007355446429
2.547503143,-0.00295831006,0.003449604482,-0.006602470184,-0.01527567951,0.003285243744,-0.02108565751,0.01477217568,0.01043259666
2.488732884,-0.003509100928,0.004951230942,-0.005978397856,-0.0158137202,0.0009416345542,-0.02314869976,0.0001915371004,0.007384356355
2.511216108,-0.002264305715,0.00478842501,-0.005960354666,-0.01350403988,0.003075217107,-0.02202202568,0.0202756569,0.009644927876
2.542028882,0.001076746826,0.006553206199,-0.006539288863,-0.01108471275,0.00125209539,-0.02160658223,0.001282904473,0.009322794104
2.48404652,0.0008659381574,0.01026858666,-0.007769002012,-0.01586628427,0.003409604128,-0.02166185138,0.01498650389,0.008669619718
2.538924911,-0.002826982104,0.004687474718,-0.001426927237,-0.01273669578,0.003139571237,-0.020298393,0.0101785337,0.009225277794
2.525665833,-0.0009524672168,0.006699355178,-0.007961912652,-0.01281103453,0.001284597258,-0.0177825594,0.01050236475,0.008083839905
2.486874488,-0.0009661578613,0.007176851243,-0.0066136415,-0.01247438102,0.002680235276,-0.02422354631,0.0127113665,0.009158686045
2.581422982,-0.0001605811072,0.008577714873,-0.004775933643,-0.0142047521,0.001418457371,-0.0217248798,0.006385074584,0.009152707615
2.551010949,-0.002990949254,0.002867266719,-0.003190638097,-0.01301979422,0.003721478263,-0.02144051596,0.01480212226,0.009348195097
2.492843617,0.005764138644,0.01743150981,-0.007633672295,-0.01343748463,0.004314235009,-0.02044237113,0.01042738845,0.01011230471
2.523626393,0.01292690801,0.04602628885,-0.004943698393,-0.007881764204,0.004417778382,-0.0211297117,0.01058022415,0.01006674641
2.456723466,0.009779138226,0.02130014377,0.005195651407,-0.01238425131,0.004006927542,-0.02013642934,0.01235308309,0.009868848905
2.538536913,0.009485398976,0.02704578967,-0.003896462463,-0.01239993508,0.003659568709,-0.01875059188,0.0103568982,0.009020144091
2.508889454,0.006699787752,0.01744490951,-0.008742861781,-0.01342452178,0.005372127866,-0.02182391002,0.01048256881,0.009012323777
2.466223342,0.005633246562,0.01801456877,-0.0005483385983,-0.01254998975,0.001939119632,-0.02240665226,0.008537399412,0.008269783211
2.538986369,0.004432109486,0.01975275249,-0.001995381265,-0.01242172962,0.003600978801,-0.0209220562,0.01250658232,0.008841462818
2.531231235,0.001458625827,0.0165066401,-0.007880698083,-0.01721204109,0.002298113639,-0.02088461904,0.009423101838,0.008224327722
2.536894936,0.002366545017,0.01399778691,-0.005353680886,-0.01383514661,-0.0002231253149,-0.02282442916,0.01148549798,0.008029468255
2.372616824,-0.0005029409522,0.01399086994,-0.005835971402,-0.01645245753,0.001978173376,-0.0236864173,0.00763157177,0.007840492869
2.545771281,-0.001787465669,0.01255413479,-0.004877044263,-0.01359155292,0.002938821595,-0.02320869947,0.006605937624,0.006925153996
2.387548924,-0.003192334196,0.003807381954,-0.008099997085,-0.01752454026,0.0003002962852,-0.01976743282,0.01028708346,0.006933863325
2.626894074,-0.001003570254,0.008530470539,-0.004648503071,-0.01227627804,0.0002671525927,-0.02295687155,0.008535482581,0.007727365875
2.181372853,-0.001361800567,0.01258163417,-0.005772553145,-0.0157034166,0.002282736263,-0.02242320986,0.009232328396,0.009687822776
2.989537004,-0.004369813943,0.008190908369,-0.007845107439,-0.01460024925,0.001562437123,-0.02215130332,0.0068256275,0.007596624951
-0.4255955876,-0.002405166223,0.008566494259,-0.004583726802,-0.01407757735,2.182720391e-05,-0.02053086929,0.01377604385,0.008976251942
-4.308434326,-0.001824138465,0.007761345661,-0.003883494554,-0.01527040217,0.0001502999171,-0.02252218692,0.00672759278,0.007367951511
-3.472151472,-0.002075813355,0.00854930483,-0.008722844213,-0.01854034844,0.001581144917,-0.02262316686,0.008581386414,0.007616026796
-3.995455627,-0.009967474987,-0.0001099023766,-0.007954859024,-0.01382645704,-3.171690485e-05,-0.02202184983,0.009896948002,0.008222995961
-3.628742595,-0.01309732854,-0.003704397633,-0.009786472628,-0.01647321577,-0.002053621194,-0.0207724976,0.008536901176,0.007812536573
-3.974542154,-0.01145335832,-0.001863054077,-0.01073026173,-0.01998754695,-4.449467688e-05,-0.0257125646,0.009461195995,0.008187566075
-3.586032187,-0.01200603874,-0.001658280999,-0.008746741114,-0.01512905149,2.909957659e-05,-0.0235736521,0.007950421275,0.008477424852
-4.096609691,-0.008225680546,0.001447885945,-0.007975544143,-0.01228065425,-3.974407661e-05,-0.02067849914,0.009783571122,0.007026235094
-2.408366453,-0.007322402235,0.002123078722,-0.008678302472,-0.01719478403,-0.0004207573902,-0.02197633922,0.008644655518,0.006979060544
3.024988221,-0.007972817988,0.0007873484058,-0.007214714361,-0.01489916104,0.002137472485,-0.02410025419,0.009193245072,0.009292144879
1.43734981,-0.00456617527,0.004538616906,-0.006455573495,-0.01302673513,0.002488915217,-0.02087292003,0.008974439645,0.007997547489
-3.662838457,-0.002883252987,0.00409724675,-0.006521068681,-0.01413144851,0.0004866903104,-0.02225204188,0.01123484982,0.007821556662
-3.808819432,-0.002380376897,0.007291436189,-0.006359838646,-0.0159152592,0.002822426061,-0.0213617592,0.01207598964,0.008881945484
-3.743685571,-0.002009216849,0.007643837747,-0.003526075485,-0.01037808351,0.00132833516,-0.02224193359,0.00802469667,0.008760028851
-3.783474583,-0.0007291961157,0.009130754396,-0.009209879995,-0.01525048471,0.003171615095,-0.01943488732,0.01263905666,0.008889787762
-3.841857216,-0.0003804773362,0.006597830854,-0.01457071967,-0.01359161626,0.001709840117,-0.02468133459,0.002412978082,0.008665281268
-3.804270915,-0.0004591896003,0.01016671366,0.008271080028,-0.006698629982,0.003824567677,-0.01991959492,0.02522634587,0.00945234997
-3.78234862,-3.67688529e-05,0.006795704323,-0.006918840056,-0.01909810375,0.004226146012,-0.00933303275,-0.008662041154,0.007550031572
-3.777042125,-0.000787455954,0.008885352884,-0.01299385392,-0.01541648406,-0.003676831636,-0.05226390873,0.0221292276,0.01317934261
-3.752671827,0.0004520638325,0.007145434428,-0.005557265007,-0.00509459204,0.01009068087,0.008881579017,0.02085092984,0.004427354281
-3.792132958,-0.000563432441,0.01048603004,0.004279132129,-0.01549295701,0.00148749663,-0.02892176093,-0.01325626167,0.007419149348
-3.815317225,0.007969457293,0.01845154319,-0.01500383229,-0.01963795574,0.002539873985,-0.03375201743,0.03226036138,0.01545891437
-3.783499805,0.01184907314,0.01550802984,0.002850531755,0.001268393812,0.003138964102,-0.002016235091,-0.003120197579,0.006207083199
-3.739996669,0.006730554745,0.02307386255,-0.001471612613,-0.01594260379,0.007159730157,-0.02698650192,0.01859812495,0.007701128242
-3.849149435,0.009106275888,0.01291199587,-0.00144936439,-0.01561434197,0.006176907584,-0.02550502322,0.007205354773,0.01152501464
-3.767581616,0.004907339737,0.01297665722,-0.006234400308,-0.008476081119,-0.0003632923006,-0.01127951423,0.005617011621,0.009959276165
-3.90496611,0.006546304684,0.01746769797,-0.001579316863,-0.005805547064,0.003535213496,-0.02877908676,0.02506504162,0.01072157315
-3.649948823,0.001454089813,0.01177199767,-0.006732762379,-0.02817678844,0.004819800689,-0.0163355132,-0.0003986717436,0.002942189906
-3.874583791,0.001626650167,0.01397652851,0.000465040034,-0.007338506396,0.004084261892,-0.02450823046,0.01220835649,0.009708312902
1.723991696,0.0008247808427,0.007621660946,-0.007857770203,-0.01157969831,-0.003722299028,-0.02049803396,0.01454684428,0.0104304412
2.54545459,-0.001079831368,0.003792319012,-0.01127558897,-0.01856102207,0.003852131438,-0.02013732427,0.00309965469,0.005691430116
2.851053364,-0.0006441836102,0.01167155781,0.002293608296,-0.01674406329,0.003439570145,-0.02540651754,0.01170576194,0.008855877071
0.3507919312,-0.00417143564,0.006806853084,-0.009576679295,-0.01067259327,-0.001762140709,-0.01801052894,0.007489624193,0.007048006708
-4.547389505,-0.002018386518,0.001365801937,-0.01055367189,-0.0177805973,0.002942864366,-0.02555144718,0.01439147425,0.01005298772
-3.150686461,-0.001173975339,0.01069083963,-9.26896265e-05,-0.01326955473,0.001400752402,-0.02225808018,0.005316629817,0.007005432035
-4.550155799,-0.003055789338,0.009492392284,-0.004857573262,-0.01403333147,0.002886729832,-0.01865028598,0.01164905935,0.006557837789
0.3954296792,-0.003442993973,0.003311886142,-0.01007411887,-0.01920860394,0.0003745645196,-0.02474625127,0.01037878428,0.009389354483
2.714009917,-0.0001081581524,0.005792006883,-0.002887679869,-0.007452290725,0.0002910145959,-0.02008355291,0.004911667658,0.0088565366
2.82529293,-0.004179398303,0.00713785715,-0.005972912739,-0.01935575532,0.002149718388,-0.02404543298,0.01215399093,0.008380122998
0.4851047989,-0.01550630009,-0.004564090345,-0.009821909183,-0.01951969658,-0.001297244833,-0.02512915128,0.007399304568,0.00554480156
-4.406757218,-0.01263391974,-0.004264945641,-0.008032806786,-0.01302027264,-0.001119436048,-0.01843725886,0.0129583763,0.007239982958
-3.38784712,-0.009444120587,-0.006435188628,-0.009185073656,-0.01518165333,-0.002200450761,-0.0265792736,0.004885422812,0.009286511565
-4.066045896,-0.01101974375,-0.002333309386,-0.01122920464,-0.02121559427,0.0003747757461,-0.02258504652,0.01070160041,0.007373601518
-3.325851557,-0.008397958178,0.003074151272,-0.0008520183291,-0.01025890227,0.002660384051,-0.0211121747,0.008468441796,0.007225319464
-4.379304775,-0.008890095257,-0.002683947339,-0.01689343705,-0.01928800553,-0.0007598604145,-0.02095667986,0.01013497378,0.009156618643
-0.339511244,-0.004106044838,0.0001515155152,-0.006920374492,-0.01201136143,-0.0007599308699,-0.02756933333,0.008633874475,0.009308416293
3.019389059,-0.003981905395,0.007144978938,-0.0005150024783,-0.009103065442,0.000758314309,-0.01978227738,0.01111494567,0.008565921597
2.270492101,-0.004337052257,0.005711302472,-0.01288845051,-0.01695756079,0.003599485443,-0.02173939293,0.009744827785,0.006654381403
2.699839107,-0.002247310575,0.002165706665,-0.009998271508,-0.01845072626,0.002311232192,-0.02188970937,0.01086678645,0.009612721841
2.457467655,-0.0007981382486,0.007547718097,5.571540333e-05,-0.005913818599,0.0006459558268,-0.02314207952,0.009413577083,0.01045348673
2.586610937,-0.0004228109419,0.007764140676,-0.009231483213,-0.01776108011,0.002393787466,-0.0235350409,0.01129187965,0.00827535561
2.42792255,-0.0003628196417,0.005528879175,-0.007839074945,-0.01701208855,0.002932507507,-0.02182486719,0.008212457541,0.008442482402
2.53857788,0.002349341943,0.00864079495,-0.003002184818,-0.008083460529,0.003713697538,-0.0172735072,0.01778670576,0.01058991835
2.533715772,-0.001977298459,0.006320097938,-0.007193381059,-0.01481679024,-0.0008791011645,-0.02282635539,0.01020480656,0.009799314166
2.51992532,-0.0004849087155,0.008153164137,-0.005730618453,-0.0143271335,0.00601928764,-0.02339248836,-0.006313234129,0.009312029868
2.502138512,-0.0008118876571,0.00732723026,-0.00741172889,-0.01160072978,0.00164173544,-0.02023229703,0.03662048801,0.009303155845
2.48409498,0.005472577703,0.004292109591,-0.002346206775,-0.01636380506,-3.307384117e-05,-0.02025521112,-0.01222654446,0.009643083329
2.56829879,0.01035196369,0.02483574245,-0.002957759458,-0.009132092435,0.01078757988,-0.02000018257,0.02790187096,0.008451039828
2.568146122,0.008866405061,0.01562833726,-0.005475102549,-0.01144830289,0.003650067342,-0.02185005877,0.001165268603,0.01084720589
2.56234769,0.007847208869,0.01906861987,-0.003845258052,-0.01138418009,0.002879014398,-0.0169359158,0.01501631579,0.007456010316
2.523460848,0.007968566175,0.01389572379,6.208376389e-05,-0.01554276398,0.005824949808,-0.0233112754,0.01937974458,0.01017861689
2.531477839,0.00360685727,0.01546349671,-0.004223475778,-0.01552059702,0.001596018109,-0.02086547667,-0.006897494371,0.007015536281
2.521222425,0.005470679948,0.01074684345,-0.00414523638,-0.01095114556,0.003935336676,-0.02247232744,0.02604234045,0.009609680171
2.437702861,0.004065190818,0.01024149127,-0.006859484042,-0.01302321413,0.0006749835123,-0.01991046228,-0.004050874531,0.01052870785
2.527291381,0.0005934099208,0.01154064185,-0.004295503716,-0.01427364761,0.004679636822,-0.02427356101,0.02125161792,0.006247684721
2.602430266,-0.0006754713069,0.004812213112,-0.002824918438,-0.01927148677,0.0001616229962,-0.02329974332,0.003389323789,0.007582441568
2.527525383,-0.0002790576217,0.008963882826,-0.00800549283,-0.01253963815,0.0007707409416,-0.02123488175,0.01101526859,0.006001751267
2.557605155,-0.001781838191,0.004804700975,-0.007410877326,-0.01521390197,0.002448203984,-0.02268074982,0.01326072312,0.009054939992
2.526890534,-0.00281299057,0.006109885599,-0.004461539695,-0.01457284958,0.0007210795342,-0.02016837002,-0.0002421844752,0.00621862653
2.52525668,-0.00231256081,0.006609809502,-0.005218724679,-0.01489313287,0.001998582161,-0.022301745,0.0187692724,0.008056651536
2.492259836,-0.003400647449,0.003786980808,-0.007369625399,-0.01463175031,0.0001026914488,-0.02168864145,0.002577639694,0.007852091074
2.534310181,-0.002304512914,0.007444300185,-0.006612264271,-0.01457271295,0.00330754683,-0.02165911351,0.01560945733,0.007932553733
2.546761831,-0.003766619345,0.001675171816,-0.0009219787552,-0.01543269549,0.002405493464,-0.02290026772,0.009418314299,0.008799022767
2.552994166,-0.002621762056,0.007102804534,-0.01227902745,-0.01809291302,0.001663864894,-0.01930527999,0.007804834275,0.006003550652
2.573750651,-0.007980470747,0.001062652933,-0.00762461939,-0.01001724621,0.0008641024991,-0.02443395152,0.008816722555,0.008128363545
2.572093471,-0.01407414832,-0.006017415672,-0.001494181175,-0.01756289515,-0.005322843694,-0.02440780694,0.008662630155,0.006703410212
2.541928118,-0.009885978414,-0.002752598032,-0.01295295529,-0.02010284987,6.533898105e-05,-0.02233258281,0.007145563241,0.005510771206
2.510491111,-0.01119593373,-0.00647014332,-0.01396326348,-0.01408779534,0.001527428153,-0.02465913083,0.009856270722,0.007465208325
2.526333178,-0.008849669867,-0.002317474715,-0.004122507059,-0.009524666534,-0.0003711266448,-0.02157242286,0.01061196219,0.008658896174
2.521953131,-0.006364775907,-6.24983704e-05,-0.006865560884,-0.01926114417,0.001462701907,-0.02325978233,0.008292078317,0.008659956741
2.530346362,-0.009599145886,0.002675251561,-0.01100877308,-0.01679718146,0.0005303679055,-0.02340912293,0.009252365431,0.007454063027
2.518350541,-0.003653924072,0.0013594873,-0.004860653325,-0.01201813639,0.001025608963,-0.02110532857,0.01178498024,0.009317926512
2.527228558,-0.002695032393,0.0005084607064,-0.008094555956,-0.0173098314,0.002165108881,-0.02474244075,0.006807018203,0.008937030559
2.550244336,-0.003584629683,0.007226187872,-0.006559390719,-0.0136943577,0.001706680493,-0.02457858435,0.008501042127,0.008199389061
2.457984473,-0.001262375583,0.003267512536,-0.00771200324,-0.01139687555,0.003058169788,-0.01773977536,0.01206291202,0.007951651181
2.592904648,0.001185478563,0.005200398213,-0.005915783137,-0.01213456476,0.002093129657,-0.02195651818,0.01099165754,0.009619578008
2.355095448,-0.0003689383327,0.009643109636,-0.005085154697,-0.01606561469,0.002929051904,-0.02332678804,0.01007991669,0.008791465656
2.641230835,-0.001768321384,0.00675215087,-0.005988299465,-0.01256818912,0.002606110799,-0.02191031377,0.0080433897,0.007888766939
2.201131067,-0.0007690053373,0.00505513653,-0.005987848681,-0.01236179644,0.001853274181,-0.01949231421,0.01520910329,0.009056378481
2.934879855,0.002019017545,0.005478065889,-0.003638956897,-0.01339396523,0.003450299421,-0.02216328961,0.008176998773,0.00948419344
-1.484138363,0.0005323253283,0.00989617107,-0.00688945387,-0.01496861547,0.003442029889,-0.02276267402,0.009790616908,0.009121250728
-4.338699604,-0.001236199122,0.006882892544,-0.006050825797,-0.01218677279,0.004267700843,-0.0209795105,0.009685934375,0.008287120366
-3.500984998,0.008210926359,0.01502727207,-0.001391311998,-0.01159570799,0.004363158076,-0.01849094874,0.01312580847,0.01017268461
-4.061536816,0.01137188829,0.01916781644,0.0001285109989,-0.01288619046,0.004931180834,-0.02119327816,0.0115878542,0.01055428404
-3.580649024,0.007162751782,0.01488866376,-0.004974776468,-0.01371362435,0.00344078729,-0.02149847639,0.01037060178,0.009656258463
-3.997687054,0.01034195213,0.01634128615,-0.002102115192,-0.006854029248,0.004094028947,-0.01808696368,0.01226524771,0.009189520854
-3.607076307,0.006764646107,0.01277944466,-0.002261023568,-0.01271890866,0.002254519213,-0.02030691178,0.01233252255,0.009063574806
-4.188722486,0.004185516007,0.01297530642,-0.004827272899,-0.01710214764,0.00387823731,-0.02357134601,0.009442820554,0.008812872839
-0.6894904234,0.004751553589,0.01284773933,-0.003218463982,-0.01133334668,0.0030030367,-0.02053659038,0.01216872806,0.008580290223
3.527584867,0.001485575152,0.008669615007,-0.003971605145,-0.0124852508,0.0006109759362,-0.02033051065,0.01138785109,0.006867533461
-0.001783015631,0.0001859824586,0.01004186102,-0.008328573732,-0.01898791337,0.0004978035188,-0.0226225874,0.01027634816,0.008317069548
-4.119103093,-0.001373088877,0.00823319972,-0.003859368773,-0.01233270638,0.001937753177,-0.02236025338,0.008470487997,0.008088240579
-3.690983721,-0.001728318957,0.005978625829,-0.006067044837,-0.01368276185,0.001487334993,-0.02008512366,0.008934181415,0.00598604123
-3.879091456,-0.002796098928,0.003392948257,-0.01284418354,-0.01893346227,0.0002056444343,-0.02460586272,0.007353804111,0.006423199488
-3.778709293,-0.001444987882,0.008145239848,0.001769090603,-0.008812915171,0.001326514694,-0.02170266173,0.01148173659,0.009238850332
-3.81678105,-0.002891801977,0.005838602374,-0.005164092692,-0.01757755945,0.0007455702348,-0.02162747573,0.01024871905,0.006691560035
-3.735106762,-0.00304173694,0.003837865171,-0.01402384058,-0.01849712119,0.003204340816,-0.02136091176,0.008482982003,0.007116688181
-3.780144157,-0.002186624092,0.01012112911,-3.997896378e-05,-0.009296222746,-0.000375130105,-0.02775658154,0.008752800412,0.009145004406
-3.768917101,-0.002716241626,0.005823676764,-0.007483261416,-0.01524972371,0.003158365249,-0.01027563864,0.01144700019,0.005851243982
-3.793437202,-0.003259095661,0.001132254111,-0.008704911261,-0.02109750655,-0.0009166048592,-0.02491124783,0.002154292199,0.009696376418
-3.780407341,-0.01141654651,-0.0004873203274,-0.003338520602,-0.01131471623,-0.001856369106,-0.04318309964,0.01945553112,0.009906160212
-3.75994671,-0.01269003134,-0.007102486564,-0.01614613156,-0.01658200286,0.003515070452,0.008313873067,0.004729834308,-0.0001850671731
-3.77568303,-0.01108686513,-0.00356774205,-0.004970536821,-0.02127060279,-0.002822374954,-0.04307980779,0.00549279486,0.01041654824
-3.787621939,-0.01126666532,-0.001857242866,-0.008243016597,-0.01072493116,-0.000177575783,-0.02076916159,0.02393256571,0.01111544062
-3.70923837,-0.007255874793,-0.002095170515,-0.009648947985,-0.0136292921,-0.0006629808486,-0.01246035955,-0.0116150862,0.003154057913
-3.845122047,-0.008041401468,0.003752736828,-0.00704393187,-0.01821359429,0.002255182459,-0.03446044725,0.02959625977,0.009556048481
-3.626523332,-0.006234613791,-0.004288535511,-0.002128381028,-0.0137759547,0.0003264385373,-0.01700043681,-0.004174322314,0.009079279331
-4.082259691,-0.002819698983,0.006333804942,-0.01385582643,-0.01337285123,0.002994746237,-0.0212448608,0.01122626934,0.008173958638
-2.706944291,-0.002809894442,0.003548756572,-0.003015461846,-0.01078838548,0.001633249979,-0.02744008262,0.02045242849,0.01047204223
2.770323921,-0.00425847193,0.006008488281,-0.006527509776,-0.01785801894,0.002821032477,-0.01099394673,-0.000164464184,0.005041998188
2.201830798,0.0007323435276,0.009368687399,-0.003884345314,-0.01248358528,0.004765765343,-0.0300840059,0.01873059451,0.01183913532
3.00805792,-0.001281290389,0.005364725526,-0.007084848842,-0.0148502798,-0.001457171278,-0.01811171664,0.00614463505,0.008479298394
-1.893761203,-0.001683947208,0.007032716808,-0.006470426613,-0.01095251107,0.005327192012,-0.01941970521,0.01092284582,0.007164330571
-4.254312624,0.001127953063,0.009561423517,-0.004269921698,-0.01595255886,0.002770862354,-0.02494743745,0.01100231113,0.009715512825
-3.537633951,-0.0009751661509,0.00524678633,-0.006739873541,-0.01062781364,0.00226606719,-0.01831663409,0.008634010287,0.008863421675
-3.822323213,0.001099256229,0.006536504644,-0.004943205831,-0.01393042242,0.003303722003,-0.02324831197,0.01516570703,0.01119093289
2.087285971,-0.000819854451,0.009089853275,-0.004413059462,-0.01213740544,0.001588356646,-0.0212667092,0.008615828427,0.008817049271
2.365797957,0.002672921684,0.009669353533,-0.003397307196,-0.01367695327,0.0060795457,-0.01833392848,0.0129961169,0.00926073008
2.965593537,0.01200662552,0.01728748876,-0.001641294884,-0.009587608274,0.004018483711,-0.02263515458,0.008506131053,0.01093804004
-1.496630477,0.01016581885,0.01727078461,-0.002407555805,-0.009466976048,0.003623416737,-0.01739297348,0.01409989715,0.008926820896
-4.336658112,0.008531584487,0.01513071615,-0.001493077812,-0.01459577644,0.004978781936,-0.02160029675,0.009443160246,0.008553832052
-3.506169019,0.006692206035,0.01435524309,-0.001475157255,-0.0138612702,0.00316581022,-0.02211187739,0.01249323438,0.008762003979
-4.000600071,0.004161698157,0.01530321531,-0.0065419373,-0.01097842692,0.00330761363,-0.01781416793,0.009712977942,0.008901626831
-3.64110992,0.006678092304,0.01389732369,-0.001195227858,-0.01151006481,0.001807176076,-0.0240914827,0.01042170132,0.009603742949
-3.716344567,0.00185937273,0.0113936632,-0.001474661172,-0.01738374711,0.001613266889,-0.01920420017,0.01314091463,0.007419685621
1.684363494,-0.0002145563922,0.008612045024,-0.008414056939,-0.0150802102,0.003681121879,-0.02094112724,0.00428352506,0.00667446537
2.710316336,0.002033610445,0.004968584335,-0.006301846535,-0.01354848416,0.001669269712,-0.02120078607,0.01333554684,0.008139382856
2.459861687,-0.0009750757923,0.006352203303,0.0004413067082,-0.01152875307,0.0001654827232,-0.02329815361,0.005617441811,0.008294317786
2.630503287,-0.003791974472,0.006810317744,-0.009058532709,-0.01993715166,0.001597489733,-0.02336379368,0.01238990243,0.008390202582
2.471671818,-0.003328316432,0.007495988634,-0.007737439359,-0.01543179757,0.00048879804,-0.02094156658,0.01068049894,0.008110937395
2.53143104,-0.0006417021383,0.005358759221,-0.003493620067,-0.013054185,0.000915807417,-0.01985761196,0.01019225089,0.007708062541
2.553109794,-0.0008663914278,0.005583918315,-0.006679675758,-0.01548996317,0.002094313655,-0.02390764718,0.006996297133,0.008989270959
2.522988799,-0.003219659968,0.006040974961,-0.006857144374,-0.01702385562,0.0007023080547,-0.0207442608,0.009815411305,0.008028666719
2.546388813,-0.003119800674,0.00293762324,-0.003257694536,-0.01203203882,0.0004005229849,-0.02129394824,0.009995250919,0.008628035469
2.574269012,-0.000501970993,0.005667867318,-0.006664150018,-0.01608478975,0.001571793302,-0.02119741731,0.01788386665,0.007457821078
2.547194267,-0.007553716631,0.0003815833118,-0.009243043604,-0.01885602223,-0.002489674874,-0.02583623157,0.0002676928261,0.009670535253
2.50963291,-0.01377529274,-0.002646067077,-0.008492253631,-0.01349524747,0.00276986798,-0.02536580228,0.005922025461,0.005625572893
2.559721896,-0.01164963444,-0.006694896203,-0.01017571675,-0.01764457391,-0.003439240041,-0.02115340517,0.02570637723,0.007611162865
2.534640643,-0.01059298193,-0.01026197042,-0.007525497429,-0.02017671048,-0.001825586266,-0.02362846231,-0.01329355197,0.008218782769
2.541658402,-0.009910377602,0.005889300537,-0.006294235426,-0.007620618376,0.005425560572,-0.02318731944,0.03081478084,0.006123030488
2.53652087,-0.007831084651,-0.003117000547,-0.01159243634,-0.01845193969,-0.001822665038,-0.02311906102,-0.008004815224,0.009762243616
2.535091297,-0.008717338322,0.002825437479,-0.006931263397,-0.01722248603,0.000152643309,-0.02137096864,0.02378043457,0.008353515041
2.5680613,-0.005731338661,0.002166265187,-0.003266576084,-0.01377209948,0.00283676835,-0.02235201757,0.007096135378,0.01091909492
2.518939432,-0.004048526343,0.00447309438,-0.01172805232,-0.01511833075,0.001484033994,-0.02250469517,0.004355041164,0.005233020875
2.476591117,-0.0004037958515,-0.0009221373487,-0.003420821325,-0.01259086933,-0.0001308844479,-0.02390861937,0.02028424494,0.01049123782
2.558487216,-0.00196514982,0.009051419525,-0.007687953943,-0.01340294607,0.0009662139848,-0.01831141674,-0.002063683268,0.008709119449
2.543221808,-0.0001899853138,0.007907188449,-0.006826095867,-0.01522596306,0.006122682896,-0.0240213562,0.02419665207,0.008953327049
2.497976095,-0.0009540861451,0.004406738309,-0.003466563288,-0.01371718887,-6.107344023e-05,-0.02196748115,0.001216863497,0.009737785841
2.541579223,0.0006438433354,0.009707087624,-0.007844896796,-0.01047011213,0.00238855053,-0.02135079261,0.01816566827,0.008720091714
2.525854993,-6.728273462e-05,0.006027130061,-0.008729562295,-0.0134588904,0.002968437351,-0.02214165338,0.006493049363,0.009657531541
2.521526702,-5.781681795e-05,0.006802009889,-0.001321868553,-0.01233933739,0.0023395656,-0.0196510244,0.008823602478,0.008663639977
2.497786455,0.001350846014,0.004968389564,-0.01270969799,-0.0160975944,0.002838221583,-0.02202494716,0.01132618166,0.01109214332
2.536436059,-0.0003692795071,0.009948838238,-0.003473346307,-0.007538913251,0.002788052042,-0.02378086245,0.006504472492,0.009091445168
2.498773798,0.007432901864,0.01480396422,0.003654739788,-0.0128893362,0.004152036264,-0.0180516045,0.01900442387,0.009328878322
2.503419757,0.01071765655,0.01622370959,-0.009158368786,-0.01689409294,0.005327153056,-0.0219290818,0.005437183188,0.01022865794
2.545624529,0.008843360417,0.0191464769,-0.002535728468,-0.007937916479,0.005877587643,-0.01934644155,0.01789914683,0.009365825313
2.558820335,0.008459086827,0.01601869708,0.001916824323,-0.008794367079,0.004060348507,-0.01875903757,0.003642162115,0.008805915103
2.532687829,0.005634676189,0.01213063212,-0.007564665293,-0.02222759806,0.003178043252,-0.02426624524,0.01405028759,0.009143050393
2.510043456,0.00547363557,0.01572887437,-0.0001979925901,-0.009957233179,0.003213976168,-0.0203144551,0.01181116864,0.008711301113
2.535599641,0.00455459674,0.01332119108,-0.003334263847,-0.009780269269,0.002687390129,-0.01850121172,0.01085245265,0.009084636964
2.513767849,0.002727398437,0.00841124349,-0.008681297948,-0.01862922367,0.002909598959,-0.02578450853,0.01159214036,0.009303459226
2.462362347,0.0002532842067,0.008552957077,-0.0005971987312,-0.01291508265,0.001624275173,-0.02141923442,0.006586563914,0.006994838078
2.508703788,-0.001965311811,0.009059462217,-0.005909236126,-0.01392614834,0.001176851573,-0.02088731387,0.01321004209,0.006947849566
2.463470191,-0.001982854529,0.002649431181,-0.009242469819,-0.02023689413,-0.0002678231694,-0.02588779256,0.005467237216,0.007884448175
2.552562719,-0.001122931245,0.005316311603,-0.003642389556,-0.01457041267,0.001883139141,-0.02250721953,0.00942729133,0.007417335843
2.471605052,-0.002502954854,0.008947295363,-0.006853727638,-0.01123705422,0.0008095454564,-0.02064771514,0.009914846457,0.008685907567
2.525666904,-0.003213974427,0.003850083698,-0.009626458418,-0.01867946205,0.001651055032,-0.02163375175,0.01127958363,0.007210476974
2.4656263,-0.002249250105,0.006343066058,-0.003121309757,-0.01514381102,0.001942048781,-0.02243590062,0.008996474402,0.009620226717
2.597061606,-0.002835589264,0.008485772707,-0.006284099145,-0.01380922612,0.0007116851771,-0.02097009736,0.007577609936,0.007379130252
2.049346216,-0.003735627158,0.004168235844,-0.007770636805,-0.01575576389,0.001300828633,-0.02157924826,0.01126298035,0.007636751265
-3.336898861,-0.001680530533,0.003445810592,-0.004443287515,-0.01614033472,0.0009947749629,-0.02115280352,0.007798750011,0.007972768735
-3.900757941,-0.01090833213,-0.0008067865286,-0.008524604103,-0.01655689303,-0.001952493249,-0.02368105558,0.009130828528,0.007852161165
-3.678135065,-0.01375470113,-0.005213948521,-0.0116638788,-0.01821438844,-0.001960608911,-0.02410154279,0.009445421189,0.006471915295
-3.882732919,-0.01060541744,-0.004174556863,-0.007579792582,-0.01358372839,-0.0005660161815,-0.02250466915,0.008883665562,0.007037391242
-3.723830826,-0.01120300814,-0.003008327074,-0.007377506229,-0.01687041232,-0.0009514903057,-0.02128555395,0.01136939527,0.007662316565
-3.85644115,-0.009599416031,-0.001461569374,-0.008745597498,-0.0166356915,0.001122756456,-0.02527914256,0.01046654495,0.008708800992
-3.673599769,-0.007739556767,-0.002929244165,-0.00890231997,-0.01492279766,0.0009946786669,-0.0219819459,0.008766083501,0.00815687104
-4.111442328,-0.006031701654,0.00167492123,-0.005843672738,-0.01229414537,0.0007578285719,-0.02218247903,0.009450017259,0.007297616708
0.02655632055,-0.004005012916,0.003261694108,-0.008224371631,-0.01709928535,0.001416194982,-0.02338051406,0.01302841564,0.009390645944
3.495038002,-0.003658261276,0.003492000617,-0.004805516581,-0.01481998769,0.002101977872,-0.0231495718,0.008402597625,0.009134448718
-0.9199002478,-0.001181051647,0.006742092742,-0.004157556538,-0.01457023825,0.00163506481,-0.021976743,0.01150123393,0.007353462287
-4.232146301,-0.0001296614221,0.006993194363,-0.01381488912,-0.01357911498,0.001726271215,-0.01966627905,0.009526435275,0.007960755288
-3.565334082,0.000931355229,0.00662105881,0.0006862307573,-0.01015442254,0.00265166269,-0.02140221043,0.01212695895,0.009795536998
-3.914615555,0.0002090102534,0.008529777001,-0.00107047898,-0.01442018211,0.003010092836,-0.02018165234,0.009880859837,0.008483096967
-3.711591766,0.001074675216,0.005531691672,-0.01497602467,-0.01617461965,0.003113982112,-0.02353637143,0.007734529588,0.008749074677
-3.872737048,-0.001211558091,0.005283135334,-0.0007479656931,-0.0103174989,0.002029340055,-0.02175556402,0.01374771241,0.009956506421
-3.763319757,0.0009300510557,0.007921010945,0.0003079134152,-0.008785808949,0.001542858725,-0.01779092102,0.008879149575,0.009749441593
-3.82440206,-0.002526033152,0.00660635292,-0.01388677114,-0.02113217918,0.00292437678,-0.025984776,0.0116320522,0.009334011315
-3.806474815,0.002085281956,0.01139620563,-0.006190493044,-0.007431997825,0.002387482561,-0.01615626499,0.009575455193,0.008113169129
-3.829805747,0.01130196303,0.02078207142,0.003430601272,-0.007588644234,0.004004171385,-0.02708912963,0.01372224246,0.01050946162
-3.826643434,0.008867524589,0.01420840451,-0.009210174495,-0.01772289449,0.006283772716,-0.003018866909,0.009153174172,0.007395705867
-3.768982647,0.008218754714,0.01695351665,0.002674584098,-0.009574301198,0.001233841535,-0.03515738385,0.008892358186,0.01212090222
-3.69153964,0.008187902065,0.01691662136,-0.004646306654,-0.01198417509,0.006629795027,-0.0272843126,0.02439322275,0.009620801216
-3.768028233,0.004824221117,0.009908818455,-0.007552358247,-0.01623989046,0.004397598126,0.002311204239,-0.005297529253,0.004239494664
-3.679049534,0.004982557041,0.0175423181,0.0006059516173,-0.01369038528,0.0007247354238,-0.04190869141,0.02354736178,0.01581168724
-3.867673337,0.00365483443,0.008227820623,-0.007473420236,-0.009534816059,0.002804012518,-0.008511530145,0.009032936367,0.007015503641
-3.554095872,0.0006612007096,0.009384571077,-0.006820638518,-0.0193815733,0.003342708453,-0.02273113179,0.00172797847,0.005868607526
-4.10893549,-0.0006150997069,0.01182266116,-0.003657182705,-0.01350256493,0.002927813141,-0.02985500122,0.0241177393,0.01111239714
-2.300754696,-0.001134379145,0.001330773711,-0.004388363215,-0.01468442655,-0.0009363816797,-0.01232306475,-0.002877059177,0.007291534583
2.950303479,-0.001239286223,0.006740808677,-0.01031359576,-0.01683902705,0.001256283988,-0.03073861432,0.01921668098,0.009576188063
2.144678931,-0.004170078672,0.006910515434,-0.00210749279,-0.01540756829,0.00010222539,-0.02118896563,0.006786519011,0.006365443214
3.010194501,-0.003223036695,0.007537373936,-0.008080122276,-0.01681702202,0.003733552954,-0.01754884783,0.00811951525,0.006587107865
-2.121332782,0.000355453325,0.003103897324,-0.004725639367,-0.01350645454,0.0009585603335,-0.02873970245,0.01614638958,0.01131329834
-4.21307137,-0.002269751418,0.003473368371,-0.006193206119,-0.0162391133,-0.001464216675,-0.01572295907,0.00516894578,0.007072236622
-3.596770519,-0.003517809546,0.007308176256,-0.006974758877,-0.01411584234,0.004343637825,-0.02644169878,0.01194863476,0.007896620744
-3.67319514,-0.001844731598,0.00774770225,-0.007055270176,-0.01737731091,-0.0005621876026,-0.02050010518,0.01121543259,0.008710145105
2.250167044,-0.006241995942,-0.00276477073,-0.005102451883,-0.01347068796,0.0003169171407,-0.02113778161,0.006900259679,0.009493526597
2.314573433,-0.01313272239,-0.00508018199,-0.01105965584,-0.01962048708,-0.002051392671,-0.02746571805,0.01180115834,0.007833037028
2.943155129,-0.01283877574,-0.0009035342308,-0.009478085887,-0.01412495771,-0.0007142603566,-0.01932572477,0.0055816233,0.005601289175
-1.673566629,-0.0127602542,-0.006569962622,-0.005128484788,-0.01862635865,0.000679759068,-0.02340558593,0.0118808273,0.007234361853
-4.269841374,-0.008147943631,-0.001932466851,-0.01811168444,-0.01621095386,-0.0016383433,-0.02497911964,0.007327115342,0.009093305326
-3.504512867,-0.007624654541,-0.001195820236,-0.002573504536,-0.01184877386,0.000312366476,-0.02132650128,0.01115672516,0.008921504724
-4.027454591,-0.00907792452,0.0008160834395,0.002221822418,-0.01424588396,-0.0005178582503,-0.02206485306,0.01227883394,0.007498680835
-3.55877851,-0.005651764491,0.002244547995,-0.01717354816,-0.02072048199,0.003354381931,-0.02300170169,0.008067156531,0.007868820304
-3.871604719,-0.003645895582,0.003117774553,-0.007164414927,-0.01241085302,0.001211495025,-0.02072503003,0.01189637725,0.009363702182
1.55973481,-0.0003476284494,0.002701568688,0.0005194237376,-0.006693163369,0.001662989678,-0.02137420398,0.009606019727,0.009262276315
2.726572417,-0.003015964057,0.004877602652,-0.01177847054,-0.02354041532,0.002418263501,-0.02350909193,0.01033367759,0.007692661431
2.434393287,0.0004713090005,0.009452397799,-0.007015071715,-0.0115156112,-0.0002288162083,-0.02191759545,0.01056266762,0.009883703071
2.558371186,0.001690420611,0.007900059522,-0.002997819011,-0.009303878857,0.001486145382,-0.01969022842,0.01474961206,0.009034882294
2.458982048,-0.0008333824821,0.004891584399,-0.008398116315,-0.01759352293,0.003545038799,-0.0240411753,0.005377715988,0.008028068459
2.553954294,-0.000521986533,0.007272958765,-0.005164352249,-0.01353594424,0.003857072732,-0.01939284336,0.0131571654,0.009994893198
2.464932512,-0.0004290107628,0.005576062252,-0.004831858724,-0.008633122661,0.001043227583,-0.01883117208,0.01041344455,0.009843676348
2.493047669,0.001443358388,0.007024926567,-0.00726051136,-0.018995088,0.003592388283,-0.02289293055,0.0120112719,0.008956367457
2.49968754,-0.0009678926185,0.007972241301,-0.001462325738,-0.01369208647,0.003246285494,-0.02184432542,0.00836598711,0.009088826936
2.526285165,0.005305538814,0.01640918184,-0.003821028949,-0.008452150975,0.00162772154,-0.01797069879,0.01370473794,0.01015835502
2.495110282,0.01082125014,0.01717974323,-0.005530183054,-0.01340791906,0.004582417718,-0.02035908259,0.0124782389,0.01094248642
2.527481578,0.008397490778,0.01690744103,1.014665182e-05,-0.01237797315,0.0063786212,-0.01941406678,0.01112805324,0.009316344352
2.493313775,0.008022018157,0.01743188455,-0.002232680349,-0.01233634769,0.002783915483,-0.01983575692,0.01238414222,0.009774501511
2.544872156,0.006443420341,0.012699294,-0.006714516133,-0.01206098463,0.005341472353,-0.02411769374,0.0007614684327,0.007934780605
2.516005764,0.00594129827,0.0140174269,-0.003806597765,-0.01053299243,0.001473527394,-0.01899043502,0.02770127406,0.009739686655
2.513803271,0.005543142979,0.01077534057,7.815759848e-05,-0.01661489639,0.0005690798907,-0.02296742574,-0.003683054509,0.01083054354
2.534522835,0.0005841942893,0.01369913966,-0.00961267474,-0.01341303105,0.005125222171,-0.022422694,0.02195386816,0.005125590557
2.555221858,0.00064944709,0.006096129445,-0.006363722596,-0.01100003388,-0.0004680524376,-0.02143158957,0.003307005654,0.009036937291
2.543963491,-0.001219622389,0.009148766875,-0.003088554248,-0.01621187733,-0.0009131904855,-0.0206024411,0.01194240359,0.008893763635
2.480916139,-0.002376612302,0.005269875474,-0.005045044893,-0.02016056647,0.004185211936,-0.02390918442,0.0132494166,0.007935694898
2.531718276,-0.003740955846,0.006166354749,-0.007250487149,-0.01520005795,-0.0002941586984,-0.02092780507,-0.001244205727,0.005978896572
2.532797513,-0.0008690107449,0.00246812366,-0.004581367204,-0.01005936101,0.0002021916002,-0.02295607188,0.02245390846,0.01070882544
2.530737614,-0.001479849122,0.005615654007,-0.008048776093,-0.0167979606,0.0001010119051,-0.02119451528,-7.93313953e-05,0.008475780113
2.554704937,-0.003726704828,0.01010881853,-0.001579707732,-0.01336347832,0.004116175799,-0.02438076505,0.01901188334,0.006610723727
2.6034134,-0.00240912187,0.003030344092,-0.01021245827,-0.01927964678,0.0002202695198,-0.02134224808,0.006200556212,0.008634228284
2.475405984,-0.0015916115,0.003720414648,-0.009837533902,-0.01245897499,-0.0006830351771,-0.02263420552,0.008911887155,0.007453538196
2.517667146,-0.001518835872,0.0061323777,0.004108336424,-0.01069419872,0.002608227333,-0.02324411691,0.01409442854,0.009257702783
2.537300651,-0.01208141781,-0.002970754171,-0.01491165363,-0.01975394418,-0.001192826308,-0.0206262701,0.0004426566194,0.004315736906
2.521608655,-0.01287845296,-0.01047996551,-0.01433807794,-0.02057032137,-0.001181038383,-0.02684566712,0.01546538243,0.008521930552
2.548721178,-0.01048344382,-0.001811851002,-0.002396388945,-0.01082586751,-0.0004690511728,-0.02113971566,0.005393581926,0.007644816262
2.43323511,-0.01156843774,-0.004153123392,-0.01026201303,-0.01926982635,0.0006951886153,-0.02452009167,0.01116990642,0.006128687909
2.507230436,-0.008886529178,-0.002657452995,-0.009841510724,-0.01950794218,-9.462115159e-05,-0.02424851935,0.00766738829,0.008364935076
2.541572235,-0.006801639,0.0005923406544,-0.004054657915,-0.007580328541,-0.00148966943,-0.01661730514,0.01181477299,0.007507797362
2.50316418,-0.006638680599,0.0004721984826,-0.008419649318,-0.01677657684,0.002303031443,-0.02570352332,0.009017854853,0.008478963803
2.525566729,-0.005329845875,0.001808035388,-0.008110176621,-0.01686087068,0.001766265526,-0.02554358375,0.006047987086,0.008081384146
2.488959674,-0.001815565128,0.002934538962,-0.005451499929,-0.01219545092,0.0003061495211,-0.0197151578,0.01522436624,0.01004111632
2.542779625,-0.002346839966,0.005497610545,-0.006448809311,-0.01174759508,0.0009988607603,-0.02354082923,0.009359093405,0.007465016475
2.513655587,-0.001798823029,0.005547008836,-0.006887679693,-0.01894189737,0.004446106505,-0.02298919627,0.01165051888,0.007375839657
2.521923954,0.0003549945824,0.007711295156,-0.005091116952,-0.01162595233,0.001952162821,-0.0212856349,0.007202607991,0.01034994646
2.467745738,-0.0007846228239,0.00739857874,-0.005894972392,-0.01026537173,0.000874820648,-0.01934282783,0.01508599034,0.00881360024
2.561785479,-0.0002941258409,0.005201346808,-0.006711083935,-0.0166993529,0.003119638601,-0.02287156745,0.006503777487,0.007541007411
2.422079442,-0.000912720792,0.00630302852,-0.006273318539,-0.01557224007,0.003376526462,-0.02205431369,0.008559483363,0.009630111637
2.68287542,-0.002346133458,0.008306797252,-0.003825535216,-0.008853689034,0.002425311091,-0.0203666247,0.01492222002,0.009121956355
2.323793022,-0.0002366983609,0.005336334304,-0.007769504775,-0.01348449477,0.00251363061,-0.02025475946,0.01002843621,0.009511409446
2.748683829,0.002645053232,0.01073861746,-0.005627487508,-0.01569011631,0.00262608303,-0.02423167932,0.01088307864,0.01040467639
-2.22317577,0.01083095089,0.01922373086,-0.000980663558,-0.009410364914,0.003211348031,-0.0197687106,0.01119442544,0.01043367246
-4.214652686,0.01071853986,0.01566888837,-0.003278866666,-0.01097496143,0.004096014781,-0.01759194888,0.01263457406,0.008792046607
-3.597503926,0.009262922285,0.01548212773,-0.0009304717682,-0.013374534,0.004420058747,-0.02164404914,0.01024681333,0.009506320347
-3.96464387,0.007710197565,0.01785544236,-0.001451479854,-0.01176238656,0.004306005116,-0.01918091752,0.01262992731,0.008750584809
-3.738569022,0.004332660885,0.01333596186,-0.005972917088,-0.01293191671,0.005673254413,-0.0227149144,0.01189309149,0.008722849141
-3.933090555,0.005259733474,0.01217696683,-0.002494079745,-0.01419083731,0.00204412274,-0.02287243203,0.005933020104,0.008929782598
-3.613963216,0.003633626263,0.01127387285,-0.002881425169,-0.0125256077,-0.001645268841,-0.01638082498,0.01519641569,0.008424280503
-4.122441622,0.001171552626,0.007060422477,-0.003551762912,-0.01477992075,0.00467198813,-0.02380711017,0.01143936499,0.008181135315
-0.1951488879,-0.000606261278,0.008814428601,-0.00692419674,-0.01793697996,0.001636429099,-0.02267716695,0.006211449325,0.006846705516
3.53915678,-6.172285968e-05,0.00576608132,-0.01432931757,-0.01055877225,-0.00101275259,-0.01868156071,0.00848964642,0.008462812632
-0.3828416428,-0.003280176932,0.006535071943,0.004879334745,-0.0105634717,-0.0001198534899,-0.02716127063,0.01976141515,0.008608336064
-4.165445626,-0.002753794248,0.006397989329,-0.005000593494,-0.02339525255,0.003076789708,-0.0199102537,0.00148366204,0.005827953655
-3.668547193,-0.0009162159817,0.004180886467,-0.01477046257,-0.01899024517,0.003084656293,-0.02567171385,0.009186804857,0.008021765765
-3.917363563,-0.001959190551,0.00779031736,0.0001399900386,-0.003529063216,-0.001451503069,-0.0196164966,0.01448706314,0.0102459548
-3.787982105,-0.001081153282,0.006148728344,-0.005773454372,-0.01762928654,0.002730778522,-0.01858654173,0.006587338816,0.006990505114
-3.864845058,-0.003594932606,0.003851800361,-0.01245570031,-0.02539269179,0.001909586254,-0.02735550342,0.0105896843,0.008790874718
-3.777039742,-0.001869388833,0.008528721057,8.892772795e-05,-0.004783358512,0.0001414108256,-0.01875721447,0.0118876666,0.00894808531
-3.781423942,-0.005210386932,0.001027924657,-0.01197601433,-0.01761304078,-4.224857149e-05,-0.021072843,0.007239071977,0.007246453769
-3.797148376,-0.01256848835,-0.008288375408,-0.01002033046,-0.02312563899,-0.0004324052987,-0.02912412221,0.006910308136,0.006982915529
-3.793962205,-0.01114131281,-0.00288198432,-0.002033987055,-0.01072699508,-0.000741707683,-0.01991364507,0.009946667539,0.007442482576
-3.80686662,-0.01154290985,-0.002988671705,-0.0169282899,-0.01627602197,-0.0002380443866,-0.02155779045,0.009415753073,0.006886550621
-3.784032905,-0.01008089237,-0.00268387389,-0.007068840318,-0.0215596301,-0.0007601858326,-0.03309325566,0.009543565571,0.00919697554
-3.745612207,-0.006729164793,0.0003294346604,-0.003173796758,-0.01099249744,0.003225889615,-0.006881489553,0.009632555402,0.00748582208
-3.808275878,-0.008982263901,-0.0018869653,-0.01098303355,-0.01482161081,-0.004018603029,-0.02952661031,0.007781629178,0.009856050224
-3.811155285,-0.004781947732,0.001764775676,-0.007539875375,-0.01759397081,0.00204800482,-0.03449014313,0.01640536319,0.009436280289
-3.855315789,-0.00203759194,0.005805187403,-0.002803810102,-0.009566252827,0.004242392578,0.001107654858,0.0008515279398,0.003084884008
-3.709894154,-0.004315834077,0.005154962759,-0.00693002956,-0.01828700862,-0.001845474659,-0.03793606373,0.01105914623,0.01277486071
-4.03722314,-0.002483824882,0.001430766937,-0.01100426846,-0.0119870926,0.003211305406,-0.01811079839,0.01988301611,0.008720227904
-2.704957575,0.0004814559468,0.009132464108,-0.002392728816,-0.01113586357,0.002414986712,-0.01561749289,-0.004020480047,0.006602926739
2.846313144,-0.0006711958866,0.01176507837,-0.005384365547,-0.01358879738,0.004543141465,-0.030478126,0.02585926859,0.009657931882
2.223238998,-0.001420714545,-0.0005172766374,-0.00795062845,-0.01584413379,0.001613288257,-0.01340643593,0.001062803788,0.009659122579
2.949847266,0.002051827263,0.009884683734,-0.00490182471,-0.01037021908,0.003104062561,-0.02442235708,0.0128007268,0.01092793654
-1.968858758,-0.001045831235,0.007789074271,-0.003916069581,-0.01519420718,0.002349296232,-0.02631850439,0.01378083987,0.01116455672
-4.277655274,-0.001265761967,0.006792546152,-0.009126120256,-0.01723584796,0.003658663447,-0.01572223764,0.00154131631,0.006265024889
-3.505596769,0.001091641526,0.007347140539,-0.003556110648,-0.007979401478,0.003418709797,-0.0261908981,0.02023730017,0.01175817359
-3.909580407,0.005138405769,0.009578268103,-0.004658980094,-0.01498206305,0.001840582432,-0.01681999866,0.006836256286,0.009112955293
2.015075175,0.01124526453,0.02049450228,-0.005035366348,-0.01214484377,0.00734695419,-0.02221229697,0.01068283232,0.009270485737
2.368144013,0.008716084385,0.01961058346,0.0040685004,-0.01028464676,0.003588862528,-0.01929366701,0.013460425,0.01052389292
2.97576818,0.008199495117,0.01565086373,-0.01089892886,-0.01786998366,0.003933829732,-0.01652251953,0.007231004602,0.009755561028
-1.230114757,0.008088364284,0.01151011298,-0.003227355884,-0.01116869085,0.004129223797,-0.02474351748,0.01359075041,0.01233817026
-4.359837566,0.004336750851,0.0168190675,0.008062172079,-0.005583774115,0.0006003684248,-0.02264631049,0.01057369829,0.008542928328
-3.462955036,0.00479312754,0.01358698132,-0.01244733701,-0.02005833846,0.006131015627,0.01684681759,0.00483001182,0.008216751824
-3.964659468,0.002993173799,0.008308179221,-0.00748318707,-0.01808082845,0.003727946725,-0.007717861334,0.02068932302,0.0107653288
-3.566685235,0.0002869847393,0.006635446149,0.001018006079,-0.007060227228,0.000208711967,-0.007318462127,0.001109353097,0.006872980214
-3.957881319,-0.0007634348632,0.008797107118,-0.007387179105,-0.01696328863,0.002094775913,-0.01474368133,0.01494168366,0.008872945304
1.409957411,-0.002227965544,0.007922360772,-0.0113148537,-0.02067054094,-0.001268626739,-0.01459134935,0.0100708375,0.008453118335
2.805813775,-0.002240832576,0.006436347065,-0.005518857654,-0.01202816604,0.002081353241,-0.005996899045,0.008912650494,0.006097955245
2.395642863,-0.002405507763,0.005169594908,-0.004621372004,-0.01603332091,0.0007629479587,-0.01997868419,0.01581209612,0.008279953879
2.653709925,-0.004746205625,0.008006443269,-0.005838784479,-0.01335408221,0.001623377562,-0.01306621361,0.001976267599,0.008092322667
2.477170013,-0.003043980635,0.001182109963,-0.00989583359,-0.01838182869,0.0008100023735,-0.01338934053,0.01647603855,0.00757237103
2.588436396,-0.0006189256432,0.00542911859,-0.001781665928,-0.01314308245,4.816189783e-05,-0.01732560778,0.006651752956,0.008221048883
2.480996476,-0.003416476462,0.00915682059,-0.003587123471,-0.01550696194,0.003472480606,-0.01288832193,0.011327744,0.006831521399
2.524553603,-0.001783860203,0.003804337917,-0.01323671488,-0.01853686754,8.567165867e-05,-0.01791204838,0.006202627264,0.01015330635
2.497086414,-0.009041555773,-0.00123830115,-0.007000256557,-0.01272341752,-0.001567349997,-0.01533069985,0.01357045316,0.007073141607
2.572117426,-0.01330981977,-0.004898920575,-0.005171833976,-0.01507673734,-0.001222190353,-0.01798888661,0.006915362534,0.00654026325
2.541665811,-0.01122640335,-0.003058022421,-0.01449723184,-0.02367609998,-0.001243001388,-0.02088334562,0.005343459745,0.007166839342
2.513449898,-0.01194269498,-0.004984822028,-0.005267512507,-0.01164312056,-0.000265700438,-0.01721942386,0.01419415776,0.007159975696
2.56372106,-0.007203906245,-0.0008855421288,-0.007054221514,-0.01251635136,0.0007786495353,-0.01761808778,0.006515051835,0.008883037625
2.495605589,-0.008904468859,7.179630695e-05,-0.01198993111,-0.0237344483,0.001899463773,-0.02259281152,0.01233876534,0.008576806334
2.506136518,-0.008184743097,-0.001931131464,-0.002017895356,-0.0125519707,0.00103173764,-0.01871095665,0.007214193264,0.008122496303
2.559718849,-0.0024459895,0.002738281411,-0.006488179373,-0.009223602454,0.001797844534,-0.01742967883,0.005909452851,0.008674725514
2.488921297,-0.002363446454,0.002684637208,-0.0131713745,-0.0176321426,0.0007922173343,-0.01840959867,0.01826693073,0.008004731191
2.525376645,-0.002325459559,0.003731157652,0.001127370191,-0.01437387673,0.002150310594,-0.01899262895,0.001515386764,0.008579640456
2.491704567,-0.002050328657,0.01060841976,-0.006064261867,-0.01008064772,0.00388874026,-0.01767598366,0.01729747563,0.008754093488
2.534825638,5.818924329e-05,0.003309351298,-0.01274814858,-0.01714290583,0.001140842554,-0.01942661958,0.005936952917,0.008924841959
2.534636957,-0.0007420788311,0.009204910195,-0.001190202441,-0.009929155032,0.0006653452868,-0.01825228392,0.0136367145,0.01030942394
2.556913044,-0.0004815171486,0.006846864171,-0.003606939489,-0.01375362787,0.004767601687,-0.0185788472,0.01170358251,0.009678818474
2.5317714,-0.0005717418582,0.006385200768,-0.0121154038,-0.01972801674,0.002784871932,-0.02105490134,0.004293160698,0.007578454836
2.495135351,0.00175518779,0.003988192143,-0.005086734095,-0.006713874186,0.00179520776,-0.01885934286,0.01660825402,0.01058953965
2.536921419,0.0009762262929,0.009221758045,0.002595858392,-0.01058525965,0.000183746595,-0.01979960012,0.008464215539,0.009506548892
2.545323718,-0.0004747729306,0.0098050581,-0.01161516953,-0.02121473725,0.005170105032,-0.01905825698,0.01473530398,0.008173412931
2.508774145,0.009679131403,0.01521036399,-0.00171431635,-0.008157945423,0.007470172227,-0.02007520578,0.01022154329,0.01086204413
2.568101639,0.009954274641,0.01999185229,0.0005131068788,-0.004077484332,0.002703173059,-0.0165580437,0.01300459935,0.00973269658
2.555734981,0.009034276306,0.01241153901,-0.006781892378,-0.01712580645,0.004245198623,-0.02204789583,0.01079704349,0.01096823676
2.561388181,0.008128103542,0.01764785283,-0.002522621128,-0.01288725905,0.005038923105,-0.01785503366,0.01007107841,0.009491472505
2.484454765,0.005646316569,0.01417816144,-7.292396863e-05,-0.007837228644,0.002725907448,-0.01700135775,0.01295246399,0.008699441277
2.477882492,0.00563104406,0.01087643871,-0.009222778507,-0.01865956183,0.003297445701,-0.02310826303,0.008488811997,0.008088349251
2.447582976,0.003313011383,0.01245515411,0.000119562104,-0.01168444691,0.003867771432,-0.02190954578,0.011039551,0.009295862196
2.526002467,0.001079680208,0.009267285297,-0.003565330359,-0.011658103,0.001143113277,-0.01706824803,0.01175771195,0.006913512967
2.498968485,-6.06219346e-05,0.005687634779,-0.01104596655,-0.01722008438,0.001310207531,-0.02272069074,0.01062351763,0.006347476428
2.58733968,-0.0008018537095,0.008852805385,-0.003070041439,-0.01654419007,0.001456849012,-0.02093307337,0.008341616128,0.009169836644
2.510524199,-0.001570384026,0.006252313813,-0.004907015496,-0.01396947669,0.001523081511,-0.02205707612,0.006964214721,0.008140125703
2.499362951,-0.003555933732,0.003857754075,-0.00918540022,-0.01737173969,-9.445855085e-05,-0.02168208128,0.01340322032,0.009320535908
2.527968193,-0.002141208892,0.005905395371,-0.003738584908,-0.01314696426,-0.0007178760926,-0.01944783663,0.009115494987,0.008291482573
2.518174557,-0.001913234922,0.007529005358,-0.005300136932,-0.0143358247,0.0007160186589,-0.02218763006,0.01084203959,0.007876614678
2.430426252,-0.002688828164,0.004326341774,-0.008064028073,-0.01638583426,0.0004040869401,-0.02319357486,0.009541978165,0.008565295329
2.423709453,-0.002455080188,0.004743745994,-0.005165271959,-0.01297846237,0.001697676818,-0.01935151465,0.01008080888,0.008437606784
2.494278313,-0.002847927919,0.006215857338,-0.005362399085,-0.01526645966,0.002722038032,-0.02282839937,0.009332610404,0.007761238433
2.421291906,-0.006031435758,0.001647548392,-0.007306497417,-0.0173655437,0.001784344517,-0.02402787952,0.009326939973,0.006934371353
2.406769837,-0.01265926899,-0.006897995526,-0.008079433714,-0.01565259407,-0.001838488079,-0.02092897011,0.01031722291,0.007472524789
-2.884756036,-0.01141147583,-0.002436855503,-0.009169432802,-0.01503170379,-0.001458087765,-0.02257471832,0.008928999734,0.007755369614
-3.995846498,-0.01263136947,-0.002651422134,-0.01038299999,-0.01900091947,0.0004660109734,-0.02383921647,0.00889157929,0.007851371359
-3.703947536,-0.01108706919,-0.002440055159,-0.007291600136,-0.01528304063,0.0005239758887,-0.02329562173,0.007120555499,0.008610663366
-3.895296831,-0.007877254182,-0.0007148535839,-0.007749706677,-0.01437769116,-0.0008609095183,-0.0198217826,0.01288278422,0.008268043005
-3.742618998,-0.008055166454,-0.00221575968,-0.009183134059,-0.0159690739,0.0008929090314,-0.02561075977,0.006223059711,0.008378856572
-3.888982785,-0.004766636288,0.003994930181,-0.007781195333,-0.01256290389,-0.0004852658559,-0.01822785524,0.014925544,0.008593464584
-3.677887589,-0.004462743091,0.003319294367,-0.002049104412,-0.01742840338,0.01016571524,-0.02947412774,0.007523954506,0.009396471764
-4.058837773,-0.002988990084,0.006771479325,-0.02108289157,-0.01914541312,-0.003236209894,-0.0210191615,-0.001892500724,0.007882171826
0.3525114913,-0.0007749630378,0.003644559686,0.003499719436,0.003495544231,-0.002837329651,-0.01683442079,0.02662680945,0.01235978145
3.451654031,-0.0002503135797,0.005715518646,0.0005772592286,-0.02329629083,0.007074651013,-0.0251660384,0.01059352095,0.007310432526
-1.267441961,-0.0001268454382,0.009178982269,-0.01555092406,-0.02124169983,0.003953342122,-0.02731002832,-0.005949258547,0.006465688415
-4.182278049,-0.0006276487209,0.007884240548,-0.005238089745,0.003039677735,0.0004430427226,-0.01527025961,0.02552101483,0.01359930359
-3.627935889,-0.002083886301,0.002808046551,-0.002120797224,-0.0128453298,4.661974674e-05,-0.01803897242,0.01146355709,0.008718140538
-3.928601678,0.00160724217,0.004931541384,-0.004965169912,-0.03128804516,0.008890076437,-0.02885300807,0.003518271828,0.006355983455
-3.765925892,-0.002850431198,0.01326575684,-0.004670107147,-0.002935749531,0.001115819986,-0.0223157666,0.01106170946,0.008303764661
-3.772011801,-0.0002577753943,0.005099526519,-0.01074792672,-0.005362287483,-0.000293103493,-0.01399401227,0.01571139768,0.01109031758
-3.743349858,0.005293943563,0.008914624052,-0.0005973730654,-0.02167383532,0.00788490506,-0.02535616294,0.01098964927,0.009112883883
-3.808978532,0.01132969672,0.02068772004,0.0004515945765,-0.01519171759,0.006016349547,-0.02101699515,0.007164987459,0.009709987583
-3.772755079,0.006657817407,0.01712948141,-0.004776267218,-0.001887823561,0.001259687443,-0.01762572792,0.01736996581,0.01086475471
-3.779504458,0.0101131352,0.01575975142,-0.006933189212,-0.01398199185,0.00292084164,-0.02144072038,0.01127810624,0.009718503309
-3.79168934,0.007114201552,0.0147880764,0.001270856087,-0.02052317656,0.005792310703,-0.02195364985,0.005999172148,0.009834540221
-3.821705838,0.003266706902,0.01497133709,0.0006255293441,-0.006444331557,0.004319852746,-0.02137282363,0.01483304524,0.009155171811
-3.747200687,0.004797803712,0.01277135107,-0.01237276535,-0.01132187959,0.0006544200786,-0.01768128525,0.01096940925,0.009325245206
-3.866432656,0.003890056325,0.006990913359,-0.002701059917,-0.02021446266,0.002316964172,-0.0295878915,0.00875601678,0.009967564751
-3.718383686,-0.001126985596,0.01415271088,3.131663558e-05,-0.01470672395,0.003692103675,-0.01241772419,0.008312224461,0.006401871778
-3.922562193,-0.00272854142,0.007498214796,-0.006373849811,-0.01125197387,-0.001405163824,-0.02310725419,0.01252519609,0.01027314357
-3.55573465,-0.0004719004517,0.003247044712,-0.01159889936,-0.01980979329,0.002420152062,-0.03135832661,0.01384917516,0.009248676374
-4.159784055,-0.002209100366,0.00875503144,-0.001883667058,-0.01210152609,0.001865064402,-0.01070073048,-0.002184747089,0.004831794681
-2.172851336,-0.003770254101,0.007807453486,-0.004384064113,-0.016405046,-0.0005987193351,-0.03064884418,0.01753613172,0.009811353648
2.96661248,-0.0018415811,0.001340622612,-0.01121444083,-0.01578266688,0.001227376994,-0.01795899824,0.0130154831,0.007464781079
2.128987779,-0.0001435300747,0.005390348078,-0.002112926373,-0.01236022383,0.003045810292,-0.01996354296,0.004821639376,0.008570762591
2.932369469,-0.003591004365,0.01118056285,-0.005868764291,-0.01327968263,0.001364830526,-0.02967946776,0.01487678292,0.008636138708
-2.343641055,-0.004670698785,0.0006934029912,-0.009170329296,-0.01911107681,8.800150611e-05,-0.01534414422,0.00715865192,0.006757041018
-4.125511455,0.000142971428,0.007682283188,-0.001354476122,-0.008867582298,0.0003362943262,-0.02303137138,0.01342415548,0.008775297647
-3.673148391,-0.008602365876,-0.001479634614,-0.00908321193,-0.01853023906,-0.0008285066586,-0.02538007198,0.006610577277,0.006990267911
-3.514828593,-0.01478321354,-0.004328767599,-0.01046421392,-0.01855116363,-0.001309189695,-0.02431457795,0.005424237429,0.005916222995
2.310897852,-0.0108363834,-0.001789991577,-0.01214041072,-0.01466479945,0.001079295849,-0.02085657983,0.01481097057,0.009949321608
2.401259985,-0.01239009689,-0.008592617333,-0.007700427269,-0.01454460927,-0.0009120869546,-0.02246477368,0.006311214421,0.00743944845
2.933421897,-0.008134599656,0.00201193215,-0.001431514014,-0.01409266514,0.001402298053,-0.0253931118,0.01204420848,0.009169596427
-1.890055861,-0.008430860009,0.0009738911013,-0.01400695189,-0.01985185852,-0.0007539341642,-0.0218674474,0.007172247042,0.007790706921
-4.149200834,-0.009909920751,-0.001934184875,-0.007621381026,-0.01242539172,0.001485059327,-0.02142581567,0.01134185249,0.008204186828
-3.53527736,-0.003420420895,0.00240237693,-0.003490085589,-0.01130441408,0.002007420804,-0.0218854636,0.01136335463,0.01058229947
-3.994750008,-0.003263493816,0.003166481415,-0.01030294286,-0.01683144526,-0.0009786335367,-0.02356094481,0.005766285628,0.009258784786
-3.686527585,-0.003004023059,0.00684956485,-0.007643833776,-0.01135247629,0.004304266784,-0.01876002014,0.009645874689,0.009208313208
-3.688768465,-0.001006804347,0.00579711855,-0.004713014859,-0.01386117445,0.002568277678,-0.02523515978,0.01920308165,0.008054282855
1.853698881,0.001326798395,0.003987163267,-0.006065306072,-0.01947120028,0.002855572591,-0.01742032661,-0.0002205185577,0.008243922455
2.729837413,-0.001925187709,0.01007236948,-0.003329033974,-0.005933996495,0.003255927596,-0.02614481458,0.02136370275,0.01091142012
2.460581391,-0.001072351024,0.005821157575,-0.01185534093,-0.01460573422,-4.822232822e-05,-0.01980461783,0.006776847079,0.009877518518
2.613420857,0.0002253909221,0.005759482353,-0.001558797987,-0.01445711582,0.003062763998,-0.02058979822,0.008414409559,0.006998658273
2.494813262,-0.0005899039919,0.008777574744,-0.004227197149,-0.01609553971,0.002861217691,-0.02173022706,0.01693596732,0.01097487997
2.561659881,-0.002017120847,0.00691300452,-0.007518105726,-0.008259250311,0.003012546208,-0.02124444584,0.005261483405,0.008614196928
2.563546652,0.001140217079,0.005376022883,-0.00559801652,-0.01563492563,0.003169143494,-0.02051923121,0.01832099578,0.01078805533
2.528901842,0.01077856467,0.02092258364,0.001392925447,-0.009457480985,0.003837047075,-0.02098483258,0.004591769803,0.00865332687
2.543225241,0.0102086407,0.02151083739,-0.005600719968,-0.01453096449,0.006306527563,-0.01760854692,0.01912715071,0.00972723525
2.55815489,0.009236075395,0.0121102665,-0.001569891078,-0.009333018927,0.005023365802,-0.02332029179,0.008270766084,0.01108405235
2.565740008,0.009869312238,0.01748496257,-0.003379256301,-0.01352607264,0.00546407443,-0.01833982699,0.01109209722,0.008129746362
2.521647059,0.003852813093,0.01395838087,-0.004202569454,-0.01376405328,0.004538586393,-0.0229332385,0.009246264521,0.009027943463
2.523592235,0.005497860921,0.01073370306,-0.002002692951,-0.01436710232,0.002064102706,-0.01978656661,0.01423490458,0.008530519149
2.582078733,0.004779285906,0.01016532031,-0.002304921017,-0.01145441173,0.003630594191,-0.02050410346,0.01160131454,0.008473964655
2.53563791,0.001807263705,0.01232470341,-0.00756177169,-0.01654442089,0.00093251315,-0.02311244153,0.004961993952,0.008968315869
2.502434936,-0.0009441584183,0.01134379293,-0.004113462569,-0.01449109448,0.001302570928,-0.02175198096,0.01331054049,0.007692995369
2.487973514,-0.001939931128,0.003110045953,-0.004059131476,-0.01561475248,0.0007739099287,-0.02203782075,0.00904309722,0.007423345431
2.530634191,-0.001310462004,0.005662524644,-0.007828502787,-0.01688924502,0.0007944996432,-0.02443543768,0.006172570919,0.006458290579
2.504577281,-0.003025693167,0.006916399595,-0.006878186902,-0.01185567654,-0.0005931700241,-0.02126763922,0.01360687848,0.007756611311
2.551690685,-0.001605596039,0.004254171794,-0.004570655411,-0.01565041266,0.0008217505525,-0.02166315053,0.005729888031,0.009255697392
2.529637475,-0.002901198092,0.005855585434,-0.003867977314,-0.01805441031,0.003195861074,-0.02237988763,0.01510166211,0.006474523015
2.524285934,-0.002836292928,0.006851437579,-0.01248833882,-0.01540043614,0.0001623570012,-0.02059020614,0.003372811535,0.007419506213
2.5339249,-0.002366530106,0.005728147463,0.0007860259144,-0.01029062493,-0.001807249011,-0.02509035563,0.01508551217,0.009551517584
2.508975983,-0.001284444956,0.005304193183,-0.004594340828,-0.01880237593,0.00245905357,-0.01913703717,0.009174669469,0.007469980003
2.502343079,-0.00377483098,0.003117739168,-0.01305672533,-0.01786087113,0.002903074408,-0.02516158267,0.004614549831,0.007261017619
2.551802218,-0.0141524865,-0.007397012056,-0.006967186046,-0.01685244123,-0.002689158453,-0.02358847425,0.01531285584,0.009212860853
2.54818837,-0.01223303246,-0.004593537483,-0.006864024866,-0.01266683089,-0.002549511189,-0.02256290174,0.003594603847,0.008102012255
2.551546403,-0.01278027996,-0.0008327682908,-0.01368253512,-0.02262839965,0.001068089566,-0.02442352091,0.01428671835,0.006781523313
2.516437791,-0.01119239178,-0.002044671153,-0.004305714035,-0.0140960925,-0.000175793426,-0.0234751578,0.005937025252,0.007331190044
2.532742424,-0.007086515988,-0.0009691928757,-0.008208075966,-0.01359453076,0.0001553095874,-0.02068993675,0.01134156861,0.007474154991
2.518010046,-0.008458131805,-0.002119606032,-0.0100954458,-0.01605828491,0.002330050589,-0.02815502202,0.008658593632,0.008624122722
2.533087075,-0.006389487273,0.001387748048,-0.00503387369,-0.01509638883,0.0004636924028,-0.01989919884,0.007842776104,0.009120366222
2.570775143,-0.004143280222,0.002413596318,-0.005602028751,-0.01054034397,0.001367398887,-0.02203910574,0.01400850671,0.008549721793
2.519416627,-0.002187812438,0.004510439063,-0.007885839616,-0.01647645302,0.001609007991,-0.02313292595,0.009067100102,0.008700939799
2.551676152,-0.002593511554,0.006869844527,-0.006495317589,-0.01501485769,0.003629065673,-0.02195212533,0.009141260748,0.008741174401
2.555211912,-0.001560600301,0.00760964221,-0.005222297641,-0.01030662642,0.001552828329,-0.02077069125,0.01160214597,0.00865391569
2.567474923,0.001451583527,0.005255693541,-0.004638593408,-0.01398839706,0.001790422774,-0.02086534776,0.01189110921,0.008966257656
2.504931885,0.0003016572763,0.004990477543,-0.005576198952,-0.01694490402,0.003264757721,-0.02394754203,0.007407042201,0.009491307619
2.492751005,-0.0007696322475,0.008271983277,-0.005178198465,-0.01064784486,0.00360341279,-0.02134697327,0.01038982928,0.00987612273
2.507737303,-0.001049459322,0.00553756255,-0.004757143591,-0.01084208134,0.002908456417,-0.02124931642,0.01247624097,0.008658152439
2.59122038,0.001230664503,0.007639586343,-0.006265616833,-0.01683324384,0.003648578574,-0.0217884895,0.01045855652,0.009536928252
2.489792075,-0.0009994125762,0.008756814241,-0.006984343672,-0.0134837835,0.002453623682,-0.02384788405,0.009330387117,0.008584764015
2.534341883,0.004586871737,0.01100283006,-0.004062186535,-0.01005103941,0.002124944183,-0.0197889168,0.01172048252,0.009227137915
2.392706291,0.01178266565,0.01726412915,-0.001193176816,-0.01088303102,0.005513427985,-0.01917544635,0.01254452792,0.01027907298
2.518545658,0.007754831256,0.01529644197,-0.003930875432,-0.01402674118,0.005328932517,-0.0212384208,0.01137157917,0.01034671612
-2.788577636,0.008155261103,0.01695572877,3.538482806e-05,-0.009812046025,0.004461847281,-0.02143988048,0.009467989767,0.008700455233
-4.073890873,0.006755973189,0.0155604727,-0.002924984063,-0.01374442284,0.002934272291,-0.0188280157,0.01229691902,0.008988438524
-3.677733903,0.004624357259,0.01254471854,-0.002980888806,-0.01445571794,0.003597483782,-0.02204553703,0.008745055014,0.008628511605
-3.93405087,0.005978088547,0.01537609034,-0.002831919329,-0.01229659022,0.004099041773,-0.02081121966,0.01241944113,0.009552814209
-3.697117413,0.001674299417,0.00898364553,-0.001959184585,-0.01350825562,0.003690534176,-0.02262466921,0.008408240073,0.009502252811
-3.883178358,0.0002522447958,0.01037229785,-0.01225120326,-0.01694142592,0.0006359726967,-0.01910645053,0.01374277043,0.007341444163
-3.65601557,0.0006218740532,0.007008422656,-0.00431752843,-0.01021182421,0.002569942694,-0.02402346938,0.00547361268,0.008039847183
-4.037594216,-0.001662194807,0.008329653577,0.004704167318,-0.01458337931,-0.004422801371,-0.0195373381,0.02346232181,0.008726225454
0.2282893994,-0.003329415338,0.003133605558,-0.01532552478,-0.024533237,0.0116811955,-0.02487202853,-0.0001662278392,0.006130816951
3.531825708,-0.002953191079,0.008658342878,-0.008373855677,-0.01473254477,-0.006069025282,-0.03057483332,-0.002811164502,0.008161533754
-1.054671137,-0.001185749475,0.003668528964,0.0002275917778,0.002512276793,-0.007133970539,-0.004892562623,0.03218324493,0.008965866019
-4.247444234,-0.001706208466,0.001537301779,-0.01015564825,-0.03302668839,0.01071519496,-0.02601598618,0.005401125346,0.007664779035
-3.596684122,-0.004817461527,0.01152239395,-0.008086578273,-0.0200767591,-0.0001240840934,-0.03561656195,-0.005920809782,0.007970859051
-3.945302182,-0.00031163464,0.00636334318,-0.001177978368,0.007077067245,-0.001303508169,-0.011649697,0.02203384172,0.009851131664
-3.718189159,-0.005146072775,0.002434980559,-0.01374486523,-0.02272566634,-0.002596438483,-0.01890348429,0.01760804275,0.007118665707
-3.884147704,-0.004393553314,-0.003606257532,-0.004294782314,-0.03285715113,0.006461100076,-0.03274381462,-0.00326818245,0.008396539654
-3.732533465,-0.0160616591,-0.002608981678,-0.0008504539291,-0.003459533122,-0.002024395643,-0.02335001785,0.00538671629,0.005544731263
-3.817840315,-0.01000287741,-0.004294749808,-0.02234381607,-0.01011220685,-0.006013528502,-0.0195996053,0.01443486223,0.008555552537
-3.810754525,-0.0122278154,-0.006029969005,-0.008982790489,-0.02864860822,0.00384139975,-0.02467995623,0.01248961532,0.008401340472
-3.799161492,-0.008378395053,0.001948855503,0.005288505637,-0.01362935382,0.003943125098,-0.02488332107,0.005682143006,0.007276134025
-3.786512019,-0.01017402892,0.003751699632,-0.0170390229,-0.0122859245,-0.002687488703,-0.02109356526,0.0110193565,0.007509566924
-3.844878488,-0.007676106926,-0.006105982787,-0.01505273036,-0.0136537989,0.001507655861,-0.02235111429,0.01277484805,0.009331982109
-3.804301492,-0.004220365425,0.0027453566,0.001127429306,-0.01844011808,0.004160904652,-0.0195356516,0.003025494072,0.01017765784
-3.84072446,-0.004377861597,0.004678398496,-0.004061647075,-0.01299429004,0.001265544834,-0.02618713532,0.01040424773,0.007975318264
-3.760481605,-0.003609894293,0.001630590501,-0.01392952468,-0.01321028838,0.0006993046314,-0.01870088968,0.01749865651,0.009507805583
-3.871991991,-0.0005961321087,0.008583784526,-0.002699517889,-0.01327171354,0.002825620001,-0.02716080873,0.006146085746,0.009258622204
-3.660811705,0.0006038374051,0.008978229291,-0.00647413952,-0.01729396405,0.004069728197,-0.0159839029,0.01415516309,0.007527345905
-4.15256327,-0.0003058400062,0.007291497363,-0.006698038579,-0.01064045376,-0.0007521315412,-0.0217368087,0.009798387289,0.01055396472
-2.013316852,-0.0001715766117,0.00599465829,-0.004147509327,-0.009451777728,0.004235424699,-0.02788214939,0.01605491907,0.01190631187
3.048878615,0.0007422700525,0.006605995929,-0.00596476568,-0.01653824969,0.001368140775,-0.01413265134,-0.003516673544,0.006746870574
2.158111722,-0.0004514417307,0.00839953607,-0.004737424754,-0.01690404241,0.001931541876,-0.02827459205,0.01966519369,0.01012836312
2.844065834,-0.0004446556595,0.00553937316,-0.004894207626,-0.01043614578,0.003372409845,-0.01729314465,0.01641728282,0.01066507294
-2.605947226,0.0003638835777,0.00764918897,-0.005841249588,-0.01281407202,0.004152288946,-0.02052562303,0.003760457274,0.008122918952
-3.975148596,0.008754450198,0.01633637877,-0.0002229566206,-0.01180708544,0.004679387329,-0.02768477155,0.01597177198,0.01063160069
-3.755560278,0.0094455546,0.01996870615,-0.00651807238,-0.01275626596,0.002122009615,-0.01265382854,0.009603536272,0.01039368053
-3.33808949,0.008919606283,0.01607402921,-0.004902581503,-0.01046361174,0.004453616678,-0.0210139211,0.01358010397,0.01124443322
2.275048062,0.008776857644,0.01583263135,0.009919315729,-0.008699014664,0.003807092326,-0.02222245523,0.008841622544,0.009734821851
2.3978814,0.005984995604,0.01618946668,-0.01199593203,-0.01750793612,0.004379021633,-0.01811368518,0.007232187689,0.008287253446
2.632479286,0.00392813315,0.01160973963,-0.008420873928,-0.0132211194,0.005011355976,-0.02365327857,0.01761681688,0.009806367779
-2.501145885,0.004807457497,0.009953795117,0.004867391075,-0.01162664021,0.002265360848,-0.01604652061,0.0116280088,0.008156310579
-4.064855008,0.0003868003674,0.01015901643,-0.007592563855,-0.0164595668,0.002167838827,-0.0256014475,0.003334628586,0.009867768224
-3.638022152,-0.001205097983,0.0125376033,-0.007290760969,-0.0149273435,-0.0006404376633,-0.02615592882,0.01274520813,0.007692073017
-3.858516878,5.190175634e-06,0.006016199864,-0.002826472665,-0.01261116285,0.0002861079112,-0.01478984717,0.006811020872,0.007046781247
-3.728033743,0.0009513759828,0.007622354665,-0.009872728203,-0.02044530103,0.004954854326,-0.02575069427,0.01426025136,0.007654266212
-3.609398558,-0.003991121644,0.007211891225,-0.003372692916,-0.009081540492,-0.002540387478,-0.02252786185,0.008461253289,0.009744777731
1.955000893,-0.002599559086,0.004754780186,-0.005571381029,-0.00991256538,0.001566015824,-0.01774677597,0.00350210486,0.008137821607
2.648897182,-0.001459148759,0.004850878783,-0.008096432086,-0.02239023911,0.003467975376,-0.0332082541,0.02619767601,0.008306876702
2.467963527,-0.001914486607,0.00509141752,-0.001474831882,-0.01767707201,0.00077073616,-0.01328980356,-0.01089450604,0.007331326453
2.524356426,-0.003442810398,0.008020634716,-0.001761667254,-0.003295755017,0.002881584583,-0.02565140588,0.02664644545,0.008774569904
2.509016494,-0.00277653508,-0.002161467709,-0.01605098937,-0.02354234931,-0.002268112262,-0.02563691315,0.0005553441716,0.009991413753
2.550768643,-0.003317652462,0.01061627049,-0.003262558581,-0.01378071333,0.002349140048,-0.01805285451,0.006810370676,0.004491811172
2.531183031,-0.01325405433,-0.002049097016,-0.004499457144,-0.01658828005,0.0002393688382,-0.02436292517,0.01833291202,0.008827364741
2.553628929,-0.01403334512,-0.008114769689,-0.01414736475,-0.017782122,-0.004013444214,-0.02394433548,-0.0002808633373,0.006306400524
2.571147871,-0.009034333755,-0.007120008253,-0.007768115139,-0.01716660705,0.001193655727,-0.02350449029,0.01995271897,0.008532382488
2.603683005,-0.01177657828,0.001924556806,-0.006895869955,-0.01270005196,-0.002600037624,-0.02386265431,-0.004988531013,0.008772021676
2.535636725,-0.00967245878,-0.002580326342,-0.008580304615,-0.01856341781,0.003508128653,-0.02075822989,0.02320129584,0.006629248023
2.528957789,-0.006645581707,-0.004770626097,-0.004649569139,-0.01352458691,-9.436813994e-05,-0.02593688546,-0.0009961795406,0.009610531692
2.510258673,-0.005298278617,0.00598947579,-0.008088682388,-0.01095470763,0.0006190177882,-0.02199449567,0.01740029642,0.008362567615
2.486555637,-0.005333272865,0.002332663138,-0.0101101025,-0.01788774663,0.00261154968,-0.02357025137,0.005954214978,0.009312840747
2.561856299,-0.001688237113,0.006008746169,-0.003342809499,-0.01058989321,0.0005447805968,-0.01937656797,0.01161062643,0.008647506531
2.563816179,-0.0008005719147,0.004608926015,-0.006105310422,-0.01412636806,0.001482562263,-0.02044256969,0.01407254948,0.009720811263
2.48182531,-0.001266764954,0.00558787847,-0.01166311883,-0.01655512314,0.001839426622,-0.02344482708,0.003388028996,0.009182208127
2.533192784,-0.0003000059817,0.008287914007,-0.001824318382,-0.01288639014,0.003427339991,-0.02022753645,0.0200966153,0.009100145428
2.510463774,-0.002681700369,0.005527458753,-0.004508290107,-0.01418247369,0.003919813489,-0.02100381221,0.003563947437,0.00842363901
2.58932962,7.532506652e-05,0.006911769878,-0.008831173187,-0.01565809579,0.003045398096,-0.02284856093,0.0149363872,0.0086366457
2.585111755,-0.0007748717703,0.006095695929,-0.002345065313,-0.009404730077,0.001008651667,-0.02236731911,0.008842049142,0.009617575141
2.507036885,-5.107957863e-05,0.009961643466,-0.006965941759,-0.0144356216,0.002089900523,-0.02010324132,0.01179151862,0.008728582436
2.50754947,-0.001323386697,0.007096661951,-0.008070373282,-0.01365402418,0.004479935744,-0.02334680555,0.01113625108,0.009508169479
2.480636195,0.004253157532,0.007448383927,-0.003572588226,-0.01255209387,0.002158844652,-0.01899900999,0.008097571937,0.009365657289
2.524807867,0.01183472347,0.01953090196,0.0002512794278,-0.007075503872,0.004500914197,-0.02126529492,0.01482850318,0.01138722447
2.4996066,0.007488014394,0.01911900457,-0.007103340175,-0.01521140279,0.005415797149,-0.01877073397,0.01034240812,0.009807433669
2.503439348,0.008030606667,0.01718716961,-0.0006095319414,-0.01346247875,0.00493001468,-0.01994967286,0.01165970592,0.007708857728
2.475629719,0.008015958363,0.01644777012,0.001334149035,-0.01103259491,0.001635093174,-0.02074367238,0.0150764201,0.01062101659
2.524035754,0.004966224395,0.01179915385,-0.006466974795,-0.01500686858,0.002704663858,-0.02277108776,0.006383157311,0.009422999012
2.52614684,0.005209752045,0.0134203197,-0.002891400731,-0.01376582524,0.00347645061,-0.0215582744,0.0130844743,0.009345222018
2.528176954,0.001856234994,0.01074104002,-0.002520623558,-0.0128583097,0.001996628196,-0.01985468603,0.009049292235,0.008628064584
2.585101626,0.001084277424,0.009218788241,-0.006253650162,-0.01557755,0.002256615403,-0.02359952327,0.01185298997,0.007440668332
2.485168258,0.0001465386792,0.007496666796,-0.008060732277,-0.01427521478,0.0009879044563,-0.02419627279,0.008522745463,0.009302537433
2.553484387,-0.001823241996,0.008229729121,-0.006312873446,-0.01098613557,0.0005531983325,-0.02096040438,0.009688271154,0.006752733821
2.515049092,-0.002560888065,0.00687847639,-0.005898406735,-0.01695145519,-8.068620675e-06,-0.02180995026,0.009999266577,0.0071152434
2.555755978,-0.001832895707,0.005277356093,-0.004640402182,-0.01886982045,0.0006207825341,-0.02227161294,0.007646916356,0.007412374172
2.543315996,-0.00234561554,0.005977931381,-0.005932711989,-0.01428266942,0.001315059473,-0.02319164503,0.01242739941,0.007768056147
2.562096625,-0.002801224437,0.006021781761,-0.006542589386,-0.01419673079,0.0009469949444,-0.02317250782,0.008482934397,0.008463783267
2.486294591,-0.002319267243,0.006758079892,-0.006315010333,-0.01703432443,0.001961760796,-0.02224720966,0.01168029461,0.007761418166
2.559417716,-0.003125783175,0.005165896253,-0.00570739533,-0.01621727163,0.0007915993018,-0.02345695961,0.009286870772,0.008239191686
2.455164236,-0.002117862857,0.006934895043,-0.007195554808,-0.01400210293,0.0005702222595,-0.02182261662,0.01013781925,0.008074434952
2.512589187,-0.007601170842,-0.0001598882752,-0.007093639951,-0.01369709188,-0.0006320036924,-0.02248362516,0.008246737117,0.007026037906
2.44174629,-0.01265384478,-0.006480370618,-0.01049955212,-0.01825575788,-0.001900796534,-0.02274090462,0.008160979606,0.007880130376
2.634885824,-0.0107511584,-0.003712907679,-0.008020258593,-0.01518074285,0.000666543801,-0.02426755607,0.009381058417,0.007314390937
1.992063108,-0.012524827,-0.004445331138,-0.007263859723,-0.01730852042,-0.0005035619567,-0.02182936742,0.00867907601,0.006676356771
-3.526021542,-0.01003229814,0.0001925857046,-0.007840971618,-0.01601232637,0.0001822134125,-0.02313742637,0.01154711233,0.008408117951
-3.876870148,-0.008362844644,-0.0003053307364,-0.007850667156,-0.01638167838,0.001582027114,-0.0225024161,0.009222688231,0.008266236707
-3.760512201,-0.009181231495,-0.0004030787359,-0.004923705205,-0.0150688798,0.0002882819341,-0.02320661436,0.009864425618,0.009080429508
-3.754071165,-0.00364473921,0.002947585493,-0.01383250527,-0.01501680534,0.0007607272727,-0.0218512769,0.008822577871,0.009054883914
-3.806225946,-0.002956071093,0.004012835529,-0.006199998902,-0.01272330117,0.001458699953,-0.02277895421,0.01100675031,0.009227407108
-3.772057862,-0.0031452247,0.006157567745,0.001048006894,-0.0135843252,0.001247709644,-0.02038467719,0.0140511484,0.007525419258
-3.779871071,-0.001933909448,0.00418743013,-0.01348709015,-0.01602112921,0.004814734238,-0.02139522735,0.004414568518,0.008357599243
-3.800847502,9.959770548e-05,0.005507017853,-0.007757484447,-0.01304508081,0.001380825974,-0.02197847417,0.01575246646,0.0099607699
0.9764604761,0.001087228544,0.009414495174,0.002382553278,-0.008282943248,0.003627924454,-0.01958750068,0.00470192286,0.008864030862
3.328938523,-0.001144212808,0.009343104353,-0.009882744807,-0.01697952673,-0.002023321763,-0.02192008257,0.02269728512,0.008148252389
-1.590944738,-0.0004144776144,0.004810758923,-0.007646084766,-0.01819424031,0.01364598583,-0.01957960843,0.004122820239,0.009871545596
-4.211282683,0.001207821962,0.01145327326,0.003396992437,-0.008005862993,-0.006618280984,-0.03132341889,-0.00604136262,0.0118059493
-3.626550361,7.232688185e-05,0.006634274289,-0.01169057157,-0.006173826264,-0.001271516729,-0.01131216442,0.03765086073,0.009338345967
-3.937271474,-0.0002535785474,0.002507488226,-0.005851168178,-0.02552670138,0.01140560449,-0.0135305213,0.001208981488,0.006611342255
-3.704561047,0.007122054641,0.02091976835,0.002690063893,-0.009386081347,0.004758317733,-0.03766228754,0.004270955313,0.01103245103
-3.858184866,0.01277872511,0.01572609906,-0.006678845866,-0.001603455884,0.003933999792,-0.01324613727,0.02124532679,0.01256706793
-3.738661043,0.003531843288,0.01672480489,-0.008136269032,-0.0148716484,-0.001257131663,-0.01199374644,0.01339530921,0.008284847382
-3.806048706,0.01174970594,0.01727233261,0.008780357267,-0.0159506837,0.01290331291,-0.02904183019,0.009677089632,0.01063843105
-3.821304888,0.004035138259,0.01304983648,-0.005781166929,-0.01587314838,0.0001838035509,-0.0207590392,-0.003043939595,0.007749857612
-3.81889203,0.006705508257,0.01585674168,-0.01024388558,0.001431160554,-0.000821521373,-0.01844916823,0.02178007933,0.01151400694
-3.772763204,0.003738817664,0.01085127401,-6.261100149e-05,-0.01995466063,0.006132753809,-0.0179984631,0.01574292697,0.008977822709
-3.829175045,0.002263545071,0.01124186637,-0.000257684735,-0.02056544605,0.00489916658,-0.02402756455,-0.002649684235,0.005279227481
-3.759217676,0.001267371822,0.01255528435,0.0003736289158,-0.008887615785,0.0007620349788,-0.02515370814,0.0227069947,0.01069407937
-3.877588051,-0.002290353342,0.004700735407,-0.02145904062,-0.01705013763,-0.003554232323,-0.01794568038,-0.0009648751144,0.007550640169
-3.667865357,-0.001491639959,0.006399607328,0.0007711144777,-0.01239566622,0.004676450546,-0.02375805359,0.01302185625,0.008431054076
-3.972223329,-0.002473175182,0.005054409346,0.002399021285,-0.01503483389,-0.001890171162,-0.02216375726,0.007849101193,0.008596132684
-3.560807592,-0.001873213522,0.004762464287,-0.01833968907,-0.01769805895,-0.0007594667372,-0.0220333279,0.007386132293,0.008807633293
-4.291308863,-0.003797768503,0.007867777622,-0.001774678666,-0.01122761282,0.005688626249,-0.02592420328,0.02166296679,0.009071715623
-1.380086159,-0.002721354648,0.007999672646,-0.003291897243,-0.01470761524,5.611058714e-05,-0.01294773665,-0.001821952887,0.005616467986
3.08574308,-0.003576340928,0.005120666566,-0.0101218318,-0.02106892028,0.001058030661,-0.02674935926,0.02098669323,0.01035893265
2.180772292,-0.00273011836,0.005480174084,-0.004026613173,-0.006158051931,0.00052224037,-0.02531618587,0.005693394385,0.009659654917
2.755132169,-0.001767384486,0.003277819344,-0.005687458536,-0.0132214482,0.001821041882,-0.01348103963,0.002294226103,0.004889663364
-3.08901254,-0.0116836457,-0.004842991497,-0.01305802912,-0.02842307213,-0.001828369987,-0.03424488238,0.01478333668,0.01059457941
-3.83175305,-0.01505664024,-0.0007730218303,-0.008678617543,-0.008633538724,-0.001945820011,-0.01635900257,0.009990471324,0.008772029189
-3.983852153,-0.01023832103,-0.004415503202,-0.0007565975811,-0.01208869655,0.001652768152,-0.02186735179,0.01290629357,0.008505580919
-2.827468038,-0.009543435914,-0.005339123366,-0.01676156681,-0.02554132229,-0.002325556779,-0.02775812565,0.004101876115,0.00616579968
2.679609454,-0.009002999551,0.00371236388,-0.007230623701,-0.01408584982,0.00221107027,-0.01699325557,0.01397656502,0.009876669496
2.310450324,-0.007857440668,-0.001894954588,-0.003903637951,-0.009109063056,-0.00108963231,-0.0220194579,0.008421100576,0.008348317245
2.728942189,-0.005167896693,-0.003840589189,-0.009036282857,-0.02027768126,0.001008568175,-0.02745476945,0.0081297015,0.007960430101
-2.695049934,-0.003512323547,0.004209868885,-0.00854536515,-0.0154204269,0.002134658005,-0.02072697866,0.006750079009,0.008515844822
-4.026463098,-0.003524227558,0.008564707582,-0.005782144451,-0.005501699709,0.0009534905321,-0.01957768143,0.01537841996,0.008503502516
-3.718960866,-0.002952868288,0.001051277765,-0.005427095153,-0.0188505278,0.003214245949,-0.02086741338,0.0134419249,0.00907903997
-3.741922069,3.547916827e-06,0.00686097146,-0.005496717713,-0.01414003595,0.002783047375,-0.02489159106,0.003999748326,0.008826178936
-3.809832553,-0.001016023175,0.01032913007,-0.006111194683,-0.00961072737,0.002326483319,-0.02243195122,0.01474479802,0.00995251414
-3.076909201,-0.001814688361,0.002487752415,-0.005822150365,-0.01599065787,0.002020373931,-0.02000376182,0.006156991343,0.008806890472
2.403314025,0.00209839712,0.006390277294,-0.002617726797,-0.01596313458,0.00566740495,-0.02306371176,0.01522422504,0.009863408778
2.496170836,-0.001746346814,0.01062813791,-0.004582806516,-0.01001565897,-0.001343078068,-0.0202100066,0.01019930603,0.01140235671
2.546943131,-0.0003414607906,0.006693371318,-0.01124286065,-0.01014123772,0.005280116807,-0.01911510421,0.0009003403052,0.008123809391
2.467506931,-0.0001693849605,0.007987845063,-0.003770375943,-0.0154429483,0.004896537644,-0.02927274608,0.03151021473,0.01026872795
2.551056504,0.002406098932,0.005868221056,-0.0003780539357,-0.01722839364,-0.0005236890245,-0.01273558056,-0.0123852105,0.008704572865
2.532524081,0.008973927779,0.02191441123,-0.002571449361,-0.003316045845,0.008243442125,-0.02315646592,0.0315564828,0.01067020725
2.558734093,0.01033053652,0.01127308203,-0.01009914692,-0.01428914552,0.001333157898,-0.02324585231,0.0007840064446,0.01257502927
2.53932686,0.009857276101,0.02112213503,0.003429469008,-0.01196696361,0.006866825841,-0.01749036576,0.01000695016,0.007281885227
2.554215522,0.006414210092,0.01773515529,-5.524301787e-05,-0.01567535892,0.005793878044,-0.02467514696,0.01978550498,0.01168777388
2.545930561,0.00343719934,0.01042893698,-0.009042445178,-0.01127825306,0.0004662988956,-0.02017211113,-0.0002002103911,0.008084378804
2.549883043,0.008241671755,0.01087563402,-0.002982041255,-0.01192113192,0.003577027794,-0.02218232768,0.02225759035,0.01079838407
2.524358252,0.004696238612,0.01502240047,-0.00182404083,-0.01283916287,0.001492133722,-0.02305923634,-0.002745211438,0.008163610095
2.541625186,-0.001565818361,0.008739632916,-0.007117356673,-0.01678194148,0.005022148357,-0.01770015125,0.02212852551,0.006885261078
2.536001986,0.000600597897,0.002220864116,-0.004144732706,-0.01333719767,-0.001240653793,-0.02395848114,0.00181729744,0.009860909337
2.538260923,0.0006607108839,0.01091080574,-0.006584404254,-0.01435640653,-0.0007839421585,-0.02376690195,0.0150010278,0.00781784851
2.560512229,-0.004699562765,0.004252593579,-0.004289454517,-0.01928637122,0.00158036218,-0.02401248863,0.0071351017,0.007871819232
2.547856068,-0.00358993609,0.005762567161,-0.008146765474,-0.01585767918,0.0001435847244,-0.01939062743,0.009642769782,0.006971126119
2.500403459,-0.0003862294256,0.005690072781,-0.006483431228,-0.01042584971,0.001954121681,-0.02344403917,0.01451646576,0.009903425318
2.524204272,-0.002211758968,0.006406958366,0.0003534512887,-0.01635651773,-0.002134577613,-0.02518121475,0.003705558639,0.007415496451
2.515536034,-0.001739448473,0.010465182,-0.01062976952,-0.02104488712,0.002503854005,-0.02158613928,0.01401232173,0.00697968869
2.561512507,-0.004811374216,0.00248975615,-0.007371104674,-0.01165112813,0.002226754467,-0.01962070202,0.007850102452,0.008806577325
2.477140252,-0.001701549394,0.005842849767,-0.002880455766,-0.01352234219,-0.000433951685,-0.02060589319,0.01221809684,0.008498943724
2.491409203,-0.007238602176,-7.386774245e-05,-0.007293682084,-0.02099288515,0.001118335103,-0.02775358738,0.006056107842,0.007656213681
2.563323147,-0.01604344425,-0.001397961697,-0.01134744978,-0.01766894223,-0.001982383506,-0.02252007522,0.009535331314,0.005668825103
2.614849802,-0.009509800263,-0.004143604287,-0.004696224589,-0.01242260395,-0.00172617452,-0.02056956816,0.01067911802,0.007466022424
2.54602315,-0.01113160813,-0.006757264567,-0.01287683229,-0.02191491906,-0.001716280011,-0.02353742209,0.006617074876,0.007570193356
2.511926538,-0.009892687415,-0.0003374355379,-0.006953210918,-0.01407309016,0.002553434925,-0.02819537149,0.0093141291,0.007927057417
2.547214561,-0.008161181915,0.0002926504895,-0.007652771775,-0.01344590448,0.0004782785132,-0.01809910601,0.009566397008,0.008726038447
2.525602972,-0.007533708428,-0.00290283587,-0.009755208992,-0.01571248093,-0.0004351220017,-0.0233934031,0.01099683935,0.008663280584
2.543542531,-0.004567872155,0.003058699824,-0.007010367768,-0.01747365725,0.00155571209,-0.02400295797,0.01217764906,0.0103735417
2.534252787,-0.00359704644,0.006687071029,-0.005779136644,-0.01082476252,0.002092565572,-0.02241557129,0.005174363052,0.007739353001
2.547004619,-0.002920443678,0.004806954493,-0.009161538889,-0.01480911566,0.001008941671,-0.02157137645,0.01495007043,0.008947806921
2.473326293,-0.002123333963,0.004370440756,-0.0035847322,-0.01473815986,0.001521914883,-0.02098350558,0.007389251709,0.0101227943
2.551283007,-9.619808315e-05,0.008449414757,-0.005370841633,-0.01483758925,0.003730431391,-0.02214982156,0.01110326588,0.0102625544
2.523580761,-0.00147731748,0.007372838948,-0.007040804101,-0.01315446851,0.002171754062,-0.02342519774,0.01053495347,0.009203553221
2.527553463,-0.001998004517,0.005307048644,-0.005828280654,-0.01387283828,0.00139289283,-0.01833419808,0.01033781867,0.009336970664
2.531608833,-0.0006222308155,0.008888816689,-0.00456957847,-0.01386932637,0.003418560255,-0.02306127668,0.01111692536,0.009440558613
2.525101345,0.0009049679753,0.006838214113,-0.007209021547,-0.01538942636,0.00262030082,-0.0229935122,0.01003993726,0.007846601566
2.479686925,0.000111441807,0.005688822399,-0.006078082121,-0.01265917927,0.002243606417,-0.02021960067,0.01104048695,0.00961102559
2.538882872,-0.0003280729206,0.008359046611,-0.005668070928,-0.01218236279,0.001999412946,-0.02047396536,0.007831704559,0.009481432748
2.48406138,0.006773497251,0.01496700539,-0.004364545865,-0.01326320121,0.005771937045,-0.02100795702,0.0135811675,0.01049518743
2.608735516,0.01068790262,0.01732319674,0.0005568980325,-0.01145840027,0.005921393111,-0.02093112093,0.01189895016,0.01085871617
2.418710807,0.008020951265,0.01687111375,-0.001332587843,-0.01083385397,0.003608729311,-0.01884149269,0.01318102703,0.009171735201
2.700678558,0.00933468406,0.01719569034,-0.004111409985,-0.01210846695,0.004090025452,-0.02074561986,0.009963539641,0.009523194544
1.684168592,0.00554459616,0.01336701936,-0.001348344042,-0.01340451104,0.004065907336,-0.02139965555,0.01137941588,0.01013252981
-3.760882041,0.005485001849,0.0138209255,-0.003482979323,-0.01412688292,0.003794273201,-0.02274628678,0.01205625048,0.01001477741
-3.743888701,0.004892741112,0.01469763708,-0.0119285724,-0.01272839632,0.003517225831,-0.02046262968,0.007881356483,0.008428166242
-3.827236128,0.000792846239,0.009040931017,0.004197515714,-0.009732603075,0.002070026849,-0.02309356447,0.01288180853,0.009477673901
-3.748452095,1.762961782e-05,0.008308730605,-0.004804562468,-0.01866644495,0.000868418435,-0.02030154731,0.008675021051,0.00760299919
-3.823399305,-0.0008874354118,0.007021285121,-0.01262296673,-0.01769682792,0.002348758536,-0.02380226202,0.01016863062,0.00768991208
-3.755904911,-0.001994989992,0.008562992849,-0.0009905258481,-0.008883654757,-0.0001229057231,-0.01955889596,0.01017248945,0.008080820074
-3.943820056,-0.002372123361,0.004566975073,-0.0044560158,-0.01499372569,0.000189636022,-0.02264154802,0.007052126615,0.007375707463
-3.297557913,-0.002536204911,0.005593683726,-0.01254910688,-0.02332272327,0.0009556708169,-0.02493567098,0.01425573993,0.008310890109
1.932991101,-0.001317016626,0.007839968677,-0.0003052505285,-0.007945725323,0.0008791859379,-0.02008137347,0.00864931735,0.008146128527
2.845884685,-0.00152350927,0.005949009028,-0.006139045042,-0.01480866643,0.001421019311,-0.0203314399,0.01557840659,0.008301126011
-2.423239373,-0.002591778674,0.004376800299,-0.009828762964,-0.02053919365,0.001006318605,-0.02768302773,0.001325707564,0.006761469022
-4.159490243,-0.003624486605,0.008466714052,-0.0005072267567,-0.009687562389,-0.0002161564772,-0.02128798099,0.02597360189,0.008667693766
-3.626389127,-0.003843429415,0.001683482299,-0.008540042877,-0.01879495485,0.01001334588,-0.0108233558,-0.005605344376,0.00589311
-3.874062221,-0.01100202031,9.990372376e-05,-0.008503943199,-0.01820852159,-0.01368041398,-0.04645389364,0.002840409276,0.01106462068
-3.739657209,-0.01241924268,-0.007423929042,-0.009975033638,-0.008583870831,0.001050616145,-0.009486910679,0.0363929279,0.006895243174
-3.814398888,-0.01182290642,-0.004791413161,-0.008159629551,-0.02407438022,0.002422791935,-0.01235094662,-0.012344429,0.002432285215
-3.749691794,-0.01063138544,-0.0002139679229,-0.007806245808,-0.01754653168,-0.0001657401427,-0.04998825739,0.01705027367,0.01286262151
-3.817590775,-0.008368139142,-0.00149896297,-0.009191435707,-0.004086204606,-0.00282264783,-0.005467098878,0.009809290215,0.008162163862
-3.820063531,-0.01047414955,0.0008054539448,-0.01042410032,-0.02014630847,0.0008471045821,-0.01923087914,0.01138378918,0.005820787298
-3.806063818,-0.005600641857,-0.00155230611,0.0009903001303,-0.02353049952,0.005815527551,-0.03468190992,0.01281941908,0.009917217419
-3.77345294,-0.005148477583,0.001438578426,-0.006302701803,-0.01015433544,-0.001536385683,-0.01241691636,-0.006291511965,0.006669788219
-3.790972585,-0.00178846317,0.009347145611,-0.01551138197,-0.006918058051,0.0003201523049,-0.02693630813,0.02949288821,0.01415674512
-3.705473903,-0.004722716329,0.003110201218,-0.002739231213,-0.01888534087,0.003383924836,-0.02160588273,0.005429138974,0.006833982181
-3.868262411,-0.0001322779994,0.007938644486,-0.0001402319462,-0.01641712545,0.005282124611,-0.01830122021,0.009011918,0.006498688489
-3.728083741,-0.0004049852623,0.008808621224,-0.008854258883,-0.01300160468,-0.001323989966,-0.02804783073,0.01374399242,0.01340541741
-3.95747084,-0.0005694239082,0.004659458521,-0.01260332243,-0.008886671764,0.002904574296,-0.01352863956,0.01107204378,0.007060740073
-3.520249013,-9.290507467e-05,0.005123804581,0.002736202903,-0.01571721804,0.004944893529,-0.02337660829,0.005898487543,0.00990309432
-4.345413648,-0.0004396432949,0.01048402657,-0.003036522156,-0.01430234639,0.0004987992393,-0.02495739293,0.01155079014,0.008937314961
0.1064325876,-0.001049557146,0.003098897555,-0.009695582834,-0.01090245339,0.002113420076,-0.0175554709,0.01531578863,0.01047381445
2.961659876,0.001438640589,0.006862760048,-0.002088075048,-0.0125342408,0.004306432143,-0.02757930975,0.008879005539,0.007964145807
2.424054862,0.0008372390266,0.0135643015,-0.005276591825,-0.01537258146,0.002920102908,-0.01437370774,0.01026738688,0.007549333987
1.821960479,0.008707685468,0.01822563217,-0.001501045795,-0.01046668016,0.003774722923,-0.02353681371,0.01468940119,0.01167173948
-4.083184006,0.009515438023,0.01574541283,0.0008431850932,-0.006703149467,0.003718786621,-0.01778322337,0.01327132606,0.01086842388
-3.382813568,0.00982817703,0.01640080391,-0.005920439896,-0.01520234369,0.006678520132,-0.01885191629,0.001464107444,0.006041516269
-4.395880576,0.0083844503,0.01543363503,-0.003774620981,-0.0180074648,0.003345582049,-0.02705108514,0.01845042326,0.01126277584
-1.257171832,0.003519240288,0.01295966921,0.002172516751,-0.005069419195,0.001717238647,-0.01400824423,0.01257849979,0.01066747012
2.892752381,0.004541912539,0.01282452229,-0.00739422151,-0.0158700807,0.003955968503,-0.02445490724,0.009101687732,0.00749066477
2.500028121,0.00439045404,0.01285763461,-0.006850861863,-0.017791532,0.002027020343,-0.02574383241,0.01175647091,0.008713895918
1.893132468,0.001038566507,0.01434914301,0.0004826997314,-0.009076811671,0.001481157721,-0.0153582426,0.008509489353,0.007073741662
-3.833853807,0.0003240027177,0.005372873384,-0.007584251961,-0.01650911959,0.002122683127,-0.02450651567,0.01054190975,0.008943584188
-3.593221012,0.0002321034037,0.003974964243,-0.00627543587,-0.01732531793,0.00277953507,-0.0258991209,0.004308601542,0.008085476327
-4.008755,-0.003544883502,0.008263005189,-0.003513241213,-0.01106456098,0.0008568625865,-0.02106504329,0.009926281871,0.00759465367
-3.536018296,-0.002670099763,0.005009718172,-0.007560433788,-0.0158446614,0.001016120255,-0.02106722236,0.0127641688,0.008596835113
-4.362432191,-0.003491568495,0.006401071553,-0.005634573898,-0.01888534135,0.001543253294,-0.02315596956,0.009241576163,0.007913193225
-1.51145539,-0.002093332405,0.007557714239,-0.00283631113,-0.01051856066,0.0001122487404,-0.02309771606,0.009373129248,0.00897645364
3.007998067,-0.00329742776,0.007804427166,-0.009575312091,-0.01675712923,-5.538389504e-05,-0.0221932695,0.01014170519,0.008402432648
2.310785746,-0.003476515064,0.002486099314,-0.005917659068,-0.01794535854,0.003166231131,-0.02077383416,0.006803090792,0.006475537609
2.697629014,0.0008206076162,0.006256426502,-0.0005863545499,-0.01264453997,0.002678069485,-0.02128511473,0.01543547017,0.008912224851
2.460735697,-0.006976957384,0.0003961015253,-0.008774048084,-0.01560180635,-0.004038401748,-0.02105809159,0.004420491864,0.009046419701
2.556683324,-0.01391966765,-0.003956803447,-0.01272701719,-0.01515784006,0.001802559891,-0.02501188246,0.002211649499,0.006472702912
2.437379904,-0.011939037,-0.0007641744857,-0.004881203238,-0.01625208432,-0.002382626189,-0.02625192495,0.02851291994,0.007993486422
2.533957118,-0.01116724672,-0.01092941551,-0.00771309689,-0.0235803299,-0.003217244767,-0.01775076196,-0.01200042766,0.007091335934
2.55492747,-0.009659270203,0.004187805074,-0.01076604131,-0.008189689588,0.001159592959,-0.0260313823,0.03044857374,0.007623402717
2.593696079,-0.006130454669,-0.00255376604,-0.01165115684,-0.01370549788,-0.001978690663,-0.02244452967,-0.005842476447,0.01020044105
2.560027696,-0.008110302042,0.003393330668,-0.004676727774,-0.01619331899,0.002411573626,-0.02161073576,0.01800015625,0.007302255144
2.597869238,-0.005842248922,-0.0005206112206,-0.006432144106,-0.01971075829,0.003213875402,-0.02305313482,0.01259527143,0.01051408698
2.51361206,-0.005825922567,0.00612209173,-0.007178591103,-0.009180891138,-3.273632714e-05,-0.02270135009,0.002620429593,0.007191656442
2.56850696,-0.001513114294,0.002593969836,-0.009295123387,-0.01353902279,0.001533120344,-0.02101257753,0.02057459075,0.01093187544
2.52320424,-0.0007229251207,0.007661295506,-0.0003746129002,-0.01437846088,0.001177970812,-0.02290696297,-0.002689696155,0.009018443216
2.515202746,-0.0005243628,0.01034765009,-0.01305925933,-0.0178751163,0.00681963444,-0.01737414374,0.02437857985,0.008770563435
2.509173112,0.0005160890873,0.001252490337,-0.005733868716,-0.007498237261,0.001181153164,-0.02581537451,0.001161422125,0.01145687174
2.51187594,0.0002723862378,0.009502551969,0.004447506795,-0.01197541731,-0.0002514016496,-0.02237575442,0.01857217354,0.009720497749
2.59381807,-0.001309448326,0.006696231627,-0.01261731706,-0.01886192197,0.003838118277,-0.02114450899,0.003588794524,0.008671085137
2.498644599,-0.001306781391,0.006231961775,-0.01053074524,-0.01230183067,0.002279407768,-0.02107932439,0.0148630053,0.008621711705
2.561284148,0.001454364716,0.006520240827,0.005733569214,-0.00518465179,0.002043869078,-0.01963772411,0.01348374404,0.01123568472
2.479883319,-0.00196759031,0.008196810999,-0.01176678406,-0.02174356333,0.002229832929,-0.0231794742,0.00191769144,0.008862291707
2.518076657,0.005362059159,0.01576458997,-0.007109319471,-0.01393341036,0.004685062238,-0.02311348375,0.01900827879,0.01029112285
2.563777419,0.01150859021,0.01738603445,0.004867022256,-0.00297852236,0.005060098559,-0.01311246944,0.009757471227,0.008709481
2.535140242,0.009004360474,0.0159724416,-0.009457281559,-0.01812558289,0.005787531719,-0.02254480236,0.0113268016,0.01014169953
2.525502632,0.007932024385,0.01838406592,-0.002259674518,-0.01235304575,0.00495997839,-0.02356228049,0.01003940605,0.01125075791
2.548777509,0.006456860428,0.01463868794,-0.001848360593,-0.007691265354,0.001822561774,-0.0151918792,0.01133396897,0.00829570025
2.520758562,0.007037379001,0.0115697067,-0.006186542404,-0.01627727114,0.003642618631,-0.02369226276,0.01314176634,0.00835417594
2.468607615,0.005473477547,0.01390578985,-0.002819814835,-0.01703007228,0.003473793949,-0.02173531388,0.009116983372,0.009146097938
2.529199357,0.001519780865,0.01238697688,-0.002378288192,-0.006418819846,0.001621015555,-0.02230798596,0.008997455501,0.009503402227
2.524675215,-0.0009550827118,0.006366546655,-0.01036012091,-0.01758335812,-0.0002389311698,-0.02240895731,0.0131793014,0.007786471383
2.499016919,-0.0004039526443,0.006207985547,-0.002356057089,-0.01676382663,0.001797182054,-0.02272413265,0.006804552823,0.007593245338
2.513392551,-0.001758841128,0.0113041766,-0.00441372305,-0.01458536876,0.001633959419,-0.02247304425,0.008245264373,0.008201237708
2.470965936,-0.004695868295,0.002896832572,-0.009181669843,-0.01344596593,0.000583782945,-0.02478495934,0.0115375134,0.008240242157
2.476053669,-0.001228880977,0.00673899162,-0.007032455952,-0.01714680585,0.000188979669,-0.0220525864,0.01002467706,0.007145055927
2.535774911,-0.001581198074,0.008251476563,-0.001977532865,-0.01388350686,0.001449428189,-0.02336758624,0.008250600798,0.007910110736
2.495741041,-0.003485125866,0.005764748589,-0.01012869696,-0.01612429152,0.0002638065913,-0.02360957204,0.01076423802,0.007770660194
2.474103476,-0.001956791683,0.004608636177,-0.005825965854,-0.01170490754,0.000280747716,-0.0226400421,0.008149068529,0.008450347589
2.527173823,-0.00185733397,0.006237182636,-0.002745993389,-0.01506498599,0.001142654881,-0.02078114312,0.0105234976,0.007647251093
2.467909075,-0.003324724452,0.006374861487,-0.008635819138,-0.01675049337,0.003341049727,-0.02377052646,0.007766687544,0.007524379603
2.533974721,-0.009876581922,-0.004604266917,-0.01045034068,-0.01695652772,-0.00210291682,-0.02268305226,0.01016584431,0.007190181419
2.449981398,-0.01344512313,-0.005209806786,-0.005469871163,-0.01459151142,-0.002374667132,-0.02331441266,0.008989212525,0.006658687114
2.616791661,-0.01180203315,-0.001289145035,-0.01061049143,-0.01814930776,0.0004468967038,-0.02340729405,0.01030224113,0.006398100196
2.260135394,-0.01231179943,-0.004943688145,-0.006473704717,-0.0167628495,-0.0006088840396,-0.02349245866,0.00864779082,0.007696062088
2.935706541,-0.008119576472,-0.0007971105947,-0.008159930346,-0.01454242932,-0.0002169783209,-0.02138035896,0.01120139826,0.008810846139
0.1739499776,-0.007311719031,-0.0004764116054,-0.01346455275,-0.01303012094,0.0004925804292,-0.02292237864,0.006924453637,0.007985136039
-4.333518306,-0.007832453676,-0.0003966516464,0.000717750441,-0.01350953674,-0.0003565476876,-0.02406908542,0.01248730512,0.00941788218
-3.528689541,-0.0039574415,0.006120945253,-0.008650211136,-0.015601746,0.001548304587,-0.01961797619,0.009294251128,0.007577506875
-3.952989333,-0.003109845304,0.002329245049,-0.01294401051,-0.01398040629,0.003824133922,-0.02628779538,0.01109388096,0.007899673953
-3.6341299,-0.002141929761,0.004535098131,-0.002137204593,-0.01313912328,0.001713978613,-0.02298754348,0.008638498583,0.008891868123
-3.990734036,-0.001446116058,0.005988777946,-0.003181516479,-0.0113817821,0.002219743072,-0.02161915545,0.009642672422,0.01014257009
-3.602064772,-0.001005916709,0.00934861442,-0.01000494344,-0.01831299807,0.001612590721,-0.02235427971,0.01354559669,0.007834053132
-4.085680663,-9.247332485e-06,0.00631316123,-0.006082890407,-0.01141848414,0.001932713436,-0.02047181188,0.008029727162,0.008963576671
-2.411053437,-0.0002814307748,0.009067521132,-0.003772608169,-0.01083140571,0.003429162831,-0.02105276286,0.01218928631,0.008983266103
3.058998223,-0.000929240872,0.007751378588,-0.003679481296,-0.01258097715,0.001492051011,-0.02397865075,0.008507882917,0.009009796555
1.500577924,0.0001499066473,0.004347699062,-0.009450244657,-0.0172096386,0.003307031188,-0.01872159465,0.01409348956,0.009266985427
-3.63617059,-0.0001203503657,0.005426441526,-0.002729358309,-0.01032883439,0.002182729096,-0.02434892434,0.007440405749,0.007657315042
-3.760225684,0.0009012216933,0.01170496309,-0.003747123984,-0.01211132715,0.004657426948,-0.01841507969,0.01367361936,0.009624136196
-3.789680596,0.008549417104,0.01716146343,-0.004503896861,-0.01413197191,0.003117143835,-0.02700848618,0.007751912664,0.01094827934
-3.820962255,0.009236487797,0.01785655283,-0.004342537636,-0.009399917388,0.008495823071,-0.01004619646,0.02630544184,0.008703274256
-3.826393588,0.009484378933,0.01616490909,0.00165510145,-0.01235231066,0.006412684458,-0.01883419923,-0.01485136987,0.01004385025
-3.807753449,0.006824793877,0.0234418666,-0.001853082157,-0.01148773454,-0.005805298533,-0.04447440529,0.02966811451,0.0131861365
-3.800787861,0.006687788169,0.005666644015,-0.007789603449,-0.014296203,0.01105096074,0.008545151855,0.01727449539,0.00392376363
-3.741831032,0.004217715029,0.01723393763,0.004971726648,-0.01607285594,0.002587494453,-0.03600246185,-0.0111843342,0.008643501387
-3.813907548,0.004672610476,0.01423243935,-0.008752623475,-0.01023518705,0.001812849786,-0.03060669005,0.03007600802,0.01357513829
-3.805872801,-0.001130074663,0.00596712051,-0.0066201036,-0.0126234518,-0.001593842756,-0.004323464414,-0.003488254626,0.004927919325
-3.781050292,0.0002844407261,0.01434233897,-0.001625156053,-0.01858601345,0.006587252122,-0.03283034739,0.0227140092,0.007205856642
-3.840189381,0.001724525336,0.002119960337,-0.002108304935,-0.01844376805,0.0009047793667,-0.02272144439,-0.001413501756,0.008254213254
-3.701268989,-0.003427512926,0.005616697104,-0.01489965719,-0.01217918808,-0.003579008764,-0.01867207905,0.008912093768,0.008102599925
-3.847736555,-0.002669179963,0.009186912529,-0.001274843062,-0.007767303521,0.0003092584825,-0.02782285902,0.02079104124,0.01151689017
-3.725497867,-0.004622534012,0.001957860084,-0.006682784814,-0.02594164824,0.005047817686,-0.01244792088,0.001578730755,0.001478097311
-3.966912597,0.0005868015631,0.007011726483,-0.003507151627,-0.01557387016,0.0008096599584,-0.03136767377,0.01287800511,0.01077295357
-3.604979997,-0.00290025702,0.008644665676,-0.004710345757,-0.006086903065,-0.00343589448,-0.01901368866,0.01224934344,0.01049320667
-4.208544873,-0.004190547867,0.002471606392,-0.01173206701,-0.01861337305,0.003324252132,-0.01893126774,0.005440835947,0.004936887923
0.9851568903,-0.001665649867,0.007348477831,-0.008981474822,-0.02080502353,0.001476999761,-0.02592044585,0.009266961058,0.007416336417
2.767953842,-0.003989819936,0.004200677335,0.005881300132,-0.004537169824,-0.001903275753,-0.02143612588,0.01468732552,0.007902857699
2.651463328,-0.01466593266,-0.004657825288,-0.01488645204,-0.02359474011,-0.0003439903197,-0.02539311677,0.005270964168,0.007293906243
1.031692824,-0.00999117941,-0.005399975418,-0.01551194039,-0.02294903892,0.002020398332,-0.02743970079,0.009011758427,0.006765523173
-4.394569709,-0.01240695625,0.0002527214688,0.00305341189,-0.005104477664,-0.001569415561,-0.01343266958,0.009881521895,0.007412639944
-3.243431292,-0.01049857652,-0.003500848408,-0.01163997717,-0.01711179541,-0.0007405848332,-0.02844437088,0.01214344803,0.01131361215
-4.629367869,-0.007126859946,-0.002189938848,-0.01721339592,-0.02363774221,0.0001672773122,-0.02313129151,0.003927027358,0.007632643353
-0.7903019609,-0.006334640576,0.003978166178,0.001767398714,-0.005357288068,0.0009190377983,-0.01988674553,0.009309439174,0.006702653595
2.862912616,-0.006233175049,0.0006951028617,-0.01179158604,-0.01923138611,0.0005028399415,-0.02383361754,0.01553197211,0.009726387636
2.610028458,-0.004108948056,0.002512843192,-0.009936726428,-0.01853968894,0.002812606246,-0.0218402965,0.004517756166,0.008741592464
1.243916012,-0.001271101763,0.004660645835,0.001394076943,-0.005669379219,0.0005258984956,-0.02295732543,0.01307385197,0.01124260774
-4.193455514,-0.003397577482,0.007036414909,-0.01360990499,-0.01808140733,-0.0001944717243,-0.02237425527,0.01045952935,0.007171973314
-3.522508346,-0.000192722343,0.007287927778,-0.004714340609,-0.0187673442,0.003991954968,-0.02224355895,0.01057082198,0.008177727492
-4.066958261,-4.090402269e-05,0.00853057416,0.0005245969135,-0.005412604537,0.0033562269,-0.02121499267,0.008621781779,0.0097844491
-3.418274702,-0.001302949708,0.005259442467,-0.01172668878,-0.01409218921,0.0001470679218,-0.02326098393,0.009174840388,0.01054604164
-4.291213948,-0.0001869322182,0.00551229106,-0.006050395228,-0.01557019017,0.002535356626,-0.02014486033,0.01277029384,0.008268778707
-1.235546627,-0.0002598323195,0.01093243157,0.001090737566,-0.008452550197,0.004326676788,-0.01858426392,0.007069271629,0.009375935562
3.017608936,-0.00108671775,0.005761633574,-0.009999346181,-0.01901199919,0.002577597972,-0.02261054605,0.01341531822,0.009568166247
2.233917874,-0.0002816904165,0.005613573739,-0.006998842607,-0.01235602732,0.002679940661,-0.02420853815,0.008897740312,0.01061924843
2.67663071,0.004694353257,0.01673268089,-0.001437286755,-0.008607988092,0.004483574936,-0.01791301376,0.01481935138,0.008323501265
2.45795852,0.01011126345,0.01697022982,-0.004609140355,-0.0146951587,0.005712086487,-0.0229619216,0.006856575184,0.008692241768
2.644344092,0.01106225146,0.0141894363,-0.002175312164,-0.01096254962,0.004035754003,-0.01899064796,0.02091939196,0.01074155243
2.501349546,0.009663446115,0.01687051944,-0.0005878843381,-0.006735415562,0.0009560186858,-0.01899822101,0.004790764363,0.01091732171
2.490825254,0.005884436364,0.01773171842,-0.007780192978,-0.01695496407,0.007257610384,-0.02412700334,0.002771710957,0.008411054393
2.536391399,0.00430668607,0.01241808688,-0.0004918756682,-0.01548380159,0.002300665332,-0.02420493692,0.03101275164,0.009552485595
2.552214052,0.006837910453,0.008265848734,-0.001141991887,-0.012817356,-0.0006337483057,-0.01533917572,-0.01166296325,0.009348471146
2.528005117,0.002730549619,0.01578086165,-0.00878576821,-0.009730207636,0.005283230602,-0.02587091851,0.03226633839,0.008435442658
2.509493313,0.0009797250719,0.006486854726,-0.008121173577,-0.01987823854,-0.001511968438,-0.02105411708,-0.009387257829,0.009149567336
2.504334959,-0.002302685782,0.01120391363,0.004162068978,-0.01271803883,0.002412949252,-0.02002764044,0.02175229831,0.005764547811
2.554520447,4.592882499e-05,0.004567302108,-0.01202084073,-0.02340373247,0.0007337384466,-0.02229643722,0.01038223494,0.00963966807
2.545339952,-0.003631993862,0.006275600262,-0.01111743944,-0.009580568261,0.0001815465952,-0.02564614129,-0.0006475389811,0.005882060678
2.573913366,-0.000113189599,0.005855121399,0.008009600226,-0.01097090768,-0.001053275794,-0.02253584348,0.02375682884,0.009863815606
2.572487489,-0.003293643209,0.009464983924,-0.01186606023,-0.0198477002,0.0002914089711,-0.02046497335,-0.005989014492,0.006480408562
2.526975241,-0.003159219351,0.001881975012,-0.01387867779,-0.02012844706,0.006683397019,-0.0236588339,0.02568471855,0.007248094324
2.530422152,-0.001343874921,0.001893937055,0.003680642609,-0.006195568849,-0.003568508685,-0.02117859523,-0.002563947475,0.01024791862
2.536611705,-0.00266200298,0.009065869696,-0.006892068655,-0.01922523776,0.0002384053916,-0.02404485168,0.01738440032,0.008383658507
2.545938919,-0.003824869761,0.00519986907,-0.009843146472,-0.02029366674,0.0008399841433,-0.02241110838,0.004779283749,0.008159531366
2.492442116,-0.008224758947,-0.001589383193,-0.006395445363,-0.01002420207,-0.002119300498,-0.01829672044,0.01114171994,0.005654139407
2.503944538,-0.01289652059,-0.008206279154,-0.008175597957,-0.01876667672,-0.00100298087,-0.028006488,0.01119911787,0.008381489323
2.541152498,-0.01149299123,2.621691726e-05,-0.01066637248,-0.01652722244,-0.00150689132,-0.0232413434,0.0002531992867,0.007713263622
2.535979795,-0.01330886288,-0.007982473905,-0.008877487273,-0.0177327188,-6.799621575e-05,-0.02186146345,0.02026529965,0.00757375576
2.509521229,-0.00748039273,-0.0024233087,-0.002870754871,-0.01248021516,-0.001484869676,-0.02354613477,0.004670589675,0.006186718345
2.559034472,-0.007826303282,0.004001490522,-0.009541165052,-0.02144456479,0.001483999178,-0.02301214094,0.01532180946,0.00766852386
2.542674126,-0.009460682114,0.001127977766,-0.01279205093,-0.01428216226,0.0005048705787,-0.02537311258,0.002289650997,0.009681613767
2.51090449,-0.004121441465,0.002271054073,-0.005180186296,-0.009582136694,-0.0002338991483,-0.01913436381,0.0149846545,0.008941634007
2.540006078,-0.002395871768,0.002278759957,-0.004234352549,-0.01651981173,0.00136648463,-0.02344202854,0.007428883712,0.008371605328
2.430088567,-0.001361733572,0.005341846294,-0.01130152082,-0.01819575974,0.002393849944,-0.02258482096,0.008507961482,0.009255357224
2.557660331,-0.001033805369,0.006499663789,-0.002407833001,-0.007553032237,0.002034552653,-0.02239268662,0.01508520438,0.01014902937
2.498044186,0.0009962686118,0.007506870175,-0.007994082586,-0.01565583986,0.002137813419,-0.01910827431,0.009413254988,0.008420482639
2.475038635,-0.0005861748901,0.007516037287,-0.006436399627,-0.01670631498,0.003058773579,-0.02537233099,0.01125301064,0.009104675606
2.504447668,-0.001577436635,0.005980721799,-0.003161340676,-0.01222004251,0.001439127577,-0.02017587276,0.009117679664,0.008498742554
2.506369372,0.001007421326,0.00542825077,-0.006517896556,-0.01141827011,0.002326715797,-0.0210557246,0.01130285984,0.008828468263
2.545057975,-0.001035687245,0.007726047551,-0.007144851915,-0.01587906176,0.002729762498,-0.02243332602,0.0108461524,0.009346625911
2.494153381,-0.001276538582,0.007313840526,-0.00222734249,-0.01198961403,0.003093936057,-0.02059098834,0.008185885753,0.009798749445
2.549169805,-0.001073912688,0.008999781653,-0.008471989169,-0.01159924748,0.003518857727,-0.02119448649,0.01255817979,0.008797155652
2.436018524,0.00933885527,0.01598775652,-0.00450056282,-0.01271597965,0.003177960086,-0.021591136,0.01100041491,0.009092887752
2.560205607,0.01025159657,0.01891915275,0.001549773438,-0.01065780219,0.00503079621,-0.01992135565,0.01182628099,0.009206860056
2.404178766,0.008911750609,0.01638818376,-0.001877734016,-0.01001836226,0.003769256176,-0.0207247473,0.01042898098,0.008857255611
2.70894412,0.01019294493,0.01610299673,-0.004671427489,-0.01471712662,0.004362030799,-0.02137736893,0.01252523065,0.009271053902
2.296014464,0.005932113608,0.01298802104,-0.01079740775,-0.01260993021,0.001812753189,-0.01865533935,0.007697630492,0.0100736157
3.027372529,0.004592734122,0.01595803502,0.007804612875,-0.01039688345,0.002100692339,-0.0242732254,0.01395291184,0.008877336387
0.1459253055,0.004224441437,0.01306920558,-0.004260946195,-0.01937741526,0.003274592439,-0.01968208153,0.01198277609,0.0076165089
-4.296245431,0.002453624096,0.006676386691,-0.0143323551,-0.01679743226,0.002239512437,-0.02398592252,0.00750794642,0.008720268149
-3.575823646,0.0001553904857,0.009804499627,0.0007660776088,-0.008011879712,0.0009542593282,-0.02069890815,0.01359363064,0.008249478417
-3.991782412,-0.001026345392,0.007188550473,-0.005277975314,-0.01605965744,0.0004732103389,-0.02085235743,0.005144165304,0.007303798162
-3.635774907,-0.002730482656,0.005042666241,-0.01281441707,-0.02402164337,0.001291664733,-0.02423792672,0.01272626929,0.007200573413
-3.894617234,-0.002144748265,0.004568717582,0.00138272051,-0.007254952204,0.0008635485245,-0.02198712943,0.01200923102,0.008350226337
-3.685577795,-0.001027124045,0.00588104232,-0.007264165762,-0.01689659414,0.0002932017036,-0.01966739885,0.006899898221,0.007284801385
-3.935159395,-0.002843678203,0.006956434378,-0.00958921156,-0.01896635483,0.001037708117,-0.02705133742,0.01145849133,0.008717436947
-3.148004966,-0.002468604171,0.006270098117,0.0009117518805,-0.01046956513,0.0001780920025,-0.0172166697,0.0111286361,0.008602255834
2.153112744,-0.002883803632,0.003932829902,-0.009680110317,-0.01383650076,0.000173594288,-0.02160499962,0.008856276396,0.006521863078
2.497206581,-0.002075887231,0.00537501959,-0.009185032329,-0.01949576038,0.00238362345,-0.02684882452,0.00971986899,0.008762313932
-3.027453512,-0.005201475783,0.005838405163,-0.00124585901,-0.01023591002,0.0004854886265,-0.0209471177,0.008415559571,0.007905877276
-4.015378579,-0.01401211464,-0.006029565846,-0.01125599189,-0.01655939405,-0.002460920123,-0.02246981196,0.01158307347,0.007322187183
-3.685422664,-0.01279078037,-0.004891693941,-0.01017957613,-0.01982178353,-0.001254319955,-0.02745782422,0.007647451681,0.008525315351
-3.898301549,-0.01065062302,-0.002399244004,-0.005000577734,-0.01286711998,0.001160638121,-0.01941780278,0.008060637354,0.00760515879
-3.813246573,-0.01119811044,-0.002680835211,-0.009857678937,-0.01677729245,-0.003282455921,-0.02853965328,0.007950973506,0.007874349822
-3.79437805,-0.008045554345,-0.001872583981,-0.009088606829,-0.01525354418,0.004509920836,-0.0166168741,0.01992330892,0.007604636131
-3.770763249,-0.007575845645,-0.002255769264,-0.004306575582,-0.01509507849,0.000281155417,-0.01532086289,-0.01134138008,0.009585461049
-3.760579744,-0.007942247083,0.006081909516,-0.007256863564,-0.01069712948,-0.005981319842,-0.04972568419,0.02810059576,0.01262276633
-3.756121883,-0.003223088905,-0.002293317179,-0.01308765668,-0.0157986422,0.009237187683,0.008406428696,0.01346985839,0.002244485465
-3.81321773,-0.00239734519,0.006642346616,0.004439722306,-0.01660475334,-5.882805222e-05,-0.03441861351,-0.00866037751,0.009425212368
-3.830280621,-0.001246206611,0.008156266253,-0.01233611965,-0.01129933673,0.001160898909,-0.03015462675,0.028972069,0.01370390247
-3.804943144,-0.001466810174,0.002483081636,-0.009052666381,-0.01111270158,0.001961506503,-0.005546717157,-0.003995009785,0.004327657898
-3.734303953,0.0002678155694,0.01193045249,-0.001301229529,-0.01813836636,0.005752128423,-0.03034425678,0.02143886048,0.007568841159
-3.831370301,-0.0001400845714,0.003642743213,-0.000843371576,-0.0114325364,0.0007711397532,-0.02084163566,0.002568656197,0.01103343793
-3.68134717,-0.0004350912271,0.006730799346,-0.01701927708,-0.01575901722,0.0006634999863,-0.01657148683,0.008144036364,0.008322778945
-3.947669969,0.000581606474,0.01094414797,0.001811026267,-0.007438607772,0.002542174329,-0.02916216371,0.0198900747,0.01169111349
-3.542159108,-0.003221501364,0.005058385463,-0.002065954444,-0.0215572847,0.003969896771,-0.0124216916,0.005180923511,0.003839024017
-4.282043719,0.00170540465,0.009131226307,-0.01138985376,-0.01270258537,0.003033072778,-0.02685549822,0.0094545358,0.01093402683
0.2715413172,0.005625305306,0.01145787275,-0.001027341303,-0.00691880143,-0.0003280979876,-0.01832885139,0.01832797136,0.01190419012
2.902080823,0.009114296152,0.01708450778,-0.001409298672,-0.01140480217,0.007170778748,-0.01466846894,0.006782505544,0.008764554867
2.45386257,0.008725418693,0.01582623157,-0.004646001678,-0.01995477862,0.004710847522,-0.02566631836,0.01193301075,0.00876345703
1.829021653,0.008155877308,0.01473620472,-0.0004755608243,-0.003970421962,0.001523830872,-0.01801287748,0.01366116127,0.01160351303
-4.075152726,0.005810804967,0.0127817118,-0.003507903662,-0.0120894658,0.003543040191,-0.0220351049,0.01248898997,0.01102154695
-3.385510273,0.005201166431,0.0153185486,-0.005611943622,-0.019034099,0.003008097348,-0.022637945,0.009090543513,0.005942566821
-4.449645789,0.005902677547,0.015770985,-0.0006416288578,-0.008672038027,0.004075311926,-0.01550058141,0.0113427403,0.007244189846
-1.230478038,0.003228600162,0.01001259156,-0.005128367201,-0.01129333443,0.0004630282621,-0.02228364319,0.01384301359,0.01124125607
2.953484734,0.001963830343,0.007682065533,-0.007799997894,-0.01472786845,0.001020395864,-0.02477440354,0.004239615829,0.008887831659
2.445679397,7.287708691e-05,0.007763712583,-0.00491441347,-0.0178808258,0.003326393764,-0.02008657498,0.008499325934,0.006017807029
1.981821575,-0.002893619059,0.007298874048,-0.002569891126,-0.01100233285,-0.0001330752074,-0.02169841368,0.01454238716,0.009133119848
-3.830044844,-0.00319174678,0.004400385675,-0.007119852688,-0.01716128579,0.0006471671288,-0.01991691207,0.01134265109,0.007389460299
-3.623578059,-0.001843545755,0.005794062888,-0.006736981686,-0.01552844114,0.0008554029299,-0.02599638581,0.005670181223,0.009836501415
-3.992272554,-0.003526567597,0.01039278049,-0.006914978229,-0.01285066394,-0.0001435155603,-0.02011667679,0.01428851985,0.00767968984
-3.493517578,-0.003806082021,0.004310013015,-0.004738082572,-0.0132618035,0.0003234572849,-0.02022188884,0.009659935935,0.006383427577
-4.150270613,-0.001639754356,0.00313813766,-0.005592201227,-0.01891131564,0.001253516407,-0.02429539615,0.00828690864,0.009165852468
-2.02161113,-0.003542993457,0.00577860184,-0.005401483022,-0.01153562714,0.000622865136,-0.02311624432,0.008324744292,0.007422742223
2.875491258,-0.00257015499,0.00567477205,-0.007532137334,-0.01448160221,0.0006890486097,-0.01989352291,0.01299259066,0.008880675603
2.340010648,-0.008612731869,0.0002084479918,-0.005125774349,-0.01690240542,3.187962024e-05,-0.0238248758,0.009147898667,0.007123237888
2.632116807,-0.01327286642,-0.005702435595,-0.008754709951,-0.01876075427,-0.002143510762,-0.02357865505,0.008665835097,0.005786840299
2.461028779,-0.01048955761,-0.00309998409,-0.01077117092,-0.01435670722,-0.001902865147,-0.02439454043,0.007396507638,0.007931741637
2.613991822,-0.01231131317,-0.003496068992,-0.009203873435,-0.01472736481,0.0003704793303,-0.02138306603,0.01040865781,0.00657602073
2.556677089,-0.009033524443,-0.002914970865,-0.00498128006,-0.01686919234,-2.865930261e-05,-0.0231183039,0.006852306055,0.008876055041
2.575853757,-0.008259959531,-0.0004880652319,-0.008327572648,-0.01495694984,0.001401594842,-0.0210946084,0.01593349026,0.00819595242
2.551982104,-0.008280121081,-0.000572222603,-0.008993871514,-0.0129404597,-0.002705446425,-0.02131468229,0.01158894772,0.009255748869
2.593275427,-0.004918144159,0.004332366027,-0.006024172461,-0.01417876093,0.003809201081,-0.02508568745,-0.005426527912,0.007781149331
2.555255076,-0.004169184389,0.005873656634,-0.004116723028,-0.0146010743,0.001039437739,-0.02342963816,0.03572152123,0.008686321184
2.551154217,-0.001510001791,-0.002617410174,-0.006900102561,-0.01871679125,-0.00346778598,-0.01886724272,-0.01227170309,0.009966517477
2.53947539,-0.001191248826,0.01179474415,-0.01302368362,-0.006381843499,0.00483505057,-0.02173585878,0.02751356877,0.007055807683
2.514937005,0.0003702296913,0.005425111973,0.0009964869027,-0.01131311784,0.0009788405919,-0.02538379507,0.002741587692,0.01027496213
2.498460447,-0.001947455161,0.00756910505,-0.005397106923,-0.01774306687,0.002559754226,-0.01809266246,0.009431834586,0.007314525031
2.528340412,0.0004529422036,0.005249426052,-0.008177471076,-0.01499369288,0.005077514306,-0.02541238588,0.02267933855,0.01076015133
2.575732074,-0.0003272942246,0.009528783652,-0.002101149262,-0.008036214834,0.000416907598,-0.01905333039,-0.005753247534,0.007604162143
2.586673988,0.0001273102038,0.006363179867,-0.007106398608,-0.01590384655,0.003633201675,-0.02244415733,0.02539271594,0.009739626217
2.505984378,-0.001236549165,0.006520466036,-0.007427396273,-0.01602495948,-9.726303273e-05,-0.02236766943,-0.002448566201,0.01013365493
2.559627774,0.0006053962292,0.01027464431,-0.0008352502181,-0.007005255441,0.005264633209,-0.01860908339,0.02490709993,0.007675554635
2.612894314,0.009060126079,0.01017487232,-0.00589814218,-0.01784197639,0.003828850273,-0.02184357596,0.002477122879,0.01115338784
2.524718288,0.0105187348,0.02243420565,-0.002059782153,-0.00889567841,0.00590642341,-0.02176154796,0.01342879852,0.00886275662
2.577358285,0.007928828878,0.01804434489,-0.0008470811955,-0.009424390717,0.005657746556,-0.01600363579,0.01613555596,0.01116187709
2.55654394,0.00973721635,0.01424888291,-0.00687921425,-0.01335731057,0.00311328899,-0.0194883214,0.003086523826,0.008578291899
2.47038533,0.006962265208,0.01129324158,-7.099596819e-05,-0.01473573958,0.005221254417,-0.02249702228,0.01786063748,0.008343441999
2.49861548,0.005113463848,0.01491902323,-0.002480865877,-0.009508298094,0.001451806258,-0.02021143366,0.002243006049,0.009117251204
2.51025018,0.004259079901,0.01153598996,-0.008539297361,-0.01629284701,0.004114077954,-0.02259654178,0.01706519689,0.008884252265
2.561497377,0.001863074709,0.00735866745,0.0006261074729,-0.01508650982,0.003146038567,-0.02243864308,0.008561235665,0.008360826687
2.525152802,-5.412043042e-05,0.01315828573,-0.006062865497,-0.01492887055,-0.0003432329825,-0.01933911338,0.008673774888,0.008086548247
2.564646287,-0.002688129728,0.007807317668,-0.009419502053,-0.01480624071,0.002449366755,-0.02485197008,0.01084854184,0.0074001685
2.47528,-0.001066231332,0.003110389767,-0.005121354033,-0.01491415777,-0.0005109616411,-0.0217515305,0.006438548659,0.007553640331
2.499835431,-0.002438034712,0.006068022359,-0.004659064165,-0.01515770033,0.001513758459,-0.02258894253,0.01115230904,0.009232242979
2.52284359,-0.002387997484,0.006058043669,-0.006921988866,-0.01652367419,0.000505621882,-0.02297734515,0.008910263022,0.008055659373
2.532008718,-0.001643800963,0.005092393853,-0.005626251148,-0.01162968392,0.001654744492,-0.02103055637,0.0117494547,0.007169864903
2.516975413,-0.000485368929,0.005355169702,-0.00514501432,-0.01643555211,0.001663078397,-0.02243004445,0.008803758469,0.009921060371
2.485578331,-0.003825856969,0.007441441138,-0.00699345573,-0.01784455754,0.0001567072839,-0.02324920217,0.0100219073,0.007619299156
2.557372481,-0.00291541419,0.005416825853,-0.004076799527,-0.01518041172,0.001057736688,-0.02228217801,0.009304314076,0.007432675647
2.509168172,-0.002987053133,0.003622096725,-0.007516347149,-0.01527579517,0.0006822795502,-0.02342030192,0.008819827,0.007651092663
2.564550634,-0.01321106909,-0.004447319832,-0.00843412918,-0.01871794325,-0.001639479923,-0.0252519086,0.01056509814,0.007508092305
2.496188588,-0.01290219046,-0.004994859711,-0.00973653698,-0.01420029772,-0.000295286726,-0.02167563134,0.006803371944,0.007331567094
2.574295299,-0.01180484423,-0.00311140245,-0.00472086872,-0.01311424073,-0.0007977732586,-0.0245863844,0.01330748705,0.006766932794
2.407369345,-0.01056078347,-0.003637749693,-0.02141530925,-0.0223904714,0.0005186800697,-0.0204941375,0.005659593038,0.006628566102
2.667529544,-0.007115778112,-0.0003282013209,0.0005651378287,-0.008378455382,0.001169320987,-0.02672082668,0.01014411704,0.0091263311
2.286228075,-0.008489559825,-0.0005868738568,0.001432930561,-0.01609442039,-0.001973958084,-0.02029790852,0.01189963163,0.008428659209
2.873545868,-0.004045728342,-9.590602931e-05,-0.01701838987,-0.01820804477,0.00224740633,-0.02580645643,0.005050402396,0.008241564145
0.7513331067,-0.003800502936,0.00391591437,-0.009782366384,-0.01293057094,0.002926537375,-0.02037232474,0.01470877888,0.009548901244
-4.163672809,-0.00372986719,0.006064156603,0.003683845752,-0.004916017293,0.002126798345,-0.02078941844,0.00498430183,0.008178748793
-3.569710096,-0.003421480242,0.003511147613,-0.01076077322,-0.02370470151,0.00249557485,-0.02274240265,0.0143871122,0.008604946555
-3.920104345,5.656616845e-05,0.008619862347,-0.006778703136,-0.01157041806,0.0003938403133,-0.02330692943,0.00788332016,0.009213027923
-3.670503206,0.0003835294242,0.008704633825,-0.00183003275,-0.008313745463,0.003181041048,-0.01658411227,0.0155544379,0.009264214227
-3.960303769,-0.0004787568361,0.005300833948,-0.009552262015,-0.01709015781,0.002232526542,-0.02364414507,0.006267995999,0.01004980709
-3.649699765,-0.001951794754,0.008200851438,-0.003401175438,-0.01439148373,0.003684012929,-0.02288561277,0.01266922288,0.01051122587
-4.114578794,-0.0009347564108,0.007128631744,-0.00389906745,-0.006166509972,0.001376549958,-0.01786652715,0.01353715841,0.008143850013
-2.64355261,0.0020244746,0.00739400367,-0.009230344038,-0.01774912465,0.001886918049,-0.02236939757,0.01024952673,0.008923289316
2.545395102,-0.0004299946182,0.008112365853,-0.004343705117,-0.01438729932,0.003639779712,-0.021823868,0.01175404431,0.007560553192
2.356036403,0.003566253393,0.01310021115,-0.001798754206,-0.005609762715,0.00379761374,-0.01746251633,0.00963943477,0.01023099067
-2.887867604,0.01082716436,0.01678077153,-0.007379472491,-0.01422879809,0.004530587526,-0.02226218412,0.01651863225,0.01068765928
-4.009679464,0.009649109928,0.01677865157,-0.00136954356,-0.01383876913,0.004561517696,-0.0230086254,0.004853063648,0.01057920473
-3.72143343,0.008945274328,0.02025542111,-0.0001504417013,-0.008836761094,0.004560730933,-0.01915929596,0.01397983805,0.01013632652
-3.885044751,0.006750500544,0.01227543548,-0.005790909797,-0.01365222791,0.002974362838,-0.02082762746,0.01328383959,0.00776353191
-3.743160912,0.004610677733,0.01180843995,-0.005223942965,-0.0158491723,0.00293161561,-0.02151427541,0.009148363959,0.009773642367
-3.840571749,0.004505745193,0.01901720364,0.001400972692,-0.008565740839,0.004272131904,-0.01828616759,0.00991240209,0.009241501644
-3.719245057,0.001175395103,0.01065043851,-0.006614465998,-0.01788795442,-0.0001354848691,-0.02684354722,0.009426470746,0.009319041766
-3.817423843,0.002062097261,0.006675234236,-0.005047763204,-0.01300309412,0.004331783777,-0.01307043987,0.01704433412,0.006789319501
-3.815819002,-0.0009034486715,0.008796009827,-0.004363130142,-0.01312797038,-0.0001516132184,-0.01564927267,-0.004400111857,0.008279223785
-3.830365938,-0.002147723509,0.009867637253,-0.004585863499,-0.01484711337,-0.001946238725,-0.0499723993,0.0214759788,0.0114890544
-3.774720383,-0.002396765012,0.001193088124,-0.01098821405,-0.01715820605,0.00705823927,0.009317171681,0.01001066202,0.001692426247
-3.811106238,-0.002276918461,0.01003905105,0.002156840469,-0.01306076352,-0.002768912863,-0.03580599866,-0.0009302277296,0.009053799703
-3.725440604,-0.0006709400118,0.007343220909,-0.01551408667,-0.01800095639,0.001597511727,-0.02484569738,0.02989169263,0.01115656916
-3.932327182,-0.003804899738,0.002834417791,-0.00161370584,-0.01128959579,0.0003677278449,-0.01025127612,-0.0116590065,0.004452898567
-3.654230358,-0.002568649438,0.01318115043,-0.00414267515,-0.01557079325,0.003382035288,-0.02914448009,0.02797935997,0.006871531967
-3.994494344,-0.003331191642,-0.002263090849,-0.01162781149,-0.0184588843,0.0001117523846,-0.02077653349,-0.0009566705625,0.008652428758
-3.515557847,-0.0001439135183,0.006616237146,-0.002596196846,-0.0110851422,-0.0008646691123,-0.02213934674,0.00674785775,0.00888324168
-4.281283221,-0.007500240711,0.005164383295,-0.004187220637,-0.01357854281,-0.0008659920422,-0.02633253575,0.02194356362,0.008033736156
0.5995201453,-0.01772328713,-0.01032553834,-0.0168943183,-0.02908019546,0.0003080926041,-0.0164950454,-0.003936289079,0.002271844255
2.834627619,-0.009033407661,-0.0005457029514,-0.003272632464,-0.007605019307,0.001383938988,-0.02743775074,0.01695717472,0.009551701705
2.616217366,-0.01123913521,-0.005656093687,-0.008972305071,-0.01531287546,-0.005514466946,-0.02166389125,0.004079022197,0.008986729199
1.200470812,-0.01234471168,-0.0002123070249,-0.01403368745,-0.01923777863,0.002692766861,-0.02157423792,0.009569523398,0.005652217415
-4.38173882,-0.005618728892,0.002411476352,-1.201688749e-05,-0.01270516852,0.001148830311,-0.02459251956,0.01164890614,0.007048605254
-3.224873591,-0.00765838195,-0.001768847869,-0.01100987137,-0.0138116798,-0.0006438442725,-0.01961596554,0.005396611082,0.008183946912
-4.563533769,-0.004836890861,0.001382294615,-0.009370860566,-0.01617504823,0.00144216437,-0.02898737351,0.01484095037,0.01165386109
-0.802046898,-0.002610499865,0.007879768424,-0.002042442966,-0.01076218337,0.0004536672961,-0.0176438993,0.008686965804,0.008087497174
2.889741083,-0.002623021278,0.004255612529,-0.007986562657,-0.01569088123,0.003521628058,-0.02003399022,0.01117828523,0.005953920445
2.568291813,-0.0009962531288,0.004713326833,-0.007808523095,-0.01772293454,0.0004389555292,-0.02579278285,0.01098879315,0.01073248329
1.750015454,0.0007677572533,0.006812101727,-0.002462739597,-0.005998375137,0.001811181889,-0.01968375185,0.009042219131,0.009991735809
-3.977080012,-0.00154371221,0.00631339156,-0.008574999192,-0.01832956429,0.003478306239,-0.02126422716,0.01234463205,0.007976200482
-3.500569527,-0.00139055225,0.006269230125,-0.003145310103,-0.01335197725,0.002586761438,-0.02478932377,0.01140619569,0.00852751628
-4.016326081,0.0006602027509,0.009430723151,-0.004134004101,-0.01198067716,0.002925802076,-0.01686888792,0.01178078405,0.01028059999
-3.464224104,0.000149847139,0.006110766886,-0.00897432865,-0.01273804475,0.001611486527,-0.02619042637,0.007692569153,0.01033840462
-4.34782424,-2.566475676e-05,0.008668050117,-0.006707527958,-0.01412690823,0.002727259993,-0.02095642756,0.01481106308,0.008886152272
-1.424001876,-0.001433597468,0.008126613518,-0.001280700242,-0.01162167142,0.002017157462,-0.02196332187,0.006152840071,0.009850888505
2.99238098,0.007540757885,0.01390472286,-0.006299454275,-0.01604179582,0.004361922693,-0.02191958995,0.01542341474,0.01083538007
2.27692804,0.01172090479,0.01592099161,-0.002126403927,-0.008966438821,0.005276899347,-0.02169278681,0.01030912736,0.01054238667
2.671471812,0.008051185474,0.01805272532,-0.002581632707,-0.0112229316,0.003258079915,-0.01737783245,0.01273767076,0.00968083067
2.39506824,0.00757599746,0.01815613808,-0.003319257452,-0.01448437825,0.005453001405,-0.02167138627,0.01211465669,0.009641968002
2.592908303,0.004589552935,0.01240517169,-0.004265879592,-0.01486977242,0.002881791036,-0.02029489064,0.009015935522,0.009941166834
2.479455596,0.005469189369,0.01222361971,-0.001453027971,-0.01043180868,0.0016929177,-0.02144573001,0.01138905233,0.009232064711
2.562632834,0.00366836849,0.01353617411,-0.005830948649,-0.01519631075,0.00210102159,-0.02006562593,0.01066358579,0.008165928276
2.507250191,0.0007205223305,0.008190719027,-0.002791910436,-0.01462490981,0.002526469122,-0.02030084259,0.007810645715,0.007782159248
2.572547345,0.0006475894433,0.00877061484,-0.003849897606,-0.01370328863,0.002118238012,-0.02036753361,0.01522567252,0.008332359405
2.568691347,-8.43156427e-05,0.009720364936,-0.01180970234,-0.01748436067,-0.001622534144,-0.02256263612,0.006558314644,0.008057949266
2.486568981,-0.001486397624,0.008234496161,-6.621169262e-05,-0.01298152104,0.002856485655,-0.02660390266,0.0002249972548,0.007610393771
2.582984071,-0.002536211304,0.008954191796,-0.004683683795,-0.01250928094,-0.0005709971014,-0.01928470037,0.03029072855,0.007159452458
2.546372338,0.0004725030564,-0.0007445514486,-0.01177603049,-0.02217572998,-7.838549538e-05,-0.02238009446,-0.01259239304,0.008256492136
2.577990823,-0.001950644938,0.0129005341,-0.004628110383,-0.008577756062,0.005013287226,-0.02156493403,0.02917388777,0.007087908391
2.566057089,-0.002373765579,0.005909514918,-0.003676795021,-0.01128447629,-0.0001973985655,-0.02211195636,-0.002986015591,0.009253901662
2.563205903,-0.00400515754,0.00740841172,-0.009935035413,-0.02323850863,0.0002580149978,-0.02393037758,0.01550550563,0.008146943401
2.483458643,-0.001700926154,0.007099153941,-0.002029832436,-0.01161423048,0.001358073629,-0.02199537971,0.01466205583,0.009891245091
2.484863649,-0.003430064182,0.007930463113,-0.007924559811,-0.01544274942,-0.0002711236054,-0.01976107997,-0.002701922696,0.004816155833
2.521500793,-0.01076482759,-0.005817609868,-0.007506303042,-0.01722377652,-0.00084337536,-0.02838278698,0.02027992196,0.008247881947
2.527247368,-0.01091960169,-0.005132745227,-0.008503028574,-0.01656843168,-0.002820313967,-0.01917850601,-0.002071792929,0.007800451373
2.551150017,-0.01025702677,-0.002121466802,-0.01153446313,-0.01562568201,0.002573839226,-0.02521746836,0.02011919379,0.005427722636
2.507669575,-0.01167194249,-0.003830405161,-0.005977664972,-0.01798813257,-0.0006766089452,-0.0233771138,0.002582932496,0.007108766113
2.494652626,-0.008337464789,0.002818507308,-0.004484573955,-0.01381542453,-6.600930066e-05,-0.02094704027,0.01222855417,0.007830200573
2.523171154,-0.007789435418,-0.002848074634,-0.01216415212,-0.01766642942,0.0009973053862,-0.02388551122,0.01321696215,0.008373628613
2.60039915,-0.005534867626,0.003229271989,-0.009919864741,-0.01132827087,0.0007811920458,-0.02047632939,0.002611787271,0.005820072201
2.511355285,-0.002878093329,0.002330058564,-0.00277178478,-0.01261024264,0.00259915022,-0.02321647975,0.01542946377,0.01041560079
2.519219418,-0.003557703551,0.005731000543,-0.009621284347,-0.01616922661,0.0007999026185,-0.02281783782,0.005249738063,0.008537892392
2.563263975,-0.001132175355,0.005223808824,-0.007715987054,-0.01311969306,0.004513234724,-0.02164277552,0.01668350403,0.00878949118
2.515404909,-0.0005976199899,0.007331033945,-0.0006579551433,-0.01161657486,0.001672622834,-0.02044120414,0.007921553621,0.009797751708
2.516620946,4.136139514e-05,0.007728944741,-0.007877740563,-0.01549063342,0.001800140674,-0.02233037342,0.01057520497,0.009023778803
2.526098659,-0.000860681753,0.007695837085,-0.006614207712,-0.0133075452,0.00416346467,-0.02363763484,0.009343358352,0.01048986751
2.509221317,0.001029322368,0.006871753933,-0.003659469556,-0.01010282855,0.001166476183,-0.0195554283,0.00868063078,0.008646603377
2.526348172,-7.641845816e-05,0.007380114667,-0.004957960315,-0.01629215273,0.003354061207,-0.0229314467,0.0115028037,0.008639668203
2.524051882,-0.001158455907,0.00962032331,-0.006545497558,-0.01299671564,0.002245295101,-0.02134190746,0.008786463426,0.01040059683
2.482987142,-0.001057162619,0.007415160678,-0.005589696165,-0.009307856104,0.002733889128,-0.01855713467,0.01318623841,0.008764808607
2.519269532,0.003981062985,0.01036697904,-0.005427069854,-0.01420360658,0.003165180218,-0.02087079143,0.01125016891,0.009285717403
2.541716182,0.01160799874,0.01996725747,-0.002379215905,-0.01315609467,0.003951009061,-0.02045381841,0.01119508955,0.009927834546
2.549440732,0.008309333429,0.01660629367,0.004038400032,-0.01050890286,0.004680303083,-0.02216372622,0.01146536709,0.01112290249
2.487871613,0.008610981014,0.01528359463,-0.01636807769,-0.01604316559,0.002960835384,-0.01839033941,0.008711113396,0.008666338027
2.550017582,0.008508425686,0.01383309141,0.002902266615,-0.007833392052,0.003458818844,-0.02388186731,0.01163222143,0.01072110353
2.406713965,0.003968897222,0.01735728947,0.006970843891,-0.01307530593,0.002275746163,-0.01734772901,0.01333983381,0.008668229345
2.639220644,0.004459872421,0.0133440368,-0.01443061065,-0.01841509273,0.004551308031,-0.02425388621,0.006427396282,0.007052154218
2.268362326,0.003101075845,0.01031873374,-0.009755139504,-0.01473751612,0.002744202094,-0.02147908722,0.01636272961,0.009941159251
2.985113747,0.001944219923,0.01058959656,0.005875880939,-0.006251999983,-6.680016076e-05,-0.01946993458,0.00595882257,0.008325101778
0.4365825305,-0.001334360352,0.00727099859,-0.01030204618,-0.02389932968,0.001238732331,-0.02356630599,0.01121062196,0.007299819282
-4.226594502,-5.042632118e-05,0.006636368826,-0.008709541683,-0.01366154066,0.00068404442,-0.0236257802,0.007746241571,0.007164531513
-3.565944897,-0.001050819069,0.006557789643,0.0003418440689,-0.009354333964,0.000993688278,-0.01711765296,0.0129696126,0.008583236308
-3.979816856,-0.003142671764,0.005077209108,-0.0102820257,-0.01969836948,0.002184492804,-0.02660102286,0.005866732047,0.008210555113
-3.669049396,-0.003127219458,0.007705149553,-0.005513508802,-0.0166253186,0.001449301917,-0.0239023504,0.0120956003,0.008254834361
-3.962079823,-0.003239558017,0.006147341702,-0.002311440205,-0.007685279398,-0.0001347606483,-0.01618923004,0.01132167084,0.007258063642
-3.617595024,-0.0006941245088,0.005172450334,-0.01110187387,-0.01899044099,0.00153679635,-0.02417678828,0.007253436411,0.007062989702
-4.11008252,-0.003568569119,0.005427244695,-0.005845338702,-0.01791742036,0.003547433752,-0.02360742275,0.007560044913,0.007342475879
-2.622663865,-0.002768558185,0.008576685683,-0.001913128719,-0.007939404864,0.0003591101426,-0.01832471764,0.009547449419,0.008515234281
2.648865849,-0.0073974244,-0.001730091402,-0.01155595004,-0.02103547138,-0.0005537667129,-0.02519562623,0.0133888431,0.007618636993
2.00400311,-0.01324288886,-0.006359321873,-0.006427284353,-0.01901606572,-0.001187418273,-0.02685251293,0.004137267505,0.006158032055
-3.297981497,-0.01130050575,-4.801181998e-05,-0.005149308909,-0.01251997561,-0.001748414613,-0.02027142691,0.0121251542,0.007448052262
-3.940580215,-0.0122590017,-0.005232797889,-0.01352636034,-0.01726004762,-0.0005364188704,-0.02508752448,0.01144901009,0.008514107015
-3.763195593,-0.009182644305,-0.003223209717,-0.008064375595,-0.01851763448,0.001079688938,-0.0217846633,0.007265424218,0.008004591776
-3.851193551,-0.007140461268,0.004495540816,-0.003202110348,-0.009999290809,0.001230451598,-0.02275817245,0.01028428079,0.008445476874
-3.761019088,-0.008732256315,-0.002104162048,-0.01296751648,-0.01891178791,-0.0003092448789,-0.02326113747,0.01180955727,0.007073592791
-3.783736606,-0.003901612111,0.001029064578,-0.005473060113,-0.01386249045,0.001002400779,-0.02025833203,0.01009189497,0.009378519527
-3.69397879,-0.003317065945,0.007829592881,-0.002756348886,-0.01215448359,0.0005642472474,-0.02252155746,0.009824559102,0.01004459222
-3.821926275,-0.002979480197,0.005572847379,-0.009660359881,-0.01629936963,0.002180953444,-0.02124385204,0.01184001206,0.007108868475
-3.795782817,-0.002034053425,0.004574774354,-0.004155419673,-0.01480779456,5.775325413e-05,-0.02813355335,0.009573812125,0.009119244307
-3.78709758,0.000273815412,0.007618234304,-0.003822060598,-0.008914422514,0.003780794341,-0.009001064399,0.01375559617,0.006931623926
-3.789719508,-0.001555017792,0.004934608739,-0.0102539683,-0.01714867189,-0.00152462693,-0.0219560504,0.005012419766,0.0109543727
-3.836606564,-0.0005156313611,0.008040248629,-0.001065613255,-0.01224484497,0.004245547606,-0.04471435492,0.01936744233,0.01243785824
-3.744650703,0.0001164957695,0.006654726112,-0.007072250633,-0.01270364025,0.007026376639,0.008557120708,0.01038211609,0.001562737456
-3.841305768,-0.0006869452772,0.007285264704,-0.01154935042,-0.01608750559,-0.002007661045,-0.03829730184,0.002504214864,0.01298294497
-3.658244731,-0.0001236743166,0.008178633796,0.004120586454,-0.007827463889,0.002590675879,-0.02197217555,0.02952314621,0.01240373084
-3.922981752,0.0006080952754,0.008666746831,-0.003030277903,-0.01463111023,0.00375197339,-0.008023223321,-0.009698938181,0.004729016053
-3.554518419,0.006476239818,0.01773071915,-0.01455409003,-0.01910729159,0.006957113188,-0.03375588008,0.02708191497,0.01057442554
-4.166313593,0.01094498942,0.01180868002,0.006916402244,-0.004656778759,0.003420451154,-0.01035686094,0.005713198483,0.01207921301
0.9292899952,0.009624767886,0.02025502708,-0.003373359023,-0.008905111716,0.004105084887,-0.01960009076,0.00829003546,0.01024826052
2.839732289,0.007842896327,0.01906447431,-0.007320466065,-0.02082516215,0.003612382392,-0.03046220349,0.02183045416,0.01061739598
2.593116502,0.005364700133,0.01368147986,0.0006369337753,-0.01007177507,0.002728121984,-0.009328055163,3.445131115e-05,0.005406383178
1.321593677,0.007910881877,0.01430393519,-0.002625761762,-0.008875223958,0.005254899104,-0.02795797369,0.02017278221,0.01141523945
-4.347296548,0.003626493407,0.01119463693,-0.006382232497,-0.01734673403,0.0003376014148,-0.02150981184,0.003296234813,0.009118135547
-3.266217065,0.0004049449095,0.009182179658,-0.003854877254,-0.01198710199,0.003435669327,-0.01923126512,0.01229614868,0.00778393492
-4.52344093,0.001841178937,0.007560348056,-0.004781270223,-0.01434552337,0.001208183862,-0.02376954608,0.01269738743,0.008361482256
-0.6509452259,-0.001908576646,0.006966900333,-0.004829493434,-0.0183471662,0.0008755219846,-0.02279829016,0.006783459104,0.006287756768
2.837383971,-0.00286505649,0.007392848874,-0.0044679184,-0.0154018491,0.001240042759,-0.02084340716,0.00941035146,0.008665937849
2.642941455,-0.003845635402,0.007529823547,-0.008441426742,-0.01304431474,-0.001817131246,-0.0296915091,0.009554455052,0.00761459208
1.132990872,-0.002238322318,0.005890839044,-0.007734759975,-0.01686163963,0.003617819341,0.01341747453,0.009341129145,0.006581815977
-4.234839165,-0.001169391992,0.006562855862,-0.0005956858368,-0.01442424047,0.0007264567121,0.01671287174,0.01078628771,0.01065693587
-3.373935588,-0.001599615172,0.00596364302,-0.008691159243,-0.0141955891,-0.0008450552205,-0.01206601566,0.01046322876,0.008527728739
-4.046587792,-0.002227066105,0.004797934039,-0.007360787542,-0.01507046128,0.002308622465,-0.004772647442,0.01160350344,0.006545409859
-3.444317751,-0.002590465174,0.006099906454,-0.00299877634,-0.01378223519,0.001030798752,-0.01353434983,0.01129288819,0.007962895908
-4.315325405,-0.003829867064,0.005897693388,-0.00607817455,-0.01705289094,0.0006290787256,-0.005478207214,0.005899120685,0.007741411971
-1.412054278,-0.01084754632,-0.004440206124,-0.0127935274,-0.01724000071,-0.002156464249,-0.01170028335,0.01356525794,0.008374998528
2.98571674,-0.01219433545,-0.00408708303,-0.006891970331,-0.01355121552,-0.001106595732,-0.008908671482,0.009436578242,0.007866623272
2.235897917,-0.0129590507,-0.004386311688,-0.007937441212,-0.01982726078,0.0005372431581,-0.01287546319,0.007466012906,0.007782728555
2.621826592,-0.01202839851,-0.003897264642,-0.01114686229,-0.015837746,-0.000642287045,-0.01545744373,0.01034769336,0.007940824998
2.397172246,-0.008062199856,-0.002545905453,-0.005699297383,-0.0126617918,-0.0001326621354,-0.01096867516,0.01264520273,0.008373413901
2.580145039,-0.00769814845,-0.000900590859,-0.009119457414,-0.01712888267,0.0005322408312,-0.01443685846,0.009268364015,0.008412724089
2.54469691,-0.007750681522,0.004121832378,-0.006833106884,-0.01598733542,0.0004870887219,-0.01529094746,0.009306589975,0.007205430072
2.502959747,-0.00519296052,0.003802358763,-0.005487681775,-0.01295724499,0.0013816547,-0.01327263338,0.01287471773,0.009157850108
2.551354436,-0.002642882572,0.002669305701,-0.01551972026,-0.01588731514,0.001918825081,-0.01551697952,0.008403802369,0.007984351707
2.477723589,-0.00227329335,0.006029230544,0.0008898169958,-0.009569803062,0.002211398089,-0.01800187108,0.01320025936,0.008160437089
2.476707323,-0.001556872993,0.009708540843,-0.001028488807,-0.01416644612,0.0005642794417,-0.01502577763,0.009743388169,0.008975919867
2.492872437,-0.001062538081,0.004130566389,-0.01505404623,-0.02015102917,0.00453338455,-0.01620475955,0.01298142899,0.007962547261
2.560266014,-0.001134421206,0.007877058579,-0.001292875785,-0.006678592341,0.0008775111277,-0.0143881984,0.01498658068,0.01041607048
2.486387349,-0.0005568247667,0.01028092334,-0.001328491732,-0.01059301247,0.002739901174,-0.01791737747,-0.004408205545,0.007611277856
2.510026674,-0.003110952897,0.005818059357,-0.01327552153,-0.02086291124,0.00173811511,-0.01816257916,0.02845424896,0.008203561219
2.478093263,0.001878881881,0.003288242878,0.001703630799,-0.008680128031,-0.002137920149,-0.01441478363,-0.001171373582,0.01012558601
2.507757665,-0.0005084995968,0.01125747834,-0.00559076859,-0.009754722961,0.006701407678,-0.01599047681,0.0203744271,0.007714220276
2.548600299,0.001425530884,0.007697637911,-0.01170764227,-0.01974904568,0.002956632128,-0.02201506345,0.003177259233,0.009724957387
2.532716741,0.009561005564,0.01963410964,0.005661001375,-0.004852196942,0.003367793422,-0.01406800052,0.01412067032,0.009893901992
2.543751661,0.01002072102,0.01746058759,-0.00179912657,-0.01320795186,0.006677505952,-0.01600714351,0.02132705544,0.01017786788
2.525167456,0.008695512535,0.01688542461,-0.008698427296,-0.02154345434,0.003525290236,-0.02070330036,-0.006190253421,0.007719135246
2.549890176,0.007813200427,0.01567111795,0.00470851263,-0.006059065181,0.00335486074,-0.0158451249,0.02516343458,0.0105535022
2.505476815,0.004879792611,0.01177520305,-0.00683011655,-0.01091830778,0.0008685532517,-0.01824320883,0.0008962282585,0.01021687876
2.502727275,0.004263475413,0.0142465815,-0.009200662052,-0.02112237738,0.00687886134,-0.02047140271,0.01958346315,0.005855977764
2.499892395,0.004249190791,0.01265249155,0.004998669464,-0.01128603488,0.002077478012,-0.01923746761,0.00578739716,0.01097443379
2.534423046,-0.0007172636369,0.01149685132,-0.008943648761,-0.01373783211,-0.001392433526,-0.0165328215,0.01307851645,0.008365630518
2.536370897,0.0001042115916,0.004888323355,-0.0110396169,-0.01706237731,0.003152860555,-0.02260591972,0.01167670666,0.008050366603
2.525001445,-0.0009366077718,0.01055647682,-0.0003702112589,-0.01185814602,0.0003089977314,-0.01869482753,0.00334620193,0.008495552062
2.50285914,-0.003206842264,0.0053647302,-0.005728258596,-0.01573548672,-0.0002604616621,-0.02179707659,0.01385176073,0.008858973096
2.515142714,-0.001777244521,0.00392319221,-0.01222275644,-0.01763177446,0.0002712232441,-0.02158865799,0.007544636723,0.00800258593
2.531838764,0.000591013258,0.008607550093,0.0005384734425,-0.01193063596,0.002698451125,-0.01917394178,0.01296923938,0.007856472795
2.507357342,-0.002797306742,0.005396935479,-0.004176061284,-0.01652542354,0.0009655992438,-0.02021495598,0.006327375048,0.00879454556
2.561508888,-0.003231443575,0.008369000115,-0.009640986201,-0.01720295906,-0.0007201193699,-0.01955200081,0.009568727374,0.007612503742
2.500549877,-0.003755650533,0.004443458752,-0.002656099438,-0.01111044379,0.001569740224,-0.02045373113,0.01078539276,0.007409449414
2.536853386,-0.00175918075,0.003809863431,-0.00416848746,-0.01410175745,-0.0007459044792,-0.02082873356,0.007234922458,0.007730709282
2.516632941,-0.006721313368,0.003384988298,-0.01152943737,-0.019217584,-0.0004724708683,-0.02213393776,0.01151743057,0.007942372054
2.55588633,-0.01421179934,-0.006218612792,-0.002304077576,-0.01282073568,-0.002229364844,-0.02117169206,0.008039194673,0.006833903957
2.491225993,-0.01007601141,-0.004233006619,-0.01446003103,-0.01897558707,0.0004993853144,-0.02032448126,0.012557105,0.006579441697
2.517329184,-0.01153120657,-0.00483143075,-0.01393321265,-0.01656756016,0.0006541204371,-0.02677667152,0.005397028752,0.007016608823
2.42637413,-0.01137789109,0.002225295403,0.007125218558,-0.009015399387,-0.001309390523,-0.02034552031,0.01538870214,0.008654284639
2.589818053,-0.007436540568,-0.002931298313,-0.01408395282,-0.0206263141,0.0003236062371,-0.01992364333,0.005229661317,0.008141930525
2.391442374,-0.007397152533,-0.002282424445,-0.01537345177,-0.0175597237,0.002718729867,-0.02572074779,0.01091398295,0.009039392784
2.647277329,-0.003890100762,0.005395569119,0.002404804036,-0.005021906612,0.0005110193454,-0.01623244784,0.01026049916,0.008592674886
2.245271367,-0.005263365531,0.003673001971,-0.00892047911,-0.01770974667,0.0006969265698,-0.02236063178,0.009106638019,0.007693901636
3.00760071,-0.002353296392,0.00478749898,-0.01267802293,-0.01776695498,0.002435044004,-0.0234723657,0.01242750717,0.007713743754
0.02066531133,-0.001674506059,0.007997026494,0.001067117797,-0.006495406977,0.0008992979679,-0.01838621605,0.00888403587,0.008956710971
-4.339122208,-0.0009924956033,0.007227953103,-0.008325697386,-0.01609888155,0.00263558865,-0.02180584031,0.01100519413,0.008886716345
-3.534315964,-0.0004570529223,0.006676751977,-0.00631299646,-0.01463853137,0.002522639394,-0.02542285601,0.009332065316,0.01072919967
-4.010277863,0.0005628550563,0.007932001533,-0.001179377618,-0.007236525595,0.001113108987,-0.01474547524,0.01381503314,0.008078162341
-3.664034022,-0.0002484250818,0.006564928348,-0.00781100645,-0.01425164064,0.00360039307,-0.02433592387,0.009165939734,0.00895022296
-4.0055113,-0.0005394138983,0.007908879221,-0.007748263393,-0.02007157647,0.004203225152,-0.02427697627,0.007185407149,0.008425379278
-3.588419696,0.0005175340364,0.01135284232,0.0004786023578,-0.002290153055,6.526514471e-06,-0.01458607026,0.01429469833,0.009726381541
-4.183391746,-0.00185328719,0.00374655979,-0.009958690892,-0.01689130118,0.003372007385,-0.02212622063,0.01532414916,0.008250217017
-2.133658096,0.006272591398,0.01435082207,-0.004079435826,-0.01672044552,0.0051190651,-0.02560382981,0.006128687504,0.009383714534
2.95550833,0.01181304,0.02244121967,0.001623243543,-0.004138298693,0.003531662946,-0.01469608821,0.01241550814,0.01087503734
1.814883371,0.006788643272,0.01675444487,-0.006275094862,-0.01113806712,0.003854029093,-0.02153574417,0.01747136047,0.008992021146
-3.366011646,0.009741397588,0.01412176761,-0.002844800842,-0.01774996933,0.005933247348,-0.02257028158,0.005780588346,0.008871351306
-3.991692258,0.006792489312,0.01834150853,0.004157497512,-0.00805788322,0.002970839541,-0.02133210251,0.009089794245,0.009410252888
-3.713005322,0.00453483529,0.01494031319,-0.009272043308,-0.0134167068,0.0005064902401,-0.0196453527,0.01580680441,0.00793805751
-3.841104973,0.005976612981,0.01238212497,-0.005373864834,-0.0140219471,0.003847170594,-0.0208875387,0.01049284615,0.009451937756
-3.773542853,0.001847086182,0.01273818154,0.000362929323,-0.01202556071,0.002877019472,-0.0219495235,0.009405087617,0.009422125459
-3.86758945,-0.001586984592,0.009875776524,-0.009607601468,-0.01643345166,0.0007788354968,-0.02287995764,0.009500960046,0.007151992855
-3.780743244,-0.001357611189,0.007108799522,-0.007378418083,-0.01590829792,0.0008674169198,-0.02206563263,0.0107910276,0.007869486891
-3.775059396,-0.0008436172884,0.00596570904,-0.003585036874,-0.01339457825,0.0007797743346,-0.02009492773,0.007066216075,0.007622696839
-3.801011472,-0.004014717872,0.006207609546,-0.007058784815,-0.0165648755,0.0002931261739,-0.02531527548,0.01076838956,0.008534951096
-3.771277196,-0.003314832234,0.0049860689,-0.008548154574,-0.01504417466,0.001486133989,-0.01870190736,0.01049164095,0.008377808821
-3.763540888,-0.001507002683,0.008925334857,-0.001231600294,-0.01458585694,0.0008743596416,-0.02919437329,0.00955243803,0.009009064641
-3.786178657,-0.002695744172,0.005368932142,-0.01293892095,-0.01663897891,0.003865520116,-0.008705145571,0.01030665807,0.006538106967
-3.715554929,-0.002329134679,0.00536522438,-2.061501048e-05,-0.01141152881,-0.002929594519,-0.02742567303,0.007151919402,0.009921099516
-3.872657375,-0.003353722303,0.00797820917,-0.003658278255,-0.01708528243,0.000473048672,-0.03475715082,0.01724614198,0.009954958751
-3.709749453,-0.002619849824,0.004189017571,-0.01412527023,-0.01475062161,0.005384842248,0.001515933443,0.00057477309,0.0008387771578
-3.940049099,-0.01064437277,-0.001594810949,-0.002113717395,-0.0179064329,-0.00513371485,-0.03970336259,0.009323358259,0.0124406745
-3.611101253,-0.01216144208,-0.005654359667,-0.01002266079,-0.01312454262,-0.00102166066,-0.01877393939,0.01746956253,0.008705465788
-4.048622078,-0.01156185573,-0.003572604568,-0.01366846276,-0.02039312568,-8.99646461e-05,-0.01861697022,-0.003972891677,0.004604911233
1.251432948,-0.01219623808,0.0005672419308,-0.005896218844,-0.01275019023,-0.0007161858727,-0.03155529032,0.02298632946,0.009312759408
2.718894143,-0.007188632809,-0.006609000178,-0.008379596377,-0.01723973138,0.0002399435529,-0.01366513447,0.001614403841,0.007499388707
2.706683767,-0.008059880165,0.003123446003,-0.01146075256,-0.01677179971,0.0007707031199,-0.02872205356,0.009227962352,0.008529593404
0.774980889,-0.007934786446,0.001371293987,-0.002092353186,-0.01032666256,0.0006175613713,-0.02338435464,0.01642075249,0.00873595036
-4.455210635,-0.004678762873,0.0009267855012,-0.01042604907,-0.01753831624,0.001120248,-0.0162079982,0.0005091408219,0.006350840885
-3.173052628,-0.001028451544,0.007060264734,-0.006493442843,-0.01425253857,0.003017220031,-0.02955132208,0.01770614827,0.01204814964
-4.539437786,-0.002664254409,0.005387241036,-0.003984216933,-0.0117458672,-0.0005156577111,-0.01713921178,0.005488792034,0.008906902575
-0.02982981672,-0.001743960913,0.004241979071,-0.008373680558,-0.01462855687,0.003716270089,-0.02326956329,0.01049024557,0.009268573653
2.842038447,0.0003757911889,0.009986034172,-0.005351960151,-0.01641747633,0.0007833378097,-0.02466699023,0.01309386118,0.01050199852
2.669009197,-0.001786867959,0.006573629118,-0.00361131054,-0.008455728339,0.002385515927,-0.01866156298,0.004407514613,0.008282220484
1.141764293,-0.0004830466482,0.005787317721,-0.006060101545,-0.01604082314,0.003553562928,-0.02630587144,0.01633932156,0.01053806255
-4.206502233,0.001182638111,0.007237243212,-0.004985472665,-0.01218175509,0.0001101242381,-0.01886697422,0.007578939153,0.007731723712
-3.416285454,-0.001171452395,0.00903998866,-0.004752775168,-0.01198590576,0.004134051127,-0.01887538818,0.009851181417,0.008996998552
-4.111502763,-0.000197989136,0.005612529305,-0.005957079157,-0.01460648528,0.00213019048,-0.02718963633,0.01414359644,0.0110772779
-3.380270357,0.001334208056,0.00606040153,-0.006984582664,-0.01503995461,0.002066548084,-0.01516318461,0.005290709231,0.008433990919
-4.403872824,0.009382218041,0.01905645167,-0.0004881421788,-0.007185148757,0.005721275903,-0.02135916735,0.01543605294,0.01149127788
-0.6268964869,0.009210374321,0.01737761424,-0.005288372322,-0.01402609746,0.003427362544,-0.02094906864,0.01131294646,0.01044820423
3.077513519,0.008365048964,0.0157091397,-0.002712269814,-0.01370988275,0.004639952242,-0.01925074375,0.00741872657,0.009027651212
2.280183692,0.008472773484,0.01662122745,-0.001074875746,-0.01075934878,0.003089462683,-0.02178219508,0.01441670561,0.01104771704
2.676266581,0.004459695274,0.01426878126,-0.003994003409,-0.01237489504,0.002969783766,-0.02001585819,0.008646295369,0.007409098491
2.400597384,0.005273055921,0.01285736822,-0.00576335623,-0.01439392983,0.003893752527,-0.02094418839,0.01094324027,0.01009398657
2.654239408,0.004275984585,0.01421761269,0.001751182808,-0.01235464011,0.002568110079,-0.02314357133,0.01126761742,0.009272358752
2.478952122,-0.0009644778247,0.009959825711,-0.0169227082,-0.01854375454,0.001591120409,-0.017432745,0.009505699907,0.007038034441
2.511464947,0.0004847386746,0.006120106462,-4.942924813e-05,-0.009511286654,0.001498397127,-0.02766539219,0.01056771904,0.01022786902
2.558844402,-4.568502697e-05,0.01016760933,0.002625153158,-0.01383182163,-0.001383295956,-0.01929169706,0.009922834643,0.007699817871
2.564426695,-0.002188240013,0.004574391829,-0.01641725888,-0.02322596116,0.002599084895,-0.0252473316,0.005683851271,0.006870472753
2.550277823,-0.002937630707,0.003450510209,-0.008587595443,-0.01260634372,0.001150086028,-0.02260964907,0.01532933502,0.01000807773
2.567464979,-0.0009405654135,0.007846404792,0.003809717939,-0.005178037865,-0.0002009619898,-0.01933135921,0.006451058186,0.00686986403
2.519434825,-0.002381763959,0.005166661882,-0.01224337541,-0.02695959368,0.00132611968,-0.02616593215,0.00828442694,0.009023278815
2.503513656,-0.003464567797,0.006743682182,-0.005526145036,-0.01172506408,-0.0005292267122,-0.02194935678,0.01157430813,0.00832973328
2.530615821,-0.003030598648,0.005334751668,-0.001500669548,-0.007918866627,0.0009067901725,-0.01708266359,0.0120825474,0.008881408086
2.514981917,-0.001148602061,0.005171317134,-0.01157964137,-0.02278110956,0.003996343492,-0.02849108847,-0.00242479618,0.007321016731
2.497372742,-0.006078552247,0.003857591313,-0.00314177871,-0.01164039988,-0.001892623505,-0.02040000128,0.02101990366,0.009730051627
2.521486529,-0.01358125781,-0.00962840604,-0.00452496676,-0.01349844582,-0.003224868325,-0.02054693857,0.003897951935,0.008745610014
2.505909932,-0.01122964603,-0.00261268544,-0.01468494695,-0.02326089752,0.001447333325,-0.02648310886,0.01274603993,0.003955463375
2.54968132,-0.0120161965,-0.002473663262,-0.006462776842,-0.01488549742,-0.001064774663,-0.02175774971,0.003530852383,0.009038892391
2.50738206,-0.01060237678,-0.0004782288804,-0.006043313255,-0.009484547821,-0.003265828894,-0.02320140738,0.01432700945,0.008775723927
2.56216464,-0.008299289065,-0.003870430807,-0.01308555187,-0.02330788557,0.001980385016,-0.02330950556,0.01128527045,0.007693040563
2.511238046,-0.007300166886,0.001825434148,-0.00383957983,-0.01356285144,0.00225252884,-0.02243475883,0.0006045724694,0.008097840476
2.548502189,-0.007036977058,0.003329635468,-0.004951055478,-0.01094543663,-0.0008137819542,-0.02155288723,0.02028736166,0.01068350037
2.537073754,-0.004031259319,0.0008989675228,-0.01458816589,-0.01613548021,0.002262401328,-0.02187969165,0.005404761849,0.006849814077
2.506233265,-0.002385726462,0.00730845997,-0.0037370072,-0.01437228241,0.003993941269,-0.02238422609,0.01418594906,0.008231306943
2.53645177,-0.002405919242,0.007132105834,-0.0008626293927,-0.01390032522,0.0002997445787,-0.02401078706,0.00753342369,0.009698929779
2.508413934,-0.000547616424,0.005894603892,-0.0139068681,-0.01684040169,0.00118319366,-0.02149505194,0.01115332356,0.008599225744
2.559194629,0.000346361649,0.004960533524,-0.002854894151,-0.01112374507,0.003015449316,-0.02325512165,0.01254950578,0.009990296657
2.482636018,-0.0008676372204,0.0069445203,-0.003825715526,-0.01222155871,0.002878554861,-0.01966905261,0.006469900221,0.008928346647
2.521636412,-0.001867917325,0.005924455446,-0.008607449531,-0.01553473956,0.003677220724,-0.0245504032,0.01387615307,0.009399246158
2.573715524,-0.001282716833,0.007362697892,-0.004556933161,-0.01451395716,0.001708825571,-0.01895417249,0.007857408699,0.008825766998
2.537627493,-0.0003836983651,0.008492164271,-0.001271013774,-0.01057698862,0.003074385362,-0.01997615498,0.01413727555,0.008912950879
2.551368788,-0.002590538922,0.007048484878,-0.008739062571,-0.01754785418,0.002004603824,-0.02262630063,0.008145086767,0.00917495205
2.536889881,0.005372824491,0.01434443773,-0.0008769474778,-0.00773538316,0.004522755645,-0.02024653547,0.01166262097,0.008902040961
2.533608112,0.0113200643,0.01799589024,9.470955091e-05,-0.01357031936,0.004652246047,-0.01805241987,0.01407120549,0.009626087308
2.560248231,0.009017078777,0.01522303714,-0.01150250692,-0.01337926108,0.005053869155,-0.02233892408,0.0054972569,0.009337943099
2.594197188,0.009347675164,0.01760788827,0.007360016788,-0.006942739131,0.004255365232,-0.02241585227,0.0185878915,0.01122777259
2.512962476,0.004765232243,0.01482756663,-0.003447956229,-0.01380409466,0.001670256972,-0.01844348441,0.006762551045,0.008394658719
2.418100874,0.005422520227,0.01143663375,-0.01244434075,-0.01910280209,0.005636062693,-0.02450057894,0.01340818168,0.008324088756
2.617170934,0.004769649487,0.0137306143,0.003051451888,-0.008852614889,0.003299798709,-0.02001141871,0.008156945296,0.009650377574
2.407445452,0.00261356477,0.0128930243,-0.003224059719,-0.01120428114,0.001474838598,-0.01938964384,0.00988639172,0.008265834355
2.696422039,0.0008460836473,0.007551234912,-0.01350579593,-0.02304479528,0.001149034603,-0.02517390131,0.01266084504,0.008030561921
2.222799676,4.533221027e-05,0.008306451595,-0.000250546949,-0.008941259452,0.0008164467029,-0.0203579087,0.006578308296,0.00757673764
3.025048137,-0.0009413482256,0.00852421243,-0.004560459554,-0.01525349509,0.001198870056,-0.02149483515,0.01355788929,0.007887033685
-0.4577368331,-0.004821053061,0.003118063694,-0.01125232746,-0.01818227261,0.0007508837965,-0.02813703728,0.005757516955,0.008244197173
-4.369989448,-0.00253893668,0.004845959519,-0.004249073507,-0.01341882912,0.002374248774,-0.01907062674,0.01498593101,0.008821375505
-3.541706466,-0.0008859487188,0.006318682832,-0.002088000946,-0.01037830445,0.001326264111,-0.02358183008,0.0064007497,0.006556430722
-3.983512848,-0.002782868594,0.005550115321,-0.008919148814,-0.01854635473,0.002207355817,-0.02356924411,0.01370498265,0.007687385755
-3.609406777,-0.002404618653,0.004643995415,-0.003633902482,-0.01358968801,0.001726631042,-0.02186688976,0.005153400819,0.008804801004
-3.950547663,-0.003652501079,0.008765262484,-0.006375662032,-0.01034898827,-0.00253980185,-0.01840700874,0.01798434346,0.006822533573
-3.572963714,-0.003597598435,0.00410121213,-0.006300774076,-0.01948341661,0.005483761685,-0.02746181594,0.00734992055,0.007704599379
-4.159284779,-0.009538500692,-0.0006925634648,-0.005481042391,-0.02015617851,-0.002759928348,-0.02537504504,-0.005062230101,0.007647152025
-1.828836831,-0.01373061857,-0.004683054296,-0.008618208101,-0.005250582935,-0.008842973509,-0.01360618936,0.02446439773,0.009036155931
3.336086049,-0.01095441283,-0.007996760655,-0.01030661728,-0.02323651123,0.005877581311,-0.02742580116,0.009326506142,0.007080172077
0.7333632394,-0.01214281049,0.0004672353354,-0.006012692965,-0.02165067989,0.0008871066051,-0.02800004692,-0.002747328476,0.005497040307
-4.01266584,-0.009073963507,0.001275663661,-0.007045201851,-0.004750789493,-0.001630044874,-0.0194984101,0.01571554137,0.0101259023
-3.809370819,-0.009511955193,-0.002647936036,-0.01616698196,-0.01589906667,-0.001962606873,-0.02038453903,0.0202080714,0.006822700355
-3.860247656,-0.004393386564,-0.001976696611,-0.003263885938,-0.0218923302,0.005210606495,-0.02520104658,-0.003263900846,0.007908453937
-3.801215179,-0.005644285473,0.008160694609,-0.000924271894,-0.011106978,0.001371714247,-0.02432052484,0.01027365365,0.008815967328
-3.851917787,-0.003249346963,0.004267433472,-0.01891420947,-0.00860458612,-0.002022319641,-0.01822362579,0.01353211474,0.008846240754
-3.865542175,-0.002026243341,0.001331921793,-0.005120073763,-0.01790058317,0.003673014233,-0.02122474402,0.01190023215,0.009833561622
-3.699127586,-0.0001212085589,0.009055718017,0.002593195673,-0.01376262236,0.002400289273,-0.02547326754,0.006597043895,0.007674619357
-3.814178838,-0.001626755474,0.009490956509,-0.01074440084,-0.01361881883,0.001324391916,-0.02094996694,0.01158056032,0.009602145955
-3.788884165,-0.001038534808,0.00540654924,-0.009406909291,-0.01163375897,0.002112406217,-0.02221097049,0.01376040396,0.009604021369
-3.802253091,0.001697159136,0.00789358028,-0.006908665778,-0.01230170239,0.002791377859,-0.02024888672,0.004302992356,0.008880284839
-3.830426375,-0.0010352218,0.00748457007,0.005825964203,-0.01533292195,0.002470095254,-0.02633102845,0.01236706398,0.01004432119
-3.775512086,-0.001157883107,0.008755219847,-0.009427419921,-0.01081714177,0.001675680811,-0.01661526541,0.01172145944,0.008285900721
-3.783750764,0.0008308674387,0.005074570384,-0.01143128746,-0.01448786347,0.002954092886,-0.02751400979,0.01080065091,0.009570958218
-3.768729799,0.0005930570192,0.008210584615,-0.003048570698,-0.01497965933,0.0031839996,-0.01241226711,0.009846069603,0.008086432925
-3.782263043,0.007982505545,0.02060039963,0.001272937998,-0.007606648616,0.00273804936,-0.02289272438,0.01210217394,0.01109940671
-3.823900021,0.00859656521,0.01611647807,-0.002901989161,-0.01450898826,0.005819436561,-0.03070361583,0.01878709769,0.01139337415
-3.751803372,0.01090509381,0.01550444954,-0.004693918895,-0.01228294656,0.003020838509,-0.005787127166,0.0002229274528,0.005589058622
-3.589336803,0.01101203259,0.02093931831,-0.003130510511,-0.01256909766,0.001786778631,-0.03078759377,0.01459362432,0.01170466941
2.074967536,0.002844743177,0.01358551463,-0.003278121089,-0.008722096589,0.003510887407,-0.01884083337,0.01645790756,0.009495320127
2.438195522,0.007531442399,0.01014677697,-0.001108572712,-0.0158276456,0.003850149694,-0.01631895251,0.003672623257,0.006957972368
2.879338011,0.005739967133,0.01413197864,-0.006691470477,-0.01445495295,0.003607766988,-0.03117937071,0.01933672932,0.009655155379
-0.3333493304,0.000109049646,0.01007790844,-0.003658664292,-0.01347651276,0.00275455751,-0.01572563649,0.006276918293,0.007634108338
-4.596575067,-0.001008600179,0.008831094574,-0.004676199599,-0.01682161139,0.001488409098,-0.0229376203,0.009700938954,0.008169473239
-3.221101756,-0.0006218926299,0.004700284187,-0.004159564542,-0.01608626603,6.899824044e-05,-0.02647761148,0.01142880544,0.007970234043
-4.518826391,-0.002839563483,0.007744024998,-0.00971703024,-0.01585489847,-5.985309797e-06,-0.01783213246,0.003656570391,0.006074692852
0.8688187463,-0.002975776201,0.008709173706,-0.006958914362,-0.01296203785,0.0005331055275,-0.0259341813,0.01423000983,0.01009242957
2.63439779,-0.003711576426,0.003758546211,-0.001416599592,-0.01664153616,0.000978734074,-0.0189601546,0.0108654593,0.006145340322
2.836574279,-0.003262224942,0.004858893852,-0.005387462168,-0.01521704103,0.001066406796,-0.0226967969,0.009614630331,0.006417809022
-0.2824507173,-0.001635159128,0.009270120664,-0.01011131353,-0.0148534089,0.001454962712,-0.02481167489,0.01135759457,0.008509860786
-4.42448196,-0.00552211437,0.00432661837,-0.002534365508,-0.01400207083,0.001416658743,-0.02139755567,0.005594359999,0.006957736485
-3.35933335,-0.0008120535043,0.003831259115,-0.00214074127,-0.01743595808,0.00110343178,-0.02370047898,0.01387951986,0.008610475885
-4.084890381,-0.003956223225,0.002707732628,-0.01035384747,-0.01344092546,-0.002676154192,-0.02150611676,0.008802565434,0.009297343437
-3.43738082,-0.01422880622,-0.004233656477,-0.01153649067,-0.01703507315,-0.0003799554817,-0.02356119792,0.006334929284,0.00659406735
-4.317755171,-0.01126216459,-0.001554912908,-0.00689973716,-0.01883588614,0.0006165209029,-0.02892060336,0.01516661091,0.006669256022
0.6409116165,-0.01207679642,-0.004992117865,-0.008319262493,-0.01992210819,-0.001916071792,-0.01609522766,-0.0005226084722,0.005320652091
2.979871269,-0.01158742365,-0.001879846209,-0.009982386727,-0.01046976891,-0.001209320639,-0.02504261049,0.02105080988,0.009494710347
2.300519423,-0.006710139687,-0.002793480267,-0.01081332063,-0.0177991266,0.0001418846928,-0.02342477745,0.005300332117,0.008990047487
2.633490143,-0.007843831309,0.002320731106,-0.004649129139,-0.01827040763,0.002894155771,-0.0221727721,0.006547361546,0.005547758085
2.407237489,-0.006904748802,0.003401349566,-0.007982170485,-0.01354313009,0.001309738281,-0.0228662046,0.01561228841,0.01048516916
2.587277505,-0.005042026942,0.0009085975312,-0.007019178371,-0.01214401235,-0.001421053905,-0.021109312,0.008105054581,0.008402251286
2.493955273,-0.001750427765,0.004284960003,-0.003929085814,-0.01533123131,0.00261151859,-0.02530899887,0.01548579519,0.008458637517
2.617431257,-0.001136191446,0.00899490633,-0.006504124467,-0.01395078814,0.002816768861,-0.02269545255,0.001772160447,0.008141669632
2.559285784,-0.0006592826121,0.006655638108,-0.008966807432,-0.01232776657,0.002051990364,-0.01843859488,0.01631234217,0.007806999158
2.511626885,0.001476744512,0.003340842387,-0.002758267161,-0.011700857,0.001601004709,-0.02222972571,0.01003648459,0.01060668583
2.49127636,-0.0004484938772,0.01121092409,-0.005996045612,-0.01505358312,0.002445900443,-0.02146441893,0.009838484719,0.008879166106
2.562871023,-0.001696024712,0.009115153124,-0.00690336581,-0.01428774704,0.003560423304,-0.02252547911,0.00951652548,0.008476755817
2.527213533,3.936316077e-05,0.005212405504,-0.002554045615,-0.01042209169,-0.0001632662579,-0.0200046348,0.0132395148,0.009647687284
2.565355482,0.001962808744,0.006367047233,-0.004326731007,-0.0129156076,0.002946829518,-0.02150868312,0.01367341575,0.009967625573
2.564380208,-0.0004530961669,0.007141398917,-0.008071307813,-0.01556021864,0.002107324346,-0.02484222827,0.006070225595,0.008682025519
2.501569484,0.004781598822,0.01392047066,-0.003501553628,-0.01050599644,0.004174368666,-0.01901101104,0.01595370186,0.01017695462
2.494653914,0.0117721416,0.01837961199,-0.0004371986311,-0.01141545933,0.004798642123,-0.01816052415,0.008420525185,0.009152085688
2.596682082,0.009551567188,0.01708079539,-0.003325750338,-0.01343625593,0.004056172347,-0.02149664832,0.01134283915,0.009917965864
2.550810314,0.00879652548,0.01711310774,-0.002601016984,-0.009269859224,0.003474353581,-0.02012600485,0.0141679196,0.01129539064
2.558232683,0.007059855402,0.01583336898,-0.003161981056,-0.01184230947,0.002487943808,-0.01972100186,0.00878182813,0.008735924023
2.552751074,0.004895379798,0.0143018248,-0.002201080862,-0.01574877193,0.005397187549,-0.02210900016,0.01311586647,0.008195640318
2.559695948,0.006057121072,0.01184031886,-0.002179751931,-0.01387105146,0.00201953483,-0.01999952615,0.006312735165,0.009361441563
2.513789413,0.001894505325,0.009480995779,-0.004091063166,-0.0114255039,0.002744517451,-0.02266331596,0.01500652951,0.008258653188
2.517635399,0.0003820965386,0.008702337672,-0.00675402479,-0.01687132907,0.001274548685,-0.02026992076,0.007564702915,0.006871736696
2.511053126,-0.0009449338989,0.009760785352,-0.005404917008,-0.01592602685,0.0002631050721,-0.02388992953,0.007955180568,0.007193306591
2.47031993,-0.001220717823,0.006033235682,-0.006551108537,-0.01449538715,-0.0003881539704,-0.02300385269,0.01272345055,0.008787670527
2.513607616,-0.002564562262,0.00313242857,-0.005382761995,-0.01537899035,0.0004100518227,-0.02105781004,0.009011455553,0.008058098901
2.490750281,-0.003093397146,0.008410370845,-0.005717288527,-0.01758196496,0.001759039693,-0.02156122246,0.01044601106,0.007060104657
2.464187991,-0.002829748544,0.005501888386,-0.00484926838,-0.01396808629,0.0008315931157,-0.02301961712,0.007449042021,0.007500970294
2.573064135,-0.003356282346,0.003412958794,-0.007209125383,-0.01443425173,2.610316816e-05,-0.02088294179,0.01220757115,0.008527261848
2.529580745,-0.002192531886,0.005625078937,-0.004407500024,-0.01579532531,0.0006487747181,-0.02293104767,0.009531868247,0.007767044158
2.450305946,-0.004042550363,0.008179112877,-0.006203572776,-0.01486699575,0.0004857422648,-0.02098548387,0.007892257834,0.006831932236
2.533104576,-0.002084783128,0.006916743506,-0.004337766876,-0.0142828162,0.0001679573825,-0.02250402173,0.01108916082,0.008845444758
2.511843163,-0.009660618262,-0.0007980676695,-0.01524160893,-0.02057119701,-0.001113307246,-0.02269346089,0.01050848772,0.007958473831
2.50067808,-0.01275308326,-0.004152126902,-0.008165651725,-0.01375171433,-0.0001050091069,-0.02590562348,0.006649597117,0.006326622648
2.493088731,-0.01123923761,-0.00253573451,0.004030930487,-0.01440375843,-0.001324418406,-0.02230343593,0.01074747303,0.007217604255
2.545439089,-0.0105577042,-0.003461826858,-0.01824702364,-0.0195751192,7.246641679e-05,-0.02217538623,0.006164308443,0.006976033365
2.557105731,-0.008224370849,-0.003336477026,-0.01137564452,-0.01820535756,0.001835408359,-0.02460636543,0.01246877758,0.009383415432
2.587335517,-0.008557611769,0.001720688138,0.00244610848,-0.008140594381,-0.0008243949438,-0.0215884688,0.007649880519,0.008557120786
2.460141892,-0.007396252201,-0.00103736663,-0.01061271383,-0.01816665131,0.0002458205748,-0.0230941073,0.00980453504,0.007482944866
2.496244093,-0.005544666994,0.004166740575,-0.01244638893,-0.01796619849,6.774832252e-05,-0.02460175652,0.01077374272,0.008442463808
2.416934805,-0.0002187915893,0.004515052621,-0.003296974295,-0.009865741024,0.00315710706,-0.01840854796,0.01066929037,0.008811375424
2.669853038,-0.002324866208,0.006416755808,-0.004628938514,-0.01500036407,0.0007543724287,-0.02275440738,0.007149117123,0.007517329515
2.43239831,-0.002388954198,0.008334045638,-0.008299755726,-0.01314316348,0.001744581133,-0.02277806816,0.01003851598,0.009702696939
2.651330535,0.0004118233781,0.003572193495,-0.007797131891,-0.01560109476,0.003442319133,-0.0184204627,0.01218231577,0.0102326688
-2.567355667,-0.001100488582,0.00703131951,-0.00427058296,-0.01308069991,0.002729506986,-0.02467567519,0.008077273381,0.007749105014
-4.112133225,-0.001008117469,0.009565697877,-0.002979053878,-0.01242875226,0.003727554344,-0.02086512789,0.01170093112,0.009534770717
-3.577418273,-0.001664817503,0.007057071074,-0.008863034417,-0.01054916665,0.0005945479407,-0.02137721164,0.01028323658,0.0101952277
-3.990227475,0.0006494724069,0.00631396567,-0.008964819568,-0.01392237309,0.002580221087,-0.02073310957,0.01600076232,0.008839621373
-3.742759044,-4.996777159e-05,0.01082409295,-0.0004937733936,-0.01179090176,0.0041649379,-0.02269774002,0.004594235152,0.008316953633
-3.89823826,9.960527816e-05,0.009009387505,-0.008166927569,-0.01437584036,0.001261063778,-0.02042532946,0.0135324142,0.009703463029
-3.554407743,0.009803816624,0.01394373289,-0.003248398472,-0.01206100597,0.004870453226,-0.02227303296,0.009590823293,0.01092964047
-4.060178952,0.01056162409,0.02149771357,-5.358322739e-05,-0.007035052035,0.003022532746,-0.01627042325,0.02443867535,0.009584376798
0.243211321,0.006899187041,0.01668330756,-0.001927346549,-0.02031579588,0.01525803892,-0.0282954288,-0.004639357292,0.01005870441
3.500265639,0.006471645877,0.02066560221,-0.007123960487,-0.01198562698,-0.009220454101,-0.0228147703,0.007925551374,0.01143357564
-0.7760611858,0.008040524547,0.007250896491,0.000513137827,0.001137015866,0.00157541765,-0.006352147247,0.03391417596,0.01033939748
-4.224692568,0.005047416189,0.0137702391,-0.004898276936,-0.03026949462,0.01146403138,-0.02817813043,0.001740833681,0.006031105385
-3.629875043,0.003745967951,0.01789814324,-0.004020514541,-0.01468712011,0.00151211691,-0.03078105046,-0.004483160408,0.007666495074
-3.885108167,-0.000205151677,0.01100031708,-0.005353423562,0.001897998956,-0.003314244941,-0.009659311698,0.03071637265,0.01210185751
-3.708710667,-0.002948733017,0.002373349421,-0.009720850545,-0.02268220878,-0.000795030939,-0.02166932791,0.009123561193,0.005690119488
-3.921238159,0.004210456778,0.01025035607,0.002520204362,-0.02687455521,0.009748479947,-0.03032572273,-0.001939020431,0.008715710163
-3.693289543,-0.005095164689,0.01055723498,-0.005752634774,-0.002127117568,-0.004474354529,-0.02336587238,0.006768656426,0.007675982358
-3.85867919,-0.003396568721,0.001765791792,-0.01547388161,-0.01001521049,-0.004551027101,-0.01595713225,0.01886644079,0.01056538812
-3.793726755,-0.001028015437,-0.0003690994903,-0.003747225784,-0.02635207323,0.006610943234,-0.02397385443,0.009882622415,0.006592705956
-3.796644574,-0.00142128623,0.01563003226,0.004285640207,-0.01040812872,0.001343038266,-0.02726246738,0.001895035057,0.007413047843
-3.856225004,-0.007105446958,0.006839334407,-0.007195300301,-0.01374342474,-0.002852643668,-0.01850825332,0.0212451192,0.008189638875
-3.772218408,-0.001535904961,0.0004911267899,-0.01930456459,-0.01941236618,0.001192511756,-0.02160037698,0.003932697022,0.00793539021
-3.75588315,-0.001794519792,0.008085846752,0.002458937783,-0.0125752223,0.00573465834,-0.02270000151,0.008770722761,0.009305003883
-3.817103314,-0.004873827401,0.003654575341,0.0003738731699,-0.01238041982,-0.003048089128,-0.02380496676,0.007243524912,0.007712523048
-3.753988604,-0.0146055473,-0.007011598878,-0.02232808849,-0.02004322216,-0.00378830938,-0.02146123835,0.01257500537,0.009197042238
-3.843646499,-0.01116726879,-0.001729993157,-0.001523824865,-0.01516653006,0.003349030621,-0.02854737328,0.01447896767,0.007029317025
-3.704695997,-0.01176315824,-0.001051307776,-0.009619511641,-0.01916838229,-0.002201102551,-0.01107800132,-0.001842268393,0.00584740927
-4.095053775,-0.0113706437,-0.003936070263,-0.009729534607,-0.01596754904,-0.003365181535,-0.03381190587,0.02017654684,0.01183594506
-2.417239826,-0.008127549646,0.0003071572011,-0.009174651331,-0.009163656845,0.00315392276,-0.0209344702,0.007884198448,0.00804291005
2.954463141,-0.006717484625,-0.001138178183,-0.007820045704,-0.01484270435,0.001015552094,-0.0141814562,-0.003136969786,0.003067571128
2.214658823,-0.006657524597,0.001708868338,-0.007845230468,-0.02334603516,-0.002847343414,-0.03582736262,0.0214017106,0.01293875913
3.027898069,-0.004350693995,0.005973730043,-0.00428087801,-0.003214308399,0.002656907352,-0.0118459944,0.006850924932,0.009081160881
-2.193558059,-0.002715793833,0.00589653301,-0.008124805258,-0.01503003878,0.004730671338,-0.02409055408,0.01072820322,0.007882266554
-4.156425299,-0.002518862181,0.00239134452,-0.008200396034,-0.01830647598,-0.0003447493241,-0.02858334911,0.009145280926,0.008678665449
-3.61388599,-0.001010732721,0.008261034221,-0.002600484496,-0.01294132806,0.001348835426,-0.01148258803,0.01078737786,0.009840850678
-3.609901703,0.0003160342431,0.00734153103,-0.006278807804,-0.009072886726,0.003315512104,-0.02591922889,0.011875552,0.009973396417
2.186617319,0.0002488074479,0.003799011141,-0.006083967627,-0.01602557094,0.002585232626,-0.02234049587,0.007650991544,0.006970642574
2.44108665,-0.0007218676833,0.008766228238,-0.004746856249,-0.01259232842,0.002110382957,-0.0211333982,0.01240847765,0.01090978858
2.839368395,-0.001439113018,0.0106329735,-0.006397975795,-0.01172538036,0.0030410147,-0.022308547,0.01463070027,0.01013019313
-2.219041498,-0.001696601295,0.003331682907,-0.005652250738,-0.01765826993,0.003739084291,-0.01762121539,0.01082141334,0.008054711718
-4.182889378,0.0009034153224,0.006744568138,-0.005373696839,-0.009119601071,0.0009384280789,-0.02467083355,0.007010021632,0.008761760395
-3.479259192,0.003501649194,0.01618191117,-0.007031413444,-0.01145735975,0.002391343992,-0.02129892012,0.01462836065,0.009792867681
-3.993633145,0.008315318377,0.01469456759,-0.002473878545,-0.01312842602,0.0063718571,-0.01869974733,0.006726591928,0.01092355796
-3.672796964,0.01098326963,0.01638694943,-0.0004254031835,-0.01168353722,0.004491076842,-0.02300155415,0.0182498347,0.009755884372
-3.744632049,0.008952774613,0.01548224697,-0.003902023351,-0.009761260526,-0.0001139788269,-0.01803341263,0.007892079302,0.01091799352
1.702036721,0.006607546787,0.01835754356,-0.006913014688,-0.01288659094,0.004947574981,-0.02051702222,0.008741902341,0.008663539059
2.752461297,0.004960418487,0.01010554676,0.001483605968,-0.01425787869,0.004628869257,-0.02769519623,0.02196313408,0.009276981689
2.430296564,0.006230048697,0.02006116994,-0.004041339227,-0.0138952794,0.001103125181,-0.01263112238,-0.006360462612,0.007007379496
2.603063683,0.001208354899,0.03616468669,-0.008406707394,-0.008736149272,0.002600976543,-0.02817118191,0.02777359451,0.009679967239
2.463579758,0.001716756129,0.01022643261,-0.003422995267,-0.01561312682,-0.0007843839978,-0.02004904665,-0.001576735291,0.008409030017
2.588262412,-0.0007439537941,0.02053597792,-0.002335142112,-0.01482085866,0.003268840898,-0.01974676162,0.01219933886,0.00564315822
2.477784215,-0.001707097256,0.008583314227,-0.01012352062,-0.02097257312,0.0006239067815,-0.02623113988,0.0149931282,0.01078749537
2.522467147,-0.005211157925,0.01265462633,-0.002518805442,-0.006401588548,-0.000805005663,-0.01968134859,0.005566251446,0.006595410466
2.538357957,-0.001985219139,0.01119800798,-0.00702055773,-0.01927672993,0.0008452005888,-0.02316878387,0.01477023331,0.009260589833
2.518439843,-0.003476668999,0.01363621314,-0.009138917973,-0.0179903076,-0.00116473607,-0.02401717631,0.001628074851,0.006921019834
2.480110604,-0.002708650965,0.01024997509,-0.002688208224,-0.009974481455,0.002221834993,-0.01746498307,0.02034429071,0.007218249397
2.546645933,-0.001222482416,0.006200181742,-0.009254691086,-0.01445513714,0.0008476931667,-0.02563482386,-0.0007214834424,0.009566361735
2.574969888,-0.0009704303662,0.009930435471,-0.009191364446,-0.01943887191,0.0001796413267,-0.02466921074,0.01603986368,0.008026534497
2.554473454,-0.002283301948,0.01095720881,6.986775223e-06,-0.01064866427,0.0002692017526,-0.01965961557,0.007633952491,0.009634739204
2.516927012,-0.008418615534,0.00349183005,-0.01283071326,-0.01791889821,-0.001598995537,-0.02125118612,0.01229071833,0.00591609299
2.558313085,-0.01248068054,-0.006522549135,-0.009390403064,-0.02089590953,-9.94933837e-05,-0.02681079236,0.007247378432,0.007991591361
2.512218036,-0.01015070588,0.002864669846,-0.004981963613,-0.0114603822,-0.0004231990355,-0.02145371124,0.00597159285,0.006113690228
2.51162053,-0.01280694283,-0.001420873548,-0.01332047852,-0.01748370748,-0.00143482399,-0.0242505456,0.01615201356,0.007841208962
2.618902619,-0.009517759781,-0.001220172777,-0.007294628185,-0.01727049609,-1.500878487e-05,-0.02332225028,0.002804805273,0.008360063854
2.533402714,-0.006932436288,0.0051438477,-0.003053956072,-0.01300185426,-0.0003136694002,-0.02276131181,0.01333322779,0.009038305374
2.502984669,-0.009746648099,0.001155447393,-0.01149741283,-0.01489317132,-0.000236996092,-0.02260540799,0.008827695658,0.008305275885
2.541944756,-0.004229595053,0.003980855566,-0.007343379712,-0.01222602555,0.001403069327,-0.01986706001,0.01064490392,0.00800166395
2.571953114,-0.002391191551,0.008148465279,-0.001438366835,-0.01213352424,0.003433351942,-0.02217323883,0.009728723145,0.00997680391
2.527476275,-0.001857963173,0.005868141178,-0.01213368619,-0.01745406502,0.0004407004351,-0.02359952551,0.008848714487,0.008157776596
2.500282626,-0.000627474637,0.006425618084,-0.005435232624,-0.01167191045,0.002320625731,-0.02303929597,0.01181883582,0.009028105062
2.517238903,0.001431964013,0.0102185808,-0.002269236211,-0.01091932157,0.002320605622,-0.01894391491,0.008566902051,0.009351761624
2.517888658,-0.001489407297,0.008068660092,-0.008203996249,-0.01621524276,0.002060877853,-0.02278416323,0.01139791972,0.009536585711
2.549769486,-0.002342017498,0.007447238396,-0.005865517748,-0.01348201228,0.003110691422,-0.02152607783,0.01222217059,0.009801719297
2.504990376,0.0002345612374,0.00911243595,-0.003047324907,-0.008405834715,0.002167584239,-0.02000813117,0.008074846535,0.008268927374
2.548817751,-0.0004597027216,0.008800524429,-0.007791558347,-0.01521424986,0.003105033985,-0.02039694431,0.0134412842,0.009232591593
2.486905984,-0.0002544279509,0.008289257532,-0.002346776544,-0.01464056194,0.002870857787,-0.0224962485,0.00924990811,0.01075290977
2.49954829,-0.0006688564728,0.00885124828,-0.006229983425,-0.01374102316,0.002617427345,-0.02118174617,0.01238946038,0.008963157469
2.516700095,0.007894870573,0.01806892232,-0.009979570845,-0.01005712423,0.005389204991,-0.02192342752,0.01016236064,0.009630169243
2.540702269,0.01032746562,0.01904709622,0.006565685298,-0.01071636044,0.003598493605,-0.01817256231,0.01391440685,0.009593746302
2.524422342,0.008469143874,0.01722167739,-0.0021416524,-0.01376142049,0.003714428173,-0.0179563999,0.009633936209,0.009237015846
2.546230117,0.009307481042,0.01635314272,-0.01209996341,-0.01494056771,0.00614117121,-0.02404937289,0.01228868047,0.01013350457
2.565606998,0.007003051424,0.01484367814,0.002537290082,-0.008839846898,0.001413604036,-0.02043082254,0.01028097637,0.00947642036
2.566576564,0.004821991077,0.01558147564,-0.001140742511,-0.01368195081,0.003099171739,-0.02075336087,0.00952554769,0.007795434237
2.480968821,0.0032472448,0.01199033732,-0.011543437,-0.0198689648,0.003703172499,-0.02346608617,0.01246640659,0.009833103721
2.484305015,0.0009924882894,0.009513062052,-0.001278206916,-0.008879162292,0.00287294539,-0.02043355438,0.01029263236,0.008405233414
2.575549748,0.0003737228303,0.009501154646,-0.005101524914,-0.01550972216,0.001050313294,-0.02143223554,0.009034215333,0.008190868875
2.418719443,-0.0003940205065,0.009042055242,-0.009557824003,-0.01756673566,0.001879466334,-0.02300822568,0.008579395696,0.006942821459
2.638967705,-0.001845109793,0.006339935581,-0.002836133704,-0.01175973356,0.001816575092,-0.01835886623,0.01168941388,0.007941048995
2.346196208,-0.001872129072,0.005165670797,-0.006383982804,-0.01581267045,0.0006508686399,-0.02268978252,0.009405473471,0.008181856679
2.779401415,-0.001541672691,0.007767107699,-0.008322357526,-0.01974283024,0.001095687594,-0.02371439973,0.009273805928,0.008053459154
-2.211567686,-0.001975813143,0.0078929285,-0.002466330406,-0.009865306765,0.0005441282225,-0.01885351189,0.009801861736,0.007263753839
-4.191263319,-0.002452902006,0.005425636144,-0.005626941563,-0.01529400816,0.001022920784,-0.02124589518,0.01383111293,0.008054825318
-3.60731599,-0.002506828785,0.004817169709,-0.00798760957,-0.01855519399,5.17301879e-05,-0.02415143733,0.006117169159,0.008939407122
-3.960142214,-0.003711522803,0.009984478627,-0.004968151372,-0.01301714635,0.0007387826676,-0.0206960265,0.008986649651,0.008295308266
-3.661200414,-0.004761820364,0.004795137938,-0.005649746373,-0.01417377809,0.001436438557,-0.02156179761,0.009918614114,0.007199009208
-3.97250933,-0.01187949023,-0.005979153932,-0.01092596023,-0.02001097667,-0.001460596564,-0.02481200192,0.01085839214,0.006475990575
-3.698669092,-0.01277051895,-0.00316544013,-0.006221944244,-0.01549910721,-0.0002663492232,-0.02431964423,0.006302961009,0.008180085042
-4.193589586,-0.01140955111,0.0001464909531,-0.01059312206,-0.01335521094,-0.00103916863,-0.02281049954,0.01321195928,0.007402587397
0.00101107413,-0.01001438609,-0.006110591768,-0.009452215309,-0.01914239043,0.002441991584,-0.02398392677,0.00351415611,0.007428210073
3.492785069,-0.007137455883,0.002904103222,-0.003037979374,-0.01195485305,-0.004014011876,-0.01964014476,0.02187693502,0.009098676936
-0.6968334935,-0.008729283255,-0.001482256415,-0.009435002386,-0.01831604548,0.01213941368,-0.02138422855,-0.0007593562631,0.008190843702
-4.201442035,-0.006688025846,0.005008675027,-0.0086377598,-0.01386410351,-0.009633847325,-0.03476474245,-0.005550058088,0.00905431697
-3.625738071,-0.003249039145,0.0004936233682,-0.007122399329,-0.003682280923,-0.002366800118,-0.00865664035,0.04078771303,0.009377391141
-3.963316136,-0.002562416184,0.002117886199,-0.003271580519,-0.02575832079,0.008520639873,-0.01676698119,-0.001898082048,0.005264510261
-3.716960181,-0.002718751271,0.01063371692,-0.006926273539,-0.01586962571,0.003934596566,-0.0410470678,0.002105871388,0.009781469913
-3.811731519,0.001754491113,0.005706205649,-0.004536367213,0.0004547152487,0.0006600887325,-0.0133770387,0.01867893929,0.01178062812
-3.726883261,-0.004281244844,0.008895871334,-0.01499064784,-0.01841032254,-0.002770498967,-0.01252374379,0.01182239267,0.005624224912
-3.797292284,0.002969546077,0.006437035742,0.002907331268,-0.0191450301,0.009766106538,-0.03429901541,0.009848823949,0.01174985661
-3.77020912,-0.002100747925,0.007260397602,0.002719227173,-0.01030857041,-0.001559796832,-0.01925087588,-0.0007719380177,0.007370864202
-3.853434898,0.000927201845,0.01069035425,-0.01699614863,-0.001229951001,-0.001106514718,-0.02045005524,0.02319433786,0.01102931522
-3.757172943,-0.002425209727,0.003537526651,-0.0085257501,-0.02310893109,0.00740649012,-0.02018893911,0.0150350096,0.008699500746
-3.735243669,0.0003848031751,0.006497829417,0.001777221379,-0.01773191302,0.004967138896,-0.02125886987,0.0007922504577,0.006935779966
-3.78252162,0.002287670993,0.01577147081,-0.0002707294864,-0.003803534755,0.002257013495,-0.02366733019,0.02227260807,0.01255521379
-3.78664105,0.009539070693,0.01716951726,-0.01221709289,-0.01454608815,0.0001941405388,-0.01770088181,0.007072488832,0.008072139332
-3.747312711,0.01090226231,0.01928617846,-0.006563872416,-0.01531526131,0.006461028541,-0.01872284447,0.007221855914,0.009389974643
-3.874312056,0.009545478722,0.01919306072,0.009550853254,-0.007673384064,0.004788135548,-0.02438665821,0.0181929633,0.01053701794
-3.698265288,0.006126700031,0.01586475541,-0.007858044129,-0.01101640858,-0.0005690206994,-0.01682924092,0.005397257075,0.008931451049
-4.023083307,0.004405117518,0.009062711955,-0.008814874422,-0.01763066418,0.007295780634,-0.02777048977,0.01855893638,0.009063569898
-2.765795144,0.006140948241,0.0158890617,-0.002303791283,-0.0109447777,0.001868191258,-0.01201928337,0.003292314181,0.006676657804
2.77582939,0.001934229203,0.01381310407,0.002194171059,-0.01096971071,0.001886287794,-0.02470467183,0.0170457108,0.01009693287
2.202124933,-0.0009441091936,0.005435412442,-0.007562718452,-0.01968890745,0.00204770983,-0.02860541257,0.007454832809,0.00883114409
3.035757748,2.922891998e-05,0.008046934716,-0.007744829044,-0.008478864762,0.0005917008422,-0.01429938233,0.003836725657,0.004701819035
-1.491649699,-0.0003377645753,0.008869097438,-0.005981061692,-0.01767605891,-0.00026040901,-0.02911115524,0.01917906654,0.01183611275
-4.35694284,-0.004179659231,0.009693086701,-0.00929210658,-0.01622846429,0.0002004932252,-0.01935798361,0.003423646824,0.007165940346
-3.398221515,-0.002329248003,0.002730733714,0.000266362115,-0.01169147957,0.002866429466,-0.01957273569,0.01404210929,0.009235031061
-4.045837609,-0.002427372661,0.004664523789,-0.01094864216,-0.01504254649,-0.001795933038,-0.02531957091,0.006854959587,0.007268884092
1.889354209,-0.00170276663,0.006858850065,-0.006756475889,-0.01983710726,0.002890921129,-0.02075419796,0.0131471583,0.00815318412
2.460710631,-0.003617552865,0.005625793923,0.0007439744629,-0.01385847233,0.002274132846,-0.02345750619,0.007531995613,0.008899330884
2.989751035,-0.002651531324,0.004099052302,-0.005750268121,-0.01227230781,-0.0002996610368,-0.02385649231,0.01049092211,0.007805291518
-0.9842446315,-0.001416630704,0.004135577819,-0.01312464027,-0.01852717158,0.0006902377321,-0.02071394428,0.01017085158,0.008819316854
-4.378754561,-0.007389939945,0.004171866735,-0.006156705701,-0.01118294212,0.0003026901743,-0.02305942164,0.007960804663,0.008972518072
-3.397926931,-0.01519341839,-0.004420938157,-0.008029560521,-0.01860895741,0.0008400574381,-0.01943604632,0.01282116949,0.00706054156
-4.029851891,-0.01166591714,-0.005376095608,-0.01068967503,-0.01648950926,-0.001789077341,-0.02397178535,0.004087418087,0.007673393321
-3.527518299,-0.01075430583,-0.00219354983,-0.009812300657,-0.01504775002,-0.000635916347,-0.02449960129,0.01420719104,0.01018305557
-3.997527663,-0.009252165038,-0.002411097674,-0.005985750715,-0.01637548621,0.0005852832435,-0.02149386929,0.002643057208,0.005738856846
1.224503763,-0.006746891622,-0.001968730381,-0.007970585356,-0.02080470131,0.004218704543,-0.0244208224,0.01545581054,0.007723568749
2.851809319,-0.008193706251,0.0003907562814,-0.009727554898,-0.008772059138,-0.004249724772,-0.02016754605,0.009466019411,0.009881184474
2.372885909,-0.004226022103,0.003110513782,-0.008337260792,-0.01250404366,0.001781467569,-0.02007611977,0.0008735836885,0.00940256264
2.618683035,-0.004453997246,0.008593805505,-0.001726620741,-0.0185289395,0.005186186662,-0.03058896452,0.02926154411,0.008067306087
2.434302708,-0.001736981801,-0.0004325642019,-0.01023190816,-0.01850933817,0.0006026751686,-0.008570743962,-0.01303072751,0.007341603269
2.560914876,-0.001577185833,0.007096739787,-0.007166791618,-0.003575483512,0.00329917113,-0.0258201334,0.03145751885,0.01032518635
2.546917057,0.00149138376,0.004321574988,-0.008136568478,-0.015742082,-0.001845366101,-0.02365471352,-0.0008346992184,0.01105373727
2.571501743,-0.0001555818101,0.01178323837,-0.005274531532,-0.01597034259,0.004485649706,-0.01789738904,0.009260228364,0.00608474412
2.549007756,-0.001462330975,0.008771082884,-0.003052469056,-0.01569776224,0.002373759991,-0.02375143461,0.02255378831,0.01138661028
2.537901781,0.001034159997,0.00368397885,-0.006956279858,-0.008984422678,-9.726543833e-05,-0.02040152313,-0.001399201038,0.008637646881
2.523318087,0.001147332891,0.005607614134,-0.004623415779,-0.01540622605,0.003428968169,-0.02507980556,0.02226723117,0.01184634133
2.532963399,-0.0006289180645,0.01129019583,-0.004105298457,-0.01337858406,0.00102358905,-0.022360211,-0.0007740567347,0.008849794442
2.56159986,-0.001556851854,0.007686763945,-0.007828194786,-0.01251093025,0.006171067413,-0.01623715177,0.02342170741,0.005311777183
2.530935416,0.008447101751,0.01023066962,-0.001454524962,-0.01223056197,0.003244657129,-0.02380834206,0.001880967529,0.0130552172
2.576743165,0.01138681569,0.02260055175,-0.004802616627,-0.01031981043,0.00173282892,-0.02010340041,0.01602519846,0.009232300491
2.556387261,0.006800878827,0.01454924588,-0.002818721272,-0.01221228102,0.005340289307,-0.02018548361,0.01077075495,0.01093264767
2.531672042,0.00816375951,0.01893839251,-0.001742669794,-0.01019248829,0.002398434257,-0.01795304743,0.01076109172,0.007272744471
2.506998233,0.006920115181,0.01130982471,-0.003865776433,-0.01606996386,0.004764402638,-0.02237804756,0.0138659016,0.009125447126
2.533267035,0.005325602604,0.01368121929,-0.002459383695,-0.01215579982,0.001544953522,-0.02376343786,0.00227898048,0.008954494692
2.523149963,0.003982417866,0.01504408252,-0.002537670634,-0.01308855505,0.003938633352,-0.01891736617,0.0188961079,0.008818702396
2.570889907,0.0006732424474,0.009292309748,-0.002561130775,-0.01592983598,0.002408179634,-0.01942514336,0.005767911637,0.006832317952
2.550820907,0.0004792876306,0.008200987332,-0.005633927502,-0.0168550272,-0.0005985278978,-0.02283970721,0.01323336737,0.007717421322
2.486053891,-2.256725963e-06,0.008149044226,-0.0052779506,-0.01095645917,0.001897943802,-0.02410213105,0.007964446338,0.008150448245
2.509210032,-0.002118467884,0.007659465622,-0.008974511082,-0.01624460131,-0.0002940186749,-0.02131047898,0.008267126987,0.006118081043
2.553274256,-0.003581570435,0.004597470032,-0.002793065146,-0.01421405545,3.299988118e-06,-0.02315391632,0.01071529866,0.008211186435
2.511223383,-0.001399916776,0.005021417111,-0.007242116642,-0.01697007484,0.001194608711,-0.01999800166,0.008352639261,0.007778512177
2.57605943,-0.001209658176,0.005254904731,-0.007948330019,-0.01313135957,0.001553466541,-0.02453621826,0.01066237622,0.008151175124
2.477211057,-0.0025223403,0.007660112441,-0.006437285935,-0.01541826984,0.001305404126,-0.02158900109,0.01060932658,0.007778071052
2.461337982,-0.003163930331,0.006416184176,-0.005260482888,-0.01218687131,0.001677209787,-0.02124777924,0.006858667253,0.007242108946
2.520995939,-0.002276954415,0.004052035092,-0.004937955527,-0.01801388087,0.002248074366,-0.0233486833,0.01495269582,0.007929281006
2.516624529,-0.001263402106,0.005294579474,-0.01659622487,-0.01779553383,0.001975178544,-0.0227654793,0.003862653323,0.007053594982
2.533220052,-0.01001565237,-0.002657985314,0.001073204669,-0.01076282002,-0.00108136204,-0.02476734628,0.0124710527,0.007575183001
2.556825214,-0.01302987162,-0.004282615132,-0.004098955104,-0.01954372034,-0.00361987592,-0.02057631668,0.009075702861,0.006907944027
2.525124189,-0.0109551382,-0.005673217383,-0.02098703964,-0.02131329183,0.001217379124,-0.0237592529,0.006687881269,0.006737669081
2.528931855,-0.01143777787,-0.004130888527,-0.005777705625,-0.01290198837,0.0009607231852,-0.02357134238,0.01382808119,0.007719877118
2.594036606,-0.007819633648,0.001004015488,-0.00190510076,-0.009849539847,-0.0007466543657,-0.02058129657,0.003734040299,0.006894903666
2.469518011,-0.009521183161,-0.001636922215,-0.0158916232,-0.02399122478,0.0009238863997,-0.02425283056,0.01385558197,0.008976484744
2.470722197,-0.005582491726,0.001450307251,-0.005925890577,-0.01207352706,0.00034846966,-0.02523859395,0.008687940276,0.009331193483
2.529618712,-0.001274590012,0.005211004878,-0.005443036599,-0.01245318878,0.002931941043,-0.01926553994,0.01249163202,0.008328636682
2.460162755,-0.003597182776,0.006396743389,-0.008714343502,-0.01594945017,0.0007216630289,-0.0275979652,0.005899228892,0.00896877019
2.523721502,-0.003437109626,0.0053996308,-0.004566196354,-0.01239934569,0.002166253596,-0.0189174582,0.01504727734,0.008947990246
2.447094978,-6.559262177e-05,0.003342397319,-0.006344122857,-0.0128445976,0.001638442776,-0.02013259258,0.01008655952,0.008398443777
2.635244485,0.0008754451329,0.009371333008,-0.006142514709,-0.01709683231,0.002749184394,-0.02492086366,0.01033073593,0.008073493503
2.331823799,-0.002411584509,0.008518417206,-0.00525879296,-0.01214150063,0.001581867492,-0.0189793083,0.008139173839,0.00928137244
2.801760116,0.0002692056432,0.006218517572,-0.008656804946,-0.01089416502,0.0002239004542,-0.02000726109,0.01202851489,0.008715806839
-2.238967054,0.0004648215803,0.005655112677,-0.003939956305,-0.01403965037,0.002871570117,-0.02461898022,0.0141160697,0.009837183746
-4.229036552,0.0005445378604,0.01093259686,-0.003647455089,-0.01384404677,0.002821428795,-0.02162394232,0.003431875609,0.008518696674
-3.598632151,-0.0011416866,0.008384205525,-0.007585198355,-0.01137681602,0.002900443261,-0.023121919,0.01542257446,0.0100935752
-3.966496392,0.003508187566,0.006696482079,-0.004891050334,-0.01116856126,0.004671901315,-0.0214062446,0.01039548567,0.008304301382
-3.681010262,0.01149493904,0.01729543949,0.0001427057223,-0.01188022268,0.006116057106,-0.02018897584,0.01059938804,0.0110014737
-3.928646948,0.008393499295,0.01989055048,-0.002937763783,-0.01309091561,0.004055734549,-0.02209588701,0.009680508536,0.01015998019
-3.607407665,0.00835953537,0.01599850315,-0.005867909098,-0.0115628229,0.003893631671,-0.0191434985,0.01306377612,0.009164799051
-4.178423489,0.009321558651,0.01558178659,-0.0005453066954,-0.01168602809,0.003578967638,-0.02036821792,0.01266780865,0.009159643732
-0.06682936639,0.004149716793,0.01469280073,-0.001723293587,-0.01618410763,0.002811708128,-0.02044196681,0.0077555579,0.009860866059
3.508246741,0.004835795641,0.0147493105,-0.004977351264,-0.01182904833,0.002853861325,-0.02069473998,0.01537164461,0.009955947727
-0.4815644423,0.003176471611,0.008909545138,-0.00666895928,-0.01392299785,0.003101493341,-0.02093668448,0.00521791808,0.008698894646
-4.221535617,0.0006159986803,0.01019851427,-0.002089606999,-0.0133607341,-0.001196190271,-0.02440076286,0.02223897907,0.007472970488
-3.654423828,-0.0004634725319,0.006499083969,-0.01015716664,-0.02125462802,0.01096826879,-0.01147847175,-0.001246034876,0.007617094791
-3.984032704,-0.002617518624,0.01146377255,0.0005166083112,-0.008497012797,-0.01079018965,-0.04056010531,-0.003868884083,0.01100969009
-3.742522675,-0.002024765353,0.003856264785,-0.01613107181,-0.01410958499,-0.000661445807,-0.01212597398,0.04052540544,0.007252850679
-3.832601811,-0.001095216682,0.002342204475,-0.005753784281,-0.0226665393,0.006796784522,-0.01042285232,-0.01240848927,0.003350421736
-3.814215724,-0.002011673693,0.0128113382,0.006788184618,-0.01373842656,0.0009400051656,-0.04667205567,0.01626112324,0.01279602126
-3.792545428,-0.002004286277,0.003404452913,-0.01046901567,-0.003847802427,-0.002066878757,-0.009535452604,0.01148839786,0.008281604363
-3.792393423,-0.00427581741,0.003451505778,-0.01658123347,-0.0249727384,0.0007644691356,-0.01562322941,0.009568175075,0.005402750739
-3.814718747,-0.0004929786773,0.00815617912,0.003987840361,-0.01806540918,0.00745892398,-0.03517277467,0.01190921095,0.009866295947
-3.7765017,-0.003501773264,0.005190354145,-0.0008737010319,-0.007061125163,-0.00417614844,-0.0142236657,-0.005938630582,0.006489564393
-3.819397632,-0.00551460368,0.001644071125,-0.02262513938,-0.01459689602,-0.003310905448,-0.02451983308,0.02693793692,0.01102949794
-3.758502195,-0.01531359768,-0.006531031888,-0.003300821604,-0.02165138827,0.0008988567365,-0.02487069679,0.006259265469,0.006456092935
-3.800582082,-0.0104668463,0.00104571175,-0.004186364253,-0.01566279506,0.003991073087,-0.0172674318,0.003806290292,0.004793326774
-3.751754029,-0.01258945804,-0.003697580674,-0.01420852738,-0.01549155054,-0.005715420474,-0.03157101478,0.01278159501,0.01286216905
-3.892890615,-0.009219509137,-0.004745905813,-0.0140505174,-0.01279370262,-0.001901225324,-0.01588444594,0.01166479662,0.00582554654
-3.669736304,-0.005771997126,0.000437068333,0.0007792672217,-0.01544111312,0.003278060341,-0.0245097358,0.00305404382,0.008363885527
-4.023555698,-0.008145328672,0.003664100842,-0.009340568039,-0.02178364454,-0.001858790599,-0.0247793263,0.0122945935,0.008006566525
-2.606000545,-0.0067581386,-0.0008470759757,-0.008308670975,-0.006416041039,0.001937385498,-0.02010454524,0.01266931119,0.01085811765
2.820746022,-0.003215737212,0.003719292463,-0.006219313433,-0.01592796322,0.003417760722,-0.02681223091,0.01129133013,0.008969046055
2.224874809,-0.001319893434,0.005355786503,-0.008386851856,-0.01647118694,0.001298008789,-0.01770265645,0.005962957997,0.006321105228
2.968897335,-0.004335835199,0.008523906827,-0.003306330063,-0.01419233168,0.002215616574,-0.02342954315,0.01444229079,0.009247224154
-1.943309428,-0.0005712018915,0.004647911782,-0.005423266784,-0.007483297406,0.002404284624,-0.02293915579,0.008260795133,0.01028771508
-4.21719697,0.001694354786,0.00502036363,-0.009241942534,-0.01808065008,0.002770265451,-0.01782151661,0.004635169265,0.007195534896
-3.54218509,-0.0007975946129,0.009560711273,-0.002699471311,-0.01386487211,0.001840549853,-0.02875223109,0.01509659866,0.009464673723
-3.760935933,-0.002642422903,0.008615831232,-0.005273031996,-0.01261857148,0.004268365935,-0.0135634278,0.01279321276,0.009264442694
2.146355107,0.0006534061852,0.00514738834,-0.007133024023,-0.01407442459,0.003850988745,-0.02358354494,0.008183394831,0.008128351315
2.405491105,0.002747095948,0.006628875977,-0.005703345024,-0.01212462688,0.001350628355,-0.02408675092,0.01204205825,0.0113288433
2.947665136,-0.001172649956,0.009946468636,-0.00503845502,-0.012367668,0.001828322387,-0.01695463644,0.008170791827,0.008327674523
-1.583312982,0.004588640522,0.01425328458,-0.00409551528,-0.01465003534,0.005245888784,-0.02106988913,0.01399606405,0.01096488177
-4.24429735,0.01280798006,0.01502804441,-0.0001498758193,-0.01173313367,0.005448983545,-0.02116401648,0.009769379387,0.01074279195
-3.537341979,0.008158034311,0.01693001266,-0.004318047635,-0.01095938628,0.004745221404,-0.02128920648,0.01083088641,0.01043907141
-3.932769071,0.008293406535,0.01717583847,-0.003186875407,-0.0121773462,0.004007532959,-0.02027901466,0.01539358747,0.01070261832
-3.61249264,0.005097595068,0.01359758215,-0.0003110581571,-0.01384301935,0.004533587554,-0.01873792143,0.008806800313,0.007364728776
-3.695345817,0.00590515893,0.01412577058,-0.007410900714,-0.0140822984,0.004207439861,-0.02203573441,0.008414737274,0.01000389442
1.85411566,0.005382855866,0.01210854691,-0.003449138652,-0.01204832346,-9.269290056e-05,-0.02342437064,0.01241203781,0.009684504141
2.733883043,0.001306211758,0.009871211574,-0.0005065802741,-0.01386161363,0.002368477361,-0.01811354037,0.009762155465,0.00620909179
2.527470954,0.001326456892,0.008054084432,-0.009830622408,-0.01622958095,0.005934009486,-0.02346446789,0.01073456431,0.007468473741
2.559311461,-0.002401532533,0.004450193364,-0.006660064115,-0.01582027727,-0.003445641073,-0.02232375646,0.01374970041,0.009322029309
2.50472071,-0.002574851193,0.006578066415,-0.003256800368,-0.009860750522,0.002066249635,-0.02013148651,-0.007650933305,0.008559465497
2.578804325,-0.002846532548,0.007218002202,-0.01082909711,-0.01978094403,0.001618457997,-0.0274967988,0.03444773397,0.007498662158
2.486025215,-0.001415931775,-0.0003571025578,-0.004941856732,-0.01994906073,-0.002948180777,-0.01593956787,-0.01126272215,0.009692359662
2.548236348,-0.002994879468,0.01084022036,-0.002730518063,-0.003928951653,0.004158040326,-0.021232045,0.02682260387,0.008197484562
2.567435907,-0.001159973958,0.004744418637,-0.01178385318,-0.01744901803,-0.000402685988,-0.02699531673,0.0009271633449,0.009476226148
2.496218288,-0.002163695449,0.005806498024,-0.005356459607,-0.01772474467,0.001492780447,-0.01816531874,0.009807241555,0.006099178066
2.48194945,-0.002261019935,0.005551112684,-0.001388389321,-0.01385674492,0.002339321302,-0.02410979217,0.02241221163,0.009013288552
2.511242892,-0.003033166814,0.00664654889,-0.008229464567,-0.01385149658,0.0002906804283,-0.0233628264,-0.006700820952,0.006818526108
2.538444942,-0.01096242466,-0.005899237627,-0.01273928937,-0.02037428684,-0.001759990327,-0.02399365292,0.02152522062,0.009067549486
2.543394285,-0.01157320505,-0.002755452414,-0.004711709368,-0.01142976857,-0.003673880175,-0.02223167222,-0.002734786307,0.008648862852
2.560655913,-0.01281530624,-1.716243076e-05,-0.01072020129,-0.01650017391,0.00180581865,-0.01983121253,0.0219762252,0.006172368142
2.516991225,-0.01044294188,-0.01025523569,-0.0125674269,-0.02306283323,-0.0002245429572,-0.0260099361,-0.001908288771,0.009051169168
2.592324231,-0.007401588866,0.004878419758,-0.003289913045,-0.008289340113,0.0004186007422,-0.02324843571,0.01296968088,0.00803344851
2.520973045,-0.008117628558,-0.002616403931,-0.008889343746,-0.01450955585,0.001284431677,-0.02062047918,0.01322765596,0.007408513448
2.535101661,-0.007384502353,-0.0006931751021,-0.01360108937,-0.0180566258,0.001021914728,-0.02202040996,0.003812317914,0.007752304375
2.566912368,-0.00190820325,0.003859406737,0.001075130428,-0.008559822135,0.001973093215,-0.02268117934,0.01928787169,0.01198300508
2.530764561,-0.003583855909,0.004782980152,-0.01011243505,-0.01421582153,-0.0005736698498,-0.0219790578,-0.001353011803,0.008328953612
2.556106889,-0.002877339504,0.004652196439,-0.009553114267,-0.01812294185,0.003471245048,-0.02558215444,0.01985290595,0.008890785019
2.536594992,-0.000847765273,0.003855872214,0.001106903224,-0.009109181338,0.002645871175,-0.01878335366,0.009284519279,0.009691529306
2.519563986,0.0003065528575,0.009477568413,-0.01092517975,-0.0148887238,0.002765316791,-0.02108299938,0.0113999157,0.009194524042
2.546182871,-0.001446613614,0.007108593903,-0.009258829234,-0.01561369465,0.003735328778,-0.02329602804,0.01102840593,0.009313949882
2.479843981,-0.002038147836,0.008277629898,-0.001616484909,-0.0100398867,0.0009621127354,-0.01757819327,0.006772663588,0.007371977208
2.538207806,0.0002445839377,0.006887209793,-0.005209673685,-0.01219066434,0.003448849738,-0.02169506124,0.01559707013,0.01036202724
2.476637171,0.0002066533856,0.006168397762,-0.007597923331,-0.01842902017,0.002040782241,-0.02429609479,0.009159646512,0.009721374949
2.520963676,0.0004016593007,0.009157676326,-0.009859555564,-0.01059134399,0.00380248274,-0.02083130419,0.008573931068,0.00861274112
2.544018173,0.001558223979,0.009195231917,-0.002140540902,-0.007717051941,0.003231058953,-0.02187406268,0.01327335709,0.008812057854
2.496505206,0.009822820506,0.01787563092,0.002893474963,-0.01472710758,0.004883513569,-0.01758052748,0.01253108061,0.008671133857
2.516877602,0.01050031961,0.0167446076,-0.007211877674,-0.01508490435,0.006372107444,-0.02029929664,0.009201515771,0.009122286634
2.516391901,0.008406452148,0.0179857186,-0.002604069895,-0.007858810706,0.00473741349,-0.02211717087,0.0115047239,0.0113697172
2.507442746,0.00846423604,0.01663293294,-0.001780102968,-0.01215084228,0.003464981605,-0.0176654131,0.01255358055,0.008689712276
2.488679638,0.005172139628,0.01105080011,-0.004113750561,-0.01899931539,0.004561986655,-0.02099386787,0.01058476301,0.01015030251
2.474134928,0.005229194397,0.01485884523,-0.002901308745,-0.01039415992,0.003230084196,-0.02173424592,0.01374042033,0.009555948235
2.537125148,0.004934755806,0.009795000868,-0.006848886163,-0.01277177469,0.00287575986,-0.02053573131,0.007762831861,0.008823532534
2.534967143,0.0007250239787,0.01050623975,-0.005050861488,-0.0160154951,0.002246853958,-0.02414726565,0.01110503793,0.008332690232
2.536678629,-0.001818889232,0.00714086861,-0.002584990339,-0.0142587921,0.001341417503,-0.02177237516,0.01097941885,0.007424104552
2.460168631,-0.0001278533451,0.005283930427,-0.009344274237,-0.01328787972,0.0009051684049,-0.0218462833,0.009098688469,0.007477178084
2.567733079,-0.001108508988,0.007119474998,-0.007610864828,-0.01604671359,6.728475128e-05,-0.02569317256,0.01046796208,0.007842064668
2.485470211,-0.002669983145,0.005862905756,-0.004089649768,-0.01527810054,0.001644297504,-0.02018149481,0.006893193984,0.007695174643
2.558072393,-0.001072419241,0.006053307433,-0.007494216128,-0.01438506136,0.002131405602,-0.0216069878,0.01298362626,0.007613645859
2.400700404,-0.001744182414,0.003398387726,-0.006600972079,-0.0164099578,0.001507430589,-0.02414871906,0.01146440263,0.008819393206
2.620164094,-0.002493754971,0.007711779343,-0.004275308119,-0.01452854948,0.001286364435,-0.02144683476,0.008278103526,0.008238619596
-2.725738941,-0.004999048371,0.006730586331,-0.00694052863,-0.01524922792,0.0008044731566,-0.02211173041,0.009863612507,0.008147437326
-4.029860479,-0.00181162291,0.004117453277,-0.006291683286,-0.01439607041,0.002047753426,-0.02254730091,0.01275268058,0.007288579864
-3.640196044,-0.004576295259,0.001613202407,-0.006351477515,-0.0157020401,-0.0005331691934,-0.02243320004,0.008112495257,0.009470226813
-3.875675469,-0.01395691972,-0.003842456566,-0.01028095293,-0.01756401712,-0.001036541037,-0.02632207026,0.007390555908,0.007681523043
-3.702217101,-0.01191617298,-0.003940168737,-0.008810846039,-0.01811219268,-0.001637169823,-0.02269461612,0.01159355537,0.006764800505
-3.900698808,-0.009847644144,-0.005831962033,-0.00778916493,-0.0165229137,-0.0008760976471,-0.02240615821,0.01033240512,0.007742036742
-3.692626238,-0.009956584512,-0.00341165576,-0.009677069638,-0.01666691242,-0.001358743191,-0.02393295092,0.009281122198,0.007658937889
-4.03660212,-0.007338340022,0.0008216464581,-0.009018081565,-0.01379433295,0.001025010848,-0.02368556264,0.008161661686,0.008486540683
0.36988821,-0.00932579208,0.0002897580876,-0.009276523657,-0.01586029908,-0.0002082841266,-0.02288624696,0.01017101128,0.008790879346
3.426495659,-0.005454065621,0.0006943665486,-0.005854954063,-0.01423908695,0.0001898874501,-0.02181699473,0.01212388324,0.007924067385
-1.288421715,-0.002428468513,0.002878649841,-0.006613295492,-0.01448242178,0.001677167979,-0.02275983061,0.008408104763,0.009550184552
-4.20956998,-0.002438623613,0.004777778501,-0.006362553557,-0.0114042386,0.002291944843,-0.02318774002,0.011128802,0.009253693615
-3.639397263,-0.002230340794,0.00497512837,-0.007103406533,-0.01666750612,0.001155042998,-0.02254368821,0.005640094248,0.009963750333
-3.8939056,0.0004851667349,0.01039645942,-0.009013894404,-0.01028754307,0.002644739499,-0.02304106874,0.01986636462,0.009566560859
-3.713531347,-0.000760902351,0.003351827601,-0.002248901325,-0.01515317927,0.008480013372,-0.007796813891,-0.001502800205,0.006646599249
-3.909224946,-0.001128952911,0.01185537907,-0.0005616615873,-0.01293310782,-0.009030359596,-0.04775659893,0.008144101213,0.01331142476
-3.74946018,0.0004987044039,0.004410733246,-0.01820735874,-0.01003147995,0.008299003214,-0.004606831293,0.03623621121,0.006418405709
-3.821700275,-0.001108553496,0.003667573732,0.001490357037,-0.02113650031,0.005993464201,-0.01332409764,-0.01625126986,0.005485149581
-3.797919722,0.001149078877,0.01111200828,-0.002106665052,-0.01128467222,-0.000454985701,-0.04462921308,0.02538349193,0.01526748385
-3.848634589,-3.234057895e-05,0.002172415502,-0.01205112207,-0.006433362926,0.0007998791568,-0.003428180851,0.008721795087,0.007869731335
-3.767914197,0.003213484271,0.01898874971,-0.006377461219,-0.01663241069,0.005130516746,-0.0242357292,0.01020395661,0.006165931649
-3.869405952,0.01296705241,0.01690887472,0.006805963408,-0.01542227885,0.01032429847,-0.02732776632,0.0149751992,0.01146802035
-3.775824341,0.006846686705,0.01466427949,-0.005483539425,-0.006150362071,0.001197167634,-0.01295312452,-2.748761865e-06,0.008873480681
-3.850750978,0.01068360061,0.01923083522,-0.0083528094,-0.007594439532,0.001248904166,-0.02632493264,0.025378058,0.01337113387
-3.691707287,0.004382986186,0.01116661336,0.001855797397,-0.01930162814,0.006640091754,-0.01593091488,0.005801928999,0.005641293431
-3.861510669,0.006444915033,0.01590869369,-0.001963703671,-0.01467852937,0.005125804604,-0.02124255933,0.009191145806,0.007041601129
-3.571931319,0.005152533844,0.0153672031,-0.004515759874,-0.01013194955,0.001009642184,-0.02469141421,0.01506765417,0.01260470672
-4.186171659,0.001895876892,0.005920903875,-0.01306228849,-0.01419024724,0.002434497667,-0.01405557651,0.006964638521,0.006532746309
-2.158232961,0.001403753767,0.01080741598,0.003747635687,-0.01436064989,0.003626483287,-0.02616103906,0.009438813817,0.007220887201
2.924229807,-0.0007845312641,0.01056421964,-0.005860853615,-0.01601161957,-0.000815697964,-0.01856898475,0.008712111287,0.007633203602
2.105612529,-0.002871807227,0.002712553986,-0.01110047428,-0.01391182049,0.0008661575712,-0.02380522119,0.01106548602,0.008752443485
2.951303295,-0.001644970506,0.004510783518,-0.001399784115,-0.01381323038,0.0008109457797,-0.0254410942,0.01077414451,0.009004143289
-2.170536028,-0.001583897296,0.008062239898,-0.00501024478,-0.01510614516,0.001650938307,-0.01645036489,0.006784667144,0.005413719668
-4.148295616,-0.004633161848,0.008120866873,-0.009261580281,-0.01856325116,0.0008544883431,-0.02687030275,0.01385371042,0.009458430243
-3.566417782,-0.0005582221593,0.003271787387,-0.005453535484,-0.008481260556,-0.0004838598777,-0.02160871443,0.007835492844,0.00861190441
-3.701754446,-9.815083791e-06,0.004366572632,-0.008112019654,-0.01722005944,0.0006194612434,-0.02066289769,0.004586550598,0.006388041297
2.17700313,-0.002563939924,0.006869196305,-0.004589193091,-0.01777313461,0.0008786584647,-0.02898364718,0.01386820014,0.008051779453
2.417001828,-0.003053705587,0.005934753255,-0.00527929306,-0.01316500119,0.001739241008,-0.01477030492,0.01080566148,0.007829508046
2.870836727,-0.00860749204,-0.005355543714,-0.00885375825,-0.01652548991,-0.001651893265,-0.02552104471,0.006122009336,0.00915081169
-1.840346057,-0.01272237792,-0.006318770513,-0.01089306142,-0.01990323585,-0.002004097256,-0.02708909995,0.01132538351,0.006615771008
-4.221299342,-0.01301954081,0.0009224279891,-0.005600712051,-0.0135156268,0.0005138720512,-0.01860813414,0.007242674003,0.0051281292
-3.505864641,-0.01101543103,-0.007139381592,-0.006121505179,-0.01587100021,-0.0001901024883,-0.02367875466,0.01308711141,0.009346652626
-3.960908302,-0.006807648565,-0.001270374835,-0.01625343845,-0.01947314502,0.000395793167,-0.02383789476,0.004283565838,0.008617824534
-3.646012478,-0.007583665318,0.0009783973108,-0.002930035019,-0.009720710602,0.0003690148285,-0.0237701877,0.01182085838,0.006720128961
-3.699849044,-0.008262930391,0.002710499021,-0.001024089141,-0.0129842215,8.838097603e-05,-0.01981313039,0.0136600159,0.009475990259
1.81532354,-0.004155126714,0.0008795299288,-0.01634124892,-0.02161032946,0.003854502646,-0.02260187586,0.007323660239,0.008160829763
2.714522407,-0.002086018341,0.003965506534,-0.005071147876,-0.01185017376,0.001223527184,-0.02427480808,0.01324593791,0.009973676994
2.519620305,-0.002782677895,0.006823395282,0.000209243273,-0.004833656744,0.001485068793,-0.01950717837,0.008056626442,0.008472019461
2.564224185,-0.00177224256,0.001790246576,-0.01108194495,-0.0262254955,0.003079349043,-0.02244133195,0.01093984269,0.008632247259
2.433918395,0.002159948042,0.009852952927,-0.005820069517,-0.009287482725,0.003493645434,-0.02047211925,0.01239686832,0.01031243717
2.617572589,-0.0005865385399,0.00821962613,-0.006165132455,-0.007881753446,-0.0006617622145,-0.01976323322,0.01794651338,0.01057498183
2.525570796,-0.001115150471,0.005837308474,-0.00803022315,-0.01811529344,0.003139047823,-0.02563890294,-0.01245347906,0.008538423324
2.576472863,-0.0007382425006,0.007966286108,-0.003555129072,-0.01118148927,0.004780826396,-0.02222304673,0.03963165335,0.009677508347
2.555297196,0.001427193245,-0.0005175642465,-0.00545996369,-0.01407832065,-0.00120975285,-0.01745503199,-0.008876273813,0.009532246993
2.546099684,0.0001421475727,0.0126069371,-0.006547791725,-0.009394672663,0.006804041674,-0.0247178578,0.02341341721,0.007535818321
2.558280689,0.001413893556,0.0077171828,-0.0067905767,-0.01463855639,0.001782301267,-0.02357468541,0.005201214701,0.01132434523
2.567642805,0.008800756294,0.02172025506,-0.002159698543,-0.008016369457,0.001816475493,-0.01642994569,0.009638101717,0.008104777067
2.544460712,0.009760511349,0.0163154121,-0.002083086532,-0.01348990199,0.00566450766,-0.02090532397,0.0269178973,0.01129582719
2.546516361,0.008506328234,0.01737425529,-0.002392642332,-0.01239580612,0.002490795453,-0.02370348824,-0.01030931949,0.009193326077
2.501038786,0.008401247336,0.01686367764,-0.004115326529,-0.01207208145,0.004935875678,-0.01896790841,0.02830946451,0.0101743059
2.513384436,0.003914521647,0.01207586067,-0.004191793316,-0.01163432857,0.001688013245,-0.02064723881,-0.001946887558,0.009448633728
2.532366454,0.005774195736,0.01590511084,-0.005282013838,-0.01446001991,0.006410373205,-0.01981975638,0.02231822611,0.006952778316
2.494827613,0.003979141121,0.008923607675,-0.001856095936,-0.01500523317,0.002663899936,-0.02313069972,0.003198085312,0.01024774168
2.499900031,3.400392297e-05,0.01227985848,-0.007782626952,-0.01424949928,0.001051297861,-0.02123705752,0.01135520841,0.007681199239
2.569887158,0.0006679245498,0.006202292541,-0.004855262873,-0.01363011137,0.0002884059354,-0.02118978937,0.01376557252,0.008579952573
2.532934239,-0.0002468562088,0.00869377954,-0.005540081586,-0.01451038438,0.0008408144315,-0.02109451989,0.002822360964,0.007232388888
2.491500059,-0.002076576507,0.005623256508,-0.006681422293,-0.01729134149,0.001667088373,-0.02542845926,0.01626649383,0.008188896746
2.560060463,-0.004129380119,0.00345150966,-0.008383079306,-0.01552179344,-5.049963467e-05,-0.02055818525,0.001177393621,0.007808583288
2.521016145,-0.001057715389,0.007073478251,-0.005802700441,-0.01395935131,0.001441823222,-0.02271616293,0.01823967979,0.007135920339
2.512792331,-0.002561898395,0.003529409591,-0.004589383527,-0.01695812779,0.002159215013,-0.02264128163,0.008427285183,0.007798914419
2.517527379,-0.002326053749,0.008132034945,-0.003222274098,-0.01364953952,0.0007997847461,-0.02262671344,0.01003776636,0.007782726855
2.463706285,-0.002870644974,0.006829284164,-0.009967292404,-0.01551502725,0.002734165838,-0.02338123641,0.01148400761,0.008624725371
2.503651163,-0.001087012198,0.004943782939,-0.01034726885,-0.01508963594,0.0007864992293,-0.02138676071,0.004637625397,0.006234058186
2.526018378,-0.004178608438,0.002242787239,0.007173184383,-0.01134815301,0.0005178910676,-0.02528610173,0.01761992145,0.009352344605
2.501232006,-0.01366026418,-0.004917252687,-0.01574575296,-0.01995696017,-0.001408908838,-0.02143596319,0.002283803225,0.00549471254
2.573677156,-0.01058935849,-0.005487912818,-0.01661277041,-0.01750669717,0.001688170423,-0.02518380493,0.01316075391,0.006861554853
2.586079315,-0.01133747213,-0.003360308302,-0.001332415343,-0.0127574144,-0.0006588497999,-0.02031466997,0.008471466649,0.008727858382
2.555493121,-0.01086840364,-0.001475044429,-0.008032862533,-0.01490618276,0.001530564787,-0.02269835686,0.007202936887,0.007612320986
2.5425154,-0.007930452824,-0.00106970731,-0.01168704916,-0.02100594151,-0.0002196683286,-0.02546080299,0.01235268679,0.009109567597
2.528587624,-0.006564476598,0.0004753785856,-0.005305368215,-0.009416231919,-0.001587973111,-0.02095344992,0.006707979502,0.007457162931
2.510049903,-0.005896189528,0.003377628465,-0.007144695818,-0.01554828502,0.002301939232,-0.02216408588,0.01430467732,0.008940657965
2.453188523,-0.00497860354,0.004361426341,-0.004664400563,-0.01451875657,0.00157277217,-0.02312561082,0.006303739037,0.009167416555
2.471090385,-0.001788234721,0.001433936697,-0.008232839086,-0.01330432096,0.001587444166,-0.01942073761,0.01528284621,0.008645503308
2.543218181,-0.001714124991,0.004985559602,-0.007201447519,-0.01189459823,0.002205401701,-0.02670718044,0.007467756539,0.008520663521
2.517406954,-0.00109573638,0.0105751595,-0.003513465087,-0.01560144126,0.004140686333,-0.0222726238,0.01162608553,0.007157960455
2.498304188,-0.001833891085,0.003591890945,-0.004739257102,-0.015003249,0.001763040537,-0.02176996487,0.009225535239,0.009284886632
2.471869402,0.001546981858,0.006285016061,-0.009847253897,-0.01178209497,-0.0004440935865,-0.02104648847,0.0137019074,0.009193844071
2.522400796,-1.381584835e-05,0.009257267195,-0.00579068042,-0.01062713695,0.004415845094,-0.02242387364,0.008544279925,0.008649262413
2.468129655,-0.001419312207,0.00891081084,-0.002712409902,-0.0161091161,0.004202082831,-0.02068625717,0.008990034347,0.008476725424
2.507842814,-0.0006823888559,0.00650507927,-0.007123534303,-0.01300267776,0.002837354083,-0.01983060409,0.01526624783,0.009643445572
-2.803718041,-0.000335010439,0.005290093925,-0.005026315874,-0.01060587038,0.002459099802,-0.02344482401,0.01119285002,0.008522629727
-4.057614143,0.005023018371,0.01319565433,-0.001730284128,-0.01315961836,0.003547522812,-0.02314154541,0.01055429327,0.008753797641
-3.676821455,0.01078004043,0.01884191097,-0.001988414239,-0.01158428044,0.005085250091,-0.02043609444,0.01240293312,0.01054625724
-3.896513194,0.008419311934,0.01676150813,-0.005491022561,-0.009185437105,0.004327111164,-0.01839042906,0.01395123227,0.01086776646
-3.743967654,0.009737624871,0.01532226898,0.0006080525666,-0.009937204315,0.004546490725,-0.02124928016,0.0128468095,0.009440713233
-3.879283847,0.005831586502,0.01432481081,-0.002738600444,-0.01628713265,0.004208951039,-0.02210151962,0.00870997367,0.008300525396
-3.734143919,0.004689272106,0.01466393935,-0.004953955293,-0.01188576666,0.003608170586,-0.01959032627,0.01157478273,0.00765252357
-3.984881638,0.004553428776,0.01108646742,-0.002852630758,-0.01033863715,0.002483071883,-0.01903296861,0.01431399108,0.007798311148
0.2801539231,0.00308953755,0.008932819535,-0.003577687634,-0.01717402434,0.001682526063,-0.02393349738,0.008154299464,0.008447528477
3.547361223,0.0009506425055,0.01091436372,-0.004950548526,-0.01509286216,0.002306161472,-0.02296938959,0.007926284748,0.007817793878
-1.420125661,-0.002228653327,0.009612278468,-0.005860060935,-0.01271760964,0.001566602218,-0.02296763031,0.01193148385,0.006446024112
