Tachometer,Motor,B1_Z,B1_Y,B1_X,B2_Z,B2_Y,B2_X,Gearbox
-1.040178843,-0.001667910717,0.002721551074,-0.003646353606,-0.01019702213,0.001024774382,-0.0164020454,0.005320802494,0.006018586161
-1.163994865,-0.003027341854,0.005039189091,-0.005997663397,-0.01348748472,0.0005978281243,-0.02583141483,0.007805092166,0.0092989133
-1.122410387,-0.002810107334,0.002176383063,-0.005979579446,-0.01547837546,0.0008947699566,-0.02236052436,0.01006121518,0.00689575023
-1.097228225,-0.003439979273,0.003142444085,-0.006762021265,-0.0164893779,-0.0004297100343,-0.02491569013,0.009953464046,0.00941568028
-1.122504826,-0.002088840873,0.004456461902,-0.00707818724,-0.01652690157,0.0008968962388,-0.02452020845,0.01084641997,0.007924483123
-1.160924033,-0.0002614422125,0.008379082209,-0.007127608859,-0.01418734222,0.002798580711,-0.0221932191,0.00853941078,0.009270320014
-1.135364642,-0.0005218682383,0.005804758162,-0.005599010877,-0.01457962893,0.003637762474,-0.02182790385,0.009052449891,0.008315877528
-1.156458571,-0.001915167714,0.005190203269,-0.007760540432,-0.01548302676,0.001521612511,-0.02111720145,0.008658923272,0.008761449471
-1.102864856,-0.00121235823,0.002995716711,-0.006609351095,-0.01348291163,0.0009145108293,-0.02348601477,0.01117779264,0.009343592332
-1.123220847,-0.0005962892495,0.00582815035,-0.005579657689,-0.01398758851,0.001236677493,-0.02283085677,0.009822704564,0.009494673694
-1.125225359,-0.002446318306,0.007416998613,-0.003482323521,-0.01521551746,0.003888655526,-0.0236646759,0.009729298494,0.00775700766
-1.123168998,-0.001720960157,0.007114492744,-0.005912351956,-0.01696789618,0.002127108109,-0.02347943242,0.008141907171,0.008205547986
-1.15047011,-0.001547230889,0.00614239908,-0.006251397807,-0.01464236582,0.003115999348,-0.02321021741,0.008432922507,0.008430975168
-1.141027947,-0.0003692638078,0.007095904977,-0.008557472294,-0.01390599092,0.001912571549,-0.02228973644,0.009912515439,0.008946956225
-1.147744493,-0.001159919764,0.004700884795,-0.006925569867,-0.01302158134,0.0006989507873,-0.02295382264,0.009429443359,0.008245505887
-1.12808335,-4.08133404e-05,0.006051310178,-0.005641093424,-0.01346020659,0.001692792244,-0.02294612128,0.00951209941,0.009380230818
-1.134931548,0.007575146063,0.01534016575,-0.002543905617,-0.01435843023,0.003564932082,-0.02270641876,0.01039096639,0.009312880245
-1.142691335,0.009307207718,0.0163717474,-0.003460898108,-0.01406308304,0.003820132694,-0.022959717,0.01077918405,0.009976191467
-1.165667262,0.007775091584,0.01456091894,-0.005666042764,-0.01442375263,0.00472574771,-0.02269330017,0.01038969278,0.01072153497
-1.130529165,0.006572232601,0.01293045298,-0.004474985486,-0.01359086953,0.00263723948,-0.0216146593,0.01004443204,0.008363405646
-1.16429743,0.006501030587,0.01447543026,-0.003062884513,-0.01202770546,0.002762596591,-0.0218082626,0.009907601997,0.009556298167
-1.149728476,0.00560538695,0.0129862888,-0.003325797565,-0.01283866979,0.002634518697,-0.02169263938,0.008289502466,0.009148655093
-1.125067338,0.003037116727,0.008944040488,-0.005322241091,-0.01699448791,0.003990118035,-0.02287846666,0.008929022928,0.008778473728
-1.132642879,0.002460593677,0.008819108518,-0.006721749296,-0.01738377669,0.002906382162,-0.02265657125,0.009442794695,0.006712789914
-1.128547141,0.003406881499,0.01226114726,-0.005501464981,-0.01365731027,0.002823285028,-0.02353361142,0.01012754823,0.007896247535
-1.147033455,0.00242579031,0.009353930875,-0.005340470418,-0.01184751823,0.00202466923,-0.02324000466,0.00967423198,0.007406770299
-1.150394898,-0.0002217635158,0.007217447982,-0.002968511932,-0.01524862048,0.0007608826464,-0.02281528744,0.008337943632,0.008245696937
-1.168059436,0.0004089643119,0.007172114275,-0.004073550641,-0.01726841362,0.00239115428,-0.02313799235,0.01041561704,0.008177730681
-1.148819292,-0.001109152461,0.007376732317,-0.005588204378,-0.01696784606,0.001037120785,-0.02505166804,0.00938688392,0.00658885134
-1.143177998,-0.0008969189653,0.007285140546,-0.005345112615,-0.01611565213,0.001548094001,-0.02501583406,0.007468097576,0.007017031159
-1.146535607,-0.00196575037,0.005374151668,-0.002827785584,-0.01794411648,-0.0007825720201,-0.02330037998,0.008159052628,0.007961592187
-1.161513752,-0.001803983178,0.00637425472,-0.01352047476,-0.01848086053,0.001214212272,-0.02151992004,0.008462474372,0.006094330347
-1.141043898,-0.004702689224,-0.0004828408637,-0.01347573496,-0.01070940573,0.000246754001,-0.0221607584,0.007671046693,0.008122764107
-1.105042797,-0.002943297268,0.005560073033,0.001558310398,-0.0145225991,-0.0005598381765,-0.02931887103,0.009281123248,0.007872641365
-1.128773135,-0.0008615436118,0.005659046925,0.003448591127,-0.0213315436,0.002524516489,-0.0206136978,0.01117970917,0.008756822068
-1.15408572,-0.001874546267,0.003150378684,-0.009184991425,-0.02052840334,-0.002105623973,-0.02119805684,0.009068527054,0.004728257464
-1.15165122,-0.002148943051,0.005876988328,-0.01719659279,-0.01335611467,0.003653160313,-0.02777120642,0.006881999989,0.007917663976
-1.139088683,-0.003792292339,0.004491457958,-0.01017578901,-0.01065742427,-0.00107526286,-0.02394108933,0.01082811343,0.007303629072
-1.144205611,-0.002716683386,0.005038689707,0.0007966905576,-0.01795032919,0.001219244539,-0.02180652486,0.008408417959,0.008983304035
-1.111634165,-0.003231790214,0.003866230308,0.002137334878,-0.01983508204,0.00256305028,-0.02319113783,0.005969654082,0.005993257618
-1.131462685,-0.003377042575,0.005134564978,-0.009207361529,-0.01615519126,-0.001119387999,-0.02442859884,0.00913648609,0.006254034964
-1.152490563,-0.002090556644,0.003681745271,-0.01967671845,-0.009680371669,0.002951791618,-0.02484805742,0.01094074699,0.00846213433
-1.125527128,-0.005671218296,-0.00240247709,-0.00753579142,-0.01603564204,-0.004090011246,-0.02393248168,0.006951242174,0.007404030221
-1.106963285,-0.01182995361,-0.003427032468,-0.002239502802,-0.02450489441,0.001517047723,-0.02344719088,0.005728345754,0.007796701359
-1.141490717,-0.01197020642,-0.003709055291,-0.001751248263,-0.01827673144,-0.003102425128,-0.02156837819,0.01165542908,0.005423042287
-1.144024082,-0.01186670536,-0.002422209357,-0.008304561975,-0.01452216699,0.001505277615,-0.02809949589,0.004120743178,0.006080757876
-1.113752887,-0.01092030976,-0.004543200606,-0.017757421,-0.01636015279,-0.002047036448,-0.02579730821,0.01017686271,0.007482147482
-1.144466964,-0.0104588757,-0.007899368258,-0.01045564129,-0.0211755718,-0.002840650574,-0.02309918065,0.01045460623,0.007820076412
-1.14133574,-0.008622769334,0.001283944506,-0.004123855896,-0.01299252136,0.001240794645,-0.02493223029,0.008624000465,0.009086812709
-1.119088942,-0.005924127494,0.001444475916,-0.002903364828,-0.01538519488,-0.001001047613,-0.0234088927,0.007955536027,0.005389857991
-1.096504694,-0.007817933181,0.0008823263341,-0.0124845683,-0.02072574628,0.002833265323,-0.0232380256,0.006377690046,0.006720052838
-1.127958582,-0.007492635632,-0.001569166702,-0.01241547847,-0.01369668111,-0.0007654146429,-0.02501244385,0.009955016095,0.005618718593
-1.167393191,-0.004989702188,-0.001388531292,-0.006113277604,-0.01113384711,0.001453473178,-0.02505569863,0.007642713266,0.01041305262
-1.110459908,-0.003474041467,0.00288211867,-0.002503090794,-0.01689168625,-0.0009034845209,-0.02436465092,0.01063415833,0.008038051984
-1.135562748,-0.004078139136,0.002159051108,-0.003921942399,-0.01959719726,0.001708217468,-0.02073947378,0.005862931859,0.008394699959
-1.123541536,-0.003401896795,0.00741664496,-0.008716286327,-0.016011083,0.002351759688,-0.02337559789,0.007819115158,0.005351059483
-1.089657686,-0.001708980714,0.003525018562,-0.01243858564,-0.01223081121,0.004443943351,-0.02522436709,0.01326911594,0.008471261075
-1.191312826,-0.0008131530091,0.002697613493,-0.006481338044,-0.01396670577,-0.0002771014952,-0.02523873163,0.008049258074,0.009238082726
-1.152759379,-0.001657281729,0.002739995633,-0.00431709679,-0.01490904222,-0.001894115019,-0.02237340715,0.005693227208,0.009867896047
-1.142459856,-0.0009726856547,0.006748178223,-0.003481434205,-0.0148268819,0.002572660551,-0.02160025515,0.01103914115,0.007276513589
-1.11555324,-0.001089685665,0.008797904878,-0.007350318857,-0.01623211671,0.00413916479,-0.02402300124,0.01520204186,0.007876295699
-1.125207888,-0.002645753871,0.008569728392,-0.008107308701,-0.01413927856,0.002803742525,-0.02297054397,0.007347604715,0.007108462034
-1.149582176,-0.0003643177946,-0.0002194795135,-0.005788204777,-0.01749917342,0.002829667504,-0.02447990274,0.007164358786,0.007337516487
-1.090726365,0.0002516156283,0.006084420247,-0.004350996051,-0.01168989559,0.001948393998,-0.02094989323,0.005989861568,0.009767281387
-1.137428801,-0.001685302042,0.006267907411,-0.003547234629,-0.01016274081,-9.868128201e-05,-0.02303048354,0.01168321377,0.00678822936
-1.113276227,-0.0009291100499,0.006567788153,-0.008354320277,-0.0182394218,0.002247224307,-0.02338598636,0.0120898905,0.01024451844
-1.133760769,-0.002179889561,0.004909679225,-0.00859970036,-0.01447677137,0.002405595536,-0.02319745756,0.00983563478,0.006379260921
-1.148424872,-0.0009633986888,0.004186294144,-0.005490558354,-0.01605423795,0.003091147375,-0.02285684674,0.006089924278,0.007383060109
-1.126050749,-1.751070935e-05,0.006656070137,-0.005289712122,-0.01421678122,0.001775640894,-0.02209369222,0.007337122358,0.006565938484
-1.103286594,0.007304099453,0.01330023078,-0.004166517947,-0.01763507281,0.002260085849,-0.0236274889,0.01192968342,0.01044611057
-1.152644349,0.007677572361,0.01936826425,-0.003443417397,-0.01141506608,0.005788724822,-0.02432080521,0.0130944799,0.009639981696
-1.127000288,0.007212118632,0.01406794323,-0.003321012244,-0.008735827232,0.002784592656,-0.02093768953,0.01023466987,0.008338839239
-1.090558061,0.007128029302,0.01265882782,-0.005908501452,-0.01291829579,0.005834552394,-0.019314675,0.007554504566,0.008480267756
-1.108461175,0.00771038451,0.0114962393,-0.002916582914,-0.01504108667,0.002176095171,-0.02296420171,0.009524025614,0.006912837561
-1.154505391,0.007807209518,0.0142706315,-0.003276396483,-0.01560952198,0.004197403153,-0.02544163189,0.01133952769,0.01130524126
-1.144583686,0.004456320001,0.01386008969,-0.003385328796,-0.01203633848,0.00115282609,-0.02370103441,0.01315792379,0.008738627335
-1.186963288,0.0009398290581,0.007921925931,-0.004544175059,-0.01380188014,0.001859265531,-0.02191638576,0.006114992165,0.00854701071
-1.143685993,0.004182429044,0.0101221398,-0.004738414956,-0.01298366978,0.002486898833,-0.02263515582,0.008401797051,0.008231402255
-1.122930896,0.004613353219,0.01114734665,-0.003587041214,-0.01660071165,0.002078857406,-0.02307835915,0.01276206496,0.00727155072
-1.185152459,0.002247697868,0.008874769206,-0.00492977403,-0.01723872092,0.003551458316,-0.02434966669,0.0107716008,0.00882309801
-1.117284498,-0.0008039800238,0.007997663485,-0.005105134228,-0.01660896065,-0.0006742270715,-0.023359894,0.006469523804,0.005845178354
-1.083339278,-0.001594964052,0.005583713281,-0.005633788772,-0.01681387282,0.0008737142884,-0.02232183831,0.007290480555,0.008058875123
-1.126810916,-0.001527938202,0.005550867613,-0.006522120716,-0.01198367775,0.0001596208536,-0.02292284634,0.01082063745,0.007237471009
-1.157212003,-0.002084909856,0.00361783094,-0.005953250178,-0.01457249254,0.0002441200633,-0.02417816568,0.01054242874,0.00749753844
-1.131134222,-0.001082996623,0.005367260005,-0.006093089543,-0.01793793293,0.0005749658092,-0.0247788976,0.01178061833,0.006480765631
-1.124194019,-0.001847039533,0.006191151944,-0.005820606998,-0.02078331412,0.0004696394538,-0.02341489681,0.006348220668,0.006505398978
-1.076921351,-0.004467678114,0.004362501188,-0.008072260028,-0.01743937067,0.001623233251,-0.02414094169,0.005825913223,0.008143004525
-1.120488398,-0.004101961018,0.00717214704,-0.00618024114,-0.01723703798,0.0001050231244,-0.02275903056,0.008915072714,0.007126397889
-1.106527787,-0.001205650717,0.007024596532,-0.005436808894,-0.0113996275,0.001859086972,-0.02489372689,0.009714328955,0.008806802755
-1.160480863,-0.002989749255,0.0033156472,-0.002663507828,-0.01448305538,0.001157102326,-0.02386508436,0.005836037382,0.009011872329
-1.123894613,-0.002358661578,0.002172835062,-0.008255317213,-0.01862352001,0.0003475609256,-0.02323859587,0.00697084719,0.006602273045
-1.131714597,-0.002347395216,0.0009655449009,-0.01199903864,-0.01998198537,0.00197382231,-0.02240946381,0.009806153376,0.007651944689
-1.129809763,-0.00310823941,0.01057510341,-0.007191192248,-0.008264091925,0.0007021524293,-0.02577594818,0.009446344707,0.006895120037
-1.069503521,-0.004604494551,0.005574504609,-0.001110741804,-0.01322076901,0.003303746349,-0.02106418477,0.007782603556,0.008499282817
-1.120122676,-0.002655500029,0.003951898735,-0.006421585331,-0.02517951282,-0.001089777738,-0.02116185467,0.007902259559,0.006880558666
-1.149307924,-0.004121570338,0.001007066531,-0.009383007277,-0.02499311281,0.001780754016,-0.02506400745,0.008658705659,0.009160551267
-1.091417961,-0.009937093505,-0.002582374162,-0.01111895025,-0.01187141541,-0.003572205714,-0.027633535,0.0121142224,0.008284190815
-1.116698274,-0.01218510112,-0.003459217571,-0.007798553085,-0.01271199035,-0.001757932378,-0.0218327114,0.007514487783,0.007756855018
-1.13712387,-0.01232792238,-0.006395632628,-0.007932414289,-0.0219017475,-0.001351618987,-0.02272067304,0.001429740374,0.006623650659
-1.145782764,-0.0115492454,-0.003602863435,-0.007089105256,-0.02181915234,-0.000294748438,-0.0257311551,0.00612093553,0.007164070055
-1.111023957,-0.01096265251,-0.002865598441,-0.009233343073,-0.0127140119,0.0005532532803,-0.02739292382,0.01277446639,0.008995527651
-1.158696562,-0.01003543426,-0.00163292608,-0.008026039096,-0.01047257821,-0.0003879900383,-0.0245443621,0.01068807641,0.008159117576
-1.050949638,-0.008407937677,-0.004828250607,-0.009645684993,-0.01914139131,0.0001264650099,-0.0224206681,0.004321629448,0.008349723336
-1.142855419,-0.006313988273,0.0006521150374,-0.007025379227,-0.02036325547,-1.660386406e-05,-0.02221469743,0.007262783937,0.007112527041
-1.090625869,-0.008268920709,0.0007180979127,-0.005911587599,-0.01187493835,0.002847703866,-0.02437953082,0.01305671921,0.007699229215
-1.215858935,-0.006180839217,0.002384251605,-0.006299262345,-0.01488818239,-6.388277439e-05,-0.02378079595,0.0108142284,0.008212767566
-0.9546613278,-0.004955829807,-0.001294057933,-0.01060014874,-0.01939630273,0.001082199472,-0.02216409796,0.005922464245,0.008096224898
-1.377712713,-0.003669770104,0.001763832738,-0.008127294875,-0.02050948192,0.0005419315431,-0.02244138417,0.006358964793,0.006861425413
3.018220416,-0.002295804591,0.002698442703,-0.005056464384,-0.01211398472,0.0004234595037,-0.02480671592,0.01258795995,0.008669947602
4.780633556,-0.003127578195,0.005383972472,-0.005188379138,-0.01257282512,0.0010740258,-0.02303657024,0.01093397848,0.01033914889
4.263143345,-0.0008534285527,0.00223488648,-0.008071239458,-0.01858872178,0.002468724998,-0.02292405596,0.005325200315,0.007480951759
4.506293719,-0.002103784063,0.002519674272,-0.008175873422,-0.01624691784,0.001529793155,-0.02282081005,0.004421691519,0.009202098713
4.345208423,0.0006465476148,0.008022082644,-0.00481920562,-0.01142631511,0.001305491944,-0.02470973942,0.01243818609,0.008166679016
4.494526363,-0.0002178849415,0.00554516205,-0.005809390202,-0.01196196494,0.001893006072,-0.02461743747,0.0139108918,0.009812580655
4.396092208,-0.00282016658,0.004978461709,-0.005985665541,-0.01857633999,0.002532269012,-0.02298069412,0.008273429495,0.007917055119
4.471215627,-0.001216813343,0.005926176584,-0.005805659823,-0.01623993334,0.002663779475,-0.02179236078,0.008760224845,0.008442774549
4.395379078,-0.0006738929712,0.006144726922,-0.00434427908,-0.01146537982,0.001804138744,-0.02375847404,0.009982782055,0.008149668571
4.462587323,-0.001202558588,0.006208496974,-0.007035853708,-0.01171226249,-0.0002018009541,-0.02325461837,0.009609992685,0.01139407846
4.469874898,-0.0009456972491,0.002005672606,-0.008753362284,-0.0181988669,0.001625846061,-0.02263735229,0.006921860305,0.008747021811
4.430035414,-0.001011290884,0.005920092,-0.005504822916,-0.01897177653,0.001642518794,-0.02294454563,0.007922503858,0.007172403011
4.450566286,5.118044063e-05,0.00811749693,-0.003097899593,-0.01404213394,0.003111508343,-0.02241689954,0.009643825879,0.008320463153
4.363410903,-0.001887856025,0.007010425121,-0.004115472522,-0.01248264098,0.001537681634,-0.02305262101,0.009569828811,0.009460151822
4.414543196,0.003430383172,0.007205202399,-0.00718905482,-0.01458339393,0.002696080513,-0.02370667679,0.009382105072,0.00897596488
4.411591713,0.008307988924,0.01287481708,-0.006892075387,-0.01346161584,0.003196726332,-0.02226214837,0.008579285689,0.01112052464
4.400860302,0.008110380206,0.01586204212,-0.003109783574,-0.01242422105,0.006365451518,-0.02241036016,0.01238168688,0.009658905121
4.414044467,0.008167757065,0.0173622403,-0.001759479019,-0.01213572142,0.003799313052,-0.02294795309,0.01189484367,0.009117609598
4.447903444,0.00671632289,0.01315098796,-0.003190158329,-0.01442669282,0.005157639167,-0.0222792642,0.008904974716,0.007127461976
4.425378827,0.005755008165,0.01187991872,-0.006816180905,-0.01394240397,0.002969724557,-0.02186050901,0.007373741356,0.008209533862
4.419207709,0.006279312762,0.01184485299,-0.004543770062,-0.01020572628,0.00212261597,-0.02213302942,0.008215295661,0.009034791227
4.436679617,0.0036583179,0.0119175617,-0.003650750352,-0.01319171124,0.0009814901348,-0.02255520605,0.009548470941,0.01016072184
4.431021296,0.003382075972,0.01105187019,-0.004657580054,-0.01915446175,0.004154946118,-0.02198931591,0.007567643698,0.007986518017
4.38242546,0.004779522385,0.01100116055,-0.004197443982,-0.01745456653,0.0004414312881,-0.02297736698,0.01022670156,0.007966391168
4.479798302,0.00144767986,0.009384711203,-0.007259634406,-0.01392660484,0.004166425561,-0.02205944325,0.009923020393,0.007578503141
4.32568726,-0.000482256189,0.008402151286,-0.004126472236,-0.01427340286,-0.0007209516392,-0.02422129859,0.01024825417,0.007449323764
4.572256343,-0.002390222449,0.004531990997,-0.004552202046,-0.01725511349,0.001449340046,-0.02364682043,0.007376605586,0.008632123647
3.723483294,-0.002449566997,0.008493869478,-0.006619714718,-0.01759574817,0.000229735702,-0.02482710206,0.01069254602,0.007036705426
-0.9985002975,-0.002636182966,0.007623416575,-0.006802071836,-0.01413611145,0.003386421483,-0.0227456185,0.005960863594,0.007585500043
-1.141508631,-0.001848751753,0.005909314981,-0.006369830591,-0.01291465875,0.0001246118297,-0.02294583987,0.007699876715,0.007117377748
-1.160852373,-0.001997701812,0.004526358543,-0.007287502852,-0.01646117238,0.001465887758,-0.02304858876,0.005917701974,0.00608551335
-1.12871964,-0.003750230191,0.003470450456,-0.007783999766,-0.01667686945,-0.0007776604298,-0.02440995707,0.007546969441,0.00774534117
-1.161413403,-0.002287834701,0.005794166584,-0.006413811359,-0.01589706257,0.0007551805511,-0.02315143661,0.009097779011,0.009364051851
-1.084380801,-0.003312240002,0.005717747636,-0.007042902908,-0.01506191258,-0.0005231985366,-0.02446782301,0.009513352132,0.01036379363
-1.14727276,-0.002720607883,0.002441989633,-0.006977454316,-0.01895651082,0.001203637097,-0.02187088411,0.009103848525,0.006847248859
-1.143224905,-0.002892541038,0.002385142264,-0.003829464184,-0.01824129862,0.0002406261544,-0.0234218238,0.00844396902,0.008301729223
-1.140212326,-0.001786540431,0.007827887522,-0.002796496627,-0.01586907768,0.002005168654,-0.0241818882,0.009512779692,0.008466318753
-1.114634772,-0.003905942879,0.007663032566,-0.01076122553,-0.01288660084,-0.0006166180597,-0.02233146116,0.00796267199,0.005536806501
-1.115482839,-0.002830780458,0.004803390339,-0.01134831108,-0.01813953806,0.0004173999568,-0.02266563368,0.006288636141,0.009966409762
-1.091290731,-0.003941088072,0.0006357540342,-0.008021026321,-0.0193191633,8.51364572e-05,-0.02480736823,0.008407992737,0.007147222173
-1.138527306,-0.001657534293,0.005739328855,-0.002447402479,-0.01578850875,0.0008389658441,-0.02371527056,0.01296698096,0.008967905104
-1.189750548,-0.008673639235,0.0009094298813,-0.004624674855,-0.01308407872,0.0009998051509,-0.02609201126,0.008967252349,0.005758128145
-1.166775408,-0.01262514003,-0.002764990741,-0.01073147439,-0.01820658721,-0.002640872185,-0.02529299929,0.004429729275,0.007660301227
-1.107754064,-0.01250051869,-0.007342985625,-0.0143383386,-0.02300036816,-0.001204018781,-0.0234491182,0.004835547011,0.008483533337
-1.115247247,-0.01041564636,-0.0009112228353,-0.01121350698,-0.01599633222,-0.001920815292,-0.02625683211,0.009678394077,0.008176175882
-1.166138513,-0.009997017182,-0.005991252406,-0.006953203739,-0.01344742957,0.0005823368191,-0.02426158317,0.0108542587,0.009615627503
-1.143080201,-0.01101870495,-0.0007958741569,-0.006266686254,-0.02024433413,-0.003336663831,-0.02478073504,0.009479109628,0.005612249992
-1.114306354,-0.008987261147,8.441604966e-05,-0.00804266564,-0.01800935236,0.002644373315,-0.0232510056,0.003724738039,0.006746837196
-1.138831556,-0.005456370942,0.001344438569,-0.009002475908,-0.01383182736,-0.001034942073,-0.02519661052,0.008184197415,0.007350851184
-1.17080665,-0.006846792913,-0.0003325297367,-0.01066469699,-0.0134200657,0.001679113274,-0.02415473023,0.01021083189,0.008553507533
-1.098987291,-0.0058256781,-0.001408679274,-0.00867728122,-0.02018147093,-0.001194380003,-0.02526236144,0.009145719582,0.008386856775
-1.125337777,-0.004807053936,0.0008528575387,-0.005744105363,-0.01791566024,0.002086862516,-0.02379793487,0.008699444364,0.007348038896
-1.147879111,-0.00373358419,0.005032281942,-0.005255672504,-0.01389096611,0.001916965884,-0.02346365898,0.009078477897,0.008499453734
-1.146545226,-0.004105181355,0.003925673095,-0.008744229225,-0.01303550907,0.002269222405,-0.02256448131,0.007098209044,0.007066159349
-1.161921412,-0.003057526091,0.001983160586,-0.008341824647,-0.01480087615,0.001609660442,-0.02578403612,0.007097307711,0.009442536494
-1.16099956,-0.001963514601,0.002121089722,-0.007138129781,-0.01715915099,-0.0002063656462,-0.02310253442,0.008631910939,0.008185424286
-1.128435658,-0.001326131524,0.00724182708,-0.006718791537,-0.01498383683,-0.000177185151,-0.02499945121,0.009938269176,0.008271879202
-1.127732709,-0.0008170636402,0.005590962294,-0.005257547496,-0.01389364044,0.002452256981,-0.02169126855,0.008997457547,0.008089782062
-1.124009262,-0.001006245883,0.006691050352,-0.00792600762,-0.01576271416,0.002254221957,-0.02398415722,0.009381139921,0.008169762354
-1.123781929,-0.002476537856,0.001924124144,-0.007799811317,-0.01405488982,0.001149884378,-0.02300570253,0.01087696999,0.009421279863
-1.143992309,-0.001753487302,0.005274775435,-0.004341881318,-0.01274938315,0.0005556067634,-0.02425550384,0.008100313676,0.007681598048
-1.132600408,0.001090763713,0.005275748452,-0.005430507165,-0.01295903598,0.001433406838,-0.02302462979,0.007329755828,0.009956896079
-1.165892457,-0.0001191962954,0.006448662104,-0.006806407246,-0.01813699426,0.00199675172,-0.02211039556,0.008446558254,0.00729510814
-1.152298547,-0.002204390288,0.006625914362,-0.008293115115,-0.01275027874,0.003954989018,-0.02437183081,0.00964693436,0.00676594384
-1.147005127,-0.0005802955317,0.002920114786,-0.005682918649,-0.01259872323,0.002334674436,-0.02334757633,0.01129676097,0.008643677472
-1.118594439,-0.001469276335,0.007385019171,-0.00351870949,-0.01548400877,0.0009954204356,-0.02420145982,0.01030459143,0.009059230929
-1.144740326,-0.002619424751,0.004262446291,-0.005245917064,-0.01567198593,0.001255018218,-0.02465503302,0.009393932443,0.009228693983
-1.110743492,0.0005540771481,0.007988556824,-0.007176002234,-0.01433381579,0.001843332268,-0.02315583668,0.009470266569,0.008195808586
-1.139259098,0.00788806082,0.01589999457,-0.006511657429,-0.0123681415,0.006788153435,-0.02328861707,0.01070308997,0.009775992279
-1.155207787,0.008173041876,0.01654457359,-0.003344250454,-0.01359642075,0.00410816682,-0.02094963788,0.008760247863,0.007234136146
-1.131172689,0.006226303538,0.01416279485,-0.0005192908125,-0.01430862408,0.005285210304,-0.02151651658,0.01002676465,0.007619844007
-1.151407186,0.007433955684,0.0122275914,-0.003426935659,-0.01229610239,0.001799246907,-0.02249854533,0.01050588127,0.009477359598
-1.159463662,0.006136084678,0.01385919894,-0.00456226266,-0.01101774198,0.002684298503,-0.02429903654,0.01040356167,0.007663948202
-1.141631573,0.006304617808,0.01239583701,-0.006361522578,-0.0137187764,0.003598176039,-0.02316046617,0.009740658788,0.00844047083
-1.157014699,0.004096792446,0.01128518707,-0.003034797298,-0.01505577926,0.001445344951,-0.02060614757,0.008266450147,0.007543788223
-1.118083293,0.002290846403,0.01180273439,-0.003203813484,-0.01524094643,0.003855098694,-0.02310669608,0.009223674961,0.007070350417
-1.156127233,0.003990818087,0.01232072553,-0.002735597147,-0.01428248163,0.002070655791,-0.02367687685,0.01080373186,0.008349942643
-1.12090655,0.00324314264,0.009684993327,-0.00698912931,-0.01641867588,0.002646377195,-0.02232238264,0.009199348262,0.008835915891
-1.126264446,-0.0002144416796,0.009215847805,-0.006814270334,-0.01571508208,0.001168283522,-0.02511944926,0.01051664734,0.007715281595
-1.156543204,-0.0002265086172,0.006221016379,-0.005235590958,-0.01397463267,0.001528301992,-0.02404155052,0.006817265449,0.006195159051
-1.121800697,-0.0003626751103,0.007502214839,-0.003697380389,-0.01614248976,-4.033767616e-05,-0.0231300506,0.008711797988,0.007252021394
-1.102081753,-0.0008477667015,0.006310413635,-0.004994988879,-0.01817281708,0.002171084253,-0.023283428,0.00945567398,0.005307216844
-1.126811385,-0.00203371772,0.007146117525,-0.005257365682,-0.01814731312,-8.8221796e-05,-0.02440018763,0.00991441429,0.007172024097
-1.15305877,-0.002187809768,0.004795720738,-0.008065793471,-0.01418401272,0.00124181837,-0.02444011399,0.008055782831,0.006676105466
-1.156904145,-0.003545724877,0.005195260771,-0.005139170225,-0.01772027255,0.001540372721,-0.02696290317,0.009240981464,0.007493430165
-1.106213136,-0.002623689575,0.002242911356,-0.006350330771,-0.01794430637,0.0002924092363,-0.02319912935,0.008566221813,0.007586784745
-1.162366138,-0.00189694256,0.009064271009,-0.005541012232,-0.01473118414,0.0005526737481,-0.02137443159,0.006099761767,0.007205177872
-1.101412142,-0.001761920033,0.003095740325,-0.008030075556,-0.01454078581,0.001559324997,-0.0240043175,0.01042838737,0.00662063233
-1.115157527,-0.003544848674,0.008092528302,-0.006522738747,-0.01845782821,0.001489632661,-0.02298617295,0.01003687216,0.007311904218
-1.0730381,-0.003511090936,0.002812127395,-0.007370031444,-0.01711848553,0.001130008426,-0.02450563103,0.009550164048,0.006945483693
-1.119482817,-0.00255672588,0.002537582569,-0.005793992313,-0.01655752221,-0.0001337729384,-0.02447596651,0.009480431066,0.009019978836
-1.102163852,-0.002189534403,0.00589835743,-0.005852007631,-0.01537262899,0.0008299317009,-0.02283201315,0.007775075905,0.008507821903
-1.130802652,-0.004408807744,0.004943655782,-0.007708383345,-0.01741026259,-0.0014447337,-0.02286065066,0.009524147606,0.007316464965
-1.100166889,-0.001264470998,0.006726713879,-0.007279995699,-0.01735192939,0.003325409448,-0.02402147203,0.008026750677,0.006979358977
-1.100669395,-0.005436899102,0.002384228042,-0.005451510883,-0.01602234476,0.0001418484029,-0.02464010943,0.01028046729,0.006785263256
-1.149119652,-0.01327694117,-0.00600533299,-0.008746371024,-0.01784702961,-0.0005202696297,-0.02580729482,0.006765998077,0.006598643695
-1.13933459,-0.01181697306,-0.005994698225,-0.008408443161,-0.01885032433,-0.001821396192,-0.02390625018,0.008317249451,0.00612467209
-1.127779563,-0.009738791462,-0.004362544947,-0.009898885064,-0.01682528494,9.117305845e-05,-0.02539305336,0.007437660343,0.008532030385
-1.125835246,-0.01197688453,-0.001959451529,-0.006361636866,-0.01533128851,-0.001426218854,-0.02538582872,0.009315423349,0.006903063517
-1.150708664,-0.0113793676,-0.003209276955,-0.00743746562,-0.01803184267,-0.001526019848,-0.02481354588,0.008869138941,0.007336853461
-1.121388888,-0.009485079727,-0.002759483214,-0.006499555965,-0.01799514755,0.0008949357527,-0.02420244055,0.007539876264,0.00632559137
-1.11737121,-0.00577387793,0.0003317736176,-0.007226112512,-0.01935861531,-0.0003057737312,-0.02434323699,0.009325519702,0.007408750127
-1.148178995,-0.007646064786,-0.0005548724229,-0.008756671045,-0.01277149339,0.001342051113,-0.02510599456,0.008987633166,0.008144239778
-1.125075197,-0.009197125994,-0.001825282678,-0.01119522128,-0.01600689414,-0.001342597688,-0.02333213223,0.009066350323,0.007379246519
-1.103805997,-0.005186924,0.002982066925,-0.006424157345,-0.01583812218,0.000638285664,-0.02297045415,0.005845722875,0.008421414979
-1.121000135,-0.004527805962,0.002723614079,-0.005008327745,-0.01593436531,-4.927606447e-05,-0.02337223866,0.009553242589,0.007328629515
-1.101637783,-0.003549353998,0.003938648616,-0.006535505905,-0.01623107968,0.001599827725,-0.02343995848,0.01104395829,0.007944244001
-1.117973047,-0.003089028357,0.003404462002,-0.007730170447,-0.0146354915,0.001494953931,-0.02392014205,0.01016913741,0.005439038256
-1.134018159,-0.001888734322,0.005511373216,-0.008670646356,-0.01558127082,4.581658736e-05,-0.02345405868,0.007290234784,0.008840400083
-1.105788037,-0.001958435716,0.00375006379,-0.00649696996,-0.01496988965,0.001647460559,-0.02327436572,0.009705450717,0.009227338475
-1.143099516,-0.001665135757,0.005728532953,-0.00515276526,-0.01413939283,-0.0008954578831,-0.02378046151,0.008685307306,0.008465720973
-1.147336917,-0.0002122290968,0.005561222453,-0.006325071474,-0.01443719935,0.003150138806,-0.02281764075,0.009893258952,0.008817459661
-1.103810397,-0.001720587614,0.004794414538,-0.007460545315,-0.01718899896,0.001161634735,-0.02396607134,0.01052433531,0.008351137801
-1.124313918,-0.0007279517341,0.005186682405,-0.00697206369,-0.01474467679,0.001933797464,-0.02277090321,0.009532963456,0.00912399362
-1.116996902,-0.001907169485,0.004850825746,-0.00540256143,-0.01440134414,0.001614977476,-0.02270377282,0.01045343596,0.008690465481
-1.115229132,-0.0005511238554,0.005354151193,-0.005233021258,-0.01515440502,0.001225910402,-0.02258035757,0.00881567658,0.00834789687
-1.102009919,-0.001675736281,0.004946718338,-0.005534586937,-0.01451304317,0.001755109859,-0.02325092964,0.009235034808,0.008239869086
-1.102893609,-0.001564818435,0.006994148524,-0.009482819703,-0.01474736499,0.002074861851,-0.02315959073,0.008731290652,0.008162587969
-1.118132782,-0.001619894675,0.005152082375,-0.006555509094,-0.01436891028,0.002371013007,-0.02047538348,0.01009575837,0.008858979413
-1.142658539,-0.001389228445,0.007049431106,-0.004222513607,-0.01459792747,-0.0001648703096,-0.02431529621,0.009690874959,0.008952448618
-1.123981036,-0.0002280203398,0.003712540207,0.00124918174,-0.0142524001,0.002181506145,-0.0237075908,0.009185718013,0.009235800787
-1.14471781,0.005041544234,0.01078190507,-0.007454295385,-0.01651421396,0.003183889713,-0.02250602802,0.01033746968,0.00868586988
-1.08868297,0.009001522952,0.01592305737,-0.01287774314,-0.01405364027,0.005364140305,-0.0196238765,0.01011972639,0.01031813007
-1.149688122,0.008692067623,0.01892976138,-0.00596641555,-0.00520077349,0.001733208338,-0.02540319998,0.0101763186,0.009021504949
-1.172235539,0.006322328359,0.01433179264,0.003979299507,-0.01268121918,0.002917123879,-0.02153712101,0.007868964025,0.01014785198
-1.096218305,0.006620358035,0.01057842096,0.0001391288224,-0.02278263961,0.004970302458,-0.01905394578,0.01121190494,0.008525213153
-1.099542203,0.006272098289,0.01217047045,-0.003508537954,-0.02255875485,0.003301522459,-0.02498422604,0.01141700201,0.007281220905
-1.103806627,0.003759708452,0.01381045697,-0.009613856369,-0.008595157431,0.003877128731,-0.02658785634,0.01256196088,0.008603138672
-1.114522373,0.002318304384,0.009397777888,-0.008348253077,-0.008775779456,-0.0003187328269,-0.02036512597,0.008082751303,0.008457525575
-1.103624089,0.005550824437,0.01051069218,-0.005105778784,-0.01598884329,0.003392664903,-0.02136732888,0.004364278355,0.01042252848
-1.103361397,0.004317156207,0.008116602231,0.0009260062746,-0.02050173212,0.001036162843,-0.02187620872,0.007733205449,0.006333358656
-1.077433613,0.0002297098641,0.01323552743,-0.003165233183,-0.01346906819,0.005119460443,-0.02572885493,0.01560014107,0.008460360858
-1.125894835,-0.002013254622,0.007255174218,-0.005153418553,-0.01162068516,0.0005332927311,-0.02348181322,0.01145766145,0.006605380909
-1.06403539,-0.001197710085,0.005463129676,-0.009754062774,-0.01708971857,-0.0008455076222,-0.02301498387,0.00203123411,0.008272506123
-1.145869196,-0.001045882537,0.004781705797,-0.007805195408,-0.01746091393,0.001438918896,-0.02077344508,0.005593980784,0.007589498808
-0.9015786989,-0.0002585077758,0.008766430173,-0.003490791385,-0.01506005491,0.0004086428663,-0.02471185886,0.01188478656,0.008757517511
3.948947195,-0.002075092037,0.009436150424,-0.003072040652,-0.01334644492,0.003372311739,-0.02512597704,0.012269221,0.008487958343
4.531171241,-0.004700590105,0.004819406081,-0.007827897328,-0.02132676215,-0.002932509068,-0.02331136695,0.01031843274,0.005251595022
4.365478876,-0.004801316989,-0.002282267032,-0.009395180599,-0.01959813155,0.002222031709,-0.02249347904,0.00408758013,0.007594396041
4.439094289,-0.001598739622,0.004195904438,-0.006427822926,-0.01380468871,-0.002277095567,-0.02370125217,0.009539476366,0.007755367404
4.382968061,-0.001823815561,0.005501161927,-0.005483955798,-0.01539001188,0.001868077881,-0.02365101289,0.01116935321,0.008053841209
4.464176172,-0.002493060281,0.006580904181,-0.006694582192,-0.01972442225,0.0009858771718,-0.02326118076,0.01018093792,0.007158148001
4.377447458,-0.003534336084,0.006994588559,-0.006629992824,-0.01656019196,0.002172602955,-0.02446781122,0.004919787848,0.006449441461
4.428536285,-0.003640814407,0.00496531538,-0.004531026468,-0.0144800158,0.002566175036,-0.02146998148,0.007667232209,0.007005467149
4.441843728,-0.003774793763,0.0008585542937,-0.008102473101,-0.01113111197,-0.001823799869,-0.02436402813,0.01155423406,0.008670045959
4.4699267,-0.004349273867,0.002567289041,-0.006961038358,-0.01713786677,0.0008685064626,-0.02434212606,0.00820994751,0.00856861039
4.422484341,-0.001665927014,0.004444155378,-0.00732540579,-0.02038408686,0.0003368069125,-0.02443106908,0.009752561868,0.005983643913
4.449258658,-0.003737515834,0.009117737564,-0.004981329155,-0.01614852114,0.002837050522,-0.02235560752,0.007251012943,0.008605405991
4.424307534,-0.01127943642,-0.002175126278,-0.008480591941,-0.0150350523,-0.001834890779,-0.02399533813,0.007613321989,0.005738592504
4.463424237,-0.01382902536,-0.008272582043,-0.01021476701,-0.01956102335,-0.00134800134,-0.0240675331,0.007228090049,0.008752295236
4.492571647,-0.01121195704,-0.007750206869,-0.01041731853,-0.02265538858,-0.001380492479,-0.02660985636,0.01093803273,0.006307731698
4.423036469,-0.01031226345,-0.00234408808,-0.009011115952,-0.01755429895,-0.0008668710477,-0.02405117309,0.007710084131,0.008599690709
4.422747362,-0.01088160758,-0.002172672316,-0.007612610741,-0.01584934024,0.000399692827,-0.02264705613,0.006263276062,0.008202360001
4.390364468,-0.01078633393,-0.001081474654,-0.009521879034,-0.0197662618,-0.001200188901,-0.02218900625,0.005967249125,0.005183362372
4.452444007,-0.006378440246,-0.00198551977,-0.009004108815,-0.01548530795,0.00128594104,-0.02245738834,0.007456081357,0.007855604451
4.427696445,-0.005964362865,0.0006087933427,-0.006755837594,-0.01588985256,-0.002956029376,-0.0241064528,0.01360103689,0.007878919258
4.45365018,-0.007980636276,-0.001654118257,-0.008366568979,-0.01480186809,0.002243122823,-0.02509586354,0.0102673154,0.01025045187
4.348052945,-0.006626661012,0.0002587314645,-0.007424090819,-0.01854561214,-0.0006405499362,-0.02504263072,0.007765790423,0.008683632208
4.484204627,-0.005021835993,0.0004541227808,-0.009914353349,-0.01641514843,0.002648743414,-0.02415554825,0.005304541019,0.009429388116
4.339964205,-0.003712540526,0.005767746205,-0.006715218914,-0.01435371169,0.001438223275,-0.02217750203,0.009509466169,0.007198712616
4.564092974,-0.002983319477,0.004149203515,-0.00750790715,-0.01232107356,0.001542568129,-0.02323575325,0.009924966652,0.008355798154
4.170012565,-0.002545052967,0.002274780477,-0.006874597297,-0.01538445848,0.0004996924683,-0.0250328064,0.01171184879,0.007350629364
4.896971806,-0.002434936121,0.0003537364857,-0.007463102256,-0.01985996069,5.321041944e-05,-0.02311965705,0.007462925178,0.006756939938
1.964943002,-0.001914565445,0.00617224373,-0.007241829403,-0.0150685798,0.001011729427,-0.02313128114,0.00832193513,0.009087138973
-1.606684563,-5.467703675e-05,0.007081904977,-0.004941374885,-0.01329359875,0.001772978163,-0.02321490464,0.01041937337,0.008895304798
-0.9077847639,-0.002490500305,0.007237353273,-0.008509336853,-0.0152827214,0.003424157657,-0.02336913038,0.008314512136,0.01004913489
-1.250487135,-0.00236200553,0.00456587862,-0.006430943998,-0.01730697197,0.002296781385,-0.02174297306,0.006965878523,0.006718777669
-1.06118823,-0.001481028454,0.006220917068,-0.005950091498,-0.01380099404,-0.0001228307605,-0.02292951188,0.01020659131,0.01050898954
-1.169531649,-0.002406957621,0.00474935621,-0.00636781734,-0.01368159129,0.002913910787,-0.02432964758,0.01189588378,0.008934600544
-1.100437356,-0.001979657686,0.005076381599,-0.007599894265,-0.01782880289,0.001782982824,-0.02355284957,0.01016760758,0.008704024938
-1.144616044,-0.0001741268279,0.005820163562,-0.006838786459,-0.01290365507,0.002698316878,-0.02368443975,0.008186131777,0.008182603943
-1.151331153,-0.001018055936,0.006331335099,-0.005053041213,-0.01395301136,0.001428093174,-0.02178243903,0.00874700559,0.008549824766
-1.154583289,7.646233037e-06,0.01121615775,-0.007449513537,-0.01376873625,0.002911173434,-0.02233053709,0.009705946952,0.007536689641
-1.126209101,-0.001827620704,0.0007033997576,-0.007271876411,-0.01256714513,0.0009192669144,-0.02276275214,0.0111492358,0.009383718425
-1.121549191,0.002289835629,0.009298580057,0.001560886818,-0.02047282719,0.0042794967,-0.02435076042,0.009639024759,0.008717221611
-1.137528946,0.008925889539,0.018511755,-0.003590818377,-0.007459975844,0.002547246525,-0.02342961261,0.01584968177,0.01021204946
-1.140177646,0.007901458365,0.01849858206,-0.006591603302,-0.004809150866,0.004480842749,-0.01828316062,0.004435571542,0.009479495732
-1.15258787,0.007362416541,0.01151674981,-0.01068540634,-0.01657704944,0.002327870678,-0.02307707437,0.003774047901,0.007465009314
-1.130557541,0.004670466522,0.009055279696,-0.005050226047,-0.02662882165,0.003196614112,-0.02117161216,0.01395507184,0.01019598953
-1.152999212,0.00738863541,0.01770782242,0.002296076501,-0.01064823507,0.002803357603,-0.02399008441,0.01843172176,0.006005775466
-1.147288292,0.006921200798,0.01530614575,0.0004746779882,-0.001340137552,0.001740796592,-0.02441198128,0.01193531809,0.009880136845
-1.13632734,0.001356465582,0.008079491052,-0.007228261173,-0.0209862036,0.002033454529,-0.02049566463,0.001899103507,0.008324325234
-1.132076421,0.001825637339,0.009189847893,-0.0109130401,-0.02606293584,0.002214288977,-0.02462636156,0.00666792505,0.007616063793
-1.183827697,0.004329028442,0.01423664987,-0.002432939058,-0.01135375973,0.005281833053,-0.02425501529,0.01294185379,0.010477791
-1.112824428,0.002352618652,0.0136853572,0.001110920863,-0.006595328729,0.0007507122528,-0.0245498093,0.01674687999,0.008497553623
-1.153361407,-0.001396464334,0.00580015627,-0.007406932962,-0.01839260476,2.639077977e-05,-0.01942788905,0.004321842608,0.006962637896
-1.130071068,-0.0003989819731,0.002971546632,-0.006803840591,-0.02068332602,0.0010543214,-0.02339191477,-0.0003520427674,0.004548792428
-1.105484456,0.0008192464501,0.008413476856,-0.01049614626,-0.009581145218,0.002649771777,-0.02600764776,0.009609494527,0.007813712636
-1.142761137,-0.001284042245,0.009292650349,-0.004761771909,-0.01364602193,0.0002403204826,-0.02339671348,0.01540299475,0.009503712069
-1.104963312,-0.003237047323,0.003717064538,-0.004290836007,-0.02373654906,-0.002823926378,-0.02512446243,0.01096834018,0.007524055969
-1.140603101,-0.003836494926,0.005141568045,-0.006407633149,-0.02104640996,0.001629797582,-0.02333819261,0.003689304598,0.005170876585
-1.138210387,-0.005236204094,0.002831312284,-0.009348150741,-0.01144302124,0.0006560288909,-0.02238846087,0.009432519746,0.005340117129
-1.136164597,-0.00295288411,0.009120860932,-0.009117461415,-0.01090860216,0.002356566619,-0.02432018006,0.008715776266,0.006613034501
-1.130844815,-0.003034539406,-0.0003291734052,-0.005092038491,-0.02520782331,-0.0009709964125,-0.02228875968,0.00807745809,0.007949885732
-1.16447167,-0.001407552025,0.005278343179,-0.006949844035,-0.02128360246,-0.002222167569,-0.02605012413,0.008299893345,0.009559337959
-1.146278706,-0.002599526277,0.004746807382,-0.004429531828,-0.007194743999,0.001769790329,-0.02178384185,0.01042120018,0.008643617684
-1.103304837,-0.003471819539,0.01017833035,-0.007933595731,-0.01146004846,0.0001803963408,-0.0234565658,0.008216688797,0.005687983003
-1.117877433,-0.003738851843,0.004034196838,-0.009175443292,-0.02226310616,0.003341947527,-0.02339144137,0.008380348736,0.006701183386
-1.095995888,-0.003194295526,0.003117418202,-0.003640604344,-0.02124186157,2.349080024e-05,-0.02498868916,0.00797810171,0.006443026411
-1.168001206,-0.002093384833,0.006635695993,-0.003149005534,-0.007251198658,-0.0001223192045,-0.02417867067,0.008883260055,0.009490973075
-1.138751253,-0.002649201841,0.003511383626,-0.007277229916,-0.01577667816,-0.002298364195,-0.021536245,0.01028406021,0.009411199491
-1.131529179,-0.00841610977,-0.0001412648608,-0.01173164784,-0.02382464835,0.001445645461,-0.02434652265,0.008889789572,0.005961317776
-1.138839245,-0.01424952445,-0.003878390887,-0.01129282235,-0.0159509961,7.302033788e-05,-0.02611643567,0.009329913008,0.005597959848
-1.136458918,-0.01308994273,-0.003386866072,-0.007324706371,-0.01351199372,-0.002425835932,-0.0239199853,0.006496186022,0.005984627137
-1.128246598,-0.01158465162,-0.00420853305,-0.008700353864,-0.01914915122,-0.001846500221,-0.02427224466,0.007130289228,0.008913919638
-1.131003879,-0.01087934563,-0.005447899973,-0.007586780612,-0.02481292417,-0.00267318052,-0.02541368517,0.007331925153,0.007326423945
-1.114029952,-0.01039712994,-0.0006157611304,-0.01088280724,-0.01286218609,-0.0002444053707,-0.02704503855,0.01361468787,0.008967163511
-1.138332354,-0.0077483669,0.002394221765,-0.00919584105,-0.01123512335,0.001190855615,-0.02291875626,0.007593034413,0.005946270054
-1.144038101,-0.006796992537,-0.0007247593208,-0.006780979896,-0.0180312709,0.00220745085,-0.02225585875,0.003808281574,0.007210682867
-1.134430151,-0.009088443698,-0.001040258755,-0.006471231815,-0.02167672167,0.0004889215797,-0.0237485821,0.006355517684,0.007311128477
-1.128497255,-0.006839943948,-0.003455534098,-0.006789188418,-0.0121336339,-0.002082667239,-0.02545380211,0.01316365758,0.008206547884
-1.154516474,-0.00535154118,0.00356867412,-0.01163110709,-0.01075625635,-0.0002878892205,-0.0234052571,0.01361250618,0.009924106715
-1.157390191,-0.003160131958,0.002631802879,-0.00801223415,-0.01677363233,-0.0007536045199,-0.02229662048,0.007792919272,0.007895076401
-1.10646023,-0.003646899746,0.002862320231,-0.00642182221,-0.02002308461,0.003948532517,-0.02401453029,0.006834586886,0.006613951007
-1.189744677,-0.004432149119,0.00525274261,-0.00341413649,-0.01215400091,0.001013481939,-0.02300945677,0.009191773979,0.006431268988
-1.124357309,-0.001677411667,0.004598959308,-0.006061471967,-0.01458973189,0.0009878070421,-0.02283500142,0.009943444302,0.008009221749
-1.161288257,-0.001657848607,0.005278154373,-0.009937894613,-0.01820210278,-0.0008604725056,-0.02439973509,0.009993723802,0.008997067902
-1.137744985,-0.001906957121,0.002393125207,-0.007477902667,-0.01213537463,0.002056137748,-0.02381515226,0.008656861505,0.008192018558
-1.13130723,-0.0002697755112,0.008208750831,-0.003427449189,-0.009013104496,0.002365007287,-0.02192074895,0.007903879541,0.008167059628
-1.119082017,-0.001620141466,0.00529505932,-0.006034738541,-0.01321770629,0.004002832232,-0.02119774684,0.009019016233,0.006945458623
-1.108492663,-0.002752862614,0.007517799774,-0.005406426129,-0.01961130432,0.003911869203,-0.02574384273,0.01153246979,0.008595535742
-1.093488816,-0.00162487152,0.004534052188,-0.008614231862,-0.01282115053,4.440331568e-05,-0.02414275218,0.008479325616,0.008438973336
-1.153060123,-0.001216233447,0.008336628289,-0.004999493893,-0.01119721617,-0.0002293951759,-0.01995633794,0.007517181458,0.009416006437
-1.133601654,-0.002025763092,0.002586005205,-0.008186903199,-0.01555095643,0.001287402028,-0.02231216717,0.01163309154,0.009068590403
-1.076921198,-0.001041086419,0.009887938464,-0.003577027893,-0.02075214216,0.004055809192,-0.02343775486,0.007550512911,0.007388993791
-1.117167104,1.664739681e-05,0.006940735829,-0.005784748768,-0.01491766331,0.004094837808,-0.02625396824,0.009948928092,0.00537717642
-1.111423075,-0.001807666487,0.008145814039,-0.005557001586,-0.01310724847,0.001543186224,-0.02162111634,0.008353336953,0.00907681931
-1.140534992,0.0005322327068,0.005135152477,-0.007396951318,-0.01453183068,0.001473031189,-0.02149500945,0.007994647365,0.007463512722
-1.112314983,0.006149704604,0.01487223163,-0.005063724548,-0.01225451778,0.001573678206,-0.02148317467,0.01148782972,0.01024105809
-1.111194638,0.008830458259,0.01534769318,-0.002517529113,-0.008981404006,0.006533456422,-0.02427670551,0.01230282337,0.007794757309
-1.124561192,0.007679176966,0.01511957567,-0.002165792206,-0.01338450321,0.002986184593,-0.02171392911,0.01078658265,0.008459840532
-1.134027272,0.006026895251,0.01441899801,-0.004350502111,-0.01635192017,0.005602468585,-0.02169812315,0.005919005198,0.007492184921
-1.107544057,0.007642540041,0.01295060731,-0.003867485867,-0.01502058767,0.00178206819,-0.02108917357,0.008361081508,0.008679136591
-1.128955289,0.006280586924,0.01518886806,-0.004863913211,-0.009819665979,0.003481597036,-0.02327480257,0.01180062741,0.01077966389
-1.129804144,0.002895172059,0.01219668698,-0.003968582443,-0.01425790544,0.001365195726,-0.02245178144,0.0123772834,0.006475825968
-1.130377679,0.001548445291,0.01055851899,-0.004296519932,-0.01896771725,0.003596824084,-0.02189707678,0.007452976647,0.007246883229
-1.1295562,0.003282964235,0.01022055613,-0.003008000709,-0.01499802664,0.00223670393,-0.02212015632,0.009351561891,0.007882092239
-1.146061351,0.003264465805,0.01244126136,-0.003033662462,-0.01557733797,0.0020857974,-0.02351332981,0.009006387689,0.009194315165
-1.091908128,0.002083922382,0.008463715568,-0.007358099981,-0.00990416471,0.001579035225,-0.02359410651,0.01034205799,0.008324156477
-1.155385136,-0.0003406696282,0.007470631868,-0.00675202764,-0.02030227447,0.000643393712,-0.02288250162,0.006607418092,0.006003849971
-1.131910548,-0.001473363167,0.007147390973,-0.004328366011,-0.01453828128,0.003071741598,-0.02321777787,0.005197743961,0.00775076871
-1.131526596,-0.001633248123,0.005421378528,-0.004922873833,-0.0162375746,-0.0005640022764,-0.02195882346,0.007969367858,0.005380100163
-1.11100884,-0.0007044106494,0.005091149638,-0.008285026136,-0.01788602187,0.002363860977,-0.02333464635,0.008637311569,0.007081244548
-1.094044844,-0.001415128399,0.004474329357,-0.007456081523,-0.01792458202,-0.00251141676,-0.02512242937,0.01168873451,0.007744247817
-1.118279447,-0.003811408093,0.005386723066,-0.007180626139,-0.01768213704,0.00187406764,-0.02399979488,0.008705330436,0.007927343784
-1.142965319,-0.003019943452,0.005343010692,-0.005355879159,-0.0149663711,6.987542864e-05,-0.02176411635,0.00890669916,0.006895552917
-1.159814766,-0.002411139021,0.003971563395,-0.006192286051,-0.01910892756,7.319588936e-05,-0.02371383842,0.0079016865,0.007460399712
-1.14172837,-0.003346430893,0.004926455034,-0.006594660543,-0.01749431808,0.00220415979,-0.02349296377,0.01007392005,0.007602048617
-1.10977982,-0.002623011695,0.00529234831,-0.008029465331,-0.01463104952,-0.000175907496,-0.02350310425,0.009184934908,0.005846667415
-1.122056821,-0.002211531168,0.00563535467,-0.00536463354,-0.01528075785,0.001260354649,-0.02389492472,0.009323066995,0.008433208783
-1.15716302,-0.003617720948,0.004814082576,-0.005250430037,-0.01784985957,-0.0004718116219,-0.02387732942,0.006993125801,0.007244099731
-1.117976874,-0.002900053204,0.005116084109,-0.004384792891,-0.01651997353,0.001111885174,-0.02335251408,0.007132210082,0.007825050973
-1.140862107,-0.004689822691,0.002424237401,-0.007241885435,-0.01411544404,0.0002866356455,-0.02524495997,0.01022391421,0.007304210464
-1.098271644,-0.001854533187,0.005797121488,-0.006465112259,-0.01432206244,-5.44025264e-05,-0.0229551583,0.009451310267,0.00805529019
-1.124409578,-0.005581929206,-0.001079797756,-0.007690280293,-0.01986839089,0.001268667859,-0.02434219218,0.007987014119,0.006489478022
-1.125636125,-0.01169410949,-0.002867053294,-0.009130218341,-0.02138715186,-0.00164250753,-0.02437117199,0.007469516416,0.007202124403
-1.088788967,-0.01180908451,-0.003656462235,-0.01042690475,-0.01841967635,0.0002397643841,-0.02545129273,0.007760899069,0.005779187895
-1.099976137,-0.0116068721,-0.003390448056,-0.010328192,-0.01723489083,-0.002611324195,-0.02279859642,0.009359817842,0.007595664114
-1.124903922,-0.01013692859,-0.004330922279,-0.005195149723,-0.01434756024,0.0008786969838,-0.02647120493,0.007171299412,0.006246925371
-1.096436098,-0.009218271629,-0.004440760006,-0.002377568923,-0.01907410501,-0.001700511371,-0.02299302869,0.005572666769,0.006460201678
-1.134005407,-0.008435816251,-0.00369344361,-0.01448628451,-0.01616204226,-0.0009708944607,-0.02457464997,0.009277612221,0.007345331478
-1.126996443,-0.006937581217,0.0005071913105,-0.01585151834,-0.01910420455,0.001943693422,-0.02188907498,0.01036137673,0.007297888656
-1.134449451,-0.006729299377,0.001093128376,-0.009656300963,-0.009623410275,-0.000988874023,-0.02769659649,0.009440243268,0.009341143427
-1.103965011,-0.00946983768,-0.001214734022,0.001448339924,-0.0162529668,-0.0008648747082,-0.02015251523,0.00737422007,0.007851101374
-1.134086003,-0.005509616494,-0.001471165428,-0.005653917248,-0.01959319905,-0.001180483204,-0.02281994273,0.01066362515,0.006630835068
-1.070159219,-0.004976765516,0.002438608169,-0.006564318821,-0.02042135321,0.00282574996,-0.02489976322,0.009606439156,0.007889441732
-1.170498324,-0.003642805104,0.005694378608,-0.0132824331,-0.0119631067,0.0009446823784,-0.02670921898,0.01286457725,0.007809586782
-1.004419671,-0.004504329881,0.004743754364,-0.006952468993,-0.01378695148,0.0002754183227,-0.01904475196,0.005549982907,0.01079900408
-1.263258205,-0.003521173146,0.002324675298,-0.005891887148,-0.01643769559,0.0001294517061,-0.02270283865,0.007735934326,0.008676499263
-0.8838366017,-0.00191068563,0.002090780824,-0.003316293888,-0.02061723299,0.0007834671471,-0.02182047431,0.01057707137,0.008234584896
-1.587209909,-0.002763119345,0.009581213781,-0.007541904877,-0.01265241025,0.004474410516,-0.02877144576,0.01328962697,0.005982911224
2.06209883,6.028689091e-05,0.004051361216,-0.005286547939,-0.01083203009,0.001578342269,-0.02177657375,0.00792191498,0.008247093963
4.920852186,-0.0009967297557,0.007730124863,-0.009881662483,-0.01393906427,0.0001339758012,-0.02112884937,0.004057881123,0.008552426786
4.188436855,-0.0008190693679,0.002479462989,-0.005532487081,-0.01823932672,-0.001353936887,-0.02189045448,0.009859674013,0.009320635763
4.580576096,-0.0005917630308,0.007353268672,-0.005854293467,-0.01517954825,0.004565387795,-0.02532080589,0.01240422232,0.008625784846
4.305885194,-0.0008206163423,0.008041168868,-0.003575657372,-0.01502721844,0.002223810848,-0.02419003294,0.01441755377,0.008154373905
4.506696296,-0.001578463931,0.003196415567,-0.007036610993,-0.01587689445,0.002279021394,-0.02043408451,0.005850185838,0.008715056845
4.418579051,-0.001194635196,0.003823848625,-0.007140458848,-0.01692701412,0.0005811328664,-0.02308916583,0.004631778996,0.007507613986
4.464518298,0.0005492192365,0.001983433395,-0.007018112958,-0.014737153,0.0005346441569,-0.02267109118,0.009346327293,0.01032671744
4.389597831,0.0003013427875,0.007720379267,-0.005175022156,-0.01461018646,0.002411622708,-0.02429160514,0.01351702782,0.008405230588
4.430032,-9.38661526e-05,0.007108950227,-0.006232619427,-0.01650699561,0.002265101473,-0.0225237352,0.007480717644,0.009250839196
4.436859483,0.005077650624,0.01388601075,-0.004661023002,-0.01298465076,0.00451242126,-0.02144636251,0.006963019782,0.007927936925
4.455492969,0.008184096365,0.01496762514,-0.003678316311,-0.01267306377,0.003102337461,-0.01920494415,0.01035939415,0.007537332337
4.463933259,0.0078531893,0.01656401066,-0.003581642193,-0.0102007176,0.003293862812,-0.02357698828,0.01133215225,0.01169804938
4.443363674,0.007321411089,0.01334177462,-0.0009602945257,-0.01547329765,0.003317657535,-0.02366559476,0.01233237459,0.008821781343
4.444802381,0.006539576364,0.01662354001,-0.003574985502,-0.01562462889,0.004376195197,-0.02367437512,0.007676851067,0.008262787513
4.416802412,0.005831401457,0.01441707572,-0.001695424761,-0.01368320692,0.004269363107,-0.01936134607,0.007513040882,0.008463537183
4.395067659,0.003137972591,0.01107441712,-0.005724145151,-0.01314718366,0.002591706642,-0.0231514017,0.009476368123,0.007484305861
4.401560211,0.001448729587,0.008874456903,-0.005861204386,-0.01414375477,0.00285677227,-0.02172178042,0.01084178687,0.008604688432
4.416316794,0.004540059231,0.009530805461,-0.005180436162,-0.01801217257,0.0005975476907,-0.02330875802,0.01010795665,0.007848412635
4.420598661,0.004875840152,0.01421177752,-0.002725327972,-0.01468726989,0.002776865326,-0.02209658001,0.005635818039,0.00990190709
4.419272491,0.001116452738,0.009710819453,-0.006005734702,-0.01589060497,0.001446073775,-0.0217654054,0.007484949997,0.008005586924
4.391123166,0.001410766132,0.00902753812,-0.00597077334,-0.01743054245,0.003074449341,-0.02344875294,0.008726122879,0.00758675124
4.463873378,-0.0006648121086,0.003765965535,-0.00617867387,-0.01692490058,0.001546588557,-0.02519377817,0.009336416721,0.007160859311
4.379507594,-0.0008191356625,0.008067507013,-0.004821098,-0.01646504522,-0.0005007106291,-0.02392482865,0.01140558323,0.00982609702
4.425604458,-0.001509107387,0.004438982919,-0.005602836602,-0.01452762958,0.0004212846481,-0.02546669656,0.008137812081,0.008677397875
4.397745214,-0.002849206651,0.008055384594,-0.005998615099,-0.01785387656,-0.001568159076,-0.02285074216,0.005579043797,0.007617899105
4.496342243,-0.00276270409,0.003588601866,-0.008640966419,-0.01673155744,0.002302737876,-0.02331936428,0.006898041516,0.006834265833
4.10525745,-0.00365225967,0.004965956368,-0.008593172609,-0.01663121819,-0.002233860415,-0.02149281256,0.008688358082,0.005324786119
-0.7331679374,-0.0009692923291,0.006466561251,-0.004340682635,-0.01409908166,0.002189824789,-0.02329119443,0.009859748222,0.007623486111
-1.172500245,-0.002705189973,0.004007857635,-0.004132878891,-0.01971677468,-0.0002031012381,-0.02162003738,0.008910758285,0.008076698863
-1.084787634,-0.003424428261,0.004602758353,-0.006811568719,-0.0178515729,0.0008043890586,-0.02406432738,0.006874427633,0.007640099109
-1.163054807,-0.004231450796,0.004566067699,-0.006118675411,-0.01643353454,0.0004192986652,-0.02441857184,0.008934600562,0.007157368814
-1.149650439,-0.003445293641,0.006328702333,-0.00736907183,-0.01513597584,0.001562343088,-0.02409213439,0.01001452329,0.007097723324
-1.136534198,-0.003186770761,0.005704416453,-0.006174661381,-0.01601322181,0.001225640554,-0.02314259744,0.008662139146,0.007606787827
-1.171624501,-0.003144706418,0.003448375752,-0.004855016107,-0.01755443268,0.0003672598234,-0.02292159893,0.007881621074,0.005537665655
-1.163737083,-0.004123366788,0.004685837063,-0.005473675584,-0.01709667802,0.0001825072903,-0.02307261727,0.009996040536,0.006914631083
-1.112208813,-0.004031428418,0.002606853243,-0.008141793327,-0.01586717942,-0.001071906639,-0.02451396413,0.01019994324,0.007882815195
-1.155072365,-0.0108817785,-0.002300388168,-0.01034643151,-0.01652087427,-0.0007095850209,-0.0253780707,0.007204419529,0.006876925109
-1.11713621,-0.0119498672,-0.0053435999,-0.009625810158,-0.01740052342,-0.001866943735,-0.02517014231,0.005346418115,0.005586459673
-1.153055619,-0.009988321793,-0.0003115120785,-0.007020095316,-0.01789174969,-0.001586723178,-0.02356922913,0.005144214957,0.008786222084
-1.127567955,-0.01087749377,0.0006971159335,-0.009273546069,-0.0174982972,0.0006403138183,-0.02560793223,0.007834479526,0.006485275069
-1.120207617,-0.01105046144,-0.01267927331,-0.009370786884,-0.0152678538,-0.002346305193,-0.02417581195,0.01180249709,0.007508914696
-1.175247768,-0.009844872341,-0.001911040703,-0.006856794465,-0.02597545466,-0.0003715548322,-0.02560849547,0.006942064125,0.007440935042
-1.14756894,-0.00769211635,0.000424044317,-0.007309330613,-0.008345399116,-0.003407370183,-0.02502502913,0.01093708108,0.007019747585
-1.137716908,-0.006269128774,0.005773618268,-0.006968491657,-0.008283421851,0.001739455074,-0.02092294209,0.00375300531,0.009435653926
-1.128992268,-0.007854791772,-0.005063243986,-0.01218216288,-0.02271580508,-0.0007717945251,-0.02605927166,0.006846770324,0.006967252501
-1.134041552,-0.006606214286,-0.001136459312,-0.01022882851,-0.03176871232,0.0007953049667,-0.02192351689,0.01057896147,0.008290582778
-1.134208179,-0.003035610268,0.005596080305,-0.00494290604,-0.005363701852,0.002678225872,-0.02655869041,0.0162560796,0.006370549992
-1.120956631,-0.003277621323,0.003988621061,-0.005124714363,-0.00194465296,-0.00148186787,-0.02376944255,0.007547983817,0.01072923371
-1.139032892,-0.004643916109,0.002848648915,-0.006622906912,-0.0261525795,0.003132755762,-0.0198826149,-0.001573310028,0.007105530912
-1.138354984,-0.002973203026,0.0008265333396,-0.01080265321,-0.02705110236,-0.0008058135509,-0.0247298186,0.00846115689,0.006732333531
-1.125709878,-0.0014304501,0.009302253034,-0.006521649403,-0.01020138612,0.006645687277,-0.0254519294,0.01426977129,0.008716866844
-1.161431118,-0.0009783423747,0.005456307074,-0.004934226786,-0.004251089869,-0.001471432999,-0.02467879775,0.01644293278,0.006945028558
-1.107975125,-0.00290179311,0.00239763547,-0.008345136424,-0.02000679468,0.002208160468,-0.02098705957,0.0006049596347,0.009955954165
-1.117090224,-0.0007629752906,0.005374301957,-0.003175293737,-0.01892015658,0.002243578451,-0.02280075806,0.00584144887,0.006386248075
-1.142077471,-0.00112976475,0.009196586282,-0.007453602179,-0.006464534817,0.003536917906,-0.02693179492,0.01217034961,0.01000988463
-1.10981157,-0.002279284623,0.009357283823,-0.005220547403,-0.0113165574,0.003426897283,-0.02280599547,0.01370404728,0.008760357142
-1.121499875,-0.0002412017122,-0.0003530435253,-0.008278159032,-0.02461898161,-0.003607731722,-0.0236073439,0.007447296552,0.008119571045
-1.142673232,-5.934528648e-05,0.005639495381,-0.004708419636,-0.02105594353,0.005354822171,-0.02272621584,0.006836902952,0.008302006502
-1.122057581,-0.00126012027,0.007877115193,-0.005311236769,-0.007089169946,0.0009056243947,-0.02223328189,0.0154722993,0.005268290869
-1.137857708,-0.001054468253,0.009753180316,-0.008094929843,-0.01017646116,0.00471396825,-0.02497108222,0.007868093376,0.01123894554
-1.105432113,-0.0006697155622,0.001027129012,-0.007216553002,-0.02338959424,-0.0005801556827,-0.02348476268,0.009251967038,0.008102507918
-1.134421321,-0.0005073673263,0.004740456881,-0.007042436094,-0.01515252939,0.001741963934,-0.02571192007,0.006869207748,0.009350172865
-1.11458455,0.003428880119,0.01176832546,-0.002755478878,-0.00259734357,0.005302246474,-0.02138414009,0.01342613148,0.008953395487
-1.11504871,0.00796942771,0.01886967013,-0.00439224324,-0.01582859372,0.002520341158,-0.0213683053,0.009366290674,0.007622939606
-1.13507732,0.007172915755,0.01307584481,-0.003844576338,-0.02111936669,0.007577064008,-0.02346581596,0.008328353741,0.008984608951
-1.125704889,0.007718969992,0.01417977132,-0.0002542649454,-0.01390327528,0.0002755010329,-0.02272698872,0.01005445905,0.007079059181
-1.134932556,0.006963590386,0.01519088204,-0.002069265629,-0.001761318488,0.004055429444,-0.02235079345,0.01051014712,0.01106125973
-1.109468898,0.005498794462,0.01280330703,-0.004051887275,-0.01631275645,-0.0008099279486,-0.02228039851,0.01195303371,0.007520475798
-1.14901842,0.004777575748,0.01382231436,-0.005890735018,-0.02424982265,0.005823329744,-0.02363911042,0.008727853752,0.007897368182
-1.145651219,0.001497025745,0.01040075511,-0.005097570892,-0.0128322268,0.003398593605,-0.02424262927,0.01110147722,0.005351951592
-1.162631588,0.003549693267,0.01264449341,-0.00297409584,-0.0121725345,0.002233344907,-0.02171251183,0.008779583905,0.00844811067
-1.11121859,0.00470603401,0.009212891851,-0.003254322206,-0.01674759103,0.002508303457,-0.02211851039,0.009647250365,0.009537567627
-1.125307395,0.003002156138,0.009288401754,-0.00485546964,-0.01860867294,-0.0005702974938,-0.02446552969,0.008282147964,0.006928024576
-1.149418353,0.001139669655,0.01032864035,-0.005862194802,-0.006698142155,0.003907841611,-0.02411333549,0.01174910106,0.01053000671
-1.12570047,-0.000724481854,0.007615785758,-0.006703262645,-0.01299421214,-0.001475258079,-0.02154415093,0.008344754126,0.004429217384
-1.123006113,-0.001393617395,0.00625014903,-0.00597281941,-0.02081986914,0.003185533878,-0.02151707676,0.005985785283,0.006970348656
-1.139755907,-0.002205141559,0.003357092457,-0.005962723456,-0.02089723388,5.732028685e-05,-0.02492274731,0.009113296172,0.005373101388
-1.146587209,-0.0004451109111,0.005688378652,-0.005848813909,-0.01031985064,0.0009019319887,-0.02523854171,0.01048099159,0.008812296117
-1.120057238,-0.002495871824,0.007490605642,-0.00928361456,-0.01410783102,-0.0002166446751,-0.02491246466,0.009045811897,0.006574776395
-1.130207415,-0.005051138679,0.002964903702,-0.007367533112,-0.02082675318,-0.002359901106,-0.02421597272,0.004796356944,0.008261264467
-1.139981054,-0.002334765468,0.004190188439,-0.005657863948,-0.01791216916,0.004170738578,-0.0238087327,0.008312446432,0.008283944211
-1.11413803,-0.002956111403,0.005161578771,-0.004199290044,-0.01275035845,-0.001878095833,-0.02523702285,0.01167295265,0.005910398001
-1.1552059,-0.002257963113,0.003491506903,-0.008166874071,-0.01585235686,0.001765919022,-0.0219164576,0.00761965013,0.008500551021
-1.132197942,-0.003371548879,0.005056631435,-0.007682264518,-0.0227724132,0.00103544235,-0.02660930949,0.009981407406,0.005902217871
-1.151966985,-0.002559989892,0.005801098389,-0.007103700877,-0.01266174865,0.002319663565,-0.02473550551,0.007760485366,0.008356868298
-1.190888637,-0.00309994428,0.00613594361,-0.003566273212,-0.01228581638,-0.002569606105,-0.02180939185,0.00805260264,0.008103004199
-1.108807467,-0.002006045617,0.001119465451,-0.006454451067,-0.01508755386,0.0003284944865,-0.02238550518,0.008626304375,0.008074167686
-1.126741293,-0.003690926451,0.003484675511,-0.007933767829,-0.02243485588,0.002019143145,-0.02514234814,0.01105439942,0.005227854662
-1.1074336,-0.003558741482,0.006891648393,-0.006225709272,-0.01788788092,0.001616075363,-0.02582884537,0.009875292943,0.007479967113
-1.122463832,-0.009200145686,-0.0009676319861,-0.006291709983,-0.01418276227,0.0001842275965,-0.02452565417,0.005527084388,0.006987221658
-1.144059259,-0.01397469215,-0.00755819839,-0.009161428322,-0.02178255238,-0.003365002408,-0.02263824403,0.005835546849,0.007534315923
-1.171620172,-0.01232781981,-0.005095924359,-0.009987008977,-0.01614427361,-0.001389873899,-0.02526282863,0.008304868996,0.005386421901
-1.143296382,-0.0105963669,-0.004563642296,-0.008887412461,-0.01688117334,1.684015697e-06,-0.02407183857,0.01107334702,0.007052008445
-1.150234902,-0.01002525964,-0.002359142945,-0.01050405931,-0.01644896851,-0.0001843575296,-0.02444488466,0.009012722661,0.006539424825
-1.143050251,-0.01023642671,-0.002826353173,-0.009131050929,-0.02300882504,-0.000486993759,-0.02384662271,0.006005414937,0.007334907812
-1.13776763,-0.008172738547,-0.002669960773,-0.007584683959,-0.01832407068,-0.0003461978874,-0.02451562507,0.006984156823,0.006644852411
-1.125350553,-0.005095384133,0.001523946661,-0.007401001396,-0.01102562596,0.0002866241038,-0.02403776265,0.01024389278,0.00810314126
-1.130155648,-0.008783133019,0.0002681959684,-0.009572617719,-0.01483390663,-0.00119714591,-0.022839564,0.01032819592,0.008195300966
-1.129897518,-0.007786407198,0.0001428940657,-0.01100753524,-0.01712092081,-4.551189076e-05,-0.02492647134,0.006619355156,0.00669790841
-1.116991103,-0.00616198839,-0.001821206199,-0.004822458058,-0.02063222096,0.00173606697,-0.02265436299,0.009899700984,0.008459790006
-1.131236236,-0.004010557375,0.004205204272,-0.003839736363,-0.01620972908,0.000627439715,-0.02546142792,0.01149566126,0.005192377353
-1.140216083,-0.003334839444,0.005297323761,-0.007510959294,-0.01251968109,3.189595737e-05,-0.02233748888,0.009862717737,0.008335678095
-1.131459565,-0.001977354057,0.003999543933,-0.01347356073,-0.01361282551,0.0006157518454,-0.02387996633,0.005903873707,0.00861985286
-1.122897311,-0.003178212418,0.005763165916,-0.006792055337,-0.01418641544,0.002282006405,-0.02244569007,0.006077845443,0.008842606445
-1.092054674,-0.002082088849,0.004019739695,-0.003520138873,-0.01643958441,-0.0004835225485,-0.02180907004,0.01120561991,0.007526580088
-1.102531253,-0.001153471369,0.006332795757,-0.001570761578,-0.01808549814,0.004085572697,-0.02320054878,0.01198078146,0.008568549719
-1.134006766,-0.000158329538,0.004109118523,-0.008868699862,-0.01720250979,0.001467871929,-0.02425583065,0.009774903726,0.007212856466
-1.10195556,-0.0009682634803,0.007429169091,-0.007337899162,-0.01355831407,0.003426928182,-0.02066851334,0.004845411664,0.008746203214
-1.12168281,-0.001750867514,0.006149710924,-0.008300624622,-0.01038624788,0.0006000096195,-0.02315266521,0.007901746174,0.007471767872
-1.174479089,-0.001168203056,0.005371115025,-0.002103351578,-0.01653547077,0.001151176342,-0.02319197188,0.01070562001,0.01198468984
-1.127886161,-0.001471482503,0.006236358221,-0.006258323156,-0.0180313625,0.002510240128,-0.02604268604,0.01163378549,0.00772635541
-1.148758469,-0.0006284061361,0.004243027777,-0.006117168939,-0.01701900052,0.002188644999,-0.02172736004,0.009414121635,0.008471659737
-1.111956133,-0.001707238732,0.005601329597,-0.01027008996,-0.01041111325,0.003977515416,-0.02209696521,0.007860403549,0.008272070722
-1.101137191,-0.0009530659966,0.005431515246,-0.005185732046,-0.01595402386,-0.0005265658636,-0.02340269881,0.008431942947,0.008430624895
-1.099743053,-0.001382267155,0.005629428114,-0.003281004282,-0.0166066177,0.004569832562,-0.02279113507,0.006898995157,0.008798965309
-1.125516013,0.001167226322,0.00839376247,-0.004433652147,-0.01465533677,-0.0004442178707,-0.02502905928,0.01116353408,0.008216323069
-1.153255658,0.007362484198,0.01448391715,-0.003879136749,-0.01265813655,0.005925823272,-0.02173845247,0.01094189899,0.009072310538
-1.07872365,0.007538040061,0.01768446456,-0.005335507089,-0.0118860477,0.003181435776,-0.02248671475,0.01109526829,0.008648066778
-1.132596517,0.006177451219,0.0113113537,-0.004713617269,-0.01414342835,0.004719876674,-0.02028134409,0.009270847675,0.008938836776
-1.144111657,0.006361191347,0.01378904872,-0.002480515005,-0.01397642896,0.002914690524,-0.02297748335,0.009312373798,0.008278458678
-1.089777198,0.00694075345,0.01488367377,-0.002479570094,-0.01296380641,0.002497405305,-0.02252492603,0.009809346801,0.009600022424
-1.097746115,0.004365398791,0.01380678536,-0.004126622536,-0.01500674941,0.003027642782,-0.02317789176,0.008950369819,0.009283570348
-1.164638993,0.003067412926,0.009803117269,-0.006087427379,-0.01556213853,0.003395443108,-0.02266600364,0.0089648253,0.007569825203
-1.11050377,0.00253995961,0.01070630046,-0.006641604809,-0.01326047562,0.00212828595,-0.02234315859,0.00978652346,0.00820444729
-1.106718665,0.004901473749,0.01129830681,-0.002563269019,-0.01643884147,0.003093117641,-0.02276520888,0.01220060676,0.00796276525
-1.103164818,0.003072605385,0.01138506308,-0.002441657987,-0.01406415695,0.0009952045968,-0.0249751881,0.009022929922,0.0100054076
-1.09865761,0.001142988769,0.007928126273,-0.002890434905,-0.01798406114,0.002712110324,-0.02277403221,0.008741289826,0.006578046483
-1.093106588,0.000206431196,0.00790860895,-0.01051180717,-0.01489823367,0.0001026531751,-0.02496772872,0.00694746933,0.006769550671
-1.111162892,2.420533785e-05,0.006533761872,-0.007956254137,-0.01656287705,0.003924100372,-0.02150519472,0.009313258646,0.007814358253
-1.104063298,-0.000429438235,0.006120305697,-0.007928015732,-0.01602703426,-0.0004853601222,-0.0254887641,0.009988408023,0.008267101889
-1.105645027,-0.001914870004,0.006180314532,-0.002180048449,-0.01752856527,0.001493564595,-0.02094287569,0.007889842735,0.007592504145
-1.063655172,-0.003218192036,0.004252194774,-0.006932717994,-0.0186283304,-0.001133784157,-0.02301696762,0.009247713719,0.006597519015
-1.168066167,-0.004166294132,0.005991423489,-0.005173498932,-0.01672028032,1.26860111e-05,-0.02430636063,0.007957410019,0.006166434769
-0.9920672268,-0.004011161568,0.004344976134,-0.01029123828,-0.01624566216,0.0001731574863,-0.02360220043,0.008854365234,0.007570655795
-1.114285929,-0.003053747653,0.007407303919,-0.006550877609,-0.01843201441,0.001752297869,-0.02172089795,0.006263452425,0.007186850694
3.5723073,-0.002313792739,0.003347259388,-0.006591268032,-0.01639310977,0.00154165958,-0.02329101096,0.00983064104,0.009445790929
4.650537249,-0.00426869142,0.006066035034,-0.00443301934,-0.01983687304,-0.0002578353755,-0.02422036759,0.00973533886,0.007741296041
4.352076021,-0.002428891826,0.004944874745,-0.005598076959,-0.01197510011,0.000329789329,-0.02394128418,0.01172285309,0.009433992395
4.480573062,-0.003486925893,0.004189133153,-0.008216096768,-0.01602280963,0.0001519207382,-0.02261175575,0.007844813314,0.007625490379
4.386365973,-0.002748369513,0.006141915265,-0.00759415306,-0.01506826786,0.00117402981,-0.0240814351,0.006554295149,0.007330830823
4.489021714,-0.003130645383,0.002744989469,-0.005415897591,-0.01841314422,0.0002921874888,-0.02326512281,0.008387064219,0.007854205389
4.448350219,-0.003294658302,0.008024544097,-0.004587178595,-0.01837547658,0.001871551554,-0.02448958428,0.01059552142,0.008629376398
4.473170983,-0.007067905095,0.0004829018029,-0.007037495979,-0.0162887865,-0.0002072765909,-0.02404700596,0.009258218093,0.006891897586
4.425863346,-0.01432515246,-0.00490444089,-0.01083374779,-0.01771038658,-0.002437297867,-0.02277720805,0.005806577046,0.006862827567
4.387164424,-0.01200372063,-0.005116446237,-0.009874411068,-0.01729976823,-0.001421552368,-0.02459654635,0.006267595019,0.008430207717
4.379722377,-0.01049532144,-0.003687413369,-0.007722043125,-0.01869006485,-0.002221628518,-0.02494569773,0.007600996817,0.007659171372
4.41749301,-0.01139843927,-0.00224119074,-0.007926504716,-0.01760678067,0.001015358734,-0.02509166469,0.008692078512,0.007006986093
4.449334616,-0.01078030492,-0.003210265338,-0.01054968724,-0.01924721322,-0.001469605237,-0.0239781484,0.007830053807,0.006474920733
4.427956373,-0.01015708342,-0.003612031562,-0.009198014721,-0.01456991926,0.001820975368,-0.02427817193,0.008722570036,0.008197307391
4.489054888,-0.005730222649,0.0008330337906,-0.006591563504,-0.01675050515,-0.001584090154,-0.02343869167,0.01003858342,0.00817827204
4.476948969,-0.006784349969,-0.001300630351,-0.00845284102,-0.01509411578,0.0005265627982,-0.02557783931,0.009687139053,0.008858928573
4.422310686,-0.00827326042,-0.001343877785,-0.008517393835,-0.01727094027,-0.0002872549688,-0.02332397456,0.007139098009,0.007816452512
4.434446008,-0.006188083582,0.001777661858,-0.007202855748,-0.01588538107,1.321700304e-05,-0.02427456325,0.006773521184,0.007969975687
4.414796846,-0.004893425175,0.00521863128,-0.007728803139,-0.01657696441,0.00148733577,-0.02293511611,0.01013000261,0.00891679712
4.409166491,-0.00250450092,0.003889979429,-0.006546016986,-0.0175440205,0.0005471931003,-0.02273396754,0.01073174231,0.007316892429
4.404996985,-0.002047146367,0.00176207002,-0.006659451222,-0.01544270266,0.001842353786,-0.02286813989,0.00941830027,0.008262923516
4.376901336,-0.002310714527,0.004452536276,-0.007022829366,-0.01651772408,-0.0003722588252,-0.0252043485,0.00902637261,0.00691920334
4.463644744,-0.002325824199,0.005678745501,-0.006087870884,-0.0143418603,0.002152734738,-0.02263679104,0.008400626273,0.009298981162
4.347768232,-0.002026546387,0.006288516121,-0.006064721614,-0.01667080177,0.001775551286,-0.02386574988,0.009734821424,0.007593595472
4.554097287,-0.000367414645,0.0062052828,-0.007247938692,-0.01509145225,0.003977640808,-0.02294738459,0.01006348937,0.007865491879
4.21725996,-0.002831794386,0.005581069513,-0.006526204492,-0.01513213522,0.001158108076,-0.0223877751,0.01155098195,0.007454728301
4.778942163,-0.000734383229,0.006449720413,-0.006549824589,-0.01312959155,0.001970188044,-0.02266156318,0.009107964925,0.008084465141
2.83992665,-0.001451621264,0.004909577547,-0.00557570508,-0.01387109582,0.0007131219066,-0.0235021259,0.009213087007,0.009196943656
-1.461038737,-0.0004317118117,0.005750469111,-0.006606541815,-0.0159679304,0.00167152606,-0.02267071046,0.008696776099,0.009288708277
-0.964177974,-0.001549171974,0.006825507898,-0.006815740286,-0.01382659364,0.001859570147,-0.02408273178,0.008646248596,0.008039471485
-1.236669797,-0.0009974182001,0.008690719231,-0.006177036876,-0.01536880785,0.001567421583,-0.02313255044,0.01136660305,0.008596151222
-1.017674466,-0.001838036458,0.00636474134,-0.006283428342,-0.01472107376,0.003212594384,-0.02252030336,0.009710164174,0.007178448843
-1.192730463,-0.001025890825,0.006345190088,-0.005252291513,-0.01491551612,0.0010139698,-0.02217795915,0.01009342488,0.008934397705
-1.068744211,-0.000832338201,0.003165129963,-0.006867527725,-0.01401533718,0.003703351189,-0.02343979921,0.009833402739,0.009751151819
-1.160527241,0.006212006135,0.01416529879,-0.005302297894,-0.01329280303,0.003303654208,-0.02215119688,0.01084419978,0.009263550553
-1.124663622,0.008138620873,0.01516535125,-0.003169705873,-0.01330176233,0.00545480075,-0.02107648361,0.008236055724,0.009242323926
-1.17235988,0.007954304882,0.01739642126,-0.004043940769,-0.01356782964,0.003133909328,-0.02146049216,0.008979720549,0.007617623935
-1.12257534,0.005260606596,0.01206570006,-0.003827011755,-0.01566650709,0.005119534972,-0.02095786928,0.01062336485,0.009226620044
-1.096257203,0.006714643567,0.0151585524,-0.003817636841,-0.01418968912,0.001713569414,-0.02333631369,0.01192120252,0.008162802366
-1.128977508,0.006834999716,0.01168404786,-0.003215823186,-0.01196951393,0.004563558977,-0.02219597881,0.00968671758,0.008861115826
-1.151167042,0.004291623124,0.01185246981,-0.003951081402,-0.0156225091,-7.797549518e-06,-0.02308222356,0.009170034617,0.009459436423
-1.091666346,0.001625998169,0.009669070267,-0.004436549996,-0.01413831002,0.003844597324,-0.02293111556,0.007560682493,0.008174850301
-1.146447508,0.002358625959,0.01385944481,-0.006325368384,-0.01635796814,0.001764320211,-0.02236723766,0.009943671518,0.008926890149
-1.141731765,0.003765649484,0.01696394929,-0.002265648906,-0.01415774591,0.004390706199,-0.02329333748,0.009621549941,0.006964314148
-1.160888944,0.0007171855983,-0.0008429795729,-0.005682516784,-0.01404291234,-0.001002351626,-0.02355518886,0.01146566283,0.008381433142
-1.146833126,-0.0002919757199,0.009191229241,-0.006920697627,-0.02302625709,0.003140742229,-0.02217283785,0.005686807779,0.008919802964
-1.169122944,-0.0007848100369,0.008638635519,-0.003465576923,-0.004818877074,-0.001795239757,-0.02562002274,0.009290057676,0.007639966824
-1.1257865,-0.001691277276,0.01197427422,-0.0004356354461,-0.009926887522,0.003479769433,-0.02373351046,0.004675941161,0.009822695137
-1.1127169,-0.001800002674,0.0006776873419,-0.006679260763,-0.02579276072,-0.001702721921,-0.02225555652,0.007294823439,0.00606464411
-1.11479966,-0.003900245045,0.005913765698,-0.0107769638,-0.03132234548,0.002613648751,-0.02539739279,0.007393220799,0.006664616042
-1.168716584,-0.003170936562,0.007738767959,-0.009418984222,-0.002588617975,0.002034080251,-0.02607120511,0.01669678453,0.006605228443
-1.086056442,-0.004558855566,0.005162050368,-0.005824408271,-0.006193829137,-0.003125213336,-0.02450097796,0.009089004822,0.007767201114
-1.151472897,-0.002900712278,0.006613273691,-0.0024506717,-0.02761092399,0.00472901559,-0.02145013442,0.0007232523233,0.01099748198
-1.127583815,-0.003372497032,-0.0001511027309,-0.007058988568,-0.02664412168,-0.001890463804,-0.02421102906,0.009297629808,0.003864539237
-1.194622558,-0.001678501229,0.01172858293,-0.00840748317,-0.007863618488,0.006785109263,-0.02670654293,0.01407651684,0.01086130616
-1.130335732,-0.003569151135,0.004340219531,-0.008106061347,-0.003524219602,-0.002890463374,-0.02387734675,0.01316373866,0.00220704499
-1.140218667,-0.00398789879,0.00386664524,-0.007615381604,-0.0261020519,0.0009972061244,-0.02221671173,-0.0002528354829,0.00945885099
-1.120444933,-0.002721779678,0.004889154338,-0.002987461545,-0.01942852378,0.004079317162,-0.02467256979,0.007642065639,0.005619948136
-1.110035262,-0.003672911769,0.0088866561,-0.003659314963,-0.008624333138,-0.001883926936,-0.02633216505,0.01036869714,0.008545155561
-1.158477142,-0.002915376456,0.007251061954,-0.008594559524,-0.01039044054,0.003329050824,-0.02441192282,0.01111327535,0.009258698721
-1.137527852,-0.003797527509,-0.004770605445,-0.01078156366,-0.02935726114,-0.006918976226,-0.02243379871,0.008261320588,0.00414175139
-1.101861988,-0.01068665047,-0.0007126216664,-0.008043860942,-0.01758467763,0.006176302503,-0.02505638175,0.006186828297,0.007783665435
-1.120452463,-0.01181616682,-0.002460458472,-0.005914865598,-0.01065863024,-0.005376715369,-0.02617245859,0.01230341737,0.005016442251
-1.177330255,-0.01129123446,0.002062189448,-0.007913583236,-0.01900926385,0.004395562279,-0.02379323315,0.001593150402,0.008789708859
-1.139298059,-0.01158472847,-0.009047630281,-0.01233570133,-0.02568254024,-0.004974704264,-0.02574675254,0.008689610953,0.003493679052
-1.111196321,-0.01005896555,-0.003053978553,-0.01035547844,-0.01360212594,0.001056312518,-0.02561959599,0.007106421884,0.008594308758
-1.115871967,-0.009265262227,-0.004313047865,-0.007715043418,-0.006024488765,-0.0006939130428,-0.02333506921,0.01486243055,0.008132565118
-1.114394708,-0.008712887447,0.002970256896,-0.007248673095,-0.02258341045,-0.001352018876,-0.02372172812,0.005856640371,0.006920236637
-1.160210832,-0.006005639541,-0.0003950770421,-0.008888949785,-0.02443463931,0.005087362418,-0.02503481365,0.00539363248,0.006706881565
-1.136100595,-0.009349182313,0.0002976794232,-0.008881837277,-0.01575458914,-0.00341456216,-0.02491515804,0.008189025404,0.00509420032
-1.144720559,-0.00542795769,0.0008202856651,-0.007483179392,-0.001802169829,0.003746319236,-0.02419693245,0.009688855261,0.01369214094
-1.111604236,-0.005789988238,-0.001618419452,-0.00927925291,-0.02070622927,-0.005935293069,-0.02385697683,0.0101710136,0.006383581571
-1.152765518,-0.003115823706,0.004620060626,-0.006002281199,-0.02183192331,0.004513185515,-0.02453971382,0.006833180362,0.008448337861
-1.188196288,-0.00350537381,0.003782776762,-0.005307076438,-0.01442642024,0.002052943405,-0.02437195475,0.01247822959,0.005991797913
-1.142400511,-0.004295339904,0.009391060398,-0.006830107644,-0.01239094539,0.0009455262483,-0.02330103101,0.007072448799,0.009150129826
-1.108016466,-0.002517140957,-0.0004733442093,-0.009042812028,-0.01901318626,0.00107004592,-0.02356487114,0.009523416262,0.008986607369
-1.133723405,-0.00164218215,0.005294433706,-0.008011647444,-0.01831497347,-0.0005942402457,-0.02560451098,0.00644480916,0.008679445266
-1.150009032,0.0009634241775,0.007138548051,-0.0040152451,-0.0026162145,0.006377683659,-0.02346615912,0.01099143352,0.01009628491
-1.097225729,-0.001241634144,0.009657400032,-0.005993110779,-0.01699092808,-0.001203843088,-0.02244318604,0.008678221112,0.006837776152
-1.141726893,-0.001664697177,0.005998870333,-0.007392272573,-0.0185557544,0.007019281726,-0.02423824398,0.00689018429,0.009106744671
-1.118847717,-0.0009883038405,0.003841949897,-0.007032328787,-0.02086013506,-0.001465023563,-0.02497985411,0.01009371138,0.007021227623
-1.135890072,-0.000208757718,0.006417322972,-0.006305703865,-0.003728370819,0.003309415436,-0.02302899356,0.01055744371,0.0101271413
-1.102110502,0.0005212513096,0.005783776385,-0.007334029016,-0.01653758411,-0.001736881614,-0.02146676162,0.009936307857,0.008875246288
-1.178419231,-0.00144905797,0.007032970422,-0.007198541894,-0.02030599458,0.004735836368,-0.02238697762,0.005987851535,0.008381671493
-1.116492125,-0.0007143847054,0.004651281613,-0.003221751933,-0.01568332489,0.005258673587,-0.02607388674,0.01369252989,0.007863097514
-1.114260363,0.0006234886348,0.006637881989,-0.006786749403,-0.01061286804,-0.0003505525216,-0.02281432054,0.009438466268,0.00849082773
-1.137819452,-0.001704683364,0.005657019203,-0.005892280964,-0.01089970754,-0.0001918215487,-0.01963723148,0.005970252964,0.01001223236
-1.118776322,0.002929547247,0.008731879226,-0.007364500119,-0.02077247543,0.002400320904,-0.02339942673,0.007681836065,0.007602495022
-1.127527669,0.008176280944,0.01995763004,-0.001023127268,-0.01078791902,0.007386995816,-0.02173211609,0.01327232083,0.01024204021
-1.167833698,0.007367525088,0.01591133366,-0.00114712506,-0.009709758506,0.003091150146,-0.02316043611,0.01075125082,0.007020619145
-1.170342023,0.008879459816,0.01418423691,-0.003874845436,-0.01356141468,0.003632721841,-0.0219549461,0.008737478295,0.01160609749
-1.110719065,0.005988500382,0.01112286174,-0.006675969199,-0.01690106625,0.001904488858,-0.02053558772,0.008854150388,0.007048051499
-1.135647722,0.006912161531,0.01544147477,-0.00274418007,-0.009916211236,0.002873373361,-0.02042646962,0.01416814474,0.0105664087
-1.145796527,0.005027002656,0.01632116787,-0.002397672584,-0.01115223424,0.004145054932,-0.02271886773,0.01130058661,0.007577986999
-1.13037245,0.003050737592,0.01043537604,-0.004739139966,-0.01954439293,0.0005140858432,-0.0221394763,0.008547561378,0.009727669206
-1.155383298,0.002924876075,0.008035349359,-0.004332613503,-0.01660181905,0.005785174267,-0.02411022008,0.006426078204,0.006606921143
-1.094922527,0.004854157676,0.01229743225,-0.002721363755,-0.01201767283,0.001482915355,-0.02339570283,0.009944802996,0.007969422253
-1.150097802,0.002992699441,0.008724705925,-0.004510431671,-0.01179637993,0.003770858875,-0.02388625468,0.01083022816,0.009696282052
-1.141719272,0.0001420869897,0.01050951934,-0.00423573094,-0.02132370691,-9.430702309e-05,-0.0237061528,0.01023666459,0.008229489557
-1.093439845,-0.001645780929,0.005938816033,-0.003930010739,-0.01774945322,0.004079964056,-0.02481604837,0.006907833084,0.004950461759
-1.176063433,-0.001265510023,0.005575434639,-0.005817180269,-0.01274494689,0.0007607098185,-0.02226649334,0.006959296678,0.005269075745
-1.110968449,-0.001491347422,0.007880129789,-0.01344483916,-0.009956659561,0.0009104431829,-0.02134750177,0.00734821408,0.00749132758
-1.172427569,-0.002247517498,0.004632841839,-0.01007871451,-0.01686075543,0.0003955006389,-0.02352015953,0.005424436664,0.006974960797
-1.094494448,-0.002557741117,0.001253392885,0.002793537851,-0.02480928914,0.0007171050215,-0.02759977992,0.01281387668,0.007908180704
-1.131148482,-0.005086194019,0.003289662127,0.001083382248,-0.01701098422,0.001503157291,-0.02331329515,0.01289691424,0.007208763574
-1.136935238,-0.003316136056,0.01061351797,-0.008037048363,-0.009896654669,-0.0002808860373,-0.02190628325,0.006470801093,0.006117031485
-1.13418213,-0.001261662181,0.006482789194,-0.01945458315,-0.01675615294,0.003117094552,-0.02556796546,0.001258942339,0.006951679186
-1.110727151,-0.002559367508,0.003671919959,-0.01001940169,-0.02334409722,-6.495275985e-05,-0.02231348955,0.00805872838,0.007749488205
-1.124831483,-0.00227699224,0.004623247634,0.001756474462,-0.01988356743,0.002252256533,-0.02551107235,0.01583015595,0.008696815474
-1.123588093,-0.001765792814,0.008568545836,0.003573201799,-0.01066199323,0.0009121452373,-0.02601474778,0.01499955082,0.006743249672
-1.182833391,-0.003757222927,0.002351904133,-0.009968690644,-0.01556802856,0.0005494319088,-0.02173035538,0.004814286186,0.007039440295
-1.130568837,-0.004329944856,0.004478750965,-0.01594849413,-0.01767589947,0.0009222037761,-0.02219620623,0.0007041917976,0.004653145656
-1.111001443,-0.002063566011,0.004102447326,-0.01066693124,-0.01149317522,-0.002153768476,-0.02187151348,0.008525665396,0.007431800416
-1.133082133,-0.0009945895409,0.008747732707,-0.0002371693778,-0.01748923911,0.001516680261,-0.02549547623,0.01574495337,0.01220415069
-1.133984383,-0.008008657852,-0.001084688745,-0.002020002542,-0.0213573262,0.0008323065454,-0.02598286245,0.01249385831,0.007589639426
-1.134417227,-0.01481825756,-0.004329457091,-0.008697570405,-0.02317377995,0.00155406148,-0.02361601836,0.001160720631,0.002893214727
-1.121425017,-0.01267561376,-0.006103642462,-0.01493015155,-0.01228275364,-0.002014454797,-0.02310097032,0.006976627804,0.005869522736
-1.147972707,-0.01002486158,-0.00388287521,-0.01037151431,-0.0136795051,-0.002498983387,-0.02474410952,0.008816345822,0.008410727407
-1.131385994,-0.008742201964,-0.004399327304,-0.008466749006,-0.02198496008,-0.0006458349628,-0.02720078445,0.009207795055,0.008051470108
-1.064902782,-0.01123225271,-0.003339100645,-0.007470836319,-0.02435576768,-0.00153332569,-0.0246009333,0.009530071461,0.008071759521
-1.092739379,-0.00885236267,0.0014748756,-0.005695368737,-0.01671666572,0.003247197702,-0.02301452694,0.007735362767,0.006340459027
-1.128987108,-0.00800894771,0.003933292273,-0.00974508296,-0.01027965132,0.001376113333,-0.02298302747,0.006603687386,0.006353456217
-1.114845674,-0.008704594698,-0.005682809052,-0.01084692749,-0.01289082998,0.000527487509,-0.0221701037,0.005040028807,0.008469593803
-1.126634716,-0.008001101408,-0.004308241598,-0.009651838253,-0.01781752526,-0.002324383318,-0.02669060942,0.01074075547,0.009890942895
-1.134712907,-0.002811818767,0.002495624518,-0.004347397672,-0.01434584239,-0.0001385268087,-0.02302150543,0.009360756272,0.008866044211
-1.122554581,-0.003751882319,0.007971666406,-0.003638059773,-0.01673567788,0.003396365365,-0.02367574241,0.007498732335,0.006678426498
-1.111441439,-0.006106619671,0.003847693634,-0.0106392573,-0.01603300284,0.001611060788,-0.02283036857,0.006604085601,0.007784320274
-1.078196987,-0.004129317039,0.003075191404,-0.00905280614,-0.01278924608,0.001491771379,-0.02410696074,0.009449876593,0.005489717219
-1.153232609,-0.001638959544,0.002634056663,-0.009285169562,-0.01189900262,-0.001294268907,-0.02435668154,0.01194860295,0.01052630073
-1.087117633,-0.000611061669,0.004983431524,-0.003445885192,-0.01485583819,0.000943599585,-0.02469942475,0.008497087381,0.01017985509
-1.14497648,0.0007909675817,0.006140986197,-0.002990119356,-0.02101206697,0.001521455217,-0.02272979624,0.00621767655,0.008885214173
-1.018202019,-0.002663883449,0.01007163619,-0.006563059324,-0.01556617131,0.003382507142,-0.02134042562,0.006666947808,0.006780847539
-1.232426093,-0.002004626045,0.002880669608,-0.008660474799,-0.01426649721,0.001662028103,-0.02274608954,0.01265146912,0.007644601762
-0.9771180628,-0.002173982959,0.004447052103,-0.009744852647,-0.01076804674,0.001834322146,-0.02314540549,0.01125045341,0.01069252069
-1.424705674,-0.001022898695,0.003736359567,-0.003206956157,-0.01563332822,0.0004148003964,-0.02296536822,0.008731747568,0.009091804753
0.2201011314,-0.0002717645918,0.003887823826,-0.004644908334,-0.0190764789,0.001546961374,-0.02371106168,0.008254818222,0.01123249916
4.689435307,-0.0007456672461,0.00814611117,-0.006179122591,-0.01117190183,0.002945636874,-0.02341256697,0.008635702143,0.007946913516
4.286645239,-0.001438856861,0.007454360162,-0.008816156031,-0.01242480403,0.003453761359,-0.02335947904,0.01120793343,0.007701399957
4.554569696,-0.001202780737,0.003358529393,-0.006514417225,-0.01269018005,0.001676089001,-0.02210722167,0.0100326178,0.009168141684
4.409413305,-0.000918894241,0.003798425825,-0.002323142733,-0.01876154983,0.002749024814,-0.02188321489,0.009031080567,0.009053392876
4.502723866,5.385914329e-05,0.008790652599,-0.004486878132,-0.01622694828,0.00189064433,-0.02436194565,0.009069179852,0.009278862042
4.453481322,0.005431077368,0.0156509948,-0.005377863675,-0.01086148231,0.003289152637,-0.02222531649,0.01225286168,0.009271272875
4.4628416,0.008601312046,0.01680615346,-0.005446853733,-0.01336327838,0.004805748063,-0.02203049065,0.009951762212,0.009683665398
4.437423351,0.006749192966,0.01387304057,-0.002984819645,-0.009833425458,0.004467333946,-0.02246768134,0.009236623795,0.008991913038
4.421890829,0.00674015966,0.01288691704,0.0004973716478,-0.01598089477,0.003351647153,-0.02100733171,0.009762498341,0.007834832177
4.439006321,0.006468166337,0.01579268665,-0.002682351063,-0.01518998109,0.004160941448,-0.02317272159,0.01162087255,0.009638355633
4.405839949,0.005755644905,0.0115678468,-0.004827175322,-0.01495183877,0.002695909966,-0.0232932188,0.01148359746,0.007894888354
4.443961374,0.003711986088,0.01266391983,-0.00621638843,-0.0149387261,0.003873574876,-0.02405734292,0.01008306528,0.008349631592
4.411020762,0.004121210029,0.009381821906,-0.004282717538,-0.01213518836,0.003197407098,-0.02138644814,0.009544482578,0.007844595019
4.43840711,0.004554610115,0.01268254774,-0.00165501083,-0.01328958211,0.002626523505,-0.02336921542,0.009612303232,0.008394971892
4.449034862,0.002349559644,0.01026630856,-0.004035271587,-0.01575134726,0.003709920845,-0.02329257811,0.008658936185,0.007985180155
4.447213569,0.0003779357609,0.007391073076,-0.006256115335,-0.0170479651,0.0009557697856,-0.02303644241,0.01061269692,0.007925078817
4.441836741,-0.000636549951,0.005629452852,-0.008336944651,-0.01507875218,0.002924016519,-0.02390038414,0.01018992128,0.00765491013
4.427955329,-0.00142298501,0.008768587303,-0.007945404816,-0.01329816305,-0.000529971407,-0.02352374728,0.008469345186,0.006373958623
4.424485106,-0.0007000562245,0.004611285132,-0.005142586333,-0.01616307734,0.002439865994,-0.02396219657,0.008218952119,0.008634112959
4.444838431,-0.001807717183,0.007641906913,-0.004372059966,-0.01641690422,-0.0009190294386,-0.02453394576,0.007967213865,0.008114814307
4.450137589,-0.001541171141,0.007293253985,-0.004865101746,-0.01577707281,0.002654083267,-0.02439644043,0.00770194493,0.005621618083
4.321462251,-0.004545896469,0.004042929211,-0.009264157646,-0.01599934748,-0.0004358696248,-0.02506048261,0.0106793222,0.007429512509
4.460011509,-0.003184358839,0.003980630267,-0.008060260605,-0.0147415332,0.002672909855,-0.02399091918,0.008617448025,0.007998784241
4.327203895,-0.002206419353,0.005115516516,-0.007271596154,-0.0152097381,-0.001325503254,-0.02303188715,0.008104325654,0.007651129982
4.55241877,-0.002728788241,0.006211846116,-0.005914860433,-0.01617453045,0.001902372748,-0.02216752517,0.00843195482,0.007642934432
4.273824659,-0.002653831758,0.005746464009,-0.006493851705,-0.01619382061,0.0009655817203,-0.02441250582,0.01020587066,0.007473465194
4.793419547,-0.002706124406,0.00507938965,-0.005712218098,-0.01482156229,0.001334527533,-0.02520599514,0.008958053724,0.006334555376
0.6612319502,-0.002503953224,0.002878777459,-0.007000625386,-0.0151674665,0.0001422102894,-0.02334313599,0.008563021842,0.006243821906
-1.542565286,-0.003232727441,0.005320312983,-0.0064053511,-0.01784095219,0.0003721509299,-0.02289064876,0.009572522072,0.008669525351
-0.8974863649,-0.004364805995,0.005226562904,-0.00730213563,-0.01479591953,-0.0004520749605,-0.02488178535,0.008650697282,0.007115887419
-1.246330343,-0.003848500879,0.00580795963,-0.004271299289,-0.01825061423,0.001017910064,-0.02378991205,0.008254808536,0.008791182956
-1.045825834,-0.006143294191,0.001627854308,-0.00970490578,-0.01643637785,0.0008168827455,-0.02346376371,0.008993503848,0.009028332898
-1.201128295,-0.01120094598,-0.005201053603,-0.01019104703,-0.01838951277,-0.002564669568,-0.02390389276,0.007517168489,0.005119297576
-1.127850061,-0.01175291304,-0.004590750707,-0.0113550705,-0.01592145926,-0.0006655167446,-0.0254730436,0.007589164693,0.007336856975
-1.160117894,-0.01083399826,-0.003830712444,-0.009846742284,-0.01848889521,-0.001507794764,-0.02419503117,0.007940382188,0.006571916767
-1.092873965,-0.01146469785,-0.00434280595,-0.007947376188,-0.01737800317,0.0002582790659,-0.02493314319,0.007195839401,0.007319104017
-1.145949011,-0.009889475947,-0.002258831286,-0.006668518198,-0.01736408386,-0.0007930142301,-0.02458140152,0.008845965075,0.005726990437
-1.141243669,-0.009058117889,-0.002661636155,-0.01014648413,-0.0151560213,-5.293874415e-05,-0.02379398245,0.008867066435,0.007394757775
-1.151237244,-0.005461179449,0.001324237574,-0.007260699082,-0.01576358493,0.00043853786,-0.02421472427,0.009329874183,0.008785908994
-1.130331517,-0.007031463816,4.978239036e-05,-0.007428969059,-0.01575579276,-0.0003557587192,-0.02502252785,0.006654953746,0.008006421376
-1.130243055,-0.008848435902,-0.002359260014,-0.008362199952,-0.0172656745,0.0006301504208,-0.02343958344,0.008448267114,0.008002119652
-1.130892732,-0.006070426568,0.0007596831,-0.00788399433,-0.01536912801,0.0002759609914,-0.02326266944,0.009035220481,0.007078881575
-1.097776367,-0.006115503968,0.002050738676,-0.00728188926,-0.01471660897,0.0007003347335,-0.02376916783,0.009073989247,0.008485472157
-1.128467314,-0.002831577239,0.004155469032,-0.007485598162,-0.01398406584,0.0001867420828,-0.02290725329,0.009334684387,0.007460232581
-1.121086629,-0.003057054757,0.002182696314,-0.006223646333,-0.01605863207,0.001637783289,-0.02263377269,0.008671869452,0.009666674278
-1.163488976,-0.002630131708,0.007071832078,-0.007023327552,-0.0131702324,0.0008944328555,-0.02402157906,0.008663869932,0.007918534576
-1.13915626,-0.003347420677,0.005746553092,-0.002053404956,-0.01624308271,0.002725606008,-0.0221249068,0.008843001933,0.008634610926
-1.140073784,-0.002107236867,-0.001605074138,-0.01518536629,-0.02048350817,0.001613365168,-0.02367206114,0.009840540705,0.008316350907
-1.162390465,-1.141360225e-05,0.009056402423,-0.01345077588,-0.01659946455,0.003790887409,-0.01849042926,0.008186929923,0.007241852354
-1.140226459,-0.00056352726,0.00847840747,-0.0009585149551,0.0002962328127,0.0003681089119,-0.03005344334,0.01144150897,0.008831978145
-1.134999841,-0.002806706683,0.009002848229,0.00567893186,-0.01388373196,0.003727268864,-0.01977744049,0.009181007683,0.01143598944
-1.14012084,-0.001908609744,-0.002112432647,-0.007218251118,-0.02782017504,-0.001307562147,-0.02256787232,0.006882798488,0.004893757834
-1.092075995,-0.002174112239,0.006810980194,-0.01518698278,-0.02534297029,0.005437747792,-0.02730476544,0.009052076687,0.008437952392
-1.121682226,-0.001083422522,0.008988890079,-0.01261113468,0.004888874798,0.001583504414,-0.02439649593,0.01685898886,0.007937780555
-1.117623185,-0.0008615110368,0.00646874831,-0.00119085747,-0.01121277882,0.0003416428777,-0.0199218123,0.005987713633,0.01090497831
-1.149483553,-0.001804561124,0.00565579242,0.003066595261,-0.0253431711,0.003373625698,-0.02003232689,0.002610900437,0.006716025286
-1.134990984,-0.0001054487943,0.003304084181,-0.0001413146072,-0.0247666383,0.0004443165603,-0.02358415822,0.009933827287,0.006743922011
-1.134323499,-0.0005394438769,0.01422640784,-0.01472295757,-0.002356278515,0.007106426142,-0.02696691936,0.01735816322,0.01142867973
-1.106814988,0.006012789685,0.005958596826,-0.008453346899,-0.006867762463,-0.004856548472,-0.02219407511,0.01121404744,0.006723744733
-1.12460898,0.009842950734,0.01546510121,-0.005397528976,-0.0239548232,0.009222010793,-0.01931093935,0.002576004873,0.01358177645
-1.05769707,0.007529739136,0.01655438081,0.006348497531,-0.01531279527,0.001227359219,-0.02139861793,0.013452847,0.00651418275
-1.109207451,0.00760090552,0.01921739691,0.00226720158,-0.005678613602,0.007834028496,-0.02486499203,0.007439254586,0.01049159024
-1.146114726,0.005372637352,0.01565775589,-0.009205222918,-0.01179273176,0.002938542094,-0.02250589003,0.0114674476,0.007410995633
-1.103995552,0.006509120806,0.003286922771,-0.01470043025,-0.02912699564,-0.0001793539296,-0.01894149823,0.008966262444,0.006788175293
-1.140330598,0.005159715393,0.01551193228,-0.001984760897,-0.007643217479,0.006244962476,-0.02590408711,0.01194919597,0.009847309519
-1.1464812,0.00294411225,0.01159985183,0.003354162333,-0.007701073573,-0.00285592365,-0.02223919867,0.01279993956,0.00791653938
-1.15287834,0.003425892221,0.01644435272,-0.0022433365,-0.02270212616,0.007978998802,-0.0226216733,0.006233332273,0.009078050061
-1.165713964,0.002598506469,0.007816494589,-0.0090875926,-0.02181155311,-0.00140321423,-0.0242192129,0.007988728694,0.004445386093
-1.129220792,0.001700486092,0.008314296061,-0.007492210539,-0.004101654828,0.00564235452,-0.02427747643,0.007609276465,0.01006815933
-1.149338672,0.0010179359,0.004261877993,-0.005278480327,-0.008933159216,-0.003356651381,-0.02307820385,0.01671270254,0.007269351286
-1.151718662,-0.0006822631486,0.009316390972,-0.00416090028,-0.02715182184,0.000683301435,-0.02173227438,0.002747530261,0.007624630008
-1.160439211,-0.00204784205,0.00595436489,-0.004254292155,-0.02308520013,0.004449624521,-0.02529629294,0.007699300769,0.006327571448
-1.089675404,-0.001446197026,0.01104706127,-0.008900766847,-0.009855719224,0.0003644970588,-0.02426100869,0.008121926194,0.004217075477
-1.126975376,-0.001878062434,0.006186312218,-0.009274579922,-0.007928998495,0.001660275081,-0.0229379903,0.010275058,0.009020664216
-1.112013184,-0.00308430719,0.0003664265334,-0.008836320573,-0.02328518672,-0.008124153884,-0.02528399734,0.006597744864,0.006239967592
-1.096030266,-0.003172072632,0.002973816752,-0.003438203212,-0.02239729211,0.002909047462,-0.0250829196,0.01000240645,0.009977975224
-1.118256547,-0.003690791754,0.009673166056,-0.00346536019,-0.01501311917,-0.001395111589,-0.0260254627,0.01645620436,0.00587058735
-1.153145771,-0.003820123522,0.008817084497,-0.008123799745,-0.01121489634,0.00475205345,-0.02187030431,0.004732640161,0.007092615443
-1.136829827,-0.003292268661,-0.0009284703522,-0.01018224574,-0.02435167021,-0.000271429866,-0.02290143367,0.005653992139,0.005169065214
-1.176329428,-0.001845142528,0.006302898119,-0.005891443421,-0.01545663047,0.001179161141,-0.02519690556,0.005790605537,0.009228713474
-1.125237319,-0.002340595468,0.004336670231,-0.002273517375,-0.007167060274,-0.001952861033,-0.02360392077,0.01290864758,0.007423649607
-1.139297185,-0.001337507623,0.009840722885,-0.006392353233,-0.0219759024,-0.001658416698,-0.02235206655,0.008034047782,0.007535810822
-1.175459754,-0.003829236335,0.001671610092,-0.007536350693,-0.02161071565,0.0009677121555,-0.02364139387,0.007986431064,0.006861634354
-1.08124014,-0.004899339577,0.002528404911,-0.007604107031,-0.01718880455,0.003842079127,-0.02608140492,0.007467878159,0.005117259703
-1.151987384,-0.002514956094,0.005442175829,-0.005013254828,-0.005026005528,0.001460806538,-0.02576049694,0.009975342117,0.008706169545
-1.119476644,-0.00956818775,-0.005190966333,-0.008527570422,-0.02752587782,-0.006147357837,-0.02275466258,0.007379399277,0.006041045709
-1.117967933,-0.01297047449,-0.002553955346,-0.008371389836,-0.02055805351,-0.001814077023,-0.02565823492,0.006364526311,0.007619423062
-1.132059656,-0.012399689,-0.004642413409,-0.01112931785,-0.01468883328,-0.000871748719,-0.02513250934,0.0100173657,0.005449119753
-1.101556071,-0.0121978432,-0.001723594232,-0.0113939172,-0.01311084036,0.0007485565981,-0.02303091712,0.01028225856,0.006995381481
-1.13266486,-0.01134001869,-0.007247370222,-0.009381456808,-0.02015780479,-0.0006147195462,-0.02562891829,0.00485921586,0.00454888121
-1.115817424,-0.00925045833,-0.001444980106,-0.005938178824,-0.02376335764,-0.0006384478925,-0.02504445365,0.003784432701,0.008207179327
-1.202257614,-0.007786314342,0.0001979010272,-0.007784895041,-0.01051596835,-0.0003972989312,-0.02503232789,0.01238466498,0.008809077852
-1.090975599,-0.008370158948,0.002909166429,-0.009493576061,-0.0135740466,-0.001949959302,-0.02346576689,0.008954245504,0.0086262118
-1.126439309,-0.008042871033,-0.001532608487,-0.01090136819,-0.01670214997,0.0002127503334,-0.02414339644,0.008841017647,0.008333571708
-1.128423815,-0.007742809731,-0.001339798806,-0.006199238984,-0.02105868476,0.0001964907316,-0.0243355736,0.007939863331,0.005578399274
-1.151290735,-0.003467023237,0.004580069625,-0.003613724453,-0.01411585014,0.004335284048,-0.02379536846,0.01098006416,0.007973804875
-1.149295323,-0.004416730859,0.003139232673,-0.007653471313,-0.01454639447,-0.002098324572,-0.02460577971,0.006512665618,0.008260043268
-1.094777044,-0.004282071815,0.00280717188,-0.01036600392,-0.01817748483,0.001528368632,-0.02532811143,0.009638672785,0.009321310443
-1.095390849,-0.003913946313,0.002426278075,-0.007962484555,-0.01506215977,0.0003469146307,-0.02513548616,0.009803737384,0.005722849242
-1.123267253,-0.003029939679,0.00511979025,-0.004652107978,-0.00949325218,0.001596663368,-0.02197529748,0.01017301827,0.009375527009
-1.114694476,-0.003473504155,0.002746957863,-0.004580017372,-0.01802050037,0.003224598071,-0.02218204062,0.01020201821,0.006491570893
-1.129039843,-0.000220835702,0.007026571754,-0.008216420002,-0.01911066273,0.00227698081,-0.0248325582,0.007710639542,0.008952567729
-1.083783054,-0.001446033596,0.004557098533,-0.00499693124,-0.01556301049,0.004926304014,-0.02528918736,0.009156108335,0.008516097355
-1.158612894,-0.001097926411,0.00776015935,-0.00780583695,-0.009489091213,-0.0005320221767,-0.02264526657,0.009237734387,0.009877813611
-1.118929899,-0.001456497622,0.006296198376,-0.01073712993,-0.0062453445,0.001613006342,-0.01954931216,0.007092417034,0.009188329486
-1.130239447,-0.001062853487,0.005944229638,-0.009631436234,-0.01782154954,0.001407007794,-0.02272922873,0.003887890003,0.008673665987
-1.171600514,-0.002259588501,5.710774957e-05,0.00180456946,-0.02208009527,0.004097835319,-0.02587741905,0.01243862008,0.008317451121
-1.114537419,-0.0008843545612,0.00606580034,0.0003752717526,-0.0157508943,3.529116717e-05,-0.02417969165,0.01752048277,0.008240116678
-1.127022193,-0.001404476335,0.01266724868,-0.006047083387,-0.006397502123,0.002374332336,-0.02398648893,0.0064488163,0.006697148684
-1.121759441,-0.0008418874749,0.008372367914,-0.0156092373,-0.0138347431,0.0005167099756,-0.02329943159,0.0009921833654,0.007586100338
-1.068969128,-0.00213993432,0.000270469632,-0.0129651666,-0.02479314484,0.002641005459,-0.02036985555,0.009019732024,0.009677493567
-1.13543868,0.001518264901,0.01111393265,0.0002766094293,-0.01427912482,0.001582837485,-0.02467770996,0.01817091716,0.008079624217
-1.10815518,0.007034239988,0.01557498155,0.007213137743,-0.008462272003,0.003644319115,-0.02416586303,0.01777167908,0.01026570048
-1.147143359,0.00767332399,0.01511307469,-0.004662143503,-0.0147446988,0.004159867551,-0.0201015646,0.006975056002,0.007914556226
-1.100294499,0.005898040414,0.01361819668,-0.01019554901,-0.01564361084,0.00270688662,-0.0190867238,-0.002614095023,0.006965234402
-1.143204432,0.006373385186,0.01492547785,-0.008685736897,-0.008936532341,0.002503724963,-0.02277240647,0.006821460287,0.01055611514
-1.109533069,0.008258359736,0.01790553244,-0.0007189663679,-0.01010688426,0.001460728752,-0.02571681668,0.02060768246,0.009983534694
-1.160114797,0.005115738942,0.01359424642,0.0002204101479,-0.01873958501,0.002951013826,-0.02328143052,0.01383238882,0.01021814934
-1.15919642,0.0009546844655,0.009920525367,-0.002656155336,-0.01977248509,0.003634109461,-0.02293686817,0.003460250489,0.004706040909
-1.102007508,0.00410557823,0.01068427481,-0.007191924748,-0.01347427027,0.003778180614,-0.01951976525,0.006748592454,0.008143306222
-1.098375218,0.00469059156,0.0134564053,-0.007564956935,-0.006412110847,0.002392732165,-0.02365704714,0.01271070964,0.008961383403
-1.148208317,0.002246626554,0.008091425428,-0.004175639013,-0.01624244609,-0.0003364095613,-0.02359559892,0.01043230005,0.009884280874
-1.080812101,0.0006587364942,0.006185946675,-0.003010654413,-0.02358541945,0.002107933748,-0.02366427049,0.007012367092,0.008671094928
-1.113957792,-0.000808113446,0.006860896409,-0.001935305326,-0.01952352093,0.002966873441,-0.0216898258,0.00971666648,0.005748961304
-1.072750813,-0.001268082447,0.0125427242,-0.006507487963,-0.009398689994,0.004144723725,-0.02392606768,0.007303176589,0.007083255114
-1.125895381,-0.003668826194,0.004384279946,-0.01021221439,-0.01433254884,-0.0005831269342,-0.02211871476,0.01046415408,0.006326392589
-1.084540297,-0.002459003783,-0.001433463898,-0.009022736287,-0.02091080562,-0.0005230794474,-0.02400492524,0.007445462975,0.009239680831
-1.114780087,0.0001988758723,0.005722510351,-0.001983279734,-0.01549856533,-0.002555511651,-0.02492329175,0.008188059302,0.006639249411
-1.154365469,-0.003422574136,0.006628691849,-0.003692216654,-0.01411039016,0.002069463325,-0.02412846092,0.007483943392,0.007853454412
-1.120382211,-0.00438145872,0.008098882482,-0.008002482526,-0.01800556594,0.002677265847,-0.02254725492,0.009815188616,0.005586731122
-1.177131084,-0.004820679627,0.002761092686,-0.01052633243,-0.01881274517,0.000143454387,-0.0260204572,0.008537172496,0.008949613371
-1.040656003,-0.002690472239,0.002904918475,-0.005949762269,-0.01488758858,4.272955904e-05,-0.02362157644,0.01158299844,0.007075903534
-1.261128681,-0.002175280402,0.003676896548,-0.001591853592,-0.01444469904,-0.001367029799,-0.02258399113,0.00991985954,0.009879840697
-0.8925769397,-0.001709106074,0.006537797507,-0.004955540981,-0.0197674005,0.002114564788,-0.02197120138,0.004057868481,0.008825315466
-1.53165891,-0.003735883763,0.006584881241,-0.009216767202,-0.01835629347,0.001251662529,-0.02359587491,0.007694101655,0.005784568904
2.296533395,-0.00356893409,0.00421745515,-0.009329835901,-0.0144278603,0.003076885785,-0.02330569565,0.0117963281,0.006796416117
4.909703044,-0.003734062215,0.004079672029,-0.004766748803,-0.013182679,-0.0006824752196,-0.02359510213,0.01076771291,0.00907557107
4.201559777,-0.001933517035,0.003748389434,-0.003701092644,-0.01649796506,-0.0003591569281,-0.02411583166,0.005392038371,0.009494649111
4.565923492,-0.007811843547,-0.00255536355,-0.009208064636,-0.02077632556,-0.00239205212,-0.02363615777,0.006734853568,0.007019798898
4.354454985,-0.01371801165,-0.001327710452,-0.01244962452,-0.01842556381,-0.0004039925434,-0.02726876672,0.008562761868,0.007243363288
4.511101212,-0.01146347361,-0.003907818707,-0.01106974032,-0.01282683633,-0.0002298421262,-0.02644860598,0.009216432587,0.00788263343
4.368436349,-0.01235706562,-0.003608769075,-0.007003834987,-0.01799499556,-0.001327905597,-0.02366663968,0.00833734843,0.006262678133
4.451395412,-0.01056878745,-0.006348788597,-0.007935520352,-0.02042142482,-0.0007487773409,-0.02239782547,0.007780151464,0.007761011859
4.390456451,-0.01007215612,-0.003050665078,-0.007905859005,-0.01840323376,-0.0003338138217,-0.02686277327,0.01205795999,0.007878321814
4.399501418,-0.008974031248,0.001938894577,-0.01166695358,-0.01373290768,-0.0003271100243,-0.02445992739,0.01048239332,0.009604299966
4.450842114,-0.00723888909,0.002547145958,-0.01127711388,-0.01474059436,0.002332805356,-0.02328417502,0.005474562226,0.007155432424
4.476686071,-0.00789370855,-0.0005402565966,-0.007287929993,-0.01850064122,5.144241177e-05,-0.02225605388,0.003757950843,0.007089930505
4.423481936,-0.008216992569,-0.002691615004,-0.005053656194,-0.01711502316,0.001098884133,-0.0229804427,0.010094952,0.007875670365
4.445405523,-0.00557604584,0.00212768056,-0.005142592884,-0.01601326813,0.0003208464166,-0.02475810252,0.01311211217,0.007919049318
4.431184965,-0.003386482801,0.0005787531614,-0.0075936677,-0.01648882806,0.002399769233,-0.02482520719,0.01117538539,0.01182316477
4.424165209,-0.004071231508,0.004982480796,-0.01007669595,-0.01686335474,-0.0002091680605,-0.02268553486,0.006470595997,0.008596505541
4.397001132,-0.003172945081,0.003057317674,-0.007817037828,-0.01341183159,0.0020847848,-0.02326763958,0.008138716439,0.009304459753
4.47512526,-0.001282172617,0.008205718014,-0.007804442847,-0.01307977742,0.0006653557215,-0.02350174161,0.008351032758,0.006746600577
4.401520246,-0.002739230802,0.006802829576,-0.004688479463,-0.01529830704,0.003369992168,-0.02336788017,0.008787529367,0.00581859564
4.391876486,-0.002106318681,0.001468631108,-0.007974421877,-0.01958364226,0.002693225467,-0.02124504192,0.009060193556,0.009126028842
4.440647167,-0.0008801905384,0.008718494787,-0.006798926117,-0.01394559343,0.0006117584709,-0.02442874663,0.01007080597,0.009277440176
4.428926885,-0.0002530871337,0.003804895703,-0.008646308536,-0.01009596113,0.00235738854,-0.0237474315,0.008719944327,0.01056109826
4.399489797,-0.001003431164,0.007926500006,-0.006548294278,-0.01580389632,0.0009647045795,-0.02370418265,0.008866738789,0.00795090842
4.401040279,-0.00142492842,0.00550445892,-0.00658779005,-0.01754971349,0.003335826374,-0.0225309623,0.00739180699,0.009385725986
4.418260007,-0.00227601429,0.007081163951,-0.004967803835,-0.01493738771,0.001805020268,-0.02374678887,0.01064182037,0.007336797951
4.367755635,-0.000307198342,0.006675580663,-0.007080545688,-0.01349216302,0.003652948518,-0.0217563863,0.01093667525,0.008398422751
4.47343189,-0.001462658569,0.003683318731,-0.008782138648,-0.01343245908,0.001845435848,-0.02289876823,0.008610184961,0.007866112547
4.042427336,-0.001386561457,0.003617334121,-0.007682613873,-0.01491853965,0.000998702714,-0.02160650155,0.009209689532,0.007921888784
-0.847626258,-0.0008495693032,0.007644233222,-0.004036900291,-0.01532807534,0.002113228152,-0.02341173407,0.008943227768,0.008388173795
-1.177257207,0.0001582172708,0.008907830594,-0.004346845649,-0.01477550243,0.001979416021,-0.02239217842,0.009149320126,0.00875118234
-1.132907067,0.006676101158,0.0154355978,-0.002432520507,-0.01309030751,0.003050875819,-0.0224152402,0.009183237833,0.01022519923
-1.159782462,0.00726958099,0.01253776921,-0.005766504968,-0.0142887719,0.007545909236,-0.02138857731,0.01085552753,0.008763702935
-1.105654882,0.0081523979,0.01679838099,-0.003658531995,-0.01305640732,0.004036864232,-0.02353668356,0.01192812979,0.00909707275
-1.149748454,0.006936293116,0.01268330562,-0.001927966116,-0.0118753313,0.004027969901,-0.02249893038,0.009966139325,0.01069079602
-1.125234366,0.00549157476,0.01505605262,-0.001790836985,-0.01345086505,0.001438752728,-0.02165302954,0.008217587215,0.008278087138
-1.136615859,0.006898158354,0.01032453351,-0.005917073214,-0.014833945,0.004561619987,-0.0208185047,0.008991937574,0.008736450959
-1.111012565,0.003480162604,0.0121654571,-0.00702886434,-0.01586616236,0.001809718609,-0.02256049223,0.009883487457,0.006304728068
-1.158969843,0.002571196901,0.01144475777,-0.005039585367,-0.01377222996,0.001408704817,-0.02236594793,0.01020808785,0.008328019666
-1.091655944,0.003473769649,0.01286936218,-0.00268934889,-0.01558882188,0.00261103517,-0.02241222014,0.01118689603,0.007876206982
-1.136023534,0.003427809891,0.01128410289,-0.001050148334,-0.01623850008,0.002308023588,-0.02262483404,0.007930933394,0.008859042096
-1.138252997,0.001705315884,0.00725522571,-0.00379672107,-0.01530241915,0.002222695385,-0.02331839619,0.01014442169,0.008867715782
-1.162834702,-0.001597504249,0.008043922991,-0.008329652242,-0.01443522107,0.001895094759,-0.02230031268,0.009452246094,0.007102283251
-1.136606703,-0.001382173449,0.007967140657,-0.00839266753,-0.01628241251,0.0006051619522,-0.02442301867,0.007938395585,0.008282663866
-1.105488895,-0.001687166319,0.007502529152,-0.006619645994,-0.0178385347,0.0001488380842,-0.02422450684,0.00788836946,0.00613239342
-1.152814427,-0.002303142535,0.00582911774,-0.005345580566,-0.01716871684,-0.0008897900612,-0.02364670901,0.008927656029,0.007390374425
-1.187712299,-0.001802731094,0.006441331606,-0.005957920986,-0.01485949521,0.0009030939011,-0.0245863981,0.009042693571,0.008255789173
-1.127092308,-0.005530952142,0.003523969255,-0.006644724793,-0.01492573839,0.0001431301615,-0.02429812839,0.007736808691,0.008089719394
-1.08688079,-0.004115426308,0.004078401337,-0.008951404281,-0.01895966867,0.001469178739,-0.02390472731,0.007272892436,0.006154569349
-1.137070592,-0.002226917973,0.007869098317,-0.005681319176,-0.01374273757,0.0006303164812,-0.02357389623,0.008223229946,0.008388902453
-1.115451762,-0.003999158647,0.004216671169,-0.00684251936,-0.01803670227,0.001222900743,-0.02424896011,0.007680573376,0.007218153451
-1.140968344,-0.002626402624,0.01066220463,0.001113883087,-0.01552265033,0.001376072847,-0.02274800572,0.009048465967,0.007179549603
-1.159451084,-0.002581470033,-0.0005031093248,-0.01015441969,-0.01970771039,-0.000612211942,-0.02674441472,0.008985605542,0.008899425554
-1.12575795,-0.003186366566,0.004268207728,-0.02149236399,-0.01843867792,0.00156933867,-0.01759825636,0.006456197315,0.007441148908
-1.105672952,-0.001863162372,0.005749045212,-0.006302538828,-0.00240109292,-0.001143687059,-0.02854618335,0.005179712805,0.006508238371
-1.171833265,-0.003607528131,0.007537905639,0.01026056737,-0.01235752784,0.0002728142685,-0.02629461773,0.01078970168,0.00984881212
-1.201081871,-0.002904627161,0.002638693261,0.001191105912,-0.02556735752,0.00209576513,-0.0177653999,0.01025055458,0.005513181385
-1.152841749,-0.005512398952,0.001997740912,-0.01509112492,-0.03254495851,-0.0009521904521,-0.02642165314,0.006029905389,0.004421844285
-1.140196887,-0.01132251476,-0.003569087615,-0.02319122413,-0.002964799718,0.002488035037,-0.02894639265,0.01224883917,0.008624728665
-1.145212976,-0.01259085492,-0.004649765843,-0.00845391299,-0.007937323295,-0.007974787809,-0.02061353206,0.01065442389,0.007798688413
-1.141890861,-0.01167219683,-0.003863761023,-0.0001754614935,-0.02579764238,0.004365242033,-0.02220043272,0.001147209172,0.01038237821
-1.154084219,-0.0123257857,-0.007999485331,0.00213847316,-0.02617357683,-0.005451327265,-0.02220689629,0.006678867556,0.002283100179
-1.151709045,-0.0109699517,0.0009013310493,-0.01478540597,-0.01273246847,0.005779418705,-0.02860085939,0.01559142082,0.01131336885
-1.137842253,-0.01073344404,-0.002556212417,-0.01777694113,-0.002271077168,-0.003461084916,-0.02535600483,0.0134356192,0.005412249731
-1.145183541,-0.005949730553,-0.004561445646,-0.01196729897,-0.02369455594,-0.001345883637,-0.02432647289,-0.0002687448206,0.008752362533
-1.167188735,-0.006602955547,0.004002083904,-0.0006040389225,-0.02014169826,0.0007334404913,-0.02075521813,0.008807137784,0.01081538699
-1.11124609,-0.008618697097,0.0009357903691,0.00336667854,-0.01358121433,-0.001325957483,-0.02750891992,0.01100064593,0.006460846638
-1.101539824,-0.006566652167,0.009477746648,-0.009442981505,-0.006408982122,0.005531923242,-0.0258744237,0.008241371727,0.00893654294
-1.146844775,-0.005421297692,-0.009554410772,-0.02060809118,-0.0236895064,-0.005960599817,-0.02258474941,0.008660523679,0.005889497901
-1.117079719,-0.003376534474,0.001988345728,-0.00864653298,-0.01607934402,0.005461611196,-0.02162199849,0.006256313693,0.01168583353
-1.129353713,-0.0002669754713,0.002714784432,0.0007193860669,-0.008101547165,-0.004499706208,-0.02787569563,0.01423958579,0.009009686997
-1.157775157,-0.001295552769,0.009841830654,-0.0005228365384,-0.02119665179,0.004594287576,-0.01677984318,0.006541502183,0.009801512245
-1.133521646,-0.003366391656,0.002980339607,-0.01206865867,-0.02104912419,0.003759549266,-0.02585289526,0.009572657412,0.004431714305
-1.16372729,-0.002040719833,0.006786132252,-0.0128698023,-0.007916010379,0.004429370959,-0.02361910078,0.00573920684,0.008099631212
-1.109288897,0.00133936895,0.004847308012,-0.00430994742,-0.005767636534,0.001497014523,-0.02539665538,0.01321333955,0.008557632302
-1.143500707,-0.0007342169394,0.00287964534,-0.00275706539,-0.02461828035,-0.002852711454,-0.01885216598,0.008653241483,0.01138825276
-1.147865855,-0.001431627701,0.006286564012,-0.0009516613635,-0.02310517272,0.006982117304,-0.02588361978,0.006826427197,0.00889635508
-1.162351498,-0.001806863947,0.007802636003,-0.01229656088,-0.01027417877,0.0009579905155,-0.02368848373,0.01292047479,0.004555978626
-1.161517633,-0.00129105115,0.009814767532,-0.01162950461,-0.002488176904,0.006718876156,-0.02173402647,0.007517760242,0.00757415634
-1.131745888,-0.001265445182,-5.761143634e-06,-0.00526921854,-0.01821728988,-0.002137244718,-0.02366467854,0.005931842577,0.008597783802
-1.168460252,-0.0003224380682,0.007083630275,-0.0002326594432,-0.01851009951,0.001961101611,-0.02511698715,0.007163107533,0.01162079127
-1.172750029,-0.002011566604,0.005508582818,-0.004016540151,-0.01795575513,0.002611979294,-0.02356137754,0.01865295717,0.006499853288
-1.097491032,-0.0008993945776,0.01263087797,-0.01025814612,-0.01052007784,0.003277739203,-0.02478736349,0.008525060182,0.007857472501
-1.097163947,-0.001744786145,0.002464865356,-0.008862731233,-0.01428780266,0.003406921018,-0.02130067751,0.00737149168,0.007450746594
-1.14450809,0.004915210803,0.0121732773,-0.004122377351,-0.01856467254,0.00324126299,-0.02048668397,0.006410122079,0.009059284199
-1.151033321,0.009877528319,0.01485657643,0.004024389835,-0.002980335728,0.009588595678,-0.02516409343,0.01395241115,0.01120883182
-1.134948684,0.008820899884,0.01688522142,-0.004002421965,-0.01688015115,-0.001212828992,-0.02371530755,0.01266390034,0.007613288484
-1.118462996,0.006104489591,0.01487121441,-0.009470498638,-0.01451432687,0.003236638679,-0.02017612848,0.006687726008,0.01126780167
-1.10756019,0.00564105246,0.00903269468,-0.006663712019,-0.01292115819,0.003438362373,-0.01944549149,0.006739224466,0.004507717934
-1.111100213,0.007776214614,0.01606650923,-0.0005117631821,-0.005748549694,0.004623537383,-0.02191985001,0.01295102109,0.01099899484
-1.130459751,0.003458456368,0.01296059858,-0.00170189364,-0.01950350513,0.001281415119,-0.02201714898,0.01047512386,0.007384593644
-1.123374789,0.002740802182,0.01196596902,-0.004657158209,-0.02109347349,0.000929330838,-0.02699308882,0.009990970998,0.008941397515
-1.096494925,0.004137424608,0.007699877501,-0.006636798646,-0.01154333335,0.004447539509,-0.02357086229,0.007630688864,0.009027383909
-1.10883149,0.003787579827,0.01397416874,-0.007474787514,-0.01068952526,-0.0009634474464,-0.02086555048,0.01055060901,0.007840820928
-1.111265314,0.0005445195548,0.004453684258,-0.005767908896,-0.01487513227,0.004506320724,-0.02193391017,0.01045823902,0.008329313927
-1.17182419,-0.0001139671013,0.009766651917,-0.001968625856,-0.02147136515,-9.320658845e-05,-0.02308511118,0.008949904118,0.005994609037
-1.142549645,-0.0004287923023,0.008046392539,-0.005707770058,-0.01587367295,0.004227252828,-0.02467605364,0.01089331802,0.009037556449
-1.109048636,-0.001369345908,0.005960683988,-0.00845512345,-0.01431472038,-0.001398561866,-0.02223835223,0.00728497321,0.005315763587
-1.123691284,-7.683504836e-05,0.002656883254,-0.006605750276,-0.01423900004,0.001063407961,-0.02343685141,0.006800863027,0.009230140132
-1.099474247,-0.001652741623,0.004062032911,-0.006381424891,-0.01733461656,-0.0004119663821,-0.02536856862,0.01079844518,0.006981013256
-1.112641122,-0.001999353647,0.008880933935,-0.004762239274,-0.01817416333,0.001880289604,-0.02498440656,0.01098445668,0.005198827677
-1.099063872,-0.003632135384,0.005414004593,-0.007586953152,-0.01616689391,0.001450455735,-0.02206865676,0.005726292209,0.006373050074
-1.128853765,-0.003420459715,0.00579007721,-0.006620849324,-0.02050069039,-0.000948614464,-0.02211806884,0.005132011448,0.006127327985
-1.151847447,-0.003179448439,0.0007664627405,-0.008429197249,-0.0158679329,0.0009516583001,-0.02465912088,0.01030673037,0.008059224971
-1.142701047,-0.001396857471,0.004407002974,-0.006057845952,-0.01232826777,-0.0006071188079,-0.02413951021,0.01330456234,0.006496251106
-1.120711138,-0.003004175505,0.004583436484,-0.004754284273,-0.01449095958,0.0004265121262,-0.02259031341,0.01146638869,0.00923076029
-1.13390104,-0.003362470338,0.005594989681,-0.006390316434,-0.02232402893,0.001402557256,-0.02417425845,0.00486387183,0.006102332669
-1.104176246,-0.003055111328,0.005414093462,-0.001777795527,-0.02076287679,0.002609886439,-0.02234822495,0.005808322339,0.006371050385
-1.094469749,-0.003224519635,0.004759896194,-0.007688550681,-0.01376563173,0.002196159012,-0.02610412796,0.009823252865,0.006693956965
-1.112479144,-0.003075760293,0.004859125772,-0.0142248912,-0.008029866267,-0.001127617234,-0.02124702965,0.01012708632,0.009929574771
-1.142189649,-0.003382531846,0.003313857781,-0.01127319467,-0.01763602293,-0.0005050794015,-0.02515912831,0.002507383732,0.007608960451
-1.151098437,-0.0106861871,-0.006337354665,-0.002285344013,-0.0224521028,-0.002415226118,-0.02557870461,0.007674896335,0.007521185286
-1.109863031,-0.01315749008,-0.01050609708,-0.0005134164284,-0.0176919676,-0.001019461164,-0.02500424832,0.01464767861,0.007211031641
-1.132274894,-0.01085831555,0.004132368319,-0.006071422889,-0.01180043741,-0.002392381091,-0.02784331917,0.008452937491,0.005110775742
-1.126712306,-0.01034176325,-0.001894981685,-0.01698033934,-0.0150372568,-0.0002184630561,-0.02467031418,0.0004002221152,0.005742125926
-1.099710683,-0.01016383259,-0.00454927087,-0.01508142668,-0.02766856685,-0.001393686105,-0.02228688702,0.007607300283,0.007717315938
-1.105579964,-0.01026413375,-0.003386473618,-0.005928703425,-0.02018728871,0.001613597447,-0.02564987388,0.01371147358,0.01014018065
-1.119178294,-0.009597762967,0.0009478132187,0.002028744234,-0.01246225744,-0.002839763995,-0.02570721818,0.01301930335,0.007138408539
-1.123159344,-0.007741149337,-0.001657368255,-0.007524143432,-0.01439152771,0.002687498342,-0.02232696125,0.006965896244,0.009511722574
-1.125638704,-0.009042524802,-0.001329741753,-0.01443248742,-0.01603153855,-0.0006697559289,-0.01829248897,-0.0003742907477,0.005687694387
-1.121227762,-0.007163941354,5.217287253e-05,-0.01219674741,-0.01355610069,0.001326748877,-0.02416719159,0.007141978307,0.00784229479
-1.107420445,-0.003210443824,0.002788100377,-0.006326425148,-0.01307206267,-0.00122773183,-0.02665855933,0.01617312908,0.01029059609
-1.098647452,-0.004104407666,0.003024275647,-0.000640146204,-0.02062900039,0.001844380252,-0.02617708018,0.01245641591,0.007674950728
-1.133113029,-0.004902790876,0.002559538187,-0.007397305609,-0.01702472299,0.002069643325,-0.02184830842,0.004453553377,0.005993931027
-1.097727899,-0.003991730505,0.006009290567,-0.008093661779,-0.01166880764,0.003013866038,-0.02182066726,0.009620925783,0.006806049299
-1.105793773,-0.002185154561,0.004808326466,-0.009853501739,-0.007986938415,0.002932452613,-0.0253636782,0.01166186226,0.01030071703
-1.126674087,-9.342965338e-05,0.004743627929,-0.003854587133,-0.01936379424,-0.001993877551,-0.02543381035,0.009633281459,0.008131517332
-1.094588902,0.0007390231954,0.004401160458,-0.005780456349,-0.02582394412,0.002890292933,-0.02076811949,0.005488869514,0.008610270563
-1.148053887,0.0006505564343,0.007214931018,-0.006491783597,-0.01689842072,0.002087182758,-0.02240904807,0.0110836494,0.007212179603
-1.092532152,-0.001987014154,0.007279336091,-0.008791954518,-0.007382576736,0.004712766378,-0.02231435951,0.008627478964,0.008531759028
-1.127997517,-0.003209661269,0.004564102436,-0.007625538433,-0.01092781589,-0.0002721679981,-0.02304043322,0.01013160794,0.008228191589
-1.065723016,-0.001300767608,-0.0009930992531,-0.004447801923,-0.01790638451,0.0002345543596,-0.02302648896,0.008130229904,0.009553469748
-1.141227303,0.0007446063217,0.009323054921,-0.002018236958,-0.01570503032,-0.0005609373872,-0.02456853443,0.008342878461,0.009932699665
-1.062660373,0.001322046167,0.01032317166,-0.007089008609,-0.01287169365,0.002524867672,-0.02332433268,0.01012133857,0.008393522074
-1.161518422,-0.001233803626,0.008235899403,-0.009325487724,-0.01584800833,0.003640576192,-0.02257789521,0.01067893319,0.007003384823
-1.051148741,-0.0024637918,0.003626658678,-0.008652248013,-0.01563980679,0.002981402288,-0.02265095583,0.01232240229,0.007471041478
-1.168846081,-0.001390160631,0.006849614271,-0.002602225358,-0.01176585898,0.0001007794048,-0.02270631322,0.00973646404,0.0101771557
3.486545319,0.002510406528,0.007527037953,-0.002920406477,-0.01265324366,0.002414393422,-0.02190193333,0.009548584106,0.01034282458
4.709566679,0.007999598975,0.01666015374,-0.004176811591,-0.01593359526,0.003089870592,-0.02262169191,0.007283990023,0.01047244931
4.351423337,0.009195149795,0.01511876643,-0.005321345535,-0.01651795951,0.005844998775,-0.02132453065,0.00980026364,0.007583450236
4.519395411,0.007104187446,0.01579354691,-0.004472461347,-0.01523594063,0.003036537662,-0.02221433359,0.01276729285,0.008375914085
4.362480619,0.007304805357,0.01114893676,-0.0006591696305,-0.01101833225,0.00422574477,-0.0219198199,0.01015904934,0.009834312863
4.473378287,0.006103602176,0.01440856951,-0.0002691309048,-0.01499793361,0.003033500642,-0.02112127961,0.007446319696,0.009762268562
4.467677736,0.004344972424,0.01168201609,-0.003093113126,-0.01628662208,0.002343193816,-0.02253007862,0.01010413425,0.009463090294
4.43778464,0.002640822246,0.01306974627,-0.004306398516,-0.0144553695,0.00236204293,-0.02349759743,0.01168139354,0.008568102736
4.423877889,0.003328136113,0.01066451511,-0.007219926396,-0.01038678591,0.002533866805,-0.02456359147,0.0107374941,0.008000319985
4.437455178,0.004087264751,0.01019579925,-0.003416004698,-0.01702942973,0.002748811446,-0.02019390737,0.007979627523,0.008014915894
4.398683934,0.002165942901,0.0081374573,-0.003994855656,-0.01967105725,0.001596775926,-0.02158065072,0.009491387895,0.006645573249
4.417861065,0.0007815126359,0.009637437006,-0.00325825842,-0.0141464056,0.00165140719,-0.02388087641,0.01041224922,0.007563828135
4.461411296,-0.0009166122905,0.006995066947,-0.007206275674,-0.01373003259,0.001307139985,-0.02572858906,0.009489310301,0.008154295055
4.412206718,-0.0008902869553,0.007851617737,-0.0062274351,-0.01418920041,0.0001560446289,-0.02359477648,0.006753007943,0.008764163494
4.405981691,-0.002338912369,0.005431549673,-0.007869374131,-0.01914676299,0.002192741146,-0.02329682327,0.004302753824,0.006522101804
4.451209629,-0.002799605181,0.00649511183,-0.005308569973,-0.01798458547,-0.0008515456526,-0.02441752752,0.01056235868,0.007361782269
4.43322817,-0.002999688161,0.004613566403,-0.004401060369,-0.01770304013,0.00217468007,-0.02482240939,0.01351537044,0.007404839626
4.393615782,-0.00536420226,0.003466559382,-0.006891130377,-0.0185348262,-8.827017748e-05,-0.02366313683,0.009751499357,0.008076341985
4.43725342,-0.004920103619,0.00460894656,-0.008584637675,-0.01504532651,0.002455123675,-0.02416025226,0.006260906609,0.007196673258
4.392912388,-0.002243967311,0.005806592061,-0.007199527327,-0.01577824252,-0.001625209276,-0.02310706724,0.007472997561,0.00972427812
4.479121724,-0.001177014501,0.006665737148,-0.005711571569,-0.01579395946,0.0004751192785,-0.02313432251,0.009407817916,0.00833623194
4.345514832,-0.004127573502,0.006608256722,-0.003913532449,-0.01935918118,0.001596398477,-0.02446516608,0.009997387606,0.007244141525
4.43977355,-0.003579997277,0.005069547395,-0.005870816847,-0.01728928823,0.003181068895,-0.0227602155,0.007437104376,0.007051487501
4.381550284,-0.004012994798,0.003450555455,-0.009633818764,-0.01330303559,-0.0001393931997,-0.02271327447,0.006930344034,0.008440537199
4.517842935,-0.001991637514,0.003436237803,-0.007994781099,-0.01353772555,-0.001129916425,-0.02303497889,0.008760493624,0.008983858421
4.258954789,-0.003936642752,0.003919582372,-0.006016632961,-0.01721362344,-0.0009266139073,-0.02359006009,0.01001214178,0.008247299378
4.794422346,-0.001770349517,0.004753280717,-0.002517644452,-0.02019978437,-0.0002675160566,-0.02438920272,0.01208220678,0.008160058178
3.091049813,-0.008167538828,0.0009936293696,-0.009431056618,-0.01799412486,0.0007440955175,-0.02378379197,0.00645095153,0.006730043754
-1.37014455,-0.01282096904,-0.004781029126,-0.01136970678,-0.01693965053,-0.001629156219,-0.02369757614,0.00577131195,0.005706061005
-0.9999210194,-0.01290923161,-0.006042122632,-0.01031805928,-0.01757272897,-0.0002914351661,-0.02212453464,0.007155306,0.007219602768
-1.223755528,-0.01095791261,-0.002660434361,-0.007029331388,-0.01755781355,-0.001918584227,-0.02461053799,0.008622922483,0.007950406848
-1.076705945,-0.01034584611,-0.00361003303,-0.007074737998,-0.0167121721,-0.001251201969,-0.02505897058,0.008576462801,0.007545771734
-1.167878414,-0.01104636221,-0.003771592853,-0.008404272425,-0.01784494112,0.001026168247,-0.02482410952,0.006026974375,0.005389630301
-1.104227906,-0.007966463059,-0.002140038064,-0.01036536658,-0.0162927454,-0.000306738258,-0.02286933009,0.006774819099,0.0060753161
-1.134055041,-0.006366240707,-0.0001621576829,-0.008666026279,-0.01686714409,0.002035534409,-0.02409523029,0.01028519402,0.006819731791
-1.118410349,-0.008155639887,0.0006248769323,-0.005353360958,-0.01638658179,-0.0007693787137,-0.02448269133,0.009399130786,0.00798637803
-1.115539487,-0.007894331905,-0.0007078125949,-0.005885168258,-0.01470678334,0.000700348275,-0.02446165602,0.007772274087,0.008501668592
-1.126625459,-0.007108625919,0.002332154727,-0.00613579422,-0.01587746991,-0.000495879137,-0.02372355838,0.008155784669,0.008808905564
-1.116320874,-0.003939640262,0.003441627426,-0.008429076526,-0.01653331253,0.001884524971,-0.0233493367,0.01028743664,0.007633875909
-1.112196694,-0.002264472743,0.004616633395,-0.00807150715,-0.01606066567,0.002138464502,-0.02384820361,0.01185338033,0.007364254587
-1.136481531,-0.003211919517,0.004857505149,-0.00514106829,-0.0168718905,0.001455342416,-0.02312791219,0.009295492044,0.008783922248
-1.148749495,-0.003744310851,0.004736042942,-0.004389774728,-0.01658437918,0.0005982685903,-0.0234189941,0.0078496213,0.008689227743
-1.150110339,-0.003014830445,0.005022294424,-0.005398688324,-0.01599436779,0.0008626717185,-0.02386541869,0.008111824797,0.008460913639
-1.109319855,-0.001220387215,0.005816016454,-0.007818882779,-0.0123026239,0.002053164819,-0.023489731,0.009188533934,0.008469072275
-1.148738444,-0.0009088270676,0.007000438301,-0.006459884599,-0.01429310924,0.001254446652,-0.02323354058,0.01158734577,0.008538648417
-1.118612305,-0.002300802023,0.004467446524,-0.007818729457,-0.01445619089,0.004745014642,-0.02343236459,0.007358739014,0.009401347188
-1.109440756,-0.0005056160668,0.006984540115,-0.005503831489,-0.0164274948,0.0008415421422,-0.02493507053,0.00752602887,0.007991273707
-1.126517522,-0.002080256651,0.006305779749,-0.006375573798,-0.01476467819,0.003825897174,-0.02407135475,0.008779320544,0.009658038591
-1.169111472,-0.002294154883,0.007454593389,-0.006624566508,-0.0146402777,0.0007522490653,-0.0235439315,0.01031241098,0.007166553859
-1.144771209,-0.002019199686,0.003863416284,-0.00749412048,-0.01259333034,0.001457049683,-0.0242383828,0.01047864804,0.0097455192
-1.145201996,-0.001339728653,0.007407580431,-0.006957440046,-0.01449534607,0.000995630061,-0.02263322531,0.00792113714,0.008084468843
-1.181057893,-0.001055775833,0.006945731105,-0.003979723069,-0.01423528934,0.00250615973,-0.02265345622,0.009151816679,0.008403036526
-1.162278727,-0.000811725482,0.006204430588,-0.006435947216,-0.01854023424,0.002056443414,-0.02430178542,0.008829473937,0.008269845249
-1.119145013,-0.0005083166541,0.009255041445,-0.0003665709964,-0.01474385635,0.002274351386,-0.02164812364,0.009509246227,0.008177802987
-1.105928156,0.00674548158,0.009276872968,-0.003225170346,-0.01131715184,0.002657386695,-0.02354150302,0.009883883688,0.009142858666
-1.12145709,0.0086315239,0.01440304455,-0.01930185799,-0.01587866759,0.006553650832,-0.01609293945,0.008487410426,0.009175939454
-1.168792997,0.008245576666,0.01527775087,-0.004066458825,-0.004769653007,0.004124843905,-0.02406473943,0.005978733384,0.007391209235
-1.155997301,0.005406653339,0.01719046023,0.01292417864,-0.01116877048,0.003351293827,-0.02815501825,0.01274424316,0.009312830132
-1.13455683,0.006006332346,0.01291567686,0.006775030512,-0.02052003214,0.003852719841,-0.01320617829,0.01428191437,0.008469636401
-1.141225029,0.006351549702,0.01140233038,-0.01481231431,-0.02567854112,0.001856377029,-0.02479770322,0.006081689844,0.006888141808
-1.141377578,0.003269326787,0.01116097619,-0.01813619165,-0.006329655487,0.006409245101,-0.02719136417,0.0112077603,0.009341174422
-1.158351312,0.00363036092,0.01060556648,-0.005275171112,-0.002873763777,-0.002827058213,-0.02063282186,0.0115219774,0.008236964196
-1.131862734,0.002189249956,0.015503439,0.009098467722,-0.02168570665,0.006313768245,-0.02025805357,0.005514271534,0.01065599135
-1.153006616,0.001964497843,0.00748277069,0.005311218155,-0.02552253822,7.342995133e-05,-0.0223665056,0.006718769798,0.004497301931
-1.124669742,0.0004772977984,0.008752401091,-0.01668937418,-0.01470796453,0.005188232798,-0.02641942609,0.0122133414,0.009431229281
-1.156455981,0.0002841704787,0.007903250692,-0.0190042199,-0.0001413568798,-0.001451253383,-0.02466052175,0.01422390377,0.004838909865
-1.119197596,8.697481204e-05,0.000306623156,-0.002185597967,-0.02083401042,-0.002180308514,-0.02217078899,0.001340987973,0.008057545724
-1.133132184,-0.0005396929864,0.01287046449,0.003222478328,-0.02606426961,0.003283626086,-0.02261877761,0.009671725324,0.01053294562
-1.152418738,-0.002162076463,0.004182111028,0.002401825444,-0.01824833677,-0.0001089580598,-0.02634262287,0.01141989,0.005228364798
-1.109498798,-0.002984210438,0.01402405744,-0.01318069991,-0.001981001524,0.004744499552,-0.02663891621,0.003810777958,0.006899745684
-1.147171962,-0.00463451286,-0.006231432201,-0.01865993259,-0.02139120608,-0.00496110033,-0.02157384661,0.0101501991,0.005402857568
-1.128702401,-0.002976532554,0.003637618713,-0.003536363851,-0.0269123017,0.003448606122,-0.02296254775,0.008308544942,0.008559103959
-1.095307315,-0.001716980823,0.009616505905,0.003692035449,-0.008842995036,-0.001512553008,-0.02698715368,0.01225125027,0.009057975462
-1.180914305,-0.001944755797,0.007258238885,-0.003455737817,-0.01551629694,0.0008705720967,-0.02065404383,0.005421409564,0.007360513512
-1.130082052,-0.003238139791,0.004435285468,-0.01782453608,-0.02018206393,0.005227534614,-0.02547695677,0.00773947619,0.005950144229
-1.13592722,-0.003039160535,0.002544341239,-0.01159065497,-0.01511510064,-0.0009437006205,-0.0243524381,0.004469553794,0.006836828687
-1.109260228,-0.002341309889,0.005538059274,0.0008858700508,-0.008399024571,0.003319891842,-0.02637191987,0.01102544878,0.009866762255
-1.13529961,-0.002601435141,0.006366230686,-0.001259803796,-0.02144704626,-0.004765224352,-0.01906671796,0.01269885162,0.008811046452
-1.114733816,-0.004768494972,0.004105217561,-0.005680172255,-0.02381349904,0.003715512105,-0.02508453627,0.001436917567,0.008480470347
-1.16766421,-0.003665075855,0.006804777869,-0.01370735838,-0.01443898693,0.0002210944357,-0.02539296278,0.009575070253,0.003975879818
-1.123171969,-0.00379547888,0.003963813287,-0.009876976767,-0.004531177426,0.001529441402,-0.02221231294,0.008559939631,0.007879949212
-1.135350858,-0.01219240751,-0.006423230939,-0.003151374817,-0.02005982882,-0.002641047835,-0.02497239605,0.008947414971,0.008164685604
-1.146338206,-0.01249129633,-0.004756496943,-0.005535916562,-0.02344269707,-0.005701298547,-0.02614513131,0.006013706372,0.00711256369
-1.170237775,-0.01142553815,-0.003468549903,-0.01116823016,-0.02092177529,0.004103441857,-0.02400204318,0.01080927942,0.005211244284
-1.134040503,-0.01118911769,0.003128281557,-0.0141026041,-0.01281753005,-0.0006564407888,-0.02995833534,0.01119190639,0.005442910579
-1.112748935,-0.01059533665,-0.008318897103,-0.009239473287,-0.01374537624,0.001299789255,-0.02218021334,0.003205637663,0.0064481101
-1.112229134,-0.01161967103,-0.002275591207,-0.004592906699,-0.02690611135,-0.006197424282,-0.0240338843,0.007019766953,0.007870652857
-1.133573774,-0.006585516306,-0.000788005075,-0.004540131492,-0.007877154157,0.00262223923,-0.02384508527,0.008974758256,0.00983928268
-1.102033078,-0.007644806756,0.004424898192,-0.008339317986,-0.01705496791,-0.001530174366,-0.02618510047,0.01238230954,0.006685027472
-1.090597963,-0.009750971065,-0.001208988168,-0.01683855242,-0.01721103106,0.001909148105,-0.02631266193,0.009700483797,0.006795562708
-1.14610994,-0.006447933886,-0.004837769962,-0.005558824443,-0.02054044544,0.000940030278,-0.024038492,0.007110069437,0.006251159057
-1.110011969,-0.003751183764,0.003880332363,-0.003793147557,-0.01132857842,0.002317681825,-0.02350708421,0.008938977222,0.009049829909
-1.093620693,-0.003685130453,0.004534741213,-0.004987617491,-0.01185319581,-0.001470119757,-0.02186370833,0.01152305347,0.009812099876
-1.143034702,-0.00372258564,0.007728087759,-0.01052879057,-0.02316392304,0.002932987346,-0.02484925367,0.009502569271,0.008050771734
-1.141225296,-0.003266217608,0.003249584907,-0.007926278694,-0.01201276223,0.001453069403,-0.02620236228,0.00807002722,0.006358243163
-1.137465198,-0.003064956001,0.002314818997,-0.006407783955,-0.01451866698,0.00321783822,-0.02165742112,0.008265967127,0.00539385806
-1.134598347,-0.00173937826,0.00433884614,-0.005465876016,-0.01419269247,0.001514059529,-0.02112798755,0.009557699899,0.009604634393
-1.123790252,-0.0007244899209,0.006118052188,-0.005823432091,-0.01824692744,0.0004773920901,-0.02553569055,0.006387701542,0.007790238779
-1.121216603,-0.0009064846911,0.01041426383,-0.005448299845,-0.01562321357,0.002430830902,-0.02371668677,0.01276671138,0.008617395097
-1.144149625,-0.001944126509,0.006430538878,-0.007991730224,-0.00994142639,0.0008304827709,-0.02331988735,0.01058039608,0.007418278077
-1.103389743,-0.002517033629,0.001705786832,-0.005074535215,-0.01383861629,0.0008732990424,-0.02257091971,0.007806742436,0.007715595993
-1.105844404,-0.001206978761,0.003626548335,-0.007288086845,-0.01732330147,0.002276652933,-0.0243959134,0.009423819043,0.008392287854
-1.135686419,-0.001045129967,0.006399555817,-0.00475773432,-0.01737559866,0.003967429621,-0.02302043784,0.01252151289,0.008229752954
-1.161016759,-0.0003967189648,0.01103981932,-0.006751774965,-0.01340418717,0.001750712509,-0.0244131833,0.01140770688,0.008699804232
-1.083377278,-0.001937814865,0.004903708043,-0.005997063462,-0.01404658888,0.001387312179,-0.02221091653,0.004030930073,0.008484351699
-1.142314666,-0.0006576451059,0.00429628003,-0.007047502765,-0.0172856087,0.0007715452021,-0.02312515785,0.008441901934,0.009327384583
-1.099609847,0.0003507370731,0.00548403771,-0.004841695535,-0.01285513455,0.002670001197,-0.02224876245,0.01052227305,0.007708573442
-1.147106459,0.007412680777,0.01385055752,-0.004582778426,-0.01156648517,0.002468577315,-0.02236747715,0.01455430745,0.008308407487
-1.133553557,0.009214595597,0.0165593305,-0.002071958537,-0.01502545607,0.004996547232,-0.02174758383,0.01080500109,0.01096724026
-1.125443231,0.007575925008,0.01561381289,-0.002427144117,-0.01495455801,0.004530281058,-0.02312966212,0.007960727626,0.008801406989
-1.146264555,0.005785939874,0.01437222851,-0.001548338502,-0.01409485467,0.004698179284,-0.02041758846,0.006866867852,0.009929636791
-1.129508238,0.007266984149,0.01448685363,-0.006761038327,-0.007970902956,0.002108910909,-0.02140928082,0.01271411463,0.009745455328
-1.136703826,0.007153368003,0.0158389335,-0.005434567902,-0.01250320784,0.002240977316,-0.02199587351,0.009658809514,0.007987395457
-1.103319108,0.005302218961,0.0117763558,-0.004714212559,-0.01715662652,0.002223522013,-0.02475429699,0.005837447755,0.008752522207
-1.100329216,0.002326053726,0.004415860061,-4.45045444e-05,-0.02321492175,0.003099402413,-0.02044439735,0.01060760474,0.007569036436
-1.123227248,0.003935482121,0.01003539566,-0.002109672911,-0.01369120582,0.002360462029,-0.02281084159,0.01366257317,0.007483290008
-1.114083016,0.004480933634,0.01647451219,-0.001681742145,-0.005707863033,0.001840211309,-0.02415730975,0.008700454673,0.007850932552
-1.099899978,0.002534477214,0.01039670331,-0.007864923123,-0.01497629422,0.003932231708,-0.02171132969,0.003761079073,0.007342293896
-1.131389193,-0.0001794111923,0.006812129725,-0.008207172461,-0.02570952688,0.0008464609276,-0.02167965083,0.00825506054,0.008817522936
-1.110698311,-0.001998910067,0.005458606067,-0.004860615164,-0.0215096924,0.0002832803735,-0.02605927254,0.01426911708,0.007214500162
-1.110033571,-0.0009228304039,0.007531437877,-0.002415982084,-0.01334962888,-4.825689788e-05,-0.02536490258,0.01516113835,0.007033650295
-1.108609217,-0.001734054797,0.004978434396,-0.007294079923,-0.01142265545,0.001239613569,-0.0212561419,0.007249832553,0.008571714026
-1.15253815,-0.002877931012,0.005284718083,-0.008354666686,-0.0163409591,0.0001733996405,-0.02129067239,-0.0005332105215,0.004636107498
-1.12485555,-0.002626383801,0.005818025558,-0.008002802238,-0.01699941573,0.0001507162481,-0.02527713734,0.00546624837,0.008949434379
-1.128079039,-0.004512734761,0.00699622177,-0.002956864429,-0.01685902578,-0.0007911791906,-0.02694912157,0.01693116453,0.008622235731
-1.142427675,-0.001722456832,0.003745894835,-0.004119746235,-0.01869148431,0.001949184531,-0.02396567515,0.01236604498,0.00696985269
-1.12678151,-0.004192374699,0.002166794245,-0.009452006522,-0.01951626167,0.002269027872,-0.02198845643,0.004226680949,0.006156762737
-1.134930185,-0.002803520495,0.006166996234,-0.008301049445,-0.01441060606,0.001071301399,-0.02292417903,0.005324427088,0.006592663558
-1.122526261,-0.002375658643,0.007124133366,-0.00659827235,-0.009486622619,0.001097968469,-0.02439603074,0.009192555328,0.008721140423
-1.127513203,-0.002614963977,0.00475033384,-0.002552586165,-0.01682155348,-0.0005571696161,-0.02440429346,0.01028560986,0.009626250607
-1.132213741,-0.002689987852,0.003098494467,-0.00838156316,-0.02331450332,0.001100086029,-0.02497952118,0.007931068253,0.006158614193
-1.094076717,-0.003404347085,0.003989807225,-0.008694631137,-0.0185541076,0.002315220118,-0.02292979803,0.01047967957,0.006432336685
-1.117180322,-0.003254146398,0.007052389501,-0.007331448947,-0.01247510282,0.00170145946,-0.02157147476,0.009263994924,0.007234670824
-1.11884394,-0.004975906214,0.002726002762,-0.005523762564,-0.01404297217,-0.0004424819282,-0.02183275511,0.009590958219,0.007086237132
-1.107291664,-0.01147127349,-0.004843658465,-0.008305140724,-0.02034272126,-0.002258594014,-0.02484313519,0.005037676142,0.00877313446
-1.021895501,-0.01122275583,-0.004731199171,-0.008330333354,-0.01704476545,-0.0005826729797,-0.02619319603,0.005462474806,0.006810804436
3.755753463,-0.009383577475,-0.0009541623773,-0.009414670867,-0.01451282461,-0.0006412816997,-0.02420611409,0.008695428727,0.007320172537
4.588765103,-0.01003810213,-0.003399945468,-0.009607574087,-0.01451105471,-0.001134214684,-0.02271178128,0.009353773203,0.006578805801
4.385267065,-0.01352481576,-0.00717959785,-0.0105292646,-0.01919638282,-0.001813800968,-0.02432142522,0.00867543009,0.005912169241
4.46974448,-0.008985056205,-0.002740618353,-0.008621095643,-0.01794170459,-0.0008193291652,-0.02364439803,0.007880572054,0.007632967877
4.375342293,-0.008222124862,0.00198462963,-0.00740150791,-0.01344880522,-0.0002908984817,-0.02393030349,0.009024711772,0.01057563654
4.455069635,-0.006474006555,0.002381237666,-0.005914552152,-0.01488288159,0.000451437478,-0.02450010773,0.007315843202,0.007141824908
4.42231662,-0.008149914416,-0.002826668992,-0.008184099669,-0.02075889686,0.002104480145,-0.02246428205,0.00557114271,0.00854349715
4.460536743,-0.007477955059,-0.0002081186399,-0.008383576885,-0.02027529901,0.001870393472,-0.02340981161,0.01066976859,0.005988517574
4.479423893,-0.004724490338,0.003811703531,-0.006499161674,-0.01408507493,0.001313766295,-0.02363958979,0.01192865645,0.008704696074
4.469276111,-0.003900628207,0.003304376993,-0.007309934345,-0.01590997827,0.001030640871,-0.02491512827,0.009775595833,0.007482221162
4.436469672,-0.003742570088,0.004145856522,-0.007334253053,-0.01571373241,-6.086001693e-05,-0.02292811997,0.005032032548,0.009169729822
4.444642396,-0.003234905651,0.002316930227,-0.007153823841,-0.01546925031,0.002456462947,-0.02344944338,0.005404181059,0.008421159561
4.461610805,-0.002202359215,0.007789928569,-0.006519550282,-0.01306693483,0.001114874483,-0.02227166128,0.01177467966,0.0075579824
4.395965661,-0.002973833249,0.003271236952,-0.006100102646,-0.01387112986,0.004901970595,-0.02358306496,0.01276432547,0.007624702415
4.442164725,-0.0005169369165,0.006656543215,-0.006330788856,-0.01848619507,0.001113480327,-0.0223199041,0.01002358702,0.007484178306
4.404292117,-0.001009699491,0.004827404657,-0.007195498462,-0.01607225453,0.004678693563,-0.02273818911,0.007690850125,0.008808836347
4.443703761,-0.002140515664,0.007149475505,-0.007832643083,-0.01227406855,0.001270085111,-0.02103327557,0.007252568556,0.009000682644
4.437112498,-0.001253615581,0.007613026215,-0.005019246667,-0.01150621033,0.002471440397,-0.02434852753,0.007984253373,0.008539111111
4.452046023,-0.001102679505,0.004542662331,-0.005271109962,-0.01644616913,0.001194342732,-0.02331732809,0.008365903497,0.009064475915
4.36446288,7.247784077e-05,0.005517498262,-0.005553948385,-0.01760739318,0.001091078415,-0.02192918259,0.01145984705,0.007788724987
4.457364237,-0.001260450949,0.005690987087,-0.00743424135,-0.01501665761,0.001318438892,-0.02265110433,0.01108048851,0.008405943001
4.386386562,-0.001849059452,0.006600860833,-0.005506622151,-0.01364619968,0.001542749708,-0.02542139184,0.01023770049,0.008042834948
4.496388474,-0.0009291289418,0.006180897564,-0.007229210672,-0.01571803153,0.001905052395,-0.02389222271,0.009748216327,0.01192623177
4.330644435,-0.001274084228,0.006687947104,-0.004496094604,-0.0144259874,0.003163704842,-0.02350924225,0.007757163546,0.007538586006
4.552587026,0.001416564213,0.01104348719,-0.004290102606,-0.01153495967,0.004014774368,-0.02115492608,0.009330057422,0.009556789049
4.239673655,0.007819595953,0.01888449115,-0.003853513777,-0.0116484068,0.004575596037,-0.02096651108,0.01101609056,0.007178572313
4.849635481,0.008707067851,0.0134600497,-0.006413770154,-0.01421058946,0.004347043657,-0.02185161886,0.01092153505,0.008861392644
2.314299842,0.006903198147,0.01436926076,-0.003545673139,-0.01395868062,0.002967947961,-0.0226134976,0.0105464618,0.008630641255
-1.57478795,0.006782379952,0.01393709858,-0.00297355228,-0.01128154538,0.002914979027,-0.02142591145,0.01062398316,0.009221147564
-0.951027089,0.006640449374,0.01285618292,-0.002660439729,-0.01313226598,0.002869542413,-0.02254041273,0.008457108274,0.009573167504
-1.272514341,0.005291988058,0.01233578018,-0.003193480666,-0.01552084908,0.003568168232,-0.02173112992,0.006816139151,0.006788595976
-1.064101965,0.002745789298,0.009152468871,-0.00599463305,-0.01570452267,0.003764351252,-0.02349567475,0.008651920899,0.009090834829
-1.175412889,0.004677210037,0.01277721375,-0.004700284345,-0.01701320047,0.003852039871,-0.0215723867,0.01121521557,0.008709177208
-1.121764138,0.005699716966,0.0124152587,-0.002915588793,-0.01387476577,0.002922824508,-0.02210105448,0.01062412098,0.008123776203
-1.171977308,0.001598465105,0.007773128209,-0.004395405968,-0.01585454136,-3.930095475e-05,-0.02095685434,0.008462168567,0.007609761829
-1.084334211,0.001324741398,0.004366943713,-0.006568289331,-0.01468584475,0.0005754615336,-0.02242525683,0.007506471799,0.007314920493
-1.1172335,-0.0007919922447,0.006624493085,-0.006459449235,-0.01518243869,0.001198415325,-0.02249656429,0.009984038451,0.007287414344
-1.126803528,-0.001225328287,0.007587190068,-0.003946491329,-0.01543762023,0.0009402610193,-0.02438366855,0.01214510062,0.006725513069
-1.115064544,-0.0004824734515,0.007746162146,-0.005774771521,-0.01908840795,0.0009292303676,-0.02422047534,0.007758695733,0.007837026087
-1.117425062,-0.001271545106,0.004674111423,-0.005888411381,-0.01825200402,0.001774504498,-0.02514542475,0.007075901918,0.006081021515
-1.161575641,-0.001769212156,0.006306940399,-0.008793118831,-0.0155444153,-0.001407339986,-0.02317469147,0.0091344936,0.007026413089
-1.145493767,-0.005274426245,0.002765129011,-0.008043562179,-0.01638860681,0.0001362642187,-0.02384821723,0.008599268563,0.007275873842
-1.160143948,-0.003351100769,0.003096656131,-0.007091330212,-0.01584402103,-0.001301266445,-0.02316793247,0.008969326242,0.008671252477
-1.17758381,-0.00278206859,0.005032571489,-0.005653773559,-0.0174334456,0.001077154395,-0.02395374304,0.008402676613,0.007869480321
-1.148612262,-0.003708986796,0.005953843579,-0.005865130425,-0.01677494433,0.000539211592,-0.0222530488,0.007168088599,0.007951714398
-1.130093004,-0.002754263454,0.005356917314,-0.00692661372,-0.01629411021,0.0003701296665,-0.02497838332,0.008606865531,0.00697308819
-1.144387483,-0.002021551727,0.005839278096,-0.006981380592,-0.01776403562,0.0007739028776,-0.02391705259,0.008946050504,0.007144192871
-1.172286091,-0.003519299872,0.004735384159,-0.006972337464,-0.01555940169,0.001312594307,-0.02421732686,0.00835628299,0.006802113926
-1.135155653,-0.002115638723,0.00550827172,-0.006248339013,-0.01492842292,0.00108146847,-0.02385351492,0.008627553499,0.007416729566
-1.182098807,-0.003154115386,0.00527787839,-0.007063616522,-0.01639115402,0.001379562152,-0.02330771805,0.007898377978,0.007613857282
-1.117055443,-0.001202438169,0.004900714944,-0.00752279553,-0.01834528357,0.0005074272952,-0.02378949658,0.008077260182,0.007005210952
-1.158487393,-0.006466514149,-0.0009735640554,-0.008191111183,-0.01724448284,-0.0003516187365,-0.02482044416,0.008917662827,0.005531215328
-1.169714632,-0.01345553163,-0.005161433634,-0.00896053875,-0.01654426197,-0.001098276248,-0.02550649382,0.007651592972,0.006711841552
-1.109184123,-0.01288645458,-0.004906118264,-0.008057565776,-0.01500390734,-0.001656613445,-0.02314801424,0.007605668196,0.006319105742
-1.132341472,-0.01152024801,-0.004265427704,-0.008431691433,-0.01757865831,-0.0009233842527,-0.02463087831,0.00876571312,0.006173288886
-1.126386346,-0.01075644303,-0.003632765401,-0.00822574731,-0.01814935704,-0.0009479587123,-0.02543261833,0.007595439446,0.006294339246
-1.141593505,-0.009818305457,-0.001288366316,-0.007369425943,-0.01669158407,0.001191780992,-0.02494750727,0.008969836609,0.006195486535
-1.174340254,-0.009547771209,-0.0005925874881,-0.007030581398,-0.01757327084,-0.0004104682602,-0.02374410476,0.008940435144,0.007806264742
-1.149895538,-0.006032213937,0.000718018648,-0.01792686547,-0.01850863984,0.0008957614079,-0.02095785097,0.007672148033,0.007739110535
-1.141236326,-0.008513865386,-0.002197597676,-0.01070101205,-0.0111424311,0.0001777406389,-0.02297355584,0.007996817664,0.006525810577
-1.133733668,-0.00891397699,0.0004643230308,0.0008083083209,-0.01309718129,0.0008371148136,-0.0300123323,0.0103169992,0.009603755948
-1.131461731,-0.006442460022,0.003009495205,8.906488989e-05,-0.0187479297,0.0008835012051,-0.02074710561,0.01217162184,0.008234622292
-1.160508419,-0.004022539112,3.893148055e-05,-0.01180114872,-0.0200989439,0.001198141117,-0.02346058432,0.006074633733,0.005951518056
-1.155053029,-0.0033905782,0.003469496794,-0.01848903681,-0.01156096881,0.002922137979,-0.02594263307,0.007730915309,0.00870990876
-1.116162218,-0.002858863635,0.003005193608,-0.009254271394,-0.01039587445,0.0002380603214,-0.02345508942,0.01171210461,0.008877749515
-1.150413184,-0.002784663157,0.005711765795,0.001519293754,-0.01830259371,0.002193682682,-0.02115693748,0.009237739194,0.009749168022
-1.117392422,-0.001988113393,0.003432295983,0.0006825673634,-0.01892944574,0.00148214862,-0.02417808406,0.006451411039,0.006183201304
-1.119013303,-0.001944695297,0.003726460145,-0.01103234971,-0.01592482007,0.0001904127836,-0.02454542159,0.008395185564,0.005583308613
-1.130851047,-0.0003169211607,0.005637473561,-0.01612984372,-0.006929919323,0.002391910242,-0.02481731865,0.0116577522,0.009617824611
-1.151229395,-0.0008881249643,0.001969957847,-0.005302428122,-0.01502892469,-0.00119985412,-0.02222159114,0.008419619619,0.008132469705
-1.129626398,-0.001296380967,0.007496552293,-0.0005268322066,-0.02230431005,0.003246317571,-0.02235419357,0.01174901291,0.010743468
-1.151095488,-0.00244344504,0.007289860052,-0.0006107918954,-0.01508186155,0.002530567086,-0.02136806973,0.01091328786,0.006609057284
-1.114888009,-0.002012426247,0.007151896502,-0.00881745986,-0.009686810664,0.003729505499,-0.02582314042,0.005835057772,0.00786875039
-1.126831267,-0.001125726398,0.002025943136,-0.0135276583,-0.01446585626,0.001661487885,-0.021110825,0.009124559299,0.008867603864
-1.126118081,-0.0002979944936,0.003107864361,-0.007360964123,-0.01971659734,0.0001068984001,-0.02474639071,0.009000198036,0.008155246251
-1.129500934,-0.000661697033,0.009663741919,-0.001090413839,-0.008852266196,0.002546423435,-0.0233350327,0.01016446206,0.01148419794
-1.115460261,-0.002312088993,0.008555157136,-0.00125250255,-0.01197284232,-0.0009982478737,-0.02282413275,0.01125323757,0.006486665458
-1.174781928,-0.0005285594908,0.007993664609,-0.008646933768,-0.01996786566,0.006144773094,-0.02029230877,0.008084967231,0.006356118252
-1.136469556,0.006260353146,0.01263541987,-0.008091460647,-0.01221321302,0.003668050077,-0.02255361141,0.01072306953,0.007783486858
-1.122852401,0.009920373984,0.01368754039,-0.001239090156,-0.007230449321,0.00365748777,-0.02411067569,0.0111442766,0.01152698943
-1.130372076,0.00860917423,0.01519744422,-0.0009820259374,-0.01458033045,0.001419053675,-0.02393239653,0.01294123548,0.011756832
-1.103547033,0.005656079522,0.01386200772,-0.0004567893542,-0.01808757922,0.002904333231,-0.0201138873,0.007190866061,0.007981939232
-1.176876061,0.00657953147,0.0172943318,-0.005538568536,-0.01489555074,0.005751228983,-0.0211545785,0.009615380237,0.006914102127
-1.132643085,0.006206714302,0.01477368781,-0.007742525455,-0.009152621493,0.006406695297,-0.02020268785,0.01133204769,0.006147155533
-1.129314777,0.004098511849,0.01062228356,-0.003789613292,-0.01303880493,0.004497354737,-0.02592256963,0.01146399858,0.00943060166
-1.128732826,0.003656366752,0.005523857018,-0.003883687749,-0.01748607071,-0.002105096338,-0.02411834088,0.005927882668,0.00925577547
-1.136160297,0.00438410268,0.01425180123,0.001037061608,-0.01513746766,0.0007808781094,-0.02093018777,0.009241972452,0.008936390918
-1.155268599,0.003073514905,0.01039088536,-0.007541030008,-0.01310602617,0.005537940469,-0.02233916304,0.01429463904,0.007523328007
-1.107484894,-0.0003258478924,0.01493044756,-0.005179289808,-0.01632913855,0.003261093768,-0.02259371788,0.007921322836,0.005840783203
-1.109847503,-0.0007434100034,0.00288647128,-0.008277751842,-0.02001386798,0.003583792189,-0.02654794412,0.007717389459,0.005815850816
-1.101911006,-0.001026178749,0.006173692712,-0.003092295416,-0.01680136936,-0.0004822372536,-0.02347004713,0.007695997812,0.00886935829
-1.099951619,0.0002851903373,0.007003676959,-0.004150914965,-0.01169951541,0.0005569612332,-0.02492934985,0.008733061375,0.007740200477
-1.122060897,-0.002618795799,0.006729880952,-0.007115202273,-0.01856561836,-0.00172783761,-0.02466671567,0.01168545145,0.008689334603
-1.090386552,-0.003119687922,0.004190014367,-0.009082699946,-0.01603498076,0.003769812568,-0.02470908066,0.009639070309,0.005577700835
-1.093853853,-0.003335480206,0.005383217439,-0.00514098694,-0.01838743685,0.0008160461704,-0.02266118175,0.007131922381,0.006209549023
-1.113903095,-0.004476191293,0.002593268206,-0.004965016197,-0.01550897449,0.001494884229,-0.02186917416,0.006043817556,0.006872303259
-1.135715029,-0.0007253516636,0.003781789055,-0.004801410219,-0.02213604443,-4.273103823e-05,-0.02282247184,0.009567452034,0.007005595814
-1.079328184,-0.003398204809,0.006602695133,-0.008987506618,-0.01392687459,0.002595743124,-0.02712390421,0.009955310209,0.009025931444
-1.160564826,-0.003162569614,0.004861801874,-0.005648844534,-0.01160395648,-0.001561929346,-0.02467647821,0.01080615062,0.007010242364
-1.135942467,-0.002168432334,0.003661868674,-0.008280281982,-0.0158528792,0.00176479898,-0.02219815861,0.007594804165,0.008999430015
-1.128471899,-0.003311004234,0.002568916872,-0.004650692959,-0.0182955863,0.0003847852225,-0.0226562915,0.006085516524,0.005405358142
-1.114648506,-0.002248802966,0.004150280884,-0.005655200214,-0.020729863,0.00104503522,-0.02396934497,0.008481427277,0.007723411187
-1.110261332,-0.00338845926,0.007319426211,-0.007373338478,-0.01493188392,0.00147698551,-0.02482980078,0.0119273101,0.007807546082
-1.130706047,-0.003104704197,0.005012812568,-0.00681345361,-0.01628020812,-0.0008880213334,-0.02450683847,0.008760469166,0.00932664262
-1.110979215,-0.005649549357,0.001688503547,-0.006192430339,-0.01460927958,0.0006693239993,-0.02396096696,0.004463828138,0.008529484854
-1.139125202,-0.01146401904,-0.004797998563,-0.007241105146,-0.01797143627,-0.003127260155,-0.02225712781,0.005712214518,0.005413125816
-1.124890205,-0.01225886757,-0.004447876192,-0.009041376148,-0.01839597592,0.002072432973,-0.02537929196,0.008428841065,0.007279343355
-1.101781451,-0.01185895491,-0.002467420254,-0.009215202868,-0.01725261589,-0.003611178853,-0.02564939036,0.009388319848,0.006017054324
-1.10762047,-0.0106523678,-0.00379729806,-0.01022137521,-0.01990667546,0.0006603167042,-0.02495118328,0.007413955351,0.008046084861
-1.102584089,-0.0100290071,-0.005729850204,-0.009433082429,-0.01465271564,-0.002792854613,-0.02485233279,0.006393377366,0.006093409963
-1.129778307,-0.008545288973,-0.0007461977879,-0.007378865926,-0.01475518004,7.218612051e-05,-0.0237103491,0.008560338824,0.008062742158
-1.110064271,-0.006658980955,-0.001453822132,-0.007734794549,-0.0161867701,0.0009349679866,-0.02420780958,0.01168038786,0.007927665844
-1.166260526,-0.007711122654,0.002163749572,-0.007876499595,-0.02035782965,0.0002816312667,-0.02465278599,0.007935254919,0.006721305524
-1.108635147,-0.007621925254,-0.001915354983,-0.009214482964,-0.01939831511,0.00269114857,-0.02340087271,0.006871343739,0.007872694052
-1.130537389,-0.007230428033,0.001084607266,-0.007010331397,-0.01359292644,-0.0008738968616,-0.02269498552,0.009335833475,0.007818193448
-1.123484605,-0.005044056115,0.003272338199,-0.004715381335,-0.01263665176,0.001139188065,-0.02280775144,0.006567952207,0.009062495621
-1.145359353,-0.002648673654,0.0009299560013,-0.007209871894,-0.01706786438,-0.001038146073,-0.02458925816,0.007548485777,0.008565114724
-1.130875186,-0.003562177709,0.000724339697,-0.01199697706,-0.01710169402,0.001099255818,-0.02278620149,0.01034195306,0.007931658913
-1.099837335,-0.002375674902,0.004574592648,-0.008111966338,-0.01371674825,0.0003948343383,-0.02489892409,0.01302019199,0.008211413705
-1.123406482,-0.002550475495,0.01099395815,-0.003734033814,-0.005884295755,0.002181312953,-0.02268542207,0.00545403988,0.008476983308
-1.098011983,-0.001824109452,0.003532962977,-0.003496180644,-0.01927497513,0.003526163178,-0.02162206709,0.007531053132,0.007073062619
-1.126359591,-0.0005773090156,0.004095693997,-0.009832403272,-0.02795740144,0.001682438667,-0.02376751334,0.01174925952,0.008331417096
-1.106699682,-0.001784018386,0.007190199743,-0.006591283788,-0.01523659545,0.002103813349,-0.02737826869,0.01374075112,0.008634000841
-1.124692708,-0.002934167427,0.005826285824,-0.004956118422,-0.006916295091,0.001232336478,-0.02235294015,0.01129376966,0.009800830442
-1.139110436,-0.00125404368,0.005724690743,-0.004393268158,-0.01238937718,0.001964872449,-0.01762780856,0.002273778092,0.008306146164
-1.120853091,-0.001565234809,0.002155502758,-0.006334206817,-0.02407776877,0.002231619974,-0.02214443685,0.005379046027,0.005645361153
-1.124824951,-0.0004353440614,0.007136823366,-0.00740934248,-0.01530898231,0.001543102713,-0.02680554929,0.01409324501,0.01039025024
-1.127878421,-0.0003264461023,0.008381208699,-0.005133183189,-0.008920890523,0.002124181217,-0.02497722122,0.0136065664,0.009231187969
-1.172923037,-0.001109202918,0.003212819476,-0.007715306115,-0.01426002518,0.001318070979,-0.0217646273,0.00470429305,0.007650948239
-1.054246073,-0.00217569799,0.003114764141,-0.005789376458,-0.01880450743,0.003364542249,-0.02076832455,0.004328982844,0.006768401856
-1.171891678,-0.00109570449,0.008954856619,-0.003899039288,-0.01498731918,0.002716832539,-0.02413761067,0.01197911798,0.008610909715
-1.014929593,0.003889945467,0.0143838404,-0.001535028397,-0.007155284743,0.005098607368,-0.02331269599,0.01586789197,0.009124551673
-1.286419536,0.008613290653,0.01530370405,-0.004034051114,-0.01577652259,0.002852348127,-0.02057140436,0.007541120359,0.00969717881
-0.9003924733,0.007350559548,0.01205914522,-0.006861464136,-0.01908994075,0.003745367243,-0.02019944646,0.004443190059,0.008342838303
-1.568668188,0.006390515251,0.01334693285,-0.003460176898,-0.016891637,0.001886601041,-0.02206901445,0.01153891269,0.008415776767
1.92976382,0.00539711418,0.01760352692,-0.001361165866,-0.009526036166,0.003058095145,-0.02296237518,0.0154111318,0.01029209561
4.86271755,0.005559110656,0.01320647718,-0.002905942002,-0.01264115979,0.002471985509,-0.02136113028,0.009645030457,0.009321813937
4.159417151,0.004826581521,0.01043008822,-0.003522030141,-0.01816797083,0.002802556309,-0.02175964015,0.002846803092,0.009951470889
4.613096665,0.003517241847,0.008668346332,-0.005234418793,-0.0141425031,0.002216184004,-0.02258675084,0.005901013545,0.007701075558
4.333745745,0.004519030899,0.01277589174,-0.00331229338,-0.01128693349,0.002424086687,-0.02399505359,0.01333115901,0.008574078884
4.521112664,0.00327799751,0.0110571597,-0.003981846772,-0.01451553886,0.003242542952,-0.02384663177,0.01337179641,0.008850336228
4.406089481,-9.399099523e-05,0.009297124725,-0.005860361313,-0.0177198958,0.001181219624,-0.02191393201,0.007926047737,0.007323130175
4.461967382,-0.001280965958,0.008563263543,-0.00419264298,-0.01542675868,0.002044123601,-0.02110798693,0.006395960133,0.006923617159
4.455108717,-0.0009183466204,0.008757639551,-0.004551346667,-0.01120680922,-0.000365643828,-0.02362427279,0.009312027456,0.007124371208
4.462279979,-0.00103936862,0.004386508741,-0.00605000903,-0.01714089045,0.0003689484289,-0.02487852157,0.01058276593,0.008029222915
4.439703482,-0.001681525837,0.004255962251,-0.008806610381,-0.02272520428,0.001192735078,-0.02366882935,0.009309690368,0.006622097925
4.442348879,-0.001779074718,0.005065662666,-0.007967890268,-0.0165711298,0.00121573719,-0.02406270451,0.007149970452,0.00779031641
4.424007215,-0.003582066649,0.007961439553,-0.003691158645,-0.01422131121,0.001321154281,-0.02251285985,0.008744902211,0.006908921455
4.444152395,-0.006084228149,0.005185858701,-0.005291585861,-0.01394375329,-0.0008317449059,-0.02297766591,0.005795349154,0.007380476393
4.467665026,-0.003274079649,0.002647414078,-0.006607787215,-0.01899248794,0.0007858266045,-0.02328956476,0.007998800384,0.007311029902
4.430372387,-0.001458491139,0.002554056351,-0.008317589174,-0.01581885096,-0.0003890896395,-0.02438308355,0.009323350995,0.009704865769
4.444914738,-0.002315095469,0.007599646174,-0.005385975722,-0.01393485886,0.001102735455,-0.02468368198,0.01008141953,0.00812255103
4.431803229,-0.003158906794,0.004651409917,-0.005680343886,-0.01646082777,0.002172489529,-0.02457597451,0.009515343877,0.00761393634
4.461789909,-0.003520842099,0.005741399123,-0.005632142826,-0.01855439286,-0.0002925350768,-0.02327132092,0.006649361884,0.005784282984
4.477192063,-0.003980422416,0.002525238892,-0.00879028288,-0.01566462367,0.00202400633,-0.02199489135,0.007689263729,0.00749465308
4.444854759,-0.003657107319,0.005916478128,-0.007945191101,-0.01268279958,-0.0003809773538,-0.02390446634,0.009572985606,0.007465073252
4.41553982,-0.002564548622,0.004235504046,-0.005117859028,-0.0155762795,0.001250307067,-0.02334981221,0.006626272966,0.01027049744
4.45254453,-0.003335462019,0.001829576497,-0.007310019768,-0.02138836882,0.0008976532317,-0.02432809967,0.007153825051,0.007903608515
4.435787797,-0.009418912443,-0.001572409651,-0.008862092667,-0.02012522446,-0.000817025915,-0.0252053574,0.008912552622,0.00616394948
4.432941391,-0.01308533515,-0.002907823985,-0.01113207985,-0.01706601073,0.0006162807063,-0.024691772,0.008908058401,0.006656554911
4.404065045,-0.01363466934,-0.003218138753,-0.007824688629,-0.01711062283,-0.002135240369,-0.02483355134,0.007420226669,0.006997014963
4.477940842,-0.01132328452,-0.005527419063,-0.007707675371,-0.01958464527,-6.694735937e-05,-0.02456628112,0.006559453465,0.00917027085
4.181786024,-0.01107308584,-0.002356070142,-0.007085623237,-0.01902199232,-0.001580009391,-0.02406206035,0.007680494604,0.007483969493
-0.6791829011,-0.01085889111,-0.001727009697,-0.009898663023,-0.01475721213,0.001059728876,-0.02582826931,0.009331607934,0.007323970456
-1.250600871,-0.007235763466,0.0002857372821,-0.009033476544,-0.01561857196,-0.000716051221,-0.02476437084,0.009049299193,0.007331083866
-1.08261586,-0.00727549454,0.0003254565728,-0.006678270982,-0.01667685316,0.0004822610068,-0.02300428449,0.006053021352,0.006910777621
-1.141766183,-0.008738876175,-0.003924820427,-0.007075809847,-0.01779754265,0.0004702621176,-0.02312376063,0.006597354996,0.008592872643
-1.116541486,-0.007532091923,0.00227318526,-0.009616442285,-0.01419967703,-0.0005114576603,-0.02428597313,0.009343101283,0.006194724668
-1.150615382,-0.003075004518,0.0007255740723,-0.007969176174,-0.01405902919,0.0001614048291,-0.02381492998,0.009188631418,0.008037356523
-1.102415555,-0.005538050792,-0.000627653892,-0.006154482372,-0.01824930556,0.001185724052,-0.02433987119,0.01011139443,0.006617948288
-1.099238341,-0.002742066147,0.00318350716,-0.002302345796,-0.01647088728,0.001122545351,-0.02323231763,0.009839970817,0.009555018878
-1.151510417,-0.002604366489,0.007750682558,-0.007171394586,-0.0126613659,0.001355444719,-0.0235004234,0.009661777574,0.009283746286
-1.12285891,-0.003316540153,0.005576592357,-0.0109690235,-0.01468375287,0.001122790258,-0.02231381185,0.007570844472,0.007883490066
-1.136527514,-0.002857633555,0.003777336736,-0.01162908215,-0.0195640979,0.0009384014452,-0.0251151427,0.007658575972,0.009265321528
-1.164421745,-0.001180889586,0.004374632369,-0.004043997808,-0.01660351921,0.000913654853,-0.02261631093,0.01119389484,0.007166706859
-1.155697729,0.0006485892435,0.006986114889,-0.0007762528756,-0.01176408104,0.002088846031,-0.0241305613,0.01249099265,0.007901207307
-1.141271896,-0.0007116937966,0.005883962298,-0.004256398153,-0.01326296899,0.002592261015,-0.0222192294,0.009408695602,0.007788575213
-1.167087673,-0.001558566751,0.004931323015,-0.009141524042,-0.01897860404,0.003110295491,-0.02267935296,0.006179890281,0.007731302959
-1.108748278,-0.001192702922,0.005704424817,-0.009580082194,-0.01515949118,0.003268526803,-0.02349980346,0.008350350089,0.009677233569
-1.119663691,-0.0007832824739,0.007402534475,-0.007456492102,-0.009770540975,0.001528323789,-0.0244909206,0.01290358823,0.009910941346
-1.139689523,-0.0005891921626,0.004255208855,-0.002924955373,-0.01414122674,0.00177215893,-0.02155515605,0.01078655776,0.008607127849
-1.14868641,-0.001758945183,0.007146982204,-0.004516562909,-0.01689923171,0.002050678881,-0.02401473281,0.00631876161,0.006705591153
-1.149623103,-0.001772513771,0.005095119452,-0.004803455892,-0.01581926703,0.003241399118,-0.02159398711,0.006745205403,0.009053406888
-1.107667548,-0.000676429072,0.008387872104,-0.009160189797,-0.01218677643,0.001351030881,-0.02514840952,0.01034057272,0.008849430824
-1.112532924,0.001923290386,0.008892304232,-0.005255760341,-0.0137161936,0.001413711341,-0.02218844175,0.01037899889,0.00874971366
-1.141848442,0.008565406913,0.01168854623,-0.003655451664,-0.0166807061,0.001993611478,-0.02203462954,0.01113356342,0.009890189809
-1.152256357,0.007467269863,0.01755034386,0.0001088284942,-0.01375349958,0.005637933379,-0.02172782336,0.009739470902,0.009369648017
-1.146642976,0.007175450664,0.01541614795,-0.004385885569,-0.009992583447,0.006068380717,-0.01994719501,0.01001270231,0.006941501397
-1.135829111,0.005871434112,0.01402620238,-0.004951711914,-0.01418326875,0.004953370117,-0.02171690756,0.008098848662,0.00795480877
-1.15618747,0.007109101237,0.01004678994,-0.004664114971,-0.01645151441,0.00264019137,-0.02270329685,0.008460822033,0.01087782636
-1.153777822,0.005237000164,0.01200111939,-0.003734490585,-0.01319037488,0.001537631222,-0.02389835571,0.01092284577,0.009773678555
-1.142218905,0.00255146215,0.01355670535,-0.003600731634,-0.01131905437,0.002935678656,-0.02263020031,0.01117839928,0.00889625059
-1.114068759,0.002494226342,0.01268957831,-0.003905702303,-0.01667346757,0.004052413115,-0.02232198521,0.008621290912,0.006454755476
-1.168353535,0.002615214919,0.01150381282,-0.005058329941,-0.01714639484,0.003901398804,-0.02310766529,0.009634275263,0.007605377044
-1.132782415,0.002257022999,0.008453129755,-0.003019551562,-0.01386494433,0.001643931829,-0.02379698864,0.01000247269,0.007192310712
-1.120804837,0.001591496379,0.00841978133,-0.003437306652,-0.0123850002,-3.296027111e-05,-0.02322332167,0.009883412877,0.009968426489
-1.127393589,-0.001149825674,0.007949979545,-0.007274017261,-0.01750235678,0.0008654791488,-0.02377697049,0.007370162676,0.006827727428
-1.167271557,-0.001758771758,0.007635332192,-0.007368327548,-0.01874795376,0.000977852082,-0.0236356823,0.006370351564,0.006198246633
-1.084698614,-0.001822779096,0.006604423037,-0.005027108403,-0.01308937418,0.002606417827,-0.02453244795,0.007302915862,0.007967435993
-1.162077073,-0.002621717472,0.004683742676,-0.002542235975,-0.01688695733,-0.0009652994626,-0.0237384657,0.009286747292,0.007323794873
-1.154038853,-0.002528803879,0.004551606315,-0.005170141405,-0.01781916685,-0.0002103173488,-0.02433277378,0.009920598342,0.007543546312
-1.130892905,-0.003833257557,0.003339037282,-0.01084044161,-0.01851769485,-0.000701089809,-0.02584302976,0.007852751748,0.007228423881
-1.132523466,-0.00226698882,0.007180612966,-0.008562331966,-0.01321380188,0.001550189091,-0.02428179415,0.007796949676,0.008252833199
-1.12134982,-0.001987127042,0.006496293879,-0.005706980662,-0.01594067837,0.002243067689,-0.02279135779,0.008508182939,0.007927582818
-1.157823938,-0.003299114093,0.00617277441,-0.00246263865,-0.0195754919,0.001621792559,-0.02235184498,0.007049289966,0.006038023248
-1.181143059,-0.002536483111,0.001849687678,-0.005626729284,-0.01673015524,4.392694047e-05,-0.02476972308,0.01038890375,0.007080126195
-1.15452469,-0.002534123706,0.006559437362,-0.009918130088,-0.01346249076,0.0007192271241,-0.02531214538,0.01139552395,0.008156297875
-1.134311096,-0.003173767538,0.003476908881,-0.009506708963,-0.01457445389,0.0002689119629,-0.02492103108,0.009261060634,0.007416874026
-1.130327529,-0.002274570404,0.005649265898,-0.005897424846,-0.01845867349,0.001400336266,-0.02334651598,0.008925596682,0.007431629842
-1.1317441,-0.003566433842,0.004731314194,-0.002745829387,-0.01771370469,0.001649262986,-0.02405188487,0.007995123001,0.006788544355
-1.155023602,-0.002960786277,0.006399727275,-0.004289471776,-0.01394852667,0.0001057940969,-0.02469911835,0.01039007571,0.007942482884
-1.14987615,-0.007847234473,-0.0009310494259,-0.008695327551,-0.01921254228,-0.0003116463281,-0.02481901207,0.008511689579,0.006725219568
-1.151503008,-0.01202697063,-0.006216471638,-0.0117898872,-0.02103928495,-0.002578138833,-0.02565252851,0.007936976813,0.00674790707
-1.139596656,-0.01288806707,-0.005461673643,-0.008238241192,-0.01434907246,-0.001045250171,-0.02529192747,0.006784973536,0.008140060193
-1.088633591,-0.01035918674,-0.001198856023,-0.006306959772,-0.01593159031,-0.001538798162,-0.02312920115,0.007301206362,0.007133610495
-1.117263524,-0.01074278153,-0.003179248862,-0.008731034368,-0.01815524737,-0.0007162477466,-0.0248390252,0.006598504663,0.006996840954
-1.141305822,-0.01168187886,-0.001776975477,-0.009243654465,-0.01835544247,0.0006538420397,-0.02380052847,0.006467977357,0.005692260592
-1.129476176,-0.009340467356,-0.001846504721,-0.007979587041,-0.01447348465,-0.001180381788,-0.02485274503,0.01057974808,0.008384303521
-1.089412995,-0.006333269783,5.498541656e-05,-0.006693676429,-0.01321296197,-0.0003156021759,-0.02274788591,0.008591827145,0.008959044626
-1.148708718,-0.006683701105,-0.001296815634,-0.00561456569,-0.02069686266,0.00267659196,-0.02610522702,0.01070647521,0.008141824646
-1.131224442,-0.008727166853,-0.001367025208,-0.008749924914,-0.01526920142,-0.0002792477953,-0.02485193382,0.005606748078,0.006463002773
-1.148643385,-0.006154501978,0.005368287142,-0.007035709213,-0.0153190096,-0.001644064414,-0.02210629633,0.006128178077,0.007026088239
-1.13332295,-0.003289531153,0.0008515490631,-0.00863737642,-0.01266091904,0.001879557204,-0.02188352353,0.009158891042,0.00849857565
-1.156470217,-0.003570435208,0.002635743997,-0.007635266911,-0.01759491298,0.0001342881274,-0.02383638663,0.01153206546,0.009820469852
-1.11634428,-0.002887805759,0.005723449672,-0.006153212112,-0.01686855244,0.003203802115,-0.02454663461,0.01051891135,0.007363367895
-1.135377132,-0.001888950036,0.00417862328,-0.006225289399,-0.01401673177,0.00147907851,-0.02491866663,0.009028650545,0.008228491267
-1.151178593,-0.001635537947,0.005332728741,-0.005950977518,-0.016398072,0.004356390928,-0.02121339305,0.007557504442,0.00690351784
-1.145531788,-0.001340795466,0.00722514679,-0.007830415016,-0.01427927834,0.0002588152776,-0.02323476918,0.01057072324,0.00741271053
-1.177277224,0.0001536809947,0.006329390468,-0.006249560222,-0.01453317471,0.00302309669,-0.02285684058,0.01139718105,0.009295927109
-1.125619118,-0.0003766116401,0.005914912818,-0.006249336209,-0.01389600033,0.0004163376417,-0.023143024,0.01109200073,0.008427174872
-1.073255549,-0.0009705524992,0.006678624811,-0.005640104287,-0.01605146415,0.002914827404,-0.02261648638,0.007330981817,0.00858525666
-1.111106153,-0.002091906049,0.003775951839,-0.005858195798,-0.01601891037,0.002217934836,-0.02230605511,0.0082601325,0.007290030638
-1.167754446,-0.001517822952,0.005982173853,-0.006662064567,-0.01359922321,0.00193944887,-0.02425432394,0.01056340154,0.01011734713
-1.111845313,-0.00122777462,0.006086761583,-0.005907308012,-0.01326685724,0.001236838773,-0.02127313609,0.01141399963,0.009033651815
-1.083174641,-0.001415413726,0.006944765862,-0.007250400988,-0.01608404365,0.000938725276,-0.02198369216,0.008592252584,0.008052047771
-1.100872997,-0.0007472781714,0.006891190618,-0.003850217847,-0.01567137268,0.002101117275,-0.0231949588,0.007726686856,0.008378947504
-1.117838909,-0.001145361982,0.005306248419,-0.005722063358,-0.01434783201,0.002620447613,-0.02327995047,0.009602743659,0.008477888251
-1.131835913,-0.001310336867,0.007775789245,-0.006354581976,-0.01266177497,0.00444561681,-0.02342277681,0.009643103283,0.009737187799
-1.11575153,0.007393328617,0.0116418063,-0.004421830549,-0.01288804586,0.002892991775,-0.02343123341,0.01116936564,0.01015449024
-1.075377018,0.008882184415,0.01629077996,-0.003270880293,-0.01344184851,0.003884586665,-0.02090478774,0.009334461524,0.01078720812
-1.157199888,0.007328475521,0.01587190694,-0.002590122073,-0.01366981687,0.002801122576,-0.02139275641,0.00982977064,0.006843698556
-1.126506583,0.006042724981,0.01286579259,-0.002921024252,-0.01513778692,0.004802543616,-0.02174186105,0.01043595719,0.01037592961
-1.118278691,0.007698418899,0.01385937586,-0.002588523056,-0.01437283719,0.003637689042,-0.02365094672,0.01109536072,0.007519274696
-1.105560794,0.005277896009,0.01163517393,-0.004011226802,-0.01501653931,0.004639982884,-0.02176112448,0.007799479591,0.009994893524
-1.124372008,0.004852988596,0.01268741634,-0.004277543495,-0.01247643894,0.002357375378,-0.02204077008,0.008657704464,0.00855330039
-1.07107817,0.002194387565,0.009991771508,-0.002698656796,-0.01615814684,0.001662129368,-0.02191840588,0.009342683514,0.008699986902
-1.12345166,0.003457335191,0.01143025534,-0.003920440703,-0.01379402149,0.004540485552,-0.02349520386,0.01150246034,0.007473097818
-1.132064943,0.002616374105,0.009748323775,-0.00385340011,-0.016617529,0.0005473981734,-0.02268600212,0.009741731245,0.007169478458
-1.087618574,0.001313348302,0.008074731748,-0.005312512921,-0.01402806418,0.002571713787,-0.02259406841,0.008684325965,0.009287340977
-1.122909108,-0.0007700868003,0.00744954976,-0.005081882758,-0.01608143781,-0.0002132093535,-0.02260387793,0.00968302883,0.005934424931
-1.099910077,-0.0007339680882,0.008192070307,-0.004579064357,-0.01705114333,0.002117621157,-0.02464534196,0.007473860243,0.007649840253
-1.122010638,-0.001964259639,0.00642181951,-0.005791817759,-0.01533969797,0.0003808032321,-0.02363572405,0.009004042151,0.008021820102
-1.120314763,-0.001028809627,0.006341457221,-0.006940157147,-0.01992321254,0.001897094332,-0.02371945602,0.007725017196,0.006343276266
-1.146086003,-0.0004842760081,0.006147458777,-0.005498701298,-0.01487385487,0.0006529400485,-0.02282581879,0.008663577354,0.00753889476
-1.161978326,-0.003467256233,0.003563976931,-0.0001248408962,-0.01318558518,-0.001898011186,-0.02469505981,0.005662435205,0.006778611172
-1.126304761,-0.004158668683,0.001161927508,-0.00642626999,-0.01804825022,0.0004302678083,-0.02390867355,0.008663018975,0.007495504574
-1.10917111,-0.0034645359,0.003531495288,-0.01643379981,-0.0221767853,0.0007475250662,-0.02238947755,0.01073835421,0.007784425053
-1.1611925,-0.002694949756,0.007426363653,-0.01085601978,-0.007806720522,0.001685740432,-0.02671775957,0.009636052437,0.007883457955
-1.140465264,-0.00365904791,0.009499903725,0.001755590512,-0.01062542849,0.00179436871,-0.02453025343,0.006288252232,0.008496547795
-1.111731711,-0.002975443845,0.00239293922,-0.0006301329112,-0.02359107451,0.0008766320773,-0.01909187048,0.009592867016,0.007513113763
-1.117992774,-0.003316652108,0.0004347612091,-0.006509135261,-0.03044561452,0.001209145361,-0.02446123006,0.01105153696,0.005673074858
-1.076630083,-0.001698095662,0.006556727846,-0.01035360219,-0.0136745638,5.96875471e-05,-0.02829069362,0.01236552582,0.008208228707
-1.092333482,-0.003247751557,0.005224065159,-0.008827046091,-0.007388666495,0.0003051494282,-0.02060161038,0.008065480876,0.008551870235
-1.110190117,-0.002664411686,0.003093998913,-0.007132631965,-0.01418367119,-0.0005778078005,-0.02042566562,0.0002910757142,0.007353287402
-1.080812496,-0.003927029172,-0.001235122873,-0.002465472922,-0.02361190531,0.0005790559103,-0.02405542459,0.00628415202,0.007207734305
-1.095334731,-0.01136783826,-0.001140362371,-0.006994657905,-0.01947971038,0.0001535235035,-0.02990944161,0.01494454849,0.006355717175
-1.123466639,-0.01240591892,-0.001517919492,-0.009391831471,-0.0109369403,-0.0003853996152,-0.02597961827,0.01174131388,0.007823125469
-1.056813014,-0.01147683384,-0.00714955647,-0.01180784081,-0.01722221083,-0.003603006315,-0.02277829971,0.001503556406,0.006634843314
-1.160111274,-0.01068749916,-0.004154450275,-0.01051284996,-0.0214989054,-0.001534871708,-0.02083637595,0.00421975146,0.007380763572
-1.005506249,-0.008496321688,-0.00220708858,-0.00532786183,-0.01737681948,-0.001693230851,-0.02606267269,0.01356393506,0.008549985681
-1.189112185,-0.009475761227,0.003430672638,-0.003539973762,-0.01235694398,0.002751712093,-0.02706978181,0.01337200112,0.007489757721
3.486059899,-0.007719856071,0.0002161806092,-0.008598218663,-0.01978818188,0.001333676607,-0.02236249002,0.00624286621,0.00769889958
4.69121749,-0.007138752856,-0.003431755432,-0.01049958049,-0.02245285977,-8.896711683e-05,-0.02197012234,0.00204723257,0.005634967409
4.325231564,-0.008551641516,-0.003086924956,-0.01008453977,-0.01410785037,-0.002579424591,-0.02558851944,0.0096898564,0.007877090263
4.512090358,-0.00659707101,0.001739912014,-0.003923319949,-0.01243628043,0.0004390348299,-0.02413625007,0.01578835141,0.009967907572
4.368615351,-0.005108793515,0.003331808722,-0.005267135323,-0.01636954059,0.002494645238,-0.02426512899,0.01001683422,0.009241253336
4.500208319,-0.003694549416,0.003976078532,-0.007592180554,-0.0191547764,0.002523891853,-0.02256250675,0.001857963989,0.006730741962
4.390342316,-0.001809476734,0.003144192941,-0.006187274825,-0.01398562598,0.002159864476,-0.02228619397,0.008334968034,0.006364243845
4.499772889,-0.004408088138,0.004896056386,-0.007848836343,-0.009740082987,-0.0008106713821,-0.02238440587,0.01423606317,0.01048211668
4.427138467,-0.002045044423,0.002224968119,-0.005743175241,-0.01568788992,-0.0003241114215,-0.02572766079,0.01144980936,0.007573558255
4.458035995,-0.00225478042,0.005660884627,-0.005905963497,-0.02019904781,0.002283041801,-0.02395271574,0.008031381845,0.009012989453
4.422432532,-0.0006014871607,0.01047029737,-0.004339764559,-0.01569108767,0.004084338504,-0.02183900381,0.006064310692,0.006881796007
4.458355578,-0.001609600933,0.007373416862,-0.005222401346,-0.008853441487,0.001625296281,-0.02346310714,0.008846550419,0.009847625787
4.42650167,-0.002230147628,0.002402500751,-0.006501549976,-0.01556033148,-0.000183387468,-0.02387417149,0.01078070279,0.00959390589
4.45671613,-0.002127156514,0.001871605708,-0.007474833617,-0.02178706638,0.001015555,-0.02203490072,0.0116909823,0.008459613797
4.440138181,-0.001678024931,0.006700114041,-0.005744016263,-0.0151177497,0.001913519036,-0.0242171131,0.00966090329,0.01018081641
4.437198459,-0.002488782361,0.008282076252,-0.004793685962,-0.01173245861,0.003107102935,-0.02272439758,0.007515690063,0.00992588125
4.462219765,-0.002685082441,0.007456907114,-0.008130142818,-0.01502089069,0.003065496297,-0.02228061079,0.007351872496,0.008528383164
4.41671418,-0.002534007225,0.003773967591,-0.007359257905,-0.01439392432,0.001353160537,-0.02227509318,0.008019219004,0.009960728045
4.425901316,0.0006061103554,0.005294467498,-0.003776451439,-0.01318591408,0.0003365452807,-0.02213024318,0.01238072766,0.009425816073
4.409943307,0.0001694785493,0.007803671789,-0.004317876618,-0.01233731972,0.001915940737,-0.02222763903,0.01389219098,0.009718607876
4.457011427,0.004033221593,0.01329939015,-0.003660173515,-0.01472153362,0.003919904589,-0.02155838039,0.008116486038,0.008472297626
4.395630058,0.009480578436,0.01246274866,-0.005335240263,-0.01459634375,0.004771736653,-0.02377769039,0.006776472831,0.008079578598
4.47513511,0.008737870546,0.01717350907,-0.004750202274,-0.01241505622,0.005302902344,-0.02101680593,0.01055281053,0.01054119511
4.309781264,0.006861521021,0.0175049388,-0.001879393102,-0.01181278187,0.003146741419,-0.02294364781,0.01108723471,0.009994972127
4.523359772,0.006030674414,0.01382288796,-0.001949978779,-0.01253763724,0.003470081193,-0.02291810307,0.007806605589,0.01007375513
4.25832398,0.0058555779,0.009528872583,-0.003067165186,-0.01820049146,0.003023432322,-0.01990169904,0.008606887006,0.008954009967
4.768330973,0.004764178173,0.01160533492,-0.005784115518,-0.01583948196,0.003894784699,-0.02365916507,0.01111179267,0.007713544839
2.982354662,0.001926355636,0.01063693467,-0.004950118737,-0.01130477066,0.002939526101,-0.02396530724,0.01056951378,0.008380331776
-1.37268009,0.004124298483,0.01238208301,-0.003553893246,-0.015400546,0.003020479608,-0.02252155146,0.008522708699,0.00727289527
-0.9583916886,0.002817219908,0.01192493837,-0.003440973475,-0.01681859543,0.004101230861,-0.0207478861,0.005406734736,0.008562671067
-1.248789811,0.0005820027433,0.01005998411,-0.003328816242,-0.01557382248,0.002297636588,-0.02114300215,0.008430326746,0.007416004763
-1.102293687,0.0002401673247,0.009394547733,-0.007367385922,-0.01282584591,0.002458292513,-0.02501685162,0.01236459073,0.006970092969
-1.164201672,-0.002165874384,0.005367959285,-0.008297483837,-0.01688765454,0.0003861697668,-0.02346012175,0.01025112183,0.007339500974
-1.102483101,-0.000630038848,0.006108125787,-0.006950244354,-0.01766888944,0.0007419440283,-0.0244004057,0.00610806304,0.007716516001
-1.144667741,-0.001092685509,0.00650339929,-0.005158093218,-0.01500361579,-9.875224301e-06,-0.02423583583,0.006532545485,0.007211407765
-1.129257738,-0.001595128252,0.009632384062,-0.004968847933,-0.01731909372,0.0004093768053,-0.02277459778,0.008805123547,0.008476187622
-1.10287482,-0.003547578692,0.005337876031,-0.009009943562,-0.01462889903,-0.0001894730382,-0.0242067545,0.008853767027,0.007599536273
-1.114451611,-0.003869461061,-0.004366395244,-0.002626028724,-0.01923055133,-0.0006257736439,-0.02378505158,0.009543500247,0.006553164183
-1.118498161,-0.001276610861,0.006672537471,-0.002041022309,-0.0195243096,0.002641937131,-0.02511828023,0.01033848185,0.006888913983
-1.142272808,-0.002667213203,0.009447936516,-0.007378458054,-0.00789937142,-0.001537592912,-0.02138428042,0.008322819584,0.008482713281
-1.106618183,-0.002360655256,0.008332045417,-0.01556487217,-0.01507839734,0.001857303108,-0.02107066399,0.001761243444,0.007283820486
-1.114049335,-0.003340349806,0.0001403370777,-0.01081475377,-0.02332815138,-0.0002967113366,-0.02588735176,0.008588494692,0.005784524845
-1.131809826,-0.003201702517,0.003395804775,-0.001643074874,-0.02429443154,0.002119509978,-0.02291264753,0.01525722371,0.008134644778
-1.124202018,-0.002383587686,0.008735332254,0.001716678275,-0.004922684566,0.0003338490225,-0.02581474902,0.01355472355,0.006015489908
-1.109848245,-0.003823045895,0.005483732648,-0.005079990392,-0.01172909349,0.002055886074,-0.02089641344,0.004735529106,0.007092174784
-1.184626526,-0.004270566714,0.002868309122,-0.01335419046,-0.02688800109,0.0008458769987,-0.02335060446,0.002311341072,0.007076925001
-1.141257637,-0.003648177345,0.006775465622,-0.01193830032,-0.01837488859,0.0003972639144,-0.02541081444,0.009691380682,0.009888284491
-1.124330168,-0.008483520988,-0.0005926504877,-0.0008574320754,-0.01016152582,-0.0009736310426,-0.0264707332,0.01462868088,0.008238989704
-1.142289096,-0.01328996411,-0.004390099265,-0.004727007735,-0.01530863041,-0.002573593771,-0.02473362102,0.01158542136,0.007011170396
-1.143015723,-0.01382446799,-0.007553636116,-0.009077826495,-0.02341306008,0.0005688680098,-0.02047967787,-0.0001442713807,0.005245403052
-1.159864278,-0.01009048497,-0.002714630464,-0.01265864611,-0.01424093849,-0.001775383945,-0.02713036981,0.003638076595,0.004759335749
-1.13187448,-0.01057084653,9.657682277e-05,-0.01001843593,-0.01048027812,0.000632833315,-0.02427868708,0.01237618848,0.009283821103
-1.144030973,-0.01004508954,-0.002964719972,-0.004385147096,-0.02206497064,-0.003575379894,-0.02487414581,0.01507780519,0.008912002492
-1.158053622,-0.008977450278,-0.002295004328,-0.006160370606,-0.02264384288,0.0002952648289,-0.02394044189,0.005841068208,0.007171408844
-1.064059498,-0.004754436024,0.0006415044128,-0.007699582518,-0.01596639821,0.002191656613,-0.02241482075,0.007488795257,0.004962282027
-1.159639178,-0.008296777057,0.001778398782,-0.01324203708,-0.008692449225,0.002212131395,-0.02551028855,0.007687048656,0.007741528243
-1.125501785,-0.00823584291,0.001111691068,-0.006650445565,-0.01658234098,-0.0001583588122,-0.02425338429,0.006685112174,0.009096025482
-1.122919336,-0.003413199862,-0.003144481199,-0.004550179147,-0.02532602936,-0.0001984054084,-0.02516589831,0.00850331169,0.00926912902
-1.198757134,-0.001862519708,0.00359579502,-0.006413477068,-0.01344585513,-0.0009388184894,-0.02524837935,0.01130942278,0.007952003197
-1.162406938,-0.00387885708,0.004121445657,-0.008345005276,-0.009313108812,0.002507724039,-0.0221994733,0.009804595175,0.005888958153
-1.124066497,-0.00471677915,0.008370793611,-0.01237381341,-0.01410779745,0.002682580851,-0.02477961531,0.008264321377,0.00695187845
-1.101259297,-0.002803020479,0.0003258824865,-0.00349664359,-0.02181560575,0.003264241078,-0.02210898711,0.008628288224,0.008035912839
-1.120834205,-0.002534088445,0.007641114803,-0.002180091462,-0.01255369634,0.0003006731853,-0.02589260293,0.00748847166,0.009000537771
-1.1668027,0.0004524931408,0.005128225156,-0.004302216181,-0.009507609818,-0.0004872536326,-0.02244164498,0.009996112365,0.007837923288
-1.13696785,-0.0007896732149,0.007796735118,-0.009140107541,-0.02179706579,0.00290526606,-0.02351084456,0.0104947481,0.007255546664
-1.172984264,-0.001667673394,0.007922358299,-0.01051974981,-0.01716714386,0.005177096147,-0.02388583356,0.009758676173,0.006943464586
-1.092529291,-0.001952120207,0.004115423638,-0.004945828085,-0.01187209983,0.002430419707,-0.02168166646,0.00970943595,0.007355600843
-1.1343801,-0.0009749299647,0.006453613912,-0.003134132841,-0.01219072847,0.0009167422647,-0.02211125596,0.01037960067,0.01060078348
-1.116049606,-0.001679885754,0.003743707002,-0.004280740808,-0.01918265408,-0.0005311341878,-0.02428967211,0.006397858603,0.008936405538
-1.149069071,-0.0001166106272,0.007396144894,-0.008445411549,-0.01642111893,0.002025117028,-0.02499012155,0.0100275352,0.008040981607
-1.141823448,-0.0006787199439,0.008064210894,-0.008822045631,-0.00955121057,0.004119112474,-0.02183100292,0.01171176056,0.008266919153
-1.102692682,-0.001001195988,0.00871438721,-0.00584133094,-0.01277705416,0.001640450955,-0.02199106087,0.007940531439,0.006904534583
-1.134229585,-0.0009452287997,0.004317703479,-0.003285663286,-0.01964635472,0.003709974708,-0.02353831545,0.007535353629,0.008492382402
-1.111411777,0.001921892403,0.006374467803,-0.003271235354,-0.0163220547,0.002016431043,-0.02314134381,0.009336480649,0.007977731924
-1.120193538,0.009236231551,0.01542393572,-0.006629782077,-0.007153221351,0.00437461828,-0.02371639515,0.01537931332,0.01127720441
-1.127240055,0.008924818585,0.01751998463,-0.006432903468,-0.01053496279,0.0027230544,-0.0218401558,0.01046082145,0.008297623015
-1.136463825,0.007606608642,0.01330332837,-0.002543271858,-0.01841862185,0.00409607427,-0.02137401107,0.008608281788,0.01023751988
-1.10438965,0.006780522595,0.0149247298,-0.001495400446,-0.01534225453,0.004612758092,-0.02186055188,0.009927876188,0.007434406633
-1.12620727,0.006094415238,0.01488182048,-0.0007392569207,-0.01111931803,0.0046198558,-0.02167968691,0.01047944614,0.00836113046
-1.127367797,0.005869462999,0.01343111598,-0.006019479784,-0.01698954894,0.002854294436,-0.02307142669,0.009044393708,0.008568441796
-1.146898724,0.002962577092,0.009109849783,-0.006413724433,-0.01627270734,0.002206168256,-0.02255069246,0.007770336484,0.009168241637
-1.118918084,0.003237832401,0.01068476338,-0.004086104233,-0.01175505698,0.001843837166,-0.02444902859,0.009474035678,0.009243133041
-1.131622453,0.004826923999,0.01306042932,-0.001732463442,-0.01020399164,0.001615445241,-0.02173969734,0.01096169588,0.00734092111
-1.127479967,0.002292297356,0.01118891455,-0.005043157138,-0.01959598725,0.002682986226,-0.0202204885,0.005831291365,0.006359089735
-1.104841375,-0.0008983030009,0.009882466037,-0.004232131771,-0.01789138285,0.005455601556,-0.0276756889,0.01213433848,0.006889897385
-1.097776594,-0.002116454527,0.004641819089,-0.00690888684,-0.01316686465,-0.001201364353,-0.0242334531,0.009129423417,0.008804202265
-1.136512531,-0.000891694926,0.008840963343,-0.005325209926,-0.01570670946,-0.0002010300278,-0.0212038826,0.006993716662,0.008652692375
-1.14887522,-0.0008533853709,0.002437114046,-0.007101808561,-0.01477544767,-0.001006038828,-0.02177051844,0.008237298445,0.006910725472
-1.094596543,-0.001687306268,0.009950637482,-0.005231547335,-0.02063143095,0.002548286287,-0.02441518302,0.009558279116,0.0073406337
-1.066922547,-0.002456873101,0.007879276888,-0.007424379616,-0.01512899457,0.002871459565,-0.02601181243,0.01006349435,0.005925011956
-1.144901858,-0.005127506881,0.001946517991,-0.005627925573,-0.01647802928,0.0008272951078,-0.02395637036,0.005820106289,0.007475697118
-1.107912156,-0.001574205822,0.003804274347,-0.009330463289,-0.01636855001,0.0002849886861,-0.02216400359,0.006419651842,0.009334101061
-1.097134944,-0.00335117744,0.005727871319,-0.007832218048,-0.014625081,-0.001177019915,-0.02382612176,0.01034824756,0.008241713673
-1.10964587,-0.002670062193,0.005692527382,-0.005824129805,-0.01532641712,0.002429206453,-0.02490208684,0.01170329197,0.008269782494
-1.122854977,-0.004318476042,0.005991702355,-0.006591147145,-0.0164659606,0.001094770448,-0.02409277049,0.007985714721,0.006797646295
-1.140058222,-0.003041603404,0.003894326724,-0.007275291605,-0.02155746329,0.003428629335,-0.02199741579,0.005591838005,0.006721768767
-1.114419502,-0.001621877343,0.005224639914,-0.006291457469,-0.01651538121,0.001413063856,-0.02333631781,0.007669089327,0.007996085928
-1.111539773,-0.003075553955,0.004759694148,-0.006351234033,-0.01166149617,0.0005558930749,-0.02430957932,0.01003256057,0.009810723065
-1.131811181,-0.004006200272,0.006016722816,-0.006564012154,-0.01880986826,0.0001452814336,-0.02422535326,0.01137174473,0.007113047433
-1.167678744,-0.002460494331,0.006545101455,-0.006330012824,-0.01662109656,0.001980177232,-0.0245133772,0.005940025743,0.005506406824
-1.106522386,-0.008667638817,-0.0009802687467,-0.005970375154,-0.01833895869,-6.907729092e-05,-0.02295924642,0.006763564091,0.006676827797
-1.136412748,-0.01234106424,-0.00579553552,-0.009208774519,-0.0178779481,-0.002130859934,-0.0251065504,0.009335812777,0.005951023125
-1.116083489,-0.01113787006,-0.003344790415,-0.01067532575,-0.01711678074,-0.0003072302417,-0.02526306333,0.008673196839,0.007529676661
-1.120292108,-0.01059806605,-0.001483255383,-0.009763854826,-0.01871410368,-0.001245535779,-0.02525552927,0.00798253477,0.005878431675
-1.089168116,-0.01198967858,-0.00376790421,-0.006387933372,-0.015340924,0.0003751664109,-0.02315281212,0.007697318639,0.008281414173
-1.111088586,-0.01134458429,-0.0002354614137,-0.006646285712,-0.01872090417,-0.001654889525,-0.02371802437,0.007752829,0.007444577888
-1.130401281,-0.0090570567,-0.002932473466,-0.008891273503,-0.01670990492,0.00109922787,-0.02369430441,0.008358645052,0.008491891502
-1.093894837,-0.005719461657,-0.0009578871056,-0.009808699186,-0.01912822669,7.745625329e-05,-0.02426712779,0.00980812147,0.007691623709
-1.097041947,-0.007844939362,0.0008877359281,-0.006720847053,-0.01653673088,0.001055818549,-0.02529467131,0.01028679684,0.007398769544
-1.107018497,-0.008151126522,-0.001371748196,-0.007848298745,-0.01602066071,-0.000967937161,-0.02443507495,0.008294890455,0.007079640346
-1.150987627,-0.005321047982,0.002588240957,-0.006400280569,-0.01784743693,0.0006129558126,-0.02300005109,0.007727231522,0.008940981512
-1.125206151,-0.004554552708,0.001741388888,-0.008805169969,-0.01552694303,0.002554215574,-0.02426574012,0.008549784589,0.008154953772
-1.127040288,-0.003021246034,0.004231185602,-0.006490731234,-0.01529660148,0.0008826061367,-0.02435275302,0.009758630058,0.007815525162
-1.156576478,-0.002853094211,0.004772601711,-0.008023971508,-0.01464083244,0.002280259057,-0.02326867877,0.008729428271,0.009373718894
-1.148521525,-0.004178366947,0.004307904371,-0.006003074333,-0.0174844481,0.0015090779,-0.02273262176,0.0076147201,0.0086570241
-1.096133791,-0.002734134531,0.005420396901,-0.00428548949,-0.01515782395,0.002297175376,-0.02380575794,0.008105526085,0.008037608091
-1.13881245,-0.001833385771,0.004524728571,-0.008191944121,-0.01251477633,0.002526026512,-0.02449442411,0.01031065017,0.007931501591
-1.146640486,-0.0003251045586,0.007299767913,-0.006663378421,-0.01364771989,0.00129953848,-0.02344102784,0.009505779315,0.007631152539
-1.108954848,-0.00137890428,0.005734814177,-0.005032506555,-0.01552780791,0.001341132852,-0.02417884329,0.008215750753,0.008947415532
-1.097495321,-0.002511100691,0.006159723794,-0.005250759589,-0.0175032597,0.0009675835855,-0.02272432917,0.008736480225,0.008562325648
-1.117725286,-0.001713107781,0.007196971908,-0.007594543409,-0.01576028194,0.002420003935,-0.02360240763,0.009970768553,0.00805735947
-1.182429813,-0.0009718902543,0.00518664142,-0.004978329607,-0.01451577531,0.003697137483,-0.02305047938,0.01045170922,0.008403702392
-1.092928337,-0.0008793595967,0.007477122836,-0.002127858779,-0.01242179944,0.002174937175,-0.0236433334,0.00687565505,0.006771416061
-1.114548983,-0.001011188518,0.004359633468,-0.0006071553055,-0.01419149825,0.001845029967,-0.02017347372,0.009062838211,0.009904687365
-1.081192285,-0.001009236271,0.005564405008,-0.01260264737,-0.01843016999,0.0008340765592,-0.02353368145,0.008335486568,0.008085307523
-1.114894627,-0.001223316539,0.006919769679,-0.0124472857,-0.01575546263,0.002803592896,-0.0216897991,0.01021804812,0.008365341081
-1.134903036,-0.0004593608925,0.007801583275,-0.006984922784,-0.01017017992,0.001024649962,-0.02539863864,0.007638423718,0.007952912029
-1.109413723,0.006596339868,0.01401640438,0.006659365085,-0.01290303282,0.005403261439,-0.01809587183,0.009113689531,0.008606347073
-1.116982291,0.008504720673,0.01293494551,0.000350900147,-0.01870626951,0.001799286023,-0.02195155927,0.011739971,0.008581468674
-1.107300989,0.008059031056,0.01734925514,-0.003604357724,-0.01850532103,0.006531498819,-0.02467164814,0.0124593966,0.01034209486
-1.127415378,0.005932152453,0.01711092158,-0.01109695575,-0.008068114789,0.003003706299,-0.02558886845,0.01218465235,0.00910429333
-1.084635469,0.006288158396,0.01424866155,-0.004288251633,-0.01296766319,0.004024291016,-0.01983685029,0.005280898828,0.009297065413
-1.145642334,0.005640345211,0.01293998072,-0.002548295495,-0.01637107165,0.001767183207,-0.02154212913,0.007865509189,0.007413046348
-1.041497381,0.003689897875,0.008834487612,7.878300583e-05,-0.01947009454,0.002557926425,-0.02163358973,0.01108900277,0.007679388552
-1.24168022,0.001757496897,0.01482155632,-0.003879438013,-0.0106220817,0.005595861217,-0.02679866863,0.01455728044,0.008994762126
-0.5904294596,0.00374860051,0.009609084906,-0.004506781611,-0.01179901025,0.0008299747058,-0.02195838848,0.007944016145,0.007522025206
4.217952762,0.002749165303,0.01153010398,-0.008860652408,-0.01548521909,0.00264372587,-0.02063744005,0.003449811185,0.009107797746
4.475786208,0.001673505962,0.006312424722,-0.006652143378,-0.01785787705,0.0001320568706,-0.02351854851,0.009483898687,0.00857579096
4.454598567,0.0005740815359,0.009274409085,-0.002197609062,-0.01461354567,0.003364388547,-0.02365545128,0.01251863649,0.009641546018
4.400492114,-0.001777771101,0.009469629703,-0.002568250226,-0.01585856967,0.0005982555089,-0.02573760932,0.0118289316,0.006786783035
4.466134299,-0.002586560094,0.005861525856,-0.007129940447,-0.01895327959,0.001310423234,-0.02174327899,0.003887302789,0.007075422517
4.440371725,-0.00279298874,0.002938246459,-0.006855062734,-0.01874859421,0.0007583608069,-0.02315579502,0.004193825311,0.007314741537
4.455610267,7.85386677e-06,0.004920098234,-0.007137746473,-0.01411724133,-0.001712778069,-0.02319614848,0.008306118904,0.009199254055
4.427328464,-0.003285469109,0.004553747826,-0.005843799866,-0.01629412215,0.003345022351,-0.02552166923,0.0111659273,0.008534963033
4.421295545,-0.004013362481,0.006089405414,-0.006434500144,-0.01868061875,0.001034845321,-0.02412671067,0.009745515227,0.006320305757
4.446289998,-0.002664144027,0.006305119609,-0.006693671365,-0.01538225365,0.001699601482,-0.02313832597,0.005114113644,0.007061733544
4.44345443,-0.003328570591,0.001435744409,-0.006432338368,-0.015424828,-0.00107368336,-0.02243022978,0.007306650863,0.00605140192
4.451086427,-0.003269226159,0.002719575412,-0.006509433918,-0.01144355241,-0.000385951392,-0.02374764982,0.009267916664,0.009299448448
4.439232879,-0.001271744749,0.002916493469,-0.005438402386,-0.01902188805,3.370358536e-05,-0.02505677972,0.01055353523,0.007075670037
4.422312393,-0.002067264904,0.008395878369,-0.006059044147,-0.01789480086,0.0006616189257,-0.02541922032,0.00844982845,0.00644480208
4.450510088,-0.004203467426,0.006499250711,-0.005126142507,-0.01488800913,0.003053294744,-0.02082668857,0.007134331821,0.008077824243
4.428375703,-0.004820230275,0.005220926414,-0.006982815521,-0.01562794051,0.0001182447772,-0.02496378024,0.007239624848,0.00756582131
4.443703727,-0.003795224231,0.001434020605,-0.006110088196,-0.01782339024,0.00137989501,-0.02379061804,0.009387406991,0.008083356653
4.399991144,-0.005833307151,0.001811370341,-0.007143374362,-0.01993994977,-0.003679062997,-0.02568244944,0.0113287073,0.007295151272
4.436496851,-0.01115476724,-0.001896006472,-0.008952573524,-0.01685030316,0.001328143126,-0.02378626156,0.006534972574,0.009203698918
4.404067183,-0.01224530669,-0.003171680362,-0.007112367306,-0.01860900852,-0.002320428962,-0.02420516078,0.005977740021,0.004520243956
4.446791129,-0.01097231448,-0.002940913106,-0.009453407892,-0.01848287874,0.002062493483,-0.02346814238,0.004545177484,0.007297152859
4.363938038,-0.01047128776,-0.006126081777,-0.008026873718,-0.01895162805,-0.00160114421,-0.02596748489,0.01045560549,0.006101938546
4.475009659,-0.009032838351,-0.001077490935,-0.009051600403,-0.01683211681,0.0002624824883,-0.02480874852,0.01181018491,0.009455283366
4.326274119,-0.01131556482,-0.002321928786,-0.008444832475,-0.01403803588,-9.928142081e-05,-0.02601832316,0.008901088608,0.006651985861
4.534568355,-0.008050022215,0.001341938297,-0.006287850856,-0.0175185782,0.0002201440283,-0.02370404556,0.004765078158,0.007340310965
4.188376196,-0.007625221636,-0.0001079099863,-0.008570835821,-0.01572503266,0.002795752342,-0.02392320303,0.006114770414,0.007243323535
4.891115732,-0.009426178494,-0.0003963507581,-0.008669344971,-0.01744533923,-0.0005589012385,-0.02257791158,0.009829360959,0.006078136076
1.80381897,-0.005788759359,-0.001376833412,-0.009024990762,-0.01485652334,0.002513909639,-0.02440965565,0.009053622874,0.009142293332
-1.607527017,-0.003522272586,0.001211548598,-0.005973987068,-0.01769151615,-0.0014451473,-0.02307829573,0.01035192246,0.008256432821
-0.8845527585,-0.00419572983,0.003010128072,-0.007029613278,-0.01645443066,0.00114997498,-0.02389624621,0.005720681141,0.008385344104
-1.283732159,-0.004292556302,0.005482799041,-0.007300091471,-0.01455588395,-6.774309737e-05,-0.02418984243,0.01065473966,0.008092535364
-1.033096847,-0.002999874602,0.003521570882,-0.007555775449,-0.0156627784,0.002178815618,-0.02324244199,0.008580579671,0.008045453573
-1.210841978,-0.001867500479,0.006304494757,-0.006978845355,-0.0160239507,0.001985850496,-0.0229675653,0.009407501854,0.007459116012
-1.090383586,-0.002792648306,0.00269404705,-0.007003841525,-0.01643459526,0.001672253735,-0.02232488019,0.00867390657,0.00801705725
-1.146858776,0.0001271697657,0.00791534947,-0.005067745199,-0.01386135164,0.002603262087,-0.02220029174,0.01100755287,0.008805957766
-1.170393234,-0.001878024879,0.005241606198,-0.007185127348,-0.01375687707,0.001523410285,-0.02468852793,0.01037959189,0.00790118579
-1.141343826,-0.0009197525591,0.006835063071,-0.006107313156,-0.01446631311,0.001401944799,-0.02434217493,0.01043955578,0.008313022372
-1.126213518,-0.001299245175,0.004296496379,-0.006317930738,-0.01482466308,0.003532375182,-0.02440605,0.007230603867,0.008048648002
-1.131725301,-0.001940486689,0.009657481078,-0.00545964175,-0.01398110286,0.001978824594,-0.02241282975,0.006754037569,0.008631695539
-1.138384433,-0.001558822434,0.007701783339,-0.008267349321,-0.01467776135,0.003513219585,-0.02377003605,0.0103969971,0.008250744906
-1.116192226,-0.002129929365,-0.001589046746,-0.006886917579,-0.01576618162,0.0005229601538,-0.02228834268,0.009341862801,0.008241006111
-1.117969268,-0.0008977941666,0.004747293403,-0.001248756601,-0.02276044808,0.004864595624,-0.02456838345,0.01061361088,0.008586768012
-1.137853836,-0.0006667143722,0.01162927802,-0.006002059792,-0.00353388394,-0.00151826062,-0.02364981466,0.01269040324,0.008874933101
-1.123423378,-0.002201224792,0.008612058734,-0.009137336047,-0.008666957251,0.003634009235,-0.02051568019,0.001812003711,0.0085704751
-1.195083267,0.004260044443,0.005528821173,-0.009666948971,-0.02292301864,0.001414181626,-0.02495672482,0.008534715432,0.008624932717
-1.124316336,0.008906631986,0.01580370623,-0.00179357895,-0.026758498,0.008010691229,-0.02097856877,0.01336012636,0.009493825081
-1.110911895,0.009036720077,0.01889104106,0.001346955931,-0.001384019572,0.003561283763,-0.02577960581,0.0205510162,0.008579308657
-1.144901683,0.00722355087,0.01548398312,-0.001309160939,-0.0007333605072,0.002087486378,-0.02067867854,0.008333982423,0.010673326
-1.126335567,0.005228922935,0.01106035887,-0.005687591291,-0.02594205932,0.002940561726,-0.01862802964,-0.0008207217849,0.006761050542
-1.125266042,0.006331881391,0.01102736122,-0.009946071322,-0.02434760826,0.0016079506,-0.0233337387,0.008804207115,0.008596560893
-1.155339423,0.006454836374,0.01852179765,-0.0009112406379,-0.005820885828,0.007330721151,-0.02431034169,0.01629206393,0.01090461577
-1.152694149,0.003610400011,0.01074448034,-0.0007282151518,-0.007323752148,-0.001481160577,-0.02381622345,0.01583676333,0.007050422645
-1.132222872,0.001400819486,0.009042315732,-0.005702646619,-0.02226633401,0.003885249439,-0.01861396651,0.0006136729073,0.008970673493
-1.100830107,0.003489226625,0.008300774092,-0.003154515412,-0.01699940586,0.002997374644,-0.0235741724,0.00303273135,0.005660772188
-1.114661167,0.001901065548,0.01479610263,-0.008656867218,-0.002385529764,0.003468019277,-0.0256805446,0.01209244201,0.01189010353
-1.113415442,-0.0005385425355,0.009678176214,-0.002924083802,-0.01600678004,0.0004893546653,-0.02412095896,0.01657496989,0.009657410581
-1.14458268,-0.001313653399,0.00207823739,-0.006985352095,-0.02743023462,-0.0008543960474,-0.0251642313,0.006772324362,0.00862826463
-1.143334255,-0.00105454171,0.00758213729,-0.004173570984,-0.01698343469,0.004323462173,-0.02201560402,0.005932704459,0.005379930649
-1.091676364,-0.002007896539,0.007110119511,-0.008059407928,-0.008392682009,0.0001123976915,-0.0226687841,0.009552132706,0.005561825995
-1.103762712,-0.00267933383,0.00998737118,-0.00762631502,-0.01453067443,0.001134158574,-0.0247913275,0.006680184224,0.01011279542
-1.130050061,-0.003098787299,-0.000769404557,-0.00661253481,-0.02617608702,-0.003058486616,-0.02366115264,0.01032230802,0.007537248965
-1.138823706,-0.00317108404,0.004458185888,-0.006993506889,-0.01440503533,0.0007527014918,-0.02603811454,0.007911926999,0.008589656355
-1.145436238,-0.001622950697,0.004952257698,-0.003704717693,-0.005978204031,0.002981594376,-0.0212344605,0.0113860933,0.00827855495
-1.130609846,-0.001931005039,0.008142227022,-0.008902518497,-0.02005122504,0.0007453173218,-0.02516082774,0.004981385017,0.006909814751
-1.135657866,-0.003655672102,0.00271745825,-0.009588183161,-0.02296603104,0.002754534135,-0.02431834947,0.009132662154,0.006998350117
-1.153318936,-0.003235012145,0.005188082789,-0.003614282497,-0.01380074542,-0.001230198088,-0.02625743927,0.009806522928,0.006599671409
-1.127313339,-0.002122780932,0.006240460283,-0.003731169641,-0.003764635356,-0.0002507361021,-0.02377720282,0.01219536136,0.01062248381
-1.077296406,-0.004000991184,0.002218587855,-0.007059386737,-0.02324055446,-0.002494211253,-0.02191244533,0.006155886424,0.006389858874
-1.146757023,-0.003684132017,0.005776034194,-0.009001634826,-0.02385707407,0.004223633019,-0.02483155782,0.007587632305,0.006328008936
-1.126031962,-0.004096538017,0.005376273925,-0.005665231513,-0.01289289943,0.002250359507,-0.02435813186,0.01112698674,0.004838856729
-1.088217162,-0.002952122933,0.005888393905,-0.00457139851,-0.01253230435,1.961015992e-05,-0.02295672034,0.0088259366,0.009921176014
-1.102609598,-0.009929062123,-0.006440236422,-0.007839620682,-0.02163385353,-0.001510031219,-0.0241161547,0.007234550531,0.008984132338
-1.135248856,-0.01126444309,-0.005979257665,-0.007889126492,-0.02306223964,-0.002382257058,-0.02571805265,0.004530816566,0.007912277866
-1.123686131,-0.01142769608,-0.0009364014555,-0.009976258915,-0.007340778422,0.001273509274,-0.02621644304,0.0113583371,0.007688874583
-1.143955305,-0.01050424091,-0.001873806353,-0.009726191054,-0.01616690337,-0.003242988798,-0.02274833757,0.00666869746,0.005983576867
-1.152971595,-0.01101605589,-0.005377599091,-0.009233193464,-0.02457631509,0.001218892192,-0.0240658728,0.006067131874,0.009030421168
-1.145803377,-0.009472132377,-0.004540375499,-0.006984351436,-0.01951107016,-0.002468715003,-0.02655541639,0.009975761907,0.004980932261
-1.104766403,-0.006343267033,-0.001763780263,-0.006900265998,-0.008401617398,0.000828133252,-0.02480564414,0.01076613861,0.008496543405
-1.138095353,-0.005608993154,0.004875321964,-0.01049465473,-0.01728509142,-0.001431859219,-0.02374536013,0.009674205575,0.00739033039
-1.154941589,-0.008502201787,-0.005136043144,-0.00874197603,-0.02127665931,-0.000246601473,-0.024078839,0.00524898071,0.008098129266
-1.158666994,-0.006963744089,0.001884612464,-0.00605125234,-0.01783489912,0.001236969483,-0.02559518629,0.009848338104,0.007014919905
-1.177109357,-0.007110941865,-0.0003624635641,-0.006267643435,-0.008984201123,-0.0007283923067,-0.02323064778,0.01168032183,0.009193695571
-1.119944059,-0.004169683048,0.003233919553,-0.008744520381,-0.01964514783,-0.0007077010669,-0.02266494713,0.008037290638,0.008835325873
-1.186905118,-0.003167366944,0.003340472579,-0.008212973331,-0.01918335198,0.003519036769,-0.02584234675,0.01015739618,0.006455352073
-1.125188042,-0.003468112206,0.00379319822,-0.005749534413,-0.01015439707,0.003378121217,-0.02710040637,0.009944982963,0.008378294227
-1.133857902,-0.002546607609,0.00663781313,-0.006622661909,-0.01235098775,-0.001394329347,-0.02273704766,0.006507233444,0.008980261072
-1.151655529,-0.002595190251,0.003817890199,-0.006410064948,-0.01541786525,-0.0005464046514,-0.02010852434,0.00751630947,0.007596490791
-1.17580542,-0.001223925788,0.004645627226,-0.007840224972,-0.02065653546,0.002125542729,-0.02396836076,0.01198734639,0.007523682015
-1.123176454,0.0008897841283,0.0116329087,-0.005020729734,-0.01135672747,0.003122334237,-0.02436188481,0.01217626043,0.01088256136
-1.159343896,-0.001357609452,0.004304934745,-0.006649213128,-0.01358415253,0.001514093979,-0.02381843458,0.008278973249,0.007173807721
-1.148676977,-0.0006682360887,0.005414031801,-0.004344259462,-0.01962976447,0.001850723385,-0.02143275433,0.007894882832,0.009145697155
-1.137824407,-0.001206474315,0.005322368471,-0.006781921352,-0.01521254167,0.0009481162436,-0.02364033055,0.006789916138,0.006625446451
-1.096517953,-0.002060448532,0.008115822035,-0.005749157598,-0.01129322049,0.0006571122241,-0.02225189893,0.01547791258,0.009733086178
-1.078065733,-0.00109328883,0.006630665209,-0.00710058737,-0.01274833549,0.00153783715,-0.02406279234,0.01251460187,0.009227797681
-1.100335829,-0.0009067795185,0.004813905407,-0.005582107006,-0.02071000058,0.003431862562,-0.02086404,0.007207603535,0.009696873216
-1.105471862,-0.001547009303,0.004700991258,-0.005873623798,-0.01511207736,0.004004342886,-0.02370095554,0.006366115205,0.005871131114
-1.138947894,-0.0006308339304,0.006241766869,-0.005120348051,-0.009601306254,0.00264138719,-0.02172483279,0.009245223666,0.008346125296
-1.113014511,0.003188826475,0.00986477939,-0.007318011901,-0.01291446606,0.001317053092,-0.02261107659,0.01086323311,0.01018833525
-1.128218857,0.007469151669,0.01438882209,-0.00450504363,-0.01402272803,0.002885770904,-0.02308069906,0.01134309054,0.009320701616
-1.124741261,0.007955426455,0.01307815122,-0.0006929870092,-0.01404600716,0.00477493187,-0.02105798821,0.009485731607,0.009871715767
-1.123122449,0.007466900698,0.01590656454,-0.001016580309,-0.01328294984,0.003284657446,-0.02231868441,0.009737765528,0.009333137943
-1.106584274,0.00711308478,0.01231648735,-0.005487113219,-0.01458373454,0.003154238685,-0.02089012179,0.01003980841,0.00904130761
-1.107174897,0.007057152498,0.01539147674,-0.006403956349,-0.01396238981,0.003739759647,-0.023429484,0.01006119319,0.009376704991
-1.110025909,0.004903511137,0.01260055029,-0.003070993223,-0.01217395744,0.003037337949,-0.02343496831,0.009515261206,0.008964796022
-1.136298032,0.002990910771,0.01087877852,-0.001212931089,-0.01459885867,-0.001134814859,-0.02188835043,0.009652604427,0.008960986701
-1.131039383,0.004000118094,0.01149397411,-0.002554912078,-0.01536461913,0.004232780212,-0.02202575291,0.008536263834,0.007078649803
-1.15999007,0.003918636454,0.01140323661,-0.00559378649,-0.0184463857,0.00402535138,-0.02245658648,0.01092529347,0.006612397244
-1.136364579,0.001656805681,0.009817731353,-0.005568070414,-0.0143923528,0.002514572161,-0.0228979889,0.01024372109,0.008358230715
-1.110204166,0.0006655194521,0.008748723796,-0.005576408558,-0.01367396579,0.0009825408412,-0.02364112628,0.007411456033,0.008486394503
-1.110369269,5.809928259e-05,0.008035268779,-0.004156317133,-0.01745714782,0.0006236938693,-0.02118643285,0.008391699196,0.009313647684
-1.137822575,-0.001639717559,0.008370874112,-0.006089163769,-0.01733812798,0.001669741107,-0.02382259477,0.008850579633,0.006500179755
-1.159592892,-0.001845284196,0.005932738683,-0.007115135047,-0.01552852288,0.00186126537,-0.02441745158,0.01121209659,0.007387515446
-1.138872721,-0.002045202436,0.006843176981,-0.007712566368,-0.01664156478,-0.001253534957,-0.02493332609,0.0093581151,0.006474119873
-1.124568892,-0.001886783358,0.004961465329,-0.005290527112,-0.01760627451,-0.0001116777953,-0.02233601079,0.006711239324,0.008236905171
-1.147121001,-0.004061925845,0.00264461138,-0.006726122588,-0.02052759372,-5.531536413e-05,-0.02335766964,0.004837573963,0.007317329799
-1.12657979,-0.002570008408,0.005857017022,-0.005172080054,-0.01464940091,-0.0005182846082,-0.0239955777,0.009838924888,0.008048416931
-1.118989589,-0.002590040831,0.005037392797,-0.006843578382,-0.01536795257,0.00149553259,-0.02337998468,0.009446397654,0.007618238758
-1.153228912,-0.003560746581,0.00657447727,-0.0077448904,-0.01471877955,-0.0005080779194,-0.02354362786,0.008078147911,0.006064941853
-1.130250013,-0.003615689538,-9.95020287e-05,-0.008262057521,-0.01653524687,0.001642205768,-0.02146315145,0.008022541245,0.008422951739
-1.12079626,-0.001642524411,0.007856430635,-0.005856142455,-0.01732338074,-0.0001577446114,-0.02305585346,0.009155339877,0.006695339819
-1.139415476,-0.00278441946,0.003506317243,-0.005922129168,-0.01424223157,0.001506800568,-0.02371097985,0.01043457897,0.007920008206
-1.124436257,-0.003114402058,0.006561619431,-0.005295314008,-0.01886325127,0.0001890433947,-0.02523444449,0.008286439296,0.007335868592
-1.122180333,-0.003931668292,0.004138004064,-0.006712550443,-0.01652231347,0.0007746725717,-0.02380579063,0.008379310233,0.007120363938
-1.10032062,-0.003286313848,0.003938036062,-0.007334809059,-0.01708855764,0.0007017166918,-0.02315669817,0.006003769931,0.007346257899
-1.104060579,-0.007399939753,0.002704030761,-0.006438432211,-0.01816616017,0.001156337831,-0.0243621626,0.009369851154,0.006476863984
-1.089805883,-0.01321559222,-0.005628372975,-0.007933906566,-0.01805925407,-0.00258026981,-0.02601704273,0.007296866409,0.006562425159
-1.120894794,-0.01248192434,-0.005121519403,-0.008141455508,-0.01914102414,-0.0004437373414,-0.02350837828,0.007563907292,0.007000942265
-1.063537952,-0.01006344009,-0.003509261827,-0.01188708034,-0.0158321092,-0.002370842966,-0.02447548453,0.007239202462,0.007526329409
-1.129878568,-0.01046344887,-0.001361704043,-0.01046224069,-0.01507030428,0.000767864423,-0.02466755546,0.008587158144,0.008449853046
-1.084493271,-0.01042493742,-0.003366123735,-0.01111188434,-0.01611529207,-0.0001151929441,-0.02512390486,0.008447006535,0.0065680733
-1.169705103,-0.008669038735,-0.002115671635,-0.005721849841,-0.01981400853,0.0006761839915,-0.02301471889,0.007704673647,0.008936196498
-1.01141578,-0.006871209498,0.0004376462368,-0.006280129322,-0.01786480387,-0.0002929945264,-0.0242921138,0.009806044814,0.007274008642
-1.255255302,-0.006715050148,-0.0002420051433,-0.007182261341,-0.01476715375,-0.0004851899976,-0.02405717664,0.0102827759,0.008341414095
-0.8519922016,-0.007683023615,-0.0002583568092,-0.01099323,-0.01348557389,0.001436367221,-0.02354277656,0.0078036622,0.008072285385
-1.638659243,-0.00600078948,0.001396958512,-0.009643371224,-0.01678759249,-1.337310263e-05,-0.02290652496,0.007375859908,0.006697022819
1.335367321,-0.00301759164,0.0009223011116,-0.006532170212,-0.01752330981,0.001119425695,-0.02390204993,0.009511140538,0.008372945126
4.92376955,-0.003302312223,0.006280263678,-0.00476043906,-0.01701741566,-0.0002079034068,-0.0238553174,0.01016431709,0.007457897201
4.176886185,-0.003932577739,0.00221472566,-0.006354890075,-0.01226149908,0.003033725307,-0.02422708625,0.009554207931,0.009026171057
4.577589018,-0.001556299499,0.006059380824,-0.006993357429,-0.01644358605,-0.001004475156,-0.02190685403,0.006695284205,0.008186090678
4.329304187,-0.002020171996,0.004313135825,-0.00934356381,-0.01389533478,0.001821716945,-0.0231255824,0.00642952283,0.008607721257
4.517285379,-0.000977408007,0.00556581802,-0.006118158597,-0.01600854995,-0.0001728387224,-0.02285135098,0.009427565721,0.008380310586
4.384179923,-9.20733032e-05,0.008257358279,-0.004788304948,-0.01481895695,0.005244553678,-0.02326672014,0.00961454546,0.009718728586
4.425668055,-0.002633641147,0.005704739414,-0.005613974492,-0.01542031427,0.0003958232785,-0.02218706357,0.009290103796,0.008742964535
4.441452324,-0.00245660459,0.005428324513,-0.007720420724,-0.01564355707,0.00433223879,-0.02324765638,0.009242858402,0.007993183141
4.442375906,0.0003411867031,0.005512359262,-0.006682695017,-0.01435380599,0.0006002512191,-0.02255044958,0.008316075388,0.00963351301
4.457362288,-0.0001583371218,0.005470531748,-0.004918396234,-0.01541954213,0.001596420529,-0.02263432215,0.009491520226,0.008915637775
4.420320749,-0.0009264163578,0.006606578973,-0.006536450884,-0.01496078083,0.001515341684,-0.02368359142,0.008792464311,0.009479469027
4.465778797,0.0004515202213,0.005459180246,-0.007072392145,-0.01590510686,0.002860863454,-0.02239360861,0.008145542618,0.008193017422
4.433390708,-0.001394783943,0.006269754803,-0.007855074006,-0.01450294146,0.002676333021,-0.0228219512,0.009287714185,0.008298471302
4.436595243,-0.001081341499,0.006119181695,-0.005510671332,-0.01386420538,0.002596149511,-0.0232415445,0.009620827222,0.01004292011
4.387936941,-0.0005529063025,0.005070335413,-0.005978861363,-0.01610258773,0.000151980903,-0.0227606805,0.008930401698,0.009280476352
4.378213942,0.007733969272,0.01200399026,-0.003979657934,-0.01438204356,0.004149218058,-0.02248330178,0.009620436249,0.01086095044
4.403426045,0.008265852315,0.01752845516,-0.004439050507,-0.0135025205,0.004843361424,-0.02229918538,0.009243155496,0.007897283918
4.428747737,0.008392634254,0.01652395241,-0.002107562176,-0.01239960949,0.005505584886,-0.02116843255,0.01016505259,0.009501675844
4.416776004,0.005412212107,0.01290448363,-0.003939695973,-0.01453753623,0.002912780835,-0.02171736852,0.009961535127,0.009182086532
4.397345006,0.006325471777,0.01455007815,-0.002890049643,-0.01417503308,0.002546205593,-0.02048892882,0.01030405124,0.009088351487
4.470138909,0.007583619402,0.01004750239,-0.004140676356,-0.0140050092,0.002095720323,-0.02346963071,0.009409467839,0.009514834394
4.447046812,0.00475877988,0.01438133013,-0.003374067112,-0.0130613772,0.001105464406,-0.02240733305,0.008910297665,0.007685503083
4.479021239,0.0009741792392,0.009238875073,-0.005045112685,-0.01501148331,0.00255595064,-0.02426015384,0.007260388548,0.007612274291
4.408630226,0.0042088328,0.01373313854,-0.004116349481,-0.01640950336,0.000813408074,-0.02066802761,0.008141778604,0.008544977665
4.482314808,0.003926705163,0.01057577279,-0.006437892374,-0.01436028219,0.003857985638,-0.02264026466,0.01070654556,0.00811639105
4.339244997,0.002264534583,0.009212388768,-0.00576435625,-0.01544415772,0.001025921027,-0.02288778502,0.01132454225,0.007715118951
4.487970114,0.0003218004713,0.007277538012,-0.00639652972,-0.01624009651,0.001813634076,-0.02334979484,0.008686293899,0.006978910095
-0.2882178286,0.000593904411,0.005735928654,-0.006735544345,-0.01846226535,0.0004733184111,-0.02410940336,0.008052415349,0.008065171861
-1.328954484,0.0001646883007,0.006732268289,-0.007176963384,-0.01627089954,0.001794543158,-0.02365919649,0.007334598894,0.008569791933
-1.040504305,-0.001920294511,0.007247700468,-0.006809064386,-0.01773971475,-0.0002689422722,-0.02343267311,0.008245455149,0.006729771153
-1.202389038,-0.001736213417,0.006478483166,-0.007632012566,-0.01706981632,0.002262841783,-0.02288645907,0.009630597378,0.007641555542
-1.0896221,-0.004087286992,0.004591159246,-0.00689926688,-0.01949821384,-0.0006643431152,-0.02413577404,0.009457525989,0.005860263086
-1.148268197,-0.003383135974,0.004336934307,-0.007566974527,-0.01589385927,9.997110343e-05,-0.02469449559,0.009409256099,0.007742591214
-1.098406637,-0.002184707938,0.004817632036,-0.006425504233,-0.01672556595,7.73219356e-05,-0.02342985236,0.008602867262,0.009665767351
-1.096839446,-0.001348254465,0.006566523648,-0.007221191597,-0.01691957606,-0.0003201473004,-0.02460137383,0.008202448319,0.007023790504
-1.151520081,-0.001915821037,0.006007430741,-0.006779441504,-0.01516261153,0.001774010004,-0.02274483578,0.008241102683,0.008252929369
-1.145632028,-0.002839233916,0.006425973773,-0.0061106686,-0.01733129595,0.0001225816749,-0.02312969518,0.00825237005,0.007647008221
-1.157142475,-0.003375646107,0.00464795718,-0.007053434845,-0.01582866681,0.0009108294712,-0.02384886255,0.009928960242,0.008941057533
-1.147539162,-0.003864464894,0.00562389902,-0.007173456999,-0.01738759169,0.0005859402956,-0.02415908576,0.009431763087,0.007382029221
-1.122651257,-0.00269389132,0.005964718927,-0.00729032104,-0.01573966926,0.00208281762,-0.02393899751,0.006327833086,0.00943058095
-1.12152686,-0.00219241797,0.003781053784,-0.005425860569,-0.01527310865,0.0009910175709,-0.02383200822,0.008345117152,0.007928535132
-1.139622782,-0.005176408395,0.007902795262,-0.004899966788,-0.01757096168,-0.0009267279449,-0.02415709499,0.007507808631,0.00694106102
-1.160363615,-0.01230265472,-0.004906786324,-0.009380020183,-0.01633734232,-0.0003370235282,-0.02437071267,0.008252879342,0.007166615398
-1.172806292,-0.0128234808,-0.01300904614,-0.01246094042,-0.02014100558,-0.002959327769,-0.0247248488,0.009453556713,0.0080154089
-1.149231939,-0.01009746588,-0.0008335337064,-0.01154399185,-0.02044263768,0.001729400023,-0.02405881707,0.006481152663,0.007162088279
-1.151821446,-0.0104399697,-0.0008478559735,-0.004366176479,-0.005131178634,-0.003871254944,-0.02648790244,0.008735799783,0.008093657355
-1.127915403,-0.009907307501,0.001078106348,-0.005112363493,-0.01362636997,0.003499490983,-0.02336651239,0.004015802638,0.008172887411
-1.168838991,-0.010318638,-0.007380855158,-0.01050103733,-0.0274009407,-0.004677393457,-0.02313072117,0.007502228593,0.006979497143
-1.140554544,-0.007625428367,0.0007202516738,-0.01277960807,-0.02741859786,0.00417992052,-0.02418380551,0.009868983293,0.007231398479
-1.129631547,-0.006498631284,0.003282593311,-0.008378662863,-0.0007808769794,-0.0009325734223,-0.02598105569,0.01704741417,0.00646768976
-1.134796151,-0.009755691688,-0.0003095581182,-0.005195124914,-0.01215737322,4.701518755e-05,-0.02374404008,0.004975551897,0.009391879495
-1.142123757,-0.007582042997,0.001269874876,-0.003896889981,-0.02742302566,0.001976050895,-0.02005603697,0.002485951795,0.006885054902
-1.127702091,-0.005856175054,-0.003281577949,-0.009672935241,-0.02350169802,-0.002174456932,-0.02384837815,0.01049927629,0.008867998773
-1.11775176,-0.002783125877,0.01139842043,-0.008590677784,-0.004825842158,0.005179907192,-0.02704206487,0.01507061477,0.01084716885
-1.145126755,-0.004397926637,-0.002065863488,-0.008090489515,-0.007596178192,-0.004331630078,-0.02369650607,0.01136040292,0.005263384826
-1.173997109,-0.003266354645,0.005097859013,-0.007378276359,-0.02732552301,0.004054908254,-0.01955413115,-0.0009110473564,0.009063193042
-1.136993292,-0.001534811431,0.003969886186,-0.002057775203,-0.01474226797,0.001605444327,-0.02350961776,0.008397086824,0.005529157589
-1.130315777,-0.00206941575,0.01001418716,-0.005605514584,-0.00853540608,0.002336840112,-0.02629175324,0.009826699271,0.009499152955
-1.139832369,-0.0004553131847,0.006107025249,-0.008616557491,-0.01220661461,0.002229240635,-0.02416191644,0.01456077177,0.008751012645
-1.154612112,-0.002599943626,-0.002453762883,-0.01149172155,-0.02698560731,-0.002290921759,-0.02186001084,0.007591349439,0.007305555581
-1.111140862,-0.0003487776544,0.007507858989,-0.002588631503,-0.01129258439,0.006536917629,-0.02332573727,0.008761473486,0.008911360739
-1.125196821,-0.001213338813,0.007515171395,-0.002935742286,-0.009225828364,-0.0006974524095,-0.02281406789,0.01102291294,0.007371215026
-1.143815255,-0.0009676967573,0.008791323864,-0.005979143865,-0.01753761153,0.007227666813,-0.02299891777,0.005556575902,0.01052357655
-1.136719131,-0.001687542817,-0.0002461365716,-0.009738802849,-0.02654490781,-0.002672260061,-0.02406249699,0.009226390242,0.006077088387
-1.166801192,0.0003020750263,0.00711944997,-0.006961097597,-0.005766311216,0.005563867367,-0.02433105767,0.009053949832,0.01094931918
-1.137615029,0.000270309304,0.005347832376,-0.005245144457,-0.008203092465,0.0004174423966,-0.02229355673,0.0145938642,0.007512712249
-1.163958624,-0.001444212973,0.007313560594,-0.007397384173,-0.02227153535,0.00267773876,-0.02189674924,0.003964566677,0.009508579811
-1.179866356,-0.0008517775581,0.005264416142,-0.004869554686,-0.02061267987,0.005479995464,-0.02380619762,0.008803570753,0.007971670545
-1.133203772,0.004395661437,0.01426606533,-0.005543223007,-0.00883268739,0.002012138992,-0.02365136646,0.009772297961,0.00891793428
-1.127347759,0.009329942074,0.01420588842,-0.003233620647,-0.0002047654183,0.004149924462,-0.02124695742,0.01217663508,0.01187532181
-1.166963443,0.008411401271,0.01147033598,-0.005755623727,-0.02374248826,0.0008479620191,-0.02225607697,0.009576106034,0.009440827849
-1.179678926,0.007492883679,0.01505951644,-0.002153227925,-0.01543394096,0.006724200571,-0.02359934688,0.009570905787,0.009514651396
-1.120046058,0.005292001186,0.01442371416,-0.0006786141767,-0.01293747292,0.002021273774,-0.02334569805,0.01387295944,0.006332452358
-1.114881408,0.007091010914,0.01813356187,-0.004281250194,-0.01207078482,0.006309077875,-0.02048885635,0.006604215805,0.009111830058
-1.136778228,0.004484854991,0.007188669158,-0.006011760771,-0.01961314959,6.729772007e-05,-0.02330658837,0.009898845802,0.007963265562
-1.196724769,0.002742062516,0.01132052019,-0.005226526198,-0.01515938088,0.002862590593,-0.02352432719,0.00809324628,0.009385718212
-1.131263368,0.003993646839,0.01253637178,-0.000370633982,-0.006118898657,0.002765360559,-0.02280443772,0.01256965708,0.007097894338
-1.141954884,0.004078110187,0.01327397216,-0.005375450252,-0.01962426141,0.001640042047,-0.02104012805,0.00757208015,0.008701309086
-1.154731142,0.002307772857,0.008252837092,-0.004988833267,-0.02042065373,0.0037173898,-0.0241164803,0.006901139928,0.005980981809
-1.149566681,-2.358586551e-05,0.006912733855,-0.005121824059,-0.01717947382,-0.000136684145,-0.02489103393,0.007325983864,0.006998084665
-1.103728881,0.00051080284,0.007881274193,-0.007000492477,-0.004971896602,0.0006525185996,-0.02277639891,0.01146298744,0.009003936008
-1.121519566,-0.0007933761002,0.007116290121,-0.006454680474,-0.02325918763,-0.002620108323,-0.02294562379,0.008006864052,0.00814917708
-1.130947629,-0.001664753448,0.006907806917,-0.004413244374,-0.01916851779,0.002982317243,-0.02453070407,0.005877066544,0.006659681586
-1.134185124,-0.002484555737,0.005570255603,-0.003351281434,-0.01765889736,0.0044360004,-0.02518509653,0.01149461917,0.005623896535
-1.163414314,-0.001715451541,0.005167404338,-0.007518320369,-0.01279675829,0.0006942719794,-0.02425641895,0.009608894244,0.007436523139
-1.177620805,-0.003965436597,0.002486808223,-0.008278727624,-0.01819242948,-0.001234123295,-0.02344568536,0.005582759832,0.006680183145
-1.142932847,-0.0006920857611,0.005087610495,-0.006104118653,-0.01885272445,-0.000924958352,-0.02353502461,0.006453030801,0.007072155615
-1.109568874,-0.002479320051,0.006622679564,-0.005861200225,-0.01096533022,0.002455267402,-0.02279371229,0.01211817596,0.008487516378
-1.105752821,-0.004026809067,0.008348431925,-0.005938951483,-0.01811489961,0.001138449065,-0.02358546879,0.008445802104,0.006338965005
-1.141862943,-0.001950596168,0.00285447183,-0.008028818798,-0.01709061346,0.0008752382653,-0.02625436663,0.006963670772,0.005300712415
-1.14320869,-0.002789339986,0.003261616022,-0.006206689484,-0.01961531124,0.0002389958574,-0.02445301381,0.006521431481,0.007723767037
-1.114009012,-0.004324284954,0.005776204756,-0.006528553701,-0.01052653393,-0.0008391610101,-0.02436375586,0.0116014603,0.007592372846
-1.13424639,-0.003247291181,0.007097728073,-0.005382693736,-0.01593934121,0.0005643408959,-0.02326800693,0.008067702927,0.008745706008
-1.116750518,-0.003555101674,0.006458457786,-0.006711448647,-0.01917952831,-0.001208254524,-0.02321829037,0.008883638463,0.007130975504
-1.112517408,-0.003962954413,0.00397401254,-0.005565856454,-0.01770698817,0.002409272461,-0.02542224244,0.008937899559,0.00681511147
-1.134678622,-0.01055110825,-0.00100069794,-0.008985882595,-0.01509816115,-0.0007047657104,-0.02343998225,0.007814688196,0.005998379937
-1.10936906,-0.01096856737,-0.006120778396,-0.01090583555,-0.01936246968,-0.002024581725,-0.02437094417,0.008044627273,0.007192545417
-1.153242989,-0.01010451665,-0.003194358021,-0.00819859434,-0.02240839899,-0.00186000451,-0.02483321321,0.009288693671,0.008833050894
-1.159284752,-0.01037752943,-0.002145093362,-0.005658847409,-0.01819859944,-0.001273193554,-0.02559351078,0.009105145586,0.006298670594
-1.118246315,-0.01129070584,-0.002990724444,-0.01098814653,-0.01343063049,-5.811801911e-05,-0.02160117347,0.006821737372,0.008316703418
-1.088914403,-0.01013121198,-0.003158002566,-0.01681610946,-0.01526237705,-0.0001983126093,-0.0228998307,0.006555486217,0.007290405943
-1.110811893,-0.008999203918,-7.621098366e-06,-0.01003409913,-0.01934307067,-0.0001297127676,-0.02528154659,0.005146515474,0.007933300491
-1.100090089,-0.005934516093,-0.003608662299,0.001947837807,-0.02059056554,-0.0001636597267,-0.02649929742,0.01519147151,0.007787689456
-1.106663667,-0.008669903385,-0.0005757250227,-0.0002859834512,-0.01632187893,0.000780480516,-0.02275339787,0.01242996522,0.009144999625
-1.131525035,-0.008804979278,0.003730256921,-0.01148789348,-0.009835670964,-3.508301777e-05,-0.02284815427,0.004955847858,0.007716773661
-1.125452809,-0.006604086767,0.001872761335,-0.01781868248,-0.01534673644,0.002567669651,-0.0230236411,0.001932641668,0.007138289144
-1.135755573,-0.00279243597,0.001956103113,-0.008988782032,-0.02133974953,0.001745929007,-0.02227788283,0.01090098296,0.008986196361
-1.111043826,-0.00381215158,0.003511709483,0.0009141591758,-0.01928177938,0.0004573365075,-0.02388290198,0.01499689734,0.00761251648
-1.165065622,-0.002427937346,0.005781347023,0.001102522044,-0.01128981088,0.001101296361,-0.0240766752,0.01392021385,0.009834257167
-1.137934933,-0.003186899621,0.003103372254,-0.01034882017,-0.0148638726,0.001489352128,-0.02055408618,0.003369933171,0.004988986253
-1.110438979,-0.003562016376,0.005279977661,-0.01582610136,-0.01211452661,0.002170210907,-0.02401630263,0.001934267029,0.007976035221
-1.127202969,0.0002049480092,0.00434008078,-0.007704339882,-0.01165557613,-4.01056159e-05,-0.02120864258,0.0101700619,0.007541700193
-1.120444121,4.778626355e-05,0.01003276449,0.001149376474,-0.0177269979,0.001380058043,-0.02636358438,0.01721844257,0.0115009831
-1.120756362,-0.0003149806294,0.005578402498,-0.00167484522,-0.01995056953,0.0020158255,-0.02309070536,0.01170117916,0.007811874566
-1.115292209,-0.002353097476,0.009406125705,-0.005438977427,-0.01850570029,0.004038231301,-0.02116532616,0.003635540022,0.00469288551
-1.081362896,-0.003300663574,0.004985827798,-0.01224102343,-0.009181251935,0.003237124563,-0.02041591342,0.007589686716,0.008635808678
-1.114734052,-0.000377777301,0.005339451667,-0.00691619792,-0.01251774232,-0.001303722574,-0.02524680992,0.01062334814,0.009856336443
-1.149217652,0.0001409975193,0.00595950172,-0.003803014287,-0.01776645881,0.002399022344,-0.02395728926,0.009748393002,0.01084900456
-1.10762892,-0.0003192943707,0.00360880193,-0.001992526614,-0.02026767185,-0.001738278656,-0.02260184394,0.009391998124,0.008059206085
-1.160758203,-0.0007420022335,0.01046797277,-0.005141593074,-0.01367246166,0.008468547421,-0.02061087502,0.007845614568,0.007185179502
-1.139277958,-0.004223065559,0.008958256863,-0.009781578681,-0.01070637706,-8.552972313e-05,-0.02207128348,0.009687485812,0.006822151844
-1.140465969,0.0003282508867,0.005393072617,-0.007600891297,-0.0125745371,0.002327979407,-0.02139215615,0.008488712849,0.00982164175
-1.174278646,0.007991450633,0.01183738147,-0.000376072384,-0.01610709744,0.000230811648,-0.02416240129,0.01094894495,0.01164379412
-1.096206482,0.01068521375,0.01631210885,0.001307979832,-0.0119434901,0.002906486425,-0.02224875013,0.009243248718,0.009624883715
-1.13788026,0.007755911412,0.01924093077,-0.001467951484,-0.01512991348,0.005209220151,-0.0228401191,0.0100588933,0.006655834035
-1.097906931,0.005429279312,0.01433154053,-0.008420306475,-0.01414287134,0.005161629966,-0.02002649404,0.01093237558,0.007799250981
-1.10630385,0.005436252216,0.01183784988,-0.004586454328,-0.01180802239,0.003657300724,-0.0218916568,0.01104691064,0.00785774223
-1.109752121,0.006856879372,0.01193412475,-0.004594309443,-0.01247507771,0.000247610056,-0.02346350227,0.01094490598,0.01046055986
-1.142239445,0.003917704865,0.01182291607,-0.001322007321,-0.01468127197,0.002969361832,-0.02256023432,0.006111666619,0.01021476019
-1.077049601,0.004005003195,0.01057120405,-0.004330102156,-0.02087521983,0.002893656954,-0.02272502435,0.007277996206,0.007228132464
-1.19161768,0.003135893478,0.01467997914,-0.005165655518,-0.0157301375,0.003291169545,-0.02175111305,0.01020530247,0.008157508161
-1.025561434,0.002537906631,0.01029525359,-0.006201602905,-0.01444451811,0.002262473546,-0.02173843275,0.01202543789,0.006496736887
-1.251863083,-0.0003756306267,0.007146910255,-0.003598341005,-0.01250262141,-0.0007921827321,-0.02338920369,0.008070452017,0.01077499173
-0.8971185864,-0.0003362776812,0.004308941176,-0.003415926806,-0.01829664692,-0.001274701349,-0.02346404705,0.006869130056,0.00733233431
-1.572335097,-0.001685552141,0.008732134476,-0.005855873515,-0.01860661883,0.00115101323,-0.02361714706,0.009832352963,0.007800083701
2.431174933,-0.001482222012,0.007427293239,-0.00888948769,-0.01316654523,0.002910486336,-0.02473372922,0.008571842397,0.006385973415
4.892024766,-0.002277072005,0.008250718739,-0.005701307459,-0.01656378526,6.983337694e-05,-0.02418315131,0.007996203689,0.006788472974
4.239450764,-0.001264522742,0.00200928885,-0.006405384122,-0.01673089872,0.0008259003039,-0.02320249266,0.007248156352,0.007143178711
4.588783651,-0.004221876292,0.002255192193,-0.003650929862,-0.02070325056,-0.00193909814,-0.02268074882,0.01058948474,0.006155950428
4.362333943,-0.002963455725,0.005332957276,-0.007023071425,-0.01587704327,0.002191197007,-0.02645915797,0.008999614128,0.01001527499
4.505266765,-0.003574246533,0.00415454282,-0.006369397016,-0.01530353015,-0.0005544278595,-0.02369728794,0.008729372149,0.006885595901
4.419235379,-0.002349299995,0.0045244019,-0.007113356056,-0.01727890175,0.002444597922,-0.02285413156,0.006695161216,0.008091825529
4.467457933,-0.00203403154,0.003751516605,-0.004555521296,-0.01358870525,-0.0005125405159,-0.02158224416,0.006541109364,0.006522573292
4.399078383,-0.003333043141,0.005961088116,-0.004472355986,-0.01765108076,0.001144256907,-0.02438071531,0.01097075238,0.007010139239
4.426242469,-0.003994370712,0.004702099092,-0.007218995039,-0.01607807582,0.000166627312,-0.02456671613,0.01013702064,0.009555586585
4.393202721,-0.004056034525,0.002414501075,-0.007783761727,-0.01886121625,-0.0005981928495,-0.02479029827,0.007882067221,0.007077787181
4.40206912,-0.002537451384,0.004973744704,-0.008544668558,-0.01567552644,0.001059959596,-0.02239254757,0.006616338302,0.008589400808
4.397745088,-0.00142013014,0.003224294185,-0.00624325251,-0.01426801828,0.001697686932,-0.02249529577,0.007917746498,0.008060138179
4.477335928,-0.006248629735,0.002901245642,-0.006693043498,-0.01907624973,-0.001798173822,-0.02488615539,0.008526881241,0.007666796746
4.43895262,-0.01265201182,-0.005233302343,-0.009068398302,-0.01950803727,-0.000557925876,-0.02354199589,0.008092998659,0.006258292403
4.435102818,-0.01345693255,-0.006378414213,-0.009875032373,-0.01976444582,-0.002204842051,-0.02501582446,0.006186407721,0.008018253667
4.469628924,-0.01019359642,-0.005765558923,-0.009866962901,-0.01506297863,0.0004708799495,-0.0249675031,0.008263528012,0.00835167652
4.445685607,-0.01071587731,-0.0001214530891,-0.01024936828,-0.01542593918,-0.003094604153,-0.02434676113,0.008209103514,0.007183185859
4.418607476,-0.009094707497,-0.004931869059,-0.009286920786,-0.01810631692,0.001000270047,-0.02511503814,0.008612481911,0.007657366881
4.420633476,-0.01016712734,0.001143457228,-0.006976712491,-0.01824461685,-0.001397319826,-0.02475615468,0.008389963964,0.008132850976
4.441203466,-0.007487664325,0.001533085797,-0.006503928762,-0.0170876228,0.0009375600251,-0.02403332295,0.00878530348,0.007124453072
4.433566807,-0.007553217853,-0.002424197972,-0.009687789657,-0.01597595474,-0.0009056442707,-0.02264086398,0.007910621281,0.008792581373
4.424934263,-0.007350320935,-0.001312080138,-0.008219324064,-0.01547680434,0.001868737676,-0.02276027839,0.009302690462,0.006739583411
4.374561184,-0.006469884936,0.0010383854,-0.01071605951,-0.01557538476,6.360908177e-06,-0.02339126253,0.008939799534,0.009017852918
4.429729462,-0.005626733488,0.0056351728,-0.006336279716,-0.01596620131,0.0006508243996,-0.02344674792,0.007093344618,0.007763743432
4.377013776,-0.003837903229,0.001925650823,-0.006870959385,-0.01662580043,0.0003858583397,-0.02332972416,0.007897774919,0.008691523747
4.506092877,-0.003957004277,0.002603375066,-0.006322068812,-0.01629890967,0.002093826073,-0.02258336906,0.00999610074,0.008739414253
4.012512525,-0.003504699191,0.0020528781,-0.008833862795,-0.01454755653,0.001130488779,-0.02446597817,0.01065452188,0.008310128768
-0.7853971668,-0.002198151612,0.005944837373,-0.007594896372,-0.014787217,0.001110152562,-0.02376083625,0.008051412449,0.00931926627
-1.223220831,-0.00262262492,0.005903180889,-0.006351773274,-0.01512635979,0.001863317755,-0.023295944,0.008092458876,0.00911193415
-1.095052305,-0.001604522832,0.006471044482,-0.002939179879,-0.0180053379,0.001819145709,-0.0234441994,0.009160640277,0.008489280132
-1.10417188,-0.001420148158,0.003954610835,-0.007398203832,-0.0142658392,0.002741761456,-0.02304711608,0.01194040944,0.008890428105
-1.152325052,-0.000669934058,0.006088816638,-0.007614551801,-0.01536064111,4.993308296e-05,-0.02306981149,0.00956661799,0.008270430634
-1.103178037,-0.0007694700595,0.00614678147,-0.008221067881,-0.013463432,0.003161059903,-0.0233922998,0.009060738638,0.008941443599
-1.15605313,-0.0009598824814,0.006260863979,-0.005528612058,-0.01758188764,0.001415533919,-0.0232675262,0.006889088489,0.008146586618
-1.121238739,0.0003455743682,0.004324141775,-0.005280695472,-0.01417556096,0.002195968604,-0.02409924075,0.009138420736,0.01032891989
-1.139276877,-0.0009721709788,0.00694454626,-0.006239301582,-0.01445453084,-0.0002327312615,-0.02271046261,0.01079903764,0.009078158691
-1.079446553,-0.001652854108,0.006313564161,-0.007312312622,-0.0127907438,0.003764709209,-0.02411172124,0.009107434736,0.007282650165
-1.104118182,-0.001272775423,0.00773140371,-0.00638880919,-0.01451095303,0.002463559204,-0.02161572172,0.008837266264,0.009007692204
-1.118896722,-0.001383689517,0.00693333722,-0.003803426989,-0.0157693944,0.002532218649,-0.0223221022,0.008827028505,0.006738391324
-1.140056954,0.005505160504,0.01411543908,-0.003218818302,-0.01342593307,0.005297696219,-0.02173451405,0.0111657149,0.01064855873
-1.1102678,0.00742022119,0.01506022159,-0.002173906746,-0.01309758151,0.002702111216,-0.02256655333,0.01096357883,0.008689764422
-1.131295051,0.007312579413,0.01437408665,-0.004210347855,-0.01261096883,0.004461146866,-0.02139369523,0.007651017615,0.009510334278
-1.098092705,0.006399374095,0.01446995931,-0.005086744074,-0.01123022901,0.002467530764,-0.02144929358,0.01038040333,0.008177920831
-1.119154675,0.007230108134,0.01424092933,-0.001553076348,-0.01380478558,0.004811691812,-0.02214408448,0.0109795473,0.009882525739
-1.130401733,0.005590230761,0.01651663993,-0.003877158878,-0.01595934641,0.002351212375,-0.02233370925,0.009279161349,0.006145302298
-1.113124056,0.003187793276,0.01472706878,0.0008847803191,-0.01367294386,0.003672980733,-0.0212642491,0.008846621219,0.008283766625
-1.143923662,0.003820473739,0.003106034184,-0.009546560874,-0.01546958451,0.0001624134709,-0.0228487715,0.01098089826,0.008540917434
-1.12261038,0.00316295595,0.015396964,-0.009556877201,-0.01935964612,0.00406101427,-0.01952798316,0.008451549991,0.00888757785
-1.096701949,0.002601289459,0.01011727925,-0.002708391951,-0.004149001512,-0.0006452209353,-0.02829436735,0.01051093047,0.00786523147
-1.096898353,-0.0001609455031,0.01377670391,0.005505928375,-0.01044340912,0.003618610008,-0.02253316018,0.008909441519,0.009242422167
-1.117224915,-0.0005073860314,0.001944847525,-0.005353291903,-0.02531576897,-0.0003612537307,-0.02038706803,0.006477387252,0.006417537928
-1.155248955,-0.002596039661,0.007782982587,-0.01265666983,-0.03117955851,0.0006525553322,-0.02641083719,0.007078230128,0.00620395844
-1.171204369,0.0001343832834,0.00917538497,-0.01208796193,-0.0006009944221,0.00342161708,-0.02562865846,0.01595449615,0.008543124364
-1.201874798,-0.00225165265,0.007034245784,-0.003176569735,-0.008427191138,-0.004187300723,-0.02212376827,0.008505600883,0.008543678619
-1.101699355,-0.002917877434,0.007215671685,0.0001488000865,-0.02392878694,0.005230404717,-0.02110969538,-0.001155595283,0.008197117293
-1.126561753,-0.004143252266,-0.0009591523665,-0.00302046683,-0.02971705089,-0.003323871222,-0.0230698645,0.007107189897,0.002438272766
-1.116329457,-0.003464178852,0.01046090786,-0.01190040145,-0.008003618691,0.006766367562,-0.02750630298,0.01525915195,0.01077207004
-1.171777387,-0.003156354572,0.0007547030769,-0.009806036242,-0.00514012654,-0.004525400968,-0.02408481289,0.01356291081,0.005063926556
-1.128070585,-0.003253007224,0.002690418798,-0.008950269343,-0.02523042551,0.001916593369,-0.02186994183,0.001321682455,0.00958903413
-1.148453223,-0.003275439176,0.006555330635,-0.001584411029,-0.01934062712,0.001681414082,-0.02220535359,0.007630367128,0.006362741892
-1.129783739,-0.003113721699,0.006427509804,-2.988296827e-05,-0.010074693,0.00114034398,-0.02610619881,0.008225193541,0.007564886716
-1.156686898,-0.002532545924,0.009816917465,-0.008997794195,-0.008540310785,0.003403998936,-0.02329539107,0.009617841174,0.00869995879
-1.12848964,-0.003166179854,-0.005286807324,-0.01473845562,-0.03018083216,-0.004154847855,-0.02169640489,0.01043109892,0.003937809935
-1.142374462,-0.002544748033,0.007382741203,-0.005142933951,-0.01425121433,0.006093340231,-0.02429164417,0.008152266164,0.01055199336
-1.111916198,-0.00134682161,0.006501375436,1.002188665e-05,-0.008135168941,-0.00457806808,-0.02335668325,0.01130518786,0.00710231266
-1.114383012,-0.005612210196,0.008984809924,-0.005205353083,-0.01945237615,0.004631874125,-0.02028415457,0.004172886184,0.01026325306
-1.156960986,-0.01360030338,-0.007642230877,-0.0126025839,-0.02627054291,-0.003820589667,-0.02550930547,0.007652945043,0.003471622414
-1.141373327,-0.01252977463,-0.004894281556,-0.011946801,-0.01268639812,0.0006866723932,-0.0264253413,0.006320456575,0.01014889214
-1.143321603,-0.009553498028,-0.005893812776,-0.008838464337,-0.007101622242,-0.003695157673,-0.02489062036,0.01472465577,0.006958780907
-1.116851396,-0.01158797577,-0.001114036514,-0.008029454237,-0.02642469172,-0.0008478071156,-0.02162674062,0.004272698649,0.00838360794
-1.146936994,-0.01120965743,-0.003917493034,-0.006815912885,-0.02378282074,0.003008921613,-0.02707631726,0.006178142052,0.006137125599
-1.126703995,-0.009800343819,-0.0006948044882,-0.009416156253,-0.01416227626,-0.0007744818085,-0.02596190387,0.009732052469,0.006394715112
-1.117334635,-0.007282689304,0.00221287301,-0.009582019014,-0.004055330174,0.001661399433,-0.02356038243,0.008611208113,0.008547853342
-1.126214405,-0.007568791548,-0.005237682661,-0.009107013899,-0.02066051713,-0.005411865739,-0.02250353377,0.007786924736,0.008151668218
-1.106699747,-0.006984716001,-0.001067278802,-0.007005468607,-0.02251567834,0.002678356144,-0.02530531664,0.005782085136,0.009064728164
-1.129941274,-0.00686197408,0.002860361118,-0.005014062425,-0.01595131403,0.0002361815848,-0.02409811819,0.01623796807,0.004444085732
-1.11677432,-0.004535558724,0.006201290987,-0.008200564364,-0.0110409013,0.004074793585,-0.02214147585,0.004197222855,0.00920595254
-1.132451398,-0.005399167201,0.0003548390523,-0.008762756153,-0.0207844641,-0.0001215910484,-0.02313784655,0.00653686091,0.007861772621
-1.155630465,-0.002745503774,0.002535374834,-0.008328588131,-0.01735509412,0.00205397722,-0.02500821424,0.004586513277,0.009581086885
-1.122939205,-0.002406611303,0.006046579962,-0.002984208898,-0.006430031651,0.001259409805,-0.0259029549,0.01240784432,0.007799574765
-1.098831477,-0.001983860777,0.007189213657,-0.007332703778,-0.01823104884,-0.0002760993141,-0.02176515028,0.01054379978,0.008299260333
-1.134265323,-0.002170208541,0.005378561304,-0.008817050295,-0.01908059766,0.002888198041,-0.02364333288,0.009263226812,0.007544740049
-1.105099603,-0.000547763917,0.0040619482,-0.007460369172,-0.018561469,0.0007486142699,-0.02310346362,0.006959905525,0.006563885857
-1.137176297,0.001078328827,0.006783454738,-0.004256640592,-0.004731877598,0.006046613455,-0.02417381748,0.01050262789,0.009296185185
-1.157703205,-0.0001132326967,0.003695918915,-0.005878038726,-0.02050774045,0.001341023593,-0.0225384508,0.01162975216,0.00796270398
-1.17453504,-0.001785984781,0.008916059497,-0.008042533149,-0.02039596743,0.001189778606,-0.02493775412,0.005636732253,0.008710962348
-1.08620354,-0.001776167405,0.006510522524,-0.00606287095,-0.01145504066,0.002605253281,-0.02123828774,0.009092243352,0.006305568368
-1.137677383,-0.001263542873,0.004942043999,-0.008623032933,-0.0102771751,0.002968172742,-0.02027826176,0.01288463636,0.009611569879
-1.125250896,-0.0002499985743,0.005946783779,-0.00546355558,-0.01746883254,0.001442573941,-0.02374562895,0.01045098825,0.008157812518
-1.104076131,-0.0004699805302,0.005448587933,-0.006655051286,-0.02018430722,0.002552080891,-0.0277440624,0.00571178273,0.007413039751
-1.087348835,-9.453413871e-05,0.008460270588,-0.002456369469,-0.01015741998,0.004296727768,-0.0234397159,0.00908616087,0.009810930823
-1.119117061,-0.002630051519,0.005698006856,-0.007339701516,-0.01262462767,-0.001145472328,-0.02292329419,0.01098700392,0.008810315612
-1.130247883,0.00376234269,0.0106128772,-0.005706153597,-0.01337536529,0.002674523395,-0.02143852803,0.01195041305,0.0101554949
-1.075602306,0.009018858641,0.01278458362,-0.003639336772,-0.01612796023,0.004650247412,-0.0219851372,0.01126425484,0.01003406082
-1.095637809,0.009379273742,0.01639301418,-0.002284998848,-0.01294729655,0.005249223193,-0.02161055131,0.01041833714,0.009654133325
-1.134275926,0.005487131499,0.01646946976,-0.002591991504,-0.01323977046,0.003513101052,-0.02177241382,0.006377443949,0.008152122289
-1.130098038,0.007729921515,0.01211877793,-0.005804797449,-0.01609792588,0.001721992514,-0.02347079987,0.007975623141,0.01067033628
-1.123735714,0.005965839556,0.01311010036,-0.003346447015,-0.01479457898,0.003896766726,-0.0235618123,0.009743358706,0.008687015592
-1.0965332,0.004679386475,0.0129886526,-0.003679825329,-0.01039623207,0.001494930791,-0.02088706924,0.01245991533,0.008439790822
-1.082482775,0.001796802956,0.00933200397,-0.005093783159,-0.014304924,0.004150170646,-0.02122281749,0.01031161701,0.007446598598
-1.100004916,0.004331402104,0.01146469088,-0.004221348433,-0.01953486809,0.002041262758,-0.02255654274,0.00842791112,0.007000557604
-1.100104071,0.003276521092,0.01125135323,-0.002063078447,-0.01654388016,0.004510550279,-0.02489396822,0.00793508022,0.00910329436
-1.112886949,0.002300805938,0.01100414192,-0.004441594394,-0.01266796588,0.002481135577,-0.02428897135,0.009388327274,0.008746798545
-1.116778064,-0.0001202139129,0.008746640416,-0.009145351755,-0.00794584295,-0.0003089946509,-0.02114049725,0.009470311139,0.008459095651
-1.10967601,-0.001773837046,0.008710474522,-0.01255123185,-0.0143206395,0.0005354958649,-0.02248555833,0.00402440189,0.006194064804
-1.137464,-0.000455265737,0.004482332154,-0.00244683109,-0.02361651024,0.00266377287,-0.02614548794,0.008499789388,0.007580526444
-1.083373379,-0.001610900909,0.0009597382697,0.002392363768,-0.02144586096,0.002711247858,-0.02401856079,0.01374389695,0.006068125652
-1.113283675,-0.002440532057,0.008877974466,0.0001964515738,-0.01143420616,-0.00175625844,-0.02476704962,0.01111331932,0.006622579956
-1.112246795,-0.002333592174,0.01151476541,-0.01439977625,-0.009207170828,0.001446408813,-0.02673452843,0.001647520308,0.006551965579
-1.121924076,-0.004824111866,0.001802515494,-0.01684908903,-0.02100982872,-0.001321421509,-0.0214546649,0.006165987559,0.007763867675
-1.121121178,-0.002667579547,0.004086731131,-0.005737338002,-0.02297998692,0.002482275262,-0.02370743164,0.01468898967,0.00949607227
-1.105278657,-0.003233429903,0.005626610414,0.005289099861,-0.01235756652,-0.002497282309,-0.02444771694,0.01776740556,0.006277602133
-1.068983469,-0.001708263585,0.002800542453,-5.093294402e-05,-0.01654764085,0.002268383103,-0.02387990467,0.008889330341,0.006397479245
-1.099169967,-0.002959453095,0.007715758975,-0.01266246198,-0.01534538418,0.0008387351814,-0.01874110718,-0.0007618329939,0.005321800521
-1.143747438,-0.002314659881,0.006625705323,-0.01448035575,-0.01675919981,0.0003804148442,-0.02329307322,0.002867585146,0.007527033796
-1.139484517,-0.002839325517,0.006196031559,-0.006493446789,-0.01287989651,-0.001390970257,-0.02687296215,0.01653187325,0.01111769175
-1.133860743,-0.003161019424,0.004053751144,-0.0004286282864,-0.01973996658,0.000659816388,-0.02483214624,0.01608792333,0.01002660093
-1.148058114,-0.003150015633,0.00292053406,-0.002894168965,-0.01889121844,0.002698057967,-0.02149933929,0.003973216001,0.006847247468
-1.147767663,-0.004632191843,0.003778401422,-0.009520467625,-0.01617121742,0.002058578343,-0.02178711,0.005342563488,0.004844519405
-1.084243218,-0.01009281257,0.000463522757,-0.01364556965,-0.01265101527,0.001033309424,-0.02419415475,0.0077860806,0.007823481271
-1.165447452,-0.01298914373,-0.004992091631,-0.009698279628,-0.01574742076,-0.004386174832,-0.02867890959,0.01052832791,0.008353398999
-1.121217055,-0.01055043936,-0.006942848142,-0.006964328522,-0.02559326408,-0.0009813632925,-0.02403113501,0.004183088263,0.008442219066
-1.14439997,-0.008950226179,-0.003327395077,-0.005124954041,-0.02236366024,0.0007349958499,-0.02394962301,0.009414228018,0.006196236174
-1.151627705,-0.01076324569,0.0007530950059,-0.008056218508,-0.01271331127,0.003254861998,-0.02445871582,0.008476331182,0.005279130273
-1.172255989,-0.01239404077,-0.001209155383,-0.01249801061,-0.01066154227,-0.0008681462007,-0.02453231895,0.009931686152,0.007976719613
-1.098069966,-0.00871228768,-0.007203500787,-0.01203114228,-0.01855575309,-0.003445316415,-0.02267284964,0.005515957681,0.008681824103
-1.126283976,-0.004670178619,-0.001151595137,-0.003296196998,-0.01830563274,-0.001319179803,-0.02359249542,0.006686171092,0.01131685011
-1.111941082,-0.006429675377,0.0001467643882,-0.005577063292,-0.01677463951,0.0007455993436,-0.02491504953,0.00899572577,0.007143701984
-1.153211953,-0.007788955933,0.005403883604,-0.009900204563,-0.0142946422,0.005269827295,-0.02326930922,0.01181900301,0.006556268118
-1.037054791,-0.007710622429,-0.0005040943573,-0.01146501822,-0.01701096445,0.002718892469,-0.02511187419,0.008861959551,0.006219031435
-1.149182713,-0.004805742389,0.003319179935,-0.006893897379,-0.01316677622,-0.000662611608,-0.02409061235,0.008945501075,0.008188959228
-1.049162908,-0.003124428645,0.0002730614445,-0.004494196576,-0.01427876726,-0.001630584253,-0.02225479007,0.008924871641,0.01119648448
-1.255581718,-0.003454282908,0.005745039753,-0.002568098324,-0.0170897801,-0.001305271539,-0.02447706019,0.008009682806,0.01022929499
-0.882895346,-0.002759941755,0.005474739656,-0.009129785573,-0.01625247227,0.005273447104,-0.02345795083,0.006937136394,0.007207296872
-1.547668748,-0.003181980139,0.00613203924,-0.009180909975,-0.01916613892,0.002403512472,-0.02213090265,0.009434670028,0.004182516501
2.2248568,-0.001641568027,0.002741887726,-0.00679701319,-0.009398288578,0.002609153435,-0.02307126412,0.01122555113,0.009990691567
4.893132482,-0.0007045859571,0.007449963263,-0.001200477269,-0.0138220377,-0.002306680509,-0.02259607114,0.009199526708,0.009048322951
4.207641048,0.000454283515,0.001302927048,-0.006383101069,-0.0162666596,0.001533633449,-0.02397085072,0.009521672032,0.01073134367
4.583054196,-0.002406125067,0.009045135704,-0.007970780858,-0.01623720931,0.0006575830978,-0.02452323832,0.008540284933,0.008273318063
4.34322445,-0.001117552679,0.007253789666,-0.008300411727,-0.01124380899,0.004986866812,-0.02443752489,0.009444644325,0.00693352221
4.466269707,-0.001861939331,0.005919686685,-0.003348235335,-0.01445556256,0.001603145394,-0.02141098743,0.01008569198,0.008663760579
4.402845889,-0.0009317208317,0.004503356722,-0.003685577946,-0.01804021369,0.00221282341,-0.02156857511,0.009267134712,0.008700259966
4.45477749,-0.001164010968,0.004616093904,-0.004626849177,-0.01608432727,0.0007006193003,-0.02409824029,0.008838045046,0.009189411446
4.389979395,0.0004460587017,0.004969259269,-0.008152634755,-0.01305308934,0.001083169071,-0.02461473747,0.0120030887,0.00891064236
4.483376499,-0.001903062618,0.008883456697,-0.00787228859,-0.011427775,0.00146243361,-0.02274235616,0.009019961078,0.009513222146
4.453914155,0.002247795004,0.005471856153,-0.006166026091,-0.01506148128,0.003423704265,-0.02211591485,0.005889031316,0.006774633901
4.467474255,0.00722597179,0.01520199132,-0.0009555913984,-0.01476949506,0.00554835514,-0.0206478228,0.008698294571,0.008660635857
4.457357867,0.009527768899,0.01657426224,-0.001443274659,-0.01467365858,0.003410110862,-0.02112736325,0.01362665578,0.008028892095
4.478290742,0.006616122314,0.01500341799,-0.001953299975,-0.01322223984,0.003993487123,-0.02192616247,0.01263596104,0.01115701558
4.444590016,0.005358614388,0.01453504521,-0.004593678386,-0.01414043979,0.00174617891,-0.02314943519,0.009060061608,0.007434058865
4.437594529,0.006474499841,0.01269779755,-0.006192095639,-0.01221591442,0.00352164309,-0.02225640317,0.007272104241,0.009920419898
4.412264093,0.005627139298,0.01451373298,-0.003783219901,-0.01344598011,0.003949601486,-0.02244279208,0.008651829421,0.008453350858
4.45747186,0.002631320571,0.01477980359,-0.002936213068,-0.01553232065,0.002453500131,-0.02324587896,0.01005719567,0.007866682133
4.407593678,0.002071279111,0.008685758039,-0.003482645435,-0.01605573186,0.003304959574,-0.02162964054,0.009660766895,0.008701054078
4.489729292,0.004746222065,0.0122010615,-0.003012181348,-0.01593975915,0.0006014788816,-0.02186682698,0.01032757599,0.008166356353
4.389847241,0.003842056117,0.007735497762,-0.006716342637,-0.01224495468,0.002486334638,-0.02228946919,0.007603292979,0.00976520977
4.404481058,0.0005426953535,0.008481219294,-0.006851693228,-0.01275701171,0.0008926346947,-0.02256686366,0.009361709653,0.007167102779
4.471702037,-0.0005937997286,0.00829107054,-0.004580463464,-0.0180437512,0.002866182431,-0.02330641743,0.007737925563,0.007205644243
4.413215181,-0.002330600224,0.007836851386,-0.004227495922,-0.01783735387,0.000167039272,-0.02434012554,0.008463886376,0.008182945082
4.415702573,-0.001705131514,0.005887519073,-0.005290441955,-0.01816334046,0.001962215439,-0.02222672971,0.008863419788,0.007277414216
4.391100656,-0.002354741985,0.005675773228,-0.008708430324,-0.01441583077,-2.05489979e-05,-0.02374576838,0.009874671894,0.008821569214
4.543595772,-0.002050724539,0.004428419083,-0.007677044389,-0.01528990999,0.001698968667,-0.02311122025,0.008714233646,0.006153224075
3.985737789,-0.004552795052,0.002999530076,-0.008715843623,-0.01675590799,-0.001439231712,-0.02414420647,0.008399091798,0.007272112065
-0.8637214092,-0.002504656307,0.004977778118,-0.002567781534,-0.0185395109,0.0002566955015,-0.02445954547,0.008032364424,0.008475380313
-1.165647068,-0.003740562187,0.005239319911,-0.004249116763,-0.01617581125,0.0006142931701,-0.0235331798,0.009020879242,0.007541878598
-1.096301377,-0.003191994664,0.004611111855,-0.00732831332,-0.01713123896,0.001878636592,-0.02313698325,0.008120494385,0.006632822652
-1.174963525,-0.002134524426,0.004341826633,-0.008946893989,-0.01566904783,0.0003426031559,-0.022853272,0.008312224034,0.008134888156
-1.130034515,-0.002169022412,0.004656039212,-0.006363999608,-0.01647076067,0.002005711032,-0.02250730761,0.009175560732,0.007672579924
-1.131825745,-0.002989428305,0.006167071015,-0.004152549916,-0.0154774447,0.0002862212283,-0.0237980078,0.008096173227,0.007472123095
-1.127079645,-0.004071266563,0.002422013488,-0.005574440757,-0.01799564541,0.001646565293,-0.02243806253,0.007896478246,0.008765796979
-1.171411151,-0.004094797346,0.006033728057,-0.009057613977,-0.01752344027,-0.001216405033,-0.02428682462,0.009504150381,0.007647324702
-1.072539682,-0.00240443106,0.003372551297,-0.009070383222,-0.0147432441,0.002301915789,-0.02319118938,0.008442057438,0.006696755855
-1.121864284,-0.00759509487,0.002578091719,-0.007276433651,-0.01798785076,-0.0008803162716,-0.02487553417,0.009527136595,0.007656156884
-1.156738086,-0.0115792868,-0.005084514466,-0.007180532899,-0.01823715847,-0.001912545467,-0.02433807842,0.008210439236,0.007092420963
-1.149897645,-0.01202238953,-0.004979448851,-0.008545580317,-0.01949369347,-0.003094130553,-0.02500117437,0.007895866989,0.006758869436
-1.121172538,-0.01060848515,-0.003402906874,-0.007597882719,-0.0183293932,0.0005901811003,-0.02632711985,0.009691489937,0.006694390896
-1.140800964,-0.01105067122,-0.003014280941,-0.01096955299,-0.01503880012,-0.001289224427,-0.02483680805,0.007997555892,0.007468246429
-1.156478716,-0.01165318529,-0.00230555395,-0.009573323914,-0.01767340162,-0.0003996172353,-0.02367870372,0.007693220726,0.007481494216
-1.155526534,-0.008986265175,-0.001666752258,-0.0072853316,-0.01791150052,-0.002568205118,-0.02508317216,0.006757363272,0.008439234175
-1.128834333,-0.006415758134,0.001563061265,-0.005849551164,-0.01552685065,0.001558665109,-0.02387726233,0.009430088911,0.00842771914
-1.107631341,-0.008961957385,0.000352889256,-0.008665859213,-0.0134947404,-0.0002540825207,-0.02291335641,0.01003538017,0.006632823605
-1.087968395,-0.008571359999,0.0006498630876,-0.008889977391,-0.0147341228,7.762720093e-05,-0.02491369667,0.008792112153,0.008543187606
-1.144161116,-0.00551608996,0.00176194769,-0.008241847312,-0.01536678585,0.001849046741,-0.0229540915,0.008360429405,0.00841141234
-1.152916799,-0.00398283158,0.003334705555,-0.007876904024,-0.01755176336,-5.028689544e-05,-0.02379399428,0.008932161588,0.00753604539
-1.128727383,-0.003614749499,0.007319562129,-0.003750404974,-0.01300124291,0.002577974522,-0.02251041202,0.009133459283,0.008604544473
-1.092267043,-0.00397363027,0.002951794315,-0.003822038152,-0.01762298625,0.001517536091,-0.02607560224,0.009877100171,0.007131713902
-1.137377047,-0.002213267086,0.002257374565,-0.0225519688,-0.02194267067,0.004151283855,-0.01999895986,0.009106974265,0.009741966499
-1.121713066,-0.0008379505587,0.004925647107,-0.01006104431,-0.007340853811,0.002369535521,-0.02346496603,0.006076065394,0.00624562509
-1.149447327,-0.001855580422,0.008242349,0.00527909425,-0.005188689021,0.0007982040044,-0.03048587594,0.008848398801,0.01072077329
-1.156269941,-0.001161876073,0.005471253439,0.006579277034,-0.02162272655,0.003266750176,-0.01634180039,0.01054587194,0.007923295749
-1.144831422,-0.001337233266,0.00346029304,-0.01216324276,-0.03087198819,-0.0007415007204,-0.02465326674,0.007884041532,0.006174635646
-1.121648877,-0.002389471764,0.00846458327,-0.01823638032,-0.01039524467,0.009705875964,-0.02716495166,0.01041255993,0.01021047689
-1.125692049,7.469972622e-05,0.005250507442,-0.01113767046,0.002073581403,-0.004706628305,-0.02173837703,0.01545399738,0.008291017125
-1.139261782,-0.001163395905,0.008580644359,0.0002013441984,-0.02044191736,0.005501567592,-0.01932084033,0.003710606567,0.01374864578
-1.162518707,-0.002387567729,0.001125208914,0.005956823016,-0.02483541654,-0.002204486961,-0.02183688588,0.007029837668,0.003875264009
-1.109820088,-0.0009465500346,0.008346376571,-0.006989557369,-0.01861023823,0.006015227763,-0.02500722676,0.01347926172,0.01025602302
-1.148649152,-0.001260402265,0.01010444816,-0.01686075562,0.00191252053,0.001949790026,-0.02418137241,0.01764029112,0.007914707466
-1.122507178,-0.0006485386665,-0.002061915031,-0.01132367765,-0.01793196789,-0.002575179156,-0.02273658523,0.002893051795,0.008733806592
-1.138023648,-0.0007771719197,0.009804642346,-0.003369917401,-0.02472350019,0.007220988527,-0.02011547356,0.006073893271,0.01187950309
-1.097520734,0.004883183098,0.01270801509,0.007518603547,-0.01376070983,0.0007754020391,-0.02332408756,0.013182171,0.007143168834
-1.131570162,0.007829236924,0.02521869498,-0.0003828850853,-0.002601301886,0.01098960302,-0.02525104458,0.008190492456,0.01137289195
-1.101453498,0.005609711013,0.007248305435,-0.01374233574,-0.01815589628,-0.002258634896,-0.0205179274,0.01272646103,0.005045009872
-1.130873687,0.006141950193,0.008498890255,-0.0117695456,-0.02009618097,0.006672818607,-0.01897186317,0.006392546161,0.01111042625
-1.160723771,0.007187533888,0.01405857008,0.003882624429,-0.004511484151,0.00111488833,-0.02840313371,0.0148161008,0.009463101735
-1.139756398,0.007780134394,0.01839729847,0.004795780471,-0.0176072237,0.003363367093,-0.01885799912,0.008451198002,0.01063605532
-1.113807454,0.003307701648,0.01314644496,-0.005812660189,-0.02201971408,0.006427350806,-0.02327011465,0.01003329036,0.00620988295
-1.115012385,0.002173171179,0.008258706607,-0.01285180046,-0.01407616476,0.001190097218,-0.02401153591,0.007536071732,0.005590035063
-1.154750201,0.004233659486,0.009510339609,-0.004005027628,-8.799899216e-05,0.0053468378,-0.02590755487,0.01129494527,0.01111703609
-1.130064844,0.005173832658,0.01134147849,-0.003357710249,-0.01759183702,-0.003067281316,-0.01812872857,0.01374726086,0.008709392518
-1.125583522,0.001908597197,0.008020908068,0.001097502829,-0.02598728785,0.006439013803,-0.02343221121,0.00445362733,0.009976397453
-1.088335634,-0.0002990583297,0.007859678275,-0.007500840447,-0.01883767904,0.000470097579,-0.02518094627,0.01224811447,0.004293999752
-1.133300774,-0.00171547721,0.01310542143,-0.01116675156,-0.003866566836,0.003157621987,-0.02293165834,0.007516636315,0.007739160919
-1.092321751,-0.001008677586,0.001445490801,-0.008287174261,-0.01198488905,0.001378748298,-0.02164062708,0.008380342311,0.007783968639
-1.113304252,-0.002014843116,0.004913660241,-0.002316884998,-0.02286293842,-0.003997898239,-0.02634045439,0.003582333327,0.00758424026
-1.150220726,-0.001375129603,0.004774513639,-0.0006480154432,-0.0203963536,0.004121456871,-0.02224119881,0.01483804529,0.007137107045
-1.080137125,-0.003019115307,0.009729938531,-0.008967145319,-0.01320717065,-0.001683799239,-0.02587286813,0.01192224237,0.00579068607
-1.103921054,-0.003966780838,0.002796852779,-0.01049380469,-0.01274334563,0.00445780696,-0.02101226256,0.003883683973,0.006962705537
-1.138228401,-0.00407105439,0.003599037927,-0.007667293937,-0.02606956928,-0.002262674939,-0.02358007367,0.008788807313,0.005747169627
-1.11645744,-0.001066728656,0.004722937079,-0.0023295091,-0.01023038032,0.004783090255,-0.02292192263,0.00857414435,0.009547980381
-1.1285337,-0.001452577504,0.006808253059,-0.001402060463,-0.01408265944,-0.0007283900314,-0.02634998428,0.01347546622,0.00702078466
-1.091555324,-0.003264074438,0.00860315266,-0.01071235701,-0.01966146675,0.0005648042966,-0.02360806283,0.008135109908,0.009065210218
-1.148573149,-0.005409877546,0.001070426446,-0.01010590459,-0.01908296216,0.0006037476014,-0.02323973801,0.005676793163,0.00726505104
-1.098264035,-0.002045188937,0.004745388949,-0.006816498844,-0.008859300046,0.002805777782,-0.02088388513,0.009066852381,0.005712267533
-1.144155328,-0.001746804179,0.001812340686,-0.002847523095,-0.01207265719,0.0006001218644,-0.02031306676,0.0101218051,0.009078684775
-1.134271916,-0.003390919696,0.008549913735,-0.006128970433,-0.02729435939,0.0008017246919,-0.02333588102,0.008063263867,0.007462645221
-1.123590668,-0.006270355015,0.002479071045,-0.008500821782,-0.01372289755,0.001600160699,-0.03000271022,0.007990866338,0.007012301946
-1.114755593,-0.009914621098,-0.003826071006,-0.008812841671,-0.01657964254,-0.0005755450629,-0.02485536098,0.008738677427,0.006981741756
-1.130411259,-0.01376800168,-0.005279197801,-0.01300437273,-0.01266774162,-0.002343411244,-0.02153863461,0.01012506899,0.008940194402
-1.122288053,-0.01122460472,-0.003033438798,-0.007822438394,-0.02405811637,-0.001961336731,-0.02365430037,0.004413399416,0.006597930889
-1.138315579,-0.009710846479,-0.004449809774,-0.00732763322,-0.02055941728,-0.001418368865,-0.02434491966,0.01171094712,0.007217694293
-1.141976125,-0.01219750444,0.001944659262,-0.008189160401,-0.01440719232,0.0011232722,-0.0252622926,0.009599311643,0.00650294132
-1.147383853,-0.0106927443,-0.005968773334,-0.008988062741,-0.01499762655,-0.00150972785,-0.02395663409,0.007827773205,0.008354880118
-1.138370627,-0.006348718194,-0.002252342112,-0.009579541014,-0.01999534982,-0.0002605486073,-0.02465489963,0.004087529754,0.007853187057
-1.125916733,-0.005619560205,-1.979110528e-05,-0.00628216269,-0.01714982356,0.001286745127,-0.02340911736,0.008686480585,0.008059760197
-1.113288701,-0.008922625893,0.003055493262,-0.008473875741,-0.01206120338,0.001572917371,-0.02508348732,0.009762771674,0.007177289637
-1.104741812,-0.006489067923,0.002425687351,-0.007555510008,-0.01681261053,0.001267178598,-0.02328512286,0.006857208142,0.007059144147
-1.116318928,-0.004474040837,0.0004185046761,-0.00923921168,-0.02172921256,0.0005200971513,-0.02311515231,0.008668956808,0.008032712771
-1.11096923,-0.0035672974,0.001132256683,-0.006586730068,-0.01388808973,0.0009459104533,-0.02453332489,0.008414648031,0.0069282815
-1.156559921,-0.001348104632,0.002873954699,-0.005424015625,-0.01024895789,0.0005978897792,-0.02285200477,0.01201206795,0.008956285168
-1.129324785,-0.001896575968,0.004996227312,-0.006634121609,-0.01574130613,0.001635609667,-0.02320355074,0.01069479949,0.007610504157
-1.130393989,-0.003971818886,0.007198325556,-0.00527511927,-0.02158782761,0.002245338547,-0.02481883144,0.008704509399,0.007957535755
-1.164777087,-0.002193655491,0.003353102924,-0.001377524802,-0.01740122383,0.003117286046,-0.0225819649,0.006969216164,0.007611347462
-1.14647241,-0.0002595199098,0.008954635043,-0.01034212838,-0.005974783096,0.002609769854,-0.02174264528,0.01132855512,0.00936315688
-1.137260282,0.0004157580757,0.00448854902,-0.01446639322,-0.01291158111,0.0004413239586,-0.02068520045,0.00511460975,0.008499064032
-1.139969212,-0.0001477228172,0.003466915538,-0.006456098118,-0.01933953903,0.001435239207,-0.02768203957,0.008687618478,0.009592602989
-1.132407848,-0.001532469076,-0.00264990034,0.005260173044,-0.018954647,0.001902077506,-0.0224423947,0.0140210075,0.008660765539
-1.132053949,-0.000169774822,0.01116815548,0.0003982341834,-0.008530063088,0.001097064102,-0.02235408902,0.01238624176,0.008318045296
-1.149652742,-0.002636286195,0.01007163651,-0.00983159579,-0.009434883169,0.003267896577,-0.02387472071,0.001942858999,0.006471160402
-1.185582539,-0.001619075239,0.004369658228,-0.01773278342,-0.02269515211,0.002065053822,-0.02190294301,0.006517744931,0.008213842724
-1.141940025,-0.001260682752,0.003544884803,-0.008459156521,-0.02354346564,0.003398538745,-0.02329761759,0.01629299024,0.01024679099
-1.121564127,-0.00224876355,0.007137946168,0.003398505074,-0.01150242107,-0.0001231889208,-0.02722748231,0.01691584979,0.01021754471
-1.14196771,-0.001731893174,0.005444611894,0.002636494269,-0.01156164716,0.001531440579,-0.02098469979,0.009179463232,0.009272265379
-1.10242758,0.002868387444,0.009892261555,-0.009130141675,-0.0144521539,0.003294717843,-0.01890130323,0.002633441215,0.005864300034
-1.11857677,0.007372585776,0.01410568366,-0.009046624021,-0.01285278971,0.005924987223,-0.01907272176,0.003905341646,0.008977749942
-1.137831071,0.01023437822,0.01739908636,-0.007615821078,-0.006782081195,0.002116836093,-0.02650832684,0.01486098702,0.01095070713
-1.118456771,0.00846271442,0.01396389957,0.001250553293,-0.0158653098,0.002691802337,-0.02336027171,0.01440308376,0.01243656357
-1.125302474,0.006035397073,0.01078762455,0.0002623335866,-0.02003756002,0.0038265104,-0.02135875364,0.005778337333,0.006892773897
-1.048956867,0.004701516079,0.01545018279,-0.003047634979,-0.01240508328,0.005407898063,-0.01992569831,0.00740550736,0.007193960998
-1.091873358,0.004642515125,0.01377359404,-0.008379922123,-0.00697435841,0.004474963633,-0.0221645277,0.01093677328,0.006949506508
-1.127310583,0.003037536612,0.00886961433,-0.005176513682,-0.01154578523,-0.0003100287898,-0.02488649853,0.01181929681,0.00995475931
-1.103315739,0.004855490727,0.008918867247,-0.002111112302,-0.02486436221,0.002102959118,-0.02277120316,0.006223693654,0.008612830806
-1.086054059,0.006025104038,0.01188323403,-0.00442912978,-0.02265213033,0.001025356735,-0.02109057214,0.01167536881,0.006784270205
-1.116894248,0.001123102538,0.01415158906,-0.00614327396,-0.01226823923,0.005959750241,-0.02257990374,0.01155606483,0.006308822507
-1.116485879,-0.001468240995,0.01051315326,-0.007139619036,-0.009048323601,0.001170301492,-0.02505783232,0.00990885055,0.007280332952
-1.103120332,-0.003510884188,0.0003638281378,-0.008359281171,-0.0170959691,0.0003107039049,-0.02188304323,0.006862593263,0.008177495513
-1.131059853,0.0007059566269,0.002939891462,-0.001209167072,-0.01826522151,-0.0004797783139,-0.02351713082,0.004198076987,0.008219448252
-1.050136205,5.536719349e-05,0.00771855863,-0.003048821633,-0.0130558345,0.001118622169,-0.02534152867,0.008529850059,0.008983651671
-1.244271093,-0.001603253804,0.01108187256,-0.007192841848,-0.01593767635,-4.751022937e-05,-0.02288886387,0.01202003718,0.005059782819
-0.9417397989,-0.004879034645,0.004767475156,-0.01134828789,-0.01995476124,0.003719324522,-0.02310590559,0.008774853216,0.004735625101
-1.432145354,-0.007022773411,0.001614522046,-0.00629238912,-0.01418730389,7.986496705e-05,-0.02311903032,0.007924896386,0.006220604985
0.05571872015,-0.002253459816,0.004655773196,-0.002738418292,-0.01355667008,0.0002350422281,-0.02210387584,0.009024428878,0.009864210636
4.666939757,-0.00326859082,0.005778525738,-0.004626011694,-0.0164177958,-0.0006838992737,-0.0251881505,0.007416182356,0.009980435848
4.305300492,-0.002309127755,0.005426984341,-0.008420200595,-0.01784927044,0.001014102215,-0.02272156046,0.007614045518,0.006883353166
4.511614924,-0.002003166131,0.004572972727,-0.00840268076,-0.02035195887,0.001361878251,-0.02297766597,0.008310369342,0.006332526052
4.416362286,-0.004116670287,0.004125210134,-0.004776783722,-0.01489447144,0.001492585823,-0.02183251053,0.0125736986,0.007120074367
4.464643392,-0.004050485161,0.002348347979,-0.00583824362,-0.0160782394,0.001319991354,-0.02276676459,0.008674411003,0.009562240277
4.415144034,-0.00215577232,0.003825262833,-0.005395709962,-0.01901766854,-0.0006577300584,-0.02471365129,0.00881309742,0.008236736054
4.441396092,-0.00319048158,0.003145373565,-0.006358122919,-0.01668451058,0.0003543494061,-0.02420750032,0.006006478646,0.008904489952
4.420469662,-0.00293328445,0.009200887614,-0.006186078938,-0.01073550172,0.001123206029,-0.02436609928,0.009046703792,0.007844055859
4.413220249,-0.01016776378,-0.001598847818,-0.01021863938,-0.01359993638,-0.0003603605366,-0.02516207284,0.008006794357,0.007560397303
4.44377416,-0.0140213674,-0.008175113263,-0.00874468672,-0.02376842428,0.0008035623515,-0.02343968419,0.009672105617,0.006452265482
4.430663464,-0.01130261563,-0.005843112756,-0.008252216944,-0.01982145652,-0.002541818348,-0.02527874801,0.008733584733,0.005121102531
4.444444668,-0.009454764671,-0.001768193524,-0.009088606402,-0.01577725575,0.0005558336977,-0.02552099639,0.0094554648,0.01004266548
4.437354543,-0.01188020768,-0.001289698501,-0.009251823775,-0.01464135732,-0.002244918378,-0.02397765966,0.008853580043,0.009201302005
4.438236898,-0.01269362798,-0.001978984237,-0.009595512627,-0.01772803598,0.0003369411759,-0.02424821672,0.003324917914,0.007493937395
4.42294654,-0.007562514479,-0.003122293067,-0.008309152507,-0.02038459617,0.0008325255481,-0.02350129101,0.008521236954,0.00750646074
4.420877218,-0.006188463799,0.002738009912,-0.006702617699,-0.01749606568,5.921156917e-05,-0.0240790338,0.01087768545,0.007913612829
4.459986101,-0.008042640317,-0.003063529853,-0.006351037602,-0.01613669024,0.0005878858157,-0.02486058342,0.01206472244,0.007637070378
4.44198934,-0.008524623454,-0.0005269501296,-0.009253782756,-0.01628572145,-0.0002257642718,-0.02516355895,0.008169268648,0.008791968072
4.452502293,-0.004641230402,-0.0002595459252,-0.01054956368,-0.01431309966,0.0004519964671,-0.02218634762,0.006654973058,0.009838380624
4.399517791,-0.005418396381,0.007126605345,-0.007772113717,-0.01333385756,-0.0001868973905,-0.02389686673,0.00867684394,0.007844186149
4.410039833,-0.002680352902,0.006948624995,-0.005353545794,-0.0142897058,0.003710598691,-0.02317350194,0.01012901009,0.008432669198
4.389297527,-0.003296277679,0.003536213722,-0.003521798423,-0.0208314741,0.001438615531,-0.02305318598,0.01096333477,0.006893356319
4.455828486,-0.003250103328,0.003191611037,-0.008340327991,-0.01631999674,0.002929550795,-0.02323416216,0.007529523702,0.008964691996
4.381581865,-0.002072057078,0.003246104164,-0.008946686125,-0.01118668523,0.0001598898298,-0.02343887613,0.008397658902,0.009110723929
4.533010368,-0.0007747393395,0.005078699507,-0.006889339795,-0.01187665661,-0.0004678019543,-0.02305487753,0.008786827176,0.01097198468
4.208560246,-0.001785555767,0.005838176352,-0.003270446995,-0.01643301982,0.0008483929107,-0.02414141962,0.01026859656,0.008575308356
4.849787804,-0.001707797965,0.003456380736,-0.005198877399,-0.0171734495,0.00236288547,-0.02386651688,0.009161326831,0.007817284449
0.8922967518,-0.001714628428,0.007089787467,-0.008108658621,-0.0134948006,0.002209208276,-0.02404716602,0.008539815652,0.008663594915
-1.573231123,-0.001134236604,0.004326295043,-0.009984366856,-0.01471076493,0.002048410192,-0.02175900716,0.01038348611,0.00892934019
-0.8815117542,-0.001654105349,0.005891131942,-0.006017384347,-0.01601811938,0.002597697545,-0.02396917967,0.008973791741,0.009732031884
-1.237221174,-0.0005931720818,0.005548211424,-0.002627889329,-0.01715798682,0.0006856001858,-0.02344643193,0.009301325399,0.009702927683
-1.02540935,-0.002046726963,0.007175831546,-0.004750593615,-0.01511578063,0.0005701828533,-0.02276132014,0.009403458597,0.008594327188
-1.181019721,-0.000856628569,0.005915247938,-0.006576297674,-0.01362654585,0.003343023597,-0.02395917374,0.009162729708,0.007228633644
-1.097685538,-0.001433722079,0.003570897236,-0.009923658345,-0.01550198727,0.002921221949,-0.02295647622,0.008658004305,0.007512686319
-1.165723555,0.001953093504,0.009072247608,-0.005919433216,-0.01578277775,0.004143327977,-0.02201316085,0.009441879456,0.006658534986
-1.12241562,0.007939636779,0.01518751991,-0.0001743019203,-0.01184400352,0.003955912798,-0.02245040094,0.009672078644,0.01093145058
-1.162083549,0.00824688798,0.0143341316,-0.000165717853,-0.01080656699,0.003118492982,-0.02147883058,0.009271483534,0.009474369325
-1.112258152,0.006263038353,0.0135508447,-0.003808875124,-0.01350122854,0.003837606337,-0.021626683,0.009682041323,0.009087397804
-1.160557114,0.005634956721,0.01358099964,-0.005664352715,-0.01286005147,0.004188605401,-0.02225894297,0.008435945276,0.008818442613
-1.143977922,0.006673790568,0.01446591532,-0.0055752863,-0.01334965862,0.003566046528,-0.02138150797,0.01005681726,0.008853958668
-1.141185043,0.00619280545,0.01463720822,-0.001806383511,-0.01672928219,0.003856294815,-0.02190103743,0.01155390071,0.009036798702
-1.135227246,0.001969827801,0.009698596854,-0.001447419008,-0.01846968132,0.0013138936,-0.02287865905,0.009716308854,0.008381329281
-1.195559971,0.003035796614,0.01065001604,-0.00362638372,-0.01452599241,0.002195517284,-0.02317465028,0.01066516255,0.009214419567
-1.113887027,0.004886008077,0.0118924043,-0.006679552189,-0.01210958162,0.003116719943,-0.02311229453,0.009401659836,0.009799246854
-1.138604991,0.002297593453,0.00960243007,-0.006492968991,-0.01376570226,0.002884774614,-0.02197978141,0.008392069826,0.007605657875
-1.143629962,-0.0007570018794,0.008567413988,-0.00537983119,-0.01787028442,0.002483575781,-0.02319927258,0.006692287848,0.008827104085
-1.126146158,-0.000162160316,0.006874831573,-0.003318382626,-0.01879883066,0.0008252180271,-0.02380335959,0.007889512001,0.007676380917
-1.141558666,-0.0008784904723,0.007930851847,-0.004759388173,-0.01445702364,0.001371101532,-0.02451471951,0.01081982247,0.008537803943
-1.161535618,-0.001999603855,0.006737311107,-0.007125070778,-0.01371659652,-0.0002196793096,-0.02278282818,0.008519103348,0.006648647302
-1.132452831,-0.002149618941,0.003973552286,-0.008082674329,-0.01565506067,0.0005168240138,-0.0246915652,0.008102883452,0.007194147633
-1.146181709,-0.001648577724,0.006112554029,-0.004652424414,-0.01731656665,0.001304649549,-0.02446677817,0.009022209848,0.006719211597
-1.147742512,-0.004623196757,0.005013847326,-0.006449212005,-0.01982853516,-0.0005552090112,-0.02581468186,0.009513885786,0.006458716653
-1.138838026,-0.003545989367,0.006011124978,0.001729233198,-0.01533473315,0.003412186876,-0.02237112402,0.009049156168,0.008341323623
-1.125330752,-0.002005961833,0.001827493373,-0.007558010958,-0.02147597433,-0.000949263924,-0.02691735286,0.009977608686,0.006887169623
-1.098622303,-0.003323495227,0.003764132911,-0.02322507702,-0.01841443394,0.002419784576,-0.01729742127,0.005139071068,0.01020333898
-1.134335723,-0.002088525641,0.003807367421,-0.004517471155,-0.003490812071,-0.001510282737,-0.02738737969,0.005108848298,0.006120715484
-1.12429216,-0.004172243833,0.01006337776,0.01285036019,-0.01411166307,0.002978306674,-0.0279667399,0.009842423397,0.01029697068
-1.126226814,-0.003415241145,0.003822621658,0.0007367567044,-0.02701301613,-0.0005917108862,-0.01714086842,0.009995168559,0.005746694775
-1.1368615,-0.003684944548,0.001214290217,-0.0169111323,-0.02766792456,0.001452803591,-0.02808765556,0.004973005084,0.004699330097
-1.127171092,-0.002440110805,0.005675335871,-0.01968980451,0.0008943975203,0.004896023298,-0.02843050026,0.01218543597,0.009057453938
-1.138918541,-0.002484155041,0.00412476412,-0.002920001454,-0.008073071962,-0.005195900883,-0.01932821119,0.01066675479,0.007870626188
-1.119580004,-0.008164335373,0.003347042551,0.003070697776,-0.02752437761,0.004985693291,-0.02512846491,0.003663137321,0.01041110457
-1.139899831,-0.01364889555,-0.006489275641,0.002569039994,-0.02826717192,-0.00506934894,-0.02375907345,0.006418378287,0.002938006821
-1.118523896,-0.0130717133,0.0002315293039,-0.02207749725,-0.01086049105,0.004480848199,-0.0278742502,0.01343879585,0.008889977544
-1.118646423,-0.01221849053,-0.007167961398,-0.01837349758,-0.003308602164,-0.004842948094,-0.02401760478,0.01048703105,0.004223052676
-1.128495248,-0.009596003914,-0.00890227215,-0.007169860522,-0.02678677252,-0.001925492557,-0.02443722458,-0.001116406112,0.009927374653
-1.138963163,-0.01078482724,0.003476341601,0.001443015044,-0.02677575186,0.0002868241478,-0.02262542914,0.01355847215,0.008818411073
-1.135238114,-0.009933291186,-7.409085521e-05,0.0006031538513,-0.01346031953,0.0001324568102,-0.02723949258,0.01116457155,0.007882601109
-1.145941545,-0.007849763101,0.007953510078,-0.01425433479,-0.003849125564,0.004488691318,-0.02501761373,0.005977535344,0.009188895706
-1.107268697,-0.0103111578,-0.01149427502,-0.02069379119,-0.02452147396,-0.004923337042,-0.02082838464,0.008868776331,0.005698154174
-1.16682144,-0.0081561471,-0.001366894909,-0.004889228712,-0.02049494158,0.003790942836,-0.02340604269,0.0064499057,0.01118597308
-1.099369324,-0.003097781517,0.004113577359,0.002259863703,-0.007109332848,-0.00374003677,-0.02831879648,0.01565019057,0.008733861874
-1.094653927,-0.004980387743,0.006882741143,-0.003815641076,-0.02113976854,0.004060862201,-0.02012547668,0.007185681601,0.007938681939
-1.160472091,-0.003711561709,0.001260435292,-0.01888434596,-0.02130882946,0.002442401282,-0.02595800269,0.008154105971,0.00567114521
-1.162876736,-0.003656182113,0.0009674660983,-0.01147529759,-0.008608885615,-0.000301972889,-0.02330356234,0.003598403698,0.007465873815
-1.118430079,-0.002302389773,0.004260984109,-0.001354675428,-0.008580744435,0.003632096846,-0.02473905817,0.01320475415,0.01004379423
-1.132291905,-0.003366062641,0.005846728841,-0.001369514305,-0.02426248949,-0.003771126143,-0.01971133741,0.01153858778,0.007928573126
-1.121835451,-0.002567636075,0.004874524929,-0.005497317441,-0.02300114991,0.006512673042,-0.02571548352,0.003130916601,0.0086159204
-1.108377405,-0.001203015695,0.008157017807,-0.01499952662,-0.01114938842,0.001209644106,-0.0226970009,0.01162026274,0.004354212953
-1.125275179,-0.001281847998,0.00561749365,-0.009365132,-0.002964546398,0.003482657996,-0.0210601405,0.007989401515,0.008205366897
-1.137752778,-0.001510446438,0.001674672839,-0.001442703889,-0.01843400293,-0.00106314982,-0.02412870354,0.009007716288,0.01032897923
-1.159835808,-0.0009129671743,0.0071568758,-0.000675142935,-0.01955337683,0.0002118983731,-0.02436899812,0.00772905386,0.00953848536
-1.137955363,-0.001548821394,0.006840773426,-0.007752448691,-0.01648498837,0.003390947288,-0.02112187952,0.01494761642,0.007695028036
-1.166048739,-0.001687384276,0.01042732807,-0.009967852378,-0.008732044812,0.003855627685,-0.02561395809,0.009356738051,0.005222165972
-1.131983036,4.383347499e-05,0.0001376116222,-0.006308800772,-0.015996052,0.004096681336,-0.02289155894,0.007515941831,0.009020143148
-1.134501819,-0.002399100578,0.006554217134,-0.00496126342,-0.02472892406,-0.001412071779,-0.02283888028,0.008971815234,0.00790468878
-1.096796151,0.0006729186646,0.008749263699,0.001176271837,-0.003370259166,0.002845356121,-0.02274923192,0.01021823624,0.009687224053
-1.146617879,-0.0004070898941,0.007865565501,-0.008186267886,-0.01617160281,0.0001901164932,-0.02372165643,0.0101848944,0.008437590176
-1.135296969,0.004376097182,0.01692104043,-0.009932054247,-0.01629741813,0.004628478687,-0.02133294627,0.01207571778,0.008457237383
-1.122207078,0.007064088836,0.007796939057,-0.00191923215,-0.01482216284,0.005638433109,-0.02167558199,0.008614691882,0.005854765293
-1.147687182,0.008681939068,0.02031406546,0.001194528902,-0.006781393528,0.004249706705,-0.02239839549,0.0111504907,0.01118937391
-1.119714607,0.006600800821,0.01196453231,-0.002042815586,-0.01279256581,0.002094598778,-0.02039983212,0.01112825782,0.008632609314
-1.168509585,0.006127679926,0.01805338923,-0.0050026758,-0.02258717632,0.002558781697,-0.02257604629,0.01089402321,0.01048070813
-1.10106136,0.006371794635,0.01100809059,-0.006249871941,-0.008421820961,0.004266753164,-0.02461258522,0.009820503919,0.007439940682
-1.111930599,0.004574797145,0.01162134002,-0.004750268852,-0.01466776644,0.001672616126,-0.01986803081,0.01129316404,0.009300872712
-1.123932609,0.0008932644001,0.01080670173,-0.004506147163,-0.01442119748,0.0044557457,-0.0219902554,0.008448722814,0.006131527384
-1.123635496,0.003482466765,0.009968995369,-0.001979478508,-0.02075175143,0.001297458937,-0.02320738817,0.005776744978,0.007718952728
-1.148661237,0.004411633337,0.01565380659,-0.003972756613,-0.0135139234,0.004584632297,-0.02407229708,0.01196816437,0.009165971847
-1.116568397,0.0006666640713,0.008294662183,-0.006839885859,-0.01059938825,-0.0004935725095,-0.0238590444,0.01128946347,0.008442744203
-1.140673282,0.000353046017,0.004374379675,-0.007168662588,-0.01535241106,0.00189149753,-0.02222884804,0.006257218395,0.007799534569
-1.162145657,-0.001115726027,0.006757874004,-0.006100998061,-0.01957498117,0.0003654115466,-0.02419654996,0.007228178127,0.005851131195
-1.106366714,-0.0009673983887,0.008419558957,-0.002268577367,-0.0170087166,0.004072995581,-0.02279277986,0.01142379429,0.007207879203
-1.144302183,-0.002867426555,0.009778602603,-0.006104492603,-0.01227690365,-0.000447484515,-0.02502674967,0.009763863574,0.007424348092
-1.139586408,-0.002412063736,0.005289354929,-0.007844965474,-0.01759322293,5.259782744e-05,-0.02226109439,0.006578692802,0.007930965583
-1.126056989,-0.003651971494,0.001079664547,-0.00960468504,-0.01733704476,-0.0006101266447,-0.02263056139,0.008317177359,0.007060555515
-1.082071195,-0.004681422043,0.005041656849,-0.005275400866,-0.0132566691,1.274683962e-05,-0.0230598703,0.008191710662,0.00514241871
-1.1088289,-0.0008213375055,0.006277837528,-0.003256283922,-0.0152883598,0.0008612773015,-0.02393748092,0.01364275718,0.007340115304
-1.10899024,-0.002867261922,0.006164440309,-0.007684071789,-0.0215013033,0.001845442091,-0.02248480553,0.008254988863,0.006334986494
-1.155753214,-0.004052522085,0.005849852392,-0.004827510113,-0.01750067306,0.002353131376,-0.02518049734,0.005119518212,0.00747711724
-1.125383078,-0.003511926081,0.002058755168,-0.005948961456,-0.01432860943,0.0002646465694,-0.02297156982,0.008459486006,0.007825541191
-1.130384467,-0.002769080014,0.005872243754,-0.008781664415,-0.008884330145,-0.0001943837119,-0.0225610848,0.01030005335,0.01007684684
-1.107519418,-0.002341129505,0.006941891151,-0.008655489624,-0.01512353302,0.000728636732,-0.02338103743,0.005554119849,0.006660060519
-1.146306362,-0.002021389224,0.00349260475,-0.005277388438,-0.02016975736,0.0001743835307,-0.02546079418,0.005587878301,0.008252365853
-1.086668509,-0.003755980214,0.00168929815,-0.001050617586,-0.02171431275,0.001996865798,-0.02140279295,0.0136080649,0.007959554447
-1.135709501,-0.004592912792,0.003209063327,-0.003865873369,-0.01076376641,-0.0007613577417,-0.02606618912,0.01236627253,0.006509641212
-1.125331673,-0.01166047879,-7.452653615e-05,-0.009282919778,-0.01043555671,-0.0004132371814,-0.02583312216,0.002884293647,0.007107425895
-1.105899809,-0.01190551187,-0.00683242657,-0.01388870071,-0.02407686225,-0.00181331102,-0.02206851986,0.00544462691,0.006505875722
-1.124343189,-0.01127961961,-0.004874281569,-0.01099262868,-0.02546776422,-0.0003532255956,-0.02363347695,0.01106925635,0.007588676433
-1.095357499,-0.0109564093,-0.003931844061,-0.005174189727,-0.01939256923,-0.00228836591,-0.02725456033,0.01331568772,0.008328637572
-1.124552652,-0.01081118164,-0.001135664751,-0.006281003782,-0.01410830592,-0.0004349063898,-0.02295215169,0.009466446869,0.007075829886
-1.142360799,-0.0105452453,-0.006422357776,-0.01017545177,-0.01435572497,0.0008645345221,-0.01998396721,0.003753276085,0.00533103064
-1.113496898,-0.007205067452,0.001195573807,-0.01103375373,-0.01848555039,0.000734875793,-0.02240711537,0.001056595624,0.007714629371
-1.125784475,-0.005805017988,-6.313694266e-05,-0.00866922787,-0.01505079891,-0.002063813668,-0.02799875134,0.01267628883,0.008872991723
-1.093720494,-0.00740149419,0.0001052503233,-0.005994580098,-0.01843243774,-0.0006304641427,-0.0263098845,0.01399259434,0.009865117024
-1.129998274,-0.006491219484,-0.001190186778,-0.007685458332,-0.01589086615,0.001218660106,-0.0230839392,0.007182868689,0.006937548094
-1.121960667,-0.006594589393,-6.881951772e-05,-0.0108466845,-0.01710412841,0.002171845463,-0.0211779524,0.006166826259,0.006602021198
-1.084739378,-0.003482112871,0.004770992735,-0.008321016119,-0.01137557673,0.002609231248,-0.02444157636,0.01073882508,0.006281611667
-1.13116229,-0.00249594887,0.005002558579,-0.006747363379,-0.0109080658,-0.0005867873458,-0.02512339594,0.009738783057,0.01009074659
-1.139030849,-0.001735882029,0.002741689624,-0.005558068733,-0.01912101401,-0.0004830921077,-0.02304989324,0.007342836162,0.009617706077
-1.082810952,-0.001235870874,0.004723536204,-0.008571596924,-0.02192957897,0.0005953235214,-0.02222421304,0.009892911707,0.007572656645
-1.195492185,-0.001862892454,0.005342446906,-0.007039266303,-0.01573258183,0.00356288594,-0.02421769976,0.01014395313,0.009467931137
-0.9836710531,-0.001083162503,0.007689454015,-0.006923128598,-0.0110668913,0.001927811627,-0.02319553812,0.01349063623,0.008748598742
-1.210218564,-0.002204759932,0.001484790882,-0.006228073459,-0.01598847144,0.0005721638911,-0.02081942556,0.007105994829,0.009554044614
-0.8660311462,-0.0009236497792,0.004533112333,-0.004466373645,-0.0157466671,0.001458164938,-0.02249731485,0.004512285548,0.01046968748
-1.578277192,0.0004804536441,0.005264196082,-0.006039619451,-0.01365693788,0.002425351847,-0.02332428312,0.007855268899,0.009664286424
1.907871364,0.0002537725347,0.007475385784,-0.006892167174,-0.01436272613,0.002524384753,-0.02300020285,0.01521734954,0.009728168365
4.907900649,-0.002547132695,0.004210068529,-0.007410587036,-0.01536647617,0.003484875918,-0.02255830049,0.009719222521,0.007828050971
4.213330488,-0.001512734835,0.003884395879,-0.006099000602,-0.01542185576,0.001777455917,-0.02158293415,0.008431086879,0.008529218707
4.592446817,-0.0008910706928,0.005679599961,-0.003920961853,-0.0133482944,0.001666493163,-0.02256577434,0.009303374622,0.008578579449
4.326177415,-0.000291637891,0.01063713285,-0.004957418716,-0.01159883324,0.002431720397,-0.02528087191,0.009053825191,0.009480215404
4.484387272,-0.001516855743,0.004050604934,-0.006168371794,-0.01641530056,0.002489643504,-0.02429311036,0.007677571989,0.009984937526
4.386586384,0.003233613908,0.01130263753,-0.005909781285,-0.01712939811,0.001068784505,-0.02262263239,0.01015926106,0.00811290919
4.4418022,0.00843898482,0.0120795419,-0.003543180077,-0.01211263789,0.00735165917,-0.02033891426,0.01194334568,0.01055291794
4.464778621,0.008326294992,0.01758092034,-0.002334352277,-0.01221257967,0.00241362878,-0.02246180734,0.009883777384,0.008825846674
4.483555393,0.007203895812,0.01256476195,-0.00328503346,-0.01318986139,0.00378708694,-0.02166811253,0.01101545574,0.01133711865
4.436025604,0.004839201155,0.01284095937,-0.004661151632,-0.01606778739,0.001278420943,-0.02201768223,0.008816196799,0.008057717369
4.436286193,0.00639270332,0.01229671815,-0.004088669038,-0.0100685335,0.004522868865,-0.02316582598,0.009939042257,0.009522465644
4.452590882,0.00531392869,0.01360729828,-0.003549655301,-0.01257819579,0.002670726656,-0.02213138264,0.01187191008,0.008616045799
4.446879621,0.003827209349,0.01071011372,-0.002447580658,-0.01711757765,0.002398993748,-0.02255545264,0.010765765,0.006085041315
4.444968272,0.003039674285,0.0107427566,-0.005166214016,-0.0167844665,0.002605295968,-0.02190840776,0.009245458103,0.009195317875
4.470141615,0.003921114994,0.01181133698,-0.00546364398,-0.01419729712,0.002634486818,-0.02223996976,0.01080335606,0.007523589972
4.441664374,0.001694401924,0.01097172455,-0.00688017532,-0.01180858805,0.002026235148,-0.02255411882,0.007833301763,0.01082024599
4.436996835,-0.0004438833282,0.007220203214,-0.005143278464,-0.01572525815,-0.0002243711421,-0.0229943667,0.005766412676,0.007245854594
4.397607125,-0.001694160277,0.005690597111,-0.005806140056,-0.01799939591,0.002640052347,-0.02185163089,0.007869047486,0.007939877196
4.385612215,-0.0004403704057,0.006604184334,-0.004825531921,-0.0166185485,0.0007568120606,-0.02145827626,0.01078233012,0.005617028281
4.429803221,-0.002874865192,0.006549816906,-0.006419408412,-0.01529957437,0.00100475289,-0.02391475141,0.00997711566,0.008818036788
4.413082897,-0.002923172625,0.004898659173,-0.006957131027,-0.01698987261,0.000319279965,-0.0244220189,0.007161911249,0.007832475223
4.433184044,-0.003617723925,0.005764111709,-0.006022616063,-0.01848473827,0.0007319350164,-0.02389286724,0.007962749454,0.009002346668
4.425902256,-0.004259505886,0.004603986869,-0.006147744893,-0.01577524719,0.001126071587,-0.02290032604,0.007156446199,0.006887054048
4.420404941,-0.002648052927,0.007786747658,-0.004049807677,-0.01367351235,0.001594602829,-0.02382827138,0.008952207495,0.006092262297
4.398290243,-0.003198952756,0.003185047176,-0.007887368492,-0.01832678338,0.002214014568,-0.02165848974,0.007613910735,0.007682263405
4.441999447,-0.00253832923,0.004226038431,-0.006159230799,-0.01690535101,-0.001256317519,-0.02294826178,0.00867218416,0.006325588993
4.241609954,-0.002269885255,0.002595517827,-0.00634502563,-0.01424809208,0.0007621028439,-0.02269157721,0.008020084319,0.009004234627
-0.5782237039,-0.002582999836,0.006295827054,-0.005733925575,-0.01510763022,-0.00150755122,-0.02332448602,0.0108835056,0.008264675958
-1.268033593,-0.003991104744,0.003653907958,-0.006870269951,-0.01708861211,0.002183694666,-0.02302656103,0.006789124375,0.008548421265
-1.079980949,-0.004755995709,0.005536502906,-0.007259647911,-0.01585845427,-0.000287955225,-0.02418908529,0.008059155599,0.006161053999
-1.179511449,-0.00296000772,0.002748144355,-0.007041701285,-0.01678934629,0.002280384443,-0.02256543947,0.009786388516,0.009466147904
-1.121696111,-0.002861628885,0.006032574281,-0.006949143706,-0.0164093697,0.000192775856,-0.02336079683,0.01030647395,0.008505954826
-1.157319842,-0.008151240999,-0.001168435272,-0.007668881384,-0.01914548377,0.001963871592,-0.02496853881,0.008841536915,0.006678772944
-1.093913824,-0.01333374644,-0.006445329765,-0.0104609872,-0.01800058378,-0.002641009021,-0.02357253373,0.007252808181,0.007598690387
-1.158166066,-0.01109389812,-0.004766355334,-0.009855815042,-0.01639017457,-0.0007566695509,-0.02319041184,0.007542907469,0.006263457156
-1.104088564,-0.01185001096,-0.00193842767,-0.009348047959,-0.01530086815,-0.001249530466,-0.02365918626,0.006839742444,0.007075796261
-1.179913969,-0.00992000255,-0.005358360369,-0.007194350015,-0.01716290142,0.0002866342697,-0.02497592353,0.008992825304,0.006247217035
-1.10374599,-0.009780128021,-0.001228583514,-0.008834414005,-0.0197758465,-0.0003277325356,-0.02407682495,0.008030616029,0.008625660122
-1.161006879,-0.0079785846,-0.0002093764222,-0.005802086028,-0.01570047091,0.001724802207,-0.02373818079,0.008288286207,0.008148363445
-1.144444547,-0.006607434071,0.001460621353,-0.008254430267,-0.01517136525,-0.0001513878053,-0.0229016671,0.008202989892,0.009896901507
-1.153885735,-0.008942675958,-0.002132716987,-0.009241611625,-0.01641006414,-0.0002055717769,-0.02518811391,0.008647810736,0.007868908627
-1.104294426,-0.008301091735,-0.001138898952,-0.009500345379,-0.01646111236,-0.000247011963,-0.02401183677,0.009376162836,0.007894947308
-1.120695366,-0.00523044411,0.003551374016,-0.006213156668,-0.01582504687,-0.0001178188587,-0.02416577158,0.009746759296,0.007207768734
-1.121988099,-0.003534375498,0.00322077973,-0.008077775914,-0.0161785194,0.0001731153648,-0.0232750055,0.01007386799,0.008928024358
-1.139346098,-0.002504417706,0.003344759914,-0.006235968648,-0.01639748803,0.002414553055,-0.02374364226,0.009315109001,0.007166039365
-1.145093517,-0.003078061302,0.005620175213,-0.007581982701,-0.01571068175,0.0005439816592,-0.02471390929,0.009128721011,0.009783422079
-1.182018989,-0.002836526718,0.00452785705,-0.007604289828,-0.01342239288,0.002531237625,-0.02249325859,0.008726966776,0.009021000283
-1.113780305,-0.002347840857,0.005025610698,-0.006855397933,-0.01364729892,0.001446898818,-0.02346683218,0.00731070104,0.009494141981
-1.139233354,-0.0003907764422,0.005347801572,-0.005721668747,-0.01513863274,0.003192144175,-0.02246066524,0.007956569675,0.008052987561
-1.15684725,-0.0008061109024,0.008718756093,-0.007811760167,-0.01554762693,0.001666698994,-0.02462874702,0.00964326833,0.007744984832
-1.161117215,-0.0005165170598,0.004526420936,-0.005726754316,-0.01365415779,0.003614451308,-0.02321679685,0.009607747679,0.009356137669
-1.134859805,-0.001624004841,0.005306730588,-0.005852747202,-0.01333199443,0.0003877390231,-0.02299291634,0.009672368271,0.007093469697
-1.096274312,-0.001994959006,0.005589760064,-0.004539855929,-0.01450567824,0.002297472259,-0.02265942176,0.008008817812,0.00932311418
-1.131000851,-0.000793301716,0.005464775775,-0.004022095877,-0.01498803897,0.0002673361471,-0.02357669749,0.009023972053,0.008369564951
-1.160396404,-0.001780214334,0.00737031589,-0.006633300974,-0.01671298061,0.00320861667,-0.02290339342,0.00859897915,0.00825617959
-1.118410896,-0.0007773295819,0.006506721145,-0.001200001835,-0.01374170913,0.003010796904,-0.02341339734,0.008685055239,0.008910430946
-1.092248093,-0.0003620856267,0.004717405385,-0.007683990247,-0.01934316516,0.003170330594,-0.02388659513,0.008508337342,0.009056156782
-1.101124737,-0.0006394503678,0.00433747343,-0.02040618937,-0.01464788731,0.002110519867,-0.0173709014,0.008091324684,0.009403429283
-1.120873853,0.001801725394,0.008631794127,-0.001418512308,-0.007826881152,0.001892516165,-0.02642306816,0.006859681786,0.008090045774
-1.138927977,0.005384017154,0.01552756134,0.0106573469,-0.01281878462,0.005833670388,-0.02586363427,0.01472810085,0.01279107958
-1.118447171,0.007905335104,0.01511937942,0.002505437245,-0.02122286404,0.004996590872,-0.01528257704,0.01383008573,0.007515168062
-1.122675362,0.007496954388,0.01417713572,-0.0165449456,-0.01754430755,0.004689648662,-0.02609908341,0.005606721214,0.005814701568
-1.137973527,0.006400610211,0.01577436916,-0.01331079899,-0.004946614627,0.004812352392,-0.02341842022,0.01140149119,0.01037993657
-1.049814227,0.0075728391,0.01418184763,0.0001856728656,-0.01257247458,0.0004527619653,-0.01802071603,0.01174647667,0.01122131319
-1.127154985,0.005264834943,0.01625074043,0.008056040452,-0.02195731337,0.004963275487,-0.02212521739,0.008673822414,0.01159583152
-1.152463576,0.002491749954,0.008140520253,7.50426836e-05,-0.01938349265,0.001813839589,-0.02144471233,0.007555563309,0.004689132708
-1.112824565,0.002738420707,0.01339085003,-0.01807083482,-0.006526555249,0.003419728323,-0.02631759057,0.01149776286,0.007633447534
-1.131916138,0.004582273906,0.008787892584,-0.01193915882,-0.006978822664,0.001630348738,-0.02178549388,0.01023600454,0.007217222051
-1.135870094,0.003577645241,0.01002720238,0.002594213533,-0.02169241829,-0.0004706271577,-0.02301948856,0.003517179734,0.008880322651
-1.135987362,0.0007599145601,0.009309856709,0.002844720426,-0.01982671948,0.004273292938,-0.02085247022,0.015627817,0.009672904872
-1.113461254,0.0006394516111,0.008334553668,-0.001709408758,-0.01478826728,-0.0002106519115,-0.02681848067,0.01042341039,0.005430730941
-1.136737921,-0.001922181446,0.009546222831,-0.0153980609,-0.006104982986,0.006124296504,-0.0265319054,0.003225342465,0.005958582203
-1.141051256,-0.003016880606,-0.001728766089,-0.01331699773,-0.02326360472,-0.002896484405,-0.02101540804,0.008803379951,0.00591965198
-1.13255266,-0.001147092444,0.00738306129,-0.00143835218,-0.02031820114,0.004401171286,-0.02409945966,0.008464392695,0.01103972496
-1.142627318,-0.002038891026,0.007768412451,0.002086792177,-0.01011974231,-0.003275733616,-0.02560809581,0.01252268672,0.008344878901
-1.124392838,-0.005595886048,0.00451593097,-0.007157378851,-0.02067827229,0.001300171783,-0.02117974826,0.006950804165,0.00430307066
-1.154793267,-0.004259618044,0.004792998263,-0.01658787037,-0.01700334473,0.002447778266,-0.02358228425,0.009099788572,0.005662802093
-1.132605988,-0.002626240419,0.001621803583,-0.005188328029,-0.01142666166,0.000442360744,-0.02511980422,0.006399812487,0.007580243644
-1.172287035,-0.002370784484,0.008406498915,-0.0003755884297,-0.01234331163,0.0005611541731,-0.02657600821,0.01118881884,0.01026218381
-1.144759122,-0.00274194982,0.004599826891,-0.002873854858,-0.02243018311,-0.003220672497,-0.02183657533,0.009918609738,0.007816734666
-1.079155299,-0.003194401962,0.005137825019,-0.007706049153,-0.02091021544,0.00463149625,-0.0240467769,0.006174876666,0.007312537115
-1.145875241,-0.00411969555,0.007770471598,-0.01356903993,-0.01148645263,0.001200360646,-0.0247076903,0.01273751261,0.004961349463
-1.137055243,-0.00273551584,0.002123993029,-0.007770496531,-0.01048044644,-0.0001509585901,-0.0208956264,0.008675217942,0.008234452463
-1.138216292,-0.002169260828,0.003008087311,-0.002983373605,-0.02002144293,0.00190860661,-0.02546587971,0.008088482351,0.009237105656
-1.145481463,-0.001882175141,0.00489737087,-0.003030085201,-0.01783425917,-0.001479887027,-0.02638167356,0.008153251537,0.007179009174
-1.141058099,-0.006973650071,0.003190030323,-0.009170560153,-0.01941342601,0.0008917861069,-0.0246262395,0.01008600787,0.007374224166
-1.091834049,-0.01317027325,-0.0008848950133,-0.01378806797,-0.01304314349,-0.002616858304,-0.02461116012,0.007376337991,0.006158664603
-1.108137183,-0.01266772932,-0.009614578831,-0.009321358761,-0.01816292801,0.0006742006604,-0.02220938147,0.006565592062,0.006588912704
-1.13136074,-0.01194555347,-0.002723823973,-0.005976913829,-0.02402413466,-0.00104962363,-0.02296523021,0.009557601439,0.006508406902
-1.141404038,-0.009760435612,-0.001333763629,-0.005088979036,-0.01204589394,-0.0004977180349,-0.02728667163,0.006361865964,0.00554099228
-1.15338741,-0.008823935706,-0.001661697547,-0.009216229204,-0.02043182722,0.0002483589379,-0.02533398029,0.007802041275,0.00967059902
-1.173152403,-0.01019077465,-0.0004199958096,-0.01453036503,-0.01616622877,-0.002695813505,-0.02304824993,0.01045132249,0.006276113274
-1.117851787,-0.007498609792,-0.00198033537,-0.008635556594,-0.01476781017,0.0007453999106,-0.02290128642,0.007894622896,0.007938322997
-1.089400448,-0.007301450091,0.0002439662359,-0.006900115482,-0.01095549218,-0.001263158482,-0.02256106989,0.00998163095,0.008680091822
-1.111660737,-0.008581253409,-0.001040751944,-0.003699566223,-0.0205071952,0.001341922094,-0.02265903985,0.008339862023,0.009228049332
-1.162046147,-0.00627074063,0.0043603496,-0.009430435107,-0.02304750821,0.003494903965,-0.02623698259,0.01006098859,0.007517264955
-1.149637036,-0.005254750144,0.002387918428,-0.007239347771,-0.01078336753,0.0008652129571,-0.02593468163,0.007855790856,0.007370735269
-1.120765993,-0.003134707861,0.0005910234641,-0.009848446255,-0.01250923898,0.002262418517,-0.02170545739,0.009347012591,0.01009319455
-1.153058081,-0.00312505614,0.004062406564,-0.009417658688,-0.01480602032,-0.001134278491,-0.02149121758,0.008586289585,0.008565328065
-1.15944682,-0.003463530558,0.005162268161,-0.005227038492,-0.01788942253,0.003654210405,-0.02404429895,0.008500743612,0.007574424685
-1.102221525,-0.002657710003,0.005322469125,-0.005936768625,-0.01713842247,0.001248829289,-0.02529574636,0.01273773801,0.007613991893
-1.101123263,-0.001735816164,0.004604545797,-0.006466397478,-0.01505232271,0.001764664615,-0.02280960187,0.009069152007,0.01004660584
-1.112517405,-6.229177059e-05,0.00406447429,-0.007910820304,-0.01390229618,2.019112486e-05,-0.02433386991,0.007030740588,0.007222485952
-1.154430372,-0.001311245387,0.005464403941,-0.009370262023,-0.01310452695,0.001526564,-0.02190480768,0.008242965004,0.009335131438
-1.141828338,-0.0001436097307,0.008512605782,-0.004412063821,-0.01660401663,0.00407969723,-0.02358710477,0.01162077328,0.007322991465
-1.095704716,-0.001555452567,0.007772224423,-0.002993993033,-0.01550786018,0.002298705032,-0.02451304444,0.009148606749,0.007698695147
-1.120760783,-0.001928791583,0.00374138401,-0.005336398041,-0.01807672473,0.002594320607,-0.02227875203,0.006281616217,0.008948165657
-1.111691076,-0.0006484203585,0.00319756429,-0.007638155833,-0.01554033881,0.001446055389,-0.02268623363,0.01008093499,0.00889966257
-1.121851654,0.0007665350685,0.005814054725,-0.007789830382,-0.008716028939,0.002075178388,-0.02503693968,0.01117839136,0.01057484223
-1.104049229,0.0001909141977,0.008517915411,-0.005097276504,-0.01546036362,0.0004053589766,-0.02315814639,0.01096118693,0.008158681048
-1.120188133,-0.001408465726,0.00631652152,-0.005824673558,-0.01610873052,0.003410026699,-0.02260618024,0.007383065546,0.009078042366
-1.085674439,8.492274541e-05,0.00667400211,-0.002877970481,-0.01989126942,0.003445949075,-0.02176599276,0.007799910093,0.008215061259
-1.12684574,0.004701783596,0.01259111925,-0.00515387062,-0.01162702876,0.003930164833,-0.02289132637,0.009315323557,0.009368834311
-1.087241831,0.008176911438,0.01501535092,-0.005032617407,-0.008253702995,0.003953684898,-0.02184173383,0.01308060993,0.01082780427
-1.138242166,0.008360394461,0.01647697117,-0.002445577479,-0.01325203222,0.003166535121,-0.02307801171,0.006888779899,0.01063121434
-1.118293136,0.006439368775,0.01324346563,-0.003077381112,-0.01686609363,0.003259498873,-0.02150036862,0.007122723623,0.008684673981
-1.098631359,0.005193378684,0.008202926464,-0.00399877528,-0.01822578442,0.003329713658,-0.02183185497,0.01319870778,0.008516551537
-1.143948868,0.00639997163,0.01820348196,-0.005312187004,-0.006161698274,0.002020993385,-0.02460125154,0.01217675711,0.008564508777
-1.095086193,0.003864476302,0.01275728716,-0.004366816917,-0.006979031442,0.001456053489,-0.02313277706,0.006685831154,0.009253615545
-1.146270904,0.002625147768,0.009285739928,-0.006030720591,-0.02186250336,0.002366673587,-0.02046456589,0.007067284636,0.008068717078
-1.127850694,0.003671671471,0.009640757956,-0.003656312273,-0.02607471288,0.003546522122,-0.02388793058,0.01241720196,0.009688068787
-1.13675779,0.003313145747,0.01337727973,-0.002175077766,-0.01259915672,0.002893044431,-0.02517063578,0.01484722153,0.009001657254
-1.117926046,0.0009115100603,0.01073302092,-0.005388130551,-0.007080440684,9.151830393e-05,-0.02261304085,0.01121315176,0.008143949464
-1.093635178,-0.001593719846,0.005663530476,-0.008255065065,-0.01533825922,0.002804007749,-0.01762815945,0.0008800098858,0.008498884426
-1.105220307,-0.001560000601,0.006648072033,-0.007134060125,-0.02111770264,-0.0004336707623,-0.02347725849,0.003893080493,0.006076213482
-1.134437234,-0.0004451947038,0.006903651813,-0.005877309681,-0.01548590801,0.001358046263,-0.02705108441,0.01312199763,0.01091506354
-1.104923475,-0.001557307383,0.008576964659,-0.003911542883,-0.01397200197,-0.000879082681,-0.02549838831,0.01430752983,0.007811523476
-1.114115744,-0.002751408352,0.0009687972745,-0.009290582665,-0.01629830259,0.001750102572,-0.02247723173,0.004154839252,0.00752744186
-1.129913485,-0.003663515056,0.003055954349,-0.008375463781,-0.01885361761,-0.001390420802,-0.0226064034,0.004103540137,0.004392880274
-1.110078387,-0.003554153076,0.008459446253,-0.00577991094,-0.01488290641,0.001539363296,-0.02512027301,0.01021898593,0.007286001636
-1.16143748,-0.003503240497,0.008130941506,-0.003244092515,-0.01309485912,0.0004127905863,-0.02462480858,0.01109805909,0.01017169789
-1.04724962,-0.002386349319,0.003694889547,-0.005848046592,-0.022079583,0.0002220980088,-0.02380175108,0.006370972642,0.006945325775
-1.200309569,-0.002302081697,0.003592998306,-0.00934333328,-0.02257423898,-0.0005427611747,-0.0214795909,0.007423450412,0.006311536792
-0.9385376141,-0.002684685328,0.003856862051,-0.006740119029,-0.01515984258,0.002498968382,-0.02348477476,0.01040872768,0.007628725513
-1.430831042,-0.002744571607,0.008002348754,-0.006476183968,-0.01175559312,0.0005886198687,-0.0229688134,0.01053601094,0.008603627368
2.93537813,-0.004329240996,0.002339811141,-0.006243379251,-0.01749798411,0.001111986875,-0.02054478181,0.007143114593,0.006862257929
4.78601703,-0.003563560239,0.003486643183,-0.005068082344,-0.01944689692,0.0009439990876,-0.02352896458,0.004623680873,0.00821247027
4.296735692,-0.001326079312,0.005768721571,-0.004357951056,-0.01364758343,0.0002498064825,-0.0232376404,0.007706731697,0.00727705662
4.557160697,-0.004508114347,0.00506584766,-0.006868807371,-0.01605582938,0.0001048553573,-0.02414642618,0.01365973789,0.007899180417
4.396149668,-0.01043278812,-0.005196684238,-0.009952885103,-0.02011842356,-0.001130504701,-0.02623234579,0.008660839606,0.004931384913
4.495649413,-0.01252477078,-0.005301753069,-0.009968732228,-0.01892445591,-0.0007293982,-0.02437898603,0.006080162168,0.007641705183
4.357204587,-0.01216685103,-0.0007041032239,-0.006740814111,-0.01764397601,-0.0008089744429,-0.02566244673,0.008100514308,0.004740140601
4.422847577,-0.01151101141,-0.001967177146,-0.006845202174,-0.01179593857,-0.001625201121,-0.0234286643,0.007818442515,0.009303102871
4.434746285,-0.01104330076,-0.005508501631,-0.009868810266,-0.01881613533,-0.001738083618,-0.0257657527,0.008300362524,0.005793054999
4.42246798,-0.009359832776,-0.005185541525,-0.01133669644,-0.02165414568,-0.0008485813616,-0.02413323675,0.00939314842,0.008311892191
4.456261441,-0.006981019799,-0.0002590407523,-0.008115098,-0.01736409607,0.0008212056598,-0.02385356749,0.009261699556,0.007682717262
4.452747744,-0.005887461426,0.003277980316,-0.006147939453,-0.01463358417,0.0002879345794,-0.02391314152,0.008541881697,0.007912075195
4.448509188,-0.00831949463,-0.002306464671,-0.0068363729,-0.016920563,-0.0002498864989,-0.02233278646,0.006880567695,0.007210837551
4.453577152,-0.00738271721,-0.0007566240273,-0.008840304811,-0.0177779654,-0.001644445819,-0.02307366311,0.007154454451,0.007700497429
4.415233475,-0.00409059641,0.002781731675,-0.01046679646,-0.01111908358,0.00150734105,-0.02340965718,0.01017507135,0.008638349676
4.436861954,-0.00346212235,0.004753084766,-0.007033022734,-0.01477483422,-0.001115876992,-0.02338354174,0.01171363826,0.00713190668
4.435726741,-0.002951958267,0.002531105198,-0.005959119971,-0.01716509756,0.002578678037,-0.02353361724,0.008143535212,0.007982955653
4.390076992,-0.002480862811,0.002257806842,-0.006821049304,-0.01796955879,0.000744727886,-0.0239084451,0.007891016112,0.008773912949
4.427469531,-0.001653541218,0.005143033082,-0.009532625723,-0.01323262419,0.001781520917,-0.02330971406,0.007849317868,0.00939712585
4.417379616,-0.002502636882,0.006832826704,-0.008276568287,-0.01061253402,5.316936423e-05,-0.0219291308,0.008898853293,0.00945402809
4.432362076,-0.0006287915338,0.005851379656,-0.004623430093,-0.01639493515,0.002753635152,-0.02299989325,0.006608365767,0.007716552111
4.407912621,-0.0008928980507,0.00538042759,-0.005978831304,-0.0163071894,0.001141740412,-0.0224341346,0.008011120194,0.009504020208
4.44633786,-0.002069311527,0.003878407473,-0.006167985602,-0.01659417351,0.003218414123,-0.02279478786,0.01039351603,0.007020184107
4.373097512,-0.0001535455877,0.006794232411,-0.006544776857,-0.01165574047,0.001034383621,-0.02491494671,0.01145222839,0.008145623499
4.464662877,-0.001044693433,0.004339828098,-0.007027106466,-0.01453333123,0.003267190993,-0.02194340345,0.007517337427,0.007772250585
4.311567222,-0.001881150088,0.00701244176,-0.004160904086,-0.01624749422,0.0007409627659,-0.02287531592,0.00733528056,0.007824368155
4.639044119,-0.00185072744,0.004637733486,-0.004170483063,-0.0140319018,0.001666253161,-0.02295538588,0.009649658494,0.01037092666
3.418206255,-0.0009579235308,0.008428532519,-0.005660539642,-0.01476909011,0.001255360916,-0.02283903008,0.01009724279,0.006988048137
-1.217354288,-0.0009986382841,0.0039224353,-0.007121942678,-0.01401695796,0.004069746146,-0.02344119496,0.01016233891,0.007709802286
-1.054712585,-0.001137675396,0.005310470631,-0.006869931938,-0.01600477292,0.001072849704,-0.02328369664,0.008103938356,0.008259179453
-1.185657869,0.004662935044,0.01390907315,-0.0007595579111,-0.01152109675,0.004407616932,-0.02165784663,0.009528703123,0.008969046019
-1.052480851,0.00813178365,0.01511130006,-0.003512261247,-0.01014734146,0.003848026015,-0.02181110186,0.01023974023,0.0109048918
-1.149789832,0.006961968716,0.01548134345,-0.002322260672,-0.01438300791,0.003276873107,-0.02189693395,0.01036930469,0.008423733434
-1.116621044,0.007687967606,0.01142033366,-0.005980866918,-0.01431518436,0.002898453825,-0.02324602958,0.009504759215,0.007620445037
-1.110281974,0.00756025454,0.01392789374,-0.0006148609976,-0.01422478919,0.004409107298,-0.02247680338,0.01111592092,0.007916631405
-1.141616885,0.008627324929,0.01693472176,-0.002984716055,-0.01263791915,0.004412866453,-0.02174575115,0.0113202783,0.009263243021
-1.096414691,0.005759280896,0.01292221909,-0.005042921532,-0.01339279972,0.004732689004,-0.02209152924,0.006843745426,0.008372008574
-1.094254699,0.003495809887,0.00963892371,-0.008348211142,-0.01641805421,0.001699963887,-0.02289248475,0.008469162196,0.007884592115
-1.089697782,0.003618519842,0.009376595926,-0.002781860053,-0.01534743072,0.001231465077,-0.0219695032,0.01051046499,0.009409390018
-1.127825398,0.003731294001,0.01150437632,-0.002385189403,-0.01157115219,0.003363015438,-0.02279463422,0.01199004806,0.00850461131
-1.12852792,0.001775350149,0.01172943438,-0.002347723326,-0.01696710508,0.002684413852,-0.02329158572,0.008636098807,0.007322679623
-1.155730367,1.799874437e-05,0.008388074048,-0.006023776431,-0.01886494631,0.002626593499,-0.02332505223,0.006202020318,0.007942283372
-1.152992924,-0.001718845441,0.005832278058,-0.006661364087,-0.01811677028,-0.000323065192,-0.0237319203,0.00761990315,0.007119266811
-1.138561642,0.000363415989,0.007120697285,-0.007130486398,-0.01084121377,-3.476802828e-05,-0.02443780726,0.01084662273,0.009749531608
-1.120255893,-0.001229398935,0.005867831517,-0.006471199597,-0.01568058055,-0.0004787328928,-0.02343398726,0.008927916803,0.008286213798
-1.138973255,-0.0008824264775,0.005193673766,-0.005918191102,-0.01747987816,-0.0003262515688,-0.02503291414,0.006811205228,0.007312601164
-1.123533537,-0.002259453602,0.006082643928,-0.005889225529,-0.01737443336,0.001535592115,-0.0227909952,0.004683105094,0.007897262333
-1.17145809,-0.003755617933,0.005404245456,-0.008263345384,-0.01664320706,-0.0006033060826,-0.02371977194,0.009441379362,0.006441092071
-1.088065051,-0.001966913355,0.004765594024,-0.007720183195,-0.01610015852,0.001216059807,-0.02316729002,0.01033137121,0.009713754303
-1.132709115,-0.003299548629,0.004921693396,-0.0075578084,-0.0178533073,-0.0008933953139,-0.02457153979,0.0094486728,0.006969993207
-1.18355481,-0.003176230086,0.005867019865,-0.006767728437,-0.01506400383,0.0017075052,-0.02239425391,0.008315624164,0.008755217808
-1.141823803,-0.003005346818,0.005605713298,-0.005086871945,-0.01635616728,0.0003094629539,-0.02393568391,0.008177249258,0.00754242231
-1.146062931,-0.003511965856,0.00582203384,-0.006494217345,-0.0185249949,0.002335260907,-0.02379101103,0.007938575018,0.008692068762
-1.184914823,-0.002536714008,0.002643922123,-0.009895896427,-0.01615956597,0.0001122062908,-0.0245877021,0.008115128159,0.00692230434
-1.12416565,-0.0034112402,0.005188927245,-0.00700578073,-0.01453281706,-0.0005608049833,-0.02430845121,0.009433798884,0.008426463513
-1.121433911,-0.001982239635,0.005433213124,-0.007252835966,-0.01369410483,0.0007751810494,-0.02308532476,0.008318185407,0.007561002972
-1.086574388,-0.003874076264,0.006043374317,-0.004879065998,-0.01561525329,0.001356118779,-0.02394591875,0.009327655526,0.007730020682
-1.105270333,-0.01007650859,-0.001318086256,-0.008264447522,-0.0185215024,0.0002481959708,-0.02615003821,0.008671325632,0.00699400752
-1.092813371,-0.01252886246,-0.006666574889,-0.008486252654,-0.01723459148,-0.003565958132,-0.02611375597,0.007745880724,0.006130902379
-1.125960015,-0.01042903356,-0.004740375976,-0.00846504341,-0.01642230991,-0.001165908056,-0.02461266169,0.008423887844,0.007316081757
-1.13308983,-0.01096189523,-0.002966895901,-0.01125444604,-0.01983683139,-0.001886941634,-0.02416254861,0.008869048578,0.008104152423
-1.173568494,-0.009991622423,-0.002009398444,-0.01236622191,-0.01774573797,0.0005891337264,-0.02363330843,0.0067065616,0.006624650635
-1.14209032,-0.01020005373,-0.0009340202557,-0.007153070892,-0.01383787208,-0.0003533021159,-0.02527752378,0.009447449911,0.007505405365
-1.128620445,-0.008368096154,-0.001396725143,-0.002653096598,-0.0148059666,0.001639778651,-0.0229427661,0.008869830266,0.007122326074
-1.12552382,-0.007471638514,-0.0004937491423,-0.005198990438,-0.01817933111,-0.000968173764,-0.02417202825,0.009474905845,0.006329704756
-1.125974225,-0.008525704596,-0.002212553076,-0.01236288421,-0.01752651353,-0.0007993169295,-0.02599793813,0.00813228251,0.00841574995
-1.139245722,-0.007142196867,0.00289783394,-0.01311261751,-0.01415220517,0.000148024747,-0.02415244188,0.009512725075,0.007873685662
-1.131323214,-0.005204626429,0.001364086492,-0.006664501614,-0.01542450493,0.002660748445,-0.02407085703,0.01000978533,0.009686098657
-1.120942562,-0.004908187335,0.005030857693,-0.001523050736,-0.01610264574,0.0008463538831,-0.02132370924,0.006812572498,0.007550778174
-1.162597865,-0.003232040701,0.003442637048,-0.003896243013,-0.01625390219,0.001532237185,-0.02301838032,0.008720110743,0.005549798639
-1.134807033,-0.003290056485,0.001553940015,-0.01251333341,-0.01302263025,-0.0002862201244,-0.02571088293,0.01121311887,0.007198129089
-1.151109762,-0.00210368284,0.003826879647,-0.01034093511,-0.01527401507,0.001522871718,-0.02456653546,0.01168655542,0.008266613639
-1.117047147,-0.001530337754,0.004148694066,-0.0056189563,-0.01604587736,0.0008433349917,-0.02391491068,0.008971894742,0.008686621884
-1.0913953,-0.001389068769,0.004866752885,-0.001049927451,-0.0172791564,0.002452575986,-0.02191482292,0.01023796517,0.006796629594
-1.126284488,-0.0006018884692,0.008464937014,-0.002323995305,-0.01503753655,0.002690187097,-0.02281961528,0.00873731883,0.007372412593
-1.131938389,-0.0006113399284,0.006076196825,-0.008958024045,-0.01485312397,0.002050633369,-0.0231710952,0.008412888633,0.007570589864
-1.077527888,-0.002808855155,0.005111208127,-0.01003954533,-0.01656242859,0.001460216918,-0.02407152759,0.01089939114,0.009481562419
-1.117943278,-0.00163688435,0.004036368846,-0.006927564915,-0.0138211485,0.002214289909,-0.02492349163,0.009159065583,0.009522789194
-1.13859473,-0.001738163851,0.006347776661,-0.003659774739,-0.01368270944,0.001275604503,-0.02230273177,0.009576695575,0.009493874895
-1.133430006,8.807795876e-05,0.004816781544,-0.004354824648,-0.01549483253,0.002500942616,-0.02330787509,0.009466333577,0.00689534075
-1.131425651,-0.001360239117,0.008041412021,-0.008043716462,-0.01465220703,0.002840655502,-0.02179534797,0.01063894212,0.007253233622
-1.140431142,-0.0001694151146,0.005788682484,-0.007702225418,-0.0127945347,0.0020475803,-0.0245787364,0.01167014823,0.006540303793
-1.135194448,-0.002033365246,0.006127695791,-0.006227175996,-0.01457893264,-0.0002554297092,-0.02379910735,0.01022241129,0.00993377352
-1.138528862,0.0005912550432,0.005056226817,-0.004512375108,-0.01597441972,0.002913491689,-0.02408219349,0.008647192878,0.008554019737
-1.119560338,0.007621098612,0.01755252241,-0.001851786028,-0.0147284999,0.005094229355,-0.02241173779,0.01057872352,0.01036959236
-1.142360047,0.00792396522,0.01800775973,-0.004859491452,-0.01051051144,0.005286822943,-0.02267116333,0.008679211814,0.007976244562
-1.125528831,0.007953696034,0.01565614625,-0.002467349686,-0.01109236043,0.002814079814,-0.01851071589,0.009120083142,0.008585517321
-1.139637489,0.006225045872,0.009365453494,-0.004910689994,-0.01174843782,0.002558925299,-0.02052348246,0.01056410854,0.009795801209
-1.132161608,0.00616031666,0.01448297184,-0.001290323381,-0.01660527897,0.001538370172,-0.01989538565,0.01224076689,0.01051687792
-1.142290869,0.006361767321,0.01427174649,-0.004148900568,-0.0141165459,0.005374480145,-0.02490217816,0.01096050364,0.006660284683
-1.128560782,0.002976932148,0.01284644598,-0.004342733899,-0.01641622645,0.003814140324,-0.02298919484,0.009979882929,0.007652765478
-1.081147614,0.003740329449,0.01063830075,-0.006071178083,-0.01374611937,0.00267349789,-0.02161089147,0.006991631695,0.007189064667
-1.130056416,0.004529660934,0.01434249619,-0.00260069482,-0.01307562666,0.0008989181748,-0.02010309751,0.01060850131,0.007141845093
-1.141948281,0.004513497811,0.009163423997,-0.004142702048,-0.01497784503,0.002396318883,-0.024356256,0.01075268785,0.009118376734
-1.120102462,0.002276391905,0.01021643126,-0.005220298842,-0.01825258031,0.0003592198885,-0.022979653,0.01121949594,0.008607858311
-1.088577146,0.000369488643,0.009085844266,-0.00602581017,-0.016439814,0.003097227406,-0.02324110496,0.008354487489,0.006299185383
-1.131320832,-0.0006441243131,0.005094162551,-0.005939109513,-0.01484504264,0.00129379762,-0.02372048443,0.00598268181,0.006075364062
-1.121342341,-0.001614524314,0.006170544502,-0.006438972993,-0.0140403889,0.0005594965287,-0.02442520518,0.006249137584,0.008450554692
-1.123125073,-0.0007261137596,0.006271447825,-0.006595226301,-0.0175495773,8.787680174e-05,-0.02251745163,0.009507728481,0.007343473729
-1.0766451,-0.001635676182,0.008159984315,-0.005851325533,-0.01608603398,0.001601847806,-0.02520869202,0.01068769958,0.006339953565
-1.118004885,-0.004300670285,0.004691858819,-0.005826864655,-0.01617017276,0.001541782807,-0.02434328305,0.008760320051,0.008205703171
-1.111654567,-0.002952748094,0.00426841743,-0.006895071393,-0.01861333842,-5.090622188e-05,-0.02435854849,0.006510425019,0.006439251656
-1.142242295,-0.002022894699,0.005456310072,-0.007330070821,-0.014001927,0.001583906,-0.02222845812,0.007382122535,0.007058252695
-1.113868759,-0.00193424655,0.005614453924,-0.007644004164,-0.01610313793,0.0006396571661,-0.02345714363,0.01007477941,0.008651897774
-1.14276804,-0.00296066755,0.007740856464,-0.006232748266,-0.01467132433,0.0007453181328,-0.02438935254,0.01115473223,0.009699809332
-1.093990501,-0.003435402338,0.004656845218,-0.005630964747,-0.01601017321,0.000713746566,-0.0237994488,0.008183255264,0.006977581208
-1.157010298,-0.003468860712,0.0043844915,-0.006095487548,-0.01527792694,8.215168844e-05,-0.02401533912,0.008391416221,0.005992294034
-1.16645079,-0.001442265857,0.001520239017,-0.006862191352,-0.01648151147,0.0008409243038,-0.02380084239,0.008660021751,0.009316650375
-1.127480481,-0.003170674379,0.006127948711,-0.007256639349,-0.01665884231,0.0008758181898,-0.02464501354,0.008254396163,0.006487966499
-1.119591092,-0.003804054835,0.004874170149,-0.006706513647,-0.01468197778,0.00072339982,-0.02403619692,0.008371469406,0.009191922346
-1.147984337,-0.007177570225,0.003040666271,-0.006438857852,-0.01840029712,-0.0007448485565,-0.0225468698,0.007289372576,0.007503455065
-1.118619136,-0.01071614461,-0.004269573185,-0.009309916195,-0.01771346735,-0.001214094649,-0.02392862902,0.008692673377,0.00681367801
-1.159300271,-0.01312016727,-0.00541995556,-0.01043612534,-0.01709893122,-0.0009347155171,-0.02419850086,0.008274963656,0.006400268169
-1.109130141,-0.01169334004,-0.002044550543,-0.009336523606,-0.01879117187,-0.0003098187962,-0.02432920781,0.009065177141,0.007394395977
-1.105749521,-0.01038559649,-0.002093544295,-0.00840950539,-0.01920981583,-0.002088360486,-0.02671841037,0.008252109703,0.007927600242
-1.166344575,-0.01258214547,-0.001938586772,-0.006904274071,-0.01692346445,-0.0006252274538,-0.0231799299,0.006919690646,0.007176699634
-1.127367891,-0.008995708564,-0.001923225238,-0.01035616782,-0.01756006549,-0.001764892149,-0.02432106121,0.007910797973,0.007841210831
-1.131967372,-0.007024785888,-0.0007616663084,-0.01070865232,-0.01450066547,0.002089150851,-0.02312147346,0.008083452559,0.008136639374
-1.102299736,-0.007144595959,-0.0001765135756,-0.003752272766,-0.01125702678,-0.0001070283417,-0.0245536725,0.007877031308,0.00787791974
-1.153181365,-0.007979947596,-0.00305758999,-0.003423947531,-0.01622533447,-0.0002093725719,-0.02289450918,0.008115247371,0.008946496757
-1.105082855,-0.005236023643,-0.0006774894687,-0.01614320343,-0.02162745453,-0.000686897133,-0.02343247425,0.009366106217,0.007515627411
-1.148370202,-0.003694016534,0.003373235173,-0.01717725201,-0.01340633405,0.002048210879,-0.02416484449,0.008462869065,0.008731958181
-1.102900008,-0.004232287123,0.009131095102,-0.003181861766,-0.004739706111,0.001303592273,-0.02575950052,0.008520026585,0.008009071112
-1.126055704,-0.001479499389,0.004355331904,0.002729397242,-0.01728013007,0.002174808794,-0.01910915337,0.007817197576,0.008383270421
-1.076115025,-0.002884383105,-0.0004348611639,-0.005260018819,-0.02748108713,0.0009622705782,-0.02122193672,0.0109938788,0.007679893272
-1.072909401,-0.00184251482,0.004390868076,-0.009206679873,-0.020602131,0.003029013084,-0.02850975674,0.01252767621,0.007493745089
-1.142685045,-0.001425373461,0.007722915188,-0.01058866203,-0.005533175976,0.001066714997,-0.02481616359,0.01290197111,0.009841918701
-1.116230255,-0.0003844330938,0.006533581096,-0.007405356994,-0.008498444323,0.001155868599,-0.01743811163,0.003787568936,0.008098721955
-1.151288045,-0.001695304073,0.001772527061,-0.003166158072,-0.02086172115,0.001381752576,-0.02109566327,0.002854526471,0.00858600394
-1.110495067,-0.001549578518,0.003911409161,-0.002069491622,-0.01875316008,0.002109885369,-0.02458020924,0.01057249398,0.008534030345
-1.115047781,-0.002811710666,0.01161205615,-0.004582683774,-0.00830814689,0.004902311106,-0.0257072237,0.01689403865,0.007679618954
-1.074470224,-0.00162327932,0.003387540885,-0.008572302872,-0.01000796604,0.001803026375,-0.02272582131,0.006466690876,0.007346115678
-1.170897349,-0.002083874923,0.003264907882,-0.00939860264,-0.01800557205,0.0001184910074,-0.02038553901,0.002335156863,0.00799123094
-1.033068369,-0.0006778610264,0.005406290331,-0.006219658676,-0.01765358998,0.0007044206836,-0.02254583201,0.01004271418,0.009016548064
-1.294215735,-0.0002200229365,0.01029268111,-0.002457251975,-0.009144615432,0.002398735961,-0.0234455183,0.0143701299,0.01040612737
-0.3567778783,-0.001582084204,0.00757423781,-0.006302033288,-0.01451450164,0.003632602154,-0.02424675483,0.01257657917,0.008126434051
4.423933018,-0.00281070759,0.002721138802,-0.009552830941,-0.02186848312,0.001821359879,-0.02177879161,0.006456666564,0.007807962429
4.385342606,0.005739193807,0.009002455032,-0.0042085148,-0.01327905701,0.002691124038,-0.02254442742,0.007994523655,0.009438608913
4.419109249,0.009895180878,0.01538263152,-0.0008038336503,-0.008380486404,0.001498463461,-0.02006302,0.01343753643,0.01153026949
4.403066046,0.008020213697,0.01723641366,-0.003492656868,-0.01178386011,0.005130010682,-0.02169016252,0.0121534205,0.01055328461
4.459631974,0.006733851488,0.01568305984,-0.005683326339,-0.01611358436,0.005170167765,-0.02234889248,0.006917930674,0.009073069811
4.409076208,0.00580833279,0.01516039649,-0.003513606738,-0.01530662306,0.004622959267,-0.02230960724,0.004594548739,0.007434389855
4.474213899,0.005996463891,0.01265049792,-0.002662479128,-0.008365171956,0.0009882287851,-0.02070994473,0.0129062253,0.008826277735
4.395754903,0.004042658275,0.01073358784,-0.004903109106,-0.01048283896,0.001749583483,-0.02331868024,0.01196409333,0.009024687325
4.413382603,0.002242638218,0.009164612566,-0.00595509773,-0.01833856761,0.002016994958,-0.022215408,0.01079394312,0.007959085555
4.43799731,0.004496055807,0.01222533806,-0.004295401784,-0.01845895919,0.00479644523,-0.02327416835,0.008972327727,0.007936814081
4.432219935,0.00363263319,0.01482807183,-0.001427949752,-0.01057787472,0.002908937228,-0.02141965264,0.008410355096,0.007153984572
4.440948621,0.0006573094094,0.005945914013,-0.004189603162,-0.01247551401,0.0008994601689,-0.02300583032,0.00713664573,0.008757443436
4.468951991,-0.001374143089,0.004119455584,-0.006763098312,-0.0202556966,0.001178895667,-0.02300903127,0.01033965918,0.008059975766
4.447793959,-0.0005675505925,0.006262448349,-0.005858411713,-0.02058083677,0.0004125980274,-0.02399969542,0.01150836504,0.008764798034
4.408480781,-0.0001641546507,0.01025795975,-0.004730403636,-0.01488067413,0.001450829571,-0.02402410214,0.007412523299,0.00845172433
4.455444653,-0.002230652803,0.008382007021,-0.0049534283,-0.01551828903,-6.788881411e-05,-0.02267561008,0.007785028043,0.007001510982
4.463130416,-0.003090970206,0.002863174267,-0.008055543625,-0.01830971853,0.001342988006,-0.02302933948,0.005249340788,0.005518372379
4.427793851,-0.00382042589,0.001811501585,-0.006334736067,-0.01471258794,-0.001205907317,-0.02428044807,0.01007099011,0.007158430046
4.436280382,-0.003624051301,0.005082455242,-0.006849468832,-0.01471839833,-0.0008509805979,-0.02321977353,0.01234061844,0.00808695804
4.41258176,-0.001902028623,0.0056124313,-0.003613173352,-0.01380604323,0.001494709979,-0.02405012153,0.01132193025,0.008859073596
4.426931504,-0.00258493626,0.004878306691,-0.00722681626,-0.01928643544,0.001641614768,-0.02243620823,0.00448834515,0.007598965696
4.415778188,-0.003438599267,0.005673844177,-0.008286553722,-0.01764001643,0.002169007309,-0.02483983161,0.005681056945,0.007330640622
4.495045363,-0.002797891575,0.006424580851,-0.006655222069,-0.01583037833,0.001311717777,-0.0223640093,0.01141352076,0.008968040998
4.333485853,-0.001572627044,0.008279571015,-0.005912410654,-0.01454936715,0.0008516407675,-0.02355530326,0.01015420004,0.009089986437
4.628974942,-0.00454465575,0.002058627057,-0.006420046611,-0.01953271113,-0.0005553032086,-0.02304211145,0.007819455349,0.009067000982
4.189528487,-0.003488730321,0.001154074447,-0.006426689607,-0.01900320279,-0.0002030599541,-0.02346752222,0.00623268569,0.007622054153
4.884038733,-0.003735881684,0.005260855172,-0.007339686451,-0.01425365138,0.002598063056,-0.02381051707,0.01112570049,0.007439855344
1.56148864,-0.003362619311,0.004868691564,-0.006775986493,-0.01465494148,0.0004660613458,-0.02426731713,0.009977686072,0.007455604334
-1.588206667,-0.01149811212,-0.002549273539,-0.008427141225,-0.01984896266,-6.446141042e-05,-0.02399978276,0.006162896713,0.007572009056
-0.8578684348,-0.01373116627,-0.007044342118,-0.008950540284,-0.01981774168,-0.002532123944,-0.0249530038,0.005372136033,0.006870397349
-1.325571484,-0.01181868528,-0.003076685592,-0.008477309989,-0.01546997281,-0.001075983516,-0.02300869942,0.009205665608,0.006910402352
-1.034099964,-0.01168588636,-0.002218605869,-0.01017207185,-0.01504937265,-0.0005851613547,-0.02439809981,0.009038048014,0.006168822485
-1.220592579,-0.01023967476,-0.003732466314,-0.01041490311,-0.01682200596,-0.000630289216,-0.02433754344,0.006902590742,0.007097948781
-1.056924247,-0.009407328589,-0.004546790884,-0.008360007714,-0.02014880453,-0.0001287265824,-0.0258976531,0.005997966744,0.007466933284
-1.156253996,-0.007337959327,0.004451495634,-0.006380598166,-0.0149596529,-0.0001593898337,-0.02404003258,0.007456199043,0.008778615502
-1.145134661,-0.007660268572,0.0002185132861,-0.01009241456,-0.0149084028,-0.0004589244291,-0.02343034105,0.007828695966,0.006617898109
-1.15295839,-0.0106112557,-0.005516545076,-0.009570286108,-0.0167067606,-0.001655207196,-0.02408073387,0.008991910993,0.007228599015
-1.118786279,-0.007105790761,-0.001798390866,-0.002905575745,-0.02087627924,0.001404771371,-0.02484659647,0.009687860966,0.007352300252
-1.138981354,-0.004666116133,0.004363003199,-0.007525590741,-0.01148507654,0.001063914989,-0.02390020268,0.01173489081,0.007760190186
-1.142828363,-0.002930625139,0.007240901236,-0.01175818842,-0.008872470584,0.001257988266,-0.02232127945,0.004216042178,0.008257024897
-1.1436487,-0.004548022513,0.0004400048277,-0.01431213192,-0.02020800639,-7.776339658e-05,-0.02534829109,0.00563949751,0.007732829911
-1.126653854,-0.003856321048,0.00237429822,-0.005508063331,-0.02454437169,0.001665819504,-0.02167473255,0.01101209245,0.008142656188
-1.082738615,-0.001847547633,0.007347220525,-0.0008932339755,-0.008419354353,0.001750962605,-0.02528700704,0.01654164181,0.006429654577
-1.118355708,-0.001937276831,0.007043370135,-0.0009990441164,-0.007198842917,0.001589527031,-0.02413616155,0.009085109659,0.00899450662
-1.151678775,-0.001517235263,0.00592660256,-0.009212187223,-0.02106908636,0.000994713762,-0.02199806726,0.001984171573,0.007016158761
-1.139129094,-0.001354697341,0.001528191721,-0.01294236266,-0.02223521706,0.002233399663,-0.02255228134,0.007892251816,0.0111201588
-1.143184271,-0.0003750786486,0.009762579943,-0.006297783209,-0.01203965909,0.002116783391,-0.0250213106,0.0126438525,0.01085433459
-1.120152766,-0.0008583016147,0.007144052509,-0.002045171382,-0.01009345739,-0.0001118820688,-0.02429203075,0.01511760451,0.009764198395
-1.106635109,-0.002565030511,0.003950117339,-0.004225081743,-0.0188311381,0.001423486667,-0.02058714453,0.004856434442,0.008036457645
-1.12569511,-0.0008247014668,0.003941771042,-0.005883180521,-0.01737230413,0.003123490203,-0.02165022199,0.002343989952,0.004597059372
-1.12166171,0.000790642302,0.00782337501,-0.01130670569,-0.007797318889,0.002058784472,-0.02490069186,0.01073360476,0.01033522509
-1.139398029,-0.0009768323527,0.008674830214,-0.005568903252,-0.01410890898,0.0009145962248,-0.02276629927,0.01538274872,0.008430903619
-1.151194598,8.417656189e-05,0.005074104934,-0.003143003095,-0.02129252985,0.001724979159,-0.02455727443,0.01109959118,0.009164874812
-1.127108274,-0.001601356682,0.005580053917,-0.003669559602,-0.01834349705,0.004591068007,-0.02098722455,0.007762027732,0.005894644396
-1.129048756,0.004130551369,0.01168591438,-0.007785008544,-0.008652571526,0.003895583305,-0.02094986743,0.009207616854,0.008532338524
-1.136891105,0.006486246946,0.01654898909,-0.006354100345,-0.007102478191,0.005430775728,-0.02242080554,0.009044584354,0.01067262147
-1.090424178,0.009170795087,0.01138764655,-0.002283474468,-0.02203727098,0.001450301417,-0.02292618162,0.01108182008,0.008340810053
-1.081565861,0.008670899259,0.01253803217,-0.002325447396,-0.01628976212,0.003257828404,-0.02351278003,0.01143087835,0.01103825879
-1.106305321,0.00721401438,0.01406593135,-0.001900241317,-0.008547199576,0.002923263879,-0.02032499934,0.01141124626,0.008428237078
-1.078449358,0.00727062767,0.01579064709,-0.007262368444,-0.01166709508,0.004970691088,-0.02199340062,0.007473738244,0.007786951855
-1.163732877,0.004416673309,0.009541680572,-0.00589966503,-0.0181521411,0.004145715764,-0.02200887607,0.008924819187,0.006678733951
-1.143278817,0.002180859417,0.009724215231,-0.001087278766,-0.0169245286,0.001645758057,-0.02361018106,0.01007274104,0.009872916531
-1.155232294,0.003966039951,0.0125931711,-0.0006193627142,-0.007641469564,0.001071150615,-0.02360073457,0.009433934775,0.01166574225
-1.16125924,0.004180713674,0.01274951701,-0.004172085633,-0.01597993832,0.0006235977937,-0.02146552255,0.008842287586,0.00863483004
-1.125614357,0.001915826205,0.01067992077,-0.00816703905,-0.02087128477,0.005204029678,-0.02280478236,0.008697049527,0.007917015021
-1.108153439,0.0008826022735,0.009730428207,-0.005999709627,-0.01410194807,0.002760338783,-0.02412985908,0.01010374924,0.00485028139
-1.150856395,-0.002033626925,0.005756809273,-0.004749265998,-0.01085624954,0.002378969283,-0.02324947362,0.009632011539,0.009510504779
-1.16213157,-0.0007576446292,0.005121083835,-0.004031273518,-0.01671196775,-0.00206545099,-0.02426100093,0.007744450287,0.007947959121
-1.143753083,-0.0009402980466,0.005498732709,-0.005298777577,-0.01978490222,3.384487057e-05,-0.02355442426,0.007144776674,0.00661881119
-1.13524335,-0.002051890629,0.008100657476,-0.009597149944,-0.01311121505,0.001283450768,-0.02637787312,0.01187697604,0.007352111419
-1.118053404,-0.001320085579,0.006777715949,-0.007687784836,-0.01289605725,0.00289897843,-0.02258240305,0.008926234843,0.006602649959
-1.162015934,-0.005204193404,0.00453505842,-0.006048566138,-0.0194413089,0.001241671668,-0.02388233211,0.00581541146,0.006801007039
-1.141983187,-0.002685321316,0.004516079507,-0.005081504339,-0.01830151995,0.0005577081938,-0.02326234058,0.007050121034,0.00690208546
-1.164743172,-0.00127421476,0.005161337264,-0.005869102729,-0.01306478453,0.000670976306,-0.02346985824,0.01058536599,0.009140014163
-1.13026001,-0.002261769757,0.006666980161,-0.009531744129,-0.01174656386,-0.0004289081427,-0.0246454585,0.01084397826,0.008094019788
-1.131852687,-0.002870257833,0.003920291314,-0.007643183503,-0.01823811951,0.001328501082,-0.02436362038,0.007089849486,0.008183694997
-1.153545742,-0.003114565238,0.002945931168,-0.005660473698,-0.01957405486,0.001752315052,-0.02284274013,0.008521785594,0.007829954717
-1.088480236,-0.004563531481,0.00619825209,-0.005352348406,-0.01385802924,0.0009988943537,-0.02205200368,0.008939623329,0.006233038622
-1.143705459,-0.002051274126,0.00512656633,-0.004117778421,-0.01648375743,-0.000109400601,-0.02300978847,0.009611878397,0.008391571101
-1.12676934,-0.003511426492,0.00440465438,-0.008781700068,-0.01823724705,-0.0005276529759,-0.02533078356,0.008430492672,0.008391762335
-1.087394961,-0.002857310395,0.006212722769,-0.007207804976,-0.01407440046,-0.0007489265226,-0.02431410959,0.008652973457,0.009207434688
-1.176630366,-0.008967471591,-0.001094220869,-0.007653807406,-0.01334839097,0.001051751657,-0.0239470355,0.006491250958,0.007818015283
-1.144469796,-0.01377355808,-0.00403180938,-0.007410278755,-0.01767870035,-0.00327770231,-0.0234093002,0.006208688103,0.005145161033
-1.100674015,-0.01212402414,-0.004156277557,-0.009587394539,-0.0225401547,0.002304815339,-0.02608159385,0.00680819269,0.006121265948
-1.161721826,-0.01103935243,-0.001154033182,-0.008149720604,-0.01589224961,-0.001239244352,-0.02877319454,0.01211718988,0.007299875602
-1.124862733,-0.01067521392,-0.004366682398,-0.0100800099,-0.01310829741,-0.001329931923,-0.02434159041,0.006248729538,0.008937866846
-1.129003551,-0.01136233226,-0.003632635015,-0.008166795483,-0.01727016358,-0.003762022125,-0.02222833097,0.004968258002,0.007269632865
-1.094112577,-0.006888750438,-0.001970870275,-0.008412043756,-0.0168887745,0.0002246896397,-0.02203106763,0.008040480326,0.006364384513
-1.126551686,-0.006205469672,0.005167494865,-0.007147186117,-0.01874294799,0.001122440975,-0.02231139738,0.01055928763,0.006925411778
-1.127195949,-0.00930564558,-0.000420793064,-0.01003208159,-0.01325243554,0.002663627507,-0.0245084072,0.00869828838,0.007100319356
-1.117548205,-0.00764308151,-0.0002671048555,-0.00769944691,-0.01930640646,0.0006371539425,-0.02459229443,0.007348839616,0.008579977749
-1.175501664,-0.004907195498,0.0008995543665,-0.00870064495,-0.01474200198,-0.001296876596,-0.02373220108,0.008759233014,0.007372086439
-1.085671286,-0.004838102651,0.003157556007,-0.006839597314,-0.01247716542,-4.802849651e-06,-0.02241822793,0.010672866,0.0088069442
-1.123001362,-0.002775128428,0.004469445724,-0.007786829195,-0.01340864094,0.002551742081,-0.02451407919,0.01088497693,0.006132263027
-1.146066435,-0.002143586155,0.005860389012,-0.007109856665,-0.01809254601,0.001565370682,-0.02318079576,0.008346084959,0.007750337553
-1.115040598,-0.001973578452,0.004338213864,-0.006409747682,-0.01688348097,0.003300893851,-0.02453915142,0.009077967618,0.00754724906
-1.099218013,-0.001358264028,0.003381117044,-0.005917938146,-0.01337401526,0.0002759197609,-0.02330962483,0.007376967608,0.00816522463
-1.097556841,-0.0001082232061,0.006327511534,-0.008458727996,-0.01428684281,0.0005787553158,-0.02394982522,0.007645942751,0.00879457092
-1.13477819,-0.001982117252,0.006616982911,-0.006119452721,-0.01501317353,-0.0009306148539,-0.02338102108,0.01259069538,0.008177823467
-1.128842533,-0.002945840415,0.007255806055,-0.005362220304,-0.01526293552,0.002924974264,-0.0237698511,0.010240521,0.007373643291
-1.12700194,-0.0009228122659,0.005844822064,-0.00406632439,-0.01406946403,0.001585271783,-0.02216402959,0.009660421255,0.006968952528
-1.119774511,-0.001752338999,0.004289244255,-0.007647930265,-0.01786123116,0.001803868265,-0.02268268852,0.00804208994,0.009391874172
-1.067008171,-0.0007120318619,0.007120228088,-0.006666431122,-0.01435165919,0.002255127984,-0.024454827,0.01040354956,0.008759430724
-1.142874211,-0.001372692781,0.004593343226,-0.007213609491,-0.01311182639,0.002970262637,-0.02258509791,0.009310861592,0.009573751944
-1.119162328,-0.001934137231,0.007851760634,-0.003211077843,-0.01406135662,0.000924453171,-0.02287458193,0.009491367454,0.008711032128
-1.099848292,-0.002028187262,0.008281488664,-0.00504591292,-0.01594589438,0.001652104415,-0.0212390422,0.007045620676,0.009361842056
-1.132044062,0.0005497800918,0.00441483121,-0.006455789921,-0.01677658988,0.002616760093,-0.02264441798,0.01091286359,0.00673593323
-1.16215427,0.0006633658495,0.007771282287,-0.007818830239,-0.01402798279,0.001454756855,-0.02395639921,0.01056440434,0.008103276399
-1.108087496,0.007364273901,0.01632752002,-0.003999565165,-0.01285819439,0.001978621132,-0.02212126681,0.01006646437,0.008261811288
-1.101034089,0.008627773762,0.01439841171,-0.001804363362,-0.01286615141,0.004419774605,-0.02206871921,0.01079630928,0.00929506085
-1.117224431,0.007599268518,0.01564421058,-0.003256025063,-0.01487093845,0.001897726073,-0.02192089358,0.01019551145,0.008743982283
-1.139395154,0.00595759588,0.01363872297,-0.004817809805,-0.01281334301,0.005118642669,-0.02168026388,0.009819715628,0.009015242227
-1.119659256,0.007223117062,0.01343713488,-0.0061472272,-0.01560468643,0.002891058602,-0.02232111207,0.009402226907,0.008514271067
-1.121557932,0.006146752912,0.01600712079,-0.00373644591,-0.01454344805,0.004306096426,-0.02122551938,0.008044434985,0.009406293834
-1.106953882,0.003014920522,0.01124402658,-0.003028078276,-0.01685266181,0.001666154469,-0.02188738388,0.008672641746,0.007631001485
-1.132710189,0.003534546884,0.01153846286,-0.003750666244,-0.01259115121,0.003293294301,-0.02313692301,0.008661885904,0.009682270152
-1.115375397,0.004042803576,0.01064095777,-0.003961677069,-0.01427271004,0.001245112987,-0.02365295738,0.01109885336,0.006992296458
-1.126950956,0.003766497281,0.01093956418,-0.004619741562,-0.0135568989,0.001527872345,-0.02308392352,0.009024902942,0.008299089628
-1.130590455,0.0001563503923,0.008352254048,-0.005000585191,-0.01652791304,0.0006257045187,-0.02374939528,0.008483746513,0.00662588525
-1.133503253,0.0006210277114,0.008970066055,-0.008228121488,-0.01723174227,0.0003616551941,-0.0235150536,0.00931788171,0.00786998125
-1.119919055,-0.001933742264,0.007638350175,-0.006684379479,-0.01776018467,0.002382513951,-0.02305772041,0.01039109766,0.0069294431
-1.131694253,-0.001586863868,0.009389691179,-0.00356496279,-0.01427212922,-0.001249728522,-0.0256951003,0.007848813027,0.005451134348
-1.141781849,-0.002186550634,0.003142814009,0.001805645418,-0.01377016572,0.00255431395,-0.02156578544,0.007077216074,0.009311882981
-1.065204737,-0.001895225896,0.006884083223,-0.0103180895,-0.01868384777,-0.002929313177,-0.02253791779,0.009678467287,0.005296178923
-1.104023924,-0.004151841982,0.002681906022,-0.01719218828,-0.02122901546,0.002027330273,-0.02186990259,0.007417997696,0.008140224939
-1.120432594,-0.002628772092,0.006672931159,-0.01154597606,-0.01274934109,-0.002543197715,-0.02657906993,0.00995806637,0.005930557661
-1.127257331,-0.004357950201,0.007331416435,0.001337317414,-0.01225458615,0.004390673767,-0.02148195611,0.006495943404,0.009367527651
-1.129286333,-0.002828039624,0.003372546709,-0.001156772033,-0.01837179623,-0.002146631771,-0.02033600025,0.009120781327,0.004321127119
-1.121522213,-0.003031187316,0.002913222542,-0.005608030868,-0.02368290907,0.001990053675,-0.02509911674,0.007972716727,0.007519060257
-1.054360793,-0.002011667712,0.007921435384,-0.01425259863,-0.01222167904,0.001953800161,-0.02721988949,0.01316360701,0.008844958507
-1.137228182,-0.00294971909,0.006209307886,-0.0100601704,-0.01234815873,-0.001280166849,-0.02115887303,0.007881904106,0.007847207077
-1.017461772,-0.003576025537,0.00424199516,-0.005833715134,-0.01657472664,0.001548729547,-0.02226726479,0.004249542972,0.008197850258
-1.206884743,-0.005645070434,-0.0007290992197,-0.0003762368985,-0.02355930531,-0.003228605839,-0.02090520668,0.006755738073,0.006002636175
-0.9546609078,-0.003565971987,0.008139420872,-0.005263063916,-0.01358885998,0.005691099558,-0.02801093468,0.01215125542,0.007485606152
-1.461934448,-0.006340994351,0.002716942831,-0.007280615119,-0.01033427047,-0.0008687046176,-0.02546913294,0.01222722909,0.006379791384
0.163763134,-0.01233236406,-0.006336727092,-0.01408944082,-0.01803517186,-0.002185823862,-0.02330183877,0.001807470558,0.007978149497
4.649910776,-0.01090586195,-0.006694442251,-0.01091469811,-0.02128121435,-0.004177223029,-0.0232969587,0.00412679961,0.005606055129
4.282017075,-0.009740037497,-0.00172707036,-0.007536925713,-0.01783649603,-0.0002783506941,-0.02362316725,0.009209947706,0.009348854426
4.508507288,-0.01109425878,0.002086400021,-0.005753313015,-0.01475631693,0.001757219942,-0.02463765867,0.01393659549,0.007484391814
4.368359685,-0.01151153403,-0.004968879418,-0.009143853035,-0.02082464732,-0.0009940157648,-0.02440653708,0.007981226091,0.005104120199
4.481137655,-0.009918643857,-0.002836292712,-0.008260536432,-0.02095420896,-0.0006167630899,-0.02318660399,0.002373769843,0.007380501044
4.406377832,-0.00628471106,-0.003953904215,-0.008559813897,-0.01782357734,-0.002820320816,-0.02405618015,0.008675885175,0.007686271225
4.459651596,-0.005050469563,0.002391310023,-0.007717108348,-0.01297391152,0.001717489753,-0.02391579547,0.01207184143,0.009477794686
4.439311144,-0.00851889145,-0.0007939706104,-0.00879128825,-0.01685276293,0.001024557663,-0.02524185121,0.01188936464,0.005773190289
4.480822313,-0.007682972925,0.002341040655,-0.008630981768,-0.01778424752,0.002733225216,-0.02309759377,0.005927055284,0.007268380762
4.409635671,-0.005771383973,0.002008700076,-0.006248329666,-0.01453598151,0.001650124319,-0.02260481586,0.006662031171,0.006493360002
4.440934413,-0.004411795318,0.003813235216,-0.008239068939,-0.008920080712,-0.0004272681494,-0.0229190793,0.006991452551,0.009407531404
4.421684052,-0.002533178798,0.0002493555487,-0.005206402547,-0.01724387558,0.001533698491,-0.02345250953,0.01078839233,0.008017939446
4.433668622,-0.001756801281,0.006406874922,-0.009178454015,-0.02168902918,-0.000701059377,-0.0243128719,0.009581341292,0.008453798057
4.436395633,-0.002455635495,0.008960322571,-0.004348155823,-0.01411577253,0.005369556495,-0.02348971552,0.007006679701,0.007784974477
4.450918989,-0.002311504426,0.005878745865,-0.006144862218,-0.01288446948,-0.0004219551933,-0.0212549259,0.01027953532,0.007718344344
4.416831166,-0.001583018966,0.005374173173,-0.0059431089,-0.01395750005,0.002182361927,-0.02184720068,0.008767872801,0.01042780029
4.384876579,-0.002337272957,-1.199385591e-05,-0.008240768815,-0.01886679832,-0.001080026511,-0.02460480026,0.01336719966,0.008986827967
4.423962253,-0.0002271856169,0.008819450931,-0.005708787448,-0.01355846428,0.001292115411,-0.02380613536,0.008938866935,0.01065388932
4.41667275,-0.0007716637741,0.005807631437,-0.005756057146,-0.01178922324,0.002943854187,-0.02057298373,0.008273682555,0.007064947205
4.433290007,-0.0009995817551,0.008576959703,-0.005858360805,-0.01717119889,0.002103790232,-0.02134767551,0.005086889053,0.009181018157
4.460579325,-0.0008636092174,0.002217000135,-0.00678594716,-0.01603568925,0.001666481112,-0.02266167827,0.009145829758,0.008702177673
4.427208583,-0.0006322059375,0.006477097186,-0.006740071778,-0.01644853898,0.0009860017932,-0.02308180789,0.0137958505,0.006722529246
4.495299595,-0.0007345618298,0.004565068508,-0.005622865931,-0.009534701866,0.003461344874,-0.02584812378,0.01189882079,0.01078848002
4.299997775,-0.0004714694273,0.00740039752,-0.00374563403,-0.01654313198,0.000485137853,-0.02231043878,0.007533670003,0.007775127274
4.530271639,-0.0008428963633,0.006526979392,-0.008504324541,-0.01356470864,0.004337106969,-0.023121272,0.004759750723,0.008252148415
4.244703972,0.004685923022,0.01183712305,-0.005187618546,-0.01445779257,0.002218067758,-0.02067326329,0.0120081663,0.008307814729
4.819504696,0.008204147712,0.01981649267,-0.004218901227,-0.00841869257,0.004970191531,-0.02208618487,0.0126689735,0.008362022739
0.9651545511,0.009351785044,0.01061207077,-0.001402172572,-0.01316245073,0.002008525493,-0.02173829599,0.01094074172,0.01068121045
-1.606465195,0.0064469213,0.01160211165,-0.003666924763,-0.01706926154,0.00230423759,-0.02214173795,0.008216442713,0.009551795703
-0.9193267185,0.006011074144,0.01349322377,-0.003116093313,-0.01337674209,0.003899559945,-0.02301406663,0.009599970224,0.00898706212
-1.25933905,0.00533262901,0.01643636834,-0.005935001433,-0.01250884223,0.002319327868,-0.02419808947,0.01045843543,0.008150495194
-1.059325177,0.0048768167,0.01331155555,-0.00466073114,-0.0144246976,0.005417215341,-0.02214831258,0.01059814943,0.008769416919
-1.20562072,0.003251050071,0.008283257513,-0.004875354988,-0.01752970497,0.001019995985,-0.02185907894,0.007629997502,0.008726491429
-1.090509464,0.003902928963,0.01168163229,-0.003591226607,-0.01468870225,0.004325043268,-0.02100737294,0.00926560399,0.009105174637
-1.14558879,0.004524080137,0.01139469998,-0.005560175151,-0.01326159452,0.001828493742,-0.02320708941,0.01270695191,0.007349802212
-1.153533091,0.001339607951,0.009110114485,-0.005981615686,-0.01390697687,0.00299578687,-0.02190441108,0.009351545053,0.009163201937
-1.133150318,-0.0002448980922,0.007852138723,-0.006810184554,-0.0165274593,0.001337203473,-0.02431798368,0.007441760602,0.00620140791
-1.123872104,-0.0006145493858,0.005641029102,-0.004225336656,-0.01515228755,-0.0003950619714,-0.02333305797,0.005559026737,0.00918899013
-1.110938283,-0.000509850334,0.01313031573,-0.007420036937,-0.01560436343,0.001691263709,-0.02466520054,0.009217475838,0.00681509928
-1.177439626,-0.002221192771,-0.0005558439301,-0.01114670479,-0.0143253005,-0.001113982548,-0.0239591691,0.01091463705,0.006703302164
-1.119057279,-0.002173538332,0.002213668879,-0.003022429104,-0.02520540018,0.002240681812,-0.0233572838,0.007019035612,0.009365227643
-1.184578789,-0.002036318559,0.007778767658,-0.003263030987,-0.01499958566,-0.002430664989,-0.02797256644,0.01123603961,0.006759804503
-1.160005952,-0.00403332261,0.007704973618,-0.008169765117,-0.001885567845,0.0007635879916,-0.01955240814,0.004989755367,0.01020336071
-1.161435461,-0.002163833941,0.006211037918,-0.01278244039,-0.01788369941,-0.0007827211962,-0.02390220395,0.002420585463,0.005305015192
-1.1544696,-0.002757645617,-0.003093765093,-0.009427337984,-0.03202110794,0.0006856788189,-0.02267602374,0.01033488191,0.01000730735
-1.14520055,-0.00182720758,0.01006797116,-0.0002164772597,-0.01721228468,0.002644435223,-0.02477356592,0.01836565862,0.006120221636
-1.172523551,-0.002472629815,0.006902464472,-7.018368192e-05,0.002358937153,0.0005443228045,-0.02590291395,0.01346292581,0.00969862854
-1.12792367,-0.004338982935,0.003710079501,-0.008288768938,-0.01914624901,0.0005140999141,-0.02039987114,-0.0007110150636,0.008165571063
-1.112043241,-0.003319309007,0.001403766176,-0.01356740392,-0.03111475423,-0.001159284368,-0.02321857144,0.001668700747,0.006364285667
-1.111987947,-0.003458535383,0.006427518279,-0.00918327547,-0.01396363101,0.003567544499,-0.02691690749,0.01380541671,0.009248013298
-1.136535129,-0.001574931297,0.008868851138,0.0004852619584,-0.006944126336,-0.0003813509993,-0.02599495486,0.01919225876,0.005889814176
-1.166406781,-0.004659463701,0.001323840202,-0.007934477122,-0.01736711407,5.30134892e-05,-0.02128298662,0.005005386567,0.008667552124
-1.116291668,-0.01135875679,-0.006089618999,-0.008821848145,-0.02722888589,8.961552971e-05,-0.02255667068,-0.002843855316,0.001726247006
-1.139898951,-0.01053896179,-0.004359206293,-0.01367830022,-0.00862418369,-0.001351025651,-0.02876819682,0.006972448804,0.00766068227
-1.160135698,-0.01196973468,0.001701407842,-0.007286150377,-0.009108285899,-0.001125970193,-0.02491446092,0.01400029748,0.00962015489
-1.120375108,-0.0108299212,-0.00693937377,-0.006831050811,-0.02636071529,-0.005269186571,-0.02539510754,0.01179817259,0.005567208943
-1.160142205,-0.01007207773,-0.004336533326,-0.01041528408,-0.02649079495,0.003039209964,-0.02336888661,0.00375287582,0.0070981437
-1.120207275,-0.009808664995,-0.001387493974,-0.01005569503,-0.01154628659,0.0001695589678,-0.02467228464,0.01029290824,0.004088716327
-1.147067175,-0.007069801221,0.00325834512,-0.01076359708,-0.006716570663,0.003110297599,-0.02503670073,0.00692755526,0.01086152192
-1.141212082,-0.007695502286,-0.003440440436,-0.007002014757,-0.02446960004,-0.002758246998,-0.02253421088,0.007213396015,0.009126316335
-1.169189137,-0.008478699249,-0.003120653141,-0.008017323032,-0.02166075704,-0.002821298985,-0.02685539072,0.009783012202,0.009578475473
-1.163505761,-0.005626807933,-0.001891889378,-0.005795329478,-0.005110415168,0.003804212764,-0.02458093896,0.01126906159,0.008480682566
-1.130915168,-0.005355632244,0.008982501482,-0.008652442699,-0.01181625044,-0.000811348674,-0.02295714924,0.007609262205,0.005738303511
-1.133677174,-0.00337415666,0.0005107454849,-0.0122649848,-0.02377517332,0.006766569546,-0.02251958517,0.005946941736,0.007658542178
-1.117942135,-0.00330562659,0.001475398547,-0.003336919751,-0.02185300079,-0.001942504334,-0.02599511468,0.009614863665,0.00580791564
-1.119514896,-0.001508479355,0.007425767581,-0.003693538767,-0.001299003741,0.001289828861,-0.02592628731,0.01026749954,0.0133177475
-1.155135857,-0.002372232398,0.001447475623,-0.006805207919,-0.01305484332,-0.003888746482,-0.02219433383,0.01044462365,0.008505582758
-1.14182561,-0.001187800928,0.007235347137,-0.008775479188,-0.02678307768,0.004466292306,-0.02465050207,0.006133491883,0.006471083395
-1.150303766,-0.0005231648778,0.004927708911,-0.007288303795,-0.01464568744,0.004601629704,-0.02371815832,0.01213523907,0.005813277118
-1.14265416,-0.0004543069597,0.007890019009,-0.004029352789,-0.009267829768,0.002372042172,-0.02121103282,0.01037605781,0.008991041447
-1.124785438,-0.00150397347,0.003882217303,-0.006459935076,-0.014897297,0.001178990946,-0.02281551922,0.008443957447,0.01208966062
-1.13753144,-0.001871474307,0.002796396276,-0.005107671609,-0.02183088756,0.000684658312,-0.02360396258,0.005288433471,0.008718237934
-1.145452289,-0.001731824593,0.007291958382,-0.007799036009,-0.008532255377,0.004866137532,-0.02512848243,0.01176624012,0.008226641762
-1.129954223,0.0001177834869,0.009235788109,-0.007002057741,-0.006528282095,0.0009003631406,-0.0223756114,0.0106415708,0.008258058435
-1.12247784,-0.001744507066,0.003006547481,-0.007243775726,-0.01952382802,0.003760770097,-0.02228732851,0.005754541503,0.007073729856
-1.115165233,-0.001254833346,0.003388110941,-0.004886773134,-0.0199252769,0.00253193236,-0.02431169726,0.01003069346,0.007425686725
-1.125414323,-0.0004068718334,0.003818727295,-0.004791268784,-0.01014026705,0.003065400249,-0.02393771499,0.01072770028,0.00918711565
-1.135910458,0.0001427963165,0.009166041269,-0.008301169713,-0.00855594013,0.0007477812273,-0.02393628831,0.01349505103,0.01034430569
-1.115965478,0.003497175301,0.009435511373,-0.006333344836,-0.01895540638,0.001829301828,-0.02155404129,0.005570056477,0.009258538093
-1.107400646,0.007855099235,0.0164491016,-0.0006790064019,-0.01962636574,0.006101527856,-0.02340081619,0.009040030017,0.008382530105
-1.120618096,0.008488437775,0.01477620309,-0.0009093805929,-0.006191669758,0.003866561304,-0.02133722908,0.011568227,0.007880436934
-1.151169022,0.007563099592,0.0148515817,-0.003794566463,-0.0126774546,0.003204159097,-0.02197327868,0.01188190014,0.00978651924
-1.153817827,0.006218939054,0.01330901625,-0.006162377502,-0.01949110651,0.000162476033,-0.0229883856,0.009468931107,0.009569438911
-1.138639209,0.006507193966,0.01044525265,-0.004718303009,-0.01216735569,0.004752776467,-0.02362428954,0.008832395818,0.01058183246
-1.067820376,0.005696098831,0.01773797152,-0.0005221902677,-0.01018575052,0.005796772372,-0.02479705541,0.009374300848,0.008642428529
-1.115493053,0.002552927498,0.009179424686,-0.005521097678,-0.01280342721,-0.001748752505,-0.02209054589,0.007747145288,0.007830215158
-1.126642058,0.00357413922,0.01311589612,-0.0035967673,-0.02259858516,0.002938922169,-0.02216020208,0.008752074422,0.008246900946
-1.126349358,0.006216992427,0.01065929215,-0.005196316218,-0.01254187566,0.003037313086,-0.02357795902,0.01282861863,0.009138641819
-1.1674788,0.000602491212,0.01198203478,-0.001462569101,-0.01330550354,0.002765994457,-0.02348732092,0.01021025137,0.009912775811
-1.175740328,-0.000101765674,0.007675189529,-0.007277392639,-0.01713633926,0.001191220942,-0.02579832327,0.008556787214,0.007192826774
-1.120503641,-0.0008289953864,0.005426211156,-0.004092392794,-0.01869333668,0.001068209605,-0.02565569083,0.004953807145,0.007711063661
-1.095254181,-0.00126421437,0.007123986471,-0.005093687975,-0.01451945985,0.001639569814,-0.02431003466,0.009220049667,0.0064214937
-1.12377344,-0.001859564113,0.007628609551,-0.007475942596,-0.01061818368,-0.001359612927,-0.02318757569,0.01118721895,0.007506334309
-1.126284948,-0.001258268768,0.004389075831,-0.008482974173,-0.01893887383,0.00200725925,-0.0237202699,0.008779453675,0.008735233533
-1.141438856,-0.00297636696,0.0042142341,-0.006061316105,-0.02139969478,-0.0002606955201,-0.02473155189,0.008898770545,0.006191516159
-1.112003481,-0.003632428904,0.00421778466,-0.006020754258,-0.01325471247,0.001704247695,-0.02440499262,0.006720919104,0.007347321983
-1.167849779,-0.001675956553,0.006249064828,-0.00616739896,-0.01400525018,-0.0002382621356,-0.0224945801,0.009366484103,0.006463682684
-1.143062732,-0.002431112825,0.005414483711,-0.007946953374,-0.01488029425,-0.001146751478,-0.02419712244,0.006345499578,0.00843783666
-1.10495314,-0.003801493732,0.004235367064,-0.005307938126,-0.01993837277,0.0003688734896,-0.02418660785,0.01028068588,0.007343988094
-1.091723133,-0.003145285321,0.006029153095,-0.004535940804,-0.01471498914,0.0005129222898,-0.02422799283,0.01091462842,0.007663531838
-1.109826974,-0.003202715684,0.00392655287,-0.003297082374,-0.01498231143,0.001156182643,-0.0213149095,0.008691193598,0.006866523672
-1.097925531,-0.003658457544,0.003875234126,-0.008690673062,-0.01884952902,-0.00166648694,-0.02453141398,0.00799170147,0.006368040386
-1.125688967,-0.002463381011,0.005023220677,-0.008522255908,-0.01276053347,0.002204224949,-0.02364446599,0.007542737879,0.008504824915
-1.117203862,-0.003081976745,0.00400921263,-0.005294098109,-0.01735625459,-0.0006332286253,-0.02260237018,0.01187256866,0.007396883805
-1.099250884,-0.002572344231,0.0061875973,-0.002884825345,-0.01514841271,0.002315546853,-0.02355865218,0.009578065977,0.008132192704
-1.096015026,-0.008881989085,-0.001657610977,-0.006391774325,-0.02191763919,-0.0008623511528,-0.02365062642,0.007865299968,0.005032829834
-1.141611435,-0.01420013701,-0.005044653404,-0.01075763671,-0.01844577634,0.0007398363001,-0.02476745013,0.006582580187,0.00570049009
-1.168564993,-0.01135848583,-0.003789043791,-0.01122941465,-0.01489656009,-0.003999220257,-0.02497430995,0.008381808866,0.007202755928
-1.132822542,-0.01008768427,-0.001482179462,-0.008106806512,-0.01961259124,-0.001059204105,-0.02575543383,0.009376779845,0.00707971509
-1.111999141,-0.01077429633,-0.004680383407,-0.008160688262,-0.01844957482,0.0001013566375,-0.02528959812,0.009226384426,0.00928774819
-1.135231312,-0.009892763447,-0.003509689343,-0.008168472374,-0.01931738191,-0.001246009605,-0.02437317616,0.008501025642,0.004473897231
-1.116528374,-0.008500107788,-0.001581183988,-0.00991142273,-0.01351041309,-8.917554067e-05,-0.02413143596,0.008794322004,0.008551231116
-1.111926835,-0.005473415849,-0.000529076822,-0.009294749125,-0.01618663827,-0.0009727931009,-0.02457908081,0.006310896032,0.007999303359
-1.118055113,-0.008379576935,-0.0019981795,-0.007618023408,-0.01723544573,0.001069385847,-0.0244994144,0.009042051654,0.008995496517
-1.098410083,-0.008634526893,-0.003247023481,-0.006886370902,-0.01756875821,-0.0008731112553,-0.02397378488,0.007249338964,0.007909065407
-1.118551276,-0.004488610446,0.004196702773,-0.005697039146,-0.01510656986,0.0008745545888,-0.02480118963,0.008880045699,0.009410448796
-1.109315358,-0.005106477858,0.00125852012,-0.0112744294,-0.01486094732,0.001380832266,-0.02539377983,0.00931469663,0.005974374572
-1.110544047,-0.00401063865,0.003326122375,-0.006135196276,-0.01585959875,0.0005596611486,-0.02303502508,0.01014442307,0.00692620224
-1.14396359,-0.002555791533,0.001502172791,-0.007790157116,-0.01549040091,0.00201342733,-0.0242184675,0.01067063826,0.008483057332
-1.157334215,-0.002988195917,0.005261288508,-0.005075848692,-0.01638885514,-0.0009021254816,-0.02284494415,0.008866871083,0.009960450152
-1.136094435,-0.003264205433,0.005056841551,-0.006901299697,-0.01487021165,0.002599969992,-0.02394103377,0.008132921279,0.007676831148
-1.140732389,-0.00191169095,0.007188549855,-0.007467466518,-0.01761991813,0.0007827382704,-0.02280582151,0.008784102123,0.00939622307
-1.109923706,-0.001540211049,0.00396278769,-0.006537527628,-0.01218324091,0.003040298833,-0.02409797567,0.009161842099,0.00747926384
-1.114585262,-0.0007246642246,0.007266342576,-0.006657474027,-0.01604006378,0.0001535394737,-0.02190311809,0.009768063325,0.008493002761
-1.106562277,-0.001710121822,0.004897850952,-0.004093117643,-0.01403629833,0.003054306,-0.02385941219,0.007898329374,0.008898528731
-1.113539462,-0.002433591721,0.005875615902,-0.001257985839,-0.01501866807,0.0006238921898,-0.02362244828,0.009310483559,0.008517085371
-1.101847892,-0.00106587173,0.00468372214,-0.007720798167,-0.01383212806,0.001907866895,-0.02326480254,0.009938094005,0.009270307386
-1.13582924,-0.0003944127044,0.007400005653,-0.008953384777,-0.01809793046,0.0008453303362,-0.02287420239,0.009451719666,0.00790118732
-1.148827559,-0.002050509539,0.008117158945,-0.009403054767,-0.01224865375,0.004469556783,-0.02394276612,0.009714720487,0.009549066968
-1.081321985,-0.001074228825,0.008292174501,-0.003474597577,-0.01345393493,0.001359213796,-0.02200103717,0.01034800113,0.007440146509
-1.160659982,-0.001829539011,0.005420799452,-0.004427107804,-0.01656793013,0.002880076801,-0.02283835632,0.01071563888,0.01016463027
-1.065595391,0.0008012240983,0.006621063459,-0.002905238054,-0.01690383318,0.001154289677,-0.02290648825,0.009549182439,0.0077791415
-1.207197744,0.007808482079,0.01544122646,-0.00509137371,-0.0106244099,0.003996733993,-0.02366864906,0.009637657549,0.01003322549
-0.9103379818,0.008676071369,0.01613632757,-0.006181830028,-0.008921353067,0.004593004353,-0.01988605671,0.009828733765,0.009122455683
-1.366079719,0.007423162421,0.01460115927,-0.005702309768,-0.01355940865,0.002682288193,-0.02099128481,0.007841785141,0.008824811816
0.2218153597,0.005972875181,0.01212944943,-0.002606800641,-0.01692238168,0.004418736282,-0.02173339281,0.01077489665,0.009378684209
4.696859549,0.00674858825,0.01500436955,-0.0009772858206,-0.01449567607,0.004417688019,-0.02464019824,0.01226786822,0.00913127911
4.276114845,0.006498661755,0.01474186233,-0.001525134852,-0.01146593004,0.0046087798,-0.02224929409,0.01061063705,0.009095821002
4.517121113,0.003169068035,0.009331881695,-0.006289298692,-0.01282476148,0.0003979165802,-0.02232987175,0.0078841385,0.00806548926
4.355794405,0.002591062813,0.01111291428,-0.005897032474,-0.01775070397,0.002122797027,-0.02092190102,0.00606726042,0.008280062754
4.471892164,0.004977462553,0.01267183926,-0.005254507202,-0.01578819179,0.003252694226,-0.02368914783,0.0102499463,0.008147028164
4.39695706,0.002272100857,0.01155005172,-0.002637667693,-0.01515667695,0.0039348171,-0.02230217488,0.01180053809,0.008130167388
4.479321361,0.0009076584695,0.008334551497,-0.005008585085,-0.01505400048,0.001449680806,-0.02397669897,0.009468246364,0.007310574429
4.418704597,-0.0009218624524,0.005389424212,-0.0074682907,-0.01491748053,0.0007037574483,-0.02319347198,0.006036276032,0.006591192652
4.449052586,5.886262806e-05,0.006277435692,-0.006806308355,-0.01513088174,0.001880041796,-0.02308347721,0.006776248398,0.008175222639
4.423095124,0.0003577464323,0.00639483468,-0.004686436801,-0.01474128954,0.001310047188,-0.02381533288,0.01083368111,0.008191622193
4.419479734,-0.001548641443,0.005261469011,-0.004906822258,-0.0185411349,0.001866594551,-0.0255944026,0.009482671913,0.007834565056
4.440492131,-0.001588681799,0.006348819209,-0.006285674781,-0.01937032557,0.001415223716,-0.02295948645,0.007906893878,0.007212497594
4.400626768,-0.004257884861,0.002751846353,-0.007890754994,-0.0155089382,0.000143107047,-0.02258336944,0.008182884549,0.007037426325
4.417406463,-0.002992991689,0.003931965498,-0.006628751125,-0.0140338593,-0.0005315539669,-0.02404103914,0.009387220465,0.008957317766
4.44941599,-0.001205583741,0.003305549967,-0.004891674111,-0.01650956444,0.00122776812,-0.02562171995,0.008453050886,0.007339152908
4.471956089,-0.002004042399,0.003363955034,-0.005845815179,-0.01811268906,0.002052440779,-0.02352072332,0.007862895411,0.008403639499
4.425372036,-0.002730067232,0.006678360102,-0.006226366587,-0.01564918778,0.002122260679,-0.02347575001,0.007337020331,0.006945300089
4.448627353,-0.003134664585,0.004669294086,-0.00589460748,-0.01371630434,0.001265467025,-0.02302012548,0.01037590491,0.006915712752
4.399503011,-0.002708859609,0.003417792215,-0.007008905197,-0.01713760425,-0.0001299361689,-0.02243914455,0.009823361908,0.007428962872
4.389206755,-0.003053815336,0.002715136955,-0.006216725149,-0.01679502131,-0.0001267830229,-0.02392652536,0.008355302806,0.009070544444
4.408462357,-0.00274385913,0.002386031745,-0.005617237391,-0.01624565369,0.0008767134824,-0.02355586533,0.008146259957,0.008726526825
4.393625688,-0.003641639244,0.008304900943,-0.004565611128,-0.01519590418,2.293366172e-05,-0.02464785737,0.009123312784,0.007250752372
4.436847364,-0.007116305922,0.001325993752,-0.007849603773,-0.01758100625,0.002148061022,-0.02391385548,0.007529675451,0.008340965756
4.34345832,-0.01148464394,-0.004705915756,-0.009475828374,-0.01987443676,-0.00222329754,-0.02508465222,0.007711087988,0.005814804427
4.565785321,-0.01164484546,-0.005859984249,-0.009722496716,-0.01764083279,-0.001249581416,-0.02265693959,0.009021702832,0.006857417513
4.180806388,-0.01122221318,-0.004208014549,-0.008932544134,-0.01729097914,-0.001525484002,-0.0239528622,0.007454865931,0.008201299937
4.828324302,-0.007834482923,-0.003006948514,-0.007244875328,-0.01670464446,-0.0006195413056,-0.02350846295,0.007242738222,0.007550405345
0.9621181666,-0.009580059846,-0.005027461262,-0.007911029125,-0.01788677128,-0.000731336298,-0.02422527701,0.005091496958,0.007467797971
-1.551566132,-0.009104541402,-0.00131214919,-0.008984987744,-0.01728491105,2.637455506e-05,-0.02351151967,0.008844752136,0.008342955301
-0.9046284886,-0.00706628883,0.001497810851,-0.009104480252,-0.01552433415,0.0008112325842,-0.02466555614,0.008442812227,0.008397445317
-1.278999044,-0.006156065507,0.0004758635106,-0.006720939146,-0.0164831957,0.0006394203922,-0.02313882927,0.00955937525,0.007424138938
-1.037155308,-0.008764492959,-0.003332170926,-0.008435825294,-0.01765520354,0.0001655062346,-0.02467288239,0.01002729112,0.007666134246
-1.18416683,-0.004744363652,0.0003398115349,-0.007445596871,-0.01636013466,0.001368610391,-0.0256810907,0.009426068463,0.008225615435
-1.142121491,-0.003603279918,0.003103833152,-0.008912628346,-0.01439794516,0.0004735127317,-0.02407969329,0.008399693519,0.01063935176
-1.180843483,-0.003494698981,0.004829255588,-0.00892534015,-0.01592511832,0.0004025562484,-0.02326243356,0.007163972959,0.00793097379
-1.108842607,-0.002851696327,0.002629307591,-0.006957431225,-0.01745368689,0.0006098625087,-0.0240212767,0.008462433574,0.007651147498
-1.132685986,-0.002254817456,0.004087687068,-0.006732149731,-0.01638916698,0.001468545806,-0.02265623033,0.009041719978,0.007814779557
-1.150784705,-0.001843780591,0.00689290864,-0.006521666234,-0.01315854058,0.0002720386168,-0.02537714946,0.01077218379,0.007132248982
-1.148086317,-0.001977753791,0.00436735489,-0.007078582661,-0.01486778069,0.001806882536,-0.0237340235,0.006828872312,0.008398295726
-1.098442213,0.0006381387757,0.00867234888,-0.005929476363,-0.01563527085,0.001907677971,-0.02275522658,0.007703887317,0.008303502761
-1.145714141,-0.000913566731,0.004462313087,-0.005524451266,-0.0132692562,0.00245113074,-0.02382341711,0.01059997161,0.01166246314
-1.153200504,-0.00104502187,0.01206473093,-0.004518636796,-0.01509548203,-0.000204070708,-0.02378868664,0.0105503385,0.008208726986
-1.10842198,-0.001147365067,0.001637037549,-0.006848227669,-0.01122318097,0.002559383118,-0.02326511904,0.01022314222,0.008427988008
-1.143896994,-0.002023387978,0.0005507795299,-0.009482770277,-0.02163747922,0.002000970053,-0.02165885461,0.009609067051,0.009540289831
-1.145760876,0.000454830124,0.009514565543,-0.005585116622,-0.01554008102,0.004002545887,-0.0245510907,0.01003660029,0.007528645217
-1.139329562,-0.001896321598,0.01069586937,-0.001948428223,3.50495298e-05,-0.0007549123275,-0.02351847342,0.00970283984,0.009599387041
-1.160308466,-0.0003902121481,0.005266098051,-0.003917761266,-0.01561803515,0.005001144875,-0.02107374868,0.003691387837,0.008418658982
-1.093855656,-0.001328919377,0.001649759573,-0.008759801681,-0.03241041993,-0.002367657578,-0.02329488724,0.006344420281,0.006957333716
-1.134637651,-0.002287929132,0.008162426316,-0.01016634071,-0.01652346971,0.008040868225,-0.02417631546,0.01452858831,0.00773917787
-1.168866753,0.005996012792,0.01388701568,-0.004158366663,0.00500267894,0.0007552830558,-0.02315631951,0.01738277087,0.008986727244
-1.123438672,0.008927845828,0.0169949734,-0.0009732406881,-0.01423362862,0.006733509806,-0.02097027346,0.003902903671,0.01128596833
-1.158456541,0.007327513137,0.01056938655,-0.0008271394159,-0.02928516488,0.00266209899,-0.01888215426,0.004490240212,0.006657296371
-1.083845515,0.006663539747,0.01486405518,-0.005537386737,-0.01561537526,0.003996763926,-0.02485924059,0.01302506228,0.009740906521
-1.139474417,0.00765519455,0.01846083425,-0.004423370919,0.001291987085,0.005205985611,-0.02371766024,0.01703300622,0.009093259128
-1.125872482,0.004901414321,0.009196165517,-0.005728519772,-0.01362934982,-0.0005886535145,-0.02168616562,0.009738634287,0.007241362476
-1.11858537,0.004112270122,0.0120161524,-0.001529337359,-0.02602770572,0.006891535774,-0.01881346636,0.002462408093,0.009034860647
-1.145386512,0.003314192055,0.00892984908,-0.001480273776,-0.01053457763,0.0009509392112,-0.02650622837,0.01016476971,0.006611729109
-1.150119039,0.0036369773,0.01915768408,-0.003221137147,-0.007181616523,0.006362058224,-0.02404646191,0.009380532863,0.01164520973
-1.109116605,0.003784588456,0.006079231511,-0.007324623533,-0.01736093837,-0.0006392179619,-0.02326392572,0.01228326376,0.006037956199
-1.151432424,0.001900138243,0.003675843472,-0.007577808928,-0.02513589821,0.0006912020367,-0.02205864032,0.004712675827,0.008864559617
-1.165827782,0.000642920236,0.01056486764,-0.00384309193,-0.006318508102,0.003825102394,-0.02385032516,0.01127679905,0.006601614682
-1.132167984,-0.0006779936413,0.009182288224,-0.004725730549,-0.01159385298,-0.001348733837,-0.02223179765,0.008717763248,0.008268968196
-1.153765346,-0.001789526819,0.005868963917,-0.004792072386,-0.02357268277,0.005158410113,-0.02377774346,0.00589513944,0.00806432291
-1.140421443,-0.002410353173,0.002010222898,-0.007886474285,-0.02442915735,-0.005423090683,-0.02476045759,0.008511259438,0.005397347405
-1.146104409,-0.002448311484,0.006852776561,-0.00681106996,-0.003885387062,0.006005162827,-0.0246661151,0.01062181304,0.01101350284
-1.105598172,-0.003541340554,0.005146380392,-0.005742304624,-0.01310980689,-0.004736242971,-0.02159236753,0.01075928899,0.006435039813
-1.11145464,-0.003742956926,0.005239452547,-0.008759640271,-0.02552999891,0.003888199757,-0.02386011503,0.003180082962,0.008977485426
-1.206373533,-0.00368540879,0.004428380972,-0.005498510162,-0.02168548035,0.001445279483,-0.02411522857,0.01099053366,0.004320689458
-1.075025645,-0.002249173294,0.007317479303,-0.004782192789,-0.005633074476,0.002607448669,-0.02420732679,0.005726527394,0.009452634309
-1.12334359,-0.003086582754,0.002442742017,-0.007054488575,-0.007633364401,-0.0009707521796,-0.02183059596,0.01014070818,0.009266882507
-1.115587969,-0.003747942263,0.003396285009,-0.008046682063,-0.02729090553,-0.002004408679,-0.02301972409,0.006309591608,0.006028121238
-1.155378914,-0.003619928494,0.004975778852,-0.004757910629,-0.01706099892,0.004304921858,-0.02498554979,0.01210811579,0.008808839705
-1.098757057,-0.004088551129,0.00677216493,-0.004197555293,-0.01310303636,-0.001188803958,-0.02521348718,0.01071410566,0.004239364125
-1.104385182,-0.002213465329,0.004717100496,-0.006936014087,-0.01649555145,0.0026162825,-0.02199708411,0.007518980771,0.009000818284
-1.10866285,-0.00313329767,0.001044461849,-0.007581290813,-0.02477843358,-0.001377987286,-0.0240202057,0.008315810211,0.007112951913
-1.11585092,-0.002939083046,0.005826857961,-0.004937866296,-0.01154479505,0.002646552897,-0.02421266754,0.01017442195,0.009404075927
-1.153870061,-0.00984345142,-0.00233135056,-0.007782006802,-0.01130269068,-0.002246697942,-0.02412612867,0.01240611046,0.005924281052
-1.113964254,-0.01308189729,-0.003652806503,-0.01017598039,-0.02350832055,-0.001201650988,-0.0222888967,0.003750644623,0.007191684328
-1.109154355,-0.01277207105,-0.01006716267,-0.008648732942,-0.02179932725,0.000979479063,-0.02569983174,0.005803269065,0.006081433338
-1.100351696,-0.01097880321,-0.0005706730987,-0.008760489487,-0.01453629486,-0.001719689504,-0.02562531142,0.0076142138,0.00628459592
-1.116654295,-0.008947279026,-0.002514700009,-0.009688158711,-0.006407446467,-0.0003017405918,-0.02388315286,0.01022964048,0.007856874767
-1.095101668,-0.009806220493,-0.0004672068153,-0.01086195336,-0.02520081424,-0.003586724358,-0.02467253748,0.00783455127,0.007808129482
-1.160206449,-0.007593304348,-0.003127039374,-0.006145183924,-0.0168580682,0.002480373035,-0.02403303223,0.006272737301,0.007671150138
-1.154260854,-0.007399015052,0.003270473449,-0.005668045638,-0.01562542493,0.003316648137,-0.02495726047,0.01145273268,0.006354682434
-1.149606099,-0.008640438146,-0.001791483387,-0.01030888503,-0.01207353248,0.001082337883,-0.02414773176,0.01190071063,0.008847453642
-1.113791388,-0.005993172319,-0.0008464517766,-0.01043512431,-0.0244439399,-0.003520135588,-0.02391056666,0.006056248974,0.009454346627
-1.115500125,-0.005950244389,0.002381411514,-0.00669069083,-0.01604596917,0.00185729479,-0.02292121147,0.008968653014,0.008152553358
-1.118017988,-0.003406068369,0.003601612197,-0.005722315174,-0.00925343516,0.0002349268592,-0.02247628544,0.009733798781,0.008035752523
-1.144563135,-0.004523964412,0.007203096406,-0.00512262045,-0.01702057796,0.001741756376,-0.02262877744,0.00921356949,0.006495169214
-1.122720072,-0.003060453863,0.002385057463,-0.009525818655,-0.01775815626,0.000374153004,-0.02667176516,0.008192130608,0.006913080811
-1.142752532,-0.0006280160324,0.004695528326,-0.006631076255,-0.01717624605,0.003879462711,-0.02234170201,0.008538806723,0.008547297883
-1.089868966,-0.002248220741,0.005854685694,-0.006490019795,-0.006712005731,0.0003227167757,-0.02327542963,0.0105376518,0.00951856883
-1.110396713,-0.0009616800638,0.007207035254,-0.005904758105,-0.01811231197,0.000955476515,-0.02156405334,0.007009965245,0.008521144435
-1.106866174,-0.001738052082,0.006950303936,-0.007976812497,-0.0164762314,0.002015330932,-0.02330762447,0.01036574913,0.007939792989
-1.168170658,-0.001268004802,0.004907344691,-0.00524814712,-0.0154307382,0.001939163018,-0.02325633222,0.01025183334,0.007317756032
-1.147314036,-0.001076933269,0.006827604583,-0.00542147389,-0.01227716944,0.002872508772,-0.02228897319,0.01054240139,0.008012923541
-1.141029934,-0.0003018953806,0.00550871232,-0.007061144356,-0.01585519338,0.0005262007973,-0.02343438983,0.008194853876,0.008589834922
-1.149433138,-0.001194614776,0.006141281977,-0.004331163203,-0.01985757178,0.003434497223,-0.02399933175,0.01107720237,0.01139100491
-1.153410868,-0.002014520557,0.008323155389,-0.004235920427,-0.01318107447,0.00194631695,-0.02595607967,0.01085958208,0.006211757196
-1.143652038,-0.00133932461,0.008334780308,-0.008207436053,-0.008558719525,0.002197496282,-0.02044121219,0.00868295725,0.00858581682
-1.095323172,0.0001714118828,0.00377168624,-0.01363743607,-0.01398993999,0.0007940560561,-0.02251990615,0.006399410881,0.008306623537
-1.143153053,-0.0009807026064,0.004505640298,-0.004660631977,-0.01956577878,0.001617634409,-0.02347584902,0.007395639244,0.009280878196
-1.105808567,0.003206454327,0.006764530788,0.003082996543,-0.01544393207,0.003034775205,-0.02552340003,0.01501549899,0.009403559298
-1.141123024,0.00775124253,0.01924755511,0.001186843721,-0.0104750997,0.001783118872,-0.01857060479,0.01394094456,0.01010026507
-1.120843057,0.008482511626,0.01597725173,-0.009723747412,-0.008420491591,0.003882487711,-0.02379801795,0.006155806221,0.009300612629
-1.090701782,0.005197955978,0.01313957817,-0.01016422351,-0.01659794972,0.003781871206,-0.02098473688,0.003973454718,0.008943449157
-1.125842534,0.006690693547,0.01141141077,-0.003950961757,-0.01457546419,0.004616641558,-0.02215136043,0.01311456792,0.00952811711
-1.12002428,0.006108108472,0.01435011576,0.006363690796,-0.01740248029,0.001853672242,-0.02208692791,0.01682731944,0.009017099325
-1.153438923,0.005611714304,0.01502799322,-0.001059999114,-0.01178725856,0.003996466026,-0.02656206234,0.01284066824,0.00819509108
-1.121258434,0.002764275446,0.009018996352,-0.006715951519,-0.01571706028,0.002241207986,-0.01868546901,0.00479942283,0.00670419707
-1.109106335,0.002408142164,0.01060961927,-0.01168052316,-0.01123413213,0.003926352011,-0.02366306416,0.005710582527,0.009449353469
-1.1322536,0.003979123651,0.01174016163,-0.001682935899,-0.01330544892,-0.0004566902758,-0.020476054,0.01122572833,0.0082562938
-1.187449865,0.002040136368,0.01370851988,-0.0008415633117,-0.01777033863,0.002995050264,-0.02610372104,0.01290529111,0.009899777048
-1.139305182,0.0006673360639,0.005944858178,-0.001876930848,-0.01843089777,-9.48652007e-05,-0.02265570491,0.01184806178,0.009024379704
-1.154054427,-0.001661779977,0.007897097599,-0.007286614088,-0.01790866496,0.001945083594,-0.02311161619,0.004697945196,0.00481080332
-1.090866791,-0.002788315353,0.006982037995,-0.009582782804,-0.008982438126,0.0004752683987,-0.02191966364,0.00786915629,0.007335723053
-1.163303629,-0.001482144158,0.002488752305,-0.006438769538,-0.01633760287,-0.001039385939,-0.02427315216,0.009380198553,0.008146813879
-1.143357268,-0.0008254170372,0.01016870549,-0.00408340468,-0.01965066466,0.000207786775,-0.02442714922,0.01013416177,0.00906054968
-1.148368371,-0.001876045686,0.004001102865,-0.004088197006,-0.01944733321,-0.0003746929644,-0.02351170941,0.009358096655,0.005962936978
-1.089290224,-0.004716012375,0.007519392208,-0.00704127457,-0.01655352152,0.003418638569,-0.02235258135,0.007602061951,0.007170753794
-1.149040278,-0.003986486217,0.00470745758,-0.01110071304,-0.01202450456,0.0008764718167,-0.02452190138,0.009553285947,0.006054175213
-1.174095378,-0.003163670515,0.002452650042,-0.0084366448,-0.01651685157,-0.0002490975028,-0.02206195815,0.006496323052,0.008390739203
-1.062179292,-0.001368847956,0.004176603051,-0.003939728475,-0.01677490214,-0.000195945251,-0.02547544691,0.01011362634,0.008354598973
-1.173548435,-0.001297754348,0.00767777874,-0.003977149032,-0.01496778751,0.0004216576766,-0.02197101721,0.006141206847,0.009788603326
-1.127693349,-0.00400323151,0.006989558536,-0.004276743598,-0.01807717177,0.002972989416,-0.02481930686,0.008761079299,0.00599670619
-1.149087225,-0.004273522645,0.00304125029,-0.01202955979,-0.0174633568,-0.0001663631711,-0.02191289081,0.009292311989,0.006602315447
-1.084795851,-0.003658758591,0.003523618985,-0.007020189567,-0.01360220049,0.001740270843,-0.02347559495,0.009659582871,0.006057606085
-1.080143754,-0.003553007828,0.003729236467,-0.007095701444,-0.01468969825,-0.002778363317,-0.02474129967,0.009757520383,0.008377451886
-1.112235701,-0.001304245931,0.004566642971,-0.00278883428,-0.01624078554,0.001794878545,-0.02321118393,0.006458190353,0.009359246777
-1.065334449,-0.007468653631,0.00147919187,-0.008016137462,-0.02231350265,-0.001592917697,-0.0244275332,0.008177403327,0.005553457121
-1.147269401,-0.0142727107,-0.004902686932,-0.01002528464,-0.01763359393,0.0007273009496,-0.02415375547,0.007972879037,0.007263484625
-1.059403337,-0.01128202318,-0.003447285422,-0.01082850007,-0.01714127475,-0.002548560633,-0.02474837413,0.01067787336,0.004825922368
-1.240052485,-0.009403616179,-0.006329061878,-0.008834573344,-0.01447126696,-0.002296408241,-0.02431597126,0.007225429205,0.009473639668
-0.8501078216,-0.008810401185,-0.005187862867,-0.007402547689,-0.01945692753,-0.002012427193,-0.02418227968,0.006042209764,0.008207752752
-1.494792375,-0.009571659457,-0.0005340553444,-0.009186271128,-0.01869222172,-0.0004434030868,-0.02531341277,0.008019629371,0.008433188449
2.594784457,-0.0085864878,-0.000448070484,-0.01212251976,-0.01172661356,0.001472707858,-0.02421248649,0.008346124823,0.006927170747
4.868816847,-0.007328869094,0.002996334922,-0.006218455026,-0.01709496109,-0.0005921400512,-0.02353696686,0.009138661006,0.006725366392
4.211621323,-0.006791752825,-0.006884033045,-0.007901246008,-0.01646825869,0.0008313221637,-0.02230678732,0.008483148533,0.009289750776
4.540136474,-0.008190990714,-0.001683452467,-0.004279291762,-0.02016821554,-0.002597457039,-0.02397841743,0.009803237154,0.00598596895
4.356022343,-0.005080072259,0.001778133851,-0.00890841331,-0.01334838173,0.003432143518,-0.02507526572,0.008972625832,0.0103363348
4.488297823,-0.0044896905,0.004774017187,-0.006946596833,-0.01292595318,6.521791975e-06,-0.0240364015,0.009308624337,0.007557240501
4.416235634,-0.002891878529,0.003481366403,-0.009299466272,-0.01729879879,0.002918257978,-0.0226091117,0.006184734563,0.008787548296
4.42513562,-0.003777486675,0.001859407681,-0.005377796493,-0.01339115316,-0.0002982371763,-0.02226102236,0.007643556925,0.007585541369
4.421329224,-0.002792285398,0.004044507791,-0.005101362444,-0.01541641135,0.002026104665,-0.02387627946,0.01063688199,0.00810872396
4.414366173,-0.002553754506,0.004865317899,-0.006358772078,-0.01518971507,0.001395429844,-0.0236914324,0.01095198778,0.00943659012
4.43861347,-0.001342463424,0.003445735213,-0.00939322613,-0.01614041709,0.0006232767812,-0.02414537742,0.009550764615,0.006598007567
4.452183585,-0.001197993196,0.006740467382,-0.007019423188,-0.01481500119,0.003016340443,-0.02252457556,0.007716710583,0.01027265766
4.446015017,-0.0003733044139,0.005745420224,-0.005828322881,-0.01185754925,0.001416597754,-0.0216240708,0.008988605055,0.007563953072
4.394901418,-0.001554880688,0.00741236216,-0.004592373619,-0.01587765113,0.001632412595,-0.02409827834,0.009146434966,0.01024854376
4.436492508,-0.001651265909,0.004196372755,-0.007344803818,-0.01689003456,0.002174087132,-0.02413687388,0.01013145296,0.007200926263
4.439369448,-0.001656080988,0.00716603988,-0.006419575984,-0.01377907388,0.001459428793,-0.02357729752,0.009935889096,0.008164090002
4.384163208,0.0002722201124,0.004748197069,-0.007147180828,-0.01449223176,0.002923757348,-0.02289838387,0.01036980578,0.01062174401
4.435405354,-0.001178055448,0.008175295952,-0.005815473523,-0.01340821621,-0.0007547352011,-0.02226737806,0.00802049288,0.008622327433
4.437344616,-0.0002662770895,0.004646221618,-0.00532837933,-0.01449178589,0.00409127982,-0.02392847113,0.009608516145,0.008367665484
4.386715307,-0.001250021481,0.006381977788,-0.006305268468,-0.01741615894,0.002003767964,-0.02283562002,0.00973372501,0.006991182883
4.411908274,6.138332504e-05,0.008084699087,-0.004070356903,-0.01210675677,0.00480947584,-0.02342899948,0.00940333422,0.007855243543
4.413828527,0.008575737588,0.01130969552,-0.004291531694,-0.0133162094,0.003025088676,-0.02197251365,0.01134718924,0.01014965349
4.46280222,0.00988802236,0.01672638507,-0.003157847672,-0.01399116141,0.004168095218,-0.01956397289,0.01117562499,0.01102358259
4.385353871,0.007664908939,0.01400401326,-0.003957825974,-0.01518231609,0.003940141108,-0.02211148988,0.01062585009,0.009310806243
4.501829874,0.004970302306,0.01529519662,-0.003967379747,-0.01410355748,0.003533086125,-0.02154344141,0.01001330618,0.009095720074
4.341082571,0.006690049562,0.0141475339,-0.003856623771,-0.01424736326,0.004020129432,-0.02070837912,0.009915814029,0.00855878717
4.675797128,0.005135448574,0.01138334375,-0.003024200635,-0.01489795502,0.002709004032,-0.02205863064,0.01031824073,0.007833266473
3.343430333,0.003664790335,0.009991448332,-0.004759432964,-0.01356685562,0.002233015741,-0.02314448692,0.01033381828,0.007871226176
-1.252781544,0.003609055548,0.01111611302,-0.005695148747,-0.01409853838,0.002305286946,-0.02087513599,0.008550289137,0.008083646892
-1.03625867,0.004023654146,0.01250869607,-0.002614112488,-0.01287120917,0.003318400088,-0.02310625745,0.009369134167,0.007881091026
-1.20580305,0.002396931192,0.01074809122,-0.00372679751,-0.01926064913,0.00200069944,-0.02240196221,0.008420655229,0.009323123666
-1.084889609,0.001206698718,0.0073466627,-0.006002556617,-0.01423431261,0.002234855772,-0.02355867316,0.01071578459,0.007046937982
-1.173880297,9.913267066e-05,0.006373088324,-0.007088512173,-0.01613205608,0.0002128575503,-0.02327366579,0.01201652319,0.006713604228
-1.15084664,-0.0007517160613,0.007838833691,-0.00780636209,-0.01515690946,0.001883555831,-0.02368696686,0.007661121593,0.007183939078
-1.1343106,-0.002014811319,0.006799623857,-0.005964056623,-0.01948648501,0.001051079519,-0.02283398475,0.008635633983,0.008770325928
-1.145226519,-0.002453911321,0.003523188075,-0.004357334096,-0.01797721618,0.001838439867,-0.02337535448,0.00711709609,0.00933329751
-1.151078498,-0.001201599674,0.007427170752,-0.005482925745,-0.0146551898,-0.0005465214149,-0.02462911485,0.009450662345,0.007560954595
-1.143789401,-0.00477651561,0.003123808194,-0.009269484338,-0.01520807838,0.0006755384008,-0.02309389575,0.007955838896,0.00747245363
-1.143519487,-0.002947224111,0.006112638387,-0.007522192784,-0.01643133074,0.001405938279,-0.02456961612,0.007763652918,0.006055963567
-1.134602028,-0.001474575386,0.004976806142,-0.005976466717,-0.01731444151,0.001164825413,-0.02388925503,0.008570541515,0.008072611918
-1.083616941,-0.002526986596,0.007039124792,-0.00598760276,-0.01655901487,0.001001239513,-0.02260946558,0.01037909668,0.007260781546
-1.134131446,-0.003058386831,0.004032857973,-0.005549925256,-0.01528747538,0.001119016717,-0.02334602665,0.009121229543,0.008449495347
-1.127671672,-0.003867652041,0.00285805257,-0.008557335247,-0.01553653108,-0.0001119120369,-0.02349395267,0.008094045219,0.008104122023
-1.214817965,-0.001736315123,0.004762001377,-0.005107526478,-0.01618813053,0.0007160113662,-0.02322366211,0.009200865827,0.006671959933
-1.155196849,-0.002684787957,0.003550360831,-0.007367797999,-0.01471133238,-0.0004104840623,-0.02534598234,0.008752012874,0.008988480413
-1.109295383,-0.004895068227,0.01042697705,0.0004233829758,-0.01808064424,0.0008002565616,-0.02244988907,0.009360529842,0.007209147893
-1.106265116,-0.002833121739,-0.001936627668,-0.007001994611,-0.01816933624,0.0005851942784,-0.02650425818,0.00906599474,0.008335777474
-1.104990841,-0.006122650234,0.0006439228788,-0.01792743356,-0.02327701997,0.002008697353,-0.01997230966,0.006040975938,0.006896433848
-1.115703629,-0.01049716003,-0.001672878835,-0.01127493915,-0.009043526312,-0.003721907925,-0.02709439279,0.005250390264,0.006572570773
-1.157448087,-0.011787355,-0.0009269380544,0.0001965762306,-0.006104233381,-8.630124367e-05,-0.02768058894,0.007862451514,0.01107804304
-1.138984037,-0.01092557728,-0.006184947628,-0.001955525151,-0.0236571704,-0.001217760402,-0.02010897834,0.008744087009,0.00526844101
-1.141552679,-0.0111492698,-0.006649474142,-0.01363937787,-0.03435574024,-0.001253805506,-0.02636023294,0.004911662668,0.008050490622
-1.132891622,-0.0103908964,0.0008950540315,-0.01923162049,-0.009386763641,0.003342337658,-0.02700737509,0.01326015547,0.006682108728
-1.154414092,-0.008929337831,-0.003426766297,-0.01049652864,-0.001827910243,-0.005178891688,-0.02303764215,0.01296652605,0.008873424196
-1.102425965,-0.007284390057,0.00339224779,-0.001081623533,-0.02191594908,0.003993375159,-0.02173021669,0.001966525052,0.0112520484
-1.161747662,-0.006915671685,-0.004803019195,-0.001915190401,-0.02858908533,-0.003051431237,-0.02214741059,0.004453832477,0.004987738087
-1.153752672,-0.008362581119,0.002525397721,-0.01228172947,-0.01590539068,0.005496983803,-0.02776542276,0.01228521896,0.009828847183
-1.142440856,-0.006464273673,0.002828961477,-0.01264638201,-0.0004885311444,-0.0007324025057,-0.0246064382,0.01468307699,0.005899158439
-1.162053684,-0.004953989127,-0.00527026122,-0.01157700535,-0.02238471748,-0.001043954949,-0.02228742049,0.001887468558,0.009041626522
-1.104308079,-0.003123885121,0.005796128965,-0.002872198252,-0.02325091045,0.00304410532,-0.01913281561,0.006705445474,0.009799570062
-1.138891692,-0.001687620186,0.003508956595,0.000558244626,-0.01015986858,-0.001055077517,-0.02638157979,0.01159948969,0.008376841822
-1.159594527,-0.003289674196,0.01184886845,-0.006876206232,-0.006490598687,0.007317615533,-0.02463260297,0.008840573149,0.01041847617
-1.089256577,-0.003289192568,-0.004456164362,-0.01615805774,-0.02468125737,-0.005375646954,-0.02174782578,0.009811721383,0.005034427516
-1.139859613,-0.001566124781,0.005142125506,-0.008263581991,-0.02087989897,0.006540632483,-0.0229023479,0.00678911214,0.009850128539
-1.131590071,0.0002156723645,0.008078577389,0.0001434859318,-0.003471128172,-0.00149983724,-0.0257173293,0.01594664351,0.007819610797
-1.123289645,-0.001898235208,0.01170383917,-0.00153187357,-0.0159031003,0.002751515825,-0.01982999529,0.006703386931,0.0102913248
-1.152090598,-0.002449192568,0.004358016181,-0.01083163338,-0.02476016089,0.003040842919,-0.02424617161,0.008772755091,0.006667261215
-1.121701682,-0.00232618819,0.004084859139,-0.00976968442,-0.01232374234,0.001442448114,-0.02315204762,0.00427621441,0.007091156583
-1.107618808,-0.001827013158,0.004988971398,-0.004994125541,0.000238511239,0.003746673396,-0.02481669986,0.01476425544,0.009540649767
-1.13848203,-0.0004242089908,0.005866616134,-0.005236595419,-0.01995427054,-0.00345318231,-0.01903203086,0.01068335361,0.008477103728
-1.124972206,-0.001408239123,0.006985398689,-0.003178974299,-0.02370059299,0.007426790862,-0.0241910686,0.006170603419,0.008195017103
-1.128192991,-0.002220715859,0.005976783283,-0.007165734079,-0.01666997152,0.0009998117211,-0.02363166046,0.01131850341,0.007102866866
-1.13543731,0.0003594486518,0.01072386102,-0.007509395544,-0.003217094832,0.006284352504,-0.02244990321,0.007744512965,0.009127360509
-1.121189512,-0.002694318115,0.0007065171598,-0.01001074796,-0.01565765355,-0.002357657946,-0.02276532317,0.009776842589,0.008486429611
-1.137749854,0.005426188111,0.01143652979,-0.001684664265,-0.02068088196,0.003536250478,-0.0231975136,0.007683495747,0.01036026272
-1.106172401,0.006760483893,0.01578863561,0.001060494272,-0.01290614574,0.005979651319,-0.02308425956,0.01911130036,0.01029596172
-1.167256461,0.007495150015,0.02097577804,-0.002927597428,-0.01099515754,0.004095490142,-0.0218599389,0.01015055646,0.007916169935
-1.132287385,0.006714261759,0.01169731834,-0.006041246223,-0.01491876008,0.005047141898,-0.01970525321,0.007288670732,0.007057200101
-1.136426371,0.00628054472,0.01222730133,-0.006588192433,-0.02074767038,0.003456979628,-0.02255333969,0.005782517225,0.008635454574
-1.091419544,0.007189022957,0.01472057065,-0.0004525247418,-0.003277572383,0.007265352165,-0.02356901839,0.0111312219,0.01188787583
-1.178433617,0.004216225974,0.01369566722,-0.003156230837,-0.01535114017,-0.001077057774,-0.02438964197,0.01152673763,0.00907008319
-1.142290696,0.00121226555,0.01402552089,-0.00794814342,-0.01783627717,0.002845775511,-0.02189807982,0.008221593248,0.009671462362
-1.127165456,0.002227564007,0.00708285273,-0.005159184147,-0.01921491291,0.001122996543,-0.0239049403,0.01012387981,0.005973464488
-1.114480373,0.00396392679,0.01375419733,-0.004960000478,-0.004645351998,0.005244954173,-0.02223052414,0.007514465989,0.009499940796
-1.081785426,0.0005132151545,0.007225300095,-0.003240639722,-0.0173027588,0.002449155833,-0.02335572988,0.01210973598,0.008748531626
-1.161091186,-0.0008253735569,0.009576323966,-0.005961258259,-0.02537367857,-0.0005765388981,-0.02621664642,0.007868006935,0.01031840452
-1.14914315,-0.002440465336,0.009069717523,-0.004472992078,-0.01318797664,-0.0004732644029,-0.02490304979,0.009334551735,0.006986860293
-1.09034203,-0.001971297131,0.005768555113,-0.008782154441,-0.01271634361,0.000159485121,-0.02163838098,0.009934268009,0.007440088974
-1.119671336,-0.002434009122,0.005708598188,-0.007362726198,-0.01452925405,0.002980299757,-0.02191500581,0.009859778612,0.006994728747
-1.14706087,-0.00204241281,0.005413496404,-0.005430358094,-0.0242548186,0.003055696237,-0.02498084339,0.004745525646,0.006500705104
-1.201321921,-0.002302933996,0.00415771539,-0.003538663977,-0.01299510524,0.001849648079,-0.02793918818,0.007797149867,0.008601927708
-1.134334441,-0.003213004589,0.003359047573,-0.006891429314,-0.01447787456,-0.001017374493,-0.02256988426,0.008950236732,0.006601745799
-1.145407007,-0.003518940258,0.006562101258,-0.00930415649,-0.01437970416,-0.001243126948,-0.02147402594,0.007744894887,0.008896772545
-1.118074511,-0.003382295206,0.005667997976,-0.008239894988,-0.01799896957,0.002372897541,-0.02419708156,0.008660253416,0.007116864872
-1.160720719,-0.000917042972,0.005871871991,-0.004512174596,-0.01854932022,0.003204286482,-0.02325862436,0.01307104079,0.008653338894
-1.126122425,-0.003775235593,0.008249111184,-0.003884277016,-0.01521806968,0.001505657163,-0.02440432791,0.008446700288,0.006944316546
-1.135528691,-0.004192715346,0.003100683096,-0.006872761396,-0.01935539469,0.0001528138493,-0.0236887371,0.004107738612,0.009157651835
-1.136610583,-0.003203755481,0.003686268049,-0.007923743922,-0.0172855921,4.351295339e-05,-0.02409604724,0.008014499097,0.008703362768
-1.120518249,-0.003962495734,0.004891254298,-0.007260150783,-0.01063430878,0.0007236996445,-0.02390279999,0.01095704153,0.006906407284
-1.119335671,-0.002935781964,0.003969637151,-0.004020654466,-0.01617464813,-0.0001318422327,-0.02373514589,0.01148853471,0.007625131606
-1.124257674,-0.002975997912,0.004168041461,-0.007198765398,-0.02207271306,0.002133989171,-0.02295926705,0.007174007602,0.005250313466
-1.108932675,-0.01096784266,-0.004470676797,-0.005348084615,-0.02156227807,0.0008267137027,-0.02451555651,0.005570407208,0.006746771314
-1.107775054,-0.01329024892,-0.005055111475,-0.00972396157,-0.01402582844,-0.0003273238145,-0.0258914651,0.008543021231,0.006020144689
-1.121921731,-0.01017948097,-0.0002725302987,-0.01484650461,-0.007928204459,-0.003214852518,-0.02327395687,0.008714128452,0.008894481084
-1.150805957,-0.009846544175,-0.005282708238,-0.01507905676,-0.01669527115,-0.0007172457119,-0.02458647645,0.003755999516,0.008157669235
-1.108157061,-0.01117951444,-0.00719835435,0.0006685495637,-0.02754975625,-0.0001814094585,-0.02618825684,0.008674480889,0.007137010021
-1.143403132,-0.01055827604,-0.007069705346,0.001206258144,-0.01952158274,0.002838610306,-0.0243323578,0.01531853953,0.006643039643
-1.116728497,-0.008496942121,0.005729820803,-0.007308731234,-0.008584317846,-0.002226257421,-0.02289248442,0.009333759225,0.006022894612
-1.125801066,-0.004940374213,0.003412163041,-0.02044318931,-0.0117167539,0.002299852251,-0.02650522587,0.002018665315,0.008240042377
-1.156906332,-0.008980997604,-0.006007929285,-0.0153782994,-0.02534843349,-0.001327293905,-0.02044746884,0.006958268969,0.008658750627
-1.114945526,-0.007818108302,-0.003002098859,-0.002006153921,-0.02021812905,0.002258356043,-0.02434253468,0.01464126343,0.009563676671
-1.145284344,-0.00536069188,0.002982794824,0.006518516035,-0.008611969122,0.0008651408547,-0.02492422464,0.01594193869,0.009209194671
-1.114047782,-0.003844795723,0.0008854750146,-0.006014749741,-0.01374747257,0.003322613232,-0.02263300376,0.006011714275,0.006471648492
-1.111866175,-0.005228302582,0.004971824023,-0.01711385734,-0.01834095118,0.001118112396,-0.02055791182,-0.0001255897259,0.006584898256
-1.116012263,-0.003423978925,0.0008215176235,-0.0125104896,-0.01121065471,0.00204739107,-0.02527712632,0.00799572371,0.007765847118
-1.098122933,-0.0004133036015,0.007845323015,-0.0009208764135,-0.01468522274,-0.0001534318593,-0.0255638099,0.01747939573,0.01100669143
-1.103165094,-0.002019805685,0.004020146476,-6.810814436e-05,-0.01933940836,0.001945595924,-0.02602173209,0.01265890328,0.008359720894
-1.061977009,-0.002126292856,0.001205384431,-0.00441790934,-0.02007807217,0.003578815138,-0.01979720997,0.002967306371,0.006356407374
-1.128056614,-0.001524934164,0.008269081805,-0.0118615248,-0.009911197472,0.004570548667,-0.02235577256,0.0088828343,0.00629911148
-1.144208595,-0.001316627206,0.005465350638,-0.008825135591,-0.005377120846,0.001474617894,-0.02300187569,0.0116368652,0.008885509233
-1.115319422,-0.0009881025717,0.004239009722,-0.006260647046,-0.01565108707,-0.001135906432,-0.02451325076,0.009963602848,0.009608026528
-1.139309739,-0.001084463422,0.001859882217,-0.003561455817,-0.02422939833,0.001187205648,-0.02235689439,0.006330743717,0.008621143038
-1.156404667,-0.000612195886,0.006872362853,-0.003227933131,-0.01626921352,0.004633704789,-0.02182559904,0.01068696608,0.007048778362
-1.103339187,-0.002695109901,0.01220092128,-0.007177256319,-0.007729460434,0.004595395925,-0.0235416571,0.01209509535,0.007147295135
-1.114544218,-0.004325947441,0.003379009453,-0.01150525251,-0.0106913457,0.00110955221,-0.02249705404,0.007139943825,0.009976858485
-1.115916494,0.0005401279653,-0.0008598004727,-0.008515876615,-0.01800550374,0.0008625003755,-0.02218434754,0.008487689351,0.009556227034
-1.109726118,0.00153319569,0.00621887102,-0.001937456227,-0.01563370756,0.001449787369,-0.02445404864,0.008989001474,0.01009346333
-1.120094003,0.004220511676,0.01319699302,-0.001236314582,-0.01206280529,0.005351227345,-0.02273696639,0.01113014156,0.008310604579
-1.141065321,0.006600536849,0.01795237854,-0.005966304995,-0.01372099452,0.006543720108,-0.02164726384,0.0120829328,0.007220900212
-1.091721459,0.00572930882,0.01237264937,-0.006498367553,-0.01348348966,0.005923313351,-0.02133494261,0.009823836162,0.007826962965
-1.149163865,0.007522070901,0.01403357967,-0.00322441345,-0.01093928735,0.002877660189,-0.02209208964,0.009716418884,0.01008335758
-1.039418273,0.007366544137,0.01029386509,0.000883667059,-0.01349807663,0.001689961965,-0.02172898975,0.01209110396,0.01174732605
-1.187239084,0.0065600885,0.01774505076,0.00030469523,-0.01809997561,0.0030022945,-0.02320830029,0.008939817086,0.009731340014
-1.023975903,0.004676967046,0.01396628238,-0.006727927147,-0.01639829973,0.004324073155,-0.02299391714,0.008754031636,0.007575310351
-1.394088268,0.00223772704,0.009537263612,-0.006808743111,-0.01468886366,0.003323486693,-0.02174777791,0.01129172934,0.006895421165
0.106171155,0.002598538475,0.01308196602,-0.00359821664,-0.009621162113,0.001292073591,-0.02330945169,0.0107794334,0.008530091861
4.670479354,0.004003467495,0.007431371849,-0.0007617005365,-0.01429535262,-2.440830896e-05,-0.02128812607,0.00811128871,0.01135126053
4.352851453,0.002129123901,0.00979251638,-0.004266401689,-0.01923937536,0.001220955939,-0.0229438417,0.00814351697,0.008807841883
4.543152617,0.0006786323997,0.009097567767,-0.007109017144,-0.01321307442,0.003600462043,-0.02384209971,0.00860711718,0.00761567601
4.38204624,-0.001777112265,0.009635441492,-0.008101037877,-0.01198931858,0.002689808387,-0.02336670899,0.009200914485,0.005434090092
4.464946096,-0.00128552448,0.004451407403,-0.004237619276,-0.01674684459,0.00200572195,-0.02233309614,0.008692204874,0.006932820706
4.441162153,-0.001413595603,0.003148928446,-0.003847110797,-0.02228757044,0.001074690787,-0.02229894981,0.007988973134,0.007154019595
4.415009037,-0.00117843942,0.006841844226,-0.004817550938,-0.01689002884,9.278425094e-05,-0.02655834136,0.009331372733,0.007576294714
4.422202158,-0.001362955969,0.006306009358,-0.007969622528,-0.01408939713,0.000705488486,-0.02511694133,0.008430662457,0.009342604178
4.44520423,-0.006174133747,0.005349533025,-0.008990734878,-0.01545405681,0.0008699573907,-0.02462325291,0.007414634093,0.006762782601
4.411550059,-0.002991902499,0.001966766831,-0.004849178886,-0.0182409789,0.00248367073,-0.02180843139,0.006557521771,0.006401714217
4.406957087,-0.001715216527,0.003315943566,-0.00311753956,-0.01692060765,0.001170481672,-0.02234869167,0.01129894355,0.006871563161
4.440603969,-0.002655770552,0.005473374325,-0.005367089066,-0.01530345659,-0.0005805112181,-0.02511540239,0.01376815284,0.007488544314
4.468384234,-0.00355527851,0.003872475955,-0.005816132067,-0.01588622497,0.0007186582422,-0.02423135806,0.008848910202,0.008512438541
4.426266912,-0.002368641923,0.003327702464,-0.007046268226,-0.01519447131,0.0003872681906,-0.02178943671,0.007612983542,0.007037513804
4.426465672,-0.002748312816,0.007089542163,-0.006589618474,-0.01511157786,0.0009827007947,-0.02138312633,0.008742503742,0.007201141884
4.422209088,-0.002721607065,0.006886824052,-0.005270404465,-0.01409789618,0.001397354857,-0.02586502658,0.0110502106,0.00622575808
4.440304764,-0.00328762373,0.004324450067,-0.005045593505,-0.01809067096,0.0006348634686,-0.02454945983,0.008699266821,0.008199364996
4.410466062,-0.003930715018,0.003840330356,-0.00621018335,-0.01875925802,0.001236436667,-0.02240125794,0.008379242801,0.007048738951
4.436229369,-0.008367851233,-0.001387096866,-0.009021530812,-0.01560569655,-0.002456724382,-0.02343025834,0.009959980349,0.00646510785
4.409897633,-0.01376293893,-0.004116488234,-0.01095618615,-0.01522687305,-0.002305202427,-0.02393385661,0.008838580457,0.007633750728
4.417500183,-0.0121104543,-0.004312143719,-0.00799955357,-0.01797945489,-0.002089909734,-0.02547134661,0.008461714886,0.005122405831
4.40542878,-0.01137079767,-0.003104334749,-0.008690425973,-0.02049735451,0.001144472697,-0.02447109616,0.00663368411,0.006294630806
4.461554571,-0.01101667803,-0.002639233872,-0.008104533002,-0.01863603057,-0.0002321322509,-0.0245681399,0.007082338379,0.006157477959
4.302720684,-0.00958769283,-0.001852619993,-0.01036543003,-0.01535490582,-0.001445816853,-0.02286775764,0.009043798795,0.00735175084
4.566558718,-0.008993505708,-0.004087856143,-0.01065304272,-0.01503594921,-0.001084268233,-0.02312564592,0.009251986673,0.006649734622
4.236961302,-0.005050459989,0.001353108989,-0.007859980219,-0.01552150825,4.648381415e-06,-0.02352958454,0.008048311973,0.008849769719
4.860659133,-0.007239206737,-0.0002158938212,-0.006855149022,-0.01662895886,-0.0009450578212,-0.02327849879,0.007943991778,0.008116302242
0.8872879945,-0.008163069011,0.001993235646,-0.006266892984,-0.01674202748,-0.0001607859178,-0.0242873927,0.008810716073,0.007514300279
-1.572157157,-0.005399622726,0.0002761478975,-0.008169561855,-0.01599276333,0.001827488749,-0.02423867996,0.009463681076,0.007728910792
-0.8965394189,-0.004170701294,0.002443615955,-0.009860062496,-0.01613513502,0.0008073023243,-0.02323134819,0.01097270399,0.007608956059
-1.279531005,-0.002794297201,0.002957154101,-0.008224612527,-0.01298816967,0.002165605203,-0.02398223093,0.009580869547,0.008993012638
-1.060817296,-0.004135451605,0.005019330972,-0.004364706594,-0.01407462994,0.001678838517,-0.02271672951,0.009173138526,0.007749302848
-1.189309755,-0.002381091629,0.004522347506,-0.004026078786,-0.0169504567,0.0022229872,-0.02223614246,0.008746822115,0.00932306938
-1.077039177,-0.002396390627,0.002525292729,-0.008870415559,-0.01717006505,0.00165353945,-0.02468842201,0.01016528806,0.007782905948
-1.156356775,-0.0009633016002,0.006909842401,-0.007183578471,-0.01544684694,0.00208349905,-0.02439174002,0.01067940358,0.007123754372
-1.155629577,0.0002916679877,0.00705152536,-0.007702241504,-0.0115463336,0.002506935642,-0.02387948337,0.01058566595,0.009125756141
-1.146059051,-0.0003642795982,0.006128499953,-0.004172713384,-0.01564382398,0.00191025009,-0.02237333671,0.007233365096,0.008239778097
-1.169843845,-0.00171906566,0.006565379146,-0.004213978618,-0.01561286524,0.002186381663,-0.02451582071,0.007848536582,0.008272092525
-1.128112328,-0.001855126757,0.005214685359,-0.005894361088,-0.0155125175,0.002578240437,-0.02302230153,0.009839961854,0.008122909731
-1.116013109,-0.001112048826,0.006493087735,-0.008471148265,-0.01330575644,0.004164448413,-0.02382416741,0.01157659834,0.008112922943
-1.175007348,-0.0005255044774,0.005056146805,-0.008001665594,-0.01351933162,0.001914836196,-0.02363142527,0.009789473789,0.008091612628
-1.148140792,-0.0009422105476,0.007014965134,-0.005806257883,-0.01476641686,0.001729568378,-0.02261567083,0.009814529854,0.007777777094
-1.123452101,-0.002092167061,0.005497780878,-0.006127060884,-0.01353638697,0.001758522675,-0.02209418397,0.009863495558,0.0093468906
-1.109604456,-0.001084154072,0.006674910216,-0.007712195515,-0.01419555531,0.001551714467,-0.02379941776,0.01081091405,0.008306196575
-1.108556678,-0.001083800304,0.006161883601,-0.00415017273,-0.01324350613,0.002228313502,-0.02361019313,0.01078432268,0.008072541605
-1.147392373,0.005984117431,0.01317207878,-0.004837509486,-0.01399793711,0.004248521217,-0.0237187653,0.009415139645,0.008855027294
-1.148857012,0.008669950022,0.01810747359,-0.0009205358528,-0.01287499054,0.004819959678,-0.0218697194,0.01143997207,0.008620847434
-1.113173127,0.007047377003,0.01558293695,-0.00403798531,-0.01411602651,0.003104596171,-0.02208398663,0.01040927262,0.00944760982
-1.146257144,0.005774715006,0.01840174678,0.00278997123,-0.01177843918,0.004531417696,-0.02112076451,0.01112462897,0.008950397566
-1.100891071,0.006571687699,0.006568884897,-0.007532510342,-0.01646679444,0.002142448457,-0.02538811983,0.01221431563,0.009040026725
-1.122281291,0.006110752098,0.01273173964,-0.01830321022,-0.01801600976,0.004764203903,-0.01570522272,0.008703916014,0.009313114687
-1.172483572,0.003841248367,0.01237159003,-0.005699469981,-0.002017259725,0.0008716266257,-0.02816499722,0.007406686208,0.006425153391
-1.128849808,0.00150342874,0.01629834686,0.01093633517,-0.009925988483,0.003703676568,-0.02540537939,0.01135890927,0.009998697921
-1.109821438,0.003685036586,0.009231152917,0.002972430666,-0.02403596202,0.002579153899,-0.01801911698,0.01115978526,0.005682485995
-1.133132502,0.002825048367,0.008418297129,-0.01273679895,-0.02938387636,0.002062894048,-0.02471298931,0.006590784985,0.007450277409
-1.133521738,0.002485418146,0.0125938155,-0.01783977921,-0.002727664406,0.006162766653,-0.02646785345,0.01444020016,0.008160947699
-1.136781012,-0.0005549987973,0.005838686593,-0.005413482082,-0.003830595166,-0.00513887693,-0.0199007224,0.0114208666,0.008725062816
-1.162436007,-0.0008814662551,0.010518516,0.002289088228,-0.02649681884,0.006496514792,-0.02202588793,0.001756533378,0.009440450904
-1.13819659,-0.001652716101,0.0007916875876,0.003746549141,-0.02899961953,-0.004216781297,-0.0223844126,0.007388977903,0.003164386201
-1.132078718,-0.002362567552,0.01023967481,-0.0137833976,-0.01212485523,0.005377962843,-0.02637864503,0.0150614624,0.008802140503
-1.187427856,-0.003631755645,0.003824224811,-0.01545754444,-0.001842532479,-0.003902530379,-0.022579492,0.01377564221,0.004277324063
-1.127916497,-0.004317242423,-0.002190038618,-0.01120536111,-0.02320052972,0.0003819358636,-0.02329807373,-0.0008157373063,0.009304276284
-1.156116604,-0.002790380159,0.008716714854,0.001903300749,-0.02269099728,0.003511601757,-0.02181021038,0.0103334492,0.009077143787
-1.156412259,-0.001411882631,0.008392091476,0.00566711232,-0.01470465129,0.0002060675801,-0.02654863957,0.01087134527,0.007142391099
-1.130344823,-0.003687968371,0.01329528161,-0.008022694532,-0.007091294748,0.005603263618,-0.02471183633,0.008561273686,0.007124566076
-1.141341456,-0.004617082596,-0.005330008314,-0.01985758798,-0.02639563206,-0.005939121051,-0.02125313508,0.009815667914,0.00249409451
-1.125030877,-0.002732773212,0.005519938661,-0.008772454448,-0.01641442768,0.005575134751,-0.02244359165,0.005692283159,0.01226825651
-1.12306281,-0.00196376007,0.004633586053,0.001592958583,-0.008581453721,-0.004423974088,-0.0266566205,0.01495073449,0.006287246454
-1.123743212,-0.00266632619,0.01044681129,-7.179254698e-05,-0.02110915685,0.003972818276,-0.02030503278,0.005205285254,0.01013498929
-1.104726611,-0.004416099996,0.001688723976,-0.01138444195,-0.02320182434,-0.0001145310731,-0.02665086938,0.008610068686,0.00400890521
-1.12565851,-0.0031137505,0.004249805211,-0.013044791,-0.01067049146,0.002055751721,-0.02396814917,0.003653192906,0.006782212162
-1.174208796,-0.004109103989,0.002288736603,-0.00916816464,-0.005154936009,0.0009665275118,-0.02586486234,0.01331519974,0.007512092341
-1.136223319,-0.01107630691,-0.005125093812,-0.00445133079,-0.02819944819,-0.007330927707,-0.02124616525,0.008482443077,0.008358509452
-1.131904842,-0.01263522284,-0.003003343158,-0.003913546757,-0.02714932544,0.004356325487,-0.0274949265,0.004417658929,0.006837958797
-1.135898484,-0.01242572675,-0.001544880588,-0.0133710808,-0.01363115558,-0.002595740406,-0.02429708689,0.01028314121,0.004545504237
-1.103160368,-0.01088910237,-0.0008941927402,-0.01360143419,-0.004198511482,0.004200563695,-0.02359484063,0.00669977462,0.007668988321
-1.158553175,-0.009555092946,-0.007147576956,-0.009099737633,-0.02032479464,-0.006299292375,-0.0231551159,0.00836492483,0.007287367576
-1.15081068,-0.008724771324,-0.00434911081,-0.002995187348,-0.02127683807,0.000806101373,-0.02666040666,0.005330046974,0.01084627365
-1.157655481,-0.007545404,0.001174087401,-0.004810895508,-0.01873672297,0.0005522116198,-0.02514950047,0.018122159,0.005839863704
-1.092594,-0.006152876977,0.006298014339,-0.01204480459,-0.01149375563,0.003142465908,-0.02468829153,0.005460001553,0.007423535361
-1.179190831,-0.009835427065,-0.004594131598,-0.01193101665,-0.01552581609,0.0005938019582,-0.021087006,0.006047484012,0.006715269262
-1.110572701,-0.006420521343,0.0004471448234,-0.005445011462,-0.02237074578,0.0002588388868,-0.0234090099,0.007571858571,0.007700652016
-1.102169599,-0.004021984875,0.001027670273,-0.0009918324137,-0.005577729562,0.0001931677253,-0.02375951784,0.0124906842,0.01168195145
-1.100386894,-0.004174495469,0.006239223758,-0.006100144457,-0.01816984234,0.0007415711445,-0.02608177582,0.01100193176,0.006293074173
-1.138617054,-0.002436552544,0.005456992854,-0.01307730398,-0.01782184502,0.002846513348,-0.02365657725,0.009685260634,0.007198490898
-1.115250254,-0.003793169759,0.0005529798139,-0.009930394942,-0.01989204319,0.0006613402648,-0.02310299969,0.006049989277,0.006823688927
-1.1100321,-0.0006417387317,0.007983299897,-0.002737056403,-0.005157170849,0.0008238415133,-0.02226732713,0.009058832521,0.007874823656
-1.15561601,-0.001131725864,-0.001665473687,-0.002738297019,-0.01708034888,0.0008771591212,-0.02138539857,0.01212119561,0.0105456724
-1.173510857,0.000664580704,0.01378819427,-0.006222197927,-0.02372775214,0.002228692894,-0.0245773964,0.01099094042,0.007915314131
-1.130580249,-0.001533800494,0.001797527969,-0.008389000391,-0.01102330934,0.002627355276,-0.02788449634,0.009273075646,0.006630627418
-1.128493848,-0.001085563628,0.007541736228,-0.008043752739,-0.01348411928,0.001621102175,-0.02138121571,0.008144348036,0.007937754167
-1.148035383,-0.001540954243,0.004967467671,-0.005856818864,-0.01301022415,-0.001014827409,-0.02114920653,0.01136833124,0.01034801093
-1.127336207,-0.002331016578,0.006379165073,-0.004402048498,-0.02081130893,0.001938264515,-0.02255344976,0.008526542702,0.007849785276
-1.130057218,-0.000953596654,0.009747113407,-0.006255306342,-0.0121012988,0.003281839064,-0.0253121012,0.01232585205,0.006219542912
-1.146664011,-0.0014537982,0.005633931119,-0.009056042517,-0.01297913011,0.004603352208,-0.0236528169,0.008108000171,0.007662600376
-1.085385802,-0.0009983594171,0.004045082201,-0.004074742531,-0.01455140701,0.0007083747331,-0.02273478746,0.008254544421,0.008618833173
-1.119610551,-0.0004630308242,0.004784669311,-0.006048690765,-0.0170675745,0.001992454672,-0.02327500857,0.007726552299,0.00937591938
-1.112960473,0.0002598401604,0.006246088125,-0.004826437455,-0.01375176474,0.003284493421,-0.02352137273,0.01414153511,0.009915758045
-1.092632354,0.003678673207,0.01547713633,-0.004488321095,-0.01048059075,0.004894919936,-0.02407344847,0.008956170784,0.007214949428
-1.122447381,0.007058994591,0.01672476354,-0.004928746289,-0.01389729135,0.004380736816,-0.01997920421,0.004623693905,0.007588938571
-1.113155023,0.006444988232,0.01027143461,-0.002646031535,-0.0146962075,0.00261673095,-0.02035428233,0.01125637256,0.009064394442
-1.138256491,0.008042795653,0.01356321562,-0.001496682448,-0.01065158162,0.004396161838,-0.02253602008,0.01395911034,0.01036736479
-1.17228706,0.007433694027,0.01349754073,-0.00317586014,-0.01110031622,0.003274271082,-0.02397184373,0.01371604336,0.008858074117
-1.160365113,0.005638567492,0.01599892291,-0.005020763991,-0.01825758357,0.003875191616,-0.02110772235,0.008804484921,0.008175488713
-1.114231674,0.003587578332,0.01301606242,-0.001723298025,-0.01554021395,0.004158054856,-0.02199915108,0.006669245904,0.007351208166
-1.126018221,0.001955301456,0.009685156168,-0.0001000997173,-0.01571392966,0.0003957090791,-0.0232237718,0.00916585363,0.007851781293
-1.133534642,0.004863245067,0.01060289953,-0.007553409599,-0.007705470046,0.003830672682,-0.02316883568,0.01544696211,0.01005942742
-1.116282143,0.004821756355,0.01264784341,-0.01047360619,-0.01426496188,-0.001169763969,-0.02136934161,0.005203358466,0.007436895461
-1.108556814,0.002655155757,0.005386898018,-0.003812882471,-0.01843417576,0.003496300702,-0.02628047436,0.006181481493,0.009045082124
-1.106426523,-0.001192737888,0.004093773462,0.004123856213,-0.02089305202,0.0008898333913,-0.02041754932,0.01296056837,0.008396732483
-1.073296774,-0.0004068399179,0.008869250329,-0.0006922231434,-0.01217056186,-0.0006728735639,-0.02487288244,0.01241117534,0.008321685406
-1.12751766,-0.001622055,0.01176124436,-0.008747600034,-0.01142400075,0.001528025724,-0.02436122183,0.004562367551,0.007085481644
-1.108572009,-0.00110371293,0.007555397979,-0.01644215386,-0.02036926742,0.0001203203524,-0.02086596506,0.004919017912,0.007351849876
-1.15719239,-0.002259891295,0.002912418481,-0.008886256883,-0.02475426433,0.004029252221,-0.02058656485,0.01254623369,0.008852775921
-1.169848655,-0.003991779155,0.007017462817,0.001786258133,-0.01701460535,-0.003225996513,-0.026461789,0.01539969589,0.007314901268
-1.104473127,-0.005131568294,0.0003833368856,0.0005771023793,-0.0132428785,0.002049264271,-0.02236575032,0.008908264967,0.007542230083
-1.137798956,-0.00334038819,0.004922793045,-0.01103277253,-0.01578241839,0.0009919127281,-0.02003897812,0.002188084252,0.004977671185
-1.151111279,-0.002189553143,0.007400381429,-0.01179544381,-0.01480267009,0.002248285744,-0.02148620288,0.0006322387679,0.006302665107
-1.099492301,-0.002687352363,0.005375560122,-0.009566670769,-0.01208768441,-0.001258355198,-0.02715539628,0.0143783505,0.009754454318
-1.139943799,-0.002795398923,0.0037981612,-0.0002241664822,-0.01938103484,0.0004560831862,-0.02338069279,0.01480704196,0.01123645701
-1.118460813,-0.003530545735,0.001123130176,-0.001844029157,-0.02243213986,0.001800526259,-0.02319538053,0.0059316953,0.008511128346
-1.129097677,-0.004496973984,0.006020475918,-0.007361903797,-0.01568628497,0.0009509181841,-0.02137684247,0.005250448117,0.006340511885
-1.146986956,-0.003154039401,0.005558876698,-0.009897280545,-0.01101363565,0.002689182247,-0.02411450511,0.009037105868,0.007132733763
-1.125404304,-0.003602868399,0.004625563303,-0.006077095378,-0.01303082938,-0.002605195405,-0.02613852426,0.01072618349,0.009973032127
-1.089945772,-0.003499308559,6.34818406e-05,-0.00347455652,-0.02336689779,-0.001446906581,-0.02375031977,0.00669934151,0.006998687227
-1.129254852,-0.009627812734,-0.004062998629,-0.007743400797,-0.02521189289,-0.0009092895517,-0.02269687724,0.009448067796,0.007488873642
-1.1308368,-0.01149863565,-0.002372797722,-0.0104229186,-0.01369245332,0.0009422250357,-0.02578988646,0.008838630338,0.004852861594
-1.119460576,-0.01266674922,-0.001243860187,-0.0110256616,-0.01244115122,-0.001586724993,-0.0245018244,0.009202831409,0.006824657889
-1.153510536,-0.01199361634,-0.007411400649,-0.01046803151,-0.018205464,-0.003139247393,-0.02306483037,0.005918807556,0.008005438354
-1.083976906,-0.009721899543,-0.003728286068,-0.005200446327,-0.01966545255,-0.002175840945,-0.02403456493,0.005875272558,0.008596221502
-1.185718987,-0.008360496261,-0.001099217315,-0.006187253169,-0.01635646875,4.037485302e-05,-0.02417027072,0.008705462996,0.009334054881
-1.022997703,-0.007176642035,0.00490470721,-0.01020109742,-0.01617961972,0.001335313993,-0.02448373112,0.01133398235,0.005237440945
-1.267883012,-0.008017008677,-0.00229214916,-0.01072249015,-0.01841231208,0.002735931578,-0.02221443132,0.01112913267,0.007807647972
-0.8549459129,-0.01127948792,-9.451724756e-05,-0.007588165049,-0.01443001426,-0.00337947925,-0.02318913815,0.009405594152,0.008780610757
-1.561080508,-0.007026658049,-0.001850538438,-0.00543423607,-0.01390414724,-9.440406046e-05,-0.02271321132,0.009746582747,0.009003832264
1.41199629,-0.005595608541,0.003801985526,-0.007133117702,-0.01578130632,-0.0008649030636,-0.02461905253,0.007308218017,0.009663190825
4.953717103,-0.003372245406,0.004777687566,-0.009319508938,-0.01784626125,0.002344974493,-0.0253719612,0.007315909448,0.006398400849
4.174388419,-0.00253811475,0.003057137656,-0.007404120446,-0.01863254862,0.001149399176,-0.02280394362,0.01057259383,0.006246508039
4.580343863,-0.003182336704,0.001893319167,-0.00581224599,-0.0129512653,0.002364166489,-0.02197248692,0.01300645072,0.008529578265
4.356124659,-0.001342819769,0.003929120179,-0.004619866133,-0.01455435925,0.001640353024,-0.02191945814,0.007381303265,0.01029567774
4.48398627,-0.003057385671,0.002708102171,-0.007020056846,-0.01549395461,0.001457909071,-0.02420303829,0.008851103786,0.008181461955
4.402290559,-0.001496689751,0.007060139694,-0.00703975194,-0.01751083012,0.000930006187,-0.02288924119,0.009611858567,0.009450054685
4.456215588,-0.001123948765,0.007494537236,-0.007144601785,-0.01059047404,0.003053510128,-0.0246023708,0.01140552667,0.008721597667
4.43362098,-0.002796646671,0.003848482357,-0.0056008804,-0.0145246606,0.001225431544,-0.02218754441,0.01014690631,0.009031807638
4.42775782,-0.001893456582,0.00417754285,-0.005416721886,-0.0188499678,0.003684918929,-0.0211994117,0.009451458057,0.007315388355
4.389652333,-0.0008007452576,0.004278739264,-0.006428953841,-0.01496036511,0.002195790692,-0.02289935348,0.01104452378,0.009220419409
4.423395829,-0.0009865820865,0.007664686323,-0.007031169916,-0.01332594148,0.002688711246,-0.02385194535,0.01002464208,0.00790590403
4.429222583,-0.002297747966,0.006257675381,-0.006801644002,-0.01263587288,0.001251495136,-0.02174174598,0.007502838957,0.01015299337
4.460485702,-0.0008419547027,0.004919474019,-0.006373669532,-0.01580043057,0.002759816727,-0.02249462488,0.005880763754,0.007922111087
4.434539418,-7.55553865e-05,0.006471192538,-0.004868290145,-0.01657376022,0.002416574343,-0.02155308848,0.01032450082,0.009719288319
4.45753567,-0.000874116868,0.004128359782,-0.005601499038,-0.01682785595,0.001206535167,-0.02291320874,0.0122922376,0.006350519291
4.438187108,0.001103466392,0.008614301206,-0.003544170581,-0.01521419741,0.003387489713,-0.02326416194,0.01242340288,0.008331620069
4.379734564,0.007894323264,0.01288383261,-0.004208704701,-0.01214232156,0.006175653345,-0.02231893832,0.009663455371,0.009210223234
4.377871964,0.008315307223,0.01783629382,-0.00517797639,-0.0117546818,0.002590036302,-0.02134034203,0.009134711377,0.01020316815
4.409872771,0.007325273766,0.01621957646,-0.003942947514,-0.01343382761,0.002980580207,-0.02269016533,0.008957274786,0.009371099081
4.413608597,0.005911576585,0.01608083777,-0.002114697843,-0.01244756168,0.003730937675,-0.02180587264,0.01053521774,0.008846225011
4.438910519,0.006030329719,0.01238667048,-0.001861556403,-0.01605851888,0.00559372411,-0.02101960157,0.01177939422,0.008603502671
4.444403149,0.00600659328,0.01210968923,-0.00313268449,-0.01499964091,0.004287929973,-0.0226278865,0.008892153531,0.008577706713
4.403816853,0.003372705792,0.009233353365,-0.005485229983,-0.01331263487,0.002209987323,-0.02255021511,0.008911950788,0.01002810098
4.386383533,0.003642541012,0.01279798789,-0.006518551857,-0.01373166097,0.0003529303717,-0.02278355226,0.009270954822,0.009117600058
4.434806125,0.004647627326,0.01035326816,-0.001288005432,-0.01448941183,0.003354187321,-0.02374479991,0.009693216326,0.008808554744
4.402202806,0.0008394781054,0.009473748325,-0.002529413988,-0.01781017953,0.00150892609,-0.02294286951,0.009553739206,0.007396561971
4.322909268,0.0004572351855,0.007589470911,-0.006548170651,-0.01445280598,0.002332163338,-0.0237801045,0.01039687543,0.007414781088
-0.3457034463,-0.0001345702361,0.006080266569,-0.008974571683,-0.01515235641,0.0005798719095,-0.02150226005,0.008933141353,0.006618429666
-1.322486922,-0.0001515763917,0.005736332051,-0.005907680234,-0.01520742567,0.002024603536,-0.02326679866,0.008827239376,0.008105684845
-1.008348303,-0.003182753763,0.005594418821,-0.004361101426,-0.01727339692,-0.002076938472,-0.02332095342,0.007943591658,0.006964959488
-1.168897582,-0.003197711045,0.005959057606,-0.003889713771,-0.01716523931,0.0009988769897,-0.02256976903,0.008510227947,0.007916858411
-1.095645142,-0.002906147335,0.005663114014,-0.007467392124,-0.01646140468,0.0007840347293,-0.02415708038,0.009253964083,0.00553326845
-1.170369387,-0.003903464484,0.002248320065,-0.009008477497,-0.0176161449,0.001503275567,-0.02197062797,0.008761122884,0.006635460072
-1.127079676,-0.003157025121,0.004933959742,-0.00666071585,-0.01606425109,0.00238284381,-0.02392652379,0.008680628107,0.006903641674
-1.152334132,-0.002856664167,0.006253080064,-0.002395361077,-0.0151442918,-0.0009338016614,-0.02504800712,0.009662512451,0.008940259241
-1.117876529,-0.003782646625,0.003415316545,-0.005604359865,-0.01524075596,0.0003574393087,-0.02309648574,0.009186155833,0.009163599376
-1.137182943,-0.002157361446,0.004907107439,-0.005856974654,-0.01738393687,-0.00109494088,-0.02357584356,0.008825887255,0.006822843442
-1.131699109,-0.003484045684,0.005375196944,-0.008888367837,-0.0166004072,0.002406257147,-0.02294337792,0.007645266965,0.006444947189
-1.146689647,-0.002313590978,0.005430329522,-0.006664853297,-0.01720275039,0.001246694164,-0.02362755436,0.009659486077,0.006693171073
-1.173591919,-0.00130132283,0.007486199424,-0.004791830504,-0.01593589631,0.001201307796,-0.02323610027,0.008586768272,0.007154105841
-1.128426219,-0.004377502911,0.003274761923,-0.003833144408,-0.01694664412,-0.000265096568,-0.02384562702,0.008707443898,0.00857114687
-1.160633336,-0.002750683859,0.003963864346,-0.006878371825,-0.01523784769,0.000532023706,-0.02465296115,0.009514034056,0.008102974071
-1.102621608,-0.007445394142,-0.0001483294822,-0.007487691419,-0.01594273588,-0.0008148210117,-0.02331271072,0.007890411769,0.008145444223
-1.134804765,-0.01313594122,-0.004008399812,-0.01100290229,-0.01673441262,-0.0008763511864,-0.02440385533,0.00610221986,0.00525331373
-1.106122785,-0.01261209715,-0.002953950405,-0.008476617171,-0.01885361371,-0.00107551604,-0.02268024982,0.006805940853,0.007343134267
-1.135465,-0.01213770738,-0.002853992632,-0.009223470339,-0.0190970798,-0.00150091899,-0.02676171704,0.008978543173,0.006360852001
-1.124934783,-0.01024344518,-0.002067840855,-0.007636652975,-0.01535301852,0.0002570484157,-0.023921943,0.008777659672,0.008984740783
-1.12961432,-0.01040833972,-0.00373054409,-0.0101689412,-0.01403476181,-0.000426615537,-0.02483781896,0.00768329054,0.007243295962
-1.149099707,-0.008808088763,-0.0006280775437,-0.006979824125,-0.0165601983,-0.0007910814075,-0.02391757888,0.008753761333,0.008428741527
-1.155689265,-0.006564484767,0.002920818297,-0.006748046488,-0.01604239752,0.00220955152,-0.02278456317,0.006917745317,0.007848860162
-1.125275829,-0.007198319343,0.0004665984066,-0.006576982953,-0.0189090005,-0.000563011074,-0.02424551465,0.01098613185,0.006754903317
-1.174195495,-0.007971370743,0.0004328126168,-0.007858552619,-0.0163649402,0.0009290058441,-0.02378291647,0.009797431422,0.008615062208
-1.103129012,-0.005448011424,0.0005397652821,5.979970335e-05,-0.01603613356,-0.0005966916995,-0.02375762907,0.008686840596,0.007173090058
-1.128974293,-0.003797236259,-0.001489285103,-0.02451844771,-0.01724851594,0.0006718778034,-0.02060944648,0.00694092964,0.01038169073
-1.148926942,-0.003106486459,0.004786827661,-0.0112570533,-0.009655142605,-9.148484034e-05,-0.01884467579,0.005636913702,0.006523170883
-1.136415866,-0.003582165787,0.005705703687,0.003185779075,-0.006459269304,0.001355238528,-0.03376778955,0.009097048685,0.008947995014
-1.158692921,-0.003580042653,0.005791685478,0.009672747237,-0.02166787399,0.003327638026,-0.01647940471,0.01249726635,0.009812678438
-1.153210776,-0.00242827022,-0.0002343169808,-0.01302977084,-0.02904850538,5.77875823e-05,-0.02434275634,0.007035636918,0.003377588374
-1.152447962,-0.001426358831,0.007396252295,-0.01912979791,-0.01276084644,0.005011027225,-0.02796724794,0.009456946202,0.009993620971
-1.116925931,0.0005472132246,0.004995194554,-0.01294293348,0.004829817782,-0.001117212314,-0.02243593978,0.01601896351,0.007500636255
-1.11738331,-0.002093887393,0.007783993675,0.003404331752,-0.01948357186,0.003839610536,-0.0195166275,0.00591928696,0.01155858102
-1.139081368,-0.002619392456,0.002218801834,0.005365137465,-0.02399460959,0.003022015033,-0.02349747377,0.007734193709,0.005419138551
-1.133166404,-0.002180989535,0.006312571699,-0.006597734617,-0.02233823715,0.002090773554,-0.02406831966,0.0106804282,0.00873139602
-1.09453926,-0.001413275022,0.01139563897,-0.02179291192,0.003535329197,0.004689570044,-0.02687103155,0.01775464296,0.007642781544
-1.141637086,-0.001647484312,-0.002624190834,-0.008655000269,-0.01507796924,-0.004353391687,-0.02136408023,0.002718522225,0.006330908813
-1.078366728,-0.0002628038822,0.0109721934,-0.003548719122,-0.02391019658,0.007459143102,-0.02428266709,0.006191978941,0.01210163294
-1.112202428,-0.00158338165,0.005114396758,0.007220637241,-0.01972854767,-0.0008960529246,-0.0203086123,0.0160924752,0.00741479059
-1.149237539,-0.000172211992,0.01485101419,-0.00504680764,-0.004103647408,0.008234623039,-0.02736888592,0.006858705809,0.007315995821
-1.12839087,-0.001983169304,0.001715506439,-0.01762121537,-0.0126545176,-0.002274674169,-0.02201845295,0.01077253983,0.006662691024
-1.134340158,0.005793254084,0.007674869287,-0.01083161959,-0.02357021626,0.003825483529,-0.01914718023,0.007125500457,0.008948971972
-1.152513223,0.01038609887,0.01839792446,0.004687324744,-0.005954017254,0.004790798274,-0.0252541675,0.01473581692,0.01144270162
-1.157206305,0.008868266669,0.01766892493,0.003667837585,-0.01249178059,0.0004826392116,-0.02067877989,0.01269488589,0.008219023806
-1.130498546,0.006431025787,0.01655221518,-0.005593943667,-0.02133636884,0.007332947974,-0.02111300297,0.01046826168,0.009343072266
-1.124103284,0.006776392021,0.01037066379,-0.01377866073,-0.01430487253,0.002176126805,-0.02369914069,0.009472489166,0.005321328576
-1.140534084,0.005636202178,0.01287891942,-0.002355788375,-0.004669232116,0.005248047704,-0.02378203548,0.008562323663,0.01122545624
-1.137479965,0.004113286873,0.0116342355,-0.002866644722,-0.01586302081,-0.0008271429535,-0.02047202662,0.01700014154,0.009553453176
-1.136552035,0.002507960546,0.01033599647,-0.0009383805546,-0.02574353411,0.002118696151,-0.02126872491,0.005582342217,0.007886791531
-1.121631418,0.003627852194,0.01241565356,-0.007238936684,-0.01802327044,0.005551564633,-0.02306467527,0.0089524598,0.005856384719
-1.134097498,0.003289532035,0.01479164563,-0.01169345602,-0.003199274243,0.002458128668,-0.02184558843,0.009821088867,0.006325318478
-1.127589969,0.001310931664,0.005534934263,-0.002541895671,-0.01015875163,0.003893756494,-0.02265661488,0.008419479356,0.01074152715
-1.152111074,-0.001367308986,0.005607941635,-0.001458118578,-0.02182343586,-0.004052919745,-0.02583651843,0.006528154091,0.00782478662
-1.091404945,-0.001179171827,0.005874450693,-0.003233140813,-0.02061881795,0.001051180052,-0.0220704434,0.01262531264,0.007704257293
-1.126856171,-0.001137601141,0.01167761058,-0.009859458236,-0.01643080873,0.001886301752,-0.02381087635,0.01206282049,0.005886398884
-1.12244392,-0.001818912901,0.007664436347,-0.0088048082,-0.01041137704,0.006734310849,-0.02400239158,0.005894873954,0.005719862871
-1.151500152,-0.003458790702,-0.001130042612,-0.00624067316,-0.02628104642,-0.001304276502,-0.02239641671,0.008426985126,0.006188217472
-1.109140703,-0.003825861615,0.007276080935,-0.001324317041,-0.01461359928,-0.0004189209449,-0.02399344079,0.007313677115,0.008300691834
-1.111844372,-0.002009448219,0.0003940519736,-0.003631394856,-0.007526635269,-0.002784357859,-0.02298864321,0.009292414121,0.006666062669
-1.125470981,-0.002262266329,0.01195803508,-0.01317117633,-0.01916116951,0.001576616852,-0.02195253681,0.01231693389,0.008345018335
-1.122515959,-0.003573925728,0.001035644485,-0.01105259571,-0.01891332921,0.002904144177,-0.02507267864,0.007750418076,0.00569907946
-1.166876371,-0.002386801104,0.003595467084,-0.001348451721,-0.01686050042,0.002435234305,-0.0241210167,0.007157797653,0.00675840467
-1.111888358,-0.002126898464,0.005539219192,-0.001927417585,-0.007701253313,0.0006260208947,-0.0221850535,0.007625619934,0.008125532581
-1.136006084,-0.001916872384,0.005231743571,-0.006957077669,-0.02326266877,-0.001700634307,-0.02192675422,0.0102255714,0.009031900628
-1.126277627,-0.003057878829,0.008191893796,-0.01035279665,-0.01615066547,0.002230097237,-0.02854243409,0.01122248115,0.007595003529
-1.150978113,-0.004001279301,0.002567657651,-0.00679935465,-0.01388466087,0.0002730139297,-0.02298867829,0.01145164479,0.006707255161
-1.112995796,-0.004035885225,0.004417924621,-0.006271033093,-0.01546868926,0.003275009899,-0.02131407227,0.007423412071,0.0077625931
-1.094749879,-0.004062558203,0.001497293706,-0.004832598323,-0.019202824,-0.0007092559871,-0.02205229979,0.005055924248,0.005726874695
-1.118539206,-0.01220743621,-0.005469119563,-0.009179187452,-0.02095658492,-0.0005199887341,-0.02743747155,0.007225166508,0.007133364468
-1.115388586,-0.01246869148,0.001024578358,-0.01041626215,-0.01197012719,-0.0008408934383,-0.02458744397,0.01226927497,0.007409873913
-1.104500274,-0.01195729132,-0.008497899848,-0.0093185232,-0.01502925666,-0.002765672962,-0.02448279706,0.00788364798,0.00900027145
-1.132337068,-0.009388627242,-0.003628067169,-0.007564830062,-0.01974247178,-0.0003052591934,-0.02236632202,0.00518407687,0.007834845233
-1.122390398,-0.01015563775,-0.005301417364,-0.008230867341,-0.02240944384,-0.0007605638172,-0.02524572963,0.00953932122,0.004846989191
-1.092743223,-0.01054165442,0.001687892625,-0.006835463483,-0.01501437043,0.003197409993,-0.02577374307,0.01075033911,0.007955772781
-1.134560739,-0.008011389175,0.002323875777,-0.01003831411,-0.01345044535,-0.0004129228082,-0.02518163041,0.006911287929,0.006054946869
-1.138059203,-0.007548636542,-0.001818240808,-0.008675771219,-0.0187013287,0.0008797180603,-0.02171283649,0.007550437396,0.01079116627
-1.132561009,-0.008080266408,-0.004527503781,-0.006908189083,-0.01489162872,-0.001157522167,-0.02473824882,0.008040702938,0.005347449548
-1.162554702,-0.005269734978,-0.001052879314,-0.004820646667,-0.01462584346,0.002420614412,-0.02281818987,0.01169214867,0.007998142999
-1.104555542,-0.004058596391,0.002498030067,-0.008821608333,-0.01804535318,0.001859663911,-0.02530832054,0.01096496468,0.006400331882
-1.120270303,-0.003369076367,0.006119881737,-0.007543713154,-0.02083952001,0.0023878724,-0.02288395474,0.006741824184,0.008667509483
-1.164773514,-0.003698456176,0.002307279296,-0.00531162035,-0.01613170117,0.001677431948,-0.02449022394,0.006559028388,0.007276507077
-1.115973824,-0.003843560196,0.004850650335,-0.007879132518,-0.008846244609,-0.001503460482,-0.02358498837,0.01245872653,0.008746442327
-1.138654536,-0.001477003652,0.003430884795,-0.01009458462,-0.01113217532,0.003254119246,-0.02182944309,0.007754520769,0.009649585739
-1.134780458,-0.001098113009,0.002713046042,-0.007425715821,-0.01987822789,0.001031094469,-0.02646786193,0.006826631168,0.006475983478
-1.175471598,-0.0008979845072,0.00130193861,-0.002380727601,-0.01939809958,0.003255179044,-0.02179693105,0.01092378597,0.008669140493
-1.141261438,-0.002967001652,0.009202399184,-0.002281388542,-0.01178196878,-2.571899279e-05,-0.02278219968,0.01339094033,0.006245684519
-1.101403228,-0.002460700903,0.009642790813,-0.006408661645,-0.006633036708,0.002738577947,-0.02504470546,0.004814169499,0.008582949471
-1.11220935,-0.002083244413,0.004423001493,-0.010924686,-0.01916079836,0.001761923229,-0.0209720409,0.008341225502,0.006915538562
-1.115123551,-0.001913589981,0.003797241404,-0.009364912805,-0.02382835114,0.002591614574,-0.02202097399,0.01420581125,0.009302882389
-1.082020503,-0.001128705857,0.005604670647,-0.000301142335,-0.01465552746,0.002652952287,-0.02558156388,0.01462854686,0.008518004487
-1.118125945,-0.001416557107,0.00617449424,-0.001059276945,-0.01198316067,0.002234716904,-0.02283903292,0.01231894033,0.008632651998
-1.12366382,-0.002507695722,0.006908472835,-0.008728708749,-0.01271538896,0.00291485023,-0.01857415009,0.004176672222,0.008547737608
-1.14989749,-0.002738099393,0.004381044371,-0.009502392436,-0.01786447546,0.002836056503,-0.02177025423,0.002767302268,0.006275371245
-1.124969668,-0.0008023511637,0.008660909622,-0.006339516358,-0.01228519693,0.00204817864,-0.0272632584,0.01023300761,0.008822072246
-1.105840315,0.006212547216,0.0122549671,0.0001408067174,-0.01428395825,0.002476099812,-0.02380903562,0.01608830362,0.0102372453
-1.100291876,0.007055030384,0.01517875444,-0.0004542644119,-0.01669127989,0.004704231016,-0.02091276425,0.009991088695,0.00964438768
-1.106996558,0.007425912464,0.01309985999,-0.004374898301,-0.01320948011,0.004121185447,-0.02126901301,0.009188613037,0.006480853968
-1.132223444,0.007345627095,0.01486367654,-0.007432847438,-0.01132244404,0.003826845946,-0.02184933297,0.01042809659,0.009369411318
-1.131878503,0.007115878511,0.01650794243,-0.002339889659,-0.006711522483,0.004726147123,-0.02504211813,0.01086419502,0.009437113187
-1.127204348,0.008248791727,0.01207875923,-0.001565347548,-0.01731492046,0.001402831459,-0.02200878394,0.007122472726,0.009336761428
-1.150256015,0.004016057864,0.01100455129,-0.005175565616,-0.02167009283,0.001963996042,-0.02145407785,0.01009044276,0.008447334184
-1.081240805,0.003920786941,0.01092298064,-0.00612464906,-0.01533152881,0.003045685632,-0.02450715014,0.01249827834,0.007113096468
-1.161159584,0.003026327216,0.01322440533,-0.005622528175,-0.01069849819,0.004331395381,-0.02308462287,0.01065964255,0.01015811002
-1.043891386,0.002777766005,0.008468597288,-0.003648006736,-0.01518003132,-0.0002603640504,-0.02071962261,0.008890640319,0.007627391762
-1.223923972,0.0005631922318,0.005052573184,-0.003363257434,-0.01997415526,0.00263454276,-0.02251740414,0.004616915112,0.01019982372
-0.9694976773,0.0002417943951,0.009446984007,-0.003889844421,-0.01417552773,0.0004676126429,-0.02558734584,0.006974402395,0.007384283759
-1.357577556,-0.00160636852,0.008756657043,-0.007157627446,-0.01302108001,0.003691661568,-0.02421008732,0.01152922533,0.007325017533
3.173982627,-0.001067967971,0.007670952662,-0.008697390931,-0.01660429576,0.003637274205,-0.02225035139,0.01222666894,0.006023166649
4.728608516,-0.002394334402,0.003437585276,-0.0051987869,-0.01820837856,-0.0003197240009,-0.02254184455,0.006978920287,0.007191114743
4.245852062,-0.00269802706,0.005363075397,-0.003715249037,-0.01574463056,4.569644996e-05,-0.02162784847,0.008511779177,0.007922727681
4.531288976,-0.00324995066,0.006254326471,-0.006317723131,-0.01540353176,-0.0005404122703,-0.02331325062,0.009713185107,0.009017911956
4.368424737,-0.003325327667,0.005563110384,-0.006618474533,-0.01593452646,0.001232080513,-0.02436175978,0.007756019314,0.008638156233
4.509016726,-0.002509571252,0.002818429675,-0.006897249075,-0.02040807078,0.0008622651983,-0.0241915618,0.008502413713,0.004317546232
4.387749457,-0.004068101236,0.004064377249,-0.006485411288,-0.01753390587,0.002257822855,-0.02236290412,0.009540413095,0.008160657795
4.443257825,-0.003943059766,0.005449655207,-0.003961031164,-0.01366993077,-0.0001523255249,-0.02305451548,0.0108954966,0.009035510372
4.434328219,-0.003378369918,0.003199625724,-0.00755014955,-0.01571479192,-0.0008568420268,-0.02298068109,0.008704793609,0.008645289886
4.43981352,-0.002850799514,0.004140502891,-0.008373512115,-0.01736566709,0.001579281829,-0.02327515301,0.007424561511,0.008602060422
4.429064543,-0.003651218814,0.005358611007,-0.007987028514,-0.01428295234,0.0003007348991,-0.02520451211,0.007400504886,0.006509156327
4.426778139,-0.003145124271,0.005517894174,-0.005014408386,-0.01401205298,0.00284177603,-0.02215849001,0.007528346368,0.008162655134
4.412177884,-0.004228439681,0.004944198917,-0.006071264229,-0.0185118652,-0.0001986867217,-0.02334242068,0.01276887133,0.004912141766
4.440177613,-0.003258167954,0.003889598137,-0.006085604129,-0.01794191125,0.00181175984,-0.02382459478,0.00913057392,0.009218758325
4.424443711,-0.009688862648,-0.002699860799,-0.01000159247,-0.01861963503,-0.001165008677,-0.02587269101,0.008427779434,0.008164932837
4.426638515,-0.01394573447,-0.001932854262,-0.01269421028,-0.01476867666,-0.001196052901,-0.02534098542,0.006958625346,0.007140493086
4.404304842,-0.01225339867,-0.005805978216,-0.008350977417,-0.01701943599,0.001062017002,-0.02545371708,0.005782156619,0.007496884667
4.434560524,-0.01125448264,-0.00273454858,-0.007219815354,-0.02103541237,-0.001809467379,-0.02478786315,0.006689158613,0.005318116568
4.425245698,-0.01187502059,-0.005457080889,-0.007986616036,-0.02004078025,0.0007494740314,-0.02474103288,0.009061137337,0.007528274358
4.427119938,-0.01036007194,-0.002038114623,-0.009189370844,-0.01624107097,-0.001963177501,-0.02368267879,0.01061274513,0.0078751121
4.457158135,-0.007329330998,-0.002254713973,-0.009405952397,-0.0134261974,0.001129273278,-0.02329366219,0.008022888107,0.007948865168
4.414672177,-0.00595277076,0.0002635813907,-0.009265219112,-0.01889262538,-0.001076601972,-0.02334980748,0.008848073983,0.00857994723
4.449131666,-0.01017155766,-0.001373606754,-0.008092951692,-0.01679821432,0.00145183683,-0.0248731368,0.008172531989,0.008452945931
4.365362106,-0.006984919098,0.002560540968,-0.005926004291,-0.0152777552,0.0001932737023,-0.02361323178,0.009119303568,0.007901520044
4.550657006,-0.006439684963,0.002821335634,-0.008945346932,-0.01591740755,0.001812549912,-0.02281903543,0.008360160199,0.006209375885
4.25067029,-0.004770890341,0.001031905784,-0.009297870838,-0.01519087648,0.001503672769,-0.02138945848,0.00811442469,0.009178586883
4.702630698,-0.003428176285,0.001138700174,-0.007077731496,-0.01664924827,0.0005825064246,-0.02432960188,0.01066413903,0.006739400175
3.293616905,-0.001798034057,0.00566334469,-0.005315455561,-0.01283292236,0.0004365550456,-0.02294639665,0.01168722665,0.01029763167
-1.30081402,-0.002494357487,0.004062217949,-0.005406679502,-0.01612014271,0.00164898433,-0.02253925079,0.008249744814,0.008149258797
-1.010829946,-0.00235118309,0.005573869231,-0.006686073552,-0.0161852826,0.0003969027049,-0.02348041472,0.006483304053,0.00819764846
-1.189990732,-0.001574757665,0.005741461645,-0.00833753527,-0.01720088481,0.002077926252,-0.02208752966,0.009013857372,0.007946263933
-1.06109617,-0.001321506306,0.009219976344,-0.006420242986,-0.01568170714,0.001807616987,-0.02200156374,0.01086839514,0.009153641956
-1.13349789,-0.0006963810823,0.004917882898,-0.004813943891,-0.01376879164,0.004076171359,-0.02291825548,0.01118623615,0.009946253272
-1.111597556,-0.0008562430308,0.004792098993,-0.005785563036,-0.0178014823,0.0003712488699,-0.02255451542,0.008305867776,0.007235892921
-1.157954134,-0.001339908395,0.00605733498,-0.006094319999,-0.01412802571,0.001649987954,-0.02313758884,0.008717772886,0.007814525406
-1.146521515,-0.001637337028,0.007336118818,-0.007068621582,-0.01348797334,0.001356838969,-0.02352652061,0.01043463366,0.007140157388
-1.129356746,-0.0003777779561,0.006549049927,-0.006103026329,-0.01281115781,0.003255195697,-0.02309889061,0.009634999143,0.008094103796
-1.153198283,-0.00260834251,0.005228645552,-0.007649346124,-0.01557714348,0.0008749056481,-0.02230931739,0.009227602253,0.007769461538
-1.147589055,-0.0008908139136,0.008806939829,-0.004937561529,-0.01537323388,0.003096097426,-0.02267812589,0.009799186807,0.008273305799
-1.161144908,-0.0002945647371,0.006550335952,-0.00612128632,-0.01394223979,0.002402663282,-0.02189435616,0.009006354589,0.00981721394
-1.156019775,0.001874561401,0.009364604672,-0.005340813575,-0.01332409064,0.002119539967,-0.02191884419,0.01078920287,0.009587909212
-1.127935004,0.007096055267,0.01412513644,-0.00557947628,-0.01491170813,0.003733589317,-0.02194335672,0.01048824827,0.009221283885
-1.177077462,0.007504066837,0.01375956334,-0.003356522001,-0.01399675375,0.002390814971,-0.02282672022,0.01151814428,0.009429898882
-1.144332433,0.00647295012,0.01599588418,-0.00441745216,-0.01320737228,0.005128561229,-0.02170396389,0.01071841319,0.009028145862
-1.137822685,0.005823023952,0.01386378727,-0.003610138688,-0.01384414828,0.003872981008,-0.02325359063,0.009579625436,0.008438512826
-1.130488943,0.00686272715,0.01322383735,-0.003828159405,-0.01489568279,0.004068858225,-0.0213533058,0.009794755665,0.01020723974
-1.117686221,0.00612647465,0.01335488864,-0.003747067767,-0.01476087899,0.003253183616,-0.02200219338,0.00941127051,0.007452340746
-1.128428382,0.003126426048,0.01125194977,-0.005310715648,-0.01293295483,0.00357306616,-0.02289228101,0.008988996825,0.0096143804
-1.118951319,0.004161060572,0.01327655032,-0.00475832083,-0.01504395369,0.001881389587,-0.02348031904,0.006212640514,0.00805517564
-1.153519526,0.004330252282,0.01175152478,-0.00564841081,-0.01704339513,0.002331401197,-0.02203787251,0.008188862275,0.008067195891
-1.10570038,0.001407308667,0.01030707944,-0.006510020792,-0.0149739748,0.003124487167,-0.02166157611,0.009683718848,0.00703747971
-1.107446637,0.001693988815,0.009017330551,-0.005118452886,-0.01098868977,0.0007743159513,-0.02372289168,0.01042842319,0.007840974093
-1.156132698,-0.0008762337851,0.006191398902,-0.006089489304,-0.01469376779,0.001178808906,-0.02392169792,0.008176571725,0.008428794695
-1.173513642,5.185490326e-06,0.006739478306,-0.004917107536,-0.01741580467,0.0006810714575,-0.02307400115,0.009191121165,0.007293041445
-1.133992561,-0.002573977151,0.006478166135,-0.006217330108,-0.01594257364,0.002140438875,-0.02425217889,0.006817726934,0.008480562984
-1.136773043,-0.002702749149,0.006969704058,-0.002928120052,-0.0170954026,0.001446180967,-0.02283003752,0.008879940367,0.007359265746
-1.110733324,-0.002651853352,0.006944801267,-0.002100876756,-0.01648517268,0.001085721926,-0.02410552345,0.008877758333,0.007037095311
-1.157030066,-0.005012053459,0.002074683501,-0.02064216737,-0.02134284068,-0.0003608912273,-0.02202188105,0.007137700905,0.008569766546
-1.109450547,-0.00204684437,0.003209814216,-0.01121829375,-0.009373947616,0.002491020095,-0.02009856722,0.006942112746,0.006952764774
-1.160170632,-0.00264984242,0.008517408618,0.007872338073,-0.01220071571,-0.0005193554339,-0.03131597123,0.01040224023,0.008953891084
-1.163664106,-0.004185690004,0.003920342453,0.007433860108,-0.02063687735,0.002622551923,-0.01743072081,0.01275193193,0.008248323679
-1.091049966,-0.00241291249,0.003974965356,-0.01186847906,-0.02583686618,-0.0009668857695,-0.02452853363,0.005470713082,0.00455677819
-1.112085507,-0.002917318957,0.004901802312,-0.01989460962,-0.01005659204,0.003169278887,-0.02903201349,0.007546173413,0.008519639036
-1.094428386,-0.003250016395,0.005034782336,-0.01090676399,-0.005406167192,-0.002664548283,-0.02161399885,0.01308501102,0.007905902705
-1.141518143,-0.002629258547,0.007255250563,0.002469398089,-0.02113064387,0.002063004256,-0.02085581982,0.006826793904,0.01089848872
-1.149537795,-0.004085713707,0.003692690083,0.004790948722,-0.02589529457,0.001584615181,-0.02328650311,0.006975466603,0.004161691661
-1.120962094,-0.004158182762,0.003995711939,-0.01079558543,-0.01720011489,0.000522812848,-0.02386053832,0.01256693783,0.005775954813
-1.153247655,-0.008468029986,0.00119556142,-0.02241679738,-0.002775515769,0.0009565199621,-0.02587409198,0.01208663329,0.008182557107
-1.107879381,-0.01256272833,-0.01105789402,-0.008212614067,-0.01814508901,-0.007645642939,-0.02476729527,0.002340217153,0.005833243488
-1.136680612,-0.01034706893,-0.00257049638,-0.003123998567,-0.02966629286,0.002137809612,-0.02221028782,0.006131342341,0.01105311979
-1.104977937,-0.01045126269,-0.0007239077824,0.0007376255782,-0.01812430009,-0.0004053982825,-0.02365588889,0.01489154231,0.005467188478
-1.110411441,-0.009631219613,0.001416321026,-0.01031107272,-0.008798503972,0.003784678979,-0.02913728913,0.004693305936,0.005992989116
-1.11588575,-0.01187571185,-0.005566011457,-0.02108128254,-0.01581565422,-0.002721707203,-0.02293942569,0.008371729912,0.005011135283
-1.141607371,-0.008108996706,-0.007792704465,-0.009988762968,-0.02443851462,-0.001283885361,-0.02331735596,0.004816612722,0.007437923574
-1.132362484,-0.005085304835,0.004389317635,0.0003781939401,-0.01039283757,0.001033978894,-0.0263507243,0.00960697476,0.01200279633
-1.111153541,-0.008632373821,0.0007998635785,-0.00331246842,-0.01532906695,-0.00362325346,-0.02314083012,0.01120528342,0.00597212462
-1.127250654,-0.00845381702,0.001086378413,-0.0156113644,-0.021659262,0.004662318351,-0.02234899432,0.008329433922,0.007136035186
-1.134734016,-0.006938582267,-0.001354103652,-0.01506528326,-0.01254431451,0.0004192273491,-0.02409060495,0.008370526661,0.003901840829
-1.142806555,-0.003147854517,0.0006588373058,-0.002711057724,-0.008454556071,0.001794600526,-0.02510965295,0.00705287553,0.01016538521
-1.127201435,-0.003483828919,0.00554328337,-0.002555515108,-0.01666324406,-0.0015102505,-0.02335382519,0.01288299484,0.009872348321
-1.0890885,-0.003441837174,0.002036787913,-0.005422135346,-0.02256097037,0.0002470972848,-0.02212764152,0.00568855824,0.007634000044
-1.125512826,-0.003181978763,0.006704799793,-0.01133819886,-0.01837016215,0.005112825974,-0.02456527743,0.009258241504,0.005872458399
-1.155237941,-0.002826748261,0.006680998474,-0.01307092032,-0.004846599414,-0.0005872473162,-0.02064417391,0.01237511718,0.006655895469
-1.141660733,-0.0001979191143,0.002041964945,-0.005107514254,-0.01452677133,0.002839261094,-0.02182629302,0.007338830438,0.01072335444
-1.090250382,-0.001241473988,0.006371276596,-0.001595247727,-0.01951525314,0.001543886934,-0.02706897034,0.008027264651,0.007532189554
-1.106504896,-0.001953422949,0.005372428112,-0.004414758039,-0.0174943678,0.0005757820602,-0.02239858813,0.01290228678,0.009354594632
-1.121904097,-0.001621931374,0.01113052276,-0.007311696611,-0.01381170463,-3.754527306e-05,-0.02369539043,0.01108047835,0.007822896206
-1.137564465,-0.001237538291,0.004299535512,-0.008863070772,-0.008541896399,0.0015078258,-0.02058602929,0.006636086613,0.007370909441
-1.090846883,-0.0006123199012,0.001903128985,-0.005664399561,-0.02507845553,0.004905406605,-0.02015115791,0.01021465318,0.006842750696
-1.124675445,-0.001107635802,0.01047980332,-0.003606667787,-0.01322136387,0.001975934913,-0.02360969493,0.009772706084,0.00675049579
-1.129978159,-0.0005543591625,0.0048039127,-0.0004237560409,-0.01131396979,0.0009909187282,-0.0252396346,0.007386736478,0.009924071171
-1.099080817,-0.00167606661,0.009298725916,-0.008933698977,-0.01821649192,-0.0002052294734,-0.02284722127,0.01019810199,0.008960847911
-1.121790268,-0.002578339563,0.002600980476,-0.01009551636,-0.01407654992,0.00238532042,-0.01967888409,0.009744416737,0.01005279428
-1.127637376,-0.001714027371,0.008728510049,-0.005624973511,-0.01247010267,0.005232315285,-0.02299752764,0.009220921299,0.005635645582
-1.126826961,0.006953364329,0.01582079171,-0.001663012034,-0.008859089764,0.004085894363,-0.02072336901,0.01288138567,0.009670910414
-1.099775251,0.008824198886,0.01558560233,-0.0005372620348,-0.02366236157,0.005475650646,-0.02088310543,0.01075689107,0.008207827595
-1.138859151,0.007345245056,0.01530917215,-0.003686588741,-0.01285595207,0.002416994861,-0.02395287103,0.009584182822,0.00894203201
-1.117009057,0.006683749205,0.01065329567,-0.005762219882,-0.008259789461,0.002469685823,-0.02219578995,0.01042494405,0.01257074414
-1.135390317,0.00615325821,0.01473007345,-0.007120932779,-0.01219503753,0.002126717959,-0.0212697315,0.01231576676,0.009142499376
-1.115017967,0.004736807459,0.01352918937,-0.004739125095,-0.01627512417,0.004896803392,-0.02252256174,0.006747408412,0.008686617126
-1.105144231,0.003654504111,0.01055397386,-4.073536651e-05,-0.01997866779,0.004077803921,-0.02268686555,0.008928102611,0.007567997471
-1.111351722,0.002635434912,0.01071597294,-0.004545172674,-0.01342929491,0.003287922354,-0.02259398566,0.01162977432,0.008375292865
-1.122588855,0.005041796569,0.01006041341,-0.005332578971,-0.01077668758,0.001926280921,-0.02293378979,0.009041828711,0.00905908011
-1.161450884,0.004188787566,0.01207236842,-0.008465900993,-0.01429363355,3.506380535e-05,-0.02397172961,0.009946747752,0.008758464197
-1.104843094,0.00086523559,0.008604343376,-0.005051210631,-0.01520730739,0.002339719031,-0.02182623421,0.009950706073,0.009311897298
-1.144758112,-0.001816657675,0.009497549393,-0.001113689393,-0.01735840893,0.001317121381,-0.02435439845,0.007985991058,0.007068394663
-1.174353052,-0.002712931296,0.009896374301,-0.00389069966,-0.01602291951,0.002010398246,-0.02422234421,0.005359827532,0.007255519329
-1.123234182,-0.002406233689,0.003858766101,-0.008873298082,-0.01942682811,-0.0007323534625,-0.02271166239,0.008970699606,0.006432610149
-1.124426184,-0.00200872779,0.006820092852,-0.009249370184,-0.01426223086,0.001341944121,-0.02512948165,0.01007911873,0.008701243046
-1.142895873,-0.0005145229068,0.007349734885,-0.005105531849,-0.01081123431,-0.001647217906,-0.02340895331,0.00988646284,0.007000320047
-1.099203174,-0.00339795827,0.003796708877,-0.00401692466,-0.02156239385,-0.000672628095,-0.02282884641,0.007905903029,0.006946609496
-1.075975037,-0.004437819728,0.005248054456,-0.005601122852,-0.01921094421,0.0007522662763,-0.02509670547,0.008869725056,0.00655296784
-1.118758852,-0.002985657613,0.004013265162,-0.005615989944,-0.01924613612,0.001548864812,-0.02475281258,0.00778189244,0.00852204946
-1.153216417,-0.002576461852,0.00785362608,-0.009339654113,-0.008313087383,0.001224266737,-0.02287261733,0.01079112384,0.007886143506
-1.078730921,-0.001788803415,0.00481337072,-0.005932013303,-0.01393301741,-0.0007923762122,-0.02252676205,0.005543347266,0.007878166622
-1.114141051,-0.002908667748,0.002509100065,-0.005199912801,-0.02043626837,0.001418435055,-0.02467640104,0.007055903959,0.008665733167
-1.130968273,-0.003877743823,0.000298059532,-0.005017988562,-0.02058867792,0.000584689527,-0.02471513702,0.01284737205,0.006212540976
-1.12973902,-0.00328012765,0.006964139519,-0.00764200764,-0.01051039476,0.002007415902,-0.02499940608,0.01104579499,0.008696032567
-1.116238127,-0.0039519053,0.01014795989,-0.00617514462,-0.004616020228,-4.832307372e-05,-0.02384908172,0.003831091254,0.006729738558
-1.132118203,-0.002544608418,0.0005506041344,-0.008278349658,-0.02291440346,0.001417673692,-0.01824197891,0.004335669764,0.008315378389
-1.103688282,-0.00513000726,0.0009526685564,-0.006637270221,-0.03002127699,-0.0004181707204,-0.02472916347,0.01507919819,0.007085726736
-1.13869747,-0.013536264,-0.003750870845,-0.006501326084,-0.01828987773,0.0001372037228,-0.02747882917,0.01323866041,0.008781406226
-1.118433476,-0.01250181375,-0.003999747026,-0.007149643065,-0.009980445465,-0.001982843202,-0.02554907958,0.009767767586,0.006961362651
-1.132463534,-0.01297869251,-0.0051527385,-0.01131940999,-0.01628300899,-0.0003075135318,-0.01674862014,-0.001112961475,0.006891281513
-1.136247775,-0.01096232965,-0.002450055051,-0.009546143887,-0.02034853094,0.0002585288841,-0.02410428933,0.00263715549,0.006134516603
-1.128345728,-0.01011577045,-0.002739689088,-0.006489926229,-0.01682491643,-0.002052283656,-0.02690322739,0.01501461426,0.009388380366
-1.11000064,-0.009721686241,0.0007189967273,-0.004878957339,-0.0149233755,-4.50444639e-05,-0.02695685413,0.01364692332,0.00990960981
-1.114026689,-0.007258409468,-0.00339031933,-0.008398836792,-0.01777885811,-1.523425562e-05,-0.02311233089,0.007030529837,0.0057800459
-1.116697208,-0.0069223841,-0.001841138849,-0.01086501696,-0.016245143,0.002412589038,-0.02171749844,0.003006358097,0.007908717485
-1.099304804,-0.009059748945,0.003506447694,-0.008201296534,-0.01335062096,-6.208220109e-05,-0.02450240865,0.009840584235,0.006699069928
-1.120127775,-0.007408924273,0.003491236962,-0.005947096146,-0.01073991302,0.001995029735,-0.02461513185,0.01262228801,0.009679553608
-1.089848809,-0.005060028847,0.001273986562,-0.006448026916,-0.02054757159,-0.0001303059888,-0.02243675809,0.007616661092,0.007631458949
-1.12876017,-0.004251415071,0.002439855784,-0.01033807152,-0.02178259544,0.000305927992,-0.02334802237,0.006826143679,0.007567695765
-1.086406913,-0.001918769669,0.002443111561,-0.008867037027,-0.01438526094,0.001744528917,-0.02317192956,0.01142788645,0.00726881252
-1.17448645,-0.002303051712,0.006215858241,-0.007010974507,-0.01044054815,0.001233776123,-0.02457572268,0.01143413737,0.01064519702
-0.7632587525,-0.003916625432,0.002998860881,-0.009669525986,-0.01358532822,0.0002582020085,-0.02185522473,0.007171563251,0.009389581759
4.107860649,-0.002937463079,0.003218447435,-0.005926742123,-0.01920022982,0.001814425051,-0.02257217494,0.004104381453,0.009171256403
4.523973632,0.0005532486147,0.007145188106,-0.005134904206,-0.01248157088,0.001428267223,-0.02375471127,0.007372834323,0.007797909073
4.426626987,-0.002339343988,0.00493708035,-0.005486355327,-0.01143441378,0.001842087853,-0.02260738761,0.0143830098,0.01014258276
4.449243223,-0.002976947888,0.005383151696,-0.008642181942,-0.01684541227,0.003571032621,-0.02344590578,0.01074285897,0.007693045723
4.458632102,-0.002312330809,0.006495825906,-0.007056656761,-0.01668907812,0.001297252624,-0.02317205303,0.009257739569,0.008061600134
4.421018416,-0.001771303114,0.006306353973,-0.004171335137,-0.01529106577,0.003081002998,-0.0212104094,0.007953714701,0.006796299368
4.411099093,-0.002206489023,0.008877320603,-0.002560191564,-0.009821781615,0.001507199487,-0.02358776722,0.0094692485,0.009576564229
4.413858663,-0.001176145077,0.002959384519,-0.005437160352,-0.01626004217,0.002845900349,-0.02317632459,0.01001554741,0.008739871304
4.464345441,-0.001454447292,0.00455415889,-0.008279304768,-0.01966532644,0.0001442279908,-0.02347848435,0.009922622054,0.007019130546
4.442996133,-0.0005575116898,0.005667852088,-0.007431088884,-0.01439337019,0.004209983598,-0.02233386475,0.01161336487,0.01049633088
4.452379338,-0.002295338419,0.007773273165,-0.005317022186,-0.01251603828,0.0007302877888,-0.02181514779,0.009870014972,0.008407922718
4.434551493,0.003543340594,0.01306206865,-0.003081713274,-0.01108923944,0.005169345747,-0.02205003057,0.006690439417,0.009164952034
4.395516608,0.00693984938,0.01235923187,-0.003775603827,-0.01388993418,0.00363927784,-0.02167187121,0.009005720484,0.009516436368
4.467229834,0.009056926313,0.01640369554,-0.00397072895,-0.01107799561,0.003935397074,-0.02396143062,0.01228151008,0.009891261559
4.426719468,0.007650917056,0.01439972654,-0.004384740105,-0.01009766748,0.00393121734,-0.0211131204,0.01237798532,0.01120946373
4.439533842,0.00543527857,0.01361568925,-0.004213949492,-0.01641686392,0.003280689877,-0.02248974846,0.01088747239,0.007437990264
4.447157558,0.007414330352,0.01287976024,-0.004967941183,-0.01644626002,0.004750280458,-0.02206308107,0.007610003585,0.008203341288
4.419260571,0.004542640676,0.01205260165,-0.005557419803,-0.01237089676,0.00229996496,-0.02170964544,0.009753024688,0.007839395158
4.45411067,0.0027190189,0.0119641544,-0.006703978787,-0.009635491815,0.002690589193,-0.02225459695,0.009649541261,0.009118943389
4.423571259,0.00432291594,0.0115651868,-0.003177629778,-0.01431941961,0.001775738126,-0.02153636521,0.007724167849,0.008630454535
4.491581597,0.00444021917,0.009916556679,-0.003634978669,-0.01867282842,0.00189600533,-0.02165928089,0.007641293188,0.008853080917
4.40875017,0.001176719429,0.01078930518,-0.006790508612,-0.01801114331,0.001038437124,-0.02249411125,0.01136262479,0.008937705745
4.468879718,-0.00147610446,0.007816359316,-0.005961150246,-0.01438281252,0.002283028383,-0.02369507207,0.01188126935,0.007189495257
4.327677708,-0.0007824244114,0.007584314245,-0.006047196291,-0.01495999637,0.0007957256568,-0.02419203397,0.00722459218,0.00799699113
4.590998939,-0.001719124825,0.005958414396,-0.004478217229,-0.01660476448,-0.0001028475132,-0.02250700925,0.00624028237,0.006269461891
4.184016405,-0.001635509018,0.00609415344,-0.00641048827,-0.01589977909,0.0010778012,-0.02327856652,0.007845516066,0.008151323668
4.86400699,-0.002009785403,0.006829078972,-0.006245877664,-0.01358348982,0.001543834476,-0.02530144589,0.01087357268,0.008528625025
2.19943114,-0.003634194373,0.004271397362,-0.008786892253,-0.01729565227,0.0007880604348,-0.02337908094,0.005860226506,0.006155243229
-1.554806441,-0.00465670683,0.00439282196,-0.007909651385,-0.01828246744,-0.0003395568472,-0.02257136869,0.006604078994,0.00561351526
-0.8796788036,-0.002697951653,0.004120637088,-0.004664406313,-0.01486398838,0.002717146527,-0.02289149707,0.007719361711,0.009249616238
-1.250427541,-0.003020527056,0.007038751922,-0.005770259701,-0.01484789009,-0.0002270879521,-0.02411758064,0.01054773127,0.007444853076
-1.068564527,-0.004055710896,0.004482419339,-0.006279405178,-0.01647726294,0.001613050414,-0.02278510865,0.009369692883,0.008021875498
-1.203486322,-0.004077291555,0.002140683578,-0.007415597518,-0.0185240682,-0.0006649351314,-0.02354843603,0.008509010074,0.007342047955
-1.084228814,-0.001200337471,0.003880184471,-0.004036697952,-0.01779944371,0.001840107345,-0.02465989464,0.009157273248,0.008302574129
-1.172135932,-0.002333736449,0.007172992999,-0.006264866946,-0.01562336185,0.001518546425,-0.02303745375,0.009037509542,0.007431326406
-1.130006778,-0.004195186068,0.006200907999,-0.006701146939,-0.01443213636,0.00195147175,-0.02131875392,0.008531980287,0.006328287711
-1.142493903,-0.003306886546,0.002918973971,-0.009641342874,-0.01689938953,0.000335161979,-0.023429951,0.006461508868,0.008215784758
-1.084734219,-0.002912043742,0.002412208311,-0.004810223672,-0.01682728848,0.001250360791,-0.02404623229,0.01084184262,0.006373725276
-1.099818912,-0.009189369908,-0.0002602472078,-0.007226182269,-0.01534019106,-0.0007804053908,-0.02509242196,0.008997571925,0.007114295751
-1.095883963,-0.01413731836,-0.004110101274,-0.007110521844,-0.01728410969,-0.0008031373147,-0.0255971416,0.00714685291,0.007090339559
-1.102200858,-0.01200451433,-0.002873445718,-0.01135984215,-0.02080417152,-0.0009418293172,-0.02568506672,0.00567646487,0.006464559747
-1.127808937,-0.01064617629,-0.003140082309,-0.01052649751,-0.01886019814,-0.001153235119,-0.02515666606,0.006138098287,0.006677945552
-1.142028818,-0.01056800209,-0.004032685979,-0.00977437612,-0.01395823386,-0.0009185934798,-0.02421893285,0.009485730971,0.008395740023
-1.124065749,-0.009682478297,-0.004500410674,-0.008292834499,-0.01462214332,-0.001662484288,-0.02232506975,0.00890896292,0.008094337165
-1.151306948,-0.007374108569,-0.0008496585852,-0.008446302412,-0.01860719837,-9.940964779e-06,-0.02417766304,0.007518467706,0.006195077889
-1.103593839,-0.006479390234,0.001141504758,-0.006752419441,-0.01667403809,0.0003171862674,-0.0246890938,0.006939017635,0.007495937926
-1.130626917,-0.009037198925,-0.000170343951,-0.008799923256,-0.01471045147,-0.0001844995167,-0.02638749054,0.009019699479,0.007688136463
-1.097612787,-0.007716679351,0.0005188107834,-0.008872371951,-0.01607942743,-0.0001547503327,-0.02267912405,0.009292522938,0.00815332437
-1.143677042,-0.005915437945,-0.001096192789,-0.007503296064,-0.01565585719,0.001157225708,-0.02294443177,0.008512806185,0.007290787377
-1.130267296,-0.002909614464,0.004375532397,-0.007310018645,-0.01498069026,0.0007260608162,-0.02357695106,0.009603801543,0.008249555598
-1.123137736,-0.004594474615,0.004100487868,-0.007596455956,-0.01523266779,0.003155850237,-0.02378215509,0.008467339366,0.007827922716
-1.14886495,-0.004240675709,0.00412248962,-0.007623473121,-0.01603957462,0.001895751039,-0.02349038234,0.007822193115,0.007321956998
-1.165794053,-0.002223944098,0.002903483765,-0.007914303329,-0.01657435579,0.001587548845,-0.02414425305,0.007911497474,0.008788502445
-1.146771571,-0.002040783725,0.002429814706,-0.007493107021,-0.01397795562,5.608641265e-05,-0.02381557704,0.008614353282,0.008784721455
-1.113508589,-0.0001916694069,0.006149884379,-0.006879774641,-0.01071800152,0.001634714421,-0.0237757912,0.008802497652,0.008182196555
-1.153393875,-0.0004488850814,0.007081664883,-0.005060921429,-0.01386911861,0.002691139654,-0.02255290725,0.009343435536,0.007866079391
-1.096950102,-0.003362804473,0.005744575574,-0.005836339217,-0.0179710293,0.003543640951,-0.02396367655,0.009285529465,0.008396328124
-1.168755587,-0.00241959044,0.005800750253,-0.005915403758,-0.01596473285,0.002162341119,-0.02376843158,0.009069589539,0.007858469604
-1.133604524,-0.0008568085513,0.0054045092,-0.002969406592,-0.01214695319,0.001444402782,-0.02290497081,0.01050704277,0.00905776905
-1.1319713,-0.001116722182,0.006704227042,-0.008224593168,-0.01603938183,0.0006675236225,-0.02314302956,0.01035268718,0.007573880892
-1.098169994,-0.001682664703,0.00693998557,-0.0138353992,-0.01608901079,0.003221541694,-0.02137805903,0.007820557255,0.008713457797
-1.154880399,-0.00096716163,0.005016028556,-0.00788381254,-0.01047259562,0.002531791877,-0.02341216614,0.00762445076,0.008171184948
-1.16166734,-0.0009014287177,0.006653085344,0.002085423876,-0.01370065512,0.001333806397,-0.02488136352,0.01110416964,0.008209255093
-1.159491712,-0.001632744194,0.004886122547,-0.002058374387,-0.01957412677,0.002326245739,-0.02093411253,0.01037086316,0.007908851874
-1.154115969,0.002578177289,0.00719918393,-0.009105054238,-0.0161134189,0.001886556649,-0.02435730643,0.008980756087,0.00807820254
-1.138709278,0.007999224697,0.01631337331,-0.01142238113,-0.008743400128,0.005394135321,-0.02439107659,0.01000856767,0.009732994119
-1.126826073,0.007889881464,0.01700715573,-0.001939124889,-0.009779666776,0.003356065022,-0.02136780387,0.01142750166,0.008659492622
-1.099082192,0.00715074355,0.01323161679,0.004627970962,-0.01494197615,0.005161637251,-0.02018608936,0.009030443021,0.01045746537
-1.122465893,0.006475004079,0.01395639038,-0.0002497160713,-0.01638405285,0.001644936582,-0.02313564723,0.009732146112,0.007348091713
-1.094882078,0.006287460653,0.01452899954,-0.01016440575,-0.01201025389,0.003117536061,-0.02308454377,0.01076447962,0.008545832524
-1.124407259,0.005500371227,0.01265763236,-0.01148420213,-0.01104573829,0.002033253001,-0.022762782,0.01175069359,0.009787400255
-1.14965435,0.00424290411,0.009608503701,-0.002303416906,-0.01849432366,0.001237906156,-0.02351749313,0.008460524036,0.009455741892
-1.136276989,0.003691897713,0.01163743116,-0.0008074476649,-0.01854331757,0.003364590964,-0.02338007646,0.009803632804,0.007838639378
-1.099184817,0.003279513908,0.01260745792,0.00136927917,-0.01199070438,0.003435562947,-0.02297365408,0.01076207554,0.006855431959
-1.147661726,0.002490507839,0.01208906771,-0.007589841149,-0.01330960883,0.002272867926,-0.0250636974,0.008303723814,0.009012233992
-1.155817789,-0.0003764383703,0.008062751106,-0.01103254478,-0.01612164375,0.001151691307,-0.02265750873,0.01099779114,0.007346787324
-1.1608191,-0.002180459966,0.005104932497,-0.006079125304,-0.01665219708,0.0004847653553,-0.02465511015,0.009202594884,0.01012208342
-1.111761546,-0.0001268701566,0.01011000333,-0.002635441448,-0.01170907007,0.001367738973,-0.02426450037,0.007323560402,0.008551277575
-1.13715236,-0.00238667415,0.006681516411,-0.004415147003,-0.0181451562,-0.0004747312145,-0.02271477115,0.008323144051,0.004756224409
-1.08100687,-0.002093797643,0.00786323347,-0.009372549005,-0.01908305601,0.003466836347,-0.02381570069,0.007970177838,0.00636483789
-1.12099417,-0.001883846411,0.004547207002,-0.008087298164,-0.0126173698,-0.001862282192,-0.02507486785,0.01094748302,0.006481664941
-1.102454808,-0.004465199803,0.003978755574,-0.006368049032,-0.01557117664,0.001779534975,-0.02336132073,0.009891801506,0.009892696318
-1.171059922,-0.003112063838,0.005756337277,-0.003402416387,-0.01844211285,-0.004529035722,-0.02459336274,0.009364282694,0.008380434718
-1.126070538,-0.002200422738,0.004784510998,-0.005312249338,-0.01989712243,0.003826663347,-0.02335943333,0.004221101801,0.00809006375
-1.133275473,-0.002597926135,0.008709109099,-0.007563691417,-0.01575547182,0.003965373817,-0.02576465495,0.01019100514,0.004908881749
-1.158209817,-0.00319589491,0.004870802739,-0.0103880547,-0.01281823067,-0.001304242298,-0.02201123113,0.00809599292,0.008514678782
-1.14865804,-0.002231841947,0.002925125632,-0.004956534585,-0.01494272985,0.0001020054264,-0.02294698395,0.007030868266,0.008338258535
-1.123725595,-0.002122737864,0.001023483778,-0.005758559658,-0.01619849864,-0.0009608552217,-0.02358947407,0.01086050491,0.00699552917
-1.144222669,-0.003653907833,0.008335463087,-0.00533460974,-0.01824222809,0.003183111478,-0.0236900544,0.01152172924,0.009330976299
-1.114635496,-0.003766313435,0.005436761067,-0.007611942496,-0.01439414873,0.0009766176581,-0.02657530906,0.008747798478,0.005411549623
-1.109263385,-0.002428555382,0.003693524514,-0.005877982955,-0.01712844688,0.001633054302,-0.02402019837,0.00472036817,0.007074545767
-1.156936804,-0.006131264864,0.0003830736557,-0.006232355623,-0.01790537607,-0.0004923737215,-0.02335275629,0.009801128882,0.005904857696
-1.096166437,-0.01292552083,-0.00392934463,-0.006962021122,-0.0158440876,-0.001745732458,-0.02405582296,0.007463389123,0.007608013462
-1.125282509,-0.01253868354,-0.002815063396,-0.008991220572,-0.01864046319,0.0006235860341,-0.0256612035,0.009692080882,0.00658494411
-1.109325684,-0.01189178642,-0.002158615447,-0.008721866931,-0.02174287026,-0.002393035409,-0.0230954317,0.008898857131,0.006781077269
-1.135497484,-0.01167197782,-0.004095079914,-0.009271332222,-0.01534683632,0.001796659005,-0.02382663774,0.004476926214,0.007052878969
-1.109066596,-0.01041319883,-0.005437666476,-0.007861222481,-0.0148015211,-0.002131139465,-0.02320391191,0.008970490182,0.007165333625
-1.128292642,-0.007559197478,-0.0008911854641,-0.009576782157,-0.01541841539,0.0002760705312,-0.02571064494,0.009447662242,0.008986884665
-1.127563184,-0.005866073548,-3.201007638e-05,-0.007737224103,-0.02017484972,-0.0002000157062,-0.02351245609,0.01132606876,0.009141893175
-1.102295304,-0.008046036916,0.002165118707,-0.007352099189,-0.01617433452,0.0009103248898,-0.02573899442,0.006620846595,0.005701597502
-1.153155245,-0.009123528908,-0.003512322981,-0.008501650478,-0.01403950929,0.0001089892349,-0.02238354312,0.008711985237,0.008305344256
-1.131760859,-0.006364397636,0.0002427196347,-0.01036724682,-0.01685488438,0.0005613828245,-0.02324090875,0.008294490412,0.009219495668
-1.14088353,-0.003474684833,0.002771410009,-0.005879122779,-0.01397537253,0.001394791938,-0.02482172264,0.009308276811,0.01025550189
-1.09456137,-0.002657387558,0.003287716797,-0.007793624759,-0.0175128414,2.289492124e-05,-0.0225705195,0.00968206485,0.007952192598
-1.117676144,-0.004338365661,0.004291229304,-0.005410745464,-0.01422141144,0.0008390671085,-0.02222863908,0.008884402266,0.008394235707
-1.101110796,-0.002043068125,0.0004700681957,-0.007304824827,-0.01666647127,0.001095778675,-0.02338893604,0.008430920264,0.00895489316
-1.126513304,-0.002849871648,0.005327246991,-0.006828623836,-0.01419933927,0.001337583789,-0.02335671999,0.009064194894,0.007735892926
-1.121267592,-0.0007777329412,0.004800663887,-0.00747613281,-0.01429615142,0.00200919447,-0.02311855815,0.009217142823,0.009416284951
-1.153720868,-0.0003355971474,0.009030893638,-0.006076842775,-0.01558566114,0.001709772791,-0.02284515132,0.008018096703,0.00876603579
-1.105234746,-0.001919441715,0.005938546122,-0.005752323609,-0.01489720177,0.00340115303,-0.02205209317,0.008981434667,0.008977440307
-1.101121056,-0.003351053008,0.004284308475,-0.006122722541,-0.01623752166,0.0002324336701,-0.02205819271,0.0104324723,0.008402968078
-1.120572899,-0.001062174195,0.004358239379,-0.00731011996,-0.01121976484,0.002795634202,-0.0235993124,0.01172893297,0.006331872081
-1.098731211,-0.0004474712767,0.005969144295,-0.007346285475,-0.01680698361,0.0001860025197,-0.02170710337,0.009692468618,0.008936158244
-1.162179241,-0.001508790549,0.007875456226,-0.004937960963,-0.01553175944,0.003107412034,-0.02275725102,0.009741586749,0.008750831195
-1.077103875,-0.001550340616,0.005762539327,-0.005400118956,-0.01760241377,0.001426339074,-0.02329000958,0.008104504627,0.008300274146
-1.126614014,-0.001518693004,0.006379327357,-0.007281543085,-0.01571832012,0.003615337855,-0.02292219654,0.009367002677,0.01080931233
-1.138066755,0.0001645554211,0.004677419709,-0.006660588317,-0.01352393244,0.002114609161,-0.02347748751,0.01152474171,0.007179285074
-1.113368766,0.0008305651523,0.006496960193,-0.003469484979,-0.00924601873,0.002877539853,-0.02225664844,0.007066142198,0.008689747175
-1.135170591,0.006295694036,0.01126525497,-0.00636578194,-0.0147398067,0.002589454696,-0.02090105656,0.009439885756,0.009727498381
-1.10317382,0.008352761243,0.01200888314,-0.009060672722,-0.01832406028,0.004815319183,-0.0206792149,0.01265973002,0.01010745488
-1.132988877,0.006706432386,0.01595608848,-0.006116855034,-0.00976746089,0.003768313349,-0.02509479826,0.01294859347,0.008117116343
-1.167821042,0.00594280268,0.01920708045,0.0008300744086,-0.004146523924,0.002518622829,-0.02296254819,0.00840640262,0.009916002335
-1.096928003,0.005870163684,0.0132127867,0.0008289090847,-0.01677067723,0.006748266035,-0.01810425101,0.00672650265,0.008532392505
-1.134493935,0.006255976332,0.01392498593,-0.006007449474,-0.02919198074,0.001408453571,-0.02260904305,0.01128891611,0.008438808771
-1.087823416,0.003069897674,0.01139788586,-0.006896183239,-0.01544026754,0.004233956068,-0.02625338143,0.01356935573,0.009474462706
-1.121323439,0.003144294607,0.0140450646,-0.00328904814,-0.00615972388,-0.0006261661315,-0.02302794425,0.01321416269,0.009209458213
-1.132062391,0.004760454119,0.009615609387,-0.004312698544,-0.01190462634,0.003750066597,-0.01906759811,0.002494334141,0.01029976999
-1.088529744,0.002503094165,0.009617974835,-0.001687692095,-0.02228182677,0.0002566411087,-0.02020246819,0.003415337838,0.006499256134
-1.070024579,0.002068502347,0.008791750014,-0.005968548493,-0.01655255016,0.00253857321,-0.02691310561,0.01203402887,0.01016669871
-1.078706645,-0.0007317846529,0.01196999512,-0.0047952842,-0.009116317011,0.001845057672,-0.02500487377,0.0163581627,0.007642553095
-1.087589638,-0.001704968714,0.004856411117,-0.008535843841,-0.01634931694,0.000157225979,-0.02378468418,0.007668045059,0.008009212999
-1.090247772,-0.001514592857,0.003417388042,-0.007478050743,-0.02087897842,0.0004142296675,-0.02002047989,0.00254434574,0.00830390415
-1.140520237,-0.00226830771,0.00708482204,-0.004838349722,-0.01703529224,-0.001427682128,-0.02458166157,0.01122865588,0.006326527682
-1.094878294,-0.0008515762807,0.00846211848,-0.003978964727,-0.01051477731,0.00236955519,-0.02443482236,0.0130180893,0.009710687699
-1.197911737,-0.005490713024,0.00370204646,-0.00863142511,-0.01865084814,-0.0006076114887,-0.02509998008,0.008690762705,0.005315911512
-0.6513248047,-0.004042284539,0.001901770335,-0.009839021911,-0.02618304165,-0.0008578306914,-0.02178216094,0.003561079562,0.007150233621
4.162245329,-0.00175938377,0.003344836361,-0.005603719826,-0.0164505987,0.0002498696502,-0.02422661913,0.00852650607,0.0074350269
4.482332663,-0.002315200581,0.006845243945,-0.003018500369,-0.01093544185,-0.00101178246,-0.02219885805,0.01409650107,0.0101482137
4.4431269,-0.003299621823,0.005174558426,-0.007214275112,-0.01462657279,0.003448883167,-0.02319545663,0.009422682648,0.007827452703
4.416570737,-0.002775113205,0.005044668497,-0.007643749421,-0.02039240408,-0.0002406901715,-0.02296393487,0.003739910469,0.007391803966
4.475440279,-0.002828251204,0.00519792417,-0.00539430577,-0.01498010783,0.002436057898,-0.02392712525,0.006192609864,0.007514027327
4.444066828,-0.002864230529,0.006278400934,-0.004353196291,-0.01190835685,-0.00242667512,-0.02215405188,0.01494737878,0.008480258806
4.430647481,-0.003499333055,0.002873748028,-0.008053051726,-0.01402186739,0.00266299043,-0.02482023699,0.009404096192,0.008818859843
4.435348581,-0.00362170476,0.003923616042,-0.008690998299,-0.01962200397,-0.0001388814115,-0.02321230944,0.00936383021,0.007488337663
4.425273915,-0.005955925578,0.004196367786,-0.007375393761,-0.01759938291,0.002139143878,-0.02434305752,0.007153104654,0.005936248455
4.421039495,-0.0134545084,-0.001651976269,-0.007865147435,-0.01316232175,-0.0007834134942,-0.02419644426,0.008286239646,0.008356858115
4.417779428,-0.01270804516,-0.007529015497,-0.009010713053,-0.0187854643,-0.00226931786,-0.02470060093,0.006840256931,0.008046712457
4.473929998,-0.01086815122,-0.007525548807,-0.01097975632,-0.02414986276,-0.0007367839962,-0.02457787687,0.008273571686,0.006699414302
4.420709634,-0.01000383698,-0.003087957411,-0.008799580036,-0.02073539309,-0.001129703952,-0.02365497849,0.00928545681,0.005795533428
4.412790956,-0.01006380245,-1.346599366e-05,-0.008377542211,-0.01480100878,0.0011146451,-0.02430408962,0.00741175301,0.01015532381
4.426148112,-0.009867157201,-0.002193367715,-0.007461238888,-0.01595525968,-0.001672224906,-0.02321194271,0.007503051987,0.006893655416
4.431030241,-0.008001676311,-0.002537846711,-0.008427581426,-0.01891151507,-0.0001793283164,-0.02344208638,0.006361401604,0.008301552353
4.420553042,-0.007511960797,-0.002670665555,-0.00941398188,-0.01568795105,-0.0004231387937,-0.02594949227,0.01087676833,0.008281304639
4.426482612,-0.009077851578,0.002144439043,-0.007911212666,-0.01323584415,-2.140998062e-05,-0.02377135812,0.01197234625,0.01036689955
4.419962835,-0.006638230896,0.002575145405,-0.006578927699,-0.01597591261,0.001694285534,-0.02369363932,0.007976074715,0.006363603997
4.444521478,-0.006224382436,0.0006983535095,-0.008421753283,-0.01757756527,0.0004118715939,-0.02171806757,0.005477262977,0.008280147072
4.439437646,-0.002446188676,0.001561350977,-0.007915373078,-0.01492052506,0.00244564826,-0.02296213479,0.008772287407,0.007687103228
4.361159754,-0.002113034744,0.00583035207,-0.00751356307,-0.01251207045,-0.0003960993066,-0.02482830216,0.01029041012,0.009316549682
4.458911784,-0.003288729423,0.005455068214,-0.005489001771,-0.01412902122,0.002323144792,-0.02275524578,0.008151388257,0.008462563897
4.322796359,-0.002160482673,0.002088115352,-0.004598057923,-0.02054310837,0.0001980168631,-0.02182137781,0.008552136047,0.008052726698
4.534339715,-0.001478577819,0.004035766802,-0.008968667097,-0.01605200178,0.00138078805,-0.0232640678,0.009964971437,0.007657050082
4.169994791,-0.0001194651799,0.008478700246,-0.005652729674,-0.0123508336,0.0006962889149,-0.0233186074,0.01296040573,0.008166320727
4.879847816,-0.0027609744,0.006463287961,-0.008045021847,-0.01440079881,0.002451517014,-0.02298714034,0.01000413618,0.008941206425
2.213227938,-0.001971722773,0.004011634828,-0.005242126827,-0.01740313595,0.0005076340982,-0.02190181522,0.007963776618,0.008387076235
-1.624992197,-0.001040095324,0.006615077946,-0.005650274596,-0.01562835911,0.00250254439,-0.02252474105,0.007103023184,0.00886035952
-0.870503548,-0.003658298547,0.006944574029,-0.005542428134,-0.01032219619,0.0008781780822,-0.02364967858,0.01114984346,0.00868857556
-1.274912159,-0.0001701496123,0.005501566058,-0.007399675384,-0.01340794628,0.003164858232,-0.02334304052,0.01011405236,0.008182056245
-1.020943151,-0.001077480012,0.005290097902,-0.007613845431,-0.01423131917,0.001623608681,-0.02291893608,0.007448915016,0.00790620406
-1.165362878,-0.00121185564,0.005208787067,-0.006444942829,-0.01512897645,0.001921903612,-0.02224280033,0.007497933409,0.008523112688
-1.102816568,-0.0004420397919,0.008200607938,-0.005377237256,-0.01199068878,0.001861174067,-0.02401990478,0.01053663107,0.01083089559
-1.128699092,-0.001903562994,0.005449937246,-0.007279926866,-0.01602060004,0.002792539649,-0.02391892602,0.01137726565,0.009198819336
-1.117407118,0.002967131894,0.007873298705,-0.005628218163,-0.01530038202,0.002653899523,-0.02231227001,0.009711586997,0.008225978503
-1.11030387,0.009103885429,0.01285294234,0.0007129135565,-0.01613460225,0.005232975387,-0.02210842398,0.01075605151,0.009259364079
-1.14509344,0.008041355598,0.02033968707,-0.001272147306,-0.01211289833,0.004012322433,-0.02312684391,0.01164747655,0.009298665399
-1.103840717,0.005828282577,0.01582817947,-0.007947872958,-0.00978518734,0.004449106157,-0.01958962178,0.009522036674,0.008746615752
-1.184039279,0.006569825335,0.01177364461,-0.01028643362,-0.01508745354,0.003865093551,-0.02262647516,0.006422596929,0.01106366907
-1.171096398,0.006218859665,0.009380789218,-0.004125644597,-0.01877462026,0.00310026714,-0.02258314274,0.01089292926,0.00787731645
-1.138839023,0.004326362376,0.01463155907,-0.0001572281286,-0.01163257429,0.002886717794,-0.02261279601,0.01500462265,0.00751549736
-1.100632852,0.001300575475,0.01354465494,-0.0004670868494,-0.00862210584,0.003546748995,-0.02306818281,0.008905612726,0.006876442332
-1.152535635,0.002727142115,0.01025715532,-0.006525434507,-0.01908395156,0.00298822956,-0.02214345398,0.006544949673,0.009328549244
-1.114898083,0.00351626933,0.01049118266,-0.01015607454,-0.01954983192,0.002358834644,-0.02187258663,0.008180379905,0.007974911338
-1.136748541,0.002550740958,0.01149714764,-0.007300055276,-0.01179617146,0.001102439005,-0.02485788147,0.01217560264,0.009124833101
-1.160358289,-0.0002087201481,0.008319265007,-0.002073064984,-0.01231732884,0.002227986872,-0.02259983109,0.01170060389,0.008729134336
-1.102605358,-0.002219126306,0.009074624225,-0.00327490888,-0.01979554473,-0.0002182700674,-0.02455563085,0.008998994934,0.005860755169
-1.101271896,-0.001151852415,0.005223780749,-0.004323049236,-0.01919983349,0.003353374326,-0.02207819197,0.004731373045,0.006753379518
-1.142408323,-0.0007108914379,0.005451425847,-0.01243608406,-0.01230028925,-0.00180304487,-0.02536934628,0.007344646105,0.007389823585
-1.136417867,-0.001062034807,0.007008800785,-0.007666880542,-0.0157672273,0.001543010149,-0.02309596085,0.01143208635,0.009419289077
-1.169222764,-0.003692593391,0.003949338567,-0.004870024947,-0.01945209857,-0.001994519284,-0.02473724253,0.009765733164,0.006385891719
-1.165165203,-0.003890177484,0.004761828582,-0.003925319958,-0.01772309247,0.001777498141,-0.02363337563,0.006969178431,0.006938238521
-1.116372019,-0.002819854755,0.00628759837,-0.006916532237,-0.01321902037,0.001480654877,-0.0223405792,0.009295366889,0.006935596159
-1.119050228,-0.004312175647,0.005230463503,-0.009420597501,-0.01254076208,0.001808024905,-0.02406545944,0.007446539855,0.007947089999
-1.104302428,-0.001992688472,0.001727679555,-0.007517659061,-0.01865783924,0.001032867156,-0.02500977883,0.008664649918,0.007448349512
-1.123853151,-0.002464133025,0.004171773181,-0.005249325623,-0.01895426212,-0.0005481646529,-0.02428929656,0.008763585628,0.00862388593
-1.123685299,-0.004113643793,0.008669977605,-0.005088201359,-0.01324050443,0.0002218014259,-0.02357989386,0.0110083514,0.00615495698
-1.157293863,-0.004082248271,0.004358697626,-0.007672255436,-0.01522730839,0.001344387717,-0.02258784691,0.009329971767,0.006418347132
-1.126557963,-0.003305476032,0.004129356799,-0.01030508968,-0.01791223841,0.001496910092,-0.02361554491,0.008519682932,0.006493088538
-1.154020245,-0.00379060069,0.0005144224555,-0.004752622482,-0.01790090699,0.001399047673,-0.0236642672,0.009490291923,0.007500940197
-1.124605621,-0.002813815861,0.005322793011,-0.00450387795,-0.01167937859,-0.0008231510742,-0.02476609339,0.007568788113,0.009945168873
-1.147301733,-0.009876252995,-0.002815092167,-0.006259073592,-0.01835179159,-0.001841229705,-0.02429450589,0.008069551267,0.007351675097
-1.124577983,-0.01349827703,-0.003301629029,-0.01137151764,-0.02160510247,0.0003944191563,-0.02452057571,0.007309701062,0.004586637076
-1.108443744,-0.01207968412,-0.00456200749,-0.01184628515,-0.01635816496,-0.0003938594841,-0.02462663131,0.008207218704,0.005745308692
-1.117850597,-0.01139743859,-0.004679314865,-0.008056621468,-0.01485647977,-0.0007753050667,-0.02311162984,0.009115370798,0.006956026846
-1.095306409,-0.01057194666,-0.002968506528,-0.006685068,-0.01864841898,-0.003593788547,-0.02485143632,0.009421075022,0.008992445046
-1.155257638,-0.009612624308,-0.004358079712,-0.007823262933,-0.01927080563,-0.0001683259684,-0.02633043517,0.008711599502,0.008231397152
-1.122887169,-0.007606270779,0.001205531787,-0.01133062067,-0.01612488859,0.0001648947356,-0.02497117792,0.009604995504,0.006630164878
-1.113814603,-0.006517364588,0.003375648649,-0.01065362726,-0.01395259817,0.002766606138,-0.02198534775,0.008133951268,0.006720869886
-1.159383128,-0.00851960056,-0.001190501843,-0.007959601904,-0.01737721792,0.0004967351435,-0.02419995716,0.006809429586,0.005231643526
-1.108874281,-0.007798203585,-0.002604447159,-0.005346341742,-0.0169336207,0.0005339910769,-0.02374635935,0.009489621539,0.009815150957
-1.158613121,-0.00475207899,0.0006189507436,-0.006710384307,-0.01452588971,-0.00126568918,-0.02497510711,0.01033071441,0.00757061107
-1.157626904,-0.002771919828,0.003222666105,-0.009350611562,-0.01225788809,0.0008706989824,-0.02514829277,0.01010811372,0.009315834912
-1.121841195,-0.003760248292,0.004347986959,-0.0103878969,-0.01651524576,0.0003698012851,-0.02463974032,0.007488405862,0.008540927958
-1.122043613,-0.002455215411,0.003891045041,-0.007314806895,-0.01602964942,0.002017268162,-0.02169022002,0.008160178588,0.007560345236
-1.14741163,-0.003187754852,0.00433882914,-0.006739269279,-0.01381475022,0.001947452477,-0.02282857758,0.009277915596,0.008510385954
-1.126404127,-0.002758011089,0.004917431822,-0.004722541146,-0.01588070457,0.0009923070635,-0.02248562768,0.009840948707,0.007303091296
-1.146193541,-0.0008178038911,0.005620910104,-0.008641217216,-0.01604100907,0.001230682246,-0.02505519793,0.009076933032,0.008545251487
-1.140434251,-0.0009801781155,0.005497238369,-0.007750294043,-0.01324914217,0.001674073441,-0.02393943059,0.009643707317,0.007960502265
-1.146710417,-0.002400212723,0.00554760774,-0.006285161986,-0.01278316803,0.002008877453,-0.02243345047,0.007700681322,0.00997345222
-1.148513602,-0.001816954322,0.005904466471,-0.003339033354,-0.01451918207,0.002423697943,-0.02363468868,0.009764650551,0.0085784564
-1.101993043,-0.003299245056,0.006302500809,-0.004835944335,-0.0185743841,0.002115356585,-0.02247314815,0.009778528757,0.008386102848
-1.100199086,-0.001419454592,0.006348119553,-0.006914504811,-0.01366883052,0.003406148487,-0.02460895452,0.01057231264,0.007705865068
-1.128903079,-0.001229631854,0.005432502795,-0.005138803739,-0.01213565688,0.004549886885,-0.02539348402,0.01136252066,0.009351259193
-1.147016465,-0.0007594577569,0.003225394817,-0.008338481849,-0.01490456458,-0.001267765596,-0.02242071443,0.007276550911,0.008058520321
-1.102671252,-0.002462561122,0.007900854183,-0.004567054972,-0.01477713243,-0.0002138650217,-0.01956408003,0.0065153288,0.008986041049
-1.141719645,-0.0002436039685,0.003872105662,-0.007162450073,-0.01389312717,0.004383231931,-0.02197098314,0.0102670779,0.008188524885
-1.143401673,0.001977997677,0.01472377773,-0.005268414095,-0.01660376365,0.002859372241,-0.01997439505,0.01181078394,0.007999605161
-1.148794117,0.006727162935,0.01445894728,-0.004664053439,-0.01224959424,0.004774691772,-0.02370138775,0.01055720645,0.006497790514
-1.103603302,0.008801654191,0.01311905192,-0.001298332031,-0.0140209466,0.004553502965,-0.02115537886,0.009421750831,0.01018410751
-1.160707426,0.00692363021,0.01482316343,-0.004016357507,-0.01130871785,0.002465781346,-0.02091941482,0.01116861648,0.007938516372
-1.177402377,0.005293307169,0.01576503108,-0.003782339143,-0.01326255008,0.001921165406,-0.02131986321,0.01236989424,0.008743928352
-1.140153902,0.006600716409,0.0155759334,-0.005057690969,-0.01348757112,0.004373397915,-0.02303831888,0.009149277209,0.007425596757
-1.119473143,0.005110229129,0.01446625009,-0.003819177969,-0.01636884544,0.003618735798,-0.02203037803,0.01068157609,0.008256654968
-1.131751529,0.002684673772,0.01017589213,-0.003959926955,-0.01487328091,0.004834079341,-0.02311105314,0.008649038975,0.008299376909
-1.130056707,0.00424021164,0.008564634962,-0.004108578917,-0.01297799084,0.0009021632435,-0.02194129181,0.00850445668,0.008748321261
-1.095380935,0.004580524597,0.01081973562,-0.006515253458,-0.01327132241,0.003301402182,-0.02336309823,0.009722179364,0.01097498343
-1.104279755,0.002750972345,0.01262282761,-0.003693049519,-0.01349303581,0.0003704535992,-0.02373890953,0.01145260979,0.006719098052
-1.145925907,-0.000141550038,0.008017547097,-0.004390424434,-0.0163785227,0.00278106152,-0.02250942667,0.008559773676,0.008482069124
-1.135524266,-0.0004288490508,0.007591342021,-0.005837818938,-0.01615176726,0.001412419225,-0.02175012602,0.008847280807,0.006514707499
-1.114916723,-0.0009235375701,0.004675867155,-0.006689485977,-0.01910005655,0.002735654146,-0.02520234505,0.009067408073,0.007586074206
-1.135087031,-0.0001501526162,0.008001157693,-0.006974806691,-0.01493989482,0.0008605247194,-0.02360881329,0.008978817537,0.006666610113
-1.137874909,-0.002813078847,0.005619736495,-0.00673378814,-0.01435161194,0.0007445323203,-0.02395581606,0.00859786069,0.007450400947
-1.124503938,-0.00157706223,0.004165574724,-0.003681261036,-0.01709853809,0.0002298459191,-0.022883681,0.00719115867,0.008188559248
-1.153494024,-0.004543921686,0.00473530921,-0.004099180008,-0.01711076129,-0.001587276273,-0.02349562632,0.007880347713,0.006307411138
-1.102629055,-0.002272932468,0.003676359133,-0.007308060454,-0.01610482513,0.001785083565,-0.02378296696,0.01010201556,0.008113239417
-1.14658603,-0.0008861967054,0.004917808942,-0.007369385974,-0.01630644539,0.0008541101133,-0.02280232881,0.01009489467,0.007343898189
-1.109918626,-0.00172909842,0.006530161791,-0.005357474679,-0.01564753377,-0.001000218523,-0.02427856218,0.006842583948,0.007989735896
-1.120363156,-0.002646189233,0.003564989477,-0.004440957794,-0.01628516046,9.261345223e-05,-0.02316633309,0.01076694673,0.007479056503
-1.110607468,-0.00177529055,0.005222416661,-0.005223842143,-0.01568183156,0.0007756352109,-0.02304958296,0.01004248851,0.008436169971
-1.146362033,-0.003502521886,0.00513545884,-0.006531891962,-0.0149916309,0.00156810158,-0.02339044149,0.009252501264,0.006361050376
-1.13405331,-0.002818398815,0.00540986956,-0.008576808133,-0.01658495356,0.0001081249586,-0.02400641327,0.009382494258,0.007088355587
-1.136966496,-0.003999193284,0.006123303678,-0.005992158938,-0.01816028241,0.0009474381483,-0.02212924166,0.006747916579,0.0083757218
-1.125260602,-0.002609727409,0.002863572192,-0.005741902052,-0.01809855556,0.0002944402963,-0.02231402427,0.009404622821,0.009744399378
-1.124688706,-0.00798687333,0.001662077906,-0.006125963086,-0.0170586318,0.001085184827,-0.02416089089,0.009084332241,0.006676990672
-1.177654655,-0.01330600318,-0.006439522538,-0.01211564973,-0.01744654745,-0.001915112328,-0.02511540035,0.007594519114,0.006046977352
-1.120076031,-0.01273375384,-0.004249566369,-0.008545913784,-0.01812753182,-0.0002208410625,-0.02340418368,0.006276917366,0.007700687194
-1.132426134,-0.01140455303,-0.002851024235,-0.0107158802,-0.01717325135,-0.003086381822,-0.02439203529,0.009067173949,0.007279110633
-1.136935458,-0.01047805949,-0.002379254214,-0.01090230528,-0.02003949784,-3.476680327e-05,-0.0233042605,0.008479131041,0.008000362757
-1.142992201,-0.009485993331,-0.003349127521,-0.006613130024,-0.01518123215,-0.001519387431,-0.0264922737,0.009534638527,0.006762556744
-1.130159269,-0.009617726855,-0.003504768804,0.0004096673043,-0.01476717961,0.001026437162,-0.02488134019,0.007332819864,0.009479514126
-1.108382479,-0.007073754819,-0.0007922352666,-0.007281893456,-0.01643096326,-0.0006634080129,-0.02250046626,0.009328047361,0.006414595969
-1.156241621,-0.008314233017,-0.00122548264,-0.01992662156,-0.02131840336,0.0008548764416,-0.02025273287,0.007872268592,0.007670526351
-1.15436718,-0.007358253696,0.0008296784429,-0.01602921893,-0.01204480814,-0.0007520782809,-0.02638723752,0.009019734852,0.008521288998
-1.103095401,-0.00679097128,0.003123102667,0.001613886804,-0.0131402985,0.002250063715,-0.02411789906,0.009681057136,0.008276487155
-1.122997533,-0.005496887075,0.0008632729479,0.001110528932,-0.01958146709,-0.0008875530385,-0.02095532196,0.008722586338,0.006470081739
-1.121887049,-0.005086891434,-0.0001352574963,-0.004962780529,-0.02656472143,0.0007557691092,-0.02393542565,0.007639372087,0.005950615147
-1.125193567,-0.002451490783,0.004410260334,-0.01281617102,-0.01307119813,0.002883456452,-0.02716721117,0.01338853118,0.009288302581
-1.093236012,-0.002681477706,0.005902924979,-0.01211281968,-0.008093523295,0.000264276014,-0.02255450843,0.01232985908,0.01084649583
-1.176154481,-0.003430100069,0.003992028101,-0.00680868409,-0.01541284587,0.001079017456,-0.02135542575,0.003487566536,0.009890515207
-1.086593808,-0.002190618146,0.001383181383,0.0002461010364,-0.02196016505,0.0001107927479,-0.02100211978,0.006464518779,0.006978182418
-1.184447935,-0.001231278313,0.008131417131,-0.002603845843,-0.01725473566,0.003990588705,-0.02636785077,0.01377268923,0.007310366811
-0.9421953933,-0.003653259715,0.008237023497,-0.005798168176,-0.00533952078,0.00318354363,-0.02518957423,0.01516316356,0.008437982845
-1.416103425,-0.002293453489,0.002518658155,-0.01332793389,-0.0130387756,-0.0004714905963,-0.02290958976,0.00504537473,0.008178867666
0.2751755514,0.0001243575818,0.003395769037,-0.009281734095,-0.0186352431,0.0006449679635,-0.01920752706,0.005478692914,0.008805344413
4.712669743,0.0002076841262,0.004780762194,-0.003915966639,-0.01591241272,0.0005186182347,-0.02282038125,0.0101181683,0.008705812324
4.287189804,-0.00140892061,0.01146301478,-0.001351516178,-0.01206622507,0.004818824734,-0.0221086239,0.01494291169,0.008581368103
4.523236605,-0.001653069318,0.003850623678,-0.008328102331,-0.0160994372,0.001092742195,-0.02290630431,0.01161792724,0.007131769001
4.377117049,-0.002237738286,0.00486263484,-0.006840211885,-0.01813445012,0.001425901303,-0.02203475336,0.006311568857,0.008567185169
4.459055434,-0.0003151383583,0.00150892336,-0.005622657362,-0.01422145661,0.000948292551,-0.02439854934,0.007736767041,0.00770020975
4.417003626,0.001714994561,0.008095855832,-0.005466910119,-0.01264304804,0.001229235295,-0.02285299018,0.009883068292,0.0114760281
4.421791652,0.005436285848,0.0146768639,-0.004178310291,-0.01386611205,0.005559687221,-0.02278852893,0.01319087043,0.008874979038
4.400423855,0.009180995443,0.01810863637,-0.004625332659,-0.01588065973,0.003116548569,-0.02143533564,0.01019632468,0.007793337586
4.436686884,0.00719407616,0.01401848656,-0.002834055825,-0.01249033899,0.00727985495,-0.02090016379,0.008790245259,0.007869852822
4.424740163,0.005398415548,0.0131602014,-0.003437844382,-0.009349407882,0.0007552724369,-0.02036575446,0.009990854579,0.008344762014
4.441279867,0.006838405574,0.01115273625,-0.001929503217,-0.01212345804,0.0055263282,-0.02294224268,0.008011717531,0.01022971139
4.467927625,0.006288302543,0.01115109437,-0.005171906373,-0.01876885027,0.001279849986,-0.02303653191,0.01182583817,0.009235251211
4.441446327,0.004508773378,0.01508912298,-0.004674988886,-0.0138570454,0.004760711356,-0.0218525084,0.00880371116,0.008984935919
4.446312636,0.002084341346,0.01069142091,-0.003209325869,-0.01192055103,0.001967509489,-0.02197496135,0.009669691531,0.006927079617
4.408691297,0.003234786603,0.01159071907,-0.003366055445,-0.01425530735,0.003256436395,-0.02164152934,0.007474429095,0.008916910373
4.433161503,0.003508662412,0.006431634312,-0.006574689206,-0.01858171682,0.00190056987,-0.02308789243,0.01151841381,0.008881554085
4.46208572,0.001052995968,0.008446058177,-0.006897729587,-0.01581970413,-0.000136924544,-0.02345310591,0.009736011629,0.008472654909
4.427856643,-0.0002454960311,0.0105095187,-0.005823976828,-0.01140425431,0.0003373967388,-0.02281959562,0.007801354705,0.009623117066
4.447769504,-0.0008879748597,0.00818715559,-0.005169516913,-0.01831552645,-1.236412338e-05,-0.02250533058,0.006893824679,0.005445185267
4.429851865,-0.001565224481,0.005096894733,-0.005755475293,-0.01617121536,0.00413261126,-0.02244886554,0.005469779344,0.007308723707
4.445879735,-0.002665250174,0.005272580686,-0.006570695257,-0.01882587909,-0.0001331061212,-0.02413815084,0.01187598582,0.00665962681
4.368329663,-0.001598188788,0.005705678252,-0.007533173927,-0.01330392772,0.0009876740348,-0.02550829814,0.01289424509,0.01000452228
4.432855707,-0.004436037078,0.002826542521,-0.00735640341,-0.01693505595,-0.0007259406399,-0.02505613247,0.007759848599,0.007020556309
4.32866118,-0.003900288122,0.004580459636,-0.00810950368,-0.01602775349,0.0006333431422,-0.0242706382,0.003386894155,0.007931684844
4.567496097,-0.002154330528,0.003464325345,-0.005611378472,-0.01497291348,0.001884959989,-0.0207372176,0.006820278347,0.006156593119
4.263782431,-0.001882913994,0.009519849433,-0.00691319575,-0.0139137071,-0.001185923999,-0.02266532832,0.01006645605,0.006911280083
4.682387029,-0.00331738485,0.002676034245,-0.007298416331,-0.0150223112,0.002055184631,-0.02331378493,0.01113908802,0.007786547624
0.246484394,-0.001704324424,0.001103780692,-0.00627144947,-0.02089029111,-0.002620717629,-0.02491146544,0.00932702696,0.00827209984
-1.483592045,-0.003787195702,0.005408856393,-0.005253151843,-0.01549720703,0.001829613413,-0.02459533112,0.006970936735,0.008196018316
-0.9589083901,-0.004464459233,0.006347907488,-0.006633160486,-0.01469568424,-0.0003188063212,-0.02314726175,0.009435419759,0.007353644277
-1.253005606,-0.004230142721,0.005852928413,-0.00593338222,-0.01621628657,0.003248010079,-0.02324777844,0.009431837109,0.007306936041
-1.054436903,-0.002822814061,0.002789775022,-0.006639022565,-0.01858211218,-9.836297185e-05,-0.02395937827,0.009126364482,0.006607058133
-1.229128098,-0.004603285698,0.001858978269,-0.00681296525,-0.01691894014,-0.001046677973,-0.02341752785,0.007363817927,0.006944619386
-1.092100199,-0.01137475734,-0.005161730977,-0.01021587081,-0.01582496619,-0.002055353153,-0.02429628907,0.009738841381,0.006664067569
-1.130749517,-0.01315733437,-0.005073002539,-0.009554449596,-0.01819753105,-0.002419148745,-0.02355554327,0.009038535941,0.007449584996
-1.118925673,-0.01129737804,-0.004624240873,-0.0103789433,-0.01522096434,-0.0008509990968,-0.02543106442,0.006432678247,0.006461983554
-1.148914778,-0.01034582546,-0.003181116576,-0.006522198403,-0.01633061873,-0.001579316192,-0.02267360296,0.006776551012,0.006896628764
-1.138293981,-0.01053180797,0.0008763376993,-0.01089105777,-0.01517203828,0.0007688290925,-0.02414584299,0.007226701487,0.009167972195
-1.121165824,-0.009052835453,-0.009262031655,-0.009733731277,-0.01613860903,-0.001178337103,-0.02334743524,0.009040287279,0.00603388101
-1.155196686,-0.006689876554,-0.002695317864,-0.003438221254,-0.02488046366,0.00258686029,-0.02649224291,0.008362401916,0.00961357742
-1.124784843,-0.005835828442,0.004442483457,-0.006949661082,-0.01094339875,-0.002016183326,-0.02515155809,0.01210579821,0.007343337094
-1.175348587,-0.008091995609,0.002296368574,-0.01211364464,-0.006095746008,0.0008046748803,-0.02000014643,0.003600708632,0.008406095942
-1.156162682,-0.006659834893,-0.004215629169,-0.01354252152,-0.01991897496,-0.001048685897,-0.02458615388,0.004683526432,0.006524219763
-1.213765691,-0.005614675825,-0.0001002438617,-0.007852038322,-0.03223693881,0.0001077862538,-0.02335440919,0.01028783234,0.008757924216
-1.148592157,-0.002156387086,0.003677039064,-0.001338913493,-0.01014053835,0.003570415914,-0.02434115004,0.01819767715,0.008079637204
-1.09781559,-0.001858966457,0.007660812502,-0.003089018743,-0.002083662358,-0.0004026734503,-0.02529380166,0.01230639325,0.008985428768
-1.139620458,-0.00316454695,0.001617667277,-0.009554049623,-0.02366712199,0.002589926348,-0.02040977602,-0.002268162193,0.00768459718
-1.15373197,-0.003245963299,0.002440233757,-0.01340228296,-0.0260686723,-0.001944014486,-0.02515234796,0.005712049143,0.007148431551
-1.100879582,-0.000441692526,0.007589510029,-0.003724352266,-0.01058934963,0.005950640862,-0.02388531345,0.01374775122,0.009330809287
-1.119229331,-0.0006675046778,0.009139642742,-0.001326434558,-0.003506729149,-0.00121380445,-0.02549421914,0.01901654377,0.008954493518
-1.146860077,-0.002916953299,0.002619271509,-0.007997904839,-0.02004105669,0.001917231028,-0.02013260238,0.003885732982,0.009207279367
-1.194570775,-0.001820855686,0.002570745209,-0.0064761938,-0.02019495864,0.002768591427,-0.02324764846,0.0005865995398,0.004932346396
-1.119124498,2.172196827e-05,0.006977769204,-0.008394149325,-0.00482603719,0.00326718441,-0.02482716824,0.01261746595,0.009521254553
-1.142217614,-0.001665289395,0.01089831976,-0.003598873818,-0.01143704105,0.001946582086,-0.0216892402,0.01618321709,0.009921557511
-1.155460589,-0.002154290698,0.001711040879,-0.004350696277,-0.02212467151,-0.002706791739,-0.02483644581,0.01111339918,0.007033916173
-1.151916152,-0.001351943663,0.004252898878,-0.006106988276,-0.02052004179,0.004600690135,-0.02214593393,0.005363324487,0.008351327662
-1.153498316,8.274755133e-05,0.007290810357,-0.006550707336,-0.008861005304,0.003116678336,-0.02129408553,0.01242434967,0.004847318997
-1.110596308,-0.001359965707,0.008004600257,-0.009085186523,-0.008136387576,0.005434198836,-0.0226147533,0.01005108003,0.0113208602
-1.16666133,-0.001382400306,0.002526141814,-0.004235876779,-0.02456213081,4.281761493e-05,-0.02332675582,0.009027064383,0.006853401181
-1.113020775,0.004499569761,0.00879581918,-0.004512543989,-0.01654818912,0.001994480408,-0.02389624665,0.01034216245,0.01307040154
-1.180462666,0.009450865867,0.01662669213,-0.0001011889274,-0.002156697861,0.006223618341,-0.01990158098,0.01266430315,0.008220296863
-1.096438179,0.007193367495,0.01774556052,-0.005654096029,-0.009270930159,0.003882477755,-0.02285401335,0.008840459048,0.008498456704
-1.15388737,0.007406824653,0.009285692723,-0.008086784956,-0.02187659881,0.007908135104,-0.02223470021,0.00776067541,0.01009605077
-1.13609164,0.006161152766,0.0166923839,-0.000790991653,-0.01689204395,0.0004280634163,-0.02405417579,0.009353294199,0.006351107096
-1.142014435,0.007039201182,0.01267716973,0.0003239118083,-0.0007538283959,0.004981266807,-0.02329692301,0.009476486681,0.01297849475
-1.173344247,0.004519855609,0.01349701981,-0.003265901896,-0.01446088293,-0.001257117385,-0.02046452527,0.01174503108,0.006329528593
-1.161473589,0.002053225154,0.01036076825,-0.00813691848,-0.02301764017,0.005132006477,-0.02482421623,0.007288690666,0.007467418767
-1.180469253,0.003025926227,0.01147438575,-0.005059677221,-0.01374405886,0.002806887602,-0.02381598943,0.01360642911,0.005837563323
-1.125261705,0.004884215332,0.01444008091,-0.001494614809,-0.0114459616,0.002827280767,-0.02110649404,0.009608113475,0.01044008617
-1.099459494,0.001511757647,0.007128280332,-0.002885608394,-0.01531451141,0.0003983008157,-0.02279981701,0.008465180637,0.009156330828
-1.121479912,-0.001402059111,0.005985128711,-0.003430230079,-0.02276485121,-0.0009495652481,-0.02401020677,0.007154543503,0.006783727723
-1.126799575,0.0005794453498,0.009580281175,-0.008543562545,-0.008950246154,0.003845326441,-0.02540239652,0.01196042994,0.009836243504
-1.124706976,-0.0003937384568,0.00867530139,-0.006384883533,-0.009864220141,0.0006329692229,-0.02269953886,0.009906110783,0.005871975379
-1.112894799,-0.002130656891,0.006162034299,-0.005268426871,-0.02205993069,0.0009384553966,-0.02335397656,0.004406914935,0.007946496113
-1.152002664,-0.002231182714,0.003236340116,-0.004231594672,-0.0220509828,0.0005177089355,-0.02269140224,0.006190805672,0.006311978548
-1.136202776,-0.001753712683,0.002924453411,-0.006728013436,-0.0114594817,-0.001129588078,-0.02433791422,0.01247282813,0.008278820957
-1.124946445,-0.003546427779,0.007217016267,-0.009662344493,-0.01045551842,0.0007494832106,-0.02464646562,0.01015005752,0.007821477337
-1.139750825,-0.001949518525,0.004379708533,-0.008185115678,-0.01962094255,-0.0003751028333,-0.02386015369,0.006904672279,0.006140697796
-1.11040905,-0.002226212982,0.003797253526,-0.003856445764,-0.02177744185,0.003084615299,-0.02287652723,0.00914988889,0.007076936063
-1.163061862,-0.003054120814,0.006909627749,-0.002419093087,-0.009967974999,0.0003331678835,-0.02426712955,0.00915393879,0.007195583946
-1.128831299,-0.002868345477,0.002885109704,-0.007370880009,-0.01557673599,0.00122027652,-0.02394633308,0.009073914414,0.008435580785
-1.140128482,-0.003279799717,0.006782094352,-0.01023220844,-0.02105594394,-0.00061487519,-0.02577494517,0.01097457002,0.008263505806
-1.116618913,-0.003844907725,0.00238687509,-0.008219261531,-0.01358327794,0.0009796538051,-0.02341572376,0.007073994257,0.007297542417
-1.111721977,-0.003208927003,0.005866350294,-0.00425499316,-0.01006580763,0.003650426358,-0.02456992648,0.01018344441,0.007641032904
-1.131110032,-0.003317019544,0.004565669774,-0.007091142621,-0.01839400278,-0.000787446052,-0.02270058925,0.008234941867,0.006310108392
-1.118390479,-0.003623102855,0.004486544426,-0.007762369997,-0.02157302626,-3.730689268e-05,-0.02247705537,0.004766077199,0.007638279444
-1.121146031,-0.01083972107,-0.001440847543,-0.008674754167,-0.01504171606,-0.001443785034,-0.02376513115,0.009889328434,0.006005472097
-1.112645557,-0.0127637179,-0.007275816384,-0.009927011378,-0.01528790111,-0.0006820863441,-0.02435346965,0.009934792875,0.009335337109
-1.135591161,-0.01113961187,-0.002453662678,-0.009598449945,-0.02184023362,-0.000381017102,-0.02355098395,0.00804519877,0.006553953215
-1.134713068,-0.01043336866,-0.005462616947,-0.008258951236,-0.02039457485,-0.001101342134,-0.027056332,0.00463441395,0.005259912764
-1.14211264,-0.01022683574,-0.002708826202,-0.00556131289,-0.01762380985,-0.0003055726049,-0.02394357424,0.009436636828,0.008582295544
-1.122528916,-0.01065768995,-0.001953644186,-0.01164920818,-0.0122980663,-0.002913308724,-0.02354939929,0.009421052359,0.007203773896
-1.127549025,-0.008202788304,-0.0004596242849,-0.01072881067,-0.01765091587,0.0002671081586,-0.02347583761,0.008054328963,0.008082963349
-1.137578518,-0.006589085751,-0.001995828611,-0.007687246949,-0.01937042673,0.0010658708,-0.02524560642,0.01007105838,0.008053081092
-1.14641604,-0.009503970083,-0.001259323686,-0.006342205491,-0.01497227242,0.002123547937,-0.02459125153,0.008234210841,0.007835164764
-1.122885739,-0.007719330286,-0.0005291642209,-0.006929649997,-0.01659004155,0.0008677892383,-0.02351558634,0.007920871978,0.006587025719
-1.118329741,-0.00435330259,0.002289299952,-0.00945784917,-0.01621011668,0.0003701789624,-0.02347887028,0.004495219724,0.0096457605
-1.108247378,-0.00490816716,0.002642339661,-0.007075482128,-0.01619409314,0.0003540626037,-0.02389063011,0.01040516413,0.00893037544
-1.136385896,-0.003978535862,0.003045481833,-0.005841562792,-0.01307689259,0.0004011008475,-0.02421021593,0.01099798606,0.009106866182
-1.109165625,-0.003485003635,0.004455898823,-0.005650207525,-0.0159233633,0.001223532154,-0.02280662896,0.01004159436,0.00882839845
-1.105416551,-0.00214314838,0.003411576131,-0.008608758645,-0.01883620951,0.002185650377,-0.02335714313,0.008142258195,0.007295730931
-1.137547404,-0.001461361981,0.004495149509,-0.007354621121,-0.01303298585,0.002642468696,-0.02415323164,0.008747932313,0.009526460726
-1.117261394,-0.0008957879906,0.006914816823,-0.006304332586,-0.0129155543,0.0005422534551,-0.02370513801,0.009617256713,0.009519064169
-1.121260807,-0.0004983991426,0.00621758709,-0.004821408192,-0.01368766709,0.00229213136,-0.02208672263,0.009804189527,0.009630679277
-1.119556886,-0.002301399412,0.004292793699,-0.00585284031,-0.01759968529,0.001777541698,-0.02394557183,0.009555160898,0.007471314995
-1.144604219,-0.002824999013,0.005810402554,-0.005800064687,-0.01519570497,0.001589861903,-0.02286725912,0.00878270002,0.007843281736
-1.103681274,-0.001421630117,0.004322366882,-0.007445460434,-0.01182559621,0.001920152499,-0.02281260943,0.009578630025,0.008227839708
-1.10016047,-0.001557558454,0.004704274572,-0.006847597083,-0.01552181759,0.00231179216,-0.02239585145,0.00878087782,0.009891241199
-1.087857428,-0.001380481142,0.005507772725,-0.004242779778,-0.01654680373,0.002993085143,-0.02486362709,0.0100449599,0.009737144614
-1.127264074,-0.00255713997,0.006244480251,-0.005401040586,-0.01615657012,0.002129492619,-0.02207856313,0.01019572697,0.007566687842
-1.134691433,-0.001163579007,0.006961791792,-0.007406322635,-0.01303516252,0.002748886246,-0.02249310597,0.01048044078,0.008755557159
-1.081531178,-0.001893477459,0.004410589234,-0.006978934672,-0.01356508291,0.00135070481,-0.02336066819,0.008952650894,0.007894445052
-1.155956385,0.0009491721808,0.007267835797,-0.004654237933,-0.01534573953,0.002476208119,-0.0239986798,0.008737108151,0.009890238551
-1.167615624,0.008345280713,0.01338282899,-0.001875169981,-0.01312880701,0.005508430325,-0.02117292755,0.009594859189,0.010714895
-1.074173111,0.008202865903,0.01711640939,-0.002368802658,-0.01240399122,0.00347221647,-0.02196594557,0.009584535398,0.009198870159
-1.109283876,0.006170227097,0.01502671176,-0.005515410949,-0.0126221214,0.004896925376,-0.02099486147,0.009715322844,0.00868463995
-1.11675018,0.005726510124,0.01375090551,-0.005270755302,-0.01470053703,0.002938671313,-0.0224845562,0.008905306403,0.007973914532
-1.127810696,0.006710758465,0.01282976516,-0.002833837212,-0.01187893894,0.0044243458,-0.02133076228,0.0094238951,0.01002627929
-1.114933605,0.006136958117,0.01439839683,-0.004332174654,-0.01569430675,0.001378636046,-0.02118732626,0.0112573898,0.009087673786
-1.10139496,0.002158678786,0.01132424203,-0.004204361477,-0.01570437596,0.003939376649,-0.02265210628,0.009738681544,0.01023065473
-1.152442507,0.002168443015,0.009310897835,-0.004903268795,-0.01547931439,0.001665997004,-0.02392270628,0.009564181801,0.008200663136
-1.14059025,0.004458053006,0.0152082171,-0.004033671607,-0.01419214912,0.002633244937,-0.02307324108,0.009006802112,0.006656476302
-1.115220606,0.00256052754,0.008188561676,-0.00545822629,-0.01464536224,0.003344465547,-0.02107782912,0.01053720936,0.007666052531
-1.093723234,0.001239779927,0.008256075276,-0.003220403234,-0.01573010014,0.001555387831,-0.02478688495,0.008787946402,0.008409964014
-1.112168824,-0.0006215894035,0.007168087006,-0.0005204619193,-0.01658877193,0.002526830934,-0.02214831286,0.007047185073,0.007668777604
-1.111320763,-0.001357143914,0.006215971076,-0.0106089864,-0.01714291659,-0.0002917944801,-0.02240620118,0.007503906612,0.005037293949
-1.131342902,-0.001007251626,0.005878159423,-0.01120356408,-0.01674597014,0.002663392475,-0.02328670087,0.007937994629,0.009689586787
-1.123369869,-0.001194889143,0.005882202826,-0.007659499812,-0.01103201537,0.0006964052335,-0.02482666475,0.008746155127,0.007761817824
-1.123877081,-0.00266911629,0.005190717846,-0.004006164035,-0.01637066167,0.001369936945,-0.022853112,0.008138498363,0.007453867036
-1.118064248,-0.004021073856,0.001563526185,-0.004872460532,-0.02116803932,0.0007752903895,-0.02391178403,0.007912978049,0.00782096045
-1.193208348,-0.003891206307,0.006816546057,-0.00612809416,-0.01811436069,0.001343035551,-0.02488048053,0.008914123628,0.006740835418
-1.080785071,-0.003259888497,0.005686193741,-0.008864516213,-0.01449046822,4.562930346e-05,-0.02427027443,0.01130276406,0.008918924306
-1.168190731,-0.00254972482,0.004531839892,-0.007345956932,-0.01417413239,0.0002320806594,-0.02206678848,0.005425194136,0.00645822372
-1.012447908,-0.002372712558,0.002447114272,-0.007699010843,-0.01597525633,0.0003267284719,-0.02139191697,0.005285081155,0.009407251529
-1.218200351,-0.00407259026,0.004628213306,-0.004935796145,-0.01963431216,0.002737776492,-0.02208763921,0.01024622991,0.006973475492
3.43249845,-0.002828972493,0.007306709674,-0.005234558495,-0.01365999331,0.0006471870907,-0.0255046012,0.01114965722,0.007693810879
4.657454373,-0.00309393752,0.003185794531,-0.004362201286,-0.01559873872,0.0004640405513,-0.02313267723,0.006979804551,0.007086505619
4.321324858,-0.002818150837,0.002376210771,-0.007461967406,-0.0159118567,-0.0008995979575,-0.02287584202,0.006331870456,0.00717023836
4.541031326,-0.002025655369,0.002250072871,-0.007372085766,-0.01671948975,-0.0002671111042,-0.02311989397,0.008371238488,0.007022476489
4.350896165,-0.006364453552,0.003954680886,-0.006287613097,-0.01595989025,0.0002359795554,-0.02579234857,0.009933667737,0.007312291426
4.486571319,-0.01394645759,-0.005665688418,-0.007246771356,-0.01892704986,-0.000505078828,-0.02497512845,0.008770186476,0.007071815118
4.426958822,-0.01274062004,-0.0060464659,-0.01046347883,-0.02138018874,-0.001662074239,-0.02303466221,0.005797181034,0.006423620372
4.463863107,-0.01265091498,-0.003348998874,-0.009864304992,-0.01711241224,-0.0007809950592,-0.02284634265,0.006871696067,0.007102581955
4.44019898,-0.01033797293,-0.005764562524,-0.0094101913,-0.01582639341,-0.002172992284,-0.02498866427,0.008757752997,0.009053212244
4.452809941,-0.009726343177,-0.002676558114,-0.008715295591,-0.01731169386,-0.0007686550847,-0.02372525472,0.009755469422,0.008799746684
4.422152777,-0.00929977128,-0.00263991906,-0.008840351065,-0.01847115282,0.0007148836087,-0.02433357238,0.005529647467,0.007753549631
4.432851262,-0.007069208761,0.001262961918,-0.007954127469,-0.01470969404,0.001581189024,-0.0226973505,0.008354480547,0.007522610817
4.403942185,-0.007468323208,0.0002946850162,-0.007524109369,-0.01562514185,0.000196708447,-0.02149433197,0.0104823715,0.006774300769
4.475265325,-0.009679762793,-0.00390609283,-0.007944995704,-0.0154622347,-0.0001371005384,-0.02368241089,0.009329247953,0.008545616342
4.442067032,-0.006403946661,-0.001460194471,-0.006920456272,-0.01666298254,-0.0004427808286,-0.02530965756,0.009720637703,0.007370414713
4.435210815,-0.003788629265,0.002466787582,-0.007235344255,-0.01597522212,0.002069267371,-0.02351884591,0.007858823684,0.008492518127
4.449965838,-0.004441301318,0.003760453213,-0.007027305474,-0.01316007037,0.0009288068083,-0.02372546635,0.008932054673,0.006851599694
4.411033429,-0.003694088025,0.004642324564,-0.007095385819,-0.01578891786,0.0008666387985,-0.02431325912,0.009194992229,0.007264241783
4.466887334,-0.002646526777,0.0033112396,-0.007406129099,-0.01604295475,0.003025060261,-0.0227969357,0.008943622457,0.008047891822
4.40079295,-0.003358998658,0.004694995005,-0.007504027674,-0.01618090579,7.624939576e-05,-0.02412493062,0.009308462759,0.008104045958
4.43450827,-0.001705394688,0.004369313891,-0.005256126662,-0.01283272855,0.002328300521,-0.02352318236,0.009567636689,0.008190963776
4.394393899,0.0004150664346,0.007462930565,-0.005622058859,-0.01414103334,9.644824217e-05,-0.02283877105,0.009843777809,0.008149248005
4.449758098,-0.0005586908357,0.005208738408,-0.005531685641,-0.01555832935,0.003231718882,-0.02356063454,0.008950845309,0.008506198302
4.358635359,-0.001488935623,0.005931233135,-0.007511234252,-0.01535422247,0.0005176462001,-0.0250404786,0.01107952115,0.008181805206
4.576927768,-0.001571818464,0.00537281422,-0.007342364101,-0.01448841053,0.002466713781,-0.02294623798,0.01055092512,0.007580310883
4.180079739,-0.001792591961,0.005001751416,-0.006939943596,-0.01520085846,0.001736327434,-0.02255084564,0.01015862662,0.00962000793
4.79597149,-0.0001786015322,0.003936092372,-0.00524495746,-0.01638542662,0.001895040459,-0.02337550864,0.009057571418,0.007293954067
2.859808113,-0.0007094289125,0.005550004434,-0.005660618815,-0.01607854623,0.002548117616,-0.02311207452,0.008851234966,0.008003650298
-1.517316651,-0.001308839542,0.007423934344,-0.006174171404,-0.01334216517,0.002705263579,-0.02230600967,0.009447301377,0.00835455347
-0.9336798748,-0.0005295084874,0.004787811419,-0.005626105763,-0.0157261356,0.001445905481,-0.02236249173,0.008186781037,0.008552944838
-1.249754389,-0.001406931343,0.006447680369,-0.006677902583,-0.015909808,0.0003467245391,-0.02192780639,0.009054404924,0.007781577585
-1.043968422,0.005708817329,0.01093512554,-0.004298534218,-0.01212875542,0.004006319607,-0.02134149101,0.01170898721,0.009048849128
-1.182635917,0.008555517411,0.01790585341,-0.002808998725,-0.01272072574,0.004206825365,-0.02258233555,0.01109171313,0.00925038982
-1.109082755,0.00703421219,0.01572412527,-0.004379876818,-0.01210134189,0.004510298892,-0.02237361031,0.009134511878,0.007996822159
-1.147453071,0.006248427889,0.01302310957,-0.004054294677,-0.01573825214,0.003591268367,-0.02228789865,0.007854211785,0.006939531964
-1.131450066,0.006785529108,0.01233067741,-0.003953961011,-0.01175426256,0.00347389855,-0.02220326976,0.009389048544,0.01072458359
-1.168427772,0.006468773285,0.01405877888,-0.003494639492,-0.01252042392,0.001140993532,-0.02346647997,0.01244716236,0.01029385424
-1.08856248,0.004235923304,0.01165882489,-0.004859370021,-0.01515688476,0.00268159973,-0.02275264787,0.01076055585,0.007241244154
-1.142687658,0.00212310322,0.01174514025,-0.002530564027,-0.01451706272,0.001744936205,-0.02257826313,0.009058176557,0.008086547795
-1.136960878,0.004574290147,0.01148626459,-0.004173112947,-0.01382751728,0.003366267646,-0.02257540205,0.008319656596,0.008169186096
-1.132266422,0.00331165998,0.01549242522,-0.004504758939,-0.01532931663,0.001509346852,-0.02283326363,0.009492233822,0.008924366716
-1.134016025,0.001072016843,0.01032332498,-0.004749451918,-0.01500119425,0.002488407785,-0.02396144484,0.009979956361,0.007313613539
-1.135451418,-0.0007102654638,-0.001809377515,-0.007582270819,-0.016664275,-0.0007883946776,-0.0242231874,0.01088166767,0.008866769315
-1.122569381,-4.172640491e-06,0.01109871937,-0.004471823503,-0.02312242195,0.002659574232,-0.02349192904,0.00773302946,0.005588903008
-1.088563529,-0.002146463152,0.007194840819,-0.005820517391,-0.00463439048,-0.0002057961957,-0.0243290075,0.0113927433,0.006866065316
-1.164878449,-0.002039429404,0.01077586116,-0.006059094446,-0.0112125772,0.00194702582,-0.0233594466,0.003790639972,0.007187880831
-1.128666621,-0.004040185561,-0.0008948998382,-0.008700576333,-0.02684649257,-0.0007043865196,-0.02474327634,0.005864704688,0.00766574631
-1.161754736,-0.004863220781,0.004302848186,-0.008632993792,-0.02907297422,0.0005750084804,-0.02213612538,0.01110385479,0.007738788799
-1.146025656,-0.002208896282,0.007927263334,-0.004306272723,-0.002945385445,0.001017473436,-0.02573772621,0.01610072338,0.006373934199
-1.142194829,-0.001125977642,0.006901342631,-0.004611192292,-0.006243014223,-0.001981095606,-0.02365390534,0.007179462867,0.009476163998
-1.200611348,-0.004571683223,0.002502927007,-0.006158308507,-0.02763381477,0.003341110691,-0.02033562198,-7.132902939e-05,0.006297179399
-1.123852089,-0.003313265823,0.002389652024,-0.01116454617,-0.02631830833,-0.001734962296,-0.0240886486,0.01003341611,0.007537127044
-1.161448007,-0.001760969176,0.009991143832,-0.006399851242,-0.00734156632,0.004622342973,-0.02483695319,0.01509589283,0.008466560561
-1.129996259,-0.002820372414,0.004385170319,-0.005416450789,-0.006489798211,-0.005183606534,-0.02660080076,0.01384913026,0.007078567391
-1.133820525,-0.003486334293,0.001364436305,-0.007966949646,-0.02435865452,0.003310639456,-0.0202263192,-0.0004973513865,0.007944256931
-1.148929558,-0.003775888656,0.004521992728,-0.003454730305,-0.01860468669,0.0007081459493,-0.02314261306,0.005964728865,0.0041148013
-1.153407745,-0.003167930752,0.008663098726,-0.008457531401,-0.00856979152,0.003002124426,-0.02644164246,0.01265830446,0.01068824129
-1.163663074,-0.00584768662,0.005481794396,-0.007042559624,-0.01348218322,-0.0008048572879,-0.02416792516,0.01303621124,0.008117457252
-1.168331754,-0.0113705114,-0.01338030671,-0.01052285089,-0.02852298855,-0.006579928372,-0.02505330318,0.006883371139,0.00691025791
-1.158140913,-0.01279946549,-0.001880946879,-0.008909316436,-0.01775544855,0.002621409111,-0.02437326175,0.005434387571,0.007100236927
-1.119575715,-0.01048861951,-0.0008714897366,-0.008627054643,-0.008936787826,-0.002714060994,-0.02420042569,0.01172290504,0.004821177101
-1.129259771,-0.0107661933,-0.0008936396066,-0.01168161526,-0.01818863527,0.002950588053,-0.0254624438,0.004905233352,0.0104164599
-1.158267327,-0.01034958401,-0.006712768592,-0.00878381574,-0.02594635846,-0.00452840587,-0.02518255811,0.008011195871,0.004812327348
-1.138423414,-0.009482912052,-0.004975455966,-0.009363065084,-0.01460154028,0.001549508981,-0.02621108711,0.008502187661,0.01047339108
-1.123077561,-0.005595299192,0.0007574823265,-0.005710431958,-0.005875426424,-0.000370072014,-0.02206896759,0.01461409126,0.006954555517
-1.137073275,-0.006451866552,0.002383835653,-0.01095858779,-0.0187325428,0.0004028999871,-0.02423754165,0.006223038514,0.008087685711
-1.123129377,-0.00941625338,-0.001501138614,-0.01129695334,-0.02333459992,0.003909824536,-0.02497758665,0.006985032139,0.006993320811
-1.119884778,-0.00629018729,0.000243766411,-0.006214838608,-0.01432616831,-0.0006852083102,-0.02482795201,0.007247930629,0.007166878322
-1.158367761,-0.005316535438,0.003950217856,-0.006021746476,-0.00539421999,0.001706375834,-0.0235435378,0.00999504054,0.01199953072
-1.144429549,-0.003271163337,-0.0003830852924,-0.007329387657,-0.0220830862,-0.002088193547,-0.02262249324,0.01086781925,0.006137299039
-1.136313728,-0.004187748088,0.004679283949,-0.009049092096,-0.02241792482,0.002912082601,-0.02493171368,0.009318466307,0.009551055894
-1.177298384,-0.004062472194,0.004003598423,-0.00585870417,-0.01050939844,0.001872502937,-0.02461136524,0.01227699934,0.00625173484
-1.128687895,-0.002351407679,0.006891103262,-0.005419773748,-0.0132270184,0.002617214414,-0.02220641848,0.005558508241,0.007733149918
-1.143600268,-0.002405242752,0.0009757571674,-0.006794368148,-0.01866316213,0.001652604285,-0.02275899181,0.009238041199,0.00853150447
-1.142803093,-0.000930545833,0.004832999556,-0.004764355274,-0.01825511051,0.000310606745,-0.02498750948,0.008552224332,0.008149148975
-1.158098609,-0.001317991227,0.006288764642,-0.00679606031,-0.005334614415,0.005204096558,-0.02370775854,0.01402108295,0.01082843755
-1.165330551,-0.001695383681,0.007149862955,-0.007263914135,-0.0141757215,-0.001163446217,-0.02023925755,0.007872060327,0.007098867975
-1.111000781,-0.002450297912,0.003741754495,-0.005932550932,-0.01702801945,0.004792753551,-0.02170204394,0.006003027239,0.007907279328
-1.142778472,-0.0008062570923,0.004043548238,-0.005601573426,-0.01639527081,-0.000279586886,-0.02281048777,0.009895763187,0.005811918839
-1.115979237,0.0002492782859,0.006847829402,-0.00436068605,-0.007072797892,0.002377810526,-0.02356736072,0.0127146866,0.009297162601
-1.106349922,0.0004078549269,0.007162606717,-0.007599817459,-0.01676570519,0.000779359469,-0.02407676904,0.01243833037,0.00995376084
-1.146988609,-0.0009155694303,0.006178055754,-0.007494835418,-0.01884957691,0.001107429662,-0.02357872024,0.007199902565,0.007337406841
-1.13947466,-0.0005436250098,0.006313617684,-0.003219384545,-0.01546080287,0.002957889969,-0.02137194723,0.009444285125,0.00822823701
-1.137986755,-0.001931471349,0.005183917237,-0.006217697081,-0.01113019654,0.001650243892,-0.02199922612,0.009267524838,0.007356949019
-1.140256645,0.00359379381,0.00992858505,-0.005163127107,-0.01519591632,0.005956221598,-0.0243723457,0.01150989985,0.009573666804
-1.107586302,0.008289690746,0.01322497834,-0.005396785045,-0.01710315921,0.0003614662848,-0.02248624117,0.009589689837,0.008216813528
-1.127008733,0.007909662872,0.01774558616,-0.0003338616195,-0.005148960941,0.004860628722,-0.01992340136,0.007889746101,0.009691845938
-1.169296729,0.007076223846,0.01101118877,-0.004517734023,-0.0107317323,0.00265246328,-0.02121703404,0.01118215072,0.007730230116
-1.107481383,0.005432601857,0.01565442763,-0.003957272191,-0.01925551782,0.005116460991,-0.02128557749,0.01141902443,0.008527569044
-1.124365,0.006057494059,0.01352664536,-0.003715090756,-0.01807995973,0.004979148696,-0.02620849361,0.01055483546,0.006314797943
-1.138459447,0.003306246241,0.01095452671,-0.003215357215,-0.01041986294,0.004379242679,-0.02318700378,0.009553977758,0.01093793854
-1.109919991,0.001646789661,0.01104077548,-0.003811203713,-0.01198999905,0.001107494729,-0.02178981642,0.008241783162,0.007727203899
-1.116393477,0.002687490766,0.01078766752,-0.005605311724,-0.01760608266,0.0008518583609,-0.02074909915,0.01149626094,0.009407427631
-1.122938437,0.0041811129,0.009593592488,-0.003408552534,-0.01304673751,0.005766671233,-0.02431449513,0.01123095853,0.007007480438
-1.139817686,0.002622257619,0.008365643122,-0.003584013116,-0.01482244363,0.002908328115,-0.02290509971,0.01140681819,0.007144621773
-1.123999652,-0.0003854983596,0.008047606045,-0.00528678424,-0.01527062938,0.001540659486,-0.0228273142,0.006476309044,0.009223117104
-1.145558924,-0.0001516080573,0.004420019732,-0.006308369764,-0.01885959538,-0.0007691167313,-0.02226754998,0.006908221852,0.005888266618
-1.110114766,-0.0008607204234,0.006598527661,-0.006937410132,-0.01456425031,0.002169298434,-0.02547621694,0.009959950967,0.009338498989
-1.091338056,-0.002148997454,0.008974886684,-0.005135110806,-0.01275358039,-0.0003416351157,-0.02354369646,0.01158474018,0.005571050804
-1.143687071,-0.002671173975,0.007569079278,-0.008627018901,-0.01562414079,0.001145083922,-0.0215604616,0.006176092971,0.00721592928
-1.155411616,-0.002890334714,0.00243288863,-0.007765497298,-0.01875217862,0.001978683422,-0.02356430877,0.005624939607,0.006878487056
-1.126043287,-0.004549731116,0.001486553069,-0.002912379493,-0.02148477465,-0.0005288547058,-0.02434244389,0.01149613065,0.007382464639
-1.086153229,-0.002872519294,0.006833077765,-0.003119325231,-0.01107907743,0.002571840512,-0.02587518069,0.01247822682,0.008380482089
-1.145763636,-0.002601911101,0.004966798626,-0.008939149097,-0.01540785533,-0.001650377694,-0.02030132835,0.006728238575,0.006834943135
-1.134159017,-0.002916020564,0.006569520488,-0.01127127939,-0.01763728154,0.002316987514,-0.02350031604,0.003178031889,0.005901881053
-1.123069905,-0.003749284132,0.003570526995,-0.005670994241,-0.01537689506,0.001023197915,-0.02402303439,0.009332055489,0.006864484605
-1.124783475,-0.003483563286,0.003978426813,-0.002210319496,-0.01805482669,0.002231276519,-0.02463240719,0.01274837443,0.00772246667
-1.105020539,-0.002870077512,0.004607110885,-0.002685965725,-0.01686187024,0.000198451054,-0.02335425932,0.01116714667,0.008455026089
-1.13131483,-0.003805222385,0.004371611181,-0.008654443389,-0.01648543949,0.001805928295,-0.02275857631,0.004770950495,0.005636123985
-1.102720336,-0.003647234322,0.005660164411,-0.009269683438,-0.01353206625,0.001336871716,-0.02339342936,0.004810532638,0.006475668681
-1.110815764,-0.003642395869,0.003383925319,-0.007163290017,-0.0127032597,-0.0003398793278,-0.02336544399,0.01022773718,0.00775247606
-1.136010304,-0.008850347128,-0.002990157451,-0.004146401819,-0.02117910988,-0.0002847605001,-0.02506885567,0.01164117553,0.006320510156
-1.158790167,-0.01303899195,-0.005014669154,-0.008468941558,-0.02116648363,-0.001028079924,-0.02466546487,0.008205688695,0.006769045468
-1.108661749,-0.01180679203,-0.004195771484,-0.00933203214,-0.01628065927,0.0001852463127,-0.02328500133,0.005967747913,0.007128565181
-1.142625803,-0.01092631135,-0.002625017852,-0.01062361847,-0.01461771349,-0.0009385455731,-0.02302310551,0.006654107551,0.007435039944
-1.134062312,-0.01145717224,-0.005201175786,-0.009259760845,-0.01617570563,-0.001822661147,-0.02439986087,0.007774544881,0.007862753619
-1.080711514,-0.01079540663,-0.004863239789,-0.00696615162,-0.01998384868,-0.000513942766,-0.02536900289,0.009589907065,0.00656966159
-1.087199177,-0.008326408835,-0.001172740069,-0.008243410133,-0.0168678838,0.001256253014,-0.02470543131,0.007993286126,0.009445239668
-1.134610387,-0.005450976833,0.0006287993727,-0.006984740262,-0.01467722193,0.00177836707,-0.02107105385,0.008531469438,0.00589833866
-1.102922603,-0.009448779035,-0.0005823441853,-0.01056539817,-0.01655447632,0.0008927580554,-0.02474262091,0.01030686726,0.008147248552
-1.151033595,-0.008665831383,-0.00196866428,-0.00764719986,-0.01521959203,0.001491258256,-0.02365019834,0.009607923832,0.008437156475
-1.113838683,-0.005552701504,0.001410891952,-0.005214600309,-0.01590466952,0.0004192633079,-0.02477964846,0.008644381532,0.009094635752
-1.132288029,-0.0040512914,0.003081791821,-0.005753375123,-0.01484836819,0.001731307002,-0.02308631476,0.007111945335,0.008482573892
-1.129505823,-0.003367606974,0.004929848738,-0.006115631018,-0.01822078281,0.003509395894,-0.02450029479,0.008600268216,0.007211667739
-1.1050332,-0.003798927408,0.003646060883,-0.008491469547,-0.01624214291,0.002487347589,-0.02304502162,0.01076838254,0.007748882513
-1.109062682,-0.003914533111,0.004378267327,-0.006504565072,-0.01348952763,0.002526440574,-0.02239209571,0.009780391462,0.007063725334
-1.143392334,-0.001868489062,0.003139908444,-0.005292533153,-0.01453235481,-0.0005750640121,-0.02351028533,0.008658314812,0.009491881292
-1.100402074,-0.001642956781,0.006526061195,-0.006041403125,-0.01423511895,0.001479898933,-0.02291312697,0.005859433848,0.00908910611
-1.123996574,-0.0006231285612,0.006079663061,-0.00626506699,-0.01693673257,0.002908598678,-0.02285320565,0.009632297853,0.007488343046
-1.099885859,-0.001955928089,0.007794538406,-0.008001093643,-0.01186792712,0.002410608466,-0.02274212577,0.009843854865,0.007712293361
-1.130032725,-0.000428644665,0.005166645949,-0.006341646042,-0.01297151746,0.004103308791,-0.0213171761,0.01154689495,0.007384249421
-1.108641839,-0.001163082532,0.004829478369,-0.005791628884,-0.01668208895,0.0005144731094,-0.02251650458,0.01026100964,0.007738314477
-1.186270249,-0.001963861788,0.002963972966,-0.004335238369,-0.01545690413,0.001663727613,-0.02150323824,0.007859088761,0.009522985867
-1.009512773,-0.001261242936,0.007473275006,-0.006703467462,-0.01494223418,9.732391013e-05,-0.02258605274,0.01205695388,0.009622500797
-1.336499709,-0.001519829064,0.004934164081,-0.008365159636,-0.01133303483,0.004745632526,-0.02243366071,0.009638945338,0.00852652019
-0.1910722703,-0.001202773491,0.006865635998,-0.006230207063,-0.01611525545,0.002069676612,-0.02210037688,0.007234294114,0.007044439556
4.506492288,-0.001520768952,0.004739775354,-0.00647648879,-0.01701896182,0.00425682237,-0.02282901675,0.007944673465,0.008861428186
4.386355372,0.0008868232181,0.008521470673,-0.00410110844,-0.01636897682,0.001638011527,-0.02174451139,0.0142686904,0.008410475917
4.518255107,0.006913264643,0.01606451077,-0.002930842262,-0.01195011054,0.004000183558,-0.02307774013,0.01114975112,0.009378858293
4.415941266,0.007376284026,0.01349786062,-0.004462439753,-0.009992061433,0.002654180276,-0.02162963084,0.009696605416,0.009966534932
4.401770098,0.008594493398,0.01546600463,-0.002829634314,-0.01370581341,0.004137885503,-0.02177817458,0.006702928084,0.007362032005
4.443589926,0.006692464941,0.01359621403,-0.002762808766,-0.01130670659,0.004065012618,-0.02156625361,0.00997805266,0.00850194089
4.427908599,0.005979836679,0.01379237832,-0.001172906306,-0.01596494016,0.002551239422,-0.02233667901,0.01262683359,0.008500937943
4.42708038,0.004529390009,0.01228496159,-0.00393087903,-0.01504765303,0.003862626011,-0.02250262922,0.01074979556,0.01002615139
4.462318291,0.002735660479,0.009600900737,-0.005205755187,-0.01569038856,0.00164970633,-0.02239645894,0.009282176779,0.008074508113
4.456672852,0.003511112227,0.01131061328,-0.004351084696,-0.01441361941,0.003019390748,-0.02261779992,0.009942283358,0.009873833011
4.420845079,0.005265497712,0.01195027415,-0.002220948753,-0.01436692502,0.001829353707,-0.0229373565,0.009936393688,0.007871155175
4.411143265,0.002429663821,0.01108103424,-0.003169171327,-0.01683692374,0.002013148867,-0.02129880156,0.007596076935,0.007853938879
4.422773635,0.0002012623179,0.007399350437,-0.006719752378,-0.01709831388,0.001535341831,-0.02318793784,0.009262232776,0.007354113686
4.413321614,-0.001449704191,0.006501619173,-0.007512387611,-0.01600647038,0.001964524238,-0.02200354231,0.008146957792,0.008126779653
4.418530909,0.0001735164426,0.006466710062,-0.006647891483,-0.01533664548,0.0004333717216,-0.02402976264,0.009410495089,0.007825062456
4.436355172,-0.00141341113,0.005173789332,-0.005509891499,-0.01703832416,0.0005744427288,-0.02255329788,0.008611042293,0.007348642181
4.431364855,-0.001494396932,0.005944769712,-0.005450406058,-0.01688771208,0.00208898037,-0.02481021055,0.009056484261,0.007436119838
4.451712435,-0.002432871362,0.006603448273,-0.006616413623,-0.01727265082,0.0003712665199,-0.02458767569,0.006084068184,0.006958238574
4.448432893,-0.005241406589,0.005068876635,-0.007673077769,-0.01530408647,0.0009903039713,-0.02368697087,0.007213363806,0.00617086835
4.414388841,-0.003415160373,0.004936769575,-0.008580183964,-0.01737986512,-0.0008197831685,-0.02272149029,0.009120611432,0.008024512448
4.440403637,-0.003611082317,0.006186062551,-0.00673964876,-0.01598107647,-1.914753657e-05,-0.02385482108,0.009233044236,0.008296579283
4.386044549,-0.003274081905,0.003225410745,-0.005132521626,-0.01611877041,0.0008577722312,-0.02344766385,0.008284425562,0.008344878399
4.483850079,-0.002667384262,0.005698054836,-0.004047616985,-0.01671060257,0.0008190912701,-0.02366366471,0.005970634456,0.007609557862
4.331063597,-0.003542583746,0.006578022396,-0.006242590374,-0.01567586232,0.002520076305,-0.02297520933,0.008271368258,0.006355755649
4.558700374,-0.002451153542,0.003037613276,-0.007471673697,-0.01870192936,3.508362587e-05,-0.02330135675,0.009186324543,0.009146150362
4.201179045,-0.003486321975,0.005937921237,-0.007315371953,-0.01563387188,0.001147646598,-0.02306209692,0.009982560576,0.006884634563
4.922564184,-0.004102822252,0.003467352108,-0.006324647626,-0.01654891785,0.0002148541678,-0.02277601871,0.007795520815,0.007135368739
1.511771579,-0.003915689127,0.007013610327,-0.005476244265,-0.01383496592,0.001434985973,-0.02307507225,0.008061123701,0.006499259452
-1.582673924,-0.005458537901,-0.0001889677499,-0.006614553737,-0.01808134026,-0.0001724990244,-0.02361537846,0.008253237103,0.006148801913
-0.9067641434,-0.01226675075,-0.004554060744,-0.009852202926,-0.01823904942,-0.003693331487,-0.02573721768,0.007843138633,0.007695271205
-1.303811764,-0.01300956959,-0.003971392036,-0.01010098797,-0.01694914087,-0.001186956626,-0.02510135612,0.007563442227,0.006847308003
-1.03601077,-0.01164617118,-0.004403629394,-0.008024569349,-0.01702164049,-0.001387572729,-0.02461841303,0.007761403532,0.007914928675
-1.172239041,-0.01001941744,-0.00234762077,-0.00785357253,-0.01780452462,-0.0002343729685,-0.02378145166,0.007083182725,0.005357878473
-1.097508548,-0.01081780788,-0.003148164889,-0.009677482644,-0.01714430079,-0.0005068826575,-0.02481267815,0.007995878517,0.007028479225
-1.149538501,-0.008656988762,-0.002704378424,-0.008586048878,-0.01592856147,0.0005744839977,-0.02468001631,0.007572678757,0.005931987685
-1.139290609,-0.005885154427,0.001175651464,-0.007530941769,-0.01557037553,0.00029177399,-0.02336417143,0.008543505194,0.008391567347
-1.110088747,-0.009469974003,-0.00144478428,-0.008678220165,-0.01746982766,0.0001350874357,-0.0236763318,0.008017825571,0.00718590309
-1.142387477,-0.008673993602,0.0001665413295,-0.00781808749,-0.01580665428,-0.0006013463527,-0.02462583684,0.008439542301,0.008010416441
-1.151338942,-0.005713487161,0.000986590375,-0.007688435795,-0.01688925736,0.003750375834,-0.02304995389,0.009024522176,0.009294528957
-1.131270835,-0.003701094862,0.004452308007,-0.006869371549,-0.01412461977,-2.662035654e-05,-0.02505488564,0.00936121278,0.008563006585
-1.11333598,-0.003583863113,0.001125125889,-0.007726285587,-0.01543145421,0.002015906979,-0.02322424154,0.009369361242,0.008749263481
-1.141519265,-0.004033620107,0.006821484389,-0.007183274938,-0.01591030136,-0.001224985958,-0.02389330752,0.008958248454,0.007283037839
-1.115656885,-0.003130475795,0.003890437558,-0.005933510476,-0.01342846013,0.002414978987,-0.02322970748,0.009309957477,0.008650455748
-1.129954269,-0.002276790727,0.008034782827,-0.006663597247,-0.01688405672,0.0003858670299,-0.02266306376,0.01100691184,0.006791293263
-1.122836592,-0.0004783119675,0.00511065367,-0.002958172608,-0.01468802824,0.002924602623,-0.02406652156,0.008677252049,0.007404891988
-1.133454234,-0.001524940995,-0.002425562434,-0.01158758435,-0.01606038796,0.0003151139539,-0.0236517955,0.009044589034,0.009005768977
-1.149380655,-0.001439545691,0.01162451286,-0.01062304691,-0.01781247997,0.004366504152,-0.02112109969,0.008468690682,0.007648061933
-1.128084649,-0.0005509153153,0.009235839287,-0.004313057796,-0.004189465074,-0.001655424785,-0.02665660495,0.009295218079,0.01077318115
-1.120890725,-0.001613229232,0.01018068392,0.0007568965928,-0.01356520907,0.00501546473,-0.02051601352,0.008267156768,0.01021891889
-1.12965075,-0.002075582819,-0.001235326512,-0.007540208104,-0.02805282145,-0.001686582128,-0.02285899946,0.009159291569,0.006315010496
-1.080474154,-0.001707665446,0.006562514175,-0.01348783636,-0.02610579709,0.00612997373,-0.02423901501,0.009864893436,0.008483758722
-1.124621902,0.0009824395806,0.007355897975,-0.009146004137,0.002872854665,9.03230758e-05,-0.02479580254,0.01785369407,0.005870375826
-1.172386289,-0.001269258038,0.006968959994,-0.003544402106,-0.01042409096,2.204577376e-05,-0.02059132049,0.005305550779,0.01203054019
-1.145446412,-0.002426815933,0.005800354838,-0.0004902374956,-0.0244346769,0.002071835025,-0.020007633,0.004014456412,0.005956516536
-1.081025276,-0.001292053465,0.00196812238,-0.005813990249,-0.02346357664,0.00048593394,-0.02337982182,0.01053224482,0.007839788099
-1.152796028,0.005010534222,0.02093494579,-0.01014534146,-0.0005009507189,0.007568905438,-0.02625360549,0.01637521878,0.00950794401
-1.151606958,0.008093520181,0.01167766849,-0.006674053691,-0.005241803979,-0.002270073694,-0.02220173135,0.01187609731,0.007683340281
-1.157050544,0.007316433612,0.01444190037,-0.004707994578,-0.02414233642,0.007156430716,-0.01990082722,0.001430712303,0.01146609655
-1.142849725,0.006336241744,0.01564066797,0.003884634137,-0.01181758495,0.0006268176949,-0.02217186093,0.01318055657,0.00681206409
-1.1046196,0.00617207235,0.01689783385,-0.0009009783436,-0.004963842669,0.006827637132,-0.02511905881,0.008535960496,0.01171102297
-1.176371499,0.0055438894,0.01491433821,-0.005760364545,-0.0113469737,0.001453728322,-0.02345166022,0.01456336969,0.006712739037
-1.130494817,0.002682324788,0.002344094272,-0.01178169532,-0.02778125047,0.001777211037,-0.02033269288,0.007244459617,0.00893541835
-1.13983754,0.002296461484,0.0134974485,-0.001835386446,-0.0106591967,0.005724301803,-0.02380985205,0.01051330755,0.009760039857
-1.125823682,0.005040374569,0.013829437,0.0001593717625,-0.008265895142,0.0003205780338,-0.02190432235,0.01166036498,0.008748378684
-1.154697944,0.001034528996,0.01437803035,-0.004318982462,-0.01877566451,0.00651287985,-0.02110583344,0.008084820895,0.009007511878
-1.136119431,0.0003064771708,0.005447452568,-0.009253994155,-0.02233854254,-0.001139296629,-0.02453798612,0.01090364949,0.005058749678
-1.132650271,0.0006071778553,0.008597955564,-0.007415710101,-0.007474901816,0.004726868365,-0.02457932653,0.008221983642,0.009139852312
-1.133005326,-0.0003123613047,0.006074699376,-0.005585940461,-0.01065131316,-0.001648620055,-0.02299577854,0.01554734866,0.004861197392
-1.128693656,-0.001859942022,0.009809794375,-0.006605457789,-0.02398984769,0.001195453766,-0.02287582473,0.003624780831,0.009045675497
-1.092990945,-0.002722644161,0.004057342358,-0.005507948281,-0.02110623414,0.004201267896,-0.02566311483,0.008835385718,0.005849190302
-1.140914785,-0.00325547721,0.00849199421,-0.006558498698,-0.0109410169,-0.0002129295447,-0.02563349454,0.00895712943,0.004758554265
-1.122179643,-0.004158627905,0.003644988022,-0.006728771989,-0.006376784316,0.002393547172,-0.02259054817,0.008504419377,0.008856480711
-1.132849548,-0.004180702317,0.0006609804417,-0.01001327227,-0.02291640628,-0.004726902066,-0.02491315555,0.007264337433,0.006563442335
-1.161869568,-0.001738860167,0.006993295087,-0.002366279985,-0.02075249618,0.004620393556,-0.02427182973,0.01176339038,0.008012995028
-1.103351965,-0.004353881552,0.007012370176,-0.004745662772,-0.01491408239,0.0005237415127,-0.02472274738,0.01366508475,0.006171928615
-1.15143942,-0.002878395895,0.008531262272,-0.0072365102,-0.01175302959,0.001928755299,-0.0227653011,0.006771971359,0.008694557982
-1.123022155,-0.004135953439,-0.0008559363803,-0.008322808524,-0.02151391983,0.0008363946398,-0.02219518924,0.008699116982,0.007293451383
-1.117038414,-0.001728090772,0.008026343887,-0.006386448348,-0.01363226053,0.001661099583,-0.02341578163,0.007015236347,0.008033733139
-1.096281556,-0.001688295499,0.003734403601,-0.004086374669,-0.006875109275,0.002349458027,-0.02388117897,0.01127416806,0.008265967772
-1.118755412,-0.003735709195,0.00851665992,-0.007364557662,-0.02038577308,-0.002578686355,-0.0218828608,0.006268992917,0.007418961646
-1.138014286,-0.004181160451,0.0007537934606,-0.008127297701,-0.01752487362,0.002816808998,-0.02261882542,0.008878955207,0.006072190378
-1.080354063,-0.004508981023,0.0020796513,-0.008216206274,-0.01867830464,0.0004290026713,-0.02488186514,0.009120156116,0.006278326984
-1.122350602,-0.01139417316,-0.002865111979,-0.009356708559,-0.007852344213,-0.0008763036862,-0.02235506995,0.009229219352,0.007966837902
-1.118977824,-0.01123508289,-0.007392703835,-0.01074090988,-0.02312603768,-0.001810518374,-0.02416518282,0.006500571051,0.005702705516
-1.105707763,-0.01110904306,-0.002910844278,-0.006754949537,-0.02023674794,0.002188331738,-0.02801242186,0.009423354741,0.006091040435
-1.139305825,-0.01028251048,-0.006050740662,-0.009421171708,-0.017694104,-0.00239340358,-0.02436299619,0.009252196393,0.006201115874
-1.117816932,-0.01098548976,-0.00121399786,-0.009169932915,-0.01174235328,-0.001992359605,-0.02154444785,0.008241547626,0.00702511242
-1.146368391,-0.0105735494,-0.007339339661,-0.0122647729,-0.01799620124,-0.0001658015936,-0.02275407314,0.008209221099,0.006154794447
-1.141209822,-0.008089729231,0.003343108183,-0.007001064546,-0.02424195268,0.0005129828703,-0.02318089956,0.009543784333,0.008698607902
-1.154945761,-0.006985921504,-0.001164484713,-0.007517670242,-0.009412414714,0.001899894285,-0.02735804625,0.0114201683,0.007258652973
-1.133173373,-0.008204760419,-0.0007888698953,-0.005359657795,-0.01455004808,-0.002103197824,-0.02356065601,0.006377925066,0.00796421209
-1.139559514,-0.006208863399,-0.0005208206393,-0.01045113328,-0.01466259286,-0.0005791177919,-0.02274256742,0.008303068882,0.008877717689
-1.140389161,-0.00683957663,0.00138601712,-0.007923167041,-0.01718847719,-0.0001437049133,-0.02437334376,0.01066987332,0.006179273332
-1.128788119,-0.002877874716,0.005340636188,-0.007284876741,-0.01342920048,0.003182498568,-0.0238554938,0.01190039343,0.007877961515
-1.134023479,-0.004203631853,0.006116513482,-0.006848590623,-0.01752786176,-0.0005649985338,-0.02255139815,0.006467596086,0.007576968529
-1.160344257,-0.003895336648,0.0029746092,-0.007023894461,-0.01894751049,0.002184592054,-0.02402306732,0.006367263985,0.006607970039
-1.097000853,-0.002526286231,0.002429688681,-0.007946308691,-0.01292886509,0.001275828017,-0.02374196761,0.008454253265,0.007459711262
-1.136517074,-0.002215747446,0.005445152526,-0.005965072703,-0.01071755215,0.001206380624,-0.02240509702,0.01268588062,0.008985539773
-1.086613834,-0.001541245354,0.006325888346,-0.005941610374,-0.01696624474,0.0006853413821,-0.02229088581,0.01114279032,0.007675906614
-1.115984484,-0.002841037703,0.005782117086,-0.007872903412,-0.01938503133,0.001797162005,-0.02320455311,0.008668672257,0.007954371696
-1.108952127,-0.0007873737361,0.003121182646,-0.003068265724,-0.01790017485,0.004261224712,-0.0230439163,0.009386359221,0.008664553337
-1.139171717,-0.001845747915,0.006408127291,-0.006591223291,-0.01132842744,0.00165382223,-0.02164839711,0.009469066186,0.009540436493
-1.104432524,-0.001216523829,0.008253976272,-0.0143047203,-0.005189814123,0.001717746151,-0.02081454235,0.009680519889,0.008365866221
-1.150638642,-0.0009179869513,0.005537313171,-0.008957540963,-0.01571702264,-9.48334862e-05,-0.02292444922,0.007411430471,0.007808670554
-1.138433917,-0.001541878153,0.0002920773853,0.005524435489,-0.02285447299,0.003990235381,-0.02526251317,0.01342569527,0.010220045
-1.125115902,-0.002436346376,0.005405898408,0.001892053533,-0.01632992895,0.001320016892,-0.02225129994,0.01568218955,0.007123459617
-1.111391095,-0.001003320207,0.01319721983,-0.007631578033,-0.005477572237,0.0024053623,-0.02370640105,0.008148657166,0.006400631254
-1.109496773,-0.001198540624,0.005657378921,-0.01747210225,-0.01403707747,0.001839774836,-0.02357342633,0.002316591413,0.007969400257
-1.108287481,0.003847018282,0.007421485709,-0.009121024453,-0.02227992644,0.003060705171,-0.01930030191,0.009862152238,0.01037275116
-1.105814989,0.00843410352,0.01472795874,0.004928195319,-0.0139718004,0.003910092224,-0.02360393789,0.01725902564,0.01008596749
-1.139944107,0.008338150717,0.01476701648,0.008646985425,-0.007991129074,0.002842586125,-0.02344210144,0.01722812001,0.008385651436
-1.124879382,0.006765675728,0.01262635379,-0.00821324227,-0.0129985112,0.004523855433,-0.01914985926,0.006898324249,0.00605742806
-1.114491885,0.005382831329,0.01418616887,-0.01370980068,-0.01573268849,0.002303918107,-0.01960468671,0.0008558804292,0.00697261126
-1.139271404,0.008630407695,0.01446349196,-0.006533896725,-0.009466318572,0.002342111705,-0.02376332694,0.01024050909,0.007757406636
-1.132614362,0.0069714366,0.01408441479,0.003353830731,-0.01481600814,0.001404437104,-0.02525647664,0.01839801086,0.01139082833
-1.120785639,0.0009652464861,0.00956620255,0.001365913419,-0.018209624,0.003370737432,-0.02250090022,0.0115348101,0.009191893817
-1.119605404,0.001970292898,0.008459439788,-0.005060018216,-0.01908909313,0.003522730332,-0.02268480917,0.004386846078,0.004113425772
-1.136865023,0.004429366283,0.01369133551,-0.009944127426,-0.007538382168,0.004111739461,-0.02094489352,0.008546188886,0.006229597435
-1.116262232,0.0008931825659,0.007570067724,-0.007619713688,-0.008982027725,0.0004643401899,-0.02395336022,0.01055045049,0.009921099326
-1.127052854,0.0006251042464,0.006640559635,-0.004555632575,-0.02060515963,0.0007318753723,-0.02372376387,0.008873045544,0.01072371998
-1.118973413,0.0004880474872,0.005287042355,-0.0008216468381,-0.02323857252,-0.0006604347245,-0.02337833279,0.008664945009,0.006247953663
-1.121339529,-0.0008478789355,0.01166293378,-0.003664914369,-0.01666811045,0.003233300066,-0.02251743136,0.009860099215,0.005999488924
-1.101654907,-0.003991045746,0.008543981076,-0.0080225086,-0.008829123189,0.002861568773,-0.02455432858,0.009620480528,0.00540233535
-1.116651217,-0.002608713298,0.002920285051,-0.01041119746,-0.01551428302,-0.001167911744,-0.02248094615,0.00638120125,0.007972500946
-1.106763602,-0.002675105585,0.001061848354,-0.007917516176,-0.02040939696,-0.001040514661,-0.02488822948,0.00694777686,0.008077485767
-1.127308207,-0.002513314984,0.004611733013,-0.003385763067,-0.01811175892,-0.001951394372,-0.02507132847,0.007752417647,0.008218732454
-1.13203186,-0.003138319111,0.008169701003,-0.003681939522,-0.0151940979,0.002817405306,-0.02536892901,0.01022621192,0.007038684656
-1.068464842,-0.005577580606,0.005922008277,-0.007554745513,-0.01705753871,0.002343999789,-0.02160816418,0.009443527953,0.004398524068
-1.119838149,-0.00358401178,0.003494215434,-0.008412095334,-0.01408201397,0.002195523188,-0.02284182556,0.008890486329,0.008111885666
-1.049183894,-0.002560105808,0.001932373049,-0.007028792085,-0.01320484338,-0.001370498145,-0.02290229104,0.009165930096,0.00810206428
-1.170141121,-0.001749644623,0.006486731121,-0.001781851215,-0.01760170101,-0.00119841354,-0.02395506986,0.0095878726,0.009114322648
-1.024716875,-0.003510577843,0.007066030644,-0.003515093442,-0.02031915284,0.002237778337,-0.02272631175,0.00633882488,0.007881344942
-1.258873208,-0.003261065085,0.007223567393,-0.007351328602,-0.01705013259,-0.0001672289083,-0.02349892345,0.006812437763,0.005762110173
-0.8376654948,-0.003320354317,0.001465318907,-0.008335267205,-0.01381569207,0.002321752191,-0.02246823504,0.01179934889,0.007832256258
-1.562038028,-0.003870537958,0.006540064644,-0.00552496113,-0.01224977062,-0.0008651729409,-0.02330766139,0.01009893032,0.007370200014
1.482936108,-0.007698288315,-0.00479876427,-0.00510112411,-0.01929549523,-0.001140604389,-0.02485301608,0.007001496973,0.009205618261
4.939852989,-0.01372227384,-0.005009440385,-0.009971426457,-0.02223709265,-0.004017501607,-0.02556196936,0.006828884288,0.008015153789
4.174071709,-0.01196518286,-0.001276860979,-0.0105230889,-0.01503622875,-0.0005140411141,-0.02496421,0.006686971408,0.006669715998
4.593403236,-0.01070097482,-0.003256234726,-0.0104777026,-0.01383056791,-0.0006222028053,-0.02500330455,0.008663480847,0.006590977641
4.357105131,-0.01113370782,-0.005406752443,-0.007826786257,-0.01779452507,0.00031975475,-0.02342891236,0.008033619309,0.006855392813
4.504597996,-0.01041464749,-0.005071608475,-0.005044248591,-0.02064095133,-0.001662216063,-0.02317882659,0.007633738544,0.006259378356
4.413559369,-0.008149476376,0.0002544049497,-0.007228571233,-0.01732979595,-0.0003730010962,-0.02407597097,0.01014309704,0.007731604271
4.459045954,-0.007028909981,0.001935701864,-0.01060179815,-0.01503686224,-0.001325499889,-0.02273071304,0.009532080299,0.009423248812
4.408274315,-0.009062736241,-2.15859508e-06,-0.01054716725,-0.0162077536,0.0006781849577,-0.02350381911,0.007965588296,0.00738152644
4.443696827,-0.008823986036,-0.001863120095,-0.008109058747,-0.01557933731,0.001389846599,-0.02315027662,0.007455059839,0.007027429949
4.426891807,-0.004513761427,0.001669844365,-0.006689843535,-0.01728669132,0.001114561532,-0.02542181681,0.01032830951,0.008184806261
4.433722156,-0.003626987715,0.001974270383,-0.004939629409,-0.01559086036,5.040014339e-05,-0.02439945736,0.01047641368,0.007398208376
4.472059312,-0.003919915701,0.003098034028,-0.006993860026,-0.01503660992,-0.0003367064515,-0.02493643397,0.009412598873,0.008542554952
4.436074788,-0.002724346744,0.003047659551,-0.008971219768,-0.01560962086,0.00140819009,-0.02289866919,0.008182450849,0.008385495727
4.452845114,-0.001237002137,0.006224965015,-0.006493289318,-0.01346826226,0.001430758158,-0.02216110802,0.008567039635,0.007533940742
4.413490177,-0.003036298682,0.005849754352,-0.005914597357,-0.01423464976,0.003014806241,-0.02314766726,0.008388195534,0.008151679834
4.42085463,-0.0009259501016,0.006702603835,-0.004006553988,-0.01590734636,0.001548621193,-0.02423065039,0.009333807638,0.007353935306
4.395085187,-0.0008252090956,0.004209324906,-0.006348223406,-0.016444925,0.002239056698,-0.02181008448,0.007743240727,0.0077651141
4.460829766,-0.0007487684379,0.006766651994,-0.008083503443,-0.01367269175,0.0005934008545,-0.02282738978,0.01039573267,0.008499650903
4.419062631,-0.0006658045653,0.00442502309,-0.008167736971,-0.01169594422,0.001789549197,-0.02202684605,0.01105223031,0.008823115265
4.468521419,-0.001189387577,0.005858356661,-0.00594808957,-0.01705642425,0.001023347338,-0.02347688419,0.009240417632,0.008906728497
4.409405672,-0.002177397129,0.007837335546,-0.005488734288,-0.01678320178,0.004014405001,-0.02315269332,0.007604394032,0.007429258277
4.46971024,-0.001902936338,0.0055844574,-0.00446309337,-0.01720996013,0.002127001237,-0.0235449074,0.009015105059,0.008026467379
4.43967416,-0.0004168163886,0.00688006714,-0.006685718497,-0.01396916151,0.001016122724,-0.02312058984,0.01124349761,0.007985837607
4.416414945,-0.001863580761,0.005710080013,-0.007483597308,-0.01331734281,0.002699447651,-0.0219185388,0.009173543003,0.008184397603
4.440146796,-0.002274211256,0.004504312273,-0.008292128885,-0.01261809022,0.00183127097,-0.02164008607,0.00911267366,0.008548048803
4.395604452,0.001154238318,0.008144040457,-0.004531536074,-0.01484843667,0.002116754576,-0.02341970199,0.009752582033,0.01004974774
4.396529337,0.00702718702,0.01608315495,-0.001920005986,-0.0128410939,0.005007176582,-0.02384500393,0.01092418423,0.008810169895
-0.3692199337,0.008256550295,0.01554195389,-0.00233975945,-0.01186046504,0.004458729647,-0.02152678781,0.01059609459,0.00690544018
-1.313757555,0.007480957304,0.01301267482,-0.004904474822,-0.01234633205,0.003953409494,-0.02194253103,0.009942565556,0.008999884107
-1.058109344,0.005036316571,0.01396869959,-0.005214177849,-0.01398114305,0.003579905557,-0.0212481138,0.01051892478,0.009058399162
-1.195147488,0.005181264917,0.01294373437,-0.002635818104,-0.01349956518,0.005073162816,-0.02293266017,0.01103784111,0.008370119872
-1.090362386,0.005103222943,0.01324032696,-0.00153443318,-0.01532213733,0.002454463192,-0.02245511417,0.01036257143,0.01001186609
-1.160691279,0.00279185914,0.01100349324,-0.004453776157,-0.01457818114,0.002706736906,-0.02153006706,0.009814272186,0.007732259833
-1.116601907,0.002232313077,0.008324854278,-0.006185661169,-0.01579319163,0.002641429852,-0.02120112413,0.009840146838,0.007992861244
-1.119012368,0.005563393652,0.01274332977,-0.006101190137,-0.01226920098,0.002726778328,-0.02193880085,0.008986820325,0.008258500733
-1.176741764,0.0022542628,0.01049031103,-0.002424361056,-0.01544441775,0.002682101549,-0.02252698619,0.01053101404,0.009809249066
-1.107498712,0.001918481052,0.008502701025,-0.00394675374,-0.01599287465,0.001281235321,-0.02334019359,0.008021935408,0.008158886903
-1.121170722,-0.000400142086,0.006937705185,-0.004755283168,-0.01537359631,-0.0001484894871,-0.02387958879,0.009064511285,0.007460336993
-1.126666348,-0.001138634904,0.003664681672,-0.008800627012,-0.01577190407,0.001892699707,-0.02439022685,0.008609906709,0.009004742795
-1.15153696,-0.0007233949538,0.009465686456,-0.007007532988,-0.01698490963,-0.0004572470606,-0.02402982686,0.008916666495,0.005875074501
-1.113029944,-0.002744963636,0.004204381422,-0.007419907842,-0.01719980881,0.002296629592,-0.02150075932,0.006615004438,0.008753446425
-1.16337919,-0.001987144765,0.005154436176,-0.003613927265,-0.01832304349,-0.0004711949167,-0.02382905454,0.00957769431,0.006801754117
-1.143633345,-0.004102702006,0.003825784409,-0.006629365353,-0.01442344114,0.0004664849894,-0.02419601047,0.007167230279,0.007944617357
-1.158515308,-0.003740501934,0.004073439031,-0.007269843019,-0.01415916118,0.0004464644347,-0.02352436346,0.00973717425,0.005644963269
-1.144659839,-0.002368337089,0.004353393333,-0.007595864774,-0.01534006402,0.001763654326,-0.02357547594,0.009739256345,0.008440373832
-1.152468925,-0.002273993226,0.00628435536,-0.005574116167,-0.01850943175,0.0005338254607,-0.02364337095,0.0090869417,0.008467289212
-1.118090816,-0.002810453243,0.007068849312,-0.007433273221,-0.01740722391,0.001097178823,-0.02461514906,0.009341768658,0.00690704433
-1.161115156,-0.001856152276,0.008769990605,0.001966900346,-0.01607781585,0.001138653376,-0.02352728561,0.007963301643,0.007732340671
-1.10552392,-0.002997758766,-0.003328729861,-0.01431796327,-0.01828937204,-0.001060111884,-0.02350641696,0.01030092946,0.007049628408
-1.156587132,-0.00272988639,0.007073835541,-0.01766223752,-0.02131265734,0.001793303216,-0.01708180586,0.005482517543,0.008623608711
-1.107089885,-0.001653828712,0.00572162721,-0.001142282756,0.001145408712,-0.002565484053,-0.03246718381,0.008699855996,0.006674612227
-1.211995648,-0.004292077821,0.007219841433,0.009753932237,-0.02058622397,0.002229585785,-0.02152246265,0.01129948661,0.01159912056
