Tachometer,Motor,B1_Z,B1_Y,B1_X,B2_Z,B2_Y,B2_X,Gearbox
1.686403846,0.002361670075,0.00643875326,-0.002796408014,-0.009297276759,0.0004724426063,-0.01445933087,0.004979398236,0.006502756899
2.395539622,0.009311490699,0.01508039299,-0.009607506395,-0.01676646202,0.001329450302,-0.02328229394,0.01472268584,0.009693130853
2.200372731,0.009656983633,0.01141070339,-0.001741061095,-0.01289576604,0.004537451319,-0.02100805588,0.01007873506,0.009669807842
2.282937038,0.007208359826,0.0167897388,-0.0006133203884,-0.008009630531,0.004998081198,-0.01932108462,0.01290363928,0.009527531935
2.278810025,0.006723311516,0.01473541914,-0.001311569993,-0.01234574241,-0.00064398977,-0.02116027535,0.009881676171,0.007677536221
2.263339536,0.007185535343,0.0160887838,-0.004314191442,-0.01722716472,0.005487700271,-0.02233058737,0.004065407192,0.01031191644
2.212116733,0.005292114313,0.009459003341,-0.004869342707,-0.01799397608,0.0001991424238,-0.02351094918,0.02076202443,0.00857542449
2.25729092,0.004362980638,0.0152518886,-0.002322330312,-0.01355641686,0.002420289027,-0.02099753507,0.00511422913,0.007964225834
2.241326159,0.004817497099,0.01585293487,-0.004158386975,-0.00997061518,0.002921895641,-0.02055727066,0.008840736055,0.007060659573
2.234693779,0.003432961731,0.00948354033,-0.005851956748,-0.01709547606,0.0005577142617,-0.02113036179,0.01533061574,0.007779932207
2.226488287,0.001384535623,0.01141422762,-0.006025691927,-0.01456189682,0.002271290417,-0.02361803229,0.007713923313,0.0085675601
2.22277508,0.000403991573,0.002361028247,-0.004519769162,-0.01495906189,-0.00330708088,-0.02324610217,0.01168399387,0.006275058552
2.252011334,0.0006545312154,0.01273052524,-0.00277877134,-0.01469038691,0.002658421495,-0.02166771854,0.007629399844,0.009008313964
2.183901158,-0.0004507084614,0.01008667203,-0.00544363513,-0.01570194677,0.0005596867076,-0.02255988298,0.01207740502,0.005650885042
2.287359976,-0.001233224362,0.004607347041,-0.008124764573,-0.01773637708,-0.00117249097,-0.0245512353,0.005763289275,0.006048531381
2.209614002,-0.002382436236,0.00858261704,-0.0061202558,-0.01467674751,0.00357116229,-0.02118994487,0.01038714087,0.007458131929
2.284161565,-0.00249397498,0.0001008822125,-0.005448970268,-0.01469819951,-0.001331839105,-0.02206941441,0.01164524236,0.005974093541
2.15025129,-0.002746555381,0.006745459388,-0.00422115087,-0.01490640331,0.001748238512,-0.02142397131,0.007165873005,0.01090209767
2.416278231,-0.002481171062,0.005443035775,-0.006167160637,-0.01579857566,-0.0007970793802,-0.02507967765,0.01179040183,0.006587517252
1.994840351,-0.002784903647,0.004837812358,-0.006842677305,-0.01894565605,-0.0002348548054,-0.02086294255,0.00832148684,0.008189254048
2.737383376,-0.003747205194,0.005361171486,-0.003917978841,-0.0146607249,0.001757427057,-0.02319184396,0.0110676698,0.008234939825
-0.8877312479,-0.002556840909,0.00487012466,-0.006594278346,-0.01507295073,3.480083342e-05,-0.02088360003,0.008904888162,0.005323003979
-3.8508259,-0.004000787079,0.008543617077,-0.007089929331,-0.01714661384,0.001603752284,-0.02353100909,0.008816200132,0.007834711716
-3.129415746,-0.003899078386,0.002440297098,-0.006553379039,-0.01732599348,0.0001229294722,-0.02361848278,0.009467711168,0.007675230911
-3.468128463,-0.003631049359,0.003616872131,-0.005645888809,-0.01710231647,-0.0005674554578,-0.02326835286,0.007794321576,0.00840767862
-3.27306981,-0.00438682972,0.00423867869,-0.00390486107,-0.01357509073,-0.001012573126,-0.02171433981,0.008827314604,0.00730258309
-3.421017553,-0.003509053219,0.004556382781,-0.005941323099,-0.01443669353,-0.0009341120176,-0.02248796955,0.01015278521,0.006286172553
-3.21859715,-0.009518085608,0.002415425959,-0.00943497247,-0.01858271419,-0.0001644816773,-0.02269873368,0.00894403834,0.007851304259
-3.452998271,-0.01395984532,-0.004859018498,-0.00955403551,-0.0198850206,-0.001549804956,-0.02569806628,0.008194660142,0.005730488424
-3.245344421,-0.0110706845,-0.002531730194,-0.007228864887,-0.0224089809,-0.00341852544,-0.02436136838,0.01041557135,0.006961652035
-3.474066788,-0.01161408359,-0.005063793325,-0.00885745869,-0.01381516655,0.0001052885139,-0.02463348466,0.006701478126,0.00740209729
-3.019804561,-0.0110332658,-0.004440355307,-0.01123179358,-0.01464335978,-0.002267110461,-0.02215705851,0.01315873145,0.004495545891
-3.871597651,-0.01130071876,-0.003476046214,-0.00960511867,-0.0168777367,-0.00128279387,-0.02509757212,0.005130968692,0.008553834973
-0.9470821903,-0.007901990746,-0.003044022384,-0.004075806437,-0.01540213408,0.002234061164,-0.02512408938,0.008651057196,0.007106230486
2.524137941,-0.005358500183,-5.695039201e-05,-0.005463117618,-0.01958244293,-0.002177486611,-0.02202176666,0.01590400211,0.007063066792
2.449651891,-0.006894512735,-3.010739181e-05,-0.01006450638,-0.0160724661,0.001269068142,-0.02271455085,0.003123679182,0.009184007857
0.3098852418,-0.006229651694,0.001877017559,-0.01153645154,-0.01549161276,-0.0005363601456,-0.02296219079,0.01213473779,0.007441239493
-3.930704205,-0.00732347885,0.000437124447,-0.00740744257,-0.01331865381,-0.000444509568,-0.02398238621,0.008797224319,0.00939169051
-3.056588031,-0.00590881748,0.00413432875,-0.005274304253,-0.01310731083,0.00145157844,-0.02241515597,0.00908500512,0.008512777733
-3.51444335,-0.002685548479,0.001759622179,-0.006031925564,-0.01757155252,-0.002675173952,-0.02268841329,0.0130106171,0.008155595827
-3.243182284,-0.002098261366,0.004748726761,-0.008183488917,-0.01596508297,0.003578386297,-0.02451508328,0.006715284801,0.01096600716
-3.427650867,-0.002643098974,0.00407454119,-0.007661552888,-0.01698122267,-0.0009492419916,-0.02390708268,0.01492871314,0.005572311382
-3.26733129,-0.002048687879,0.007015755916,-0.007921464512,-0.013108604,0.001118433985,-0.02290438563,0.006036713828,0.008648352955
-3.353070515,-0.001000091321,0.009497259808,-0.00292150304,-0.01114338321,0.002217297936,-0.02054271445,0.00645022225,0.007474900576
-3.333173849,-0.0006179548143,0.00444159206,-0.007013991473,-0.01561169038,-0.0006614063494,-0.02088545311,0.01190444007,0.009728969562
-3.312713428,-0.002470021257,0.008054387347,-0.006256812203,-0.01519232332,0.002210051262,-0.02254473238,0.007844701461,0.01020416675
-3.314599208,-0.002090644641,-0.0002806882993,-0.005827078904,-0.01494120818,-0.0005256351152,-0.02427119418,0.01231180027,0.007716744934
-3.308824385,-0.001018981919,0.007287571367,-0.005264993026,-0.01316431558,0.0007675463373,-0.02160592104,0.01357251643,0.009521035535
-3.345282691,-0.001848068033,0.006079134794,-0.003050430789,-0.01178283814,0.001159170935,-0.01868644632,0.01101303678,0.006940777712
-3.325139479,-0.002176577282,0.005198231122,-0.007537190088,-0.01420654582,0.001520261482,-0.0219452333,0.01061726825,0.008419215274
-3.325856498,-0.001548184241,0.009981367204,-0.006542129738,-0.01736271562,0.0024765712,-0.02319233399,0.009521883671,0.00961688043
-3.326754868,-0.001322051217,0.005178828592,-0.005376558606,-0.01340741332,0.003153623266,-0.02441406462,0.01021307648,0.006756149478
-3.347223992,-0.001138117561,0.004766834732,-0.0049539788,-0.01384914016,0.0009510358476,-0.019574969,0.009626008107,0.01131065427
-3.334472413,-0.002090238317,0.008009825432,-0.005532323122,-0.01306637891,0.002302087874,-0.02014799054,0.007658372603,0.007696827538
-3.297263343,0.006277122887,0.01274632453,-0.004728021897,-0.01296410341,0.002529015337,-0.02128256435,0.01234641954,0.009777266956
-3.346418872,0.008481700315,0.01603649169,-0.002333728984,-0.0135097748,0.003247411431,-0.02383697058,0.00971818904,0.008494181493
-3.323253085,0.008712539124,0.01611210991,-0.004526021839,-0.01158483625,0.003847153853,-0.02236281436,0.008941589696,0.009532807847
-3.328275445,0.007580530764,0.01339163319,-0.002512506155,-0.01377371446,0.003039715044,-0.02121663822,0.01486436575,0.009108020889
-3.369191884,0.007414400522,0.017988173,-0.001958550828,-0.01022739708,0.003483978721,-0.01929660425,0.01034058321,0.008956971442
-3.256025123,0.005725164988,0.01276100548,-0.005262512253,-0.01486088025,0.00274446986,-0.0199762033,0.01274274671,0.009702454023
-3.430399377,0.004678437874,0.01374207423,-0.003165771827,-0.01605645649,0.001166739078,-0.02169302953,0.009990247324,0.008518702122
-3.115325946,0.002480362629,0.01147891115,-0.002247908989,-0.01429110004,0.003896316458,-0.02172876017,0.009944580728,0.008173239524
-3.71103991,0.003263377552,0.01192381538,-0.003337588762,-0.01670586575,0.001463184526,-0.02124380499,0.01224072073,0.008208596058
-1.879213552,0.001300786585,0.01109418901,-0.005084362398,-0.0148285292,0.001440355106,-0.02219125877,0.008268043015,0.007626216026
2.534313367,0.002329508616,0.009092168844,-0.005471963204,-0.0159525771,0.001005677531,-0.02235232483,0.01077181797,0.007508886775
2.106722921,0.0004011519997,0.007571367053,-0.005076552177,-0.01551859714,0.0004890999146,-0.02172871063,0.006534892431,0.007296763322
2.292022468,-0.002655043365,0.007687791015,-0.005896987431,-0.01514425766,0.0003847902447,-0.02251828321,0.009787104861,0.007546141646
2.337649265,-0.001228008923,0.005114801089,-0.006881827641,-0.0152308896,0.0005636912977,-0.02147676003,0.01016972708,0.00892177844
1.537558089,-0.003581576756,0.007107018182,-0.007650329192,-0.01545277213,0.0005450885551,-0.02487483907,0.008313928207,0.006395227305
-3.432382841,-0.003014478451,0.004039324812,-0.006029684199,-0.01737341503,-0.0008900007655,-0.023561798,0.01225727724,0.007626339174
-3.155406946,-0.004578690972,0.006255577337,-0.005492266308,-0.01587913746,-0.000655557903,-0.02091033868,0.009394293798,0.006898283794
-3.525059089,-0.002338536722,0.00567504969,-0.004608662486,-0.0154273957,0.0001871309477,-0.02321102869,0.01103404012,0.007343634549
-3.012291803,-0.002912676893,0.004628863598,-0.006414448029,-0.01814992934,-0.001574080112,-0.0211749037,0.01213462523,0.00532881564
-3.865130173,-0.003657204888,0.006915603298,-0.007259382863,-0.01576208521,0.003797153537,-0.02275890819,0.009110966054,0.007832445543
-0.3483854319,-0.002537456657,0.003870086833,-0.00655745086,-0.01777862164,0.003070605226,-0.02379046636,-0.0009354868595,0.00814718677
2.697491998,-0.00291158893,0.006209274544,-0.005207903031,-0.01501005102,-0.002459404844,-0.02394391105,0.006357726222,0.008946852664
2.151063098,-0.002601605313,0.004677911911,-0.005875300903,-0.01269257088,-0.003903307931,-0.02115310617,0.01148923443,0.008254346284
2.221152709,-0.002070039851,0.0008399030198,-0.007826371419,-0.01390566459,-0.001374469805,-0.01986130057,0.01085864842,0.00679142816
2.478161511,-0.003298120991,0.006532278303,-0.008764248754,-0.01670783258,0.001345555262,-0.02310764742,0.009769467301,0.008023778136
-1.767641105,-0.00362362681,0.005573913777,-0.005776680898,-0.0184479028,0.001283006914,-0.02459060694,0.008720512234,0.007182227892
-3.67831189,-0.004232087942,0.00364900929,-0.006488022911,-0.01523864364,0.0008792888712,-0.02399690213,0.003338267501,0.00751665067
-3.086904639,-0.01178607762,-0.002013109052,-0.007397720523,-0.01352232245,-0.002432101832,-0.02633921717,0.00856484054,0.007190228052
-3.475108225,-0.01324008616,-0.003564935511,-0.008207927329,-0.01495999746,-0.003473850741,-0.01966260863,0.02021281535,0.006936436702
-3.203030868,-0.01186841091,-0.00821779674,-0.008409336713,-0.0195103197,-0.0006135233192,-0.02076978616,0.008507621547,0.006783655356
-3.370786298,-0.01010701308,-0.004488833018,-0.006414799535,-0.02239791886,-0.001308229068,-0.02331346953,0.003800633056,0.006824183303
-3.187252782,-0.01178879447,-0.002873498938,-0.007821734451,-0.0199638899,-0.0002739010385,-0.02835665725,0.00781681339,0.005493573966
-3.412525973,-0.009976890087,-1.670378606e-05,-0.00887390098,-0.01348004927,0.0001741662844,-0.02600862486,0.009604734315,0.006976260243
-2.726244575,-0.007262637436,-0.000197077229,-0.008409442249,-0.01307636949,-0.001298975189,-0.02224381299,0.007759763252,0.007641925032
2.065483281,-0.009931569866,-3.399925488e-05,-0.007231247105,-0.01889717507,-0.0003601750722,-0.01903119111,0.007494699734,0.008635453139
2.256000834,-0.00846942565,-0.003194429412,-0.005283421947,-0.0213219916,-0.000371052758,-0.02278909955,0.0116397175,0.006804918714
2.292493507,-0.005633907129,-0.0004859437281,-0.00673997177,-0.01535246316,0.001392116365,-0.02481047502,0.01073204754,0.01051012623
2.288816823,-0.006304213457,0.004190549611,-0.01102813756,-0.01108766322,0.0002011743749,-0.02373376155,0.004685613303,0.007398531737
2.340825873,-0.002996123069,0.003563460921,-0.008982312197,-0.01218902467,7.811345837e-05,-0.02028679438,0.009301797204,0.007200231833
2.247699544,-0.003140351987,0.004751935515,-0.005250253803,-0.01377189427,0.0006428483015,-0.02156521747,0.01221892488,0.009005298606
2.264561351,-0.002219248306,0.005696989597,-0.004222795666,-0.01595332376,0.001774966789,-0.02327088614,0.009440533751,0.008129265739
2.253655893,-0.002330206264,0.001824741804,-0.007697609198,-0.01555035764,0.002733631332,-0.02380256148,0.008035576249,0.007558677162
2.244915411,-0.001398179548,0.006035542656,-0.007433616651,-0.01306260191,0.002822652208,-0.02085115665,0.01034252833,0.007028212024
2.237916623,-0.000298938829,0.004072234995,-0.005603905488,-0.01362718989,0.0003674096053,-0.0229631746,0.00902362231,0.008632823777
2.197542787,-0.001409225676,0.007646382773,-0.003890420431,-0.01575419042,-0.0002044447359,-0.02360872826,0.007904688083,0.01056219254
2.287507472,-0.0008422796917,0.007681452603,-0.007208452568,-0.01532287412,0.0006213994491,-0.02259302002,0.01046011373,0.007543646905
2.297444382,-0.002453192904,0.006234454495,-0.007712106859,-0.01662781219,0.002274395064,-0.02153693934,0.0100250469,0.009538798642
2.215301921,-0.0008638849507,0.0056560564,-0.003905418222,-0.01499310287,0.002362392257,-0.02236767612,0.01007583927,0.009188095036
2.357754591,-0.0008059814504,0.003985005115,-0.003543864688,-0.01388425951,0.001626353184,-0.02145443837,0.01206280806,0.009288854233
2.271417195,-0.001009619482,0.006447470032,-0.00480418256,-0.01230989572,0.0008619682141,-0.02288631859,0.01083468473,0.009140667882
2.278455468,-0.0008170615073,0.005990040181,-0.007843577695,-0.01457944077,0.001942880293,-0.02360215998,0.007104599812,0.009001227927
2.259812048,-0.0005700421857,0.007678068696,-0.008442745107,-0.01457398955,0.002923142472,-0.01985794346,0.009814667396,0.008551118486
2.288830119,-0.002115717494,0.005447200724,-0.003814619464,-0.0124556093,0.0002628198555,-0.02024868781,0.01406211329,0.00639931883
2.259818818,0.004705650211,0.01094802619,-0.002121845712,-0.01242122,0.001915551107,-0.02056223866,0.009609930331,0.00970203861
2.26239744,0.00898274867,0.01673783729,-0.004958935894,-0.01404369902,0.002732278609,-0.02295039208,0.01066283279,0.008969847404
2.214528515,0.008327964995,0.01523692886,-0.004163083113,-0.01282359836,0.003031359342,-0.02197081804,0.01169220333,0.01007838008
2.282576568,0.0066550491,0.01409308918,-0.002637883848,-0.01395593505,0.00427027661,-0.02055500371,0.01089001263,0.009419392555
2.280574252,0.007663268873,0.0142717283,-0.00163739747,-0.01499572285,0.001294163534,-0.01964437496,0.01022002926,0.008865169267
2.214680966,0.006941494613,0.01511762102,-0.001366089276,-0.01276936918,0.003327475192,-0.02310080683,0.01072835454,0.009984783203
2.259070221,0.006439027512,0.0129745717,-0.003957053734,-0.01460125172,0.001801612141,-0.02110835786,0.01360811588,0.008467435598
2.238642626,0.003754837364,0.01166743824,-0.005660853902,-0.01615238967,-0.0003779831075,-0.02379263732,0.01174190854,0.008471978937
2.287857533,0.003329050809,0.01262213542,-0.003582947503,-0.0149822689,0.004902276951,-0.02096993077,0.006721384704,0.008345726759
2.288006523,0.00307275128,0.01154889683,-0.003569287855,-0.01230021334,0.002381622682,-0.019639592,0.01339765027,0.006352829435
2.279750527,0.001402990074,0.01108116322,-0.005414989382,-0.0151771892,0.001946112674,-0.02255998781,0.009655594426,0.009361243565
2.257490111,-0.0004445428266,0.0076979373,-0.005426353208,-0.01461934707,0.00110386415,-0.02437245898,0.006842696999,0.006987151623
2.22415094,-0.0002663619838,0.004970427354,-0.005402197592,-0.01628515552,-7.959325553e-05,-0.02203305586,0.009243429965,0.007881200454
2.264557072,-0.002385922715,0.008449068829,-0.003761866807,-0.01556041258,0.0001012668872,-0.019744736,0.01061237515,0.008217314419
2.281588853,-0.001703262258,0.005305111588,-0.003841664377,-0.01446262006,-0.0008862537907,-0.02481368157,0.009521993076,0.006386866233
2.253634853,-0.001744806974,0.008473101476,-0.007978963412,-0.01505343892,-1.26609104e-05,-0.02451322098,0.008775343545,0.008435921395
2.254024924,-0.004762497006,0.005494661043,-0.00781698665,-0.01607708734,0.0005403564465,-0.02219637499,0.008972072937,0.006501974877
2.240027274,-0.003919620103,0.006020766704,-0.006546904606,-0.01520039948,0.0004208364737,-0.02266299805,0.01266580084,0.008128898305
2.247340018,-0.00119809231,0.006861909605,-0.002708143537,-0.01726847532,0.0003379799772,-0.02270266124,0.008269409188,0.008574623482
2.284380571,-0.003266763353,0.004221833065,-0.005825431257,-0.01680247772,-0.0004737869029,-0.02221946324,0.01232649431,0.008075770062
2.288889336,-0.001452995766,0.005489940322,-0.008408994959,-0.01496541042,-0.0007999448165,-0.02124570099,0.01069705284,0.006974570943
2.282236979,-0.003264128598,0.006130078126,-0.009466311306,-0.01575510097,0.0004543826069,-0.02317442148,0.007469987465,0.008083267959
2.209844101,-0.001339170881,0.004206533573,-0.006402339839,-0.0173500446,0.00011006768,-0.02332715152,0.009073610322,0.008005630161
2.201069695,-0.00126752831,0.006959926632,-0.003833815395,-0.01583018876,0.0008741540208,-0.02263025455,0.01052623289,0.008764397922
2.263915754,-0.002846577158,0.004341166547,-0.006313644306,-0.01588859837,-0.0003614542756,-0.0234541548,0.00915500484,0.005769814736
2.269225693,-0.002590363439,0.004624227987,-0.008558739887,-0.0179159151,-0.0003540825239,-0.02174120172,0.009338427576,0.007571480345
2.221876166,-0.003053408116,0.004745894933,-0.008399423041,-0.01382244488,0.001209957885,-0.02216436448,0.009582457873,0.007357997794
2.254848194,-0.01180892157,-0.003380795156,-0.007301869684,-0.01436089295,-0.001878077621,-0.02361584675,0.009530826578,0.006522415416
2.231526189,-0.01286749362,-0.005951760556,-0.008311438069,-0.01814335336,-0.001879835427,-0.02384060716,0.00838370726,0.007080060396
2.208324446,-0.01247362534,-0.004012665323,-0.007653759529,-0.0204717164,-0.002183894927,-0.02352235421,0.008357278208,0.006925915627
2.217262174,-0.01065249455,-0.002522946056,-0.008502812002,-0.01900089051,-0.001762756736,-0.02510749254,0.007160870611,0.007207886583
2.212591131,-0.01207767829,-0.003264303427,-0.008386430452,-0.01655357215,-0.0002606891447,-0.02308035433,0.009373865253,0.007104922749
2.278965196,-0.01192264032,-0.003512331564,-0.007938432544,-0.01549589886,-0.0002382789515,-0.02070585917,0.006586390663,0.006712970462
2.271363497,-0.008439890916,-0.00299733768,-0.008966955075,-0.01513414898,-0.0006227115164,-0.02196516489,0.007944060123,0.008355160161
2.275814144,-0.00772619567,0.0001231987319,-0.008202785457,-0.01766892656,-0.002272967957,-0.02637626,0.007990194102,0.008667817527
2.253757388,-0.008984876707,0.000439852449,-0.00706711703,-0.01782723626,-0.0006731354905,-0.02595782108,0.01058505814,0.00939596298
2.239862417,-0.007700905898,0.003034035017,-0.008153649516,-0.01542399845,-0.0008095232418,-0.02307956306,0.01011784392,0.00641205588
2.213513867,-0.006746189593,-0.0007149573325,-0.007203801676,-0.01484967542,0.001095581396,-0.02117598915,0.009121292951,0.006755490694
2.25050897,-0.00488120612,0.003995001181,-0.008980189387,-0.01472436335,-0.000984061535,-0.02329143284,0.01127391558,0.007446048505
2.217421674,-0.002302771484,0.00219795579,-0.006881665771,-0.01252668725,-0.0002563733034,-0.02265468459,0.009997059648,0.009042814373
2.252415949,-0.002409240336,0.004478175606,-0.006971267125,-0.01389903482,0.0003569946094,-0.02334339382,0.008656412292,0.009833221692
2.238897356,-0.001954365152,0.005469363672,-0.007057683347,-0.01486754356,0.002953992692,-0.02375985214,0.009519829635,0.006549595626
2.261544344,-0.0008591644612,0.005201795962,-0.006235914295,-0.01474115891,0.003145017797,-0.02054241429,0.008280998622,0.007932511712
2.130485841,-0.001872136887,0.004635449847,-0.00782819796,-0.01370624306,0.001553811366,-0.02009179202,0.008467966522,0.00731577558
2.421487045,-0.0002684891951,0.004529373214,-0.005140804455,-0.01429861532,-0.0002373803741,-0.02486002843,0.01066703056,0.009789702027
1.970860796,0.0002699953838,0.006395714342,-0.005847806647,-0.01524046169,0.001624312785,-0.02456812489,0.01303287163,0.01109616075
2.717190326,-0.001563449842,0.007016900126,-0.006448812292,-0.01482944673,0.0006638698505,-0.0203588611,0.009934513221,0.007227219241
-0.147742049,-0.001779805218,0.005343390883,-0.005502679954,-0.01432350234,0.001400226441,-0.02115470862,0.007930957888,0.008178471457
-3.820597587,-0.0017346793,0.006396329119,-0.005798697932,-0.01491311063,0.001554273446,-0.02441422869,0.0156000391,0.008657992965
-3.113856863,-0.0005411414731,0.007270180381,-0.005248936207,-0.01448906311,0.002024851527,-0.02296983161,0.01135378629,0.008027286391
-3.481105409,-0.0006508605946,0.006464029384,-0.005664284341,-0.01469562997,0.003124806594,-0.02037012612,0.01071166357,0.008932469807
-3.225970701,-0.0002050964246,0.007819900804,-0.004932972273,-0.01451516244,0.003681050808,-0.01976951538,0.01020242119,0.0079544664
-3.386869182,-0.001967559123,0.00699142773,-0.00425350552,-0.01377215644,0.0006739025396,-0.02395473481,0.008929414407,0.008213297908
-3.242995218,0.001656467693,0.009127289216,-0.004301598291,-0.01453082512,0.001673550851,-0.02418465135,0.00923318291,0.009362086018
-3.417173033,0.008809931132,0.01456099833,-0.004704132789,-0.01221797444,0.002430261826,-0.02146302488,0.0118693555,0.01022543754
-3.257381509,0.009093030386,0.01526111021,-0.005014615575,-0.01187625062,0.003720876968,-0.01854865122,0.01177312511,0.009270105907
-3.481197486,0.008282566107,0.01613439257,-0.001035769808,-0.01281258016,0.003142675423,-0.02124757833,0.01070714143,0.00943559793
-3.094974527,0.006199476787,0.01481247014,-0.002991955625,-0.01257748347,0.003704362639,-0.02255788322,0.01054973352,0.01045018012
-3.762246304,0.007009299674,0.01526934702,-0.004859106204,-0.01437869464,0.001781963364,-0.0221594768,0.01244990884,0.00829729731
-1.625477771,0.005650004542,0.01339998257,-0.00587932365,-0.01402316463,0.002557709071,-0.02086084934,0.008946093855,0.00875567166
2.356947453,0.00340045448,0.01165505767,-0.004967760659,-0.01388270481,0.002310975644,-0.02059456239,0.01011945405,0.009595659824
2.389944132,0.003851211725,0.0116726222,-0.002171583215,-0.01433264542,0.0004327464541,-0.02094161651,0.01274487393,0.008004737679
0.9494113388,0.003413641416,0.01192725178,-0.003304517483,-0.01407620088,0.001819452907,-0.02265804826,0.009452660849,0.008926713562
-3.66112885,0.002326136117,0.01039126098,-0.005615352366,-0.01677658706,0.0002894403109,-0.02194441258,0.00705257032,0.007938445203
-3.113548784,0.0008140162734,0.01094635982,-0.006175233658,-0.01596298832,0.0004172345963,-0.02353848554,0.009872660549,0.007263180864
-3.418860427,-0.001125920107,0.008916895012,-0.005258040558,-0.0143760113,0.0007370237606,-0.02398876329,0.01135804838,0.007710808625
-3.260322404,-0.0008862023822,0.00674751226,-0.00483183652,-0.01365109904,-0.0006317378581,-0.01994272893,0.009529817248,0.007687130318
-3.391533965,-0.002044972058,0.007115533782,-0.006178029016,-0.01478701459,0.0005085135558,-0.02129605381,0.00709123218,0.007496923129
-3.283581472,-0.00164101009,0.006138143182,-0.005896503322,-0.01796918744,0.000881309152,-0.02322129584,0.009979598821,0.00737264548
-3.361655912,-0.002666953021,0.006631073288,-0.006099351477,-0.01672839154,-0.0004341476249,-0.02509270954,0.01210015785,0.008836321823
-3.328106506,-0.003236437432,0.003113955099,-0.004339012098,-0.01487724822,-0.0005030977855,-0.0237592017,0.01033457276,0.007281109384
-3.347268168,-0.001882177615,0.006142774685,-0.004808735807,-0.01580839269,5.007379345e-05,-0.02024473139,0.01019356736,0.005122263817
-3.360986702,-0.002116694024,0.005903595196,-0.006299048865,-0.01528605769,-0.0008224663602,-0.02008937309,0.01022499178,0.006900307892
-3.343713553,-0.003398214065,0.006292768901,-0.005908609188,-0.0176085403,0.0001914666324,-0.02060211727,0.006869305134,0.00747186871
-3.365076351,-0.003687877766,0.008465836387,-0.007055621715,-0.01553795724,-0.001561982791,-0.02497864665,0.01272280124,0.008049868485
-3.386370657,-0.003710628722,0.003950458939,-0.004628190247,-0.01808762411,0.0008826687096,-0.02431431472,0.01069919133,0.007497528116
-3.351670636,-0.002776366181,0.003186446446,-0.006836945795,-0.01710596701,0.001054800372,-0.0200743672,0.007595439715,0.005775038374
-3.340768652,-0.002273156071,0.004966329128,-0.006424844995,-0.01324924757,0.0005492338102,-0.02254985104,0.009286142596,0.008633127962
-3.358413912,-0.003673943018,0.006587660168,-0.007126578716,-0.01551228584,-8.150820606e-05,-0.02699034835,0.01205406286,0.008900400093
-3.282104458,-0.00245104207,0.002897810233,-0.008136247826,-0.01736557742,-0.0009468210068,-0.02345998309,0.009935341484,0.007728422457
-3.326714828,-0.008406710925,0.001341103079,-0.00693799991,-0.01687156868,-0.0004864503575,-0.01972961505,0.005759094195,0.007141399282
-3.352801705,-0.01332441984,-0.005047278507,-0.007013784817,-0.01734838301,-0.002172946092,-0.0224898436,0.009373631693,0.005257909313
-3.315863615,-0.01108145309,-0.003203291989,-0.009046139547,-0.01976967989,-0.003152701545,-0.0260021984,0.01204121419,0.007792371006
-3.322324147,-0.01152096825,-0.003842465674,-0.007995554584,-0.01865027245,-0.001393446,-0.02492458069,0.00556939391,0.005917465411
-3.351417587,-0.01183891513,-0.005664600973,-0.009810776529,-0.01338483237,-0.002106211942,-0.02309835831,0.007636044922,0.008004528959
-3.350394378,-0.009729437913,-0.002719962749,-0.009834049701,-0.01623601725,-0.00227859982,-0.02234526246,0.008216056967,0.007677290164
-3.318400225,-0.01033722031,6.468556423e-05,-0.007971165623,-0.01446019536,-0.0001687342572,-0.02466517899,0.008223555785,0.007832301588
-3.312949304,-0.006833325816,-0.001521997828,-0.00707671524,-0.01605086646,-0.001682423079,-0.02424492068,0.008993977609,0.007764933906
-3.356030747,-0.008829329268,0.0006308190219,-0.008564350796,-0.01793179355,-0.0004190329117,-0.02206669054,0.009728753161,0.008144045141
-3.08071362,-0.006341136374,0.0005002747781,-0.007557194297,-0.01614939721,0.0003143684876,-0.02087890866,0.01005624957,0.007040102232
1.758744849,-0.006419053249,0.001959851853,-0.004776498374,-0.01487787819,0.0003732004164,-0.02363994843,0.008385658739,0.008290963217
2.389084866,-0.005261141097,0.006493881417,-0.006495653122,-0.01416417695,0.0003233215414,-0.02364263862,0.01069848522,0.008565065101
2.302017276,-0.004415771937,0.002164983332,-0.006573484794,-0.01730584035,-0.0009226411809,-0.02168232397,0.01158221827,0.007323428635
2.191305491,-0.002616844456,0.005130908357,-0.006503211951,-0.01582443423,0.00142015753,-0.02147246477,0.007872341057,0.009786114012
2.313071754,-0.002440107706,0.004863798793,-0.004423761331,-0.01658503617,0.0002205149893,-0.0224761111,0.009615358194,0.007041122494
-2.458466814,-0.002339122144,0.005725369136,-0.006732020122,-0.01652183416,0.002335148956,-0.02173301036,0.01333070747,0.008978491752
-3.479271209,-0.002096582029,0.007013344025,-0.008151328455,-0.01122867105,0.00182317169,-0.02254815016,0.008885498823,0.008002553882
-3.340526479,-0.001306364623,0.005374325585,-0.008034176688,-0.01269979243,0.001511759404,-0.02262778454,0.009427204313,0.008349548428
-3.238133235,-0.002171355753,0.005996777478,-0.005666973965,-0.01565308943,0.001242796484,-0.02202798353,0.0186212416,0.0100852207
-3.622132247,-0.0008475956367,0.00548871474,-0.005167542905,-0.01502919289,0.002760278463,-0.02033282235,0.0080334466,0.00885073201
-1.941444959,-0.0008526857786,0.00742407368,-0.006360490272,-0.01340829387,0.003496021892,-0.01832920204,0.002352257815,0.006809839584
2.353243535,-0.002366873481,0.008078827864,-0.007568460215,-0.01311816995,0.0007637450704,-0.02451726498,0.0100422684,0.007752180809
2.210204576,-0.001147404308,0.005318270867,-0.007004126493,-0.01382767255,5.386373104e-05,-0.02627560111,0.01504111786,0.01078102763
2.098540246,0.0001499488824,0.001912719592,-0.004815476962,-0.01411982325,-0.0009983051846,-0.02199567383,0.00927419873,0.009820855844
2.684361369,8.403911854e-05,0.005578476478,-0.003033893351,-0.01626647593,0.002235122688,-0.01811889245,0.00728918615,0.007119929152
-0.3088186875,-3.795671551e-05,0.007241473226,-0.004622752794,-0.01458859759,0.0012834083,-0.02271591143,0.01446939118,0.008043257498
-3.852357151,-0.0004226635266,0.007763821225,-0.00628466585,-0.01305721039,0.005782297158,-0.02652198451,0.01109878468,0.009170428776
-2.992089275,0.005629763881,0.01421534046,-0.005065046572,-0.01385247062,0.0006681361684,-0.01978260979,0.00999714936,0.009587147307
-3.456385103,0.006521135649,0.01571950697,-0.003048950364,-0.01322179595,0.002842760745,-0.01512025652,0.01133968721,0.008980006955
-3.263153213,0.006757618048,0.01638170608,-0.001515392843,-0.01440830898,0.002440574395,-0.02134120194,0.01490911571,0.01008246907
-3.290370716,0.005976503303,0.01481204202,-0.001124644932,-0.01746318549,0.004588385907,-0.02328676458,0.006356498403,0.00898951187
-3.376149978,0.005900511397,0.01785164882,-0.004648276106,-0.01482866605,0.005417310563,-0.02031283171,0.001609240352,0.007699279897
-3.147981338,0.007414643528,0.01105875231,-0.004176184121,-0.01056669021,-0.00221368327,-0.02190731318,0.02056710347,0.008244714252
-3.557721916,0.005172395474,0.008767270807,-0.005492163574,-0.01329737689,0.0001772608253,-0.02164474151,0.01170881131,0.008951805806
0.6965216939,0.004009369382,0.008482945938,-0.004804425041,-0.0124836894,0.00158029594,-0.01865295536,0.006156433128,0.009896240667
2.632361769,0.003661380157,0.0193410786,-0.004957526777,-0.01286092242,0.006141251629,-0.02031505673,0.0107633198,0.007339780173
2.087993191,0.002950933481,0.01450348781,-0.004403340187,-0.01459705434,0.003145542425,-0.02660278951,0.01523974482,0.008212061698
2.331301097,0.0006984845585,0.004843547654,-0.004524286529,-0.01947137962,-0.0009464232367,-0.02359021917,0.004876459624,0.009322893752
2.226883402,0.001257423993,0.009608596104,-0.003826788201,-0.01419316955,0.001022694447,-0.01825598395,0.009094965289,0.00754499812
2.26266762,-0.0004376872179,0.005790763991,-0.003518728952,-0.01441957839,-0.0004967533311,-0.02139486811,0.01619551146,0.00763184177
2.254865438,-0.001313374768,0.009481187777,-0.005911485781,-0.02147866547,0.002512077,-0.02379963269,0.004732715319,0.007471158478
2.284141363,-0.002621668844,0.003800947005,-0.008421513144,-0.01643970782,0.0004272229906,-0.02574629508,0.001698660586,0.006702485897
2.229313483,-0.003062131009,0.004204400702,-0.005189528942,-0.01412239595,0.0006064384102,-0.02216875916,0.008239633118,0.006897385622
2.259268608,-0.00258222044,0.005883173894,-0.006104773781,-0.01429239503,-0.001808021904,-0.02255454529,0.01534642313,0.009622317284
2.255971063,-0.001733824384,0.005539938036,-0.007418983795,-0.01456261555,-0.000413767624,-0.0227274091,0.005842007341,0.00817491057
2.280966698,-0.004319365518,0.008053946801,-0.007064317223,-0.01615014722,0.00189178628,-0.02218658656,0.01205038137,0.007158966702
2.251635178,-0.002779000581,0.007250281503,-0.007649489215,-0.01919462036,-2.584493089e-05,-0.0223139841,0.01379522912,0.007257123766
2.280223086,-0.004569560457,0.003857174843,-0.006054598437,-0.01514950127,0.0006712097167,-0.02318879207,0.007466492991,0.007408791197
2.293072604,-0.003208985478,0.004068344719,-0.004277616444,-0.01548768993,-0.0009310749215,-0.02158131234,0.007666259004,0.00888428327
2.305675556,-0.002686295021,0.007086633157,-0.005530739292,-0.0146789381,-0.002245725042,-0.02102977733,0.01239945849,0.008953698507
2.267517466,-0.002294031646,0.004556035957,-0.006685085229,-0.01952716992,-0.0007841382783,-0.02344435275,0.01135065351,0.007522115544
2.314553562,-0.004048487757,0.003943383568,-0.005511733333,-0.01727378329,0.00130032924,-0.02417692646,0.003842767323,0.009579427827
2.294359567,-0.00257369897,0.002922253319,-0.00463247321,-0.01737546076,0.001494039941,-0.02384458025,0.008634127014,0.004952825264
2.235125909,-0.00549576017,0.002421841603,-0.008751217661,-0.01581182981,-0.001607618401,-0.02319460779,0.01644637919,0.009261176105
2.328079717,-0.01208099014,-0.00417016518,-0.009268471875,-0.01624954444,-0.001547360739,-0.02136113696,0.004074242724,0.007085378742
2.271291906,-0.01114286772,-0.002070245908,-0.009617754506,-0.01633754345,-0.001693708619,-0.0251221523,0.007413979515,0.007051257282
2.265435274,-0.0128377309,-0.002142638937,-0.01069829627,-0.01964982847,0.001122188114,-0.02399750759,0.009658202695,0.008707668678
2.265567447,-0.01183829989,-0.003725515156,-0.0162955436,-0.01995215313,-0.001132986493,-0.02446724607,0.009584455925,0.006027064292
2.250523878,-0.01014168845,-0.009903142196,-0.0114693502,-0.01672824681,-0.002872552196,-0.02125150059,0.007857931724,0.0069803413
2.285236552,-0.01074062781,0.003391773545,0.00205452219,-0.01102191059,-0.0008626497617,-0.0231194178,0.009055999329,0.006526043576
2.241384407,-0.009018468789,0.002302746499,-0.001120870976,-0.014531017,-0.004754168926,-0.02503183535,0.00806730256,0.008920017305
2.27365424,-0.0072456119,-0.000673724787,-0.01383041929,-0.02168963684,0.02567280384,-0.02412687608,0.006495715748,0.008249245572
2.319994854,-0.007738296006,-0.004482359169,-0.01795353146,-0.02067994685,0.01580696257,-0.02759782234,-0.002324523324,0.005255621119
2.265622912,-0.007834716928,-0.0002357548601,-0.007465294822,-0.008597529608,0.002498640095,-0.0198021452,0.01986931237,0.01019754916
2.210967138,-0.005781400896,0.005484264372,0.001275861472,-0.004856266504,0.005631154345,-0.0166306578,0.02954917614,0.006443409413
2.223361202,-0.004758025801,0.003228255337,-0.004651300035,-0.01772942073,0.005171700282,-0.0224952242,-0.001309412913,0.01058610761
2.236812903,-0.004852691396,0.001062138393,-0.0134632431,-0.02631493948,0.008898865033,-0.02536270373,0.004875498345,0.00324822043
2.266042753,-0.004285051146,0.008054177642,-0.00999782312,-0.01675538614,0.007508128635,-0.02515015118,0.01434633315,0.0076324987
2.246347618,-0.003095748686,0.005874671363,0.003750888977,-0.003055058749,0.005973415438,-0.02049032046,0.01131260057,0.008830854531
2.260072756,5.363375252e-05,0.006156992069,-0.001301379729,-0.01465376536,0.002282077438,-0.01960424039,0.006007027413,0.009768586325
2.269131431,-0.001149445685,0.006917654475,-0.007733756102,-0.02027790695,0.009211496756,-0.02012029461,0.006094992776,0.008401528371
2.288623323,-0.001276289776,0.001206835042,-0.009475272004,-0.02353727474,0.00600133099,-0.02849045708,0.01287455709,0.007987603568
2.259574731,-0.0003254288033,0.004551621875,-0.003439209173,-0.009566318683,0.005823779606,-0.02344149961,0.003611346254,0.01095939529
2.205760673,-0.0006973978245,0.006817420337,-0.002878301073,-0.005663141206,0.002522527571,-0.01931125734,0.01160824741,0.006312671922
2.281221866,-0.001872231911,0.006606312668,-0.009816837107,-0.01220903145,0.003920899434,-0.01882153822,0.01591235485,0.01118114034
2.232554134,-0.0003873399024,0.00511827177,-0.01296139053,-0.01984272961,0.004633458556,-0.02628976608,0.0138494451,0.008932763352
2.259143296,-0.001989890211,0.005727627257,-0.00718254889,-0.02143952861,0.006863207681,-0.02305432217,0.007943983571,0.007083933837
2.263681603,-0.001849629118,0.008772651395,-0.003319202929,-0.008692677598,0.009254925264,-0.02011243221,0.01487307218,0.008194927212
2.282045115,-0.0001115598,0.008865421023,-0.001634472066,-0.0119339842,0.004709309155,-0.0179324145,0.01022924971,0.008087054539
2.283160979,-0.001569896045,0.001675472135,-0.0126652062,-0.01624617742,0.005455539886,-0.02400675176,0.006548614207,0.01199922327
2.243143817,0.004601939152,0.01037787153,-0.006586372151,-0.0232257096,0.0008598745821,-0.02308816263,0.008729174087,0.009866483013
2.258028019,0.01000938552,0.01695496731,-0.001511601768,-0.01181008381,0.008186852781,-0.02243064082,0.01175275654,0.009461238033
2.241150733,0.01017621701,0.01649511857,0.002949294084,-0.005547258897,0.006011965222,-0.01834114982,0.009880143626,0.009201289596
2.263016227,0.007728974917,0.01777788538,-0.004373476616,-0.009652634086,0.005884782904,-0.01851625162,0.01003442966,0.008641089377
2.249554914,0.005175091554,0.0149149975,-0.007744130492,-0.01659794539,0.004270486134,-0.02215675282,0.01677336408,0.008986262733
2.238563118,0.007666607549,0.01204731297,-0.001274706019,-0.01725723616,0.006997874969,-0.026755594,0.009125453269,0.009958016104
2.304825941,0.004499992083,0.02054525996,-0.0003583051967,-0.01071976251,0.006743626381,-0.01985547275,0.01021930119,0.008053454954
2.240433511,0.002242679438,0.01364103181,-0.001543737953,-0.01017772487,0.004450123852,-0.01698469731,0.0136893644,0.006612233347
2.281509165,0.003848531367,0.01122557167,-0.006601996135,-0.01495949026,0.006024181153,-0.01942404483,0.005185901469,0.00737938135
2.282281374,0.005005853939,0.005735130544,-0.006458671002,-0.02062805352,0.0008717679679,-0.02387470916,0.01061238869,0.008829474494
2.277642376,0.003116588569,0.01173196118,-0.001887616036,-0.01132950656,0.0007210571001,-0.02500610945,0.008206144707,0.008755440622
2.225402211,0.002585696643,0.01037680992,-0.00166769666,-0.009317636546,0.001869538218,-0.02224916112,0.009660385131,0.007219727128
2.205603595,0.0003164218823,0.007682037469,-0.009072113609,-0.01654113845,0.0005220065135,-0.0228014444,0.006048784097,0.007625672693
2.266852325,-0.002568879195,0.008374558045,-0.01002712836,-0.01953687966,0.003232598896,-0.02743255213,0.006408054975,0.00761417818
2.180667977,-0.002143516598,0.004470156624,-0.004372962938,-0.01723422941,0.002242647055,-0.02468322676,0.01559409165,0.007106595542
2.242414102,-0.001008756556,0.005271821754,-0.001139235516,-0.01360257641,0.002670179002,-0.01983440134,0.01367192778,0.01052037036
2.222620372,-0.003985107399,0.005636723273,-0.003918419731,-0.01526089371,0.001920645062,-0.01937770413,0.005962811138,0.006930175933
2.287209753,-0.002856510724,0.005452993075,-0.01116854113,-0.01743275694,0.001327694894,-0.02276743808,0.01055200682,0.005969036761
2.14331789,-0.001536569359,0.005051086432,-0.009940659974,-0.01936260153,0.002788318392,-0.02448692543,0.01232370912,0.008962267934
2.413040482,-0.003909055648,0.005507799357,-0.003339184437,-0.01634745373,0.001706827252,-0.02276663226,0.008064178793,0.0074111359
1.512158606,-0.00228739144,0.00625202333,-0.003340382287,-0.01416851826,0.0004258731406,-0.01963877404,0.006460656389,0.008189817294
-3.305679025,-0.001895109177,0.005543727082,-0.006136780883,-0.01701087276,0.002470898695,-0.02328117045,0.008118493708,0.007293483937
-3.318763969,-0.003436066411,0.004789582115,-0.008670303325,-0.01754746603,0.001043279488,-0.0254787758,0.0104638068,0.00796281099
-3.361327344,-0.005599912924,0.004277266426,-0.00624576084,-0.01602714009,0.0002322203099,-0.02612133455,0.006775080541,0.00867259679
-3.318533343,-0.004268889102,0.004945094144,-0.00594247782,-0.01455439824,0.001412647824,-0.02104414144,0.009964003541,0.008160009596
-3.331988719,-0.00494392012,0.009000596036,-0.005769997744,-0.01385263909,0.0008797636771,-0.02170779021,0.01100384884,0.007641009098
-3.355397837,-0.004275802321,0.005464566992,-0.0064102488,-0.01546494238,0.001521612159,-0.02303760882,0.00960046586,0.007380210118
-3.364707115,-0.0111224413,-0.002332187557,-0.009489372373,-0.01955802098,-0.001426801873,-0.02550963348,0.009187957848,0.004880597843
-3.354133092,-0.01003259542,-0.006068510504,-0.007709838825,-0.01738952922,-0.0006602325983,-0.02213649494,0.007242996435,0.006922320957
-3.293034771,-0.01022406594,-0.004861199933,-0.00755377245,-0.01533447542,-0.0004670826727,-0.0220913443,0.008461725749,0.006353794229
-3.383397233,-0.009682900838,-0.003327369571,-0.009782946353,-0.01856595817,-0.001411297496,-0.02404388272,0.008383128672,0.007654410015
-3.321561338,-0.01109329229,-0.003053258746,-0.009483701675,-0.02146042031,-0.0007682537303,-0.02563150106,0.009309687842,0.007087954286
-3.293864971,-0.01031802649,-0.003593617708,-0.007402038351,-0.0164561936,-8.407915708e-05,-0.02374272472,0.007823259506,0.007635448343
1.428645365,-0.007663326514,-0.002187345834,-0.008530741067,-0.01401889089,0.002523908474,-0.02200259649,0.006418046401,0.007286597839
2.452416972,-0.006674615742,0.0001674098129,-0.009571264107,-0.01569220265,-0.0002279025879,-0.01916814988,0.01345229638,0.006437824847
1.928593667,-0.007098759231,-0.004640984844,-0.007636845729,-0.0141251113,-0.00144047519,-0.02233635329,0.009231805156,0.008989992878
-2.686502409,-0.00687687111,0.001663085139,-0.007273179816,-0.01506211835,1.614950941e-05,-0.0235612204,0.008345181875,0.01028539767
-3.559871459,-0.006722597413,0.002727236152,-0.008249051565,-0.01504765842,0.0003466057006,-0.02197565766,0.01039711315,0.006900150367
-3.247100543,-0.006532017542,0.004000613953,-0.008863515406,-0.0159487125,0.001494280245,-0.02156119596,0.007277195804,0.008555682149
-3.412972599,-0.002841115577,0.004360179982,-0.006279735712,-0.0138791883,0.001837269762,-0.02272340198,0.0112835079,0.007386310454
-3.300605445,-0.002299942929,0.005074488363,-0.004434430356,-0.01640717049,5.351865658e-05,-0.02197773445,0.01102497304,0.008006626511
-3.378097543,-0.003289123911,0.005125108759,-0.004984091738,-0.01595517003,0.001249541722,-0.0218599127,0.008663717501,0.009074425388
-3.307430197,-0.003417827204,0.005414265088,-0.006265497135,-0.01538031076,-0.0003478233377,-0.02247738367,0.009617509613,0.008193961248
-3.350957837,-0.0007059063226,0.007008642599,-0.005542925539,-0.01387363157,0.002562344171,-0.02269642314,0.008483686483,0.008099650418
-3.360732659,-0.00103295262,0.004973973386,-0.006874086585,-0.01316018776,-0.0001898310078,-0.02269790503,0.01306143254,0.007752249122
-3.3317501,-8.385237555e-05,0.007031363782,-0.008302878897,-0.014291028,0.001215943939,-0.02060773621,0.009145347929,0.008408550714
-3.309730043,-0.001836313133,0.007744401546,-0.004966349621,-0.01563916845,0.002761981046,-0.02146769918,0.01083855537,0.008283552062
-3.275722994,-0.000854622883,0.005724310118,-0.002531847019,-0.01550559979,0.001109814623,-0.02199905687,0.01140723187,0.007741922501
-3.312629659,-0.002504428225,0.006693884173,-0.004343882983,-0.01324869919,0.001402101204,-0.02160014618,0.01133134057,0.01065776099
-3.312876676,0.0002040388064,0.003081787232,-0.006637902614,-0.01616666189,0.001410847401,-0.02254495922,0.0117721339,0.008142186712
-3.327021981,-0.001206082892,0.007065773642,-0.008571159099,-0.01528023857,0.002434272633,-0.02171402709,0.01026729579,0.01077616738
-3.376340619,-0.002019066681,0.005602563546,-0.006384482305,-0.01303876743,0.001822653801,-0.02251100223,0.01153727081,0.007649505443
-3.30557117,-0.002164269047,0.004453783419,-0.003791650158,-0.01336339625,0.002542326835,-0.01991247087,0.009586360486,0.009796827842
-3.308732228,0.001768710404,0.01059956882,-0.003288510965,-0.01227342586,0.004081030412,-0.02122116439,0.009438106328,0.01037202316
-3.317898026,0.007577531664,0.01297196497,-0.004032251498,-0.01336757054,0.00393939942,-0.02192198961,0.01138679947,0.008597600026
-3.318949573,0.006864350987,0.01431642254,-0.005136940665,-0.01360390902,0.003782792544,-0.02149722268,0.01110846102,0.01032600329
-3.32156372,0.006173789413,0.0168524563,-0.002751228146,-0.01252180755,0.002831770412,-0.02143186025,0.01283455679,0.007827192241
-3.363523541,0.005558921445,0.01461218211,-0.001669601242,-0.01317753729,0.002707241083,-0.02099735096,0.01177798482,0.008804257357
-3.396949483,0.006482719301,0.01457694792,-0.001193216866,-0.01171718806,0.004652661372,-0.01993178746,0.0107592145,0.00988066765
-3.187577476,0.00514830001,0.01374916492,-0.002614024692,-0.01510407147,0.002245634442,-0.02255279815,0.01109743676,0.008155060533
-3.489197949,0.002928371867,0.01252964256,-0.004538383853,-0.01642192843,0.00278352407,-0.0226706591,0.00907627783,0.009205640785
-3.158455667,0.003565942796,0.01236863766,-0.003342476086,-0.01400775495,0.001030335495,-0.022658931,0.009766080921,0.008446854199
-3.742755729,0.004276495845,0.01289072342,-0.004583170392,-0.01341371455,0.001289553284,-0.02108535796,0.01051525559,0.009097310941
0.660583959,0.002722305733,0.01092330834,-0.003159296107,-0.01441681593,0.001690789166,-0.02323495555,0.009893792112,0.006627913976
2.575098033,0.001134274935,0.006908788186,-0.00544333828,-0.0143862927,0.0007734957661,-0.02122619849,0.009749113697,0.006754811466
2.185278854,0.001832493084,0.006786520058,-0.005126827974,-0.0163945271,0.000282000187,-0.0236189208,0.009263504863,0.007911142011
2.143151286,6.027969881e-05,0.006849587421,-0.005562552578,-0.0152943912,-0.0004916998591,-0.02274651763,0.01035343851,0.008229089716
2.594767814,-8.698299223e-05,0.007039321729,-0.007050816371,-0.01535710101,-0.0009426014381,-0.02133385659,0.01013336167,0.009093315185
-1.040940911,-0.002000687474,0.006722968394,-0.007321633471,-0.01673750407,0.00108830464,-0.02167913957,0.01005749458,0.0078705204
-3.830157664,-0.004088538925,0.005699485438,-0.006850228582,-0.01806567238,-0.0002758034583,-0.02110639473,0.008266072593,0.006813969035
-3.108551644,-0.005134137549,0.005389102951,-0.007352341849,-0.01611215315,0.0004108882641,-0.02251671706,0.008979906996,0.007223994103
-3.436713468,-0.002845124494,0.003879889816,-0.004869778932,-0.01535487053,0.0005023265025,-0.02358061988,0.01142947676,0.007068975193
-3.307968572,-0.002916358606,0.005726521205,-0.006461568572,-0.016247269,-0.000325789246,-0.02175313092,0.008794115908,0.007355492732
-3.099310711,-0.003550252672,0.004044153256,-0.006802518847,-0.01551252466,-0.0007419054267,-0.02162782303,0.009066175083,0.00721436179
1.805665969,-0.002983760971,0.007147146967,-0.007447288628,-0.01758051383,0.002023293033,-0.02265799304,0.008539620172,0.00718660381
2.408664764,-0.003873515132,0.006546218658,-0.004487557395,-0.01660035783,-0.0002842084497,-0.02295325345,0.008552507318,0.006878922333
2.027229458,-0.004673145287,0.003359480674,-0.004460639968,-0.01461021779,0.00154603604,-0.02129362943,0.01099231767,0.007493448018
2.670329773,-0.004270244592,0.004378504315,-0.006744292351,-0.01579126971,-0.001213525671,-0.02238695933,0.01139596162,0.007534035585
0.6365581635,-0.004293914242,0.004528975945,-0.007640950958,-0.01761711203,-0.0003081229946,-0.02376344613,0.002811748785,0.008140884573
-3.639240187,-0.002342608109,0.008776975535,-0.004001233815,-0.01403450157,0.0006207899528,-0.02395074173,0.01246417711,0.008029176744
-3.116463968,-0.007555611719,0.001514949089,-0.007245012932,-0.01659802919,-0.003433897699,-0.02192448987,0.008343753214,0.008089982885
-3.430796028,-0.01374956057,-0.002299022592,-0.009227995078,-0.01930100022,-0.001413795082,-0.02458696813,0.00532520445,0.00537137781
-3.323819538,-0.01224908075,-0.007545273997,-0.009988384602,-0.01785365887,-0.003593092182,-0.02576443301,0.01253045151,0.006847183178
-3.22431653,-0.01225424408,-0.005093673164,-0.008133016212,-0.01611407249,-0.0005574157269,-0.02280788964,0.007983023854,0.007174383902
-3.408447884,-0.01012314141,-0.002806028733,-0.009820638175,-0.01464523069,-0.003526652763,-0.02282025633,0.01022845092,0.007259534854
-3.094574712,-0.0101155221,-0.003069772165,-0.009424243929,-0.01623524812,-0.00183105246,-0.02405389613,0.00449454623,0.007582072313
-3.752058521,-0.008844610112,0.0002182833101,-0.008728999618,-0.01755089165,-0.0003415458271,-0.02413274165,0.01220179076,0.008990286689
-0.3451240221,-0.006462943853,-0.001117081212,-0.007874090088,-0.01942466415,-0.001906467114,-0.02363251091,0.01002664826,0.007754461724
2.764139581,-0.008385379957,0.002045082753,-0.006882139564,-0.01547441348,0.0020463975,-0.0241786624,0.006304807567,0.008451874872
2.022218099,-0.008907880309,-0.003583868028,-0.007870870311,-0.017316429,-0.001913517513,-0.02222915794,0.01406616104,0.006002408613
2.420961277,-0.005989575991,0.001535512538,-0.008218528301,-0.01620335753,0.001746377934,-0.0217528142,0.006494599027,0.01005117796
2.17482606,-0.004922646644,0.001910178411,-0.005966316999,-0.01366388797,-0.0006851260798,-0.02307213393,0.01087579648,0.008679313842
2.378694824,-0.002696513949,0.003751311506,-0.006240325119,-0.01479117279,-0.001634759761,-0.02194171439,0.008016784155,0.008345573281
2.224994063,-0.002860887703,0.006248058379,-0.003817653885,-0.01398759562,0.002097453687,-0.02113522849,0.01351083008,0.008573144167
2.229264155,-0.003408294396,0.004005837331,-0.006585596638,-0.01508417298,0.0002769529601,-0.02171897641,0.009597370685,0.007556831138
2.235424626,-0.003041702039,0.006261472053,-0.006129910691,-0.01361001895,0.003139083445,-0.02361241399,0.007374862941,0.009741170403
2.292673251,-0.003414145318,0.005657285163,-0.005414634604,-0.01539642098,0.002311174238,-0.02261860374,0.01305679301,0.007857529265
2.253849331,-0.001605729646,0.005236855382,-0.004765020314,-0.01350672416,0.0003052738118,-0.02129522211,0.008864257188,0.01052040615
2.227717279,-0.002187533105,0.007944767067,-0.004696641321,-0.013073619,-0.0006843094455,-0.02248632981,0.009916731083,0.009087996799
2.281136866,-0.001552973012,0.004105279238,-0.006018483367,-0.01363699551,0.0003924510035,-0.02111151078,0.01157017482,0.008853089611
2.308855527,-0.0006510142133,0.00795364504,-0.00541987646,-0.01493394406,0.001631151273,-0.02215670324,0.01084658147,0.009024619437
2.291430433,-0.001660625116,0.005915518736,-0.004178416703,-0.01392811272,0.0007578029476,-0.02294949937,0.0102179936,0.008773289309
2.286217019,0.0005409078264,0.005866043066,-0.008417298706,-0.01529720746,0.002792218003,-0.02016683279,0.01002180606,0.008375210921
2.262869279,0.0001684174295,0.007083760738,-0.007471836713,-0.014000943,0.0007794409695,-0.02285676312,0.01076969107,0.00975742265
2.293368465,0.000112870079,0.005215211854,-0.006641643928,-0.01377413617,0.00113777956,-0.02239609735,0.008770809782,0.008733193942
2.306783059,-0.0001630787296,0.008037497726,-0.007390747403,-0.01440263842,0.001468015718,-0.02214966176,0.009888068275,0.008331839461
2.262574377,0.001191734986,0.006803386711,-0.006073489837,-0.01464948113,0.002477539694,-0.02150330865,0.01104176104,0.008539772546
2.300418187,0.007878296821,0.0130065306,-0.002657705191,-0.01414006684,0.00417050954,-0.02103224405,0.01094637723,0.009922596439
2.275677176,0.009099416505,0.01534770352,-0.004812186697,-0.01212850474,0.003491653472,-0.02034939526,0.0106426315,0.008934506095
2.284674401,0.008579602388,0.01427493938,-0.001421745428,-0.01199674252,0.00358674559,-0.02067097001,0.01075201911,0.0101576613
2.274390802,0.00798849402,0.01654352966,-0.003064805647,-0.01090021099,0.001724730533,-0.02234823607,0.01048936596,0.01030084108
2.273234666,0.007020572482,0.01520190198,-0.00344738565,-0.0128569563,0.002632059952,-0.01983098491,0.009355291218,0.009265799407
2.260961825,0.00699019357,0.01365094149,-0.007412617299,-0.01688712666,0.0007694220011,-0.02091445335,0.01161542151,0.007660337713
2.251725828,0.003787679879,0.008000188569,-0.004450515531,-0.01501910195,0.003665853975,-0.0217239487,0.01004001078,0.008885822442
2.189150262,0.003856210463,0.01248415144,0.001581460245,-0.009796179779,0.0005687526843,-0.02233192755,0.01274827222,0.007974726054
2.26806351,0.002658007729,0.01343626302,0.001543500915,-0.01501708034,0.002385339575,-0.02226011109,0.00723082705,0.007971609277
2.271349936,0.003870276102,0.01213505156,-0.008299758411,-0.02046958614,0.001712143157,-0.01939223569,0.009961186489,0.008194620599
2.262724626,0.002476814821,0.008348410592,-0.01245616702,-0.02103723643,0.0009978576921,-0.02252438252,0.009330012043,0.007987225027
2.28381333,-0.0003827833588,0.00711596756,-0.005249488017,-0.01078512455,0.001815885216,-0.02247640539,0.01107658412,0.007490382931
2.26092089,-0.0007944633843,0.009244712657,0.0008754697151,-0.01089228159,-0.0007250643968,-0.02055264659,0.01172344672,0.006674582373
2.289441922,-0.002141712388,0.008128267406,-0.00720793615,-0.01489079112,0.001991311637,-0.02144771069,0.004197075586,0.008090800385
2.248196655,-0.002726816935,0.003877772555,-0.009303368976,-0.02205832592,-0.00101545655,-0.02319788784,0.006893418559,0.005596209591
2.233940133,-0.001070914255,0.004312609269,-0.009286543778,-0.02170334211,-0.0003566991248,-0.02778989626,0.01217808903,0.008561026987
2.219331307,-0.002668134466,0.007104788279,-0.002055353052,-0.01095796242,0.0003047815994,-0.02156552242,0.0130406304,0.006502981676
2.258393358,-0.001386011522,0.005851144322,-0.004498852835,-0.01308495372,-0.0006128877316,-0.02128397214,0.01077998384,0.006208089299
2.265944933,-0.0023495957,0.00866772254,-0.009485479003,-0.01740362487,0.002180035699,-0.02152302099,0.004516990448,0.008401208533
2.258068115,-0.003904911434,0.002962753967,-0.009157138509,-0.02008945103,-0.001197594916,-0.02723676871,0.01188488307,0.00734567261
2.21495399,-0.003496737288,0.003220283308,-0.005378570695,-0.01596877469,0.0005246997759,-0.02165290811,0.01043529463,0.0104240243
2.267452952,-0.003113392942,0.006488767027,-0.001822728757,-0.01232256416,-0.001770653533,-0.02140402831,0.01164247881,0.006563229178
2.249670458,-0.001285103805,0.003786315968,-0.007363120497,-0.0144353927,0.0006392817417,-0.01858571488,0.009700805914,0.007472988715
2.224943483,-0.001338080643,0.006796077168,-0.009553786853,-0.01785412094,0.001341319065,-0.02587541957,0.009566144695,0.00751988225
2.290305258,-0.003320587907,0.003125432367,-0.00700296093,-0.02006638635,0.0004092012781,-0.02522329745,0.007787033463,0.007718436274
2.235088606,-0.001857794365,0.007867463052,-0.002339921599,-0.01250436575,0.0007313737269,-0.02202889409,0.009835611901,0.008818572349
2.259446107,-0.006540990852,0.004143045624,-0.004089439597,-0.01241146712,-0.001475679756,-0.01896829083,0.009232722432,0.00729061421
2.266233379,-0.01306762242,-0.005247959185,-0.0142625997,-0.01681991802,-0.002210287972,-0.02486999015,0.01002996956,0.008093922291
2.271386734,-0.01241448809,-0.004252999898,-0.01066293677,-0.02178658071,-0.003837401393,-0.02507858912,0.009897864199,0.005378191811
2.246029713,-0.01212318021,-0.003064962738,-0.008187617694,-0.01626709856,-0.000700825852,-0.02609543917,0.006885443416,0.007837957766
2.246686533,-0.01060948011,-0.003331189754,-0.005312613177,-0.01662929608,-0.0004059337096,-0.02010387845,0.007786052525,0.006371478598
2.251863986,-0.01063949346,-0.002452578437,-0.01024572003,-0.01492655416,-0.0009600945177,-0.02324063862,0.008942480154,0.006763736433
2.246161656,-0.01049917915,-0.003208512877,-0.01328093469,-0.01657065292,0.001262877754,-0.02340066639,0.009117398456,0.007450570404
2.296320101,-0.007944749716,-0.001320226325,-0.007257204573,-0.01806464346,-0.001293064418,-0.02596506396,0.01075884896,0.006698972473
2.223966361,-0.007394285918,-0.0009737326015,-0.003473051312,-0.01611227872,0.001282419141,-0.02118411814,0.006213510839,0.008418156624
2.206752193,-0.006443169575,-3.575807927e-05,-0.007467538041,-0.01742267887,-0.001324367938,-0.02233653984,0.0116913616,0.006873411871
2.268974655,-0.00621557278,9.991993465e-05,-0.009936554864,-0.01597723758,-0.0001353423154,-0.02311680138,0.008101694475,0.009127685584
2.22022456,-0.005884711877,0.0004160720516,-0.008750731153,-0.01419326207,0.000115731961,-0.02530252039,0.01216220631,0.008879805195
2.197710264,-0.002196647735,0.00455091995,-0.003925656769,-0.01357518813,0.0003137310477,-0.02029417719,0.009667553132,0.007688592444
2.279112482,-0.002528320029,0.00489256443,-0.005630010885,-0.01514697285,0.002735314928,-0.02283506493,0.007884929912,0.009618364561
2.242899689,-0.002220104271,0.005579993676,-0.006626049667,-0.01825862881,-0.001021738569,-0.02086534053,0.01042096924,0.007011546783
2.18642739,-0.003797886759,0.003624079729,-0.009921160003,-0.01416929298,0.002784050109,-0.02431230684,0.01160552382,0.008922295768
2.271141839,-0.001766748214,0.005619562455,-0.004857678681,-0.01336937141,0.001676942817,-0.02070282257,0.00966861974,0.00860689834
2.14365073,2.986037933e-05,0.006372764672,-0.004717027107,-0.0113843661,0.001731293076,-0.02113406399,0.01085763724,0.009762398734
2.243323201,-0.002315679941,0.008433871302,-0.004588605324,-0.01534851664,0.002090040049,-0.02039097143,0.008659719229,0.008905745021
2.183496512,-0.0006656497191,0.003216544322,-0.007423346224,-0.01613445695,0.001412483253,-0.02514519512,0.01227665159,0.00889805664
2.212745112,-0.002382587245,0.009028303287,-0.006071008235,-0.01635594983,0.00106959361,-0.02308597913,0.01100554846,0.01040191234
-2.481522513,-0.002072265472,0.005797614008,-0.005194209058,-0.01366632754,0.001422411732,-0.022540034,0.01072718664,0.007560342093
-3.519131608,-0.001208715319,0.00711514094,-0.005141782758,-0.0139478106,0.001367043764,-0.02014968409,0.009410766373,0.009142067932
-3.236346828,-0.0007496342524,0.007257105632,-0.006763307971,-0.01511415124,0.0008747506671,-0.02213043129,0.01156469108,0.00814385239
-3.414723416,-0.001620358967,0.005413068796,-0.006385871573,-0.01435700022,0.001058557633,-0.02203234033,0.009874033121,0.009401826114
-3.264464774,0.0006392746508,0.006166588034,-0.005701044296,-0.01430625171,0.0007845308954,-0.02334605204,0.009931042579,0.00800350905
-3.378853964,-0.0009643691099,0.007035581071,-0.005957675211,-0.01191015443,0.0009035703496,-0.02007522818,0.009601029786,0.008439011588
-3.273357451,0.004015622146,0.01187357983,-0.006203421393,-0.01251450119,0.002446949971,-0.02099649628,0.01124560427,0.009533097167
-3.48505532,0.009651174314,0.01689583927,-0.004009203839,-0.01345914877,0.003185020852,-0.02090718237,0.009323482485,0.009979749541
-3.200694427,0.007061022052,0.01518889324,-0.004267422284,-0.01359917792,0.004760651605,-0.02204923716,0.01230496879,0.009337966561
-3.465965716,0.006387837744,0.01578703859,-0.0003425444442,-0.01293849519,0.003617553169,-0.01868733923,0.0109959748,0.008790828628
-3.081439328,0.006638618187,0.01447452094,-0.002337966415,-0.01039156853,0.003313916425,-0.02217446302,0.01006718843,0.007658873199
-3.810031966,0.006856290037,0.01416604407,-0.004346373377,-0.0138374168,0.002200705749,-0.01965758673,0.01238665102,0.00997749889
0.4972413127,0.003870542103,0.0123035751,-0.005521446665,-0.01452735574,0.00151823616,-0.0233111515,0.01261722289,0.00731351008
2.429671772,0.002605491713,0.009954544004,-0.003196097937,-0.01611593696,0.0009417356838,-0.02184966581,0.009258978549,0.008590541353
2.48308504,0.004644603382,0.01209670831,-0.003239081843,-0.01471372888,0.001764781578,-0.02197572216,0.008984258246,0.007449592266
-0.8268423868,0.00230396482,0.01325848192,-0.003590083813,-0.01342860125,0.001175932151,-0.01936836801,0.009350750809,0.008866318759
-3.929552679,0.001777714735,0.0086897329,-0.004587794222,-0.0148827845,0.0008562398928,-0.02334588562,0.01256678191,0.007717411638
-3.021890416,0.001273079754,0.009617060114,-0.005012465551,-0.01642039266,-0.001093546713,-0.02365609045,0.00880702575,0.008616709774
-3.527082222,-0.001563998107,0.006441525089,-0.005279273599,-0.01552005125,0.0009019947923,-0.02235038203,0.007622637871,0.008825191875
-3.27153306,-1.981694748e-05,0.007783422405,-0.005423535934,-0.01402437856,0.001194204371,-0.02228094094,0.009756843135,0.006835932279
-3.409225868,-0.0007305290026,0.007610575272,-0.00743544995,-0.01437065549,0.002037433467,-0.023606502,0.01005910088,0.007826417201
-3.320227996,-0.001817181079,0.006050373108,-0.007451073682,-0.01532475438,-0.0002064023909,-0.02206343137,0.008845335796,0.007236045371
-3.358948178,-0.003963663019,0.004121726816,-0.006214890228,-0.01547012552,0.0005553448209,-0.02249057438,0.009546174762,0.007569418004
-3.336218026,-0.003395103259,0.006069624629,-0.004555142676,-0.01469045339,6.457039574e-06,-0.02207482626,0.008133997622,0.006372401121
-3.315444712,-0.00241334601,0.005690137529,-0.006688527165,-0.0170726604,-2.33354773e-06,-0.02321233859,0.009323045974,0.007552773362
-3.321372414,-0.003820167382,0.006910917869,-0.007172897771,-0.01724343127,-0.0002415446802,-0.02270293351,0.009177746302,0.005698804079
-3.353568053,-0.001610672798,0.005274648182,-0.008515434043,-0.01443230795,0.0008203841944,-0.0224370841,0.01024203379,0.006876113169
-3.351994007,-0.003708866965,0.004612450747,-0.004630538604,-0.01693476033,-0.0001166547803,-0.0210592957,0.009336132504,0.008020152671
-3.322871032,-0.001782724753,0.005372639936,-0.003621044821,-0.01557437616,0.0003126489933,-0.02305643737,0.008143632765,0.007962947579
-3.340951291,-0.002909937591,0.004331830992,-0.007560768553,-0.01480358738,-0.0003679333786,-0.02361987978,0.01017710242,0.008009878116
-3.37213275,-0.003746488263,0.004906275179,-0.007495390642,-0.01568933604,0.0003123235821,-0.02350299074,0.01012444196,0.008562275688
-3.308058254,-0.003505973957,0.004314806806,-0.006948037889,-0.01618024347,0.0004782068302,-0.0220399266,0.007769288353,0.006940660105
-3.329917488,-0.003896819493,0.004377242688,-0.006368223377,-0.01535751557,0.0003950435332,-0.02257823338,0.009623657949,0.008038422895
-3.321802899,-0.01066247306,0.0001242244418,-0.007002670258,-0.01711671533,-0.0004590249362,-0.02288614188,0.009314427372,0.005836925798
-3.316518431,-0.0131707843,-0.004881443855,-0.008894793212,-0.01764156969,-0.002458398237,-0.02395830265,0.008628025454,0.006142009273
-3.340866663,-0.01203890492,-0.003743417546,-0.00831710252,-0.01714673909,-0.002225824531,-0.02359409815,0.007666111646,0.007009071587
-3.32311284,-0.01204315608,-0.003737887431,-0.009764571553,-0.01616067119,-0.001433539085,-0.02385778623,0.009727376972,0.006642752802
-3.395707015,-0.01129215865,-0.003683248426,-0.008511337275,-0.01718995253,-0.001402920842,-0.02482727612,0.007502002885,0.00736189892
-3.217609089,-0.01054552494,-0.002668244414,-0.008358940306,-0.01797477607,-0.001237312798,-0.02463541471,0.008973390095,0.007565514832
-3.557577663,-0.008653609244,0.001152162747,-0.008584658871,-0.01702293252,-0.0002894105289,-0.02208569606,0.009217986609,0.007866805052
-3.06603109,-0.007796984295,-0.001239993052,-0.007986207338,-0.01792045295,0.001451715507,-0.02216243119,0.009288585541,0.008890839483
-3.835306534,-0.007652522354,-0.002250368472,-0.008471019747,-0.01650326608,-0.002341142042,-0.0230764318,0.01054199707,0.008207572379
-1.272115151,-0.00533955423,-0.00205302711,-0.008829225823,-0.01519276883,0.0006014742081,-0.02290936956,0.009079023576,0.008268555788
2.585625928,-0.005985880813,0.002245160136,-0.007454113607,-0.01387265331,-0.0003450841513,-0.02330825944,0.009775828553,0.00844962104
2.147805374,-0.004117376312,0.00221487555,-0.007401087185,-0.01547641064,0.0006969674807,-0.0230588052,0.008171550906,0.008173483513
2.205238921,-0.005220586218,0.006491566811,-0.005786095404,-0.01529594281,-0.000116519836,-0.021087271,0.009548537332,0.009011357471
2.496954237,-0.002487212209,0.002673519759,-0.006270010699,-0.01458747451,0.0004995496008,-0.02290047855,0.009365368222,0.008344200089
0.836743948,-0.002071732351,0.005475767608,-0.007291794329,-0.01481295482,-0.0001571983867,-0.02206788605,0.01078891064,0.007705237458
-3.726477465,-0.001693026796,0.005065950503,-0.007297467193,-0.01280771967,0.001580133517,-0.02389602116,0.0106534871,0.008791433935
-3.060689532,-0.001439261117,0.006667638865,-0.007126712121,-0.01391538717,0.001304524879,-0.02201574914,0.008387611444,0.00868717689
-3.569582817,-0.001728782172,0.007676316022,-0.005492506155,-0.01380250153,0.0008582245889,-0.0218198478,0.01199065839,0.008860881708
-3.041480216,-0.0007777171527,0.006562452674,-0.004749648647,-0.01537620571,0.0007887506716,-0.02196842216,0.01157721184,0.008617918131
-3.856387615,-0.002263112258,0.005974780609,-0.004905342721,-0.01640173517,0.001142979717,-0.02155738241,0.0110664979,0.00877020785
0.2494576195,-0.001405301323,0.005195401186,-0.005821137792,-0.01382993331,0.001964921562,-0.02139519427,0.01028495259,0.00764782836
2.655152315,-0.0004338807899,0.006961254804,-0.006215283428,-0.01396207424,0.000124506433,-0.02226000559,0.008921867287,0.00959964929
2.100198048,-0.00117301501,0.005969299577,-0.004940733543,-0.01511811931,0.001702820621,-0.02231021149,0.008941372301,0.008511535499
2.374105041,-0.002003281733,0.005891188142,-0.005668668403,-0.01444444381,0.001486772902,-0.02195969779,0.008450328616,0.008256801567
2.136855502,-0.001499644538,0.007787576304,-0.005883341538,-0.01513461361,0.001723190398,-0.0213222062,0.009771064386,0.009003797974
-2.55043985,-0.001049210159,0.005631510104,-0.005886406531,-0.01434130623,0.00215015043,-0.02383558235,0.01114737358,0.009638008557
-3.523582946,0.0008045756827,0.006158951035,-0.005841634747,-0.0147475771,0.001479357761,-0.02265148458,0.009836372872,0.009392273301
-3.211897714,0.008903522743,0.01537166992,-0.00344314605,-0.01181600088,0.003862889402,-0.02015357837,0.00945940228,0.01022517049
-3.394057664,0.008453538154,0.01712417077,-0.003882771193,-0.01136895593,0.003051983036,-0.02096075428,0.01110378345,0.01085766512
-3.236421814,0.008036029797,0.01578342711,-0.00333202697,-0.01260278487,0.003145923081,-0.0215474245,0.01160206307,0.01002803572
-3.427014162,0.007638200011,0.01582809008,-0.004195968537,-0.01250360832,0.002563615554,-0.01975786718,0.01084935005,0.007967769827
-3.194411565,0.007116457391,0.01506881197,-0.003644880632,-0.01457448755,0.002521041047,-0.02059912407,0.01136013429,0.008671576711
-3.570187518,0.004978804173,0.01430167857,-0.00365442272,-0.01272448809,0.001994014354,-0.022723088,0.009920703612,0.008464090249
-2.432696484,0.004074316263,0.01119009573,-0.00415232085,-0.01327042823,0.002381723832,-0.02252073778,0.01019657103,0.008543240099
2.308942185,0.003827323082,0.01219261574,-0.004385619435,-0.01386317223,0.0004516113747,-0.0221149718,0.008373345308,0.008615323992
2.203974755,0.004264193731,0.01337258928,-0.003612494417,-0.01439890763,0.001852884205,-0.02242902649,0.01043595479,0.008800718512
2.301895269,0.002896922636,0.01235587315,-0.003958132639,-0.01553405183,0.002439447747,-0.02102813931,0.009805528413,0.009432306817
2.275703456,0.0008355974131,0.01062950384,-0.005056031148,-0.01679771257,0.00069061354,-0.02135935406,0.009017674441,0.008699389644
2.249480126,-0.001828327502,0.008487662213,-0.005906440046,-0.01599033397,0.0006131054633,-0.02195530376,0.01102072368,0.006728180442
2.224914758,-0.001014665745,0.008150794188,-0.005429402764,-0.01655833802,-8.869433721e-06,-0.02198655897,0.009644798473,0.007606985616
2.242018819,-0.00129714252,0.006483436191,-0.00531281032,-0.01541675829,0.0003969290266,-0.02288863944,0.008776982398,0.00730142751
2.260320461,-0.002140408739,0.006299597774,-0.00567489151,-0.0156171091,0.0003009750135,-0.02252164255,0.009635685804,0.007383897661
2.270279095,-0.003366856998,0.005691987563,-0.007411242165,-0.01698356952,0.0006664223183,-0.02225873451,0.009117320988,0.007378685519
2.229247348,-0.004575269416,0.003738652016,-0.006866199837,-0.01703357975,-0.0009076814871,-0.02268804586,0.00769734655,0.006517024675
2.257855916,-0.00211127958,0.005381563068,-0.005969514872,-0.01543933334,0.0008938547434,-0.0219560136,0.009208374402,0.008115174893
2.264190295,-0.002319160877,0.003263424377,-0.006610923307,-0.01525107392,-0.0008556071993,-0.02264785323,0.009823200087,0.008163010825
2.236924309,-0.001792752546,0.005259773712,-0.007502212945,-0.01488667999,-0.0005118773982,-0.02208019476,0.009467719606,0.005470969644
2.248296914,-0.002017885306,0.005473613313,-0.005482704715,-0.01425696004,0.0004956442476,-0.02308802688,0.007911964976,0.008364695592
2.268143922,-0.002833854712,0.006595053742,-0.006380208774,-0.01499678456,-0.0005786519422,-0.02399491868,0.009468960561,0.007556661873
2.25709492,-0.002183877044,0.004627882544,-0.00603521328,-0.01636654884,-8.589518697e-05,-0.023382958,0.01058017289,0.008453614
2.266413198,-0.003545468525,0.005438098155,-0.006914804974,-0.01586510667,-0.0003978425733,-0.02117707879,0.008013716014,0.006975943105
2.231909914,-0.004513438298,0.005758918104,-0.007448465191,-0.01722875834,0.0001306073885,-0.02378462062,0.008872382217,0.00835006604
2.279207313,-0.002339912919,0.005479872245,-0.006793352654,-0.01554668425,-8.028687616e-05,-0.02355010555,0.009766473397,0.007284707376
2.228406003,-0.008719189893,0.001301224578,-0.006055721627,-0.01600299788,-0.001878338034,-0.02323908365,0.008165559181,0.007089789269
2.288703262,-0.01216012264,-0.003806399455,-0.007882604904,-0.01846025516,-0.002148301521,-0.02268700681,0.006842841972,0.005889129155
2.267750402,-0.01284434415,-0.004797007325,-0.008008016322,-0.01710469672,-0.002206360547,-0.02207177264,0.008761710811,0.008379747205
2.284807058,-0.0126815006,-0.003740301843,-0.009103733213,-0.01803519444,-0.000778825428,-0.02490583706,0.008926744283,0.006241668872
2.298899727,-0.01144002755,-0.004624342764,-0.008748487316,-0.01687236445,-0.001918901172,-0.0242363042,0.007438711295,0.007354426683
2.295559473,-0.0113271599,-0.003183163895,-0.008596674111,-0.0164788856,-0.001859504948,-0.02223143097,0.008751916393,0.006730243265
2.25261271,-0.008772203844,-0.001427386154,-0.009147258469,-0.01570258909,-0.001627480232,-0.02292411581,0.008530719734,0.006809230012
2.311663507,-0.007908846327,0.001586205743,-0.008881767019,-0.01646546544,-0.0007339116947,-0.02204102267,0.009468150218,0.007729060011
2.23241829,-0.007497821012,-0.001569943302,-0.01572368079,-0.01871804126,-0.0007999075824,-0.02244744237,0.01071722028,0.007963068827
2.281041684,-0.007808300461,-0.000503852975,-0.00458201844,-0.01390675353,-0.0005036357599,-0.02125859832,0.009022618063,0.01047570391
2.284147665,-0.005523376811,0.0005214128364,-0.0004184403033,-0.01126583047,-0.0008633739499,-0.02681162191,0.01010970359,0.006482406554
2.213020465,-0.00395005896,0.00296966866,-0.003306626213,-0.01544927074,0.001350313144,-0.0181140964,0.01090914101,0.008648621186
2.225095709,-0.002742797808,0.004142863137,-0.01171087635,-0.01853547453,0.0002002489989,-0.02275497014,0.007635966537,0.007152658562
2.239856983,-0.001823270655,0.002322871725,-0.01146431503,-0.01976750766,0.0007167796434,-0.02474132757,0.009970814322,0.01062614383
2.192120543,-0.00139083418,0.007855025459,-0.007174116751,-0.0108784006,-0.0003362803598,-0.02117573512,0.01285648803,0.008470996087
2.261880047,-0.001131527877,0.006351757979,-0.001288905946,-0.008884556683,-0.0004039213471,-0.02164011868,0.01014979473,0.008896719058
2.254932777,-0.0006384645522,0.005308198532,-0.00663745434,-0.01219556811,0.002211581484,-0.02299589567,0.006343930879,0.009794869348
2.226669974,-0.0003996944364,0.00430120623,-0.00855067563,-0.02139829259,0.0009266228052,-0.02252889311,0.01116101368,0.006674300802
2.226748997,-0.00199361537,0.004143354659,-0.01135044526,-0.01750794747,0.002188726813,-0.02262733742,0.01196612026,0.01032470007
2.247335704,-0.0006331656893,0.007098875782,-0.000432235923,-0.0108517344,0.001902590518,-0.0198472328,0.008914297605,0.006869599473
2.239483477,-0.0002662577896,0.007772671643,-0.006844425647,-0.01044541182,0.002749207222,-0.0207986695,0.01214729266,0.008921056293
2.279364865,-0.00211349281,0.006064140822,-0.005755483969,-0.01737978024,0.002565894777,-0.02090029992,0.0066972821,0.008174118598
2.255394018,-0.0003852657818,0.006856024185,-0.00724986912,-0.01683455615,0.001476407097,-0.02582935576,0.01069545367,0.008435313007
2.258303561,-0.001772497349,0.00187461678,-0.005494804005,-0.01384750294,0.001008615969,-0.02167443861,0.01074291451,0.01082086137
2.256825122,-0.001514664598,0.009827131638,-0.002952519929,-0.01140123553,0.0004276753973,-0.01817313593,0.01117350336,0.00764702722
2.267380414,-0.0001274197934,0.005009024088,-0.005542265887,-0.01294380658,0.001255028341,-0.02080290447,0.01234046551,0.008273990695
2.212672487,0.0005309441748,0.006489073127,-0.006441304968,-0.01750745074,0.002231992335,-0.0242942501,0.007056014686,0.00821020851
2.263321997,0.006202978713,0.01403467109,-0.006625800891,-0.01399334199,0.005019336419,-0.02340249196,0.01225529177,0.009030077705
2.227061169,0.01050352884,0.01608828336,-0.002910869774,-0.01094682844,0.003458693922,-0.01972564255,0.009644057884,0.008562491263
2.24993451,0.008005979677,0.01664119947,-0.0003194384751,-0.008028958979,0.004508377986,-0.01747489653,0.009015745225,0.008582428317
2.27328052,0.006880844262,0.01158162766,-0.00499365198,-0.01383228937,0.001698526115,-0.01920277046,0.01513476138,0.00924855354
2.236500768,0.007551629661,0.01621936071,-0.004167796044,-0.01758227171,0.00172694491,-0.02362141834,0.007472631738,0.009360209022
2.241007904,0.006916510614,0.01494391725,-0.002951861283,-0.01460766055,0.003097214259,-0.02492629933,0.01218329233,0.009162808612
2.257432467,0.004970347324,0.01281763452,-0.002433228293,-0.01577253286,0.001011380568,-0.01967584823,0.0104397777,0.009001020423
2.231847085,0.001604684201,0.01372587824,-0.005571247413,-0.009886698152,0.002615374043,-0.02072114459,0.009907900575,0.007893767714
2.315080895,0.003651569582,0.01016294245,-0.007735770031,-0.01293377495,-0.001034212664,-0.0227625848,0.01128360286,0.008502057734
2.214675979,0.003307507777,0.01204438466,-0.005218456945,-0.01575059791,0.002230238617,-0.02267735984,0.008236565118,0.008974922136
2.242458251,0.002173977519,0.007784168254,-0.002471712461,-0.01544129951,0.001755463012,-0.02229207663,0.009986617872,0.008890674082
2.228232403,0.001093951139,0.009932532813,-0.002734986478,-0.0152853799,-0.0001221341218,-0.01922667776,0.008484368359,0.008638902429
2.23681936,-0.001022808555,0.01131699086,-0.007474480328,-0.01527928508,0.002468821906,-0.02268322731,0.006982100845,0.007639667936
2.257598996,-0.001370970257,0.004945971872,-0.007332222737,-0.0172625885,-0.0008702464573,-0.02137021081,0.01468142347,0.006003699763
2.199993682,-0.001614669199,0.005847186171,-0.005195666034,-0.01592005029,-0.0001102491954,-0.02458341335,0.007214702574,0.008210352624
2.246652665,-0.0008465367426,0.006742142112,-0.00485497252,-0.01324302933,-0.001357542816,-0.02334885906,0.01135220411,0.008007560233
2.145150392,-0.002787429714,0.004232433973,-0.004935552006,-0.01871611494,-0.0005042434738,-0.02275634997,0.00899640575,0.007222375439
2.371597044,-0.004129682667,0.008892071885,-0.007904159228,-0.01556907745,0.001840055513,-0.02488798798,0.009213748926,0.008149994158
1.974811148,-0.003300673086,0.000726625523,-0.006956413944,-0.01587065483,-0.001895352889,-0.02300682278,0.01109261009,0.006564397186
2.669430813,-0.001827977126,0.008006217264,-0.006519579677,-0.01555583059,0.001526970892,-0.02173304828,0.00887865237,0.008631275516
0.2102263716,-0.003449092527,0.0021743429,-0.00584047453,-0.01461743676,0.0001684773697,-0.02214201601,0.00968206288,0.006027083231
-3.70513831,-0.002861831437,0.005844301357,-0.007574859773,-0.01678947807,-0.0004229491063,-0.02156046471,0.01001697979,0.006709719244
-3.111582912,-0.0044312561,0.005694778398,-0.007565678474,-0.01659359338,0.001373120459,-0.02396698551,0.006867622386,0.008244755872
-3.446029916,-0.001920945625,0.004317566565,-0.006039783488,-0.01668847129,-0.001191674665,-0.02172629504,0.01289301827,0.007245593344
-3.261364862,-0.002321939667,0.005473693984,-0.004760828775,-0.01426367973,-6.629280822e-05,-0.02198663511,0.008866588863,0.00836868323
-3.33884736,-0.002365245117,0.004933167427,-0.005806489446,-0.01420853845,-0.000371744558,-0.02153558706,0.008869416793,0.006408729979
-3.245506667,-0.004030816856,0.00291311698,-0.008219496513,-0.01813273251,-0.0009975187404,-0.02313286715,0.01051304638,0.008971641713
-3.367461139,-0.01215080439,-0.002531865346,-0.009747126476,-0.01721179153,-0.001628116571,-0.02629031931,0.007961431837,0.007408012882
-3.344973335,-0.01310759344,-0.008143717394,-0.008734036392,-0.01698982454,-0.003347860217,-0.02289501526,0.009771999277,0.006958230322
-3.403891947,-0.01150362675,-0.001176573618,-0.009942857093,-0.01701009949,0.0005471467516,-0.02215387017,0.008458229774,0.007721752525
-3.275206684,-0.01220477509,-0.004204236621,-0.007187751894,-0.01635854919,-0.002515717468,-0.02413153155,0.007571506264,0.00607275346
-3.474508998,-0.01134317766,-0.003527031052,-0.009066983388,-0.01970077567,-0.001579122062,-0.02531669856,0.009040513647,0.007809947803
-2.977369221,-0.009294216227,-0.001972403848,-0.007152022304,-0.01635972356,0.0003906715044,-0.02403331119,0.00842294644,0.006807084864
1.760133402,-0.00763917275,-0.001703234557,-0.006322900138,-0.01454517822,-0.0009634945077,-0.02239946422,0.01047255767,0.007759092303
2.392362418,-0.009123327023,0.001094208576,-0.009022959092,-0.01582790633,-0.0004609794661,-0.02282503942,0.008230230113,0.009134230233
1.641000526,-0.008268294487,-0.0006860806385,-0.008571314022,-0.01471934087,-0.0003044821175,-0.02428161831,0.01054270594,0.006630371503
-3.088719352,-0.007355380713,-0.001199206836,-0.008218465446,-0.01677627143,6.822427565e-05,-0.0240290391,0.01026541502,0.007669565868
-3.397701676,-0.005050530269,0.004187588551,-0.005089776089,-0.01486959459,0.001606445633,-0.02336651944,0.008498926336,0.008446042547
-3.282346743,-0.004198341371,0.002567908652,-0.006886410088,-0.01448747397,0.0008150684252,-0.02208381386,0.01025936405,0.007485795094
-3.362715308,-0.003101173308,0.003107883916,-0.008056949399,-0.01327567488,0.0003045225046,-0.02245968087,0.008567705464,0.009021548355
-3.335847475,-0.002397880239,0.004557002334,-0.007253292347,-0.01365905678,0.0001758713462,-0.02228243272,0.01145388855,0.007194309622
-3.353922746,-0.00203145806,0.002720841751,-0.007167276946,-0.01551072026,0.0005981219557,-0.02273715121,0.009318985685,0.008312467863
-3.301756355,-0.001176427484,0.005905047189,-0.005947765902,-0.01446580876,0.001057020321,-0.0219983052,0.00709963533,0.00852015358
-3.315105293,0.0004502952554,0.005838440073,-0.005518111732,-0.01450884581,0.000868256749,-0.02263393223,0.01170044995,0.008035037104
-3.350241195,-0.001233623435,0.005684484389,-0.006562048559,-0.01474826675,0.001776847175,-0.0217043753,0.009506407235,0.008534082161
-3.39344346,6.146310816e-05,0.006404601165,-0.005607964105,-0.01301498659,0.001250053846,-0.0228837856,0.01019058029,0.009295479063
-3.357261916,-0.002642627084,0.004761566222,-0.004845460776,-0.01465280389,0.0009551126304,-0.02272060672,0.009595690961,0.009179543777
-3.304277561,-0.0006456069354,0.007365427471,-0.005729381503,-0.01288855517,0.00219244953,-0.02288220748,0.0112387649,0.009560604988
-3.339142917,-0.001800309889,0.005596785275,-0.007519260201,-0.01452056758,0.0001469114337,-0.02263728789,0.009702347673,0.008483773529
-3.308635073,-0.001225674567,0.008568323838,-0.005885849478,-0.01450252653,0.002042414928,-0.02362815177,0.01038434829,0.009489396133
-3.354530172,-0.0002143231068,0.006665640202,-0.005792833836,-0.01541842729,0.001823415596,-0.02052486196,0.01068464918,0.007083741003
-3.339772624,-0.0004425181247,0.006888384468,-0.00404246614,-0.01495292175,0.000566970133,-0.02110090606,0.01163939224,0.00825515125
-3.315761462,-0.00137987725,0.003964309799,-0.005923626474,-0.01400916463,4.978416826e-05,-0.02328586341,0.009139136667,0.00758010471
-3.292062908,0.004796517667,0.01110646131,-0.005306426209,-0.01266408827,0.002466785845,-0.02226774636,0.01249151633,0.008767646869
-3.312356212,0.00813811952,0.01774940012,-0.004150466011,-0.01220526662,0.003426054231,-0.02013831697,0.01098380732,0.01029308985
-3.255939784,0.006856890882,0.01619016248,-0.00244836219,-0.01265252155,0.003922803247,-0.02049314186,0.01047782175,0.008318558317
-3.297002232,0.007449796076,0.01424764607,-0.003305585549,-0.0132552134,0.004167894745,-0.02154971971,0.01031726596,0.008081154432
-3.310580037,0.007450477305,0.01524591186,-0.001750233649,-0.01221819678,0.002965331386,-0.02047122662,0.01155715875,0.009062121369
-3.345651774,0.007344408795,0.01180299794,-0.004154534091,-0.01374882549,0.001920389551,-0.02076358837,0.01114360255,0.008245440745
-3.315342629,0.006519466282,0.01244433674,-0.003427407778,-0.01464727701,0.003503557776,-0.02116871197,0.009561586883,0.008281141057
-3.465948569,0.00412398887,0.01285701388,-0.006124239779,-0.0139812656,0.001300667591,-0.02195139373,0.01045243613,0.008642507329
-3.240119915,0.004982337709,0.01288868192,-0.004107154441,-0.01527061755,0.00220978409,-0.02284614219,0.01103022374,0.009620448441
-3.429623485,0.004561071028,0.009885659335,-0.005052613901,-0.01408920039,0.002177083014,-0.02186209212,0.009165763648,0.007994212918
1.328452408,0.002506580021,0.009521625832,-0.005639292427,-0.01586472752,0.000868214668,-0.02120910882,0.009580023655,0.008200312552
2.441167894,-0.0001186721801,0.00829674448,-0.006054403627,-0.01684614826,0.0002724909691,-0.02304179846,0.008365435543,0.008550177169
2.230300703,-0.0009122507903,0.008113389343,-0.004286578884,-0.01453373707,-0.0006517591024,-0.02313010311,0.009355305046,0.007223957721
2.190173316,-0.0004887297093,0.006774541333,-0.005686223652,-0.01594322245,-0.0001040405456,-0.02292200854,0.008574778875,0.007234565994
2.452221305,-0.001370864062,0.007153767279,-0.00672112502,-0.01656679351,0.0003289693528,-0.02249530635,0.01051314285,0.008067189063
-1.914234646,-0.002006161408,0.006434576101,-0.006147425263,-0.01709945147,-0.0006484261544,-0.02330222157,0.009851458222,0.006235491843
-3.653608314,-0.002892951679,0.004172995928,-0.00658395533,-0.01595415543,0.001731095516,-0.02238091223,0.008396659841,0.008225907904
-3.186571526,-0.00357499523,0.003318730597,-0.006977066712,-0.01694490293,-0.0004447664746,-0.02271946546,0.008338390427,0.007675185891
-3.330535685,-0.001374153258,0.006894311819,-0.006287780038,-0.01492113315,-0.0002614192295,-0.02199623262,0.009811511808,0.009232457677
-3.42703957,-0.002599469475,0.004852129696,-0.005783941807,-0.01611232411,-0.000391941802,-0.02274936094,0.008156532739,0.007435424046
-2.734159956,-0.002384585058,0.005766096212,-0.006426808653,-0.0160406693,-0.0008163580905,-0.02305527884,0.01058883973,0.008171337326
2.061585471,-0.003532841389,0.005561003928,-0.007331763879,-0.01675544952,-0.0003322299485,-0.02312286929,0.008405222807,0.007195154985
2.37698119,-0.004193684664,0.004349330956,-0.007048325162,-0.0164722965,8.095888166e-05,-0.02138196852,0.009789427742,0.008390886866
2.058927862,-0.003368621583,0.005221779932,-0.006409587257,-0.01544356893,0.000320940656,-0.02207046136,0.009097062428,0.008247029385
2.705979087,-0.003872582178,0.004303690789,-0.006096587437,-0.01667084238,0.001162337057,-0.02156744169,0.00879411802,0.007921947577
0.4475540141,-0.003016805466,0.004580069033,-0.004889397994,-0.01629514882,-0.0006667525531,-0.02172239475,0.009227180516,0.007754052305
-3.730488288,-0.00298644447,0.004957326719,-0.006146949109,-0.01681270506,-0.0009196076347,-0.02268372428,0.007972954639,0.008562594656
-3.170554708,-0.01089923991,-0.00197008256,-0.008749059807,-0.01775485235,-0.0006645233463,-0.02374093412,0.007859802402,0.007106788049
-3.389877516,-0.01306691817,-0.004143342517,-0.01047866618,-0.017422316,-0.002422963159,-0.02439590071,0.008465925806,0.00670508379
-3.334783531,-0.01216428375,-0.002897719526,-0.009252969257,-0.01675502863,-0.002306533485,-0.02377784576,0.008629273869,0.008143057953
-3.328332772,-0.01226393435,-0.005477903715,-0.009798407323,-0.01743642515,-0.001958898929,-0.02368782349,0.009636210603,0.006293428573
-3.394067689,-0.01102909268,-0.002440550872,-0.009127660288,-0.01594227958,-0.001308648381,-0.02255819516,0.007042480473,0.008634291751
-3.09538321,-0.01019698749,-0.003579346232,-0.009772789942,-0.01754601884,-0.002069574398,-0.0234568703,0.007773592897,0.007755846008
-3.745274705,-0.008347119842,0.001037827149,-0.007767887476,-0.01626560862,-0.001001893094,-0.0225425226,0.01044572589,0.00815731352
-0.04565699969,-0.008303736676,0.0004596419983,-0.008204219138,-0.0152760935,-0.0001467146006,-0.02314769074,0.009018016173,0.008105075614
2.699545216,-0.008016161015,-0.001756414539,-0.007094077519,-0.01674749895,-0.0006499793988,-0.02216006651,0.009782266769,0.009014986822
2.021952295,-0.006757566221,0.0005791136441,-0.007433532289,-0.01552579231,0.001053374491,-0.02166503573,0.008688887096,0.00757936317
2.408316696,-0.006975526321,0.0004840101742,-0.00768401418,-0.01486332609,-0.0001049358408,-0.02177117749,0.01042292647,0.007820279701
2.160467522,-0.002847190341,0.003393933747,-0.006751460748,-0.01576597611,0.0001315071608,-0.02236334048,0.0100630834,0.009845086429
2.276442023,-0.003488203975,0.004753036075,-0.006475055455,-0.01436372219,7.18382488e-06,-0.02338848362,0.009702705946,0.008176892995
2.197457344,-0.003691971111,0.003098957416,-0.006981666825,-0.0145912621,0.0004792552578,-0.02183686005,0.01011492033,0.008178835815
2.27807951,-0.001133384631,0.004583015761,-0.006691920574,-0.01433677658,0.001058689181,-0.02173685492,0.01025863315,0.008857401305
2.280666197,-0.002442986427,0.005535036182,-0.006502329932,-0.01361723192,0.00095585337,-0.02190498597,0.009287481847,0.008699880379
2.273700137,-0.0003119913118,0.006879195917,-0.006955380287,-0.01444784319,0.00121846416,-0.02096733124,0.009683641155,0.00841172561
2.261184804,0.0004015729653,0.005930312002,-0.007217599733,-0.01384153015,0.001189690832,-0.0227858194,0.01097398504,0.0084799212
2.184429491,-0.001687871117,0.004730352472,-0.006058349646,-0.0147942755,0.0003127898213,-0.02258557806,0.01131641744,0.008646582827
2.283379869,-0.00106462086,0.005721798831,-0.006931573954,-0.01443784847,0.0008207915426,-0.02065942453,0.009632400039,0.01022783395
2.279515992,-0.0004695753471,0.006289878356,-0.006822159801,-0.01456490564,0.001704213887,-0.02252796356,0.009048540897,0.008291739389
2.278039702,-0.000937045077,0.0056711579,-0.006941421476,-0.0143287643,0.001522870717,-0.02206091799,0.01223056738,0.007806998362
2.289844524,-0.002453929402,0.005197468325,-0.0056829552,-0.01433848386,0.001497513071,-0.02168566967,0.01027392102,0.008689717058
2.26969322,-0.001285287691,0.006198317456,-0.005836386662,-0.01479856232,0.001809389025,-0.0215082067,0.0103717982,0.008312140079
2.294965114,-0.0005515521982,0.006980223717,-0.005146144354,-0.01407642192,0.001256860811,-0.02164419475,0.009297755364,0.009367441657
2.265792796,-0.001334108677,0.007658008715,-0.00649783702,-0.014222739,0.001362725306,-0.02350272296,0.009257829605,0.00839974872
2.240411312,0.001395101182,0.009715505899,-0.00319795826,-0.01365103946,0.002021027591,-0.02147867449,0.01126092095,0.009491932638
2.257380947,0.00815060307,0.01593069813,-0.002280562808,-0.01253800568,0.003879718272,-0.02152993506,0.01075402565,0.00852837732
2.250447989,0.008283849771,0.01508241747,-0.001819851615,-0.01316292619,0.004022900578,-0.0219852939,0.01145515967,0.009199175588
2.261005698,0.007087677999,0.01582135446,-0.00318655116,-0.0140371067,0.004734720172,-0.02048438034,0.01243926751,0.009945655112
2.231675526,0.007739217147,0.0149578871,-0.002387989966,-0.01371475967,0.003687726117,-0.02057945973,0.00946230048,0.01017463503
2.267479936,0.006186434309,0.01316657288,-0.004594409311,-0.01290506098,0.002760719985,-0.02059663886,0.01038142207,0.008888024108
2.280475974,0.00594463645,0.01530968709,-0.00371418849,-0.01433754948,0.002467750206,-0.02159923586,0.01016405431,0.009524040499
2.255381376,0.003408299505,0.009677913673,-0.003184600671,-0.01310076475,0.003154070982,-0.02209580949,0.01012507519,0.008722696426
2.232998298,0.004741504459,0.01195372127,-0.006123477676,-0.0155876261,0.002118843864,-0.02203029122,0.01004902408,0.007951997982
2.256930786,0.003538643929,0.01167596544,-0.005873397494,-0.01473521103,0.002812749754,-0.02038373858,0.009663476497,0.008045515674
2.264459498,0.003210012257,0.009899767835,-0.006265669205,-0.01446273385,0.0007327459022,-0.02267521513,0.009727474594,0.009558909728
2.205768109,0.001266161245,0.01026907678,-0.004362689093,-0.0143910232,0.001634255724,-0.02150207924,0.01043269989,0.01002155627
2.212669914,0.0005803404018,0.008010824513,-0.004746454331,-0.01281510257,0.0002386300303,-0.02215186282,0.007997428568,0.007631095348
2.216193857,-0.001601096117,0.006863672804,-0.005705477372,-0.01766581188,-0.0008794459471,-0.02251568126,0.00878894542,0.007435858889
2.23146175,-0.001432628787,0.005807634441,-0.007669426113,-0.01547205715,0.001293458926,-0.02231929772,0.009805911838,0.007221264467
2.204696235,-0.002134178553,0.006067305893,-0.00641107554,-0.01450320079,7.756534209e-05,-0.02365330263,0.009941142118,0.007695203879
2.313221452,-0.004330571554,0.00514103213,-0.006027745167,-0.01383063046,4.484614542e-05,-0.02139403731,0.007297107717,0.007273659695
2.281502896,-0.00349854291,0.005089846622,-0.006649832196,-0.01563952024,-0.001210282804,-0.02242713496,0.008450341949,0.006454549392
2.237275005,-0.003434252254,0.007434370476,-0.006735088034,-0.01719339241,-0.0003830354947,-0.02359080331,0.008328694632,0.008836120587
2.274731873,-0.004013370286,0.00552634974,-0.004453856134,-0.0164134925,0.001019496386,-0.02270610509,0.008632665452,0.00761187947
2.242118381,-0.002675338714,0.005976734696,-0.004681338729,-0.01531075766,-0.001133846786,-0.0210089805,0.009669949392,0.00701604022
2.268170847,-0.003898998282,0.004144533667,-0.006097109299,-0.01522385707,-0.00108951944,-0.02237436168,0.009235362158,0.007710172729
2.261843317,-0.003547567088,0.005493722392,-0.008031176421,-0.01667691657,-0.0006289347213,-0.02356572289,0.009950198205,0.006979240929
2.226735402,-0.001754543264,0.00522526273,-0.00743496871,-0.01603143058,0.001244863598,-0.0226827148,0.006425770044,0.007994448614
2.24140272,-0.002333993069,0.005866491646,-0.00658984389,-0.01453165683,-0.0009304215101,-0.02186012342,0.01023965224,0.006610239084
2.240846171,-0.002586640799,0.00405822414,-0.006562759847,-0.01541487301,-0.001419080174,-0.02094716854,0.008462662942,0.008579857983
2.239377354,-0.003115618361,0.005434385465,-0.006645452623,-0.01647168467,-0.0003916521556,-0.02161536575,0.00960404644,0.006464520556
2.287457376,-0.006716643003,-0.001318429838,-0.007241134044,-0.01868827778,-0.00216352863,-0.02339027883,0.009279612136,0.007027863228
2.203322316,-0.01208805032,-0.005016517509,-0.01001248011,-0.01903345347,-0.001931760874,-0.02340374944,0.008099752031,0.00723883299
2.273102762,-0.01231311529,-0.004808460339,-0.009372176145,-0.01527985241,-0.001586483504,-0.02380500262,0.007279341112,0.007522337457
2.212349856,-0.01070596079,-0.005726193015,-0.008459186049,-0.01623681189,-0.002203120532,-0.02375944646,0.007596641074,0.007272127495
2.243651008,-0.01145337346,-0.003218366595,-0.009700320972,-0.01740824547,-0.002070235189,-0.02345926334,0.009113304959,0.007960166967
2.25229459,-0.01183025848,-0.004641824585,-0.009262762752,-0.01677478025,-0.001450626517,-0.02414308449,0.008940864268,0.005476776015
2.2757603,-0.009504562221,-0.0009585432237,-0.007504090949,-0.01663274942,-0.0001626329733,-0.02284373484,0.009263474028,0.008471663395
2.237299322,-0.007275420404,0.0007159440362,-0.006317688352,-0.01573435149,-0.0003797973605,-0.02265272661,0.009574282561,0.006871619149
2.277580353,-0.009614458845,-0.001474131288,-0.00764465312,-0.01462627301,6.612396743e-05,-0.02319172397,0.008422556231,0.007558924844
2.284630745,-0.008150777562,-0.000729547104,-0.008768825813,-0.01575349841,-0.001268524791,-0.02248422991,0.009268365738,0.007787903721
2.243073693,-0.00738040678,0.004979283523,-0.008439100754,-0.01753076194,0.001028377988,-0.0229909554,0.006444063661,0.007176814281
2.22014879,-0.004179650612,0.00484866858,-0.005987891404,-0.01515345927,-0.0003015907474,-0.02291369933,0.01092066958,0.008592368187
2.202641899,-0.004471813756,-0.001246046893,-0.003270066402,-0.0120932512,0.0008542415818,-0.02266107793,0.008727544273,0.007714874191
2.271212404,-0.003650792981,0.002812253319,-0.007048032877,-0.01378095933,0.0003094874281,-0.0225071369,0.01488393831,0.008161662943
2.279020216,-0.0025114047,0.003752069171,-0.009567794866,-0.01506102493,-0.001168236362,-0.0218216897,0.002889030221,0.007019098202
2.225136325,-0.002363182477,0.008059876316,-0.004636711884,-0.01178054527,0.005687856265,-0.02374251024,0.01145870917,0.008356663174
2.239857436,0.0004611725124,0.008259556955,-0.003470230306,-0.01435773711,-0.002459143082,-0.02098627092,0.01621492993,0.007108608963
2.211335513,-0.001617846032,0.005024964752,-0.006003256449,-0.01525525694,0.002180577922,-0.02183061249,0.003816659535,0.007243187409
2.230987817,-0.0005130299184,0.005189348871,-0.006104129483,-0.01377590144,0.001072156298,-0.02190060445,0.01440915721,0.008536458051
2.184606681,-0.0004674657687,0.00640200289,-0.008353790661,-0.01597932189,0.001726587816,-0.0206624404,0.01170952224,0.008651994955
2.087175176,-0.003375240388,0.008932686594,-0.004785955407,-0.0133144816,0.001586713003,-0.02097358035,0.004962197047,0.009295216934
-2.682342884,-6.169048479e-07,0.003044766713,-0.004769696571,-0.01362606523,-0.0003011715767,-0.02323500529,0.01628822867,0.007400927858
-3.508645981,-0.00157999514,0.0093553116,-0.006150001052,-0.01446166786,0.003375288596,-0.02363047595,0.005791981337,0.01052917942
-3.241211555,-0.001271841052,0.002689779138,-0.007332746897,-0.01651626911,0.0008994482161,-0.02171068853,0.01155826059,0.007438233622
-3.393120809,-0.0003989977903,0.005912936328,-0.006683519464,-0.01286416481,0.001516896643,-0.0219703832,0.01138277437,0.009522875825
-3.275334098,-0.002205238486,0.006314998077,-0.005857306208,-0.01255205422,0.002443026064,-0.02261021554,0.00721849069,0.008285322493
-3.388643929,-0.002137876258,0.004755078891,-0.005786389889,-0.01357244981,-0.0002902154715,-0.02101905439,0.0107250983,0.007993514227
-3.289272349,0.007017706,0.01410148626,-0.00213855962,-0.01231717831,0.003658361365,-0.02346461562,0.01310790405,0.00986487817
-3.424433402,0.008327419179,0.01660232528,-0.002979068795,-0.0128932003,0.001825174511,-0.02143860602,0.006932745403,0.009153232218
-3.236036653,0.00817094279,0.01536322835,-0.003400920024,-0.01346519528,0.004844719681,-0.0193025599,0.01417321942,0.008891215853
-3.48476953,0.006067281408,0.01974573161,-0.00293138473,-0.01150317061,0.002699538994,-0.0215190317,0.01150835523,0.008316082032
-3.117349432,0.006637952156,0.01269752491,-0.003902681193,-0.01257110808,0.003454781242,-0.02214417571,0.008974993796,0.009191857386
-3.654074511,0.007333910441,0.01652842148,-0.001416317472,-0.01347790751,0.000729437247,-0.01991620027,0.01342054005,0.01071180405
0.9584798718,0.004435040524,0.008641150164,-0.004248546448,-0.01020870179,0.003080028279,-0.02213053219,0.009050954313,0.006557076743
2.327832922,0.004025505439,0.0111861124,-0.007348969,-0.01579121472,0.000852921099,-0.02122649243,0.009205497293,0.009966537248
2.48166813,0.00422623191,0.01217399232,-0.003988991191,-0.01520740042,0.004650139317,-0.02131474593,0.007611731281,0.007518453875
-1.354806721,0.001225874687,0.01129536324,-0.0009578807486,-0.01241619733,0.00129072014,-0.02324547676,0.0145198166,0.008198757057
-3.827975187,0.001105015793,0.007646918429,-0.003186066331,-0.01482673451,0.0009360477648,-0.02246281014,0.009107159091,0.007938541984
-3.064539646,-7.320009903e-05,0.01288552774,-0.008134214441,-0.01672003571,0.0002552000826,-0.02206682017,0.006729293402,0.005468526983
-3.510379817,-0.001497056856,0.001857665049,-0.008101786779,-0.01987095243,-0.0008214683034,-0.0241958719,0.01123658803,0.007471751786
-3.210092441,-0.002138778385,0.01186605347,-0.003790172204,-0.01319343296,0.001291708559,-0.02301557143,0.009847200201,0.008416729531
-3.410462423,-0.001142543705,0.002469274182,-0.002925698839,-0.01289374259,-0.001694152944,-0.02294265879,0.01080897688,0.006746107144
-3.316572585,-0.001898179326,0.005344652733,-0.007341009673,-0.01623388846,0.001778753965,-0.0214620514,0.003041585937,0.007643953757
-3.399518019,-0.00244769658,0.007399414744,-0.007734388248,-0.01767907838,5.89314111e-05,-0.02498597301,0.01171845736,0.005042626143
-3.308331141,-0.003947218214,0.003633728318,-0.006167495196,-0.0178954684,-0.0003184783537,-0.0234003641,0.01035975478,0.007777149364
-3.341973895,-0.002788728856,0.00943043155,-0.00406820218,-0.01621174827,0.0005058831558,-0.02285580939,0.004684253618,0.007033918066
-3.305859956,-0.003097332445,0.003157839558,-0.006126459454,-0.0148708814,-0.0006886914375,-0.02089757833,0.01159282489,0.007626767097
-3.331356076,-0.004375403477,0.005711886675,-0.00699321181,-0.01590419985,0.0002571624659,-0.02143473194,0.009887545959,0.007926524436
-3.352219925,-0.002772140684,0.004894466386,-0.006094751551,-0.0159892238,-0.000994138798,-0.02486411258,0.008326834349,0.007103445367
-3.312694714,-0.002141086061,0.004573740421,-0.00395931712,-0.01534036565,8.525372862e-05,-0.02317761889,0.007181021831,0.008561110576
-3.347933696,-0.002252577539,0.006236572288,-0.004515516089,-0.01706231206,0.001072032455,-0.02208922516,0.01202630624,0.008371911158
-3.345475813,-0.002750993169,0.003689918085,-0.008271482169,-0.01762383827,0.00015059903,-0.02133595581,0.009891546649,0.006441077683
-3.354281057,-0.003090992147,0.004181156348,-0.007694520542,-0.01536767359,0.0003786288123,-0.02147692638,0.008134978089,0.0077725005
-3.350551638,-0.004239697732,0.002540420464,-0.006236411328,-0.01540462819,0.0007455466007,-0.02434376207,0.008180237612,0.007054178959
-3.359036994,-0.01194311723,-0.003103859083,-0.007823846419,-0.01557762956,-0.001870171975,-0.02289893026,0.01042092082,0.007002593034
-3.305102714,-0.01233580297,-0.004115110049,-0.009133989633,-0.01766811878,-0.001839835342,-0.02241542817,0.006389510537,0.007384739255
-3.312177729,-0.01130292749,-0.004999420842,-0.01019464483,-0.01733391198,-0.002563020318,-0.02265943369,0.007066542075,0.00618112214
-3.350998989,-0.01060877578,-0.00340717925,-0.01026465669,-0.01979486981,-0.0004145832474,-0.02363566599,0.01101412979,0.007882784225
-3.391768205,-0.01094481574,-0.003211439318,-0.008448248661,-0.01584723207,-0.001332572797,-0.02452974283,0.008316702474,0.00506195756
-3.226665405,-0.009294750367,-0.003370656306,-0.009115056571,-0.01672252525,-0.0006057950304,-0.02437773816,0.007515249119,0.008918553826
-3.475121962,-0.008327676397,0.001180613525,-0.008678382133,-0.01682201781,-0.0006147495294,-0.02128762855,0.008786145484,0.007208417485
-3.078032307,-0.007448851136,-0.002114694465,-0.00916545263,-0.01467492968,-0.0015535081,-0.0250721582,0.009853417582,0.007517896018
-3.876110189,-0.007161646552,-0.0009762764476,-0.006883587116,-0.01628790815,-0.0005505803244,-0.02257984514,0.008832788424,0.007938137531
-0.484114395,-0.005818531448,-0.0004346885459,-0.006260525013,-0.0156642892,0.0003876378111,-0.02200699571,0.009418629244,0.008077573041
2.591091533,-0.006234907212,0.0007593458088,-0.007338679929,-0.01550742642,0.000897342689,-0.02018941326,0.01009680136,0.007624199376
2.155009996,-0.004908600652,0.004493753979,-0.006734688809,-0.01445472757,0.001099026043,-0.02347899861,0.007781096268,0.007895983502
2.225910738,-0.003667394602,0.00317028343,-0.007757126963,-0.01630143017,0.0004472624605,-0.02340349986,0.01013234972,0.00760317184
2.601170384,-0.002002490653,0.005292108859,-0.007081300578,-0.0151694658,0.0009983169357,-0.02286707663,0.009814883806,0.00902426585
-0.005919653949,-0.00224272809,0.005753109327,-0.005300810759,-0.01433694083,0.0005272601439,-0.02245306355,0.01045665333,0.007079010479
-3.890888323,-0.001339765149,0.004695623367,-0.007173753322,-0.0149211338,0.0002810767775,-0.02186282168,0.0100011944,0.009461806276
-2.988259068,-0.001065596903,0.007899144402,-0.00673847362,-0.0141855648,0.0007890299839,-0.02414535284,0.009807022807,0.007911101653
-3.537329528,-0.001310299615,0.004250804598,-0.006517137719,-0.01354033191,0.001495884224,-0.02314657214,0.01148949744,0.009435506762
-3.129921003,-0.0007789247416,0.006431269548,-0.005174670711,-0.01391292519,0.001826348133,-0.02069653525,0.01027617394,0.009132017412
-3.581179036,-0.0005188313489,0.007035330376,-0.005357464493,-0.01345822705,0.002186218141,-0.0220821029,0.009225956185,0.008527411472
1.012506356,-0.002125597403,0.005336317321,-0.005554388297,-0.01329140845,0.00145868482,-0.02151804651,0.0113607512,0.009554275346
2.600514474,-0.001441736288,0.005873520354,-0.007284261295,-0.01448640598,0.002677914429,-0.02308510909,0.009917421489,0.008948326974
2.113503473,0.000132464784,0.005669284348,-0.006445692603,-0.01428390325,0.001859868291,-0.02290598572,0.01048017639,0.008571641732
2.47070519,-0.001179629138,0.005465177453,-0.005604258551,-0.01370944731,0.0006678555967,-0.02238502179,0.008817532641,0.008366398316
1.675170271,-0.0006808137003,0.007296184723,-0.005825780638,-0.01383092591,0.001349469066,-0.02252345831,0.01051427624,0.009514288495
-3.071912534,-0.001099859049,0.00593945512,-0.006959526675,-0.01485605152,0.0001875288713,-0.02275049793,0.01016293218,0.008307540411
-3.36306752,0.003985831572,0.01439819796,-0.003699047772,-0.01251214877,0.003137472487,-0.0206587088,0.01020385806,0.00790713402
-3.207672248,0.007156798691,0.0150919017,-0.002292633839,-0.01037503269,0.003909912116,-0.02107384484,0.01160654497,0.009820568319
-3.399285996,0.008847425463,0.01524139553,-0.003342989792,-0.01261073167,0.003378472439,-0.02064955322,0.0114366826,0.01040136369
-3.2060453,0.006990829334,0.01549248827,-0.003512463218,-0.01324487863,0.004623005504,-0.02141551522,0.009592255289,0.009401091817
-3.414643228,0.006808689625,0.01320041314,-0.003649400702,-0.01386164266,0.002918890095,-0.02090705288,0.01182868865,0.008397561464
-3.065170791,0.007290388684,0.01441908379,-0.001612331559,-0.01344027439,0.002392296685,-0.01978105558,0.01009660402,0.008351415421
-3.752287716,0.004866118968,0.01254192717,-0.003872340619,-0.01199195146,0.002584695191,-0.02066830644,0.01077016753,0.008520405145
-1.436118542,0.004105485703,0.01218641588,-0.005534732161,-0.0144378121,0.001738284489,-0.02334490845,0.01016842027,0.008174142868
2.670928301,0.004571407201,0.0141941541,-0.005657951022,-0.01432250741,0.002133728819,-0.0211616946,0.01074865029,0.007740547126
2.080666779,0.003884456603,0.01097461348,-0.004369119923,-0.01471254446,0.002265332832,-0.02174344714,0.01005700033,0.007441582711
2.418831919,0.002092178421,0.01068254507,-0.004413682585,-0.01623855729,0.0007369134526,-0.02154979631,0.009704602273,0.007698178663
2.177355259,0.001247229908,0.007913207622,-0.004673688273,-0.01429793314,0.001064337211,-0.02103410499,0.008857009026,0.006806233847
2.2890132,-0.001866647416,0.006318637206,-0.006532204284,-0.01504581489,0.00168192303,-0.02205691232,0.009262726186,0.007343493481
2.259572981,3.846767702e-05,0.008020065239,-0.005459951698,-0.014951458,-0.0008405239383,-0.02320083711,0.01047889792,0.007466551741
2.289720187,-0.0009459356885,0.006978617131,-0.00576834948,-0.01592602808,0.001298571405,-0.02266761714,0.008859265357,0.007265149801
2.286359336,-0.00146569631,0.006258429136,-0.006663767829,-0.01537536629,-0.000795492653,-0.02366687227,0.009452079979,0.007104804359
2.243691462,-0.00317002038,0.004654158914,-0.0061015542,-0.01628643063,0.0001984973989,-0.02213190711,0.008729278004,0.007456716666
2.244577765,-0.003658874475,0.004509506075,-0.006138604373,-0.0163393381,-0.0001565864224,-0.02087252521,0.008257334047,0.006927362603
2.251430562,-0.002415018392,0.004544092842,-0.006075415964,-0.01553711472,0.0007587357809,-0.02190203599,0.01033667593,0.007758989843
2.276359786,-0.003089695546,0.005814503837,-0.005601085023,-0.015951004,-0.000109576108,-0.02372347871,0.00862063635,0.007277395457
2.258812572,-0.002574725463,0.005314829453,-0.006294318599,-0.01773383551,-0.0003892264652,-0.02150602909,0.00832516612,0.008443052026
2.270757904,-0.003787859021,0.005038641293,-0.006380723256,-0.01610231312,-0.0008254287807,-0.0221659857,0.009721088418,0.007207528079
2.298739007,-0.003380884517,0.005847804587,-0.007517382249,-0.01482483092,0.0001263259678,-0.02138525782,0.008508569729,0.007304376781
2.273764063,-0.003724492907,0.005712382033,-0.00687209167,-0.01544862519,-0.0001975564932,-0.02265121881,0.008594492533,0.006755212699
2.224255603,-0.003575317625,0.006201086416,-0.006422555177,-0.01734098981,-0.0005222240278,-0.02195312302,0.009276437956,0.007695328725
2.290964706,-0.003972997559,0.004187494959,-0.005733379311,-0.01566846788,-0.000739800052,-0.02376812152,0.01114458055,0.00730834735
2.262577416,-0.003274394885,0.005302352621,-0.006094907655,-0.01579024039,-0.0007534996182,-0.02243005768,0.008405307295,0.007989830649
2.278358311,-0.01034573951,-0.002581530692,-0.007327564069,-0.01689816062,-0.001695074733,-0.02389345352,0.007961854019,0.007051065111
2.256565083,-0.01273989864,-0.004175439533,-0.00986577859,-0.01769554879,-0.002418154629,-0.02233271249,0.008464027349,0.006881995209
2.246314031,-0.01258034118,-0.00360306566,-0.008908220963,-0.01575825458,-0.003476958802,-0.02321200808,0.007764121256,0.007393222729
2.258004468,-0.01156100384,-0.003882193349,-0.008773247567,-0.01720550414,-0.000330756451,-0.02456164651,0.00854106472,0.007444939422
2.265222597,-0.01089840619,-0.00167095076,-0.009461069278,-0.01752495026,-0.000835702761,-0.0226922341,0.007815858038,0.007014097842
2.191421232,-0.009554549449,-0.004812734244,-0.008448696021,-0.01623766924,-0.0003314326639,-0.02316511821,0.009388869811,0.007758552719
2.297539472,-0.008689992734,-0.00144714019,-0.007302172212,-0.0163196104,-0.0002504632686,-0.02333056127,0.00928682463,0.007859935274
2.226019008,-0.007482154829,0.0007656325402,-0.008535662907,-0.01636385935,-0.001105295672,-0.02248687694,0.008428790287,0.008947111504
2.246402559,-0.008116950433,-0.002052688561,-0.006188600234,-0.01571989494,-0.001992206879,-0.02157337536,0.01014367273,0.00909310334
2.305523694,-0.006775636965,0.0001580718128,-0.007136286991,-0.01464310997,4.148921399e-05,-0.02210040435,0.0110304132,0.007696138582
2.256727735,-0.006262429781,0.00165046287,-0.008650610029,-0.01668978087,0.0006353545,-0.0218372472,0.007661982491,0.007876374179
2.270678893,-0.003564426217,0.003743450906,-0.01131128659,-0.01614338164,0.0005359174038,-0.02307562248,0.01066873423,0.007575399055
2.244400937,-0.002474215468,0.004972293273,-0.005901685858,-0.01282010573,-0.001266699228,-0.02377826625,0.008621440327,0.008347518632
2.217163774,-0.002631284964,0.004814977581,-0.001925750655,-0.01066691544,0.0006061772807,-0.02202059241,0.008269397186,0.008794788368
2.262050011,-0.002305834294,0.007048497289,-0.003941647947,-0.01521331873,0.001266359782,-0.02172406207,0.01203311305,0.008042083357
2.236360789,-0.002069034478,0.003810716323,-0.009231580235,-0.01746669983,0.001185160949,-0.02331789692,0.009138558252,0.008353946653
2.263997131,-0.001185978069,0.006916190297,-0.008093005869,-0.01758015173,0.0007793714515,-0.02155711751,0.01173586379,0.006964337999
2.254147778,-0.001823043015,0.006937961957,-0.004680847897,-0.0104324588,0.001599782182,-0.02095810418,0.01197556122,0.009218474574
2.257523198,-0.0003559605565,0.005951502831,-0.002061850601,-0.01040153799,0.002289016614,-0.02049378926,0.006996390592,0.01020058158
2.319998035,-0.00119991571,0.005589973501,-0.005895555481,-0.01604534701,0.0002761236568,-0.02351363351,0.01125208086,0.009310095386
2.266224279,-0.001943618981,0.00573523789,-0.007489885449,-0.01853948501,0.002241558845,-0.0245529581,0.008329284833,0.008871302205
2.205885014,-0.001889346406,0.00569984405,-0.005201967015,-0.01654417008,0.002362215357,-0.0221160367,0.01326055336,0.008534922403
2.253406608,6.11794735e-07,0.007639209701,-0.002858057682,-0.01170792189,0.0009044196833,-0.02005797245,0.01065481869,0.007303618497
2.269645475,-0.0008084586818,0.00695778584,-0.004053221045,-0.01392341666,0.003716046664,-0.02115136438,0.008498189172,0.008037098455
2.196065111,-0.001638443786,0.004827062496,-0.009547660322,-0.01677560789,0.001268543592,-0.02166930753,0.01005027866,0.009010577808
2.268987118,-0.0008741268459,0.006572471591,-0.005990146312,-0.01549989509,0.00213589175,-0.02341351533,0.008288818019,0.009301064007
2.292834063,0.001754495231,0.008304417257,-0.003768469986,-0.01131078588,0.001194673972,-0.02043002505,0.01268817197,0.009231263747
2.201953253,0.008689299674,0.01575796599,-0.002122804886,-0.009502003429,0.002165637502,-0.01971384203,0.0124122335,0.01012266016
2.265541254,0.00840557064,0.01664680214,-0.006013088644,-0.01470849263,0.004574517492,-0.02117845182,0.009964954505,0.009113871921
2.275903106,0.008362385918,0.01375999085,-0.004383569837,-0.01645815668,0.00210708087,-0.02251918082,0.01161788093,0.008368243078
2.228263989,0.006853952821,0.01777383927,-0.0007649357963,-0.01337752371,0.004985590738,-0.02074113375,0.008363885861,0.008598388307
2.25121588,0.007910059242,0.01608873654,-0.001739255654,-0.008903616394,0.002838077205,-0.02151908431,0.01131978407,0.009549941443
2.198602749,0.004754055529,0.01434678011,-0.003497158709,-0.0126808774,0.001670461635,-0.02043492008,0.009383671555,0.007962935416
2.27328415,0.004001829514,0.01117494945,-0.006880038805,-0.0153915914,0.00138623603,-0.02240276859,0.01121078704,0.008316797325
2.193553669,0.004395730915,0.008673426247,-0.004601254321,-0.01778201364,0.001322495487,-0.02199946563,0.01025453437,0.008461937655
2.241388576,0.004046834528,0.01345394284,-0.001108156378,-0.01327684877,0.001900222684,-0.02304458545,0.01079373215,0.008212772774
2.246600328,0.00143951788,0.01166930504,-0.004373778792,-0.01312262268,0.000528894616,-0.02159510248,0.009601978705,0.009890775042
2.23651642,0.001807665446,0.009526915093,-0.008228371781,-0.01480550195,-0.0004645207339,-0.02313674988,0.009733723448,0.008423616308
2.249817387,-0.0001129354842,0.008712423403,-0.007238233254,-0.01653350993,0.0007146306046,-0.02349621911,0.00882498949,0.008558003611
2.185600334,-0.001889962542,0.007187741762,-0.004772962317,-0.01596868546,-0.001187928713,-0.02277363249,0.01035492925,0.007526279676
2.243083042,-0.002561560917,0.007935700455,-0.003370154015,-0.01518535973,-0.000502099674,-0.0217025973,0.00952658421,0.007697365845
2.248788344,-0.001425427698,0.006598007134,-0.006442168109,-0.01594317048,0.000877188315,-0.0230720483,0.009820494533,0.007365099751
2.284603109,-0.002702347741,0.003684875029,-0.008811891767,-0.01795465709,-0.0001964791961,-0.02156489247,0.009167920971,0.007199631109
2.1561619,-0.00376364619,0.004247144633,-0.007023712833,-0.01668822462,-0.0003476466082,-0.02425210709,0.008548730884,0.007535687788
2.300887833,-0.001289504964,0.006489249274,-0.003630007328,-0.01497256139,-8.859204975e-06,-0.02066558181,0.008741070797,0.007077417435
2.070202651,-0.002620420445,0.008046837934,-0.005797623681,-0.01661621563,0.001028159603,-0.0211560418,0.01074314894,0.008215814921
2.492062123,-0.002970289611,0.004834631171,-0.005686296428,-0.01746290278,-0.0003519376467,-0.02314963517,0.009473824492,0.006595363845
-2.053480221,-0.003416289479,0.004905039023,-0.006629807036,-0.01619684265,0.000492755958,-0.02348587394,0.009637910648,0.008322597031
-3.700152309,-0.003166711077,0.004897073779,-0.006496903498,-0.01487114395,-0.0004320577991,-0.02108743118,0.008825382962,0.007953639311
-3.17919066,-0.00383042762,0.006154204883,-0.005929673103,-0.01538879072,0.0003946965746,-0.02397953874,0.009538920514,0.007474143872
-3.423321491,-0.002342925604,0.004653255917,-0.00622958394,-0.01672885166,-0.000282969631,-0.02280152414,0.009999721524,0.008325035002
-3.275483814,-0.003776978739,0.006044880271,-0.00645658446,-0.01768719905,0.0005033937345,-0.02379697392,0.009543135609,0.007116672793
-3.399589491,-0.003589650885,0.00713216167,-0.005848235814,-0.01787146228,-0.0002120577505,-0.0220483885,0.009592356561,0.008996669603
-3.233692275,-0.007512611783,0.0004845936444,-0.007446093608,-0.0161525899,-8.142958127e-05,-0.02369489741,0.008082837363,0.007008626416
-3.418248945,-0.01347231822,-0.005939775596,-0.008289763967,-0.01574021643,-0.003034929914,-0.02378893055,0.00931182843,0.005599510179
-3.23927034,-0.01278242378,-0.005015775571,-0.008435319095,-0.01693789721,-0.001970400642,-0.02481034774,0.01067747958,0.006865780101
-3.558249398,-0.01187586936,-0.004354025786,-0.009922341256,-0.01827584906,-0.0008253594875,-0.02441397384,0.007175030244,0.007870370648
-3.015394326,-0.01158271728,-0.003234989438,-0.009117855168,-0.01701487882,-0.0009876831058,-0.02306364153,0.008630239451,0.00745388215
-3.894281905,-0.01080296582,-0.002674037926,-0.008893545368,-0.01590038469,-0.002675715385,-0.02424658825,0.007634081569,0.006986711023
0.188201949,-0.009440989694,-0.001411415249,-0.009056531003,-0.01503319399,-8.31850443e-05,-0.02479730941,0.01020379367,0.008325106291
2.481632051,-0.007679363121,0.001196340883,-0.008960400448,-0.01760461898,-0.0001956195017,-0.02367758592,0.008801652304,0.007039031646
2.456561455,-0.007570597252,0.0001955540203,-0.008801575361,-0.01690806361,-0.001629361673,-0.02347123604,0.009228877249,0.006901099531
-1.041278113,-0.007334427519,0.00091094137,-0.007898034446,-0.01554782793,-0.000402102816,-0.02303979501,0.009601478003,0.009153889032
-3.836089788,-0.006326453575,0.00137159601,-0.005894399093,-0.01499598571,-0.001211590798,-0.02362311962,0.01018414892,0.008287585765
-3.021524248,-0.005187006284,0.002214166824,-0.008419991325,-0.01532104017,-0.0001317043933,-0.02267906504,0.01020018901,0.00886795841
-3.530565019,-0.004197402402,0.004484313346,-0.00688549378,-0.01470976341,0.0004411188402,-0.02333891625,0.00949576525,0.008615902015
-3.243020604,-0.003095260839,0.006559549211,-0.006959563395,-0.01414266925,0.001447478938,-0.02240485151,0.009766490319,0.007611598169
-3.39302845,-0.002607094488,0.005365656191,-0.006139082192,-0.01368502083,0.001418467811,-0.02208790201,0.008928890999,0.007402405607
-3.297717899,-0.001963516883,0.004967002983,-0.006175563735,-0.01562563765,0.001524139674,-0.02118747594,0.009793506656,0.008521016746
-3.355141436,-0.001450092332,0.005304342508,-0.006189060921,-0.01418274079,0.002172979786,-0.02169816802,0.01082838645,0.008357623802
-3.334609271,-0.001644001702,0.006377555586,-0.006478239135,-0.01388371908,0.001267328833,-0.02201707946,0.01139469098,0.008117370282
-3.321305182,-0.001484161208,0.005823496294,-0.005635477871,-0.0141223237,0.0009933798275,-0.02275747566,0.009439069246,0.009983416239
-3.348288626,-0.001355868403,0.005711791606,-0.004702440572,-0.01344985071,0.001273299389,-0.02131639567,0.01030972444,0.007539209672
-3.299634749,-0.002388789461,0.006633087904,-0.006513824195,-0.01409059143,0.001261353359,-0.02224736327,0.01191553796,0.00873782323
-3.367862846,-0.002835742718,0.007031058136,-0.004171600382,-0.01480322448,0.00188296903,-0.02257532954,0.009485025657,0.008823908935
-3.314656339,-0.002498140943,0.006313799744,-0.005760031786,-0.01505489719,0.001353631275,-0.02179609011,0.0109163062,0.008866770039
-3.338323503,-0.0009791238107,0.007127042619,-0.006822968538,-0.0150119402,0.0007630736972,-0.02115184774,0.01125828981,0.008528773761
-3.346271469,-0.001073422664,0.005422696684,-0.005083039923,-0.01437275471,0.002110861101,-0.02321826528,0.009407663469,0.007673775541
-3.370875629,0.0001759794588,0.005926837814,-0.007203749226,-0.01405108354,0.0006227884458,-0.02332623802,0.009858574919,0.008792793547
-3.319823503,-0.001456237701,0.00671588825,-0.006788938784,-0.01386822878,0.002304060474,-0.02108029918,0.01072212938,0.007521026011
-3.347967677,0.006350681956,0.01459820603,-0.00396604638,-0.01188078896,0.0043519972,-0.02054921143,0.01279700135,0.00909013954
-3.265331197,0.008737678285,0.0169554765,-0.00375951697,-0.01208955138,0.003928942796,-0.02026270449,0.01159400664,0.01100964849
-3.307612926,0.007293618954,0.01613127037,-0.002781867535,-0.01463107911,0.003514400334,-0.02122329995,0.009313226484,0.009858927244
-3.254177212,0.008482376722,0.01555779498,-0.003032203449,-0.01279275898,0.002461712141,-0.02135893446,0.01257829916,0.009031306122
-3.376813808,0.005835019665,0.01562543053,-0.002909089406,-0.01137338213,0.003909866851,-0.02010985031,0.01037180972,0.008581796026
-3.218886979,0.007535363773,0.01482336132,-0.003030814916,-0.01221990351,0.003841671438,-0.02277066263,0.009714840131,0.008887946921
-3.465652729,0.003350795781,0.01176754188,-0.006084216262,-0.01515222193,0.001650616813,-0.0219148983,0.01047638971,0.008656567479
-3.094308202,0.003650689623,0.01235354973,-0.004103124744,-0.01424799745,0.002828432131,-0.02293865994,0.01117961214,0.007384850695
-3.847088586,0.004405936961,0.01152532441,-0.004358619091,-0.01560073942,0.001740499656,-0.02146316971,0.0105750882,0.009035283641
-0.8443369651,0.001589687647,0.01240800393,-0.005802045288,-0.01546639746,0.001730580555,-0.0219909945,0.009180293846,0.007197979301
2.627284292,0.001731257714,0.01111411583,-0.00514339295,-0.01434822751,0.001768809584,-0.02214154868,0.01150347217,0.0072224853
2.140114986,0.001559705246,0.007901580022,-0.005539240608,-0.01585847709,0.0004145535857,-0.02263476662,0.009666283358,0.008521239613
2.2515343,-0.001725694974,0.00877241977,-0.006803698669,-0.01646548389,0.0007903305989,-0.02167006563,0.008669445413,0.007452259148
2.561754614,-0.00107523268,0.004587929387,-0.005504375477,-0.0150808793,0.000752446074,-0.0217513157,0.01020708411,0.007728939111
0.4625541558,-0.002617252948,0.006906081544,-0.005627899712,-0.01600485636,-0.0005709732176,-0.02357456564,0.00988645675,0.006234278079
-3.821598969,-0.001138296217,0.006676662012,-0.007449132086,-0.01583102985,0.000363718091,-0.02248771203,0.00990549189,0.007783600881
-3.034677241,-0.004936552851,0.003616262327,-0.006283778793,-0.01742722321,0.0003170097318,-0.02210648002,0.008486099467,0.007065923458
-3.562024291,-0.002858780385,0.00629743781,-0.00631224266,-0.01485428886,0.0007970423648,-0.0230714391,0.009134234497,0.007416723352
-3.065614513,-0.00225958228,0.004375080355,-0.006252506216,-0.01609912104,-0.0001642268196,-0.0223516811,0.009983962118,0.007195197497
-3.759548768,-0.002294973034,0.004911945482,-0.006110336057,-0.01666952014,0.0008492663019,-0.02292455713,0.00727218657,0.007314508728
0.7317294271,-0.002738249298,0.005084430502,-0.00640199395,-0.01516919669,-0.0008880267479,-0.02212814396,0.009108921147,0.00758143272
2.622953913,-0.002776206934,0.005781420732,-0.006413635311,-0.01577235062,0.0004200437556,-0.02269080333,0.00911973327,0.007537418536
2.099646398,-0.001698804556,0.00625279456,-0.005428586668,-0.01427134057,-1.032627368e-05,-0.0221853828,0.00875506986,0.008390557972
2.380091872,-0.001977713942,0.005080915005,-0.006100443628,-0.01482593842,-0.001092913369,-0.02182316954,0.01007367537,0.007453409638
1.977009976,-0.003763908993,0.006512288605,-0.006816816059,-0.01594145528,0.0007600884864,-0.02242287966,0.00910073045,0.007111161671
-2.702934934,-0.003988036096,0.004378606248,-0.006267894999,-0.01653590184,0.0005977786437,-0.02320343753,0.009570298066,0.008791941055
-3.515805579,-0.004704477003,0.003830582678,-0.006460855363,-0.01671886404,-0.0002327448284,-0.02172083099,0.009970196431,0.007614993041
-3.233374284,-0.01246456787,-0.004297086037,-0.009662049764,-0.01824680357,-0.00158494209,-0.02333767075,0.00891491647,0.006110697887
-3.402600968,-0.01241052208,-0.004992806552,-0.009218141438,-0.01883263702,-0.002502135472,-0.02251987838,0.008087996414,0.0060614787
-3.23237827,-0.01188110895,-0.003676630748,-0.009022594463,-0.01690961277,-0.001520638621,-0.02356850882,0.007974272998,0.006241393922
-3.439245666,-0.01134356428,-0.002225350054,-0.008343556117,-0.01594454214,-0.001533425718,-0.02359234245,0.01008943413,0.008648332556
-3.128442445,-0.01175013254,-0.003490449284,-0.008952983445,-0.01714651183,-0.001926244871,-0.02324510839,0.008375177987,0.00800768435
-3.724173968,-0.01047946206,-0.002798790345,-0.00898233277,-0.01640669864,-7.26973696e-05,-0.02310593839,0.007979360591,0.00769424148
-1.765275661,-0.006929333889,-0.0004591222665,-0.006899741652,-0.01502067378,-0.001004025347,-0.02413581001,0.009952911552,0.007801339458
2.578566578,-0.008046337473,0.0008331786782,-0.008005409232,-0.01523709936,-0.0004235922736,-0.02223066276,0.009923806208,0.008467389418
2.118300831,-0.007338856193,-0.001387581941,-0.008405521354,-0.01497492193,-8.031341018e-05,-0.02389278211,0.007865877726,0.007917965938
2.321463206,-0.007620739645,0.0004645341377,-0.008047135613,-0.01550777034,0.0001849151831,-0.0231073457,0.01098997842,0.008626657871
2.212777868,-0.00472029851,0.003342833589,-0.008190411815,-0.01503240442,0.001704190805,-0.02258501413,0.008504055488,0.008218783974
2.274555896,-0.003792747145,0.002571789207,-0.007219127955,-0.01410888436,0.0008778230797,-0.02110317914,0.009699436793,0.007832127514
2.184723828,-0.00332629117,0.004941209193,-0.00683322189,-0.01531792215,-9.1432425e-06,-0.0228933365,0.00969936227,0.008279331504
2.297194303,-0.002077753206,0.005482250517,-0.006048038208,-0.01460978886,0.0003120230975,-0.02230394851,0.009637302873,0.008754391909
2.257325473,-0.003492960446,0.005271388054,-0.006312657019,-0.01594396708,0.001634549515,-0.02306685572,0.009931895311,0.007850450708
2.315406811,-0.001578021281,0.006557584141,-0.006968270024,-0.01515400858,0.001127955942,-0.02272881,0.009719241351,0.009577278613
2.251744603,-0.001084741099,0.005488037076,-0.006100001253,-0.01351887202,0.001918739505,-0.02206728188,0.01019212917,0.008546636758
2.248951174,-0.001996176032,0.005527973879,-0.006105562436,-0.01433952741,0.002090506038,-0.0221502953,0.009380736722,0.008548769677
2.281292266,-0.001257765714,0.006025532571,-0.005799539982,-0.01342509089,0.0009729048019,-0.02092909498,0.008424506346,0.008854498418
2.245100174,-0.00147761909,0.00512939778,-0.006726545105,-0.01544298954,0.001743611155,-0.02115012278,0.008795594174,0.008946627872
2.203252012,-0.00116480606,0.008025255092,-0.00563912782,-0.01501488872,0.001483430004,-0.0229466858,0.01039977838,0.00783168175
2.260124252,-0.001248536693,0.006452127449,-0.004988829431,-0.01462887316,0.0009739915324,-0.02315664872,0.01114857742,0.008457145819
2.246490795,-0.001118494879,0.006140409706,-0.006654356028,-0.01515520639,0.001658708407,-0.02135742779,0.009099959047,0.008682037231
2.246502311,-0.001780296681,0.005478258611,-0.006253903673,-0.01456990305,0.001449253728,-0.02250293794,0.009523767106,0.009637786225
2.267748478,-0.0007270266259,0.007608695728,-0.005448392744,-0.01261825393,0.0009064643791,-0.02182132505,0.01047962887,0.007975806467
2.297740468,-0.00124795659,0.005272777209,-0.00620560213,-0.01539766143,0.0006759234355,-0.02180064123,0.009497440491,0.008760765137
2.298575429,0.00237866119,0.01134290691,-0.004343444826,-0.01357242293,0.0029095608,-0.02027134333,0.00945653446,0.00948433025
2.268270456,0.009514391875,0.01587840969,-0.003324927731,-0.01311606126,0.004405789867,-0.0203641073,0.01149042142,0.009207338684
2.277015178,0.009098271215,0.01465763564,-0.003763231491,-0.01311464008,0.003494844364,-0.02097205717,0.01194012823,0.0115610881
2.277564686,0.007375075422,0.01533777107,-0.002045180168,-0.01214905443,0.002375791319,-0.02038400687,0.009686909226,0.009076834219
2.326302818,0.007238011202,0.01450036536,-0.003244684415,-0.01336554807,0.003317713873,-0.0222078822,0.01086902328,0.009434465914
2.28040091,0.007663502544,0.01501524635,-0.003591429261,-0.01370733994,0.003110019246,-0.02047753429,0.01121317921,0.009846372437
2.241132615,0.003833383215,0.01250997754,-0.002965245385,-0.0135695704,0.001624904435,-0.02211047311,0.01084640691,0.01012135943
2.265604553,0.002755424325,0.01238298301,-0.004118194038,-0.01430002851,0.001792314122,-0.02100893638,0.01081069688,0.008070580507
2.234698909,0.003392458917,0.01166402195,-0.003877206908,-0.01485874019,0.001359534704,-0.02147377798,0.009700186955,0.008349279505
2.268146401,0.004797937118,0.01116754978,-0.004621934549,-0.01184141636,0.001976904158,-0.02226336151,0.008573187509,0.007071978556
2.267952856,0.00201631384,0.01033267575,-0.004418258502,-0.01486394,0.001786876054,-0.02163181113,0.01003494549,0.008134005771
2.247165701,0.00115152504,0.008751214032,-0.004997382689,-0.01523466292,0.0008584083524,-0.02275889533,0.009436816777,0.008960789505
2.256009572,-0.001039358532,0.007970395312,-0.005404721241,-0.01644432294,-0.0004479318229,-0.02248923749,0.009919813202,0.007131514397
2.300949339,-0.00113941928,0.007396766136,-0.005407158033,-0.01524861674,-0.0003498213769,-0.02351950185,0.008068396657,0.007582646939
2.210626184,-0.001739498921,0.007294387565,-0.005364961156,-0.01576524778,0.001095121782,-0.02292479997,0.01050314431,0.007744600088
2.261050725,-0.001612730553,0.005738077548,-0.005302651742,-0.01591871403,-0.0003356160656,-0.02160456901,0.008889405573,0.007595494195
2.274836406,-0.003018301197,0.007295540932,-0.005677868324,-0.01615552083,-0.0004966998155,-0.02176988261,0.00848389642,0.007967284463
2.252762969,-0.00347733891,0.003905244018,-0.007478140614,-0.01659695051,-0.001055507663,-0.02323180446,0.009284926616,0.006413063707
2.282541839,-0.003407248488,0.006294916458,-0.006355090391,-0.01541902782,0.0001352342037,-0.02336059503,0.009431190913,0.00847226406
2.285253916,-0.003594664358,0.005804227375,-0.006862374474,-0.01753327474,-0.000319831062,-0.02191291581,0.01005262223,0.005732016617
2.25040156,-0.002394795849,0.004777102699,-0.005531951893,-0.0156826832,-0.0008854171801,-0.02177655652,0.009055638927,0.00710705855
2.215394788,-0.003148530617,0.005195140603,-0.007557257258,-0.01539412093,0.0007457164541,-0.02270065536,0.009390265846,0.006985595869
2.289139695,-0.001946970847,0.004421084761,-0.006395002042,-0.01503201041,-0.0008706016884,-0.02182614504,0.008767582903,0.006643920127
2.231785571,-0.003909887897,0.004548945289,-0.007410120372,-0.01724927527,-0.0003199535071,-0.02347929963,0.009846527331,0.007621275977
2.316041683,-0.003469065847,0.00714104331,-0.005843758185,-0.01731922707,-0.0002205381191,-0.02218774186,0.009019855251,0.007458672379
2.27019292,-0.004027323848,0.002624716477,-0.006306916235,-0.01616363459,-0.0003736063078,-0.02371630722,0.009899846689,0.008076348035
2.243431893,-0.002699820311,0.007162048499,-0.006147088221,-0.01638604622,-0.0004625077383,-0.02324259219,0.008931307538,0.00730913645
2.241915955,-0.009491069043,-0.001932938755,-0.009065207064,-0.01670664914,-0.0009374076598,-0.02300828406,0.008778678965,0.006971927684
2.243914662,-0.01333201885,-0.004361100508,-0.009832663419,-0.01706900424,-0.001386414603,-0.02471880269,0.008302187721,0.007652144567
2.251747514,-0.01069440173,-0.002575083548,-0.009082349079,-0.01725474631,-0.002070987366,-0.0235788968,0.007011813207,0.007354588157
2.217419048,-0.01274743422,-0.00399691879,-0.009948219214,-0.01780060363,-0.002097953726,-0.02371071004,0.009029475696,0.009038708217
2.214322434,-0.01131419347,-0.001375560287,-0.008147245531,-0.01653173251,-0.001359332904,-0.02278721059,0.008118415124,0.007601862054
2.275602041,-0.009693440174,-0.002752712778,-0.008353468188,-0.01739223801,-0.001862346083,-0.02204412628,0.009441699951,0.007818907781
2.224814901,-0.009364034252,-0.0001870198266,-0.009274450689,-0.01746683218,-0.0005750273787,-0.0222170954,0.009813091746,0.008022386107
2.220210916,-0.00645830227,-0.0005891141996,-0.007923621499,-0.01371699334,-0.000198658843,-0.02354275374,0.008016434476,0.008577908489
2.270641763,-0.008548537748,-1.420682124e-05,-0.008265938563,-0.0159935912,-0.0001035375137,-0.02307941159,0.009926721573,0.008757375934
2.250980943,-0.006533866001,0.000620360142,-0.007703329895,-0.01617812104,0.0008848674483,-0.02396352259,0.009928539319,0.008224379092
2.243624528,-0.007299474716,0.002118652237,-0.007407582979,-0.01559232162,0.001288506543,-0.02285350784,0.009890572497,0.007299990502
2.245833045,-0.005088563867,0.002451587385,-0.006666083371,-0.01335807951,0.001118870263,-0.02166194132,0.00973453582,0.008702765542
2.239823367,-0.003819475431,0.003952298636,-0.007752805702,-0.01370413144,0.001310615392,-0.0213991083,0.01111696545,0.007781774229
2.232152671,-0.00310957785,0.004168673491,-0.006344288909,-0.01469027264,7.503546323e-05,-0.02112262807,0.009350291706,0.007549034958
2.17907537,-0.001722887894,0.005047890716,-0.007112711928,-0.01530991168,0.0006740735761,-0.02267650303,0.009788073389,0.01009383709
2.304980782,-0.00215633079,0.005590695301,-0.007204293772,-0.01508437124,0.0009508028906,-0.02379216375,0.01023063749,0.007874213848
2.093637309,-0.0005028898615,0.006802371371,-0.00603980019,-0.01463851502,0.001776128431,-0.02275697541,0.01021845109,0.009635514845
2.402407914,-0.001834154743,0.005848102829,-0.005678310148,-0.01473630281,0.001403668733,-0.02106780057,0.009707064801,0.007808625922
1.982223818,-0.00148777876,0.00721930054,-0.007047496103,-0.01473049326,0.001728692432,-0.02201298956,0.01198673874,0.009693730304
2.701376153,-0.002171181992,0.004082984349,-0.007234196015,-0.01397536701,0.003154721159,-0.02316282354,0.01009476023,0.008590910788
-0.8329514814,-0.0009879178004,0.006397143731,-0.005257343346,-0.0141500669,0.001003081836,-0.0224740799,0.009937611637,0.008066523369
-3.846244624,-0.00172621358,0.007386092268,-0.005466350882,-0.01494277417,0.002335614277,-0.0211386829,0.01107619061,0.007566533372
-3.124079521,-0.002338924728,0.006264369146,-0.005224969074,-0.01343749954,0.001324750163,-0.02232280364,0.01012945744,0.008307917354
-3.473432116,-0.001953110292,0.007246373728,-0.006679008324,-0.01446575502,0.001544350522,-0.02216691851,0.008984024158,0.007854160914
-3.246071359,-0.001081203104,0.009023519516,-0.006855240257,-0.01369625406,0.00223489499,-0.02103465574,0.01086675233,0.008920969214
-3.384293752,-0.001551939012,0.005554792668,-0.006320682476,-0.01428953035,0.001860728726,-0.0230557993,0.01045260939,0.008014412656
-3.24230702,0.002434114337,0.009935352115,-0.002840569179,-0.0140790665,0.002183166251,-0.02104097672,0.01118895453,0.008975895153
-3.41257179,0.009578911268,0.01650559262,-0.002619281742,-0.01268375068,0.003938724566,-0.02105292507,0.01126504192,0.009998145183
-3.207030785,0.008042225853,0.01661013316,-0.004209402142,-0.01300628418,0.00401842812,-0.0217560275,0.01061970355,0.009551684535
-3.551601812,0.008080359645,0.01682510888,-0.00393396066,-0.01288502549,0.00411685641,-0.02220961115,0.01152173771,0.009665856168
-3.011612894,0.006761718207,0.01388003625,-0.003246322752,-0.01270455556,0.003935723182,-0.02175665744,0.00948593259,0.009985979809
-3.879380759,0.008061536916,0.01435451483,-0.002101684954,-0.01209558483,0.002240961685,-0.01993813854,0.01068114371,0.008632155513
-0.6508447671,0.006446828167,0.01390261898,-0.004966475598,-0.01346614965,0.001823637313,-0.02070187752,0.009985867848,0.008918132033
2.538729117,0.003287598239,0.01153528572,-0.005745388097,-0.01481037457,0.003640292773,-0.02200354525,0.008628887222,0.007393509431
2.440949273,0.004373277066,0.01335318948,-0.006337420717,-0.01503366004,0.001514423723,-0.02290335259,0.009240573758,0.009025843667
-0.5247096915,0.003521319704,0.01216020806,-0.004616107925,-0.01399890681,0.002676651923,-0.02280949113,0.01131431107,0.008767000309
-3.851439324,0.00224974403,0.01074243176,-0.004295471672,-0.01460666832,0.0005813503647,-0.0213786723,0.0116289768,0.008662360776
-3.066430091,0.001642074447,0.01026064671,-0.006390868529,-0.01328462686,0.001028850654,-0.02132624407,0.008911955924,0.008259322777
-3.531526327,-8.141437254e-05,0.009301198729,-0.006303990178,-0.01510115695,0.000378737454,-0.02350389817,0.01048656074,0.007442838734
-3.210458372,-0.001601175317,0.007448058401,-0.005825560962,-0.01657923956,0.0005755224521,-0.02247744004,0.01107871861,0.008056114705
-3.466917504,-0.001303569556,0.007205901393,-0.00535580946,-0.01600098329,-0.0005810006233,-0.02187665288,0.009421247578,0.007161335812
-3.286995222,-0.002788935559,0.007022053352,-0.005985735141,-0.01522726569,9.018983851e-05,-0.02240889676,0.009371257865,0.007720187429
-3.364082642,-0.00267369762,0.006306646438,-0.00723078448,-0.01697787127,0.0006182557385,-0.02247889556,0.01058615647,0.007431901195
-3.336491974,-0.004601383746,0.004135386024,-0.007306377993,-0.01604761617,4.613059953e-05,-0.02327806583,0.009383763487,0.007073111946
-3.308984329,-0.002696021631,0.005618407595,-0.006071276391,-0.01708172163,0.0004537980548,-0.02357727965,0.008057902374,0.007093125555
-3.313228281,-0.002388602543,0.005460448984,-0.005193688829,-0.01566937289,3.9918466e-05,-0.02286002396,0.008872306585,0.008298391214
-3.329362528,-0.002556480446,0.005914816396,-0.007021479817,-0.01525001598,-0.0004772235215,-0.02243866974,0.009810635325,0.00784095309
-3.368303748,-0.003313452813,0.006765462956,-0.005732708862,-0.01637609393,0.0002892434713,-0.02258786598,0.008166986269,0.007643489931
-3.33611524,-0.003172664977,0.005701186543,-0.006152206532,-0.01506866744,-0.0001185220951,-0.02325978066,0.009164782393,0.006655747078
-3.325747741,-0.003660124953,0.004134450641,-0.007097836891,-0.01561433302,6.021236033e-05,-0.02270423285,0.01048904285,0.007758120136
-3.342539676,-0.002457436941,0.005433347943,-0.005786663528,-0.01502412989,0.0001719855199,-0.02189308326,0.008559665576,0.008076813892
-3.348861905,-0.003195461051,0.003729506356,-0.006423642639,-0.01562073223,0.0004154061789,-0.02201938096,0.009095869042,0.006882813224
-3.349994242,-0.002220694755,0.004815986897,-0.006247739584,-0.01667960704,0.0002724999237,-0.02282785652,0.01066550091,0.008204247183
-3.334937881,-0.006739166859,0.002153971566,-0.009008599349,-0.0167483396,-0.001086922823,-0.02343951839,0.008321927659,0.007648175333
-3.320793093,-0.0133670838,-0.005085054429,-0.009063398016,-0.0165868347,-0.002503066215,-0.02324009993,0.007725821124,0.006528573602
-3.356088519,-0.01131106259,-0.00452277647,-0.009712587748,-0.01661169145,-0.00189816356,-0.0226053369,0.00677258515,0.006028704479
-3.290154551,-0.0111342621,-0.003351028605,-0.008290943451,-0.01642022774,-0.001790993278,-0.02342133071,0.008281110415,0.006667126463
-3.388930341,-0.01123339263,-0.003912310937,-0.008837039887,-0.01816947468,-0.001264767965,-0.02487005582,0.009636205019,0.007064401905
-3.335276974,-0.01078186658,-0.003564241307,-0.008970469231,-0.01699424866,-0.001813137877,-0.02296718122,0.007719141333,0.007477442601
-3.442127567,-0.009276725081,-0.003078810769,-0.009011487296,-0.0174481886,-0.0006925278993,-0.02246438841,0.009202020445,0.007548611912
-3.147296501,-0.00693900873,0.00122038968,-0.007755677222,-0.01620496059,-0.0003526904182,-0.02231001539,0.01033300825,0.008440573703
-3.691606217,-0.00892650005,-0.001137799126,-0.007581263887,-0.01647525118,5.36545207e-05,-0.02273556417,0.008619178685,0.008658711379
-2.038252336,-0.007837851196,-0.001869440696,-0.008398552703,-0.01689111803,0.0004612703445,-0.02233195561,0.009539984306,0.009292504636
2.470748159,-0.006459617464,0.0006708203513,-0.007594292279,-0.01543999502,0.001116028163,-0.02375993594,0.01088375996,0.007643056055
2.191113664,-0.004886939185,0.003792156747,-0.007590703365,-0.01517769586,0.0003127090662,-0.02273523543,0.009174028514,0.008709169767
2.185981978,-0.004870220388,0.003305397072,-0.007501746716,-0.01455215956,0.0006964111528,-0.02143857059,0.009968104673,0.008579950206
2.405617356,-0.003983423327,0.004488641124,-0.006468130785,-0.01584028342,0.00112715689,-0.02236322345,0.009633118056,0.007589518064
1.509263491,-0.002480703447,0.004112494251,-0.006110743752,-0.01385465133,0.002591821455,-0.02377764428,0.01025277498,0.00903873902
-3.460581939,-0.001420374914,0.004983585183,-0.005535950312,-0.01381748165,0.002264444268,-0.02272322429,0.009323688181,0.009185935316
-3.165230747,-0.0001355875358,0.005131659051,-0.005926154752,-0.01286031888,0.001345554465,-0.02213293564,0.009613895631,0.008906061922
-3.53216304,-0.0007525085808,0.00689520841,-0.006775861217,-0.01423279891,0.001995786143,-0.02165463387,0.008647561314,0.009470683017
-3.021728574,-0.001429273078,0.006047667937,-0.006205940685,-0.01479095296,0.000444964292,-0.02166989253,0.009602407275,0.008704673644
-3.875599377,-0.001344197967,0.005600189442,-0.005340898253,-0.01342708438,0.0004609179865,-0.02142677318,0.009556496429,0.008315501491
-0.6550994189,-0.0007497177628,0.005590064142,-0.006462364969,-0.01434841895,0.000330903072,-0.02208726272,0.01025061397,0.009199943452
2.66376992,-0.001418060455,0.004422547361,-0.007249994084,-0.01414577756,0.001472773219,-0.02276197901,0.01212899792,0.008580051326
2.166497875,-0.001550013588,0.005734481239,-0.006728029647,-0.01399177449,0.0004902455652,-0.02342508731,0.009736310684,0.009655391041
2.203539889,-0.0006014560641,0.007107314542,-0.006512660713,-0.0132636636,0.001420238224,-0.02367133262,0.009785936953,0.008630151915
2.551824518,-0.001426047591,0.005779567343,-0.004981502337,-0.01427955767,0.001088406614,-0.02102370135,0.01213390478,0.008486286303
-1.58582736,-0.001214355552,0.006505231781,-0.005538771604,-0.01453895853,0.001945043913,-0.0210031468,0.009799262518,0.00779949879
-3.717627673,-0.001489277065,0.007591780544,-0.005642436204,-0.01503678692,0.0006966818017,-0.02114462018,0.01044575772,0.009015910899
-3.093164512,0.00615971514,0.01323172422,-0.003780816829,-0.01384590697,0.004004458366,-0.02084976456,0.01145907888,0.008674776945
-3.42933299,0.008356742281,0.01753181698,-0.002573576389,-0.01270859802,0.003850547339,-0.02048265376,0.01143634477,0.01031142667
-3.191158029,0.009016888517,0.01466841511,-0.002388558874,-0.01137019309,0.002873757616,-0.02220980529,0.01019759233,0.008996933394
-3.364018818,0.007107043003,0.01491858262,-0.004489975878,-0.01326573556,0.003350673029,-0.02046616449,0.0120351325,0.009826362637
-3.275235561,0.007394985431,0.01509050571,-0.003706317802,-0.01385039953,0.002305432755,-0.02202368884,0.01155865836,0.00928024423
-3.346694364,0.006785334661,0.01491304005,-0.00309572291,-0.01401942642,0.003204920908,-0.02226529853,0.009615400359,0.00949029499
-2.858560022,0.003819464037,0.01232138121,-0.003487847976,-0.0139051572,0.001846218436,-0.0207855874,0.0109023603,0.008481703386
1.990650122,0.003331948362,0.01082068713,-0.003991575697,-0.01383822151,0.00193577601,-0.02057124136,0.009545769978,0.008820514674
2.397782564,0.004739715903,0.01136612329,-0.004728150722,-0.01263829137,0.003021047559,-0.02138336289,0.01026611847,0.008554370322
2.233919959,0.004083315208,0.01072199249,-0.00358301349,-0.01446454036,0.002218907461,-0.02122930767,0.009348304861,0.007909717926
2.272469513,0.003038796592,0.01113174777,-0.005044005995,-0.01553880933,0.002041666356,-0.02198703215,0.01075378455,0.008955461799
2.241434902,-4.437010023e-05,0.008577230769,-0.005391532735,-0.01573395857,0.001052525869,-0.02233912211,0.01022974822,0.008162319666
2.276253028,-0.002180122213,0.008774005537,-0.006420620786,-0.0161609533,-0.0004551528592,-0.0238207202,0.00936616179,0.007365729679
2.261385059,-0.001491509481,0.005866067812,-0.005717049017,-0.01648816917,0.0007203587299,-0.022685108,0.01047074402,0.00788182365
2.266364386,-0.0008962691246,0.006482872903,-0.005003035333,-0.01399339634,0.0001217121439,-0.02159915514,0.008729103028,0.006695392978
2.249768751,-0.00247097785,0.005339375619,-0.004947906175,-0.01561725055,0.0003622495486,-0.02211100523,0.00959736406,0.007806682738
2.28121582,-0.003821472531,0.004600541429,-0.007685722641,-0.01674287281,-0.0003917735452,-0.02199863039,0.00829596885,0.006747017542
2.237444667,-0.002943072695,0.006281281612,-0.00565768321,-0.01577215844,0.0007389600052,-0.02289762888,0.007709851251,0.007553665633
2.293774663,-0.002840482495,0.00539085737,-0.004161226706,-0.0161864893,-0.0004963033823,-0.02203708838,0.009058474592,0.007740003314
2.282468219,-0.00245291153,0.004314821949,-0.005339029938,-0.0157074333,-0.0002950687748,-0.02310947543,0.0108055663,0.007983049072
2.231051287,-0.002382847814,0.004283741347,-0.006519410312,-0.01573739575,-0.0001806197323,-0.02424052277,0.00841230371,0.007095975238
2.233378085,-0.003693806868,0.008618552488,-0.006368696934,-0.01601644183,-0.0005019005958,-0.02196290389,0.009718758219,0.009341329332
2.232336396,-0.003401864722,0.003309295816,-0.005882365729,-0.01631492554,-5.405442114e-05,-0.02350771334,0.008985987241,0.008884110235
2.257664121,-0.003981510617,0.002505330692,-0.005327667911,-0.01496285468,0.0002602811712,-0.02184939418,0.01142961441,0.007362469493
2.238744148,-0.003692710826,0.00191789483,-0.01013478609,-0.01680441461,-0.002244966997,-0.02261537078,0.006276011325,0.006237431585
2.312715698,-0.003108194288,0.005647712735,-0.006199472471,-0.01631442041,0.003394093623,-0.02164585064,0.006862234793,0.008634620318
2.294006747,-0.005011504283,0.00539117647,-0.005732418288,-0.01433665992,-0.0002753142158,-0.02332479209,0.01646692377,0.006588204103
2.283616808,-0.0123699098,-0.004930762515,-0.008566873411,-0.01885857494,-0.002726900489,-0.02180269047,0.002571049346,0.007255246053
2.265090259,-0.01077805878,-0.003439182168,-0.01130424921,-0.01813773007,-0.001821879306,-0.0235593528,0.009533866718,0.006880974884
2.215944359,-0.01023037822,-0.006591421362,-0.009110321232,-0.01984066934,-0.002600197565,-0.02377497281,0.01273949592,0.008337883321
2.27598051,-0.01110820408,-0.001741004352,-0.0085895993,-0.0148894452,0.001253724891,-0.02381661613,0.005047233293,0.008258114421
2.265522644,-0.01178529815,-0.005489261707,-0.007466849124,-0.0141482345,-0.004470459858,-0.02215338967,0.0133305555,0.006072631446
2.283501743,-0.008809377707,-0.004070353734,-0.01163785644,-0.01768587532,0.0009705503827,-0.02493037798,0.00429956875,0.008517767645
2.300547082,-0.007530813482,-0.001701293859,-0.007488698448,-0.01812272642,-0.000150588403,-0.02276264339,0.01215988335,0.008925127668
2.326384321,-0.006229910367,0.0001540915299,-0.008648831578,-0.01440490412,-0.001934733209,-0.02484474154,0.009554342494,0.007979655312
2.314487921,-0.009016530125,0.00581350318,-0.005320151694,-0.01411713009,0.002017651411,-0.02113011812,0.006449358822,0.007790426093
2.227114369,-0.008376332842,-0.001803467029,-0.008852668847,-0.01839927957,-0.002505582075,-0.02294318179,0.01273361701,0.006533441783
2.299940874,-0.006425128829,0.001111546372,-0.007097318403,-0.01760799515,0.002671546052,-0.02234478317,0.006351652285,0.008955359765
2.279030192,-0.003542792176,8.408128244e-05,-0.006394974844,-0.01123263475,-0.002002219944,-0.02391451346,0.01220092184,0.007183099695
2.254263675,-0.00137507763,0.005543798278,-0.004110262858,-0.0138523232,0.001461506718,-0.02227135968,0.009626751468,0.0100866666
2.30256521,-0.002782958249,0.008877217887,-0.006520005634,-0.01406427594,0.002562188032,-0.02140722802,0.009314278095,0.009296512059
2.257925006,-0.00359570943,0.001815737909,-0.00797018253,-0.01888047173,-0.000415436017,-0.02157393887,0.009085852065,0.00796510728
2.221847064,-0.00180611621,0.007051994681,-0.008395359619,-0.01643780343,0.002288959207,-0.02349310102,0.009151566812,0.009044774392
2.249324837,-0.001117134478,0.003098309687,-0.00256774863,-0.00892667043,-0.0002255850444,-0.02170059069,0.0106008091,0.008004604854
2.217943328,-0.0008850456332,0.004668308829,-0.005265132996,-0.01100015824,0.001558754483,-0.02148319827,0.008968822127,0.009289072285
2.260987617,-0.0009023843513,0.007548780419,-0.005595833215,-0.01525877017,0.0004311105282,-0.02083089271,0.008874054472,0.007719294443
2.263963518,-0.00131088553,0.003170562974,-0.008185616706,-0.01634306298,0.002112010976,-0.02382533899,0.00828117439,0.009526675253
2.210402724,0.0005400934373,0.008441115557,-0.005201148605,-0.01578144246,0.001827414434,-0.02330715278,0.01443803441,0.01034531752
2.226970989,-0.001525474543,0.004499535735,-0.007687962955,-0.01203044113,0.0008429066524,-0.02204105975,0.01010548538,0.007893863177
2.186145519,-0.0002459822455,0.006088290019,-0.007770429658,-0.01294669684,0.002685782192,-0.01967909859,0.01089950464,0.008483003187
2.255373981,-0.001803141713,0.008228165664,-0.007334507417,-0.01389607722,0.0005162890184,-0.02383379281,0.009039476507,0.008264861381
2.291111108,-0.002326216029,0.004911360686,-0.00500850166,-0.01305715149,0.002839018049,-0.02413449374,0.007736353196,0.009198456765
2.228360012,-0.001945706548,0.00664845547,-0.005464165994,-0.01723506097,-0.0003954794934,-0.02163633884,0.01434443882,0.009496331925
2.26198134,0.003754479452,0.01072217417,-0.002249737955,-0.01158865689,0.002942505752,-0.01985136149,0.007214246626,0.00958071527
2.256805683,0.009469253741,0.01595880346,-0.005166835427,-0.01337832464,0.004662166112,-0.02028284039,0.0140041975,0.0083669358
2.221279013,0.006594335909,0.01707622736,-0.005454892861,-0.01318974041,0.00318523036,-0.02196419056,0.01092631625,0.008292105095
2.254573162,0.006186733934,0.01920777767,-0.002307021815,-0.0111832045,0.005069622916,-0.02100918039,0.007838502868,0.00917138371
2.281151882,0.006541084337,0.01442720523,-0.002906858213,-0.01350602788,0.0004655960777,-0.01940689501,0.01268943899,0.009262570464
2.234444536,0.006423220909,0.01823842269,-0.004185617984,-0.01228922013,0.002098681431,-0.01998475334,0.01053689736,0.008912042352
2.255564548,0.005142856939,0.00947588559,-0.003708679631,-0.01467579469,0.002027126787,-0.02361086777,0.01133030784,0.008851202798
2.274990539,0.003948717204,0.01239296262,-0.004415000711,-0.01330037352,0.001828513567,-0.02253335086,0.01119051662,0.00956934378
2.238735892,0.0029867211,0.01350403834,-0.004387283488,-0.01459708505,0.001943245586,-0.02234700231,0.008915693445,0.006891612663
2.282455638,0.002792513767,0.009525003707,-0.004767334203,-0.01370590219,0.00170183389,-0.01990539454,0.01017596765,0.009816442327
2.301894591,0.002663626898,0.01216867951,-0.005123785966,-0.01606317326,0.002425611292,-0.02347811257,0.009425328146,0.008366990113
2.224476471,0.001647790957,0.009440449487,-0.006401038718,-0.01711462797,0.001213178337,-0.02255094608,0.01017921334,0.007924212791
2.264870059,0.0003934638487,0.007373051102,-0.007000153121,-0.01706594485,0.0008599013636,-0.02310609719,0.009926549739,0.007060314602
2.267687436,-0.0007992871115,0.009042506523,-0.004950114851,-0.01375378366,0.0005127585662,-0.02236713002,0.007689292793,0.006949819349
2.227835968,-0.002620940948,0.00454154341,-0.007897220531,-0.01422334966,0.001545495278,-0.02259546582,0.009266131277,0.008474237031
2.270465918,-0.001857219532,0.00666439602,-0.006531727217,-0.01732083084,9.453233228e-05,-0.02358854946,0.01053765448,0.00867684306
2.133697496,-0.002689385017,0.004524829392,-0.005725763344,-0.01574012781,0.0005841988475,-0.02448417384,0.007177376765,0.006291226102
2.396730432,-0.004184684196,0.003683926396,-0.00671916061,-0.01766878752,-0.0008909816388,-0.02107136195,0.01223849483,0.007221601247
2.062505131,-0.002779387038,0.00700747443,-0.005760199143,-0.01480155309,0.0007419401431,-0.02275646619,0.009454112073,0.007747955394
2.680918902,-0.002708687075,0.00494963528,-0.007115275698,-0.01486889109,0.001937758711,-0.02289781316,0.008598823253,0.006986218615
-0.2914257937,-0.002271717594,0.005071961812,-0.005828181333,-0.01698649168,0.0001549289522,-0.02211932379,0.009814534184,0.007911975891
-3.758977255,-0.003345418527,0.004981275628,-0.005863136986,-0.0156866394,0.0004576118314,-0.02194419188,0.01005532251,0.007943864944
-3.102159219,-0.003135520829,0.002413539025,-0.00525765499,-0.01645456201,-0.001183869078,-0.02167246292,0.01168981625,0.008289136942
-3.487437794,-0.00175964103,0.008313893259,-0.006580763383,-0.01646199536,0.0002566981479,-0.02249461493,0.008481543935,0.007366637516
-3.265820637,-0.004401720699,0.004924566692,-0.007398973174,-0.01514169435,0.0002084887249,-0.02367890099,0.009558569646,0.006187084045
-3.35620567,-0.003880184644,0.005358968688,-0.007094655361,-0.01700597659,9.093732263e-05,-0.02389004603,0.009896444037,0.007070551061
-3.316856749,-0.003829825015,0.006283333143,-0.005783065033,-0.01591955221,0.001043827029,-0.02422005905,0.006722571752,0.007932313732
-3.369011806,-0.01013895618,-0.00330637108,-0.007717555638,-0.0168586009,-0.002710655505,-0.02345529849,0.01060217577,0.007510231098
-3.306138763,-0.01235964967,-0.004993304253,-0.009361830196,-0.01711731368,-0.002317891298,-0.0233162807,0.009006182652,0.005810237531
-3.408473488,-0.01171499823,-0.00412208898,-0.01000205113,-0.01690783267,-0.001395627794,-0.02388977546,0.007685200064,0.006152033571
-3.256287547,-0.01106243485,-0.004999436883,-0.01000967382,-0.01715157222,-0.001899504678,-0.02287815614,0.009041814925,0.00619232242
-3.504789604,-0.008951272089,-0.001803750964,-0.009550947482,-0.0176608801,-0.001104310885,-0.02423631369,0.007332147828,0.007516037313
-2.603751392,-0.01009769768,-0.002996529881,-0.009146185475,-0.0173102834,-0.0004795792539,-0.0234713881,0.009523692211,0.00817555613
1.917195704,-0.008109029739,0.0005327357326,-0.009541855548,-0.01589626123,-0.001220755999,-0.02299458874,0.009787029158,0.007959768576
2.478537095,-0.007369127346,0.0006797882726,-0.007860687772,-0.01613728837,-0.0009312730689,-0.02321067059,0.007472521251,0.007719813494
1.323733867,-0.008190628686,-0.001843050328,-0.009179995759,-0.01641348577,-0.0003966646659,-0.02336636272,0.01267487565,0.00828021014
-3.393895459,-0.008535229968,6.322040369e-05,-0.007821523113,-0.01465131575,0.001578195323,-0.02289018678,0.007897082052,0.008011034645
-3.206521595,-0.005394741784,0.001491545906,-0.00785530699,-0.01515285216,0.0002355754148,-0.02346936348,0.009061496322,0.008640330904
-3.426891315,-0.004386967371,0.002674389569,-0.007237780347,-0.01620005332,0.001488143782,-0.0225337909,0.01013997444,0.008391633594
-3.336016343,-0.002821685791,0.0051087182,-0.005907432563,-0.01466022704,0.0006245033826,-0.02317653531,0.009083423609,0.008192155651
-3.336289303,-0.003415970042,0.002968405178,-0.007283970698,-0.01578560388,0.0009224882376,-0.02110536641,0.01040133514,0.008302767402
-3.325159518,-0.002530679561,0.006595754334,-0.004216400359,-0.01436276188,0.0009760311897,-0.02297168724,0.009680383353,0.008422257985
-3.33612635,-0.003020169054,0.004315813069,-0.005393679918,-0.01598950474,0.00113186609,-0.02319558651,0.009384759311,0.007931546326
-3.305773728,-0.000452229887,0.006147772329,-0.005458682918,-0.01416544911,0.002454594891,-0.02171253595,0.01239163223,0.009139440409
-3.359662319,-0.001427169118,0.006059151706,-0.005516572995,-0.01694991921,0.0007080690442,-0.02162068351,0.008136919752,0.008235679579
-3.301804591,-0.002278207661,0.004739876998,-0.007544047444,-0.0130520392,0.0004662077718,-0.02156993526,0.01200866504,0.007308672567
-3.336600037,-0.0007054523125,0.006203284117,-0.005389717284,-0.01113251621,0.001479457699,-0.02128581108,0.01183506303,0.01020291603
-3.326357667,-0.0005971213009,0.00654595113,-0.005264394559,-0.01306725894,0.001145369276,-0.02399570464,0.009452637726,0.00788549894
-3.324816779,-0.001339237761,0.006713119209,-0.004800203899,-0.0164906324,0.002973736407,-0.02133820667,0.01015344534,0.008917851748
-3.327393882,-0.001497593688,0.006847939069,-0.006617521704,-0.01502043696,0.003056285722,-0.0213806281,0.01093717326,0.008366592257
-3.36953926,-2.019447782e-05,0.006057789391,-0.008429415281,-0.0131732942,0.001942482363,-0.0234578258,0.009513898497,0.008157898075
-3.317698332,0.0005654623214,0.00707175633,-0.004989708019,-0.01319121505,0.0007545913377,-0.02246175883,0.01081994427,0.008521942254
-3.366003257,-0.00108923661,0.005634918942,-0.005734483211,-0.01338729942,0.0008671696946,-0.02132129473,0.009885780479,0.009663791487
-3.332800351,-5.739304151e-05,0.007426449958,-0.004580056193,-0.01375838077,0.001691906436,-0.02155162765,0.0110691171,0.009381063546
-3.272136334,0.00804663194,0.01483258089,-0.003254384131,-0.01298368641,0.003414940083,-0.02123793015,0.01129770049,0.009772505168
-3.329482018,0.009103237437,0.01587668689,-0.003435660702,-0.01337825403,0.005077534637,-0.02118911435,0.01079355035,0.009405438959
-3.323423997,0.0099346215,0.0150393099,-0.003353676617,-0.0119095968,0.003255283143,-0.02085125591,0.01361987002,0.008690832496
-3.328822388,0.007828898054,0.01633018751,-0.003942342504,-0.01164630618,0.002501730596,-0.02052942135,0.011383741,0.00983525727
-3.313079473,0.006597497043,0.0157280369,-0.003482794633,-0.01488397509,0.003335838698,-0.02080364847,0.01028271,0.008971949682
-3.336207852,0.005216802723,0.01429697189,-0.003786360688,-0.01389778813,0.002364337549,-0.02165288862,0.012259393,0.009594201791
-3.304367531,0.003716372378,0.009311283036,-0.004907593347,-0.01392361835,0.002514687406,-0.02153915167,0.01010834541,0.008313361966
-3.352372214,0.002606442679,0.01208573792,-0.003778926723,-0.01308786228,0.001152682579,-0.02088254063,0.01078346316,0.008616483756
-3.042077204,0.004980648186,0.01121766522,-0.003715698003,-0.01508957875,0.001414479178,-0.02187093492,0.009634011171,0.009816135796
1.825723112,0.003462426501,0.0132151785,-0.00433697446,-0.01571254227,0.001448979727,-0.02397770966,0.009167078147,0.009337430716
2.332894625,2.402286761e-05,0.008571803751,-0.006724891648,-0.0148007189,0.001175671692,-0.02255496939,0.01126740789,0.00727553594
2.284138106,-0.0004057767799,0.008323819992,-0.004673891234,-0.01427981673,0.001743405049,-0.02226448116,0.007347989801,0.007999734679
2.201397585,0.0007170767424,0.008150718768,-0.006135303031,-0.01333447062,0.0005608005791,-0.0218530487,0.009989879736,0.006785759213
2.193657646,-0.002338946948,0.005363460949,-0.006040001645,-0.01698792751,-0.0001831972589,-0.02297361755,0.01135301178,0.007947129285
-2.573113914,-0.001867704201,0.006844926146,-0.006129942403,-0.01790945206,-0.0004465971332,-0.02412264465,0.009199780593,0.007545069943
-3.443986539,-0.0017140614,0.005081123539,-0.005985804205,-0.01579219619,-3.142464127e-05,-0.02112651246,0.009579735344,0.008911231448
-3.349621764,-0.005082268678,0.005882040676,-0.005412968263,-0.01549114191,-0.0002664512229,-0.02370941789,0.009867602858,0.007398978842
-3.112906309,-0.002545090758,0.005940325385,-0.007055710018,-0.01553263411,-0.0006388239247,-0.02278800658,0.01080413049,0.009025418486
-3.656507644,-0.003545466808,0.006096202735,-0.006924987661,-0.01705532349,-0.001656400096,-0.02329664133,0.009396342918,0.008283741751
-1.978169466,-0.003419014466,0.005168285253,-0.005833619956,-0.01477951329,0.002110599889,-0.02228538989,0.007788501943,0.008216941992
2.402029949,-0.003807319862,0.004272031596,-0.007134285447,-0.01450997564,-0.001577982518,-0.02299914582,0.01045023979,0.007477658726
2.258219027,-0.003224428788,0.00629516479,-0.006091670975,-0.01510898027,-8.488977576e-05,-0.02230700585,0.006402109011,0.008477959991
2.097377514,-0.003265087061,0.004914914469,-0.007128467506,-0.01545524515,0.000322531197,-0.02351513966,0.008510202672,0.006629689235
2.685472107,-0.003392312857,0.00458434351,-0.006551243697,-0.0178841079,-0.0007208967746,-0.02291316226,0.01107717935,0.007223071089
-0.5717570816,-0.003652753749,0.006264512007,-0.005490961452,-0.01557742358,9.323918044e-05,-0.02160422866,0.009754144124,0.007594617246
-3.774773522,-0.001802004244,0.005882324298,-0.00631049093,-0.01572858879,0.0001299945689,-0.02215575175,0.01051189935,0.00787819346
-3.075703842,-0.008010727696,0.002973726222,-0.008455793748,-0.0167647539,-0.0005535377486,-0.02411530256,0.009943419972,0.007174854498
-3.413911777,-0.0129215438,-0.005032232699,-0.009156212136,-0.01846750201,-0.002194747077,-0.02469639047,0.008042691436,0.006390081535
-3.2325881,-0.01189200349,-0.004044162777,-0.00926411958,-0.01767987576,-0.002581612934,-0.02499774578,0.006510550383,0.006560891762
-3.33350987,-0.01128462526,-0.002339216846,-0.007460490631,-0.01616171141,-0.001069477985,-0.02322004811,0.009485685299,0.006793820093
-3.370883074,-0.01235478249,-0.00397552009,-0.009709129773,-0.01666085156,-0.002327976284,-0.02279191878,0.009553763414,0.007024661283
-3.202345802,-0.01042047328,-0.003256896504,-0.009802768162,-0.01635732695,-0.0005685481031,-0.02415014733,0.007677897807,0.007116408666
-3.529423822,-0.008846779883,-0.00231621434,-0.008940730948,-0.01529963992,-0.001272692175,-0.02309235621,0.008663161772,0.007547880251
1.059147291,-0.006542603996,0.0002607629242,-0.007509785989,-0.01436151286,-0.001800224645,-0.02247859282,0.01032738963,0.009333652814
2.599652203,-0.007057476387,-0.000197094051,-0.008480168624,-0.01631278971,-0.0006804084712,-0.02296974841,0.009059879264,0.00785041832
2.112055057,-0.007671527615,-0.000518018509,-0.008193251343,-0.01652873356,5.050171269e-05,-0.02304998198,0.008725995606,0.008317835642
2.346430974,-0.007127143311,0.001806461165,-0.008240062742,-0.01582317024,0.0007519949149,-0.02337445168,0.01256142048,0.007929160799
2.229095911,-0.006320455961,0.0008180552411,-0.007027254059,-0.0145825816,-0.0003460757556,-0.02255470311,0.01029523776,0.007091588259
2.312685363,-0.003961714803,0.003433273418,-0.00834746965,-0.0136592778,0.001193003318,-0.02364107351,0.008807715431,0.007844534761
2.203355583,-0.002582000845,0.002905639647,-0.007522916788,-0.01576036155,0.0004409833951,-0.02237365559,0.009911425472,0.009038577184
2.267323674,-0.002226068117,0.005085673087,-0.007195596292,-0.01559203503,0.001201148712,-0.02202333389,0.009752085598,0.007851635399
2.24793029,-0.002887324419,0.005648072151,-0.006279474987,-0.01514889161,0.001069263475,-0.02240878202,0.007590735731,0.008057601732
2.224601477,-0.001679216876,0.005985549397,-0.006975599261,-0.01354191319,0.001112428802,-0.02153770221,0.01132631514,0.007690351129
2.243563577,-0.0008428901073,0.006333463101,-0.005312971089,-0.01341541233,0.00175991164,-0.02112739072,0.01154406691,0.008054104029
2.313944864,-0.001011610728,0.004453102201,-0.006364823153,-0.01363117182,0.001634378518,-0.02177268832,0.01023057675,0.009899728381
2.260058866,-0.001618482834,0.005485461316,-0.007047897593,-0.01522128851,0.001158818126,-0.02259896309,0.009526279765,0.007915649025
2.300023085,-0.001687356256,0.008744127463,-0.006391361519,-0.01598791752,0.0009871569533,-0.02180111135,0.0104338225,0.008319733697
2.276897741,-0.0005142042246,0.005818245602,-0.005370912634,-0.01409204798,0.000987553733,-0.02131612177,0.01056924546,0.007981020635
2.26056314,-0.001779696806,0.005705565814,-0.00588217101,-0.01379963218,0.0008369678991,-0.0205105684,0.01053424349,0.008096346155
2.295830183,-0.0009068679163,0.0068336542,-0.00666044613,-0.01411497685,0.002546485013,-0.02136321217,0.009735327799,0.008930859092
2.238504803,-0.0007845099004,0.00687027365,-0.006608178837,-0.01456509745,0.001367386862,-0.02300969079,0.01146709164,0.009293268704
2.298941533,0.0002989556153,0.008250716842,-0.00545223309,-0.0124969329,0.001333737895,-0.02321412234,0.009440176603,0.008182621903
2.284745408,-0.001185512182,0.006033233311,-0.006094393867,-0.0151404461,0.0009098802637,-0.02135176577,0.00934012701,0.007946314523
2.269826415,0.006839370866,0.01250376201,-0.003400750136,-0.01421344684,0.002390715476,-0.02131887919,0.01221533025,0.01134441287
2.2630696,0.009415898047,0.01629995978,-0.00253796689,-0.01369032573,0.003290190107,-0.02101698057,0.009293060778,0.008707221366
2.293583889,0.009139728605,0.0144267831,-0.003472411707,-0.01295513652,0.00338539976,-0.02021644226,0.01088653985,0.009670457654
2.254028309,0.00783062659,0.01583938779,-0.003087641252,-0.01225679646,0.003184742845,-0.02035243999,0.01112876477,0.009126585205
2.267390819,0.006530185986,0.01483625828,-0.00361649501,-0.01233745776,0.004374956888,-0.02133093124,0.01063297986,0.009108967155
2.272849024,0.006360560214,0.01419091773,-0.003426446603,-0.01503796863,0.0004600627823,-0.02049141815,0.01129538015,0.009220584805
2.256487762,0.004899123838,0.01213771812,-0.005232089149,-0.0137687465,0.002008884878,-0.02247486603,0.009580467865,0.008659548943
2.285134899,0.00380149796,0.01327789516,-0.004534015253,-0.01442091799,0.00164209384,-0.02226548835,0.01027660291,0.009762062837
2.288380543,0.003791433564,0.01211777349,-0.003665612844,-0.01542848825,0.002286514752,-0.02078769358,0.01103421849,0.008979983409
2.265709525,0.002894688016,0.01023919436,-0.004309901559,-0.01398324944,0.002268034476,-0.02133466505,0.008733406506,0.008597870367
2.280467285,0.002961915789,0.007778001342,-0.005635441726,-0.01629830135,0.001599144563,-0.02147080839,0.008931030893,0.00931589243
2.246778621,0.0002803481154,0.00958190977,-0.005588976365,-0.01506740403,0.0007346086919,-0.02286017008,0.01008446686,0.008704669678
2.221768613,-0.0001165267383,0.006708614313,-0.005718782341,-0.01433733822,-0.001533327869,-0.02295938032,0.008746077234,0.007356810857
2.293634824,-0.0009388481412,0.006061928892,-0.006897610786,-0.01654511644,0.0001911610478,-0.02186065286,0.009905672184,0.007214383399
2.248072088,-0.002489349795,0.00390135106,-0.004791064435,-0.01552585165,-0.0007528259615,-0.02160209045,0.008319762971,0.007716122484
2.29366354,-0.00211818847,0.006158211545,-0.006433623705,-0.01742998586,0.0006725132902,-0.0222234617,0.01078083049,0.007014951815
2.266147261,-0.003968600614,0.002861616757,-0.007515379698,-0.01611322953,-0.001265294005,-0.02174636743,0.008684029439,0.007301134855
2.209984192,-0.002437427558,0.006570362642,-0.008580987619,-0.0146630246,0.001092061944,-0.02154656474,0.007820549236,0.007651993702
2.285848648,-0.002403234679,0.005166383033,-0.005356170576,-0.01524216007,-0.001110421504,-0.02307953779,0.01028181787,0.007704523982
2.23071673,-0.001965938212,0.004847819693,-0.004752783314,-0.01449099884,-0.0003743670296,-0.0218147716,0.008441743264,0.007090866252
2.26463639,-0.003254156079,0.004312972694,-0.006996595776,-0.01684435554,0.0003349856644,-0.02256180117,0.008614846052,0.008099427658
2.274894071,-0.002574104341,0.004954979074,-0.007790806454,-0.01673245615,0.0004525290628,-0.02173571233,0.00968832068,0.007373904078
2.246529127,-0.002005352138,0.007024001795,-0.007418028482,-0.01609085813,0.001325016685,-0.02256142256,0.01021986892,0.007201724544
2.223121842,-0.001960509631,0.004960698699,-0.005663961481,-0.01386626805,-0.000156888717,-0.02271236233,0.01027302095,0.007498671654
2.23974123,-0.004136189781,0.004780187884,-0.004625899974,-0.01403243225,-0.0002963569402,-0.02203562894,0.00810948165,0.007965797133
2.262776721,-0.004007744199,0.004278380399,-0.007373557672,-0.01768123485,-0.001153593985,-0.02290816597,0.01130357706,0.00714207881
2.275413921,-0.004536645306,0.004470919883,-0.006125850032,-0.01778768398,-0.0001300385367,-0.02160230841,0.0082976664,0.00657226066
2.270801022,-0.01126503165,-0.002818453578,-0.008819217988,-0.01728891016,-0.0008732900806,-0.02370563784,0.009502103047,0.00815305229
2.273161451,-0.01089024593,-0.005060471354,-0.006812038455,-0.018088356,-0.002534973968,-0.02350975811,0.008714495444,0.00679197669
2.278982853,-0.01078577687,-0.002231979924,-0.00915816294,-0.01664475489,-0.001968692346,-0.02409197404,0.006721160401,0.005656262127
2.26329619,-0.01224764017,-0.004777293623,-0.009447441673,-0.01763373639,-0.00212077224,-0.02391605389,0.009074482091,0.008235474699
2.214943465,-0.01247774748,-0.001744776609,-0.00827537327,-0.01648034108,-0.0002944172479,-0.02357285192,0.009470055012,0.008070076765
2.263272763,-0.01107056561,-0.002999746084,-0.008050342571,-0.01635819071,-0.0006856335207,-0.02426431647,0.008997418369,0.007328777118
2.238698199,-0.007157605393,-0.001049916469,-0.007537678069,-0.01557437409,-0.000419542349,-0.02216130207,0.009455385169,0.007342794608
2.268707369,-0.007261638777,-0.0007090533899,-0.009012699498,-0.0165966865,0.0004376902612,-0.02185925782,0.008389241864,0.008116746571
2.197415629,-0.007902348433,-0.001428161852,-0.009243513547,-0.01686255746,-0.000995675792,-0.02469281801,0.01180707889,0.007364254211
2.23060808,-0.00643682808,0.001889204384,-0.00716694868,-0.01480558902,0.001203000898,-0.02312839595,0.00898857433,0.009594067758
2.267921573,-0.005571389627,0.003462807274,-0.008291865094,-0.01499598729,0.0004014101449,-0.02378437665,0.01021131037,0.00854316842
2.28269133,-0.005107842985,0.002258952164,-0.007877452159,-0.01618933998,0.0006469462972,-0.02129304148,0.009584454293,0.009877135924
2.243507933,-0.003394162803,0.002876647587,-0.007925691595,-0.01476312997,0.002459995004,-0.02259472181,0.009203582164,0.007406843271
2.193798316,-0.002164772124,0.003778655849,-0.005927140056,-0.0149556401,-0.001283326481,-0.0233441795,0.01069117166,0.008943649865
2.241539082,-0.003054012766,0.007333091128,-0.005265404708,-0.01420724655,0.00163180045,-0.02347939225,0.009708972415,0.008452769404
2.215108312,-0.001840696953,0.006741353227,-0.00574675157,-0.01287635019,0.0007942007739,-0.02262570093,0.009689666849,0.008561477383
2.311096552,-0.0008260658021,0.005740778075,-0.005776340338,-0.01431017279,0.001375907262,-0.02139924663,0.01188220584,0.008316268529
2.080287033,-0.003070299857,0.007230071496,-0.006695826412,-0.01496102382,0.001555008283,-0.02270086667,0.0106883655,0.008224264281
2.56757137,-0.0003957544479,0.004791450592,-0.006092848644,-0.01329229791,0.001688917405,-0.02168203622,0.01081679227,0.008988413654
1.076514853,-0.001760594589,0.006655388429,-0.006061978564,-0.01500833586,0.001097125057,-0.02143925397,0.01039190619,0.008765694212
-3.501015399,0.0003247573827,0.007543157921,-0.005693587359,-0.01262061848,0.001702296578,-0.02323289139,0.009918619419,0.00914576625
-3.159977341,-0.0004991071754,0.005039998743,-0.004848258064,-0.01512213965,0.001873636093,-0.02185271158,0.01018395422,0.007785326338
-3.424138198,-0.0001276583388,0.007315000843,-0.005054790266,-0.01514581853,0.0005179218953,-0.02201980537,0.009762888099,0.009044363803
-3.286982198,-0.0001950282948,0.005874550966,-0.004831544801,-0.01359275823,0.000211976517,-0.02170754533,0.01095739513,0.009034279686
-3.407084899,-0.0003795254531,0.007143202843,-0.006571929679,-0.01315419392,0.0004986943273,-0.02203898572,0.01239377081,0.007234742848
-3.269466036,-0.0008979220515,0.006690685643,-0.005891351846,-0.01451160746,0.001033116719,-0.0226329097,0.008307279554,0.009908686371
-3.34800063,0.002652882951,0.0110624026,-0.005533280385,-0.01458634216,0.004579256152,-0.020447837,0.01055088991,0.008105805165
-3.319516874,0.009004612381,0.01639481418,-0.002360082538,-0.01198315014,0.004031622195,-0.02003461075,0.01057824782,0.0112124508
-3.388160378,0.008700546377,0.01455004938,-0.001560401377,-0.01275479186,0.002671031308,-0.02217349087,0.01119304252,0.008277387244
-3.267897152,0.00764379825,0.01523454919,-0.004422718015,-0.01328094066,0.002614735986,-0.02057924759,0.01118978098,0.01110912249
-3.503321354,0.008290856266,0.01449994703,-0.003707112337,-0.01158505642,0.002787882221,-0.02101491249,0.01107102986,0.008727692851
-2.678518572,0.007485554875,0.01476240289,-0.004390380014,-0.01577554623,0.003575869593,-0.02144374617,0.009876148196,0.01049406493
2.093963228,0.005045322494,0.01353299365,-0.003470393203,-0.01399513516,0.00238174868,-0.02181439246,0.01041599686,0.008922149128
2.283518322,0.003702846648,0.01127883737,-0.003491204645,-0.01338562844,0.002585101802,-0.0205976658,0.01012464367,0.007978726175
2.101466115,0.003578037928,0.01300134385,-0.003282846667,-0.01481274074,0.001269103967,-0.02095671429,0.01097017852,0.009061497037
-2.800101981,0.004525934393,0.01201817843,-0.004224270246,-0.01417268064,0.001931646609,-0.0203404012,0.009212128916,0.008063453794
-3.481630427,0.002938100133,0.01029343208,-0.005265995043,-0.01437004173,0.002077044136,-0.02316622359,0.009509856289,0.008958036459
-3.287093021,0.001577866767,0.008491575415,-0.006384465448,-0.01427468285,0.002199709612,-0.0220163871,0.01014464674,0.007013007451
-3.387582626,-0.0003002908452,0.01047139842,-0.0047508103,-0.01546032433,0.001596572757,-0.02237474236,0.009314023845,0.007886137783
-3.346770328,-0.0008749123058,0.005470020706,-0.005839535098,-0.01724241163,-6.696589933e-05,-0.02198967161,0.007759220891,0.007377849596
-3.381728143,-0.002295895476,0.007664388845,-0.006898698333,-0.01692494799,0.0003877228265,-0.02278999524,0.0106868638,0.007683556282
-3.319141033,-0.001568700509,0.007281449713,-0.006005370841,-0.0151901209,-0.0001157490372,-0.02286331558,0.01142137201,0.008079923927
-3.335342723,-0.004720548634,0.002814017046,-0.005656445088,-0.01512678831,-0.0003195944814,-0.02279716916,0.01000440019,0.007562631326
-3.276487317,-0.003543885966,0.005108057291,-0.00700644969,-0.0159186833,-0.0001044866259,-0.02126637761,0.006298596702,0.007998205377
-3.29476923,-0.003001167305,0.006317076863,-0.007114907601,-0.01611240439,0.0006586331649,-0.02236195711,0.01016532822,0.007685890416
-3.32307352,-0.004039024406,0.00586101093,-0.006275731261,-0.01663232405,-0.0006296107222,-0.02421439405,0.01000036417,0.007424777729
-3.309201363,-0.00255836493,0.00673526546,-0.007452751419,-0.01504606927,0.0008272274143,-0.02337262554,0.007219607122,0.007075308407
-3.319582254,-0.003225244658,0.004147344788,-0.006791592728,-0.01598032242,-0.0008973987769,-0.02263660415,0.009410067236,0.008607142674
-3.3343191,-0.002006745042,0.004495186948,-0.006183328446,-0.01500064091,0.0004800214311,-0.02328819801,0.008731647895,0.009148616491
-3.310485872,-0.003105170839,0.004777820051,-0.006159505853,-0.01511827597,0.0002343717148,-0.02244320711,0.00968456353,0.007233778888
-3.336230121,-0.002782737818,0.004473755801,-0.006910242575,-0.01644937872,0.001164623565,-0.02307382417,0.01027426516,0.008531960343
-3.287950387,-0.003594895657,0.006352696667,-0.006990273295,-0.01561881786,-0.0005262088638,-0.02133378872,0.007157447506,0.007946816245
-3.362839024,-0.002740853176,0.004903858951,-0.007193129469,-0.01392230355,0.0009201363226,-0.02289663707,0.01094532724,0.006562434656
-3.321411087,-0.009253693658,-0.003788285531,-0.008680146431,-0.01613408311,-0.001113764846,-0.02421298716,0.008898776906,0.007257776804
-3.321917611,-0.01282800232,-0.004883726248,-0.009455269697,-0.01743159749,-0.001265918248,-0.02378940122,0.009099783094,0.006066143094
-3.386367151,-0.01225086496,-0.003484618684,-0.008839110581,-0.01783659531,-0.002205669749,-0.0231087923,0.007812929696,0.00571431087
-3.324482258,-0.01255106108,-0.002578261245,-0.007738201611,-0.01692093253,-0.0009576854124,-0.02408888819,0.009380749348,0.007176941474
-3.386843579,-0.01140929573,-0.003031003959,-0.008128456494,-0.01645024174,-0.00195773502,-0.02325516868,0.009014303297,0.007756670494
-3.249903943,-0.01133744059,-0.003509030273,-0.009259115587,-0.0179439023,-0.000897438306,-0.0231683934,0.008792276761,0.007557729839
-3.481955878,-0.007945558232,-0.0005593727238,-0.007802760292,-0.01653798234,-0.0004433969389,-0.02245162621,0.009074697815,0.007191269834
-3.158647329,-0.008144260253,-0.000536438101,-0.008130349629,-0.01631277592,-0.00138099627,-0.02176241477,0.007730134516,0.008544920765
-3.566590298,-0.008870567166,-2.145828586e-05,-0.007456359577,-0.01577970997,0.000700631196,-0.02298395546,0.009444633465,0.007882186698
0.9371975567,-0.006920244877,0.001192573782,-0.00865407408,-0.01590837478,0.002288693846,-0.02358156162,0.009723041551,0.007900640342
2.519632617,-0.005437940155,0.000548308219,-0.008228005003,-0.01642868433,0.0007961484239,-0.02080559047,0.009799530172,0.008221257914
2.214124603,-0.003870641595,0.002104963936,-0.006031842333,-0.01494022752,0.0007016883037,-0.02312580903,0.009789170818,0.008712344704
2.115857908,-0.00176073566,0.004833736901,-0.006636221404,-0.01566275238,0.0006065089312,-0.02237896246,0.01008461327,0.008217637528
2.65526499,-0.0029728905,0.003887952345,-0.007535073249,-0.01429428096,0.0005613643066,-0.02248128214,0.01077384605,0.008696203574
-1.207562276,-0.001626877105,0.005010583359,-0.006482857178,-0.01555692424,0.0003113288709,-0.02147072218,0.009976285774,0.009455373669
-3.810552023,-0.001461429839,0.005704026855,-0.006434401843,-0.01543026017,0.001452476634,-0.02331825374,0.009909207276,0.008306715731
-3.085639152,-0.0003876504453,0.005244666362,-0.005493584903,-0.01513297037,0.00211501758,-0.02286014396,0.01133137156,0.009847278432
-3.406026835,-0.001053224529,0.007077281116,-0.007168026834,-0.01568038457,0.0008509378627,-0.02056038821,0.01103452924,0.007972897603
-3.362085796,-0.0003565334273,0.005558588998,-0.004573097084,-0.01442668505,0.0006183938985,-0.02215007849,0.008780592813,0.009945531972
-2.957277407,-0.001563265493,0.006957604692,-0.005173292368,-0.01523239127,0.002705252744,-0.02341352111,0.01052335937,0.009452299528
1.87235834,-0.001840365649,0.005111348108,-0.005210829822,-0.01374673032,0.001951970762,-0.02094266537,0.01192137794,0.009253518182
2.373287267,0.000175651772,0.006899165419,-0.005824294262,-0.01346156087,0.002872353079,-0.02212427891,0.008704772374,0.008801049731
2.075500296,-0.001316592271,0.007332657316,-0.005157262492,-0.01482901177,0.001007213522,-0.0214480368,0.009311398943,0.009383423588
2.619590137,-0.0027841747,0.005117711231,-0.005956323395,-0.01548055601,0.002498824159,-0.02272173565,0.01002204007,0.008495871009
0.9395528029,-0.0005620896952,0.006114556545,-0.005773846453,-0.01479240547,0.001208555877,-0.02277461428,0.01255791352,0.009600431785
-3.54052725,-0.0007550168873,0.006049668025,-0.006329645449,-0.01341918098,0.001766076659,-0.02232773867,0.008044015682,0.006533535186
-3.177729555,0.00186012716,0.008544531623,-0.005667925202,-0.01320329021,0.002088603993,-0.02291766267,0.01043015421,0.008264969073
-3.337307888,0.008243804983,0.01537108437,-0.003161251216,-0.01280672253,0.003534790973,-0.02142549471,0.01232633727,0.009325648079
-3.334233354,0.008979935736,0.01613948672,-0.003186588809,-0.0132933952,0.003649269176,-0.02093682158,0.009671917945,0.008715013544
-3.283060349,0.008150032909,0.01524372847,-0.003025168213,-0.01427458897,0.004348575192,-0.02155060785,0.01019510506,0.01025675984
-3.433363614,0.006382203869,0.01476926037,-0.003026950177,-0.01323019252,0.003627552637,-0.02130158198,0.01009201784,0.01016950838
-3.053188245,0.008319053069,0.01419987266,-0.004296764323,-0.01266416045,0.003064006883,-0.0220239008,0.01210739276,0.01016419894
-3.790388456,0.007086481951,0.01443688329,-0.003668986487,-0.01363231846,0.00259584575,-0.02137162549,0.01043479809,0.008915661531
-0.4370244243,0.003969380303,0.01207033204,-0.004017836057,-0.01380333102,0.002557123996,-0.02048399045,0.01007339545,0.008488029486
2.723340215,0.004716448156,0.01174056928,-0.003370302312,-0.01337636685,0.002324566293,-0.02288052113,0.00927290457,0.006640422972
2.05727521,0.003947708807,0.01194300697,-0.004091516529,-0.01455385624,0.002834080602,-0.02207234175,0.008822496281,0.007708192225
2.462546965,0.001783714785,0.01031879638,-0.005907283786,-0.01438255136,0.0001542282976,-0.02130470959,0.009807309197,0.008728015513
2.130271137,0.0008380513288,0.01122762381,-0.006581078773,-0.01562491528,0.001315975107,-0.02099545136,0.01027406267,0.007758977802
2.334014148,0.0009607154512,0.006624845091,-0.005269709565,-0.01564044067,0.00106934437,-0.02301572056,0.008306410465,0.008614676211
2.278301328,-0.0003053191816,0.006695973133,-0.00691064002,-0.0164456932,-0.0004197407602,-0.02134640817,0.01055836076,0.007298481001
2.294841492,-0.001975258783,0.007032778908,-0.005950036982,-0.01441892652,0.0002405590829,-0.02188730224,0.009558329529,0.007706528286
2.279917441,-0.001173645056,0.004921138175,-0.006121857593,-0.01594231481,-0.000360099852,-0.0238533174,0.009128263136,0.007442901518
2.282827444,-0.002871474596,0.006000539827,-0.006068589855,-0.01686060738,-0.0009156736524,-0.02267664915,0.008420945012,0.00702477004
2.295775539,-0.003387765073,0.005187180104,-0.006791411107,-0.01668970099,-0.0002576079612,-0.02410800625,0.009443079194,0.008360423694
2.267197075,-0.002198070475,0.006048169641,-0.006593499398,-0.01609427176,0.0002692823909,-0.02297252926,0.007835878962,0.007826259566
2.275234317,-0.002658418241,0.006117742261,-0.006579174188,-0.01551181274,0.0006305214519,-0.02166759724,0.008889970646,0.007725842117
2.27601017,-0.001478826904,0.005550436504,-0.006453224638,-0.01394405918,0.001176370493,-0.02282880351,0.008088740347,0.006728289631
2.210487575,-0.001627317825,0.005168090643,-0.006589012066,-0.0164080971,0.0003028668508,-0.02209882023,0.00890935825,0.006562648216
2.255247532,-0.001763827417,0.005251665498,-0.007420024283,-0.01484120758,0.0003520311265,-0.02226524281,0.008908798286,0.008026237412
2.248140843,-0.002541214187,0.003706818362,-0.007417329959,-0.01559434295,-0.001027649456,-0.02324373191,0.008264544799,0.008361383311
2.313740812,-0.002911439529,0.005380546532,-0.00608908214,-0.0159053101,0.0007053391672,-0.02310252277,0.01001863583,0.007380960527
2.286359467,-0.003098295349,0.004247128398,-0.007345776102,-0.01582507072,0.0007614077906,-0.02254849361,0.008916327375,0.007245865428
2.239248159,-0.002462079139,0.004094722525,-0.007151078034,-0.01561882858,0.0002612269643,-0.02195296924,0.009566649108,0.008585584373
2.26346077,-0.006787661092,0.001366587269,-0.008691096105,-0.01668082931,-0.00070425586,-0.02304241365,0.008930605626,0.007829975709
2.247722215,-0.01213966481,-0.004990628693,-0.009199142967,-0.01844725972,-0.002154233241,-0.02344722136,0.008685685615,0.006017426475
2.247036424,-0.01247233233,-0.004427909837,-0.00983204096,-0.01647034312,-0.001342756773,-0.02257461599,0.007742505924,0.007681844005
2.254170518,-0.01173702609,-0.003731854338,-0.009542519407,-0.01700157384,-0.002223486605,-0.02255151679,0.007745365261,0.008622528092
2.288904969,-0.01126248491,-0.003747438541,-0.007951679583,-0.01761939445,-0.001303892072,-0.02470093904,0.009113796009,0.007371978595
2.265033755,-0.01191028661,-0.003644462809,-0.008792236056,-0.01804428364,-0.002236535369,-0.02389073575,0.008726307778,0.007004022577
2.217962308,-0.0105505477,-0.00283691624,-0.00790704831,-0.0159644425,-0.0002373552289,-0.02365032522,0.008557038251,0.008830226756
2.255953702,-0.006025455815,0.0006428825218,-0.007496547892,-0.0158893651,0.001160522526,-0.02343235321,0.009119478956,0.007981355845
2.305313319,-0.00871670859,-0.001982242276,-0.008078140574,-0.01583595819,0.0003757411829,-0.02367415405,0.01020455499,0.008304613276
2.26140958,-0.007311602635,0.0003322856587,-0.007192664108,-0.01524861288,0.0001613062954,-0.02200794436,0.008475626876,0.009039046404
2.246891519,-0.006419524855,0.00123227296,-0.007238741057,-0.01465470654,0.0007333385986,-0.02211791048,0.008265640806,0.008601192572
2.252729593,-0.00545985451,0.003384437483,-0.00678362175,-0.01538904348,0.001208536664,-0.02212693686,0.01104250561,0.009168903259
2.240075866,-0.003324498546,0.002911688882,-0.00713762938,-0.01574942581,0.0004125409433,-0.02241441083,0.01051361032,0.007488905264
2.239991498,-0.002533709337,0.003823529408,-0.00685204,-0.01565360586,0.0009634612703,-0.02224834765,0.008951465203,0.0092385124
2.287800341,-0.002601640701,0.004219774242,-0.00696568442,-0.01572742874,-0.0001209125177,-0.02174208994,0.01000529844,0.008813332194
2.24478304,-0.001261462169,0.006511834469,-0.007492692004,-0.01435156433,5.955596621e-05,-0.02264319469,0.01040322873,0.009117131226
2.255249814,-0.001861012596,0.004410123112,-0.005247625562,-0.01301173186,0.001458650296,-0.02345146024,0.009039379722,0.008100709736
2.298003904,-0.001232069027,0.007622762358,-0.006553305656,-0.01487957536,0.002980085238,-0.02214720693,0.009147141988,0.008343984765
2.248447806,-0.002225057366,0.003019144735,-0.006153284971,-0.01391186902,0.001292771219,-0.0220380007,0.01055642658,0.008396551134
2.24500647,-0.0003003508642,0.008868060986,-0.0115174928,-0.01538642386,0.0004400119578,-0.02341569437,0.01023021752,0.007955902231
2.300216467,-0.00136285478,0.005903888465,-0.007254961538,-0.01310027562,0.002308810193,-0.02184595999,0.01059024771,0.0087778234
2.278763812,-0.0005176627085,0.004630225923,0.002908804365,-0.01269358473,0.002992159393,-0.02350581162,0.01063392939,0.008522231104
2.18082785,-0.001112530966,0.004826027175,0.0003780683101,-0.01365651227,7.765751765e-05,-0.02218204911,0.01327413344,0.00821808193
2.25116132,-0.0008756553646,0.006817748631,-0.009878944473,-0.01496699319,0.001723357541,-0.02110017098,0.006717929109,0.007793003096
2.301911206,-0.0005319760797,0.007884130005,-0.01483896149,-0.01982358779,0.004242581307,-0.02257431365,0.008916497376,0.007741541792
2.226802497,-0.0007863406149,0.005559938685,-0.006122523636,-0.01301398303,0.001516154855,-0.02090091474,0.01347058584,0.009750961403
2.241895212,-0.0004929462812,0.007375523623,0.002300339702,-0.009638389559,0.001011692793,-0.02116773742,0.009495614594,0.008993017436
2.268122688,0.005174291556,0.01487828624,-0.0001033036384,-0.01134461515,0.001472127835,-0.02110492241,0.0127416796,0.01014681689
2.260912528,0.008387030452,0.01524418026,-0.006822975925,-0.01629281546,0.004927526745,-0.02148162035,0.009001806272,0.009097477446
2.235798364,0.005743582993,0.0158734023,-0.009299203627,-0.01702120368,0.002741389962,-0.02360984798,0.01313610381,0.009013825044
2.227186016,0.007763208286,0.01316687547,0.0006575575483,-0.009248973974,0.001321075577,-0.0192789654,0.01413504421,0.00917595064
2.268681695,0.008841483783,0.01593184403,0.004600031435,-0.008025010726,0.003330011732,-0.01933303252,0.01151370591,0.008656485125
2.245763631,0.007135734269,0.01394508349,-0.004776375374,-0.01486455295,0.003445360589,-0.02116899493,0.009999133956,0.009354448267
2.28162422,0.004606828819,0.01446841419,-0.01046705397,-0.01909285274,0.003130481053,-0.02424068295,0.008505592783,0.007411172217
2.235494419,0.002919716082,0.01129500026,-0.006491458852,-0.01665940703,0.002258533725,-0.02279105931,0.01253334281,0.008068625232
2.271162872,0.003275337116,0.01141982899,0.001882372977,-0.00817867939,0.0001329290829,-0.02068883368,0.01173412279,0.009672132315
2.2727545,0.004485755399,0.01177278872,-0.001011788048,-0.0101004812,0.001717877472,-0.01814978161,0.01029401109,0.008214963928
2.21125511,0.002867167473,0.007055822144,-0.00777339015,-0.01915718256,0.001102728206,-0.02487876898,0.009820774777,0.006920558556
2.221493129,-2.159181345e-05,0.01196138794,-0.008705193202,-0.02095732923,0.002918969817,-0.02477152153,0.005873007042,0.008354396042
2.223702324,-0.002615918054,0.009070988664,-0.006468757958,-0.01462769263,0.0008424383439,-0.02290479603,0.009563215586,0.00799873926
2.266656398,-0.000430733848,0.006362869375,-0.001913131709,-0.007974119451,0.0004765295095,-0.01766138821,0.009089567333,0.006550119332
2.253781196,-0.002400256891,0.007544843917,-0.006260527167,-0.01338414418,9.719178393e-05,-0.02313240694,0.01169009202,0.007354731871
2.196959258,-0.001840750908,0.00234099604,-0.008905422516,-0.02146821542,-0.00136870423,-0.02509377167,0.007501927594,0.007337933922
2.227005005,-0.003990359836,0.004761498276,-0.007826816472,-0.02114582584,0.0001166009581,-0.02444965124,0.007466802921,0.007656914523
2.33449375,-0.003425385075,0.006242969358,-0.002432176582,-0.0124718178,0.0001955280867,-0.02128516343,0.008573659862,0.006951351658
2.138412182,-0.002263793552,0.005923060128,-0.003673942561,-0.01204515694,0.0004291122097,-0.02256645382,0.01178726816,0.009002988529
2.303575473,-0.003200763843,0.004147877077,-0.008816038881,-0.01710522618,-0.0007438626666,-0.02307022042,0.008076729572,0.007054054066
-2.232807562,-0.001007322771,0.00495035827,-0.008311207478,-0.02026786304,0.0007443387952,-0.02521407493,0.008628770913,0.008073924753
-3.616554249,-0.002028353451,0.005730167233,-0.004417425478,-0.01856782905,0.0006725857101,-0.02200886761,0.007963019839,0.007373306079
-3.193960893,-0.004545670974,0.007541359956,-0.002157514381,-0.01185053612,-0.0007596320884,-0.02209512378,0.01068595374,0.0074789805
-3.443456175,-0.003205646905,0.002147154639,-0.004935586388,-0.01403056871,1.988499128e-05,-0.02097506746,0.008725845679,0.006574113932
-3.337330925,-0.002812408744,0.004532610144,-0.01087481927,-0.01695746995,-0.0004743515565,-0.02446858649,0.01119568128,0.006121463419
-3.41116422,-0.0001030368633,0.005505054309,-0.009728973413,-0.0186556543,0.0006788151692,-0.0231903349,0.007270321941,0.008213841344
-3.309463782,-0.003621663528,0.005301759013,-0.00435196911,-0.01276502635,0.001342546201,-0.02468859419,0.0111147257,0.008245417638
-3.467514008,-0.01267273496,-0.001219190393,-0.005681465361,-0.01561216953,-0.001053147441,-0.02365500776,0.008361403825,0.007567620093
-3.255544397,-0.01423748151,-0.006129550654,-0.01100431098,-0.01892674944,-0.001416426073,-0.02397956499,0.01006611985,0.005188482109
-3.524127681,-0.01189337293,-0.006174183982,-0.01087343351,-0.02099546009,-0.00142983002,-0.02484176138,0.006673150775,0.007574287047
-3.048878261,-0.009649246464,-0.003284100418,-0.008965918188,-0.01461132908,-0.0003606367675,-0.02368914405,0.00904997011,0.005993832463
-3.873816503,-0.01113712538,-0.002609978496,-0.006791399208,-0.01468747812,-0.002021943363,-0.02149842314,0.01126856735,0.007541291644
-0.1181902575,-0.01094598423,-0.004444702636,-0.008254658659,-0.0148356112,-0.000370725612,-0.02432400764,0.0072456321,0.00834050464
2.450377005,-0.007519382136,0.0002636059677,-0.01042013185,-0.01871368394,-0.0002469029841,-0.02396704286,0.008067617503,0.007542526098
2.473288956,-0.00702541461,-0.001192753119,-0.009050537015,-0.01871335473,0.0006532407334,-0.02430725403,0.01092537108,0.007369372784
-0.5439878058,-0.006807209577,0.001062045984,-0.006495526114,-0.01573060521,-0.001152309722,-0.02187728479,0.008854389466,0.007954112505
-3.946093432,-0.006548885232,0.0005392156925,-0.005533500514,-0.01349247636,-0.000696677927,-0.02215914092,0.009986816222,0.008689565291
-3.041565245,-0.005824490734,0.001556829503,-0.009098863507,-0.01630215772,-0.001189321988,-0.02278737501,0.0101039913,0.008862930441
-3.569188723,-0.004502848282,0.002507155309,-0.01043582114,-0.01768510239,0.0002331079165,-0.02432715305,0.01115904365,0.007834168312
-3.254131452,-0.00309457367,0.004019343538,-0.007301857051,-0.01361819203,0.0004907821421,-0.02245652664,0.008357112133,0.008730039398
-3.430285303,-0.003791117,0.006977377365,-0.005649797826,-0.01360593795,0.001539453237,-0.02255191071,0.009139650039,0.007625244238
-3.249632119,-0.001682952458,0.004632322779,-0.00800597837,-0.01411193635,0.0004782095669,-0.02390578489,0.01106706392,0.008546781815
-3.349274717,-0.000710162823,0.005349429923,-0.008211771939,-0.01613843179,0.001581525856,-0.02339912726,0.009826375015,0.008522613132
-3.329050318,-0.0006485883074,0.005016525988,-0.00894603027,-0.01507916613,0.001016742387,-0.02334650919,0.008391003817,0.008143133931
-3.342365147,-0.0006234038141,0.006450353523,-0.005205317633,-0.01354763969,0.001223173306,-0.02144834808,0.01101379175,0.008790307493
-3.361460299,-0.001706783708,0.006008316286,-0.003905914796,-0.01162089071,0.001600115548,-0.02094735865,0.01033996893,0.008323528487
-3.320851773,-0.0008487629692,0.004153733674,-0.006922489469,-0.01278655384,0.0009277759429,-0.02146904852,0.009368963063,0.008798217645
-3.335183511,-0.0002849367367,0.005456230553,-0.006470793105,-0.01774329509,0.0005584611341,-0.02316968637,0.01008666431,0.008335847066
-3.34376023,-0.001482622291,0.006657934156,-0.007492217506,-0.01638980801,0.002231256348,-0.02267934635,0.009972543881,0.008124075731
-3.317718635,-0.0005260144087,0.01076403723,-0.004976365524,-0.01592224973,0.002538321892,-0.02261381636,0.01005003813,0.009192616054
-3.356476716,-0.002782125635,0.004706573847,-0.002989103305,-0.01280121363,0.001639085356,-0.02109947494,0.009956562845,0.01029269426
-3.306311745,-0.001186098834,0.004303601201,-0.006021352656,-0.01288304859,0.001684019551,-0.02193700404,0.01268182581,0.009203671526
-3.351220962,-0.001220351899,0.003243410063,-0.009726272134,-0.0185184938,-0.0006815800295,-0.02217705223,0.009034402156,0.007701263851
-3.319924346,0.002696710097,0.01319809528,-0.003464477657,-0.01446370579,0.005796461786,-0.02094499138,0.008976720437,0.008593043585
-3.308894437,0.007813036139,0.0174076488,-0.0005334622782,-0.008098337826,0.001992322099,-0.020932914,0.01491916879,0.009698311297
-3.333784308,0.00771484094,0.01728166303,-0.003436980822,-0.0160887603,0.003795896855,-0.01890735368,0.005334145719,0.009909437589
-3.322195009,0.007591099447,0.01506868077,-0.005292025681,-0.01518088994,0.001978039313,-0.02076543082,0.0144965069,0.007982006322
-3.383103474,0.006246623883,0.01141828015,-0.001776734754,-0.01233998224,0.003289114148,-0.02112351952,0.01103357977,0.00972010605
-3.214166078,0.006447180364,0.01749940216,-0.001460329515,-0.008977495823,0.003579108012,-0.01955692865,0.01192958107,0.00986433282
-3.41658169,0.006157201173,0.01192785594,-0.002713704521,-0.01363322875,-0.001566787686,-0.02237254119,0.00786464568,0.00795035687
-3.118894003,0.004059695704,0.01348659927,-0.005711154107,-0.01523864195,0.006238416165,-0.02235736439,0.007620854579,0.008880118253
-3.726601527,0.004373164656,0.01080275604,-0.004032437494,-0.01847843405,-0.000464290373,-0.02299885338,0.01588023854,0.008510098098
-1.713208081,0.005094642958,0.01335304553,-0.004456120824,-0.0163021828,0.003917688642,-0.02089387767,0.006311147464,0.008411677694
2.594667926,0.002168536445,0.01005982407,-0.002854180863,-0.0120462506,0.001220658039,-0.02101353605,0.01261716004,0.008013224293
2.117048623,0.0009486423417,0.005763532864,-0.007334805165,-0.01437779723,0.001277296543,-0.02148187785,0.01006191726,0.009066499739
2.287700874,-0.0001506678374,0.00986838955,-0.005892687677,-0.0150010684,0.001508966039,-0.02378625795,0.006001884209,0.008619191774
2.389223238,-0.0001742011213,0.00278210775,-0.005540361954,-0.01765548747,-0.001598226992,-0.02450855844,0.008768420706,0.005081080101
1.340786218,-0.0006360294342,0.01207160216,-0.003542657333,-0.01609345304,0.002760795198,-0.0203211049,0.009256684356,0.009056250728
-3.52482114,-0.0005923255718,0.005454146759,-0.006521365588,-0.01759152298,-0.001260277125,-0.0209968047,0.01224300466,0.006115479662
-3.14676442,-0.003600082247,0.003782249471,-0.008359691993,-0.01618504952,0.001731834275,-0.02249828855,0.00496705745,0.007194665767
-3.559761532,-0.00549689384,0.007015655504,-0.007004330412,-0.01585506847,0.00175426506,-0.02308801488,0.01075408935,0.006857055653
-3.030663107,-0.00230787738,0.005282521915,-0.005896605504,-0.01322305415,-0.001033644104,-0.02346135729,0.009378442548,0.00875989792
-3.857531529,-0.002682834643,0.007932946279,-0.003954855659,-0.01492585566,0.0005209814582,-0.02120907788,0.007921321569,0.009194980508
-0.4958918327,-0.001766862782,0.003750794751,-0.00628893277,-0.0163503985,-0.001538983677,-0.02296159796,0.009543423773,0.007617312254
2.678443794,-0.003073535622,0.004185489381,-0.008118955531,-0.01896032691,0.001769673497,-0.02200584098,0.01144473127,0.008825093292
2.151370618,-0.003600483362,0.008505968204,-0.005248578826,-0.01531046794,0.0001050147151,-0.0241697822,0.01032122148,0.006043798057
2.232454973,-0.002590235811,0.003594269623,-0.0066906713,-0.01494853678,0.001384422258,-0.02228364244,0.005001697814,0.007093486455
2.409048871,-0.002722496363,0.00885786301,-0.00618706323,-0.01676353142,-0.0003760141408,-0.0214676669,0.01106069259,0.008682307356
-1.847142579,-0.002859510145,0.0006998247689,-0.005769230086,-0.01497209317,0.0008762784289,-0.02332452157,0.008285991787,0.006558039578
-3.716341063,-0.001832934789,0.00520215862,-0.00656598024,-0.01744374894,-0.0006191439406,-0.02302207029,0.01069444193,0.008103238471
-3.098411556,-0.008794019265,-0.002880714824,-0.008192770911,-0.01753170007,-0.0002530300933,-0.02171839477,0.008275832349,0.006247817153
-3.395797873,-0.01227738995,-0.004503235071,-0.009262471454,-0.01620074285,-0.001636425027,-0.02316603304,0.008880833001,0.007002308856
-3.251977072,-0.01175370738,-0.004457545781,-0.009033901942,-0.01792173631,-0.00232178897,-0.02437020764,0.009491179439,0.006728693821
-3.360505928,-0.01170275943,-0.002619133881,-0.01002345573,-0.01779487548,-0.00170888103,-0.02288876339,0.007348063806,0.008394273197
-3.233380074,-0.0100176933,-0.003157778865,-0.007888143543,-0.01737691057,-0.001649202498,-0.02250787514,0.01069195241,0.006905531198
-3.419304679,-0.01095349725,-0.001715354521,-0.007409337401,-0.01425821178,0.0005153416053,-0.02264342092,0.005575193507,0.009025471493
-2.930664562,-0.008220585557,-0.001760828369,-0.008813708608,-0.01744887601,0.001134864152,-0.02197562194,0.01085743999,0.007308177691
1.923397681,-0.006891319293,-0.001716379907,-0.00883409325,-0.01572690358,7.873720577e-05,-0.0219215054,0.008488619944,0.009177621197
2.356246288,-0.007155444311,-0.001205019155,-0.008382080992,-0.0151803214,-0.001353735995,-0.02339632571,0.008154606,0.008259772001
2.190865318,-0.00839782394,-0.0002072562218,-0.006602078988,-0.01534459005,-0.00115096128,-0.021530029,0.01157665213,0.008040790348
2.231458335,-0.00506283004,0.003519471735,-0.006040466663,-0.01362491257,0.0008757227092,-0.02210416518,0.008299333722,0.008009214642
2.253241787,-0.003496981345,0.004118591835,-0.006755181716,-0.01600033135,0.0007870885251,-0.0222052153,0.01135834033,0.008375966364
2.243455351,-0.004021863315,0.00459596206,-0.007370939305,-0.01569829319,0.002042075844,-0.02345457363,0.007987563566,0.007851640612
2.175871252,-0.003106114194,0.002788944344,-0.006137965614,-0.01534526112,0.0002916596902,-0.0225261382,0.009568842503,0.009020597605
2.247291682,-0.001456975518,0.003150283684,-0.006007736636,-0.01464568631,0.00092045628,-0.02189554548,0.01031222298,0.008347437271
2.263965949,-0.003266320844,0.005478266389,-0.00677386374,-0.01330064187,0.0008466659518,-0.0213488455,0.009776773073,0.008639162639
2.255535486,-0.001823660921,0.005670256373,-0.005727713005,-0.01462770918,0.0005731137496,-0.02124932924,0.009885336618,0.007965326717
2.257413129,-0.0003995628969,0.005388838882,-0.00667222444,-0.01308508238,0.001150990523,-0.02069872749,0.008759693947,0.009394203142
2.268321529,-0.0009747897507,0.0048574286,-0.004852429197,-0.0144618246,0.0012736177,-0.02230993801,0.01057861399,0.008020689177
2.291648896,-0.002048342093,0.00567890676,-0.007283191336,-0.01501298404,5.795335346e-05,-0.02025853159,0.01151551981,0.01074410104
2.26908543,-0.002047019172,0.006122943835,-0.006820296201,-0.01401508132,0.001051495488,-0.0233576428,0.01054976448,0.009468230259
2.250113781,-0.0009223223877,0.005238940163,-0.007274653284,-0.01530327807,0.001764511973,-0.02104981017,0.009263575815,0.01034074266
2.251011711,-0.001540559792,0.005740925047,-0.005135822592,-0.01490256718,0.001385574011,-0.02108570619,0.01037652812,0.008569745411
2.231021551,-0.0005840804092,0.005452427418,-0.005336425157,-0.01281046261,0.001350200562,-0.02185556624,0.01032648174,0.007922641714
2.334321462,0.0002109570492,0.00678424658,-0.005390647509,-0.01363822531,0.000475944348,-0.02169455517,0.009535710528,0.009263097522
2.215496598,-0.001175557813,0.007726028183,-0.006315425857,-0.01544070101,0.001990150062,-0.02264579307,0.01090771365,0.00971046052
2.269039534,0.001422528684,0.008332405353,-0.006262825625,-0.01436431359,0.001525225666,-0.02207200393,0.00990232783,0.008870923069
2.343277069,0.009039748008,0.01534613484,-0.002903930396,-0.01282898987,0.003753598265,-0.01953848831,0.009917462445,0.008847003951
2.260000687,0.008172288763,0.01660343471,-0.002407675004,-0.01170052585,0.003286286132,-0.02106432345,0.009991580421,0.009774690416
2.254863775,0.007217160221,0.01474596007,-0.003437673589,-0.0135644451,0.002575756259,-0.01999209048,0.01142254457,0.01008680537
2.248005308,0.008063354849,0.01564795855,-0.002872679447,-0.01320110593,0.003935964841,-0.02225571669,0.009671674968,0.009609243588
2.306471306,0.007203267569,0.0148495565,-0.004078827401,-0.01339531067,0.001886677493,-0.02171774714,0.01141021773,0.008888639933
2.287063838,0.005383866451,0.01488840804,-0.002657521727,-0.01452117732,0.002758163477,-0.02116205501,0.01086842666,0.008798223795
2.245310678,0.003918660292,0.01221047214,-0.004949163994,-0.0144684627,0.002180376493,-0.0205724121,0.00928436899,0.007206121607
2.221557002,0.003426880509,0.01062117301,-0.004650940162,-0.01366076794,0.001715492965,-0.02248030334,0.01150007915,0.007763444821
2.256174842,0.003806594391,0.01212209692,-0.005091974388,-0.01362446457,0.002560376441,-0.02102057509,0.009155451598,0.007856096391
2.257700942,0.003861751777,0.007751776871,-0.004593394779,-0.0145909213,0.001814290754,-0.02235974743,0.009552481503,0.008385329188
2.295808734,0.001932614647,0.009646308027,-0.005656551186,-0.01573777645,0.000872035582,-0.02090255568,0.01076216941,0.007988064542
2.20449949,-0.0003674630918,0.007357470429,-0.006245481413,-0.01581975181,-4.763903901e-05,-0.02291322166,0.008447464624,0.008427742157
2.204368734,-0.0002355518842,0.00606772329,-0.00696557632,-0.01736019038,-0.000229350804,-0.02221069517,0.009693152807,0.007146385384
2.287753527,-0.0009125317777,0.00793425763,-0.005443800788,-0.01394738721,0.001078804964,-0.02234187592,0.007952826006,0.007196082545
2.288039851,-0.002298745562,0.005377535603,-0.004932208005,-0.01450314185,0.0008116152875,-0.02251744577,0.01071753959,0.007653521404
2.249182313,-0.002062638329,0.004936777363,-0.005612665797,-0.01625862666,-0.001009921358,-0.02245472112,0.00886676919,0.007805218595
2.303842089,-0.00399794596,0.004652170546,-0.007770467193,-0.01698453522,8.601646062e-05,-0.02473406618,0.008517693698,0.008279225533
2.283458711,-0.001771448745,0.003210187413,-0.005124100151,-0.01625920188,0.0004282156866,-0.0221241084,0.01027828541,0.008350533014
2.263379106,-0.002545143383,0.007459699677,-0.006865234257,-0.01581650397,0.001415899952,-0.0220507813,0.009559132923,0.006542669821
2.243882821,-0.003017744033,0.006030150341,-0.006800327474,-0.01458165261,0.0008911490493,-0.02080475734,0.008134788559,0.008396335286
2.2089777,-0.002468158372,0.005548427361,-0.006572402006,-0.01527768439,-0.0003102448075,-0.02203091205,0.00906449088,0.007967163805
2.256826258,-0.00191513449,0.006355071661,-0.004514412546,-0.01628258007,0.0004009419366,-0.02292758816,0.009779602476,0.007950026962
2.263881063,-0.002853497732,0.004388394117,-0.004159771582,-0.01482259048,-0.0003740512292,-0.02345898903,0.009944062584,0.008718523807
2.245004323,-0.002625511342,0.003824977214,-0.00571695619,-0.01592925892,0.000131241171,-0.02406926176,0.009449935465,0.007393140762
2.259411412,-0.004598654179,0.006438488959,-0.007592431893,-0.01493614141,-0.0006639449008,-0.02180506725,0.008096580099,0.006938187213
2.246928026,-0.002985335518,0.004030108064,-0.005679837578,-0.01543335625,0.001165923935,-0.02218242255,0.008848735154,0.007433085645
2.185182334,-0.007475286142,0.001066239173,-0.005779863775,-0.01464780699,-0.0009304845961,-0.02269250402,0.01056735474,0.007927792144
2.270338854,-0.01168968836,-0.005639419479,-0.008644541648,-0.01775949954,-0.001363565489,-0.02327235819,0.006880821822,0.005931674041
2.241688562,-0.01196292482,-0.004096437852,-0.01080416527,-0.01794208171,-0.001575863401,-0.02436249761,0.008752082343,0.0070650496
2.264568334,-0.01105471593,-0.004267502102,-0.008780725109,-0.01842574644,-0.0009401123184,-0.02483962089,0.007133046792,0.006997817331
2.210930762,-0.01198446524,-0.002033187375,-0.00922189007,-0.01628560753,-0.00135647275,-0.02439790253,0.009336895532,0.00812217539
2.259555891,-0.01033966846,-0.004056338856,-0.00841740462,-0.01704656472,-0.00231774363,-0.02230331671,0.009803498166,0.00778928467
2.222236981,-0.009431383818,-0.001353354398,-0.008571160451,-0.01655063453,-0.001032100657,-0.0231719681,0.008479121908,0.00794885942
2.261806977,-0.007322110036,-0.001846862569,-0.008648955905,-0.01589117059,0.0007333549697,-0.02292344755,0.01029865731,0.007635838507
2.259067573,-0.007482612583,0.0009890021943,-0.008082134525,-0.01559135646,-0.0002186319122,-0.02317571488,0.009107174091,0.008389405959
2.203251266,-0.007257531862,-0.0009619624639,-0.006735636874,-0.01417023865,-0.0004585065005,-0.02350982017,0.00693537339,0.007315744466
2.246039592,-0.006036829432,0.0001532368491,-0.007022759979,-0.01332963594,-0.0009440527008,-0.02125676526,0.009879449231,0.009173541463
2.223908654,-0.005319102197,0.003582729775,-0.007113583209,-0.01544812195,-0.0004954461004,-0.02346065883,0.01019197765,0.008579918533
2.212507332,-0.004205194073,0.004368620582,-0.006594982507,-0.01598982554,0.0002853589372,-0.02330153487,0.00918412045,0.007840673495
2.284222427,-0.003080184533,0.004547014192,-0.00509286518,-0.01416753934,7.752037352e-05,-0.02081778209,0.009363940431,0.008470483677
2.165985917,-0.003981790181,0.005905120251,-0.006004203435,-0.01500541844,0.002026674356,-0.02232245027,0.009381694719,0.009217139164
2.316143835,-0.002294716576,0.004743556816,-0.007524439457,-0.01379176122,0.0005004222684,-0.02346550968,0.01003798009,0.007425480298
2.169322281,-0.0002581794947,0.006290297956,-0.00730687206,-0.01498640285,0.001597222169,-0.02165222427,0.009716867526,0.008500304613
2.339508568,-0.0008733516738,0.006031381335,-0.005589875794,-0.01451164861,0.002396005709,-0.02168789541,0.008445867313,0.008070883477
2.068604757,-0.001260871794,0.004806573051,-0.004525760107,-0.01408951871,0.002103533497,-0.02127721852,0.01320726749,0.007983302867
2.637800661,-0.0009869890159,0.005252018866,-0.00480292418,-0.01218003625,0.001043546597,-0.02185038208,0.008990847739,0.007523089149
0.1956079983,-0.001479579396,0.005071158335,-0.007891518733,-0.01425838351,0.002412690102,-0.02232238234,0.008563913326,0.00852117754
-3.811542461,-4.338329134e-05,0.00723229906,-0.006344691637,-0.01397065684,0.001364536186,-0.02312324722,0.01191746907,0.00944085202
-3.096350241,-0.0007742245033,0.006343498841,-0.004902531941,-0.01500091653,0.000708717534,-0.022950944,0.008451713897,0.01061245506
-3.483944479,-0.0005579282491,0.007539510976,-0.006734542187,-0.01467124061,0.0007282324025,-0.02130409565,0.009726037549,0.008631498806
-3.198876262,-0.001600781936,0.006529929721,-0.006263588232,-0.01255788654,0.001959745589,-0.02226973572,0.009460349398,0.009047202978
-3.391282291,-0.0006244402098,0.007666388258,-0.006318684962,-0.01370438758,0.001718845629,-0.0226668671,0.01044938854,0.008199080816
-3.306572749,-0.001250009375,0.00476635096,-0.005087139549,-0.01253339818,0.0002580586483,-0.02204348498,0.0103734181,0.009261170162
-3.368819189,0.007108408993,0.01539722924,-0.003945157037,-0.01224826027,0.00249598591,-0.02125380263,0.009422032336,0.009583995456
-3.266180341,0.009360147871,0.01573385431,-0.004093077432,-0.011939336,0.003280138562,-0.02095319477,0.01311447424,0.01003418025
-3.424486024,0.007522552618,0.01691104234,-0.002275125256,-0.01417512005,0.002754183019,-0.02227594787,0.01019996558,0.0101783593
-3.156396625,0.006649638657,0.01787154429,-0.002239738474,-0.01364565793,0.004390696855,-0.02084071552,0.009753129697,0.009062521092
-3.606564454,0.006261728169,0.0147663175,-0.002742399953,-0.0131410674,0.00225786476,-0.01962528606,0.01279591194,0.008408842592
-2.295830673,0.007745899326,0.01425460658,-0.00410326764,-0.01258122046,0.002064494162,-0.02200864764,0.01095540338,0.01035116337
2.277300121,0.00328520966,0.0119485186,-0.003352927833,-0.01412626336,0.001691494166,-0.02362188539,0.008727356258,0.009903273518
2.277001866,0.002482015833,0.01131008188,-0.004157084583,-0.01221199339,0.001619866455,-0.02213235748,0.01065867884,0.008209624405
1.570354266,0.004437197319,0.0144864193,-0.004203959421,-0.01388204205,0.002624722408,-0.02127713432,0.01091766956,0.008753484994
-3.293347478,0.003427483355,0.01073849735,-0.003701068703,-0.01345017601,0.001148336771,-0.02217013873,0.009796279651,0.007590839687
-3.309620828,0.0008897147162,0.009618683956,-0.00423258554,-0.01500110849,0.001000690008,-0.02240062897,0.008944891739,0.008662472091
-3.36758179,7.229246391e-05,0.00723275252,-0.004433337875,-0.01405963133,0.001204724612,-0.02253926194,0.01001582692,0.009507314459
-3.283936695,-0.0005965252271,0.008839691333,-0.004251730593,-0.01479374036,-4.856434685e-05,-0.02124690771,0.01019196432,0.007274184756
-3.322764124,-0.00118629121,0.006219287296,-0.00581955058,-0.01487102679,0.000651881246,-0.02270193587,0.006866553826,0.007439732467
-3.318812041,-0.002247070719,0.006637722003,-0.006491945306,-0.01597482118,-0.0005517890498,-0.02267371999,0.009916457754,0.008561740206
-3.339397287,-0.002334815589,0.005955414302,-0.006413700627,-0.01611057793,-0.0005105873405,-0.02425724389,0.01032148713,0.007936316167
-3.35953301,-0.003167627208,0.004041804048,-0.007145202675,-0.01529807956,-7.857505509e-05,-0.02427008374,0.008035596469,0.00751707246
-3.342279724,-0.002651808773,0.005884917542,-0.007033187342,-0.01524071556,-0.000619405074,-0.02347193393,0.009791574863,0.007294842577
-3.318985197,-0.002694413715,0.004485308449,-0.00619022547,-0.01533768546,0.0001382651691,-0.02394648275,0.01066673616,0.007962414177
-3.327327391,-0.003027845062,0.006214621823,-0.00531380141,-0.01628933445,-0.0002296821308,-0.02329628722,0.009835945686,0.007538656972
-3.330471071,-0.004061698893,0.005180126811,-0.005843078482,-0.01563569243,-0.0004038224306,-0.02239446814,0.007571569215,0.008087563719
-3.37347205,-0.002338199431,0.007418397478,-0.006314172455,-0.01623704872,-0.0005690711147,-0.02147147863,0.008308404185,0.00775027142
-3.356722913,-0.002736057919,0.004688006791,-0.005450917392,-0.01551948795,-0.0005930605013,-0.02232497826,0.0102307738,0.007601891752
-3.294594503,-0.00315523423,0.006055050153,-0.006604588912,-0.01582662064,-0.0001807182009,-0.02302625914,0.008373454135,0.008019038296
-3.375844037,-0.003672755933,0.004227747987,-0.006476368744,-0.01551138618,-0.0004040093658,-0.02297863404,0.009276145219,0.008050201526
-3.341658264,-0.003490302432,0.004234791453,-0.006361044034,-0.01622247332,-3.744190674e-05,-0.02284148554,0.01084662093,0.00823547237
-3.293234955,-0.004970716262,0.00382958562,-0.005869789158,-0.01494757556,-0.001113553487,-0.02234079025,0.0094493971,0.007822726417
-3.349678464,-0.0116391994,-0.004125464348,-0.008785999338,-0.01762514493,-0.001882899754,-0.02477107687,0.007412458564,0.006934302082
-3.336727107,-0.01309085725,-0.003729225286,-0.008651324521,-0.0171155812,-0.002757908664,-0.02487222901,0.007087377963,0.007350799684
-3.332712781,-0.01191834174,-0.004441843699,-0.00891020778,-0.01676970504,-0.0008433699683,-0.0231116341,0.00875171622,0.005868015293
-3.33476158,-0.01116246098,-0.004631086407,-0.008727084244,-0.01719794957,-0.001453349825,-0.02305819955,0.008653407143,0.007049496872
-3.379848157,-0.01082422795,-0.003060552895,-0.008763119309,-0.0161910154,-0.002139265549,-0.02392954642,0.008346172542,0.006944536068
-3.311620988,-0.009604924845,-0.002110788233,-0.008075793849,-0.01633380633,-0.001171983743,-0.02421244348,0.009271745604,0.008475839903
-3.322582027,-0.007325056827,0.0005220918595,-0.008909848744,-0.01578383123,-0.001021359951,-0.02347154959,0.0100375287,0.007854187314
-3.324459605,-0.007659794746,-8.973140654e-05,-0.008322340576,-0.01628113612,0.0001739376539,-0.02384170006,0.008094528119,0.008418781933
-3.330093413,-0.008652423237,-0.001847648249,-0.006829575385,-0.01571528358,0.0003797247636,-0.02464882134,0.008215186247,0.007478707613
1.515510701,-0.006721022583,0.001561272859,-0.006336397376,-0.01580442016,9.892066714e-05,-0.02279830821,0.010054178,0.008788388845
2.399288815,-0.005533435311,0.002277643244,-0.008109544992,-0.01452475024,-8.841236962e-05,-0.02246045475,0.009787587495,0.007590650664
2.298007754,-0.004532660784,0.002754014841,-0.007140420154,-0.01621938872,0.0004984440991,-0.02230314168,0.009388783504,0.008490271951
2.188939082,-0.001870131904,0.005518387682,-0.006115879499,-0.01391327315,0.001844393269,-0.02230709943,0.0100965571,0.00777806581
2.471615694,-0.003410462547,0.004509522011,-0.007122344345,-0.01291675702,0.0005674450179,-0.02290039755,0.01013661037,0.007886175383
-2.024645258,-0.001814808413,0.006678829381,-0.005308706437,-0.01395480389,0.0004772826523,-0.02159521439,0.009732839147,0.008062481852
-3.608963301,-0.002106798864,0.005794988782,-0.004996024456,-0.01568516123,0.001363092642,-0.02247472914,0.00859048352,0.007815965629
-3.238698346,-0.0005330600279,0.006124199103,-0.005296414239,-0.0142378955,0.001478443549,-0.02329178644,0.01072852331,0.008454168545
-3.300200872,-0.00129646385,0.0060874431,-0.006044319848,-0.01406240096,0.0005182040178,-0.02320264835,0.01022736712,0.008899890266
-3.579314632,-0.002163716321,0.005533047187,-0.005405625368,-0.01367787072,0.0008342165039,-0.02293056268,0.01040638925,0.008434022215
-2.25975544,-0.001224822385,0.005486115516,-0.005460620433,-0.01383200238,0.002294598619,-0.02284405165,0.008871235587,0.008989191716
2.329940072,-0.001163083257,0.0057156206,-0.007158154993,-0.01417636894,0.00172264931,-0.02132400023,0.009173686938,0.008547268875
2.330952815,-0.000771819522,0.006809582728,-0.005991597294,-0.01376799795,0.001262131355,-0.02054460676,0.009382486888,0.009295727187
2.116225596,-0.0003493658887,0.006793183263,-0.005009919427,-0.01465266934,0.001997011036,-0.02260853855,0.009469714344,0.008204456734
2.623342833,-0.000756545869,0.006347364142,-0.007565032655,-0.01473138516,0.001972343727,-0.02270363423,0.01010484409,0.008637985936
0.2788308104,-0.0006822293912,0.008142025147,-0.006637674025,-0.01405594486,0.001371973316,-0.02272015618,0.01059409313,0.007806276256
-3.726863684,-0.00114740955,0.00589485665,-0.006256399868,-0.0142669006,0.001714814748,-0.02141925285,0.008376985961,0.007740543015
-3.13199288,0.003075588578,0.01127012304,-0.003977408211,-0.01205232914,0.003322865021,-0.02131314613,0.009656208586,0.01001387369
-3.403165313,0.008388101469,0.01594315614,-0.002588791963,-0.01216293818,0.003852653111,-0.01986550491,0.01054345958,0.009786490492
-3.242533528,0.007553259081,0.01557479454,-0.004411924392,-0.01393074112,0.004365577668,-0.02135355905,0.0105035379,0.007719981589
-3.260795359,0.007996254509,0.01453746089,-0.00316878987,-0.01243310507,0.003607201465,-0.02077024764,0.00972287304,0.008330937306
-3.427915404,0.007653713638,0.01465046482,-0.002859129449,-0.01301074682,0.003353755327,-0.02185477926,0.01103162948,0.008680085753
-3.165787221,0.006575579561,0.0169193997,-0.003751593046,-0.01383963932,0.004239240181,-0.02004335479,0.01069639836,0.00975770372
-3.643843148,0.005367060392,0.01435430778,-0.004766929945,-0.0146290595,0.00456331767,-0.02165455466,0.00792218126,0.00756452758
0.6937667975,0.004191879702,0.01199530626,-0.004312981868,-0.01505982192,0.0009080644731,-0.0215658468,0.01194097445,0.008763623328
2.671210922,0.004368727663,0.01177592824,-0.004464997894,-0.01506561541,0.001329582791,-0.02062241307,0.01041409867,0.008278767618
2.08722787,0.003398652561,0.01191706422,-0.005310333969,-0.01412380194,0.00107257127,-0.02209802098,0.008155796378,0.007495934175
2.354497148,0.002069134297,0.01094867767,-0.004789114745,-0.01564151222,0.002076172598,-0.02178487585,0.00974981031,0.008774313699
2.229254878,0.002036023051,0.009579856911,-0.005271743903,-0.01496083181,0.000814180146,-0.02212998521,0.009337101905,0.006590036218
2.278141311,-0.000215117094,0.004828145562,-0.005957123648,-0.01548520381,0.0003754145512,-0.02329490443,0.0100553702,0.008379665935
2.224073205,-0.0006854489477,0.00699822174,-0.005495550289,-0.01694321784,0.0001319648361,-0.02256979773,0.008219211607,0.00836594836
2.280589331,-0.0006847088477,0.006323856961,-0.005732026181,-0.01524781793,0.0005243369828,-0.02227161367,0.009955756903,0.007144928289
2.210115703,-0.0003993603323,0.006259592897,-0.006320614176,-0.01641490108,-0.0003759977418,-0.02152142776,0.008430572883,0.007187555746
2.271559911,-0.002823281262,0.006245753512,-0.006193358428,-0.01492696889,-0.0006413711466,-0.02228187621,0.008364573622,0.007196466043
2.215380334,-0.002708117828,0.004867893306,-0.006325008569,-0.01574635303,-7.834951136e-05,-0.02216186671,0.01017286566,0.006473949955
2.301853227,-0.002365135766,0.004999152072,-0.006920823454,-0.01628194033,-0.0005036901009,-0.02181508956,0.009252221117,0.007590710807
2.254579812,-0.002709658017,0.004859571277,-0.007104845449,-0.01570978959,-3.94601658e-06,-0.02407681117,0.009434760986,0.008489341897
2.265531264,-0.00327149235,0.004781406844,-0.006123668112,-0.01602478596,0.001063074866,-0.02235643861,0.009508461415,0.007638336156
2.26005843,-0.003084956088,0.004629332673,-0.005344482922,-0.01514360593,-0.0003826721995,-0.02287438169,0.009200424079,0.0081070818
2.266504953,-0.002640545555,0.004894359097,-0.005736316848,-0.01619545143,-0.00101400652,-0.0210566709,0.009567812379,0.007879526369
2.311956165,-0.003035720626,0.006478318605,-0.006119173416,-0.01616470976,0.0001161963674,-0.0224734348,0.00918927854,0.007744669923
2.256240339,-0.002377287094,0.005555793436,-0.006897981082,-0.01580989479,-0.0006253363388,-0.02269327376,0.009939759817,0.007650020992
2.273985243,-0.004351348596,0.004271795022,-0.007008059273,-0.01625038932,0.0003918904362,-0.0223706801,0.007297074547,0.007947001089
2.319893703,-0.003936444228,0.00321481983,-0.006916717408,-0.01485269377,0.000380606364,-0.0229750516,0.00985351889,0.00816421185
2.279360832,-0.01005286885,-0.0008542305104,-0.009129284729,-0.01617021156,-0.001322750574,-0.02263051073,0.007973525241,0.007063188554
2.258676722,-0.01334591533,-0.002478735655,-0.01003516951,-0.01820497086,-0.001995571219,-0.0245342958,0.008382933411,0.005094597508
2.285314021,-0.01214586219,-0.004458404977,-0.01014381977,-0.01788197948,-0.002074644159,-0.02431473946,0.008690200253,0.008469353103
2.26049318,-0.01196456657,-0.002353524718,-0.009025346208,-0.01780212842,-0.001410491243,-0.024282254,0.007561389053,0.006375798371
2.267277505,-0.01054820387,-0.004896919505,-0.008161727558,-0.01578149942,-0.001416044384,-0.02399731392,0.008809616996,0.007490104297
2.244016392,-0.01029324741,-0.002910677475,-0.008338932321,-0.01605917184,-0.001737408048,-0.02247346691,0.008609772473,0.006900118033
2.273259987,-0.008340676176,-0.0003487875757,-0.007901674325,-0.01438074606,0.000487630994,-0.02234633312,0.008784037982,0.006534875648
2.267597389,-0.007175042127,-0.001462248409,-0.008995347277,-0.01637725281,-0.0002088647578,-0.0222536333,0.007244412676,0.0076147135
2.245618187,-0.008109279849,0.0002839328667,-0.00796911065,-0.01681866405,-0.001075304867,-0.02266980393,0.01070284071,0.008192980378
2.242348445,-0.005547108514,-0.0001834110564,-0.007663969498,-0.01627859096,0.0001067061653,-0.02378781097,0.01001999104,0.009311425328
2.256930309,-0.005620809955,0.003210980454,-0.007171455893,-0.01572144451,0.0007523925349,-0.02187811085,0.01044597176,0.007839190206
2.237869906,-0.005506506212,0.003664928289,-0.008528442746,-0.01467897437,0.0004720626995,-0.02228520896,0.009351100655,0.008630757699
2.247071018,-0.003781357934,0.003734163096,-0.006609433164,-0.01490796751,0.0004427647334,-0.0231199497,0.01012634879,0.00765845683
2.21385791,-0.003270311536,0.003924296583,-0.007109068919,-0.01510973798,-9.844396088e-05,-0.02282025607,0.009974947487,0.007961312072
2.22227709,-0.001304566076,0.004829978314,-0.00655259967,-0.01417785011,6.558694402e-05,-0.02219283656,0.008899465188,0.00696554526
2.242437796,-0.003023880574,0.004786985136,-0.007357137078,-0.01518744602,0.002684000847,-0.02166207206,0.009939125499,0.007933115173
2.28737226,-0.000260302299,0.006399853659,-0.006409998725,-0.01466310553,0.001884861881,-0.02227653501,0.009491359258,0.00859952077
2.236365833,0.0001786679673,0.006914215212,-0.005410197964,-0.01419123139,0.001179430794,-0.02164345233,0.01033846816,0.008809419488
2.273333364,-0.001165117392,0.006406991966,-0.005762059797,-0.01439391725,0.001178319091,-0.02205388317,0.01094424812,0.008787425365
2.231074642,-0.0005654180106,0.005997080675,-0.005995638779,-0.01387007278,0.0007061898937,-0.02193366158,0.01108882652,0.008612598936
2.242516009,-0.001021936835,0.006282872507,-0.007443464868,-0.01507178341,0.001827813676,-0.02186106824,0.00982872654,0.008384008818
2.289974817,-0.0005593190109,0.006798609968,-0.005510874732,-0.0141216177,0.001238213576,-0.02192574795,0.009688293009,0.007450282263
2.236836391,-0.001095735189,0.007910623275,-0.006092172693,-0.01482542043,0.002399229757,-0.02246533043,0.01022329578,0.007976109092
2.227465873,-0.001752590331,0.005497258116,-0.004742970368,-0.01462113473,0.001298444637,-0.02214627531,0.009368282448,0.009620532766
2.284496186,-0.0006902583586,0.005819197607,-0.006017908353,-0.01244783189,2.936099221e-05,-0.0222195669,0.01002666582,0.007549770867
2.27719653,-0.000519266311,0.005388393515,-0.005992974762,-0.01543215203,0.002650299745,-0.02192790533,0.00965937273,0.00960459978
2.194794204,0.002122502571,0.009962908002,-0.006643188828,-0.01363882931,0.0025993148,-0.0220989472,0.009561652897,0.008507077953
2.270003868,0.008666947931,0.01646257698,-0.003612334887,-0.01239859849,0.003855416288,-0.02080836728,0.01242831134,0.01007216777
2.213823801,0.008751953508,0.01545926872,-0.002285586585,-0.01303700929,0.003032389288,-0.02071540607,0.01247363154,0.008735418987
2.269639439,0.007482785477,0.01362106484,-0.002643852984,-0.0127133604,0.003550736979,-0.02033853352,0.01067565015,0.008719211748
2.249936514,0.007917904324,0.01301971314,-0.004054814501,-0.01336611499,0.002669554909,-0.02133277779,0.01257055817,0.009406378377
2.263638838,0.007221359693,0.01653034937,-0.003692580634,-0.01329722511,0.003460855306,-0.0210262341,0.009738310194,0.008634864353
2.242711789,0.005927989564,0.01479488554,-0.003884107361,-0.01290010229,0.003139619508,-0.02078007577,0.01138044096,0.009733996578
2.288161766,0.003704996969,0.0116170038,-0.003467093102,-0.01553628924,0.00092101274,-0.02024562681,0.010847211,0.008248790842
2.212865172,0.003900940398,0.01126615975,-0.00456126569,-0.01561477469,0.00181698399,-0.02124978821,0.009264837242,0.007893551979
2.240463104,0.004387890606,0.01201752947,-0.006036993512,-0.0140905679,0.002262448482,-0.02228523106,0.0102911596,0.009507020775
2.209142725,0.003518227086,0.01173478136,-0.004310006137,-0.01414029772,0.002261011916,-0.01937803036,0.00839120543,0.007913809555
2.216204773,0.0008191269455,0.007855527114,-0.003790133727,-0.01382463946,0.00230232436,-0.02330986826,0.00919129289,0.008643182219
2.288804708,-0.0003136829979,0.008070441568,-0.006009678376,-0.01553395155,-0.0002887856604,-0.02234083243,0.009512118164,0.008407720874
2.27738515,0.0002874236149,0.00744795715,-0.005889760419,-0.01535221117,0.001665607538,-0.02376273035,0.00967997706,0.007983185926
2.21258061,-0.002307402047,0.005450650677,-0.006621185219,-0.01500457102,0.0005399309498,-0.02253039899,0.008793438344,0.006263968736
2.284685748,-0.00201331848,0.008674398762,-0.004260092871,-0.01564498321,0.0001128624395,-0.02243026761,0.009102093073,0.008002245929
2.18866086,-0.00394071435,0.005175347632,-0.005639464874,-0.01602577942,6.31090559e-05,-0.02305162293,0.01045168762,0.006554444532
2.349849199,-0.003248234247,0.002595160244,-0.007179910899,-0.01771256406,-0.0005304328376,-0.02251612713,0.008415670748,0.007715866466
2.10110129,-0.0009501851948,0.00468485936,-0.005953280979,-0.01662662627,0.0008604828387,-0.02282846946,0.01081002234,0.008134370718
2.622296441,-0.001436915084,0.004497322836,-0.006335050984,-0.01467418439,-0.0008074082422,-0.02172110481,0.008418292659,0.007630289851
0.8234507691,-0.002742946993,0.006682221737,-0.007107246931,-0.01497924529,0.0006333251796,-0.02174405205,0.008490714939,0.007538202009
-3.620225466,-0.003339712548,0.005827489313,-0.007166149384,-0.0169785238,-0.0001060572104,-0.02274415503,0.008798246111,0.007866978291
-3.192104012,-0.002547351571,0.005649942547,-0.00691684711,-0.01710423937,-0.0006724664321,-0.02299580093,0.009614238793,0.00748977206
-3.453725565,-0.003124911846,0.00400562051,-0.006030511289,-0.01603453549,0.0002587504788,-0.02128080917,0.01012406081,0.008274464291
-3.257048964,-0.0006010686922,0.00250329298,-0.006119387579,-0.01463622143,-0.0004797406895,-0.02294392735,0.00854637489,0.007757967379
-3.369076923,-0.003570194541,0.004514906194,-0.006238400701,-0.01493791309,0.0004095664257,-0.02346922742,0.00976301674,0.008031973041
-3.292879336,-0.002070771555,0.006050632456,-0.005792336418,-0.01631274391,-0.0007169149171,-0.02292839,0.008318681342,0.007257462638
-3.39753071,-0.007096272043,0.002634192411,-0.005311121748,-0.01943691704,-0.0007911128472,-0.02307179982,0.007676743758,0.006672353992
-3.355261478,-0.01284868802,-0.003919971381,-0.007653341969,-0.01836855334,-0.001947248881,-0.02396369051,0.01004142358,0.007338644711
-3.350444925,-0.01232348492,-0.005188427284,-0.01137471647,-0.0176597528,-0.001275512948,-0.02346130368,0.007389628618,0.006451210969
-3.309595541,-0.01183451774,-0.003300289774,-0.01066075079,-0.01625170401,-0.0009858023031,-0.02528922982,0.008644903304,0.006829520101
-3.303606313,-0.01253233371,-0.00303615237,-0.008832576987,-0.01678841701,-0.002241536502,-0.02322778118,0.009930120502,0.005885841119
-3.275437497,-0.0101194939,-0.001457912166,-0.007536784384,-0.01749194469,-0.0007314530945,-0.02349353747,0.008737439211,0.007742091138
1.547264493,-0.009306925932,-0.002027736048,-0.009102884378,-0.01761273775,-0.001261334298,-0.02382480006,0.007835724443,0.006797627147
2.349873825,-0.006213525644,0.0001978184026,-0.009098239506,-0.0157607334,0.001441049086,-0.022666759,0.01021209615,0.006115822183
2.149448362,-0.006195187257,-0.001360450034,-0.009338454664,-0.01499108928,0.0004910123616,-0.02371611274,0.01079439829,0.006496180839
-2.524145206,-0.008015589415,-0.0004883167863,-0.006949290799,-0.01654851293,-0.001001515982,-0.0230590378,0.008606229674,0.008316867886
-3.623960936,-0.006616758063,0.002519496287,-0.007450861887,-0.01568222665,0.001047029107,-0.0234645316,0.008264126096,0.007396773404
-3.204529639,-0.004084711677,0.001539604428,-0.008146251689,-0.01615537323,0.0004943965681,-0.02311189614,0.0126467118,0.008707548461
-3.420273464,-0.001925862931,0.004678479871,-0.008607958826,-0.01454789805,-0.0004656522873,-0.02291619592,0.009464365865,0.008213352834
-3.322339617,-0.003302252181,0.003318643556,-0.006956126655,-0.01472051345,0.0001206906961,-0.02287023655,0.008822881408,0.007279536504
-3.371759836,-0.002436262292,0.006334981837,-0.00606955394,-0.01521812327,0.001241799526,-0.02156420337,0.01183639936,0.007941162645
-3.308016173,-0.002835342937,0.005729337137,-0.004453161261,-0.01472452366,-0.0003905212192,-0.02317188039,0.009667133578,0.008779701503
-3.340228037,-0.001047318195,0.004973305677,-0.007095657001,-0.01468492271,-0.0002554898575,-0.02306685768,0.009206925749,0.008136421378
-3.328455095,8.144059277e-05,0.007978844299,-0.006422273106,-0.0141035596,0.001495946497,-0.02259391489,0.0104870795,0.008370015674
-3.355769632,-0.002270422295,0.006250887659,-0.006549396219,-0.0132305925,0.001231052231,-0.02102834956,0.009247179204,0.008925762727
-3.348541686,-0.001282783449,0.005035247823,-0.005425117657,-0.01404827494,0.001091789938,-0.02188653364,0.009472018445,0.008066967771
-3.34626904,-0.001753032118,0.005590818452,-0.005010650317,-0.01564582709,0.001166141088,-0.02185816294,0.01101531097,0.008324235196
-3.334763019,0.000223270946,0.006339558361,-0.006483246607,-0.0146425342,0.002314764397,-0.02238015266,0.009575648911,0.007946673246
-3.351521043,-0.0004254251031,0.006918983344,-0.005057345346,-0.01469889762,0.001508724114,-0.02251494998,0.01082114131,0.00899640438
-3.325628429,-0.001562613168,0.006732883309,-0.005303493349,-0.01531941112,0.001513030189,-0.0209325508,0.00731915704,0.008935180855
-3.347874687,-0.001716067072,0.007618693512,-0.006753486191,-0.01383996155,0.0009875433629,-0.02186221398,0.009296731675,0.007610081676
-3.338049048,0.0004067753204,0.006101935203,-0.006242656721,-0.01415859063,0.002216951708,-0.02250544633,0.01212836841,0.009057698727
-3.29832396,-0.001023740139,0.005724854097,-0.006137376792,-0.0150228627,0.00228362763,-0.02215159027,0.01103752734,0.008569980761
-3.345565391,0.006555579871,0.01202413368,-0.003171610728,-0.01467456714,0.001266229127,-0.02027702025,0.01013858673,0.008542031968
-3.295793771,0.009442570972,0.01495639564,-0.002163037885,-0.01172814799,0.00449425497,-0.02022724875,0.009636579612,0.009098558107
-3.352428493,0.007692679914,0.01638731044,-0.003254853879,-0.01303291544,0.002989347851,-0.02022986346,0.01160596685,0.009311549252
-3.314572497,0.007613235032,0.01543371376,-0.003400407045,-0.01264681244,0.002586173264,-0.0218337998,0.01063443672,0.008533234262
-3.356676265,0.006728048845,0.01384628236,-0.003548492985,-0.01304478883,0.003319917497,-0.0210072583,0.009410509127,0.009548926234
-3.298774749,0.007008276743,0.01539156466,-0.003267182786,-0.0124142887,0.002998887723,-0.02155186397,0.01107433583,0.009241762021
-3.445895804,0.003843886529,0.01211467187,-0.004351228353,-0.01137104277,0.002890250483,-0.02178459601,0.0121703392,0.007853912174
-3.164963728,0.003177523418,0.0109844044,-0.004263104193,-0.013538558,0.001209496368,-0.02032168151,0.009483364602,0.008180043785
-3.628166715,0.003853934651,0.01203734666,-0.005001933822,-0.0147474233,0.0007187757597,-0.02210797466,0.009413593372,0.008344728628
0.9566650589,0.004731380026,0.01231231673,-0.003939568611,-0.01476547891,0.001507598603,-0.0223653315,0.01149801623,0.008400329885
2.512704946,0.003010566131,0.01213806002,-0.003380164795,-0.01497303512,0.00126170919,-0.02124313274,0.009459928858,0.0081848913
2.194250062,-0.0008073603376,0.008372181538,-0.005298414098,-0.0155074359,0.001565167166,-0.02209779899,0.008703750741,0.006791440608
2.166637919,-0.0008528320961,0.006860972316,-0.005957501922,-0.01612384084,0.000771485919,-0.02238217681,0.009820329395,0.006846584216
2.529860208,-0.001617459234,0.00683067608,-0.0053992337,-0.01584823445,-0.001213720565,-0.02304348182,0.01030960987,0.007522111162
-1.720635584,-0.001844845522,0.005796998954,-0.005262836102,-0.015429968,0.0009181173952,-0.02342506488,0.008472631557,0.007463418862
-3.670335915,-0.002792030603,0.007157632922,-0.006417390119,-0.01527726898,-0.0004673225831,-0.02255417107,0.009190960094,0.007129957142
-3.146418988,-0.004117853377,0.004219764174,-0.007064930448,-0.01612726725,0.0004358305924,-0.02293204022,0.008119694285,0.007239294923
-3.395989264,-0.002717333282,0.005777799212,-0.006870622533,-0.01648148176,0.0004600837233,-0.02174232034,0.008208116003,0.006499528002
-3.482480353,-0.001765448404,0.005308531389,-0.005957381358,-0.01526195575,-0.0009475987345,-0.02268238926,0.01074740316,0.007074927772
-2.766564679,-0.001438604231,0.006395981811,-0.005845639484,-0.01517143474,0.001201232665,-0.02322996041,0.008916710044,0.007978974543
2.004211731,-0.002051356978,0.006242389145,-0.005891464483,-0.01652589207,0.0009174776584,-0.02194470142,0.008286911125,0.007039957723
2.353504275,-0.002706467214,0.005683661505,-0.006489838232,-0.01504849331,0.000605511525,-0.02191085605,0.009167931155,0.00784421173
2.06716864,-0.00239311177,0.004580574646,-0.005696827937,-0.01617750018,-0.0006894441064,-0.02448498602,0.01022727503,0.007836298462
2.673063245,-0.002764360444,0.005061727643,-0.006320146283,-0.01663665602,-8.40119046e-05,-0.02111635556,0.009064594353,0.008698878251
-0.1521022073,-0.003727381514,0.004897142195,-0.007245957132,-0.0160444064,-0.0002777456721,-0.02175764913,0.008098918128,0.006753329209
-3.726688866,-0.002585643747,0.003339109618,-0.007622899505,-0.01639378905,0.0007587083154,-0.02291417927,0.00978012921,0.008047974097
-3.11744509,-0.003062429486,0.002491878802,-0.006410526879,-0.01607827305,0.000240843765,-0.02313412044,0.008160733738,0.007699415062
-3.395779014,-0.01227986462,-0.004599353628,-0.009078205989,-0.01812796953,-0.002522060548,-0.02357537691,0.007596766543,0.005108005876
-3.236241738,-0.01223633492,-0.004858709785,-0.01005396833,-0.01796214946,-0.001259630586,-0.02242663815,0.009135557661,0.007457843962
-3.305439834,-0.01126981884,-0.002976110321,-0.0086257171,-0.01721810156,-0.001664122329,-0.02356788062,0.009000685724,0.006701274612
-3.405385331,-0.011747881,-0.003385426638,-0.009930560294,-0.01702825167,-0.001226499555,-0.02355461025,0.008774318502,0.007303423108
-3.042140977,-0.01132328088,-0.002778237207,-0.007367171098,-0.01639200215,-0.001353075017,-0.02218921578,0.008254893415,0.006666740009
-3.750094832,-0.01004904936,-0.002568304781,-0.008301081259,-0.01670372756,-0.0006611136123,-0.02351202148,0.006998207991,0.007820780872
0.06990524871,-0.008605862059,-0.0006628384447,-0.008558278924,-0.01518536429,0.0005659385259,-0.02351981392,0.009285660611,0.007712093183
2.715218681,-0.007320288956,-0.0004821570479,-0.00854927574,-0.01518601006,-0.0006308834531,-0.02381711581,0.009090971744,0.008477051162
1.963267022,-0.007853254352,-0.000686870523,-0.007725510741,-0.01671810482,-0.000874256939,-0.0233054113,0.008791618669,0.008346953878
2.380679803,-0.006399051401,0.0003756978192,-0.008132025003,-0.01499481638,-0.0007886140146,-0.02265516392,0.01039399835,0.007675921079
2.16041637,-0.005865676573,6.293057071e-05,-0.007511961021,-0.01505977485,-3.525889979e-05,-0.02196781987,0.009709668048,0.00813891835
2.295775703,-0.004067347548,0.003255950903,-0.007445737754,-0.01566072701,0.001768463078,-0.02334710217,0.009042116413,0.008454729616
2.22011368,-0.001518905551,0.0046716117,-0.008118622181,-0.01466802152,0.001226149717,-0.02371646549,0.009250824147,0.00816200392
2.31949999,-0.002275046696,0.004900912383,-0.00754154489,-0.01456513845,-0.0005213152563,-0.02306515963,0.009604094974,0.008803627431
2.266974988,-0.003247379259,0.004719436165,-0.006000975026,-0.01509193982,-0.0001275009343,-0.02306182093,0.009214571237,0.009112384734
2.234280012,-0.001097347093,0.005202899464,-0.006427922553,-0.01552608103,2.671136303e-05,-0.02187749869,0.008225541534,0.007326782426
2.278496424,-0.001663667345,0.0069839714,-0.007375677161,-0.01365061305,0.002269028031,-0.02269611339,0.01033378045,0.009169200277
2.268913482,-0.001137014202,0.005485417367,-0.006086510421,-0.01253510412,0.001233350895,-0.02171631168,0.01082638509,0.00870900837
2.262697615,-0.001143335572,0.004924911644,-0.007089553036,-0.01355717877,0.0004581495349,-0.02249164738,0.009042633904,0.00859986187
2.322873102,-0.001321473571,0.006890947424,-0.006590845266,-0.01548422839,0.002748698326,-0.02224592731,0.009671119813,0.008880766568
2.232699828,-0.00025332419,0.006635786052,-0.005947458561,-0.01383970113,0.001753855597,-0.02186340606,0.0105022948,0.009194435274
2.303297178,-0.001053332583,0.006197097057,-0.00735977061,-0.01537344541,0.001514693952,-0.02053834248,0.008460003692,0.008852822478
2.296602515,-0.000410317801,0.006127776736,-0.006791341869,-0.01427965573,0.002119730027,-0.02140012008,0.01067493265,0.009635026613
2.274043759,0.0005239997013,0.003076485312,-0.007993439456,-0.01697499465,0.001273763657,-0.02377326659,0.008778501202,0.00823335133
2.28066442,-0.0004140225552,0.007720659367,-0.002665928107,-0.01354059245,0.0019454851,-0.02125809741,0.01166325914,0.009194119007
2.305459062,-0.001652341366,0.00698478574,-0.004516863535,-0.01333284829,0.0006584238112,-0.02362261937,0.008955758881,0.009011189032
2.299141388,0.002788936562,0.0121332849,-0.00509871098,-0.01462672982,0.004527447557,-0.01945583592,0.008660022233,0.01020080917
2.232807324,0.009306496359,0.01469027886,-0.005269258018,-0.01352006934,0.001901064374,-0.0217460825,0.01333785055,0.008325872773
2.287728397,0.008173184006,0.01244851788,-0.003052015225,-0.01407538859,0.005566176347,-0.02143137928,0.0102972403,0.01172763283
2.224726104,0.008091474458,0.0158458837,-0.002788402836,-0.008360000845,0.002413389796,-0.02113914793,0.01386453288,0.008702300295
2.274837458,0.007978379193,0.01587376276,-0.003640347167,-0.01225172938,0.003683008262,-0.02093728851,0.007510479548,0.009574949395
2.260740025,0.006465678759,0.01939200833,-0.004341127757,-0.01373270206,0.004454280114,-0.02192106732,0.01001270232,0.009158156173
2.268294848,0.004325066525,0.01082317442,-0.003192301516,-0.0172490621,-0.0009117729153,-0.0233514024,0.01068678173,0.008532511597
2.243303415,0.001878430994,0.0115711625,-0.003901014192,-0.01405204354,0.003721268547,-0.02170764768,0.01050179929,0.01021545505
2.267618748,0.004652610073,0.01186652399,-0.002300126296,-0.01135277201,0.0001867542504,-0.01906970259,0.01302051819,0.007474018366
2.255517798,0.002774898228,0.01289438365,-0.007856193846,-0.01453228218,0.00447225473,-0.02052377983,0.006801437572,0.009689116982
2.253874985,0.001045831858,0.01158759389,-0.004638767862,-0.01514702791,0.0006201813969,-0.02184525907,0.009621559748,0.008092895996
2.247765276,0.0005971785226,0.00695044837,-0.006742610663,-0.01618117819,-0.0003450100504,-0.02330839726,0.009336655313,0.007826121625
2.242509405,-1.660851362e-05,0.00956368314,-0.004470872436,-0.01518201579,0.001317944852,-0.02098340874,0.01066427223,0.008339473567
2.281144567,-0.001619445584,0.005415979079,-0.006473475301,-0.01667303413,-0.0007949969485,-0.02157754023,0.008841561843,0.005788918455
2.257178642,-0.001258722807,0.007354808936,-0.007619113378,-0.01831943313,0.002387022781,-0.02188187106,0.007702815073,0.008215605761
2.24760333,-0.002640459277,0.006601271018,-0.006180347116,-0.01815609199,-0.0005512341688,-0.02278649026,0.01037613869,0.006100348562
2.253992052,-0.0036699522,0.005427787778,-0.00636927775,-0.01600993096,0.001062808209,-0.02314069289,0.006330328111,0.009578819088
2.24663,-0.002755439691,0.004844334848,-0.005568323298,-0.01354140186,0.0007806067309,-0.02122118738,0.01056778582,0.007918793267
2.22949164,-0.001683917214,0.004118140751,-0.005820146764,-0.01564644195,0.0001584118888,-0.02226438975,0.00824908429,0.007231361536
2.18373297,-0.002097974062,0.007650669817,-0.008398654291,-0.01723023182,0.001222381382,-0.02243373062,0.009073136657,0.008560053735
2.251778185,-0.004960358749,0.003764815089,-0.004744101554,-0.01709572521,0.0006454921643,-0.02182197238,0.01049810883,0.005931487959
2.231823279,-0.002221787317,0.005699863049,-0.005367179412,-0.01534194436,-0.0003223026164,-0.02178560872,0.00823848453,0.008812691816
2.2555504,-0.002147777814,0.005225771758,-0.006508081748,-0.01473953024,-0.0008080833174,-0.0221985389,0.01014951195,0.00690415886
2.212668448,-0.002200665538,0.003951592861,-0.007590407107,-0.01537113338,-0.0007554451633,-0.02299586214,0.008555549901,0.007382017335
2.215876464,-0.002797912596,0.008780702048,-0.00765768274,-0.01821202501,0.001409945535,-0.02297910197,0.00767065581,0.00890802358
2.280282964,-0.003633589987,0.004490152647,-0.004205551972,-0.01527960245,-0.0008495546263,-0.02248845521,0.01046195531,0.007342951927
2.295056046,-0.00299547518,0.002527058561,-0.00449906496,-0.01461243726,0.001698663356,-0.02309274251,0.00942872746,0.008739846887
2.243890931,-0.008828376351,-0.002038182555,-0.007362744045,-0.01533706785,-0.003219070047,-0.02142288192,0.01089680097,0.005998154232
2.268037321,-0.01244381855,-0.005987444282,-0.01227622627,-0.01983052135,-0.001948211211,-0.0244055295,0.002489834896,0.008645637414
2.211191715,-0.01189423139,-0.001636530863,-0.008549711323,-0.0188237994,-0.0001289668346,-0.02329602877,0.01101947992,0.006661456534
2.23100453,-0.009765754593,-0.003408348953,-0.008695529728,-0.01592426019,-0.003099497501,-0.02199078162,0.008372813728,0.005384833631
2.205437085,-0.01136352907,-0.0009005229494,-0.008772513831,-0.0184827976,0.0005106759584,-0.02209873559,0.005692031129,0.008092288633
2.254436681,-0.01006679142,-0.005241189792,-0.009358254748,-0.01728214492,-0.002564443765,-0.02348762065,0.01167940067,0.005661024163
2.228165015,-0.008570430866,-0.001634394427,-0.009078729485,-0.01692193999,0.002176786605,-0.02363623173,0.007033220511,0.009511798816
2.238511883,-0.006915969956,0.001047703785,-0.006640521758,-0.01402468615,-0.002158159659,-0.0211983023,0.01203643003,0.007495329085
2.276694749,-0.007429514228,4.53492224e-05,-0.006821206554,-0.01569155126,-0.0009717291336,-0.02228119223,0.004987156313,0.007827182142
2.256218003,-0.006863508892,0.0026661838,-0.005563074755,-0.01523318597,0.00188906652,-0.02280840899,0.01013552052,0.009061286971
2.310940161,-0.00650036504,-0.0008127433678,-0.007810640779,-0.01685781895,-0.002312437615,-0.02289916544,0.01131912995,0.005600058307
2.264950588,-0.003771808249,0.004780942263,-0.008201990113,-0.01511631588,0.002150349861,-0.02139554368,0.006130435835,0.01015247924
2.229645456,-0.005168366859,0.001733419986,-0.005871197433,-0.01410580334,0.0006757455361,-0.0230066025,0.01371265115,0.006115379538
2.247693496,-0.003103555375,0.004122732797,-0.008344440717,-0.01555861759,-0.0002775542693,-0.02182599868,0.009666934991,0.009429704328
2.252325658,-0.002707040353,0.004561498228,-0.005925864336,-0.01428908642,0.001752110915,-0.02217587612,0.007661999103,0.007698638613
2.229716937,-8.136234143e-05,0.003435981922,-0.007421693674,-0.01594423093,-0.001406961676,-0.02384109058,0.008988704644,0.008265686306
2.270107971,0.0009523498571,0.008254336085,-0.004983973751,-0.01436649658,0.003208085683,-0.02265008434,0.01076937792,0.00867829667
2.163231927,-0.001816408269,0.0070354449,-0.006502258734,-0.0146626531,0.001260601658,-0.02194204513,0.01129858617,0.005765020653
2.39769392,-0.0007465963742,0.004611946615,-0.006737186523,-0.01465188372,0.00263271893,-0.02254555162,0.008460517244,0.009296325234
1.721602289,-0.001934126327,0.005876912643,-0.00653836687,-0.01487404713,0.001551371871,-0.02282256729,0.011889677,0.007085017477
-3.150470168,-0.001999525626,0.005461794094,-0.00679234256,-0.01481221287,0.001552118256,-0.02261803525,0.01001236933,0.009210110518
-3.349812771,-0.001419173643,0.00951061544,-0.005350255665,-0.01295516037,0.001702744663,-0.02135595073,0.007820134844,0.009253655066
-3.307163989,-0.0004583222594,0.006273640633,-0.004827002756,-0.0152261928,0.001037664267,-0.02125736977,0.01159118208,0.006334281729
-3.328945241,-0.0008038913043,0.006789932018,-0.00634713282,-0.01504402815,0.002688651155,-0.02128581651,0.01018778049,0.01000237596
-3.316872961,-0.001315017742,0.007803499677,-0.0039459263,-0.0146848807,0.001086092894,-0.02272523209,0.01132089793,0.007508167959
-3.319041989,5.685098803e-05,0.004317657833,-0.006751396753,-0.01669259402,0.00045392511,-0.0211612588,0.008432386862,0.009495068538
-3.366020779,0.0004101963268,0.007751365928,-0.005035851491,-0.01233455132,0.003413962142,-0.01978696142,0.009515275931,0.009347059528
-3.368655783,0.007247451506,0.0136611182,-0.004704795833,-0.0102399104,0.001766822838,-0.02199025639,0.01278220678,0.007157417299
-3.26445557,0.008806298144,0.01582771852,-0.002385537462,-0.01228794397,0.00430498438,-0.02081171519,0.006024762031,0.01016737461
-3.447759768,0.009350905867,0.01540673649,-0.0008465059082,-0.01091576175,0.004774695403,-0.02022493873,0.01495531197,0.008883391023
-3.195011269,0.007136522205,0.0142218581,-0.003701549314,-0.01480173028,0.002492785438,-0.0195626897,0.01201912758,0.009411870151
-3.561366984,0.007108616082,0.01655200077,-0.004930386051,-0.01376040469,0.004215958651,-0.02082832245,0.007337962239,0.009004958131
1.212558935,0.005127389954,0.01146323956,-0.004862132622,-0.01343752473,0.001542877261,-0.0216775702,0.01535503717,0.007644781045
2.381429913,0.003806399278,0.01262728413,-0.003453957593,-0.01212784327,0.003651929069,-0.02123156002,0.01077276145,0.009560335691
2.359350562,0.003449134937,0.01240888872,-0.003218521681,-0.01178712735,0.000346461,-0.02178196303,0.008776325713,0.007078828674
-1.947111986,0.005700944305,0.01203595798,-0.003737101643,-0.017552306,0.001980051858,-0.02205553845,0.008156615627,0.01044254105
-3.721494138,0.003610026593,0.01331527474,-0.002656339032,-0.01666865653,0.003022395635,-0.02273345547,0.010880215,0.008976001901
-3.156828381,0.001667499266,0.007017420847,-0.005905427691,-0.01599840771,-2.922750995e-05,-0.02351564366,0.01289956727,0.006398866234
-3.455073127,-0.000446634896,0.008973992133,-0.005929281394,-0.01439064007,0.002587943593,-0.02103760049,0.007317085432,0.008610981441
-3.313848356,-0.002371867805,0.006084470005,-0.006870141385,-0.01500593592,-0.0005366303003,-0.02270132613,0.007702477581,0.00541247979
-3.389865405,-0.001251650517,0.007126607364,-0.004946963528,-0.01622733481,0.0009092113021,-0.02411569634,0.01028413627,0.007903390247
-3.33714344,-0.001529092802,0.006920511332,-0.006083566011,-0.01629060039,-0.0007029946977,-0.02455517747,0.01033701555,0.006974206127
-3.410219074,-0.002017411104,0.002888071472,-0.005406835311,-0.01663212995,-0.001279774994,-0.02290656258,0.008069880821,0.007614933882
-3.340426671,-0.004110477572,0.00454454095,-0.007177722488,-0.01439614846,-0.00014572114,-0.02089302453,0.01073464298,0.006881508882
-3.347957145,-0.003763666639,0.006419656547,-0.006398979401,-0.01528972313,0.0003822535696,-0.02110861893,0.01048446124,0.007490069308
-3.321735854,-0.0015938769,0.007025247588,-0.006462128419,-0.0157729084,0.00108861762,-0.02386627614,0.009078781282,0.008599281045
-3.337555354,-0.0033096162,0.007193284677,-0.004818074161,-0.01665470537,-0.0005435344211,-0.02329434882,0.008460526213,0.007021087657
-3.378973675,-0.003262075291,0.005208911736,-0.006066298905,-0.01536813726,-0.0003653756274,-0.02218298928,0.009297834397,0.00751905934
-3.309668043,-0.000949211899,0.004675699813,-0.005679557994,-0.01435267046,-0.0007683109605,-0.02067440847,0.008381579737,0.007325034584
-3.35433824,-0.002135897834,0.003385698089,-0.005341943513,-0.01512786088,-0.000246021825,-0.02392008354,0.01029675362,0.007407869238
-3.316499268,-0.004208696706,0.005419244938,-0.00509632257,-0.01731030637,-6.734142659e-05,-0.02309090023,0.00943770989,0.006737978512
-3.338563583,-0.004539550086,0.004001320795,-0.007013762401,-0.01855450677,0.0005116064689,-0.02344935478,0.00958810865,0.006758131657
-3.350284369,-0.003449495544,0.005416217269,-0.00579583618,-0.01761680958,0.001716069696,-0.02116873986,0.008348447627,0.007344176823
-3.376101975,-0.006523967242,0.001797741513,-0.007689226452,-0.01601421412,-0.001628617129,-0.02243746597,0.01035760951,0.006520162647
-3.296581474,-0.01310474325,-0.003941557139,-0.009287756897,-0.01666951721,-0.0004008458696,-0.0233416205,0.006876693108,0.006258695091
-3.343770302,-0.01179126578,-0.003666290956,-0.008139612584,-0.01821289857,-0.003308411837,-0.02443936503,0.01125494692,0.007741914459
-3.295839905,-0.01034742289,-0.00354394139,-0.008698005682,-0.01777711472,-0.001279769894,-0.02317275375,0.006987249294,0.007824831787
-3.406831584,-0.0121311818,-0.003065164924,-0.009825629957,-0.01665854946,-0.002076852757,-0.02400819069,0.008814866823,0.005612885404
-3.198909177,-0.01087136098,-0.003804475359,-0.009365824328,-0.01560262182,-0.001900072927,-0.02342120759,0.009126843007,0.006752794504
-3.517299911,-0.01052308825,0.001003912835,-0.009155019497,-0.0156220128,-0.0003493270872,-0.02387548463,0.009332340154,0.008131125739
-3.068169875,-0.008587588247,3.901864531e-05,-0.008171310391,-0.01610864196,-0.0006974433204,-0.02334591856,0.009316846959,0.008703983927
-3.800264686,-0.007315167753,0.0009743789358,-0.008118620269,-0.01730209468,0.0003067150347,-0.02270341541,0.008710508157,0.008135885585
0.03315003291,-0.006865263547,-0.002043042867,-0.007082834313,-0.01666478197,-0.0001427579161,-0.02255923994,0.00926664015,0.00760831199
2.624611426,-0.005465132213,-9.821995091e-05,-0.007701928227,-0.0147734243,0.0002118869533,-0.02289350867,0.01023050733,0.008940695715
2.157575459,-0.005644410866,0.002568566137,-0.00778120924,-0.0153319004,2.37247164e-05,-0.02173216422,0.009301119107,0.00833984478
2.128831961,-0.004617583875,0.002165678482,-0.007553279403,-0.01469812919,0.001193193735,-0.02265380493,0.009274461511,0.008771671208
2.621886033,-0.003175929198,0.004656538461,-0.005146759855,-0.01530331532,-0.0003907561041,-0.02164990744,0.008781532334,0.00950307226
-0.402738332,-0.002461407145,0.006176269,-0.006210040357,-0.01489362169,9.354428412e-05,-0.02453999364,0.009739439279,0.008242178239
-3.865530292,-0.001543849721,0.003554623805,-0.007770036622,-0.01360387483,0.00195056217,-0.02158849827,0.009561776521,0.008585906571
-3.021223557,-0.0001175664169,0.006190818263,-0.006768578361,-0.01195013499,0.0008261252085,-0.02084795089,0.01063945143,0.008480751971
-3.553776952,-8.700593559e-05,0.006028888791,-0.00673727522,-0.01564801119,0.002177046919,-0.02111273479,0.009522613827,0.008108843613
-3.109733726,-0.0004249345087,0.005905378376,-0.006256590615,-0.01649005437,0.001859534002,-0.0227769964,0.01098625255,0.009316894217
-3.547233537,-0.001106980819,0.006046117146,-0.005979847513,-0.01505031296,0.0008038563671,-0.02272701813,0.009907041622,0.009036396452
1.083691295,8.585291324e-05,0.005748256403,-0.007597878903,-0.01531043664,0.001980654714,-0.02157250764,0.009622032136,0.009161460384
2.540393849,-5.227769786e-05,0.006938932823,-0.00706245352,-0.01401752653,0.002017015682,-0.02245697688,0.009485769575,0.008348480008
2.046207859,-0.0003659426719,0.005590360286,-0.006379016833,-0.01499906554,0.0007225913915,-0.02364128213,0.01064694291,0.009000030238
2.536167292,2.084625405e-05,0.006038586649,-0.005299308513,-0.0169157573,0.0001816610325,-0.02152425007,0.01066303228,0.007791052886
1.596247892,-0.001464757159,0.006014087188,-0.006181825505,-0.01583473503,0.002084705783,-0.02126259051,0.008603402583,0.008637970545
-3.151085099,0.0002774647426,0.007257384701,-0.005798194989,-0.01413182508,0.003353781177,-0.02168001985,0.01040590012,0.00840290999
-3.363909592,-0.0008231191823,0.005440956987,-0.006495225313,-0.01332033849,0.001858597772,-0.0230276137,0.01058362433,0.009505388394
-3.280831584,0.007207913074,0.01275929213,-0.002639074046,-0.0127266125,0.002629981315,-0.0208242039,0.007585066959,0.009122837402
-3.368890037,0.009016858605,0.01580137682,-0.00217552542,-0.0133154148,0.003306055517,-0.02045062448,0.01066229886,0.01007276422
-3.198308381,0.008110133451,0.01637532875,-0.002851911978,-0.01336326045,0.00356069849,-0.02088179717,0.01152650563,0.01010896376
-3.449082283,0.00606434234,0.01512821967,-0.00264843441,-0.01446316632,0.003248857286,-0.02062602069,0.01139597154,0.01006056494
-3.096186847,0.006174012531,0.01536607691,-0.002883453687,-0.01211839271,0.001713499853,-0.02081140558,0.01177001096,0.008088505219
-3.731506832,0.006918602308,0.01445982849,-0.002805385184,-0.01346939711,0.003785069108,-0.02033008395,0.009545770882,0.009293261687
-1.423544161,0.004411910342,0.01146948576,-0.004233767242,-0.01442633842,0.002782691043,-0.02022549473,0.01118960465,0.009964710582
2.67275091,0.004629095254,0.01028477129,-0.004778878415,-0.01639998265,0.0023971657,-0.02211938045,0.008952668424,0.008089553834
2.068434326,0.004795760332,0.01338542989,-0.003417256206,-0.01464862893,0.002006695146,-0.02122328032,0.008924240016,0.008659723862
2.358949527,0.003564854111,0.01129835417,-0.004354144341,-0.01422319316,0.001301848685,-0.02147100544,0.009067859123,0.009313373614
2.186542416,0.001952329314,0.00971304444,-0.004739630171,-0.01388324584,0.001428260898,-0.02187802634,0.008917755749,0.009734142461
2.281486642,0.0001963686549,0.006614857786,-0.0057499436,-0.01507825599,0.0006966150534,-0.02379634195,0.01052531533,0.008704768059
2.17501521,-0.0002010632237,0.007682931762,-0.005567858571,-0.01752931712,0.0007262773952,-0.02255175032,0.009429026171,0.00770376507
2.285413723,-0.0004604981428,0.007096368942,-0.005534406966,-0.01541240794,0.001061301145,-0.02330260861,0.009635260501,0.008143999849
2.246392811,-0.001526388925,0.006663979462,-0.005930304231,-0.01427925666,0.0005498014196,-0.02282782839,0.009455441927,0.007630814572
2.282155636,-0.002521318515,0.005184895281,-0.005372181651,-0.01603499736,0.0003390022113,-0.0218638817,0.009676169777,0.007452611105
2.216318908,-0.003287179894,0.005039932263,-0.006489946136,-0.0174344623,-0.0003807636686,-0.02301501792,0.009097843515,0.007651451369
2.270583617,-0.00421124462,0.005580785234,-0.00584531547,-0.01608896803,-0.0001985299567,-0.02388401529,0.009749329872,0.007540791013
2.265490986,-0.00328034713,0.005534197742,-0.00667060435,-0.01610471951,0.0003235967634,-0.02266658756,0.008943960651,0.007469726276
2.311943667,-0.002418995633,0.005322879986,-0.007327585337,-0.01543790264,-0.0001131653917,-0.02291274321,0.01038722944,0.007394513288
2.264708743,-0.002681503804,0.005492785983,-0.005714828452,-0.01617878454,-6.492567029e-05,-0.02174817315,0.009745320922,0.007930871816
2.329780023,-0.002738602249,0.005023239116,-0.005638451688,-0.01619634768,-0.0001078759073,-0.02243705284,0.008173642029,0.008307583465
2.32491549,-0.003373326336,0.005909431241,-0.00566145944,-0.01552480005,-0.0007607460827,-0.02255558176,0.0103601106,0.00932388133
2.214998384,-0.004206128792,0.005173790638,-0.006613703621,-0.01530368034,0.0004510190295,-0.02333823984,0.009247297567,0.0082664411
2.219308716,-0.003964647739,0.005299440506,-0.006156088524,-0.01630906926,-1.419132482e-06,-0.02204356837,0.008019656611,0.007085431726
2.255026192,-0.004201721663,0.005075086001,-0.006132314827,-0.01522567059,9.257928613e-05,-0.02227162109,0.01051639074,0.007470861345
2.241626479,-0.00548744195,0.002574474092,-0.006227923163,-0.01928681531,-0.0002670122425,-0.02184249586,0.007734004518,0.007741331576
2.25801634,-0.009883974539,-0.003501619659,-0.007692076449,-0.01547099594,-0.002229447411,-0.02472694818,0.008859234057,0.005832307053
2.274879745,-0.01234703702,-0.005523354294,-0.007449956863,-0.01601216751,-0.001262529613,-0.02398303438,0.006451729247,0.005682344837
2.279269428,-0.0125329945,-0.001984767806,-0.009661285747,-0.0180554976,-0.001534207774,-0.02161379085,0.008821162939,0.007623985392
2.254312635,-0.01144820908,-0.004460244121,-0.01076495341,-0.0197183649,-0.002292151471,-0.02330050371,0.01008448873,0.007241897
2.253914444,-0.01074955601,-0.003240440494,-0.007804665514,-0.01860814865,1.483510553e-05,-0.0239363478,0.005460495936,0.008498783345
2.252787235,-0.009814540826,-0.002359211378,-0.006718809879,-0.01340295431,-0.000730555596,-0.0211314138,0.01414271163,0.006440445142
2.256113531,-0.008296668295,0.0001019742093,-0.008964007613,-0.015968095,-0.0007561157483,-0.02336955525,0.00535466531,0.008413543896
2.204147974,-0.007473300326,-0.0001541944602,-0.009973621937,-0.01585364938,0.0007617985016,-0.02300693764,0.007182321287,0.008495349796
2.251550645,-0.008038857177,-0.002973554409,-0.008072705557,-0.01693599683,-0.001874363866,-0.02488288309,0.01262254152,0.008327717325
2.246916156,-0.007359681338,0.001030705928,-0.006218083947,-0.01532950664,0.00183711919,-0.02274824966,0.00814056552,0.008221597609
2.258146864,-0.006036355011,0.001634551443,-0.007723801382,-0.01477286917,-0.0003302983609,-0.02147006292,0.01251889811,0.007170599627
2.321605086,-0.003620460991,0.005304469784,-0.008497693966,-0.01649509229,0.002897357802,-0.02105675821,0.007988654481,0.0078051286
2.282031917,-0.003798447442,0.002789319193,-0.006541362828,-0.01535315063,0.001434784038,-0.02257850874,0.01124835187,0.009881596055
2.2766075,-0.0006119241602,0.003386635924,-0.005922945481,-0.01409910182,-0.0005277088614,-0.0229262015,0.01001750858,0.008617127351
2.222782501,-0.001574110866,0.006729495507,-0.006303313884,-0.01389698082,0.003048251846,-0.02352649386,0.007399580414,0.01016280158
2.254837206,-0.001796759922,0.00522697618,-0.006065289238,-0.01525699984,3.458065288e-05,-0.02090030688,0.01313923807,0.007133749953
2.267634893,-0.0001782586466,0.008578947179,-0.006270768387,-0.01594238271,0.002474634488,-0.02264814131,0.007568891097,0.009166254552
2.239985845,-0.001936187187,0.004552635343,-0.005804344955,-0.01426304834,0.001837461173,-0.02172588844,0.01091866103,0.007985933623
2.253636989,-0.0006946634284,0.002002966799,-0.005928433848,-0.01226159587,0.0008763126554,-0.02135495072,0.009785445076,0.009679806305
2.248946464,-0.000622588621,0.008423418949,-0.006471657236,-0.01300543865,0.003155123476,-0.02102354209,0.01042493017,0.01076979134
2.244059271,-0.0004111685405,0.004948560668,-0.006196014952,-0.01326855346,-3.482605486e-06,-0.02324907023,0.01111802029,0.009232390455
2.273530007,-0.0008461412937,0.007314879217,-0.004705561375,-0.01596982919,0.002915943242,-0.02186443694,0.009259311516,0.01083689614
2.205965741,-0.00121240035,0.005832751554,-0.005705807264,-0.0145605419,0.001117499339,-0.02325225308,0.01190099754,0.007768811336
2.21651524,-0.0008131867259,0.006158746629,-0.006118219556,-0.01416058325,0.0006879527867,-0.02038488453,0.00955934288,0.009761908146
2.254722215,-0.0003131552642,0.007349611771,-0.006429653005,-0.01470133012,0.002162140974,-0.02199878694,0.009312291395,0.007875170207
2.277535106,-0.000591129635,0.004885528739,-0.007210219664,-0.01470023141,3.555064087e-05,-0.02253047413,0.01045147507,0.009836932496
2.224126017,0.003953109411,0.01196830033,-0.004295942183,-0.01301240096,0.002575003798,-0.02198680352,0.009169609588,0.008324011522
2.257979114,0.00991055432,0.01541583676,-0.001837456753,-0.01198057314,0.003476143237,-0.02115610565,0.01094924483,0.008651947028
2.231746267,0.008722508638,0.01441886719,-0.003205769005,-0.01301404125,0.004455472575,-0.02022488567,0.01213150798,0.009124289052
2.26602121,0.006922984506,0.01768513067,-0.004215198819,-0.01371113008,0.003493909609,-0.02175528017,0.01003974873,0.009030627454
2.251144718,0.007423798328,0.01423002147,-0.004753120568,-0.01444926299,0.002549165201,-0.02120911592,0.008920130721,0.008728577696
2.270055872,0.00737344757,0.01683454601,-0.00132647564,-0.01397697052,0.002234166751,-0.0220011966,0.01200474596,0.009951707824
2.325387964,0.00596358422,0.01287310885,-0.003667691685,-0.01270602883,0.002962824104,-0.02160307592,0.01091699793,0.008233203055
2.254969629,0.004805352641,0.01072402139,-0.003124107382,-0.01451511922,0.001512749995,-0.02101665794,0.009964993075,0.008556444282
2.271335891,0.003629550807,0.01322906695,-0.004689923145,-0.01469615523,0.002747540495,-0.02193487004,0.009348947228,0.007954182063
2.253429199,0.003278369896,0.01194732653,-0.002795235263,-0.01402474605,0.00167720243,-0.02133622881,0.01055070442,0.008634327039
2.265465722,0.00296969263,0.01116895313,-0.004185244122,-0.01402870027,0.001919334147,-0.0204440985,0.009521659476,0.008612443775
2.25946041,0.002064271307,0.009063087688,-0.005635349293,-0.01422240085,0.001333905098,-0.02180826617,0.007815817349,0.007908460692
2.160695344,0.0001056965722,0.006689541429,-0.006797893845,-0.01689697777,0.0007297743038,-0.02286785284,0.009842103881,0.007611961903
2.217745719,-0.001538773454,0.007704762534,-0.005307409818,-0.01556523947,0.001061657607,-0.0234800357,0.008622880697,0.006529055057
2.224148468,-0.002166683293,0.004958695785,-0.006139751486,-0.01633513938,-0.0001143934444,-0.0222354528,0.009702226386,0.00964828672
2.311155362,-0.001969160535,0.006619635225,-0.006414270044,-0.01610021762,0.0003985837947,-0.02196616391,0.01029604054,0.008075463477
2.168832378,-0.002338605746,0.0045754425,-0.006364968906,-0.01689410806,-0.0008012511023,-0.02211700127,0.008687750765,0.008537732261
2.374812157,-0.003840012427,0.00363536678,-0.006826791204,-0.01829963921,-0.0005352550892,-0.02391257277,0.008378213379,0.007187769222
2.053630219,-0.002238195019,0.007158417087,-0.00643997758,-0.01574305059,0.0006456788562,-0.02475496551,0.008528474343,0.006990083202
2.633981717,-0.002332604802,0.005791474621,-0.005135338017,-0.01643755339,-0.0004573648753,-0.02291456089,0.00987719699,0.007543077019
-1.701083371,-0.002573902884,0.007139040964,-0.00661391561,-0.01390925952,0.001130600971,-0.02154365133,0.008831016232,0.008234979118
-3.723153357,-0.003342319283,0.004438156318,-0.006030783177,-0.01427643987,-1.471220506e-05,-0.02173967543,0.008181371773,0.008953922789
-3.125790843,-0.002276910681,0.006142965298,-0.006013662402,-0.015713386,0.0003000555342,-0.02259616349,0.008557438532,0.00726615198
-3.454375593,-0.003427614321,0.005748025994,-0.006049569078,-0.01650809187,0.0008445050921,-0.0233819326,0.00850008098,0.006738493452
-3.229718306,-0.001404545562,0.004891075338,-0.005349947547,-0.01619532044,0.0002814915639,-0.02372181391,0.00883741672,0.00795835799
-3.412387215,-0.003499987703,0.005011199588,-0.006139638851,-0.01581985974,-0.0006892307523,-0.02173209372,0.009224939046,0.007672932315
-3.267103718,-0.003089052443,0.004935011472,-0.006109670164,-0.01567430724,-0.000175431141,-0.02303243255,0.009119870815,0.00824412538
-3.442960783,-0.00898612412,0.0005145170496,-0.00906790285,-0.01700721781,-0.001502315492,-0.02348726603,0.009836365243,0.007380447233
-3.181710206,-0.01291415274,-0.005129065749,-0.01029965656,-0.01776991503,-0.003101771422,-0.02402720792,0.007613469432,0.006354505143
-3.530152444,-0.01171647383,-0.004086290011,-0.00807140533,-0.01800197984,-0.001971353049,-0.02419912695,0.007903700775,0.007698585514
-3.092695491,-0.01170931309,-0.005033484035,-0.009142869922,-0.01679114485,-0.001046726007,-0.02305243694,0.008500435784,0.00845692777
-3.907579594,-0.01072411778,-0.003963441517,-0.009402284687,-0.01642746807,-0.001081454263,-0.02321241165,0.008875825462,0.007249034877
-0.3384494175,-0.009290696802,-0.002049955602,-0.009834080407,-0.0169226904,-0.0007840653237,-0.02390016634,0.007646033884,0.008145449316
2.442675557,-0.008069719072,3.863722219e-05,-0.007884591559,-0.01669147904,-0.001432784686,-0.02319484497,0.009229018831,0.008435859549
2.473645348,-0.006633298426,-0.0004119832999,-0.007116512183,-0.01635590495,0.0001676865263,-0.0238514292,0.008812316391,0.008553656636
-0.1882931952,-0.008264325549,-0.000789677968,-0.008913274374,-0.016029935,-0.00216455838,-0.02339499241,0.01021020344,0.007769225574
-3.951423626,-0.007101972258,1.053558908e-06,-0.008125221627,-0.01612322621,-0.0001967020783,-0.02145640443,0.008858033739,0.009039400056
-3.051660849,-0.006656505627,-0.0001779919831,-0.008659507567,-0.01448525447,0.0009727124874,-0.02224951637,0.009974004105,0.007395634044
-3.541755928,-0.005586847991,0.002426966341,-0.007073616077,-0.01479830627,0.001378616793,-0.02265691869,0.009880103121,0.007648220275
-3.214320861,-0.003443499902,0.004516936995,-0.005737387859,-0.01491178396,0.0001999004594,-0.02148820172,0.009684548437,0.009423376696
-3.428387268,-0.004033688422,0.003232306825,-0.007266648799,-0.01488933552,0.001003828526,-0.02215050669,0.009371573935,0.008368723304
-3.334517712,-0.001771808229,0.005283813533,-0.007163617508,-0.01591299905,0.0003322470831,-0.02276526548,0.01114673489,0.00822228115
-3.316174003,-0.002248019467,0.004986880831,-0.006163705562,-0.01533500155,0.0005615452718,-0.02253059246,0.009478980816,0.007764815805
-3.375698378,-0.0004338484117,0.00726632144,-0.006404233225,-0.01355353926,0.001468566301,-0.02143437925,0.007719098378,0.007824850146
-3.363833472,-0.001518653888,0.005680885201,-0.00686998426,-0.01381045338,0.002745298271,-0.02412105215,0.009744773874,0.009131858873
-3.309420493,-0.002417559002,0.004227680073,-0.00510722455,-0.01536269044,0.0006664682272,-0.023033987,0.01123631085,0.00837773899
-3.336051018,-0.0004916132601,0.004940313459,-0.005538337622,-0.01558929782,0.0008693500539,-0.02366808331,0.0086659214,0.008759823357
-3.307724653,-0.001822937115,0.007098376398,-0.005716852929,-0.01438390305,0.001119125406,-0.02043812542,0.00974708138,0.008193533982
-3.327999565,-0.002102244498,0.007884149828,-0.006145124899,-0.01288241368,0.001755041569,-0.02188421664,0.01161413012,0.008316007044
-3.335304238,-0.0001970259346,0.005982477706,-0.006341838394,-0.01386404566,0.0006917851591,-0.02245552131,0.01094084547,0.008598922033
-3.32571943,-0.001004095581,0.00480723176,-0.007359205342,-0.01535595402,0.002287915615,-0.02198113627,0.008846273321,0.007825079913
-3.309432498,-0.0010012589,0.006254790553,-0.005079914811,-0.01437265283,0.001995817247,-0.02147206738,0.009677580712,0.008071228226
-3.302659437,0.0004440833707,0.005839982046,-0.0057439983,-0.01350155467,0.0003635068528,-0.02192712596,0.01199046226,0.00952928391
-3.377849023,0.00197099329,0.008962001904,-0.004853469761,-0.01363511981,0.000262177778,-0.02082029896,0.01018040603,0.009094204974
-3.273057774,0.007441579877,0.01542706879,-0.002681605625,-0.01182413896,0.003416230034,-0.01865386663,0.01035353647,0.01017202382
-3.351785995,0.00832513929,0.017238389,-0.003092715066,-0.01349814082,0.003764414777,-0.0210796021,0.01123611927,0.008707762959
-3.298294208,0.007008900372,0.01423568699,-0.003547382967,-0.01369586155,0.004891537071,-0.02110062498,0.01107437251,0.009006767964
-3.383127381,0.007949946074,0.01624573078,-0.002180766282,-0.01287129309,0.002522410988,-0.02075156417,0.01139643585,0.00913318201
-3.232290269,0.007667747044,0.01439822094,-0.003706060814,-0.01230455969,0.003038585689,-0.02015194057,0.01076912897,0.01042258994
-3.435400122,0.005780406865,0.01483899087,-0.004383763655,-0.01393230777,0.002379805657,-0.02048685813,0.01061520405,0.008697804974
-3.13733786,0.004005644692,0.01150950719,-0.005434177,-0.0159914057,0.002408249388,-0.02200001582,0.01020530472,0.006303911346
-3.749910012,0.002837452774,0.01378186067,-0.002314643615,-0.01470232646,0.001783718158,-0.02281070528,0.01155544506,0.007887043721
-1.522059388,0.004891095558,0.01423253843,-0.00381296229,-0.01327997174,0.001852683727,-0.02167164741,0.01075148716,0.008720810703
2.568318328,0.004225283092,0.01223261698,-0.005706321136,-0.0147667461,0.002090180208,-0.02098539241,0.01018634259,0.009691154993
2.16832808,0.0009555531821,0.009235790278,-0.006394809666,-0.01529062112,-0.0003494185004,-0.02292651017,0.009687806036,0.00726927297
2.256271605,-0.0009190581519,0.008083437771,-0.005034447045,-0.0147911244,0.001786906203,-0.02201877175,0.008398569757,0.007089518665
2.40765723,-0.001417922427,0.008700523851,-0.00487032188,-0.01550089148,0.0003642621663,-0.02280101119,0.008720226599,0.007715712982
1.191080039,-0.00220322113,0.00569703131,-0.005806360729,-0.01358897593,0.0007601363234,-0.02118309563,0.009272798545,0.007422898583
-3.586632159,-0.0007378426976,0.005164237284,-0.00773010081,-0.01531332809,-0.0003990404742,-0.02194496682,0.008647677363,0.008386902746
-3.140300526,-0.001789329631,0.006224141173,-0.006199553095,-0.01669251937,-0.001503222581,-0.02223701411,0.01080092558,0.006702827709
-3.527503578,-0.002732233072,0.004509949343,-0.006494968117,-0.01604026803,0.0004224674519,-0.02329238878,0.009433262229,0.008261171814
-3.08640071,-0.001498146602,0.007105793951,-0.005373304705,-0.01665668406,0.0001319745261,-0.02326935458,0.008405571114,0.006823954985
-3.877220951,-0.001733153617,0.005033885767,-0.005897501992,-0.01607349495,6.494284238e-05,-0.02261124822,0.009512256754,0.008457412508
-0.1578798349,-0.002030846226,0.007226382286,-0.006708773172,-0.01600470383,0.0007038890706,-0.02265967914,0.009434641503,0.008245544731
2.637892178,-0.002364539453,0.003003910734,-0.007042905286,-0.01650039221,0.0003946471979,-0.02302985652,0.008615703985,0.008693611299
2.082212229,-0.001308273965,0.004449908007,-0.005966381732,-0.01671064565,-0.0002929626804,-0.02215036464,0.009399494111,0.007903819885
2.256581055,-0.00262361015,0.005633894799,-0.00609221718,-0.01561380506,0.0004367560684,-0.02266977587,0.00848322442,0.008430133879
2.440122997,-0.002208938515,0.004719984285,-0.007765217397,-0.01668997132,0.000144616499,-0.02308002663,0.008012978973,0.008967237217
-2.009527815,-0.002566477266,0.004955370126,-0.006204484548,-0.01383294879,-0.00080231493,-0.02237769116,0.01111872467,0.008892428694
-3.727016449,-0.003702696796,0.00419738264,-0.005750305477,-0.01469037387,-5.257243925e-05,-0.02310341497,0.009987986756,0.007157143867
-3.099375205,-0.006720821834,0.0004712096147,-0.006472422961,-0.01640176292,-0.001118904688,-0.02279330428,0.007781700259,0.008169769027
-3.421852363,-0.01222400191,-0.003436866519,-0.007728170554,-0.01738969331,-0.002462786638,-0.02302084615,0.00710345431,0.006138977194
-3.223442136,-0.0129712933,-0.004350323211,-0.009554245869,-0.01808948814,-0.00256894121,-0.02423061749,0.009542107481,0.007487273291
-3.433496018,-0.01207216494,-0.003187798593,-0.008984554605,-0.01670205737,-0.002067986654,-0.02123187654,0.008236261065,0.007013756702
-3.213449951,-0.01051729875,-0.004198360683,-0.00880894836,-0.01724556234,-0.002187978364,-0.02408273135,0.0076010661,0.006493089784
-3.519307221,-0.01130807941,-0.003857264057,-0.007828788445,-0.01746915001,-0.002494663483,-0.02276091376,0.009662843351,0.007318555795
-2.576800513,-0.009094227035,-0.0006567636447,-0.008331776159,-0.01748605807,-0.0009063935626,-0.02328867661,0.00945864354,0.007030649213
2.223648099,-0.007035342466,0.0001555104372,-0.007445536025,-0.0161483318,0.0007081709953,-0.02393393285,0.008172445859,0.007678457416
2.255266871,-0.007414452249,-0.0009119097482,-0.008482809639,-0.0154124945,0.0008017036416,-0.02456405626,0.01044166469,0.006751537034
2.345489313,-0.008186792049,-0.0006075273616,-0.009464481694,-0.01617728228,-0.001218771259,-0.02357639728,0.008466146002,0.008801993293
2.281937609,-0.006497126186,0.0004065807116,-0.007653604472,-0.01548052158,0.0001316307121,-0.02256327064,0.009009879375,0.009562721877
2.270913227,-0.00536399182,0.002902707797,-0.007428336875,-0.01505709156,0.0001777463489,-0.02327408164,0.009700285288,0.008388464696
2.278110112,-0.00436530868,0.005105257896,-0.008166594594,-0.01315300834,0.001273686585,-0.02238355879,0.009149591902,0.009192884532
2.276074094,-0.002836308435,0.002821260257,-0.006854984358,-0.0134842499,0.0001481181893,-0.02295128888,0.01088102863,0.007324677316
2.267006883,-0.0005844502906,0.0042539889,-0.006221598707,-0.01375056292,-0.0002532647012,-0.02212624335,0.01056433698,0.00855752991
2.267522425,-0.001869995241,0.00312666336,-0.00628477309,-0.01648406939,0.001659987432,-0.02171160412,0.008066207584,0.008140561268
2.195013595,-0.0005411827623,0.007194711651,-0.006122879641,-0.01461782025,0.0009513226793,-0.0218379642,0.01213844267,0.009582750122
2.29292845,-0.001689782722,0.008067584786,-0.004739447775,-0.01461310398,0.001724741661,-0.02229980661,0.01027172571,0.008373560849
2.298997636,-0.0009271005307,0.006185423934,-0.005830518505,-0.01599558636,0.001221053456,-0.02164045425,0.009894645242,0.008683984272
2.306270323,-0.0009758672802,0.004749715132,-0.006141771781,-0.01442383982,0.0006839612999,-0.02258554083,0.01126717212,0.00909275113
2.29352012,-0.002202001962,0.005877254399,-0.005777074957,-0.01324538518,0.0001946854335,-0.02247108372,0.01121236977,0.009457838804
2.237397015,-0.0004016815606,0.006389379304,-0.006209622251,-0.01573677573,0.001058287137,-0.02113697969,0.009968570329,0.008358879525
2.244090912,-0.001445893991,0.007446227259,-0.00382913922,-0.01496557061,0.001021683904,-0.02238326262,0.009786705313,0.008671829828
2.243142784,-0.0005465127719,0.005692281563,-0.006525676117,-0.01370598652,0.0009130360391,-0.02183689486,0.009548215982,0.008800610993
2.254240444,-0.0007795719177,0.005575636703,-0.003014942881,-0.01171557296,0.0009763160925,-0.0215540417,0.00986696932,0.009851950446
2.269479618,0.0008409997108,0.007969766038,-0.007741119761,-0.01100140271,0.0009891559775,-0.02209461192,0.009083719648,0.008485592882
2.266771872,-0.0007747212875,0.006303423557,-0.007242782163,-0.01541962988,0.001262841351,-0.0187268857,0.01114055884,0.007776534952
2.306643258,0.006663245081,0.01065101908,-0.01328023815,-0.01581040131,0.003805722733,-0.0221690809,0.01004911329,0.00943739755
2.247808965,0.009517229046,0.01645343262,0.0002511374656,-0.01292231426,0.004173187311,-0.01915406026,0.009935800079,0.01056500754
2.194533036,0.007492573011,0.01876521362,0.006637709713,-0.006842313815,0.001114667827,-0.023681069,0.01389087545,0.008913325836
2.306076373,0.008542990512,0.01750019814,0.001524545722,-0.01452751547,0.004706033749,-0.01916129072,0.008546297022,0.01050280891
2.26930776,0.007715241064,0.01115217942,-0.01705907993,-0.01750629139,-7.858674479e-05,-0.02110604621,0.01219014509,0.006340845208
2.233447495,0.005929246484,0.0118967984,-0.01032254318,-0.01469337054,0.003531710174,-0.02369098744,0.005263727828,0.009555534544
2.269965995,0.006095174617,0.01416493802,0.0007995802047,-0.005798200148,0.003895754441,-0.0232053804,0.0157074169,0.008411489022
2.253390795,0.004650886732,0.01379175957,0.003486524359,-0.009810384487,0.0003595033467,-0.01697284778,0.01139850159,0.008034795176
2.28730982,0.003301688647,0.01179816611,-0.008716111354,-0.01615493647,0.004624968632,-0.02328383321,0.002864791856,0.008328487655
2.289415753,0.002545990111,0.0083635845,-0.009820855406,-0.02102042381,-0.003280027589,-0.02356329289,0.01018133596,0.005139715364
2.266335167,0.00186770671,0.01154709559,-0.006456589064,-0.01341380353,0.003334241505,-0.02555356095,0.01258815281,0.00940239076
2.236230064,0.00133845847,0.011935903,0.003997488413,-0.009070913577,-0.000688728517,-0.01857208136,0.01223505985,0.007821934742
2.257386576,-0.0009284746695,0.007070819454,-0.007057236553,-0.01540598784,-0.0002282339577,-0.02021023513,0.005268275624,0.006845630767
2.287423426,-0.002248116342,0.007559223608,-0.009757098313,-0.02262577719,0.0008022394544,-0.02136216037,0.007380206567,0.007201638518
2.263290056,-0.002113514116,0.001114116789,-0.007781726762,-0.01877665622,-0.002406409273,-0.02792497787,0.01237100697,0.008031957756
2.279297161,-0.001522542229,0.01134671763,0.0002163387358,-0.01080139588,0.002157041323,-0.02051576772,0.008883830634,0.0092644671
2.273981708,-0.003836507393,0.001815137633,-0.006130752158,-0.01279340412,-0.003645075985,-0.01936736974,0.01130943271,0.004874551326
2.269970315,-0.002883713961,0.005199133434,-0.01150965656,-0.01831257637,0.002982234872,-0.01853491388,0.003418643104,0.007860854661
2.269056588,-0.001731500443,0.004937277334,-0.009214789722,-0.01979513315,-3.069201729e-05,-0.02861264818,0.01335329513,0.007489765793
2.235665201,-0.002996493904,0.004721683991,-0.002655817113,-0.0158040141,-0.0008159232224,-0.02407737699,0.007827518043,0.00983714151
2.277770745,-0.002453014784,0.009208123847,-0.002107463564,-0.01024047814,-0.0005321972108,-0.02034930285,0.01004373474,0.008103297457
2.312351996,-0.004014296641,0.001583875103,-0.00705493274,-0.01322379916,-0.0003719334354,-0.01822008391,0.006857102329,0.005964467128
2.281071155,-0.002076092888,0.005756732008,-0.01111009447,-0.01628969729,0.0004111691491,-0.02664254615,0.0106013025,0.007764662711
2.229140876,-0.001984619452,0.003604380032,-0.005706176828,-0.02022288168,-0.001699969428,-0.02558749654,0.01134580062,0.007085260254
2.274052883,-0.00292508415,0.005557582985,-0.003470841026,-0.01367672875,0.002307140715,-0.02251662888,0.008592498291,0.007716185673
2.25217104,-0.003981617337,0.005735216391,-0.002505794573,-0.01499800499,0.001256640143,-0.0170646804,0.007493343599,0.007023659257
2.303285113,-0.006166609294,0.004438856796,-0.011915034,-0.0153167089,0.000269333806,-0.02272762565,0.009877882176,0.007838901601
2.274067752,-0.01145335378,-0.00276123106,-0.01083899098,-0.01900175663,-0.001980824303,-0.02459555958,0.009632518317,0.00710104766
2.272812347,-0.01193346711,-0.007056560287,-0.008124368281,-0.01739502955,-0.002649539868,-0.02608967344,0.007977503677,0.007160699303
2.235691204,-0.01128685079,-0.003487576233,-0.004834080845,-0.0192250734,-0.001887900511,-0.02130193361,0.007624697539,0.00821026902
2.272707953,-0.01157476264,-0.0002512187242,-0.008716482002,-0.01714049447,-0.000991015637,-0.02134400051,0.008276163947,0.005429580264
2.211967345,-0.01162243526,-0.005084481273,-0.01196301516,-0.01693668363,0.0003243551003,-0.02382487469,0.007572682232,0.006549557631
2.217792862,-0.01153457996,-0.001271149839,-0.009006815369,-0.01785477601,-0.00262444497,-0.02647032758,0.01112563473,0.006799231985
2.274496273,-0.008391062042,-0.002011848276,-0.006573074637,-0.01347289122,-0.001659044854,-0.02298284254,0.008044607155,0.009565526011
2.260863605,-0.00707918201,0.0002178763062,-0.007274695966,-0.0152272294,-0.0001645092841,-0.02009217162,0.009304334542,0.007297767235
2.27540246,-0.007495105106,-0.0003984630182,-0.009181604413,-0.01519277585,0.0008506957849,-0.02144252593,0.00789769589,0.007420032005
2.218162698,-0.007154488637,0.001005138137,-0.009539994292,-0.01523631222,0.0001134482327,-0.0261056745,0.01057437843,0.007677205975
2.298945677,-0.005326527794,0.001937279901,-0.00530920963,-0.01449492543,0.001614745797,-0.02236489229,0.009366159966,0.008767666614
2.21608489,-0.004021876663,0.002007438676,-0.006147577763,-0.01327784671,-0.0006463765871,-0.02175442796,0.01156117777,0.009066576721
2.239767445,-0.001977616328,0.002871654604,-0.004519950175,-0.01491792077,-0.00122853876,-0.01929031978,0.00810009222,0.009718706883
2.225706847,-0.001649795202,0.005638790816,-0.009422046873,-0.01414181823,0.001253341093,-0.02368957103,0.009626698166,0.008908259453
2.288768767,-0.002842474332,0.005215215168,-0.007661055957,-0.01674879652,-5.824176133e-05,-0.02425262843,0.01016273899,0.008777999392
2.156110474,-0.001381317048,0.00519085505,-0.006475336268,-0.01442967614,0.002051990801,-0.02209900344,0.01097057395,0.00809197968
2.332213899,-0.0003217724569,0.005755475585,-0.003163213641,-0.01382688268,0.001281151435,-0.01790262691,0.009174526436,0.00774326754
2.109347518,-0.0004245399422,0.007117822446,-0.005099536647,-0.01329589546,0.001525418083,-0.02179271809,0.009507341842,0.008208775446
2.551074594,-0.001962539964,0.008255925354,-0.006890926682,-0.01569182799,0.000833077949,-0.02381904321,0.01279095568,0.01028996759
-1.621725069,-0.001969905043,0.00620371704,-0.007346918777,-0.01506103903,0.001395050858,-0.022556802,0.01194206407,0.008784750225
-3.735637505,-0.002681826879,0.008185249736,-0.004575346772,-0.01436116289,0.0007008293649,-0.02095242562,0.006857718906,0.009413951377
-3.146649945,-0.0006999992874,0.005848341702,-0.004108562297,-0.0128742851,0.001541044118,-0.02262004835,0.01151712477,0.007720628161
-3.434966588,-0.0008087552105,0.006849943828,-0.005033410798,-0.01504077996,0.001432684798,-0.02248095085,0.01009203111,0.00858468264
-3.234199919,-0.000712347048,0.005860691509,-0.00715384877,-0.01608415712,0.001788128152,-0.02267165262,0.008010739709,0.008981164483
-3.430567478,-0.00130024994,0.007649147168,-0.006118984507,-0.01409911058,0.001449477577,-0.02144458794,0.008378237792,0.01001202396
-3.252206358,-0.002798040409,0.006488133788,-0.005894062284,-0.01198158432,0.001712074598,-0.02244925194,0.01207550071,0.008382516589
-3.373268545,0.004223015294,0.008889478934,-0.004377119586,-0.01335436077,0.00028310777,-0.02096338994,0.01072203212,0.008059425046
-3.19167667,0.009461752712,0.01660518829,-0.003565461927,-0.01426480539,0.003664723689,-0.02085611702,0.01086019317,0.009150683811
-3.499239076,0.006954466884,0.01725343451,-0.005303697772,-0.01463506332,0.003659985022,-0.02013934376,0.009755959016,0.009813268259
-3.07379108,0.008624343681,0.01697690759,-0.00237160642,-0.01317150895,0.003521465341,-0.02095016946,0.01066176629,0.0101175281
-3.803155955,0.007223910015,0.01423610055,-0.00324572357,-0.01249060093,0.001557800966,-0.02057477169,0.01206492562,0.008614671903
-1.275264115,0.008387704092,0.01436234169,-0.004318436934,-0.01224038759,0.003234242841,-0.02089427295,0.009407620897,0.009387095407
2.465899153,0.004842859343,0.01240505645,-0.006153384515,-0.01500019605,0.003254657795,-0.02088202231,0.01034675625,0.008536409583
2.411352844,0.003052335668,0.01344687085,-0.004651771009,-0.01425017916,0.001916154758,-0.0223082982,0.01108269587,0.007714138703
0.7831413599,0.004678957825,0.01177754818,-0.003364694744,-0.0134557081,0.002515682643,-0.02062751536,0.008292445416,0.008406071645
-3.754930328,0.004036289425,0.0123614272,-0.002762998863,-0.01407418432,0.0004583365161,-0.02115887055,0.01047560623,0.007787649441
-3.104745681,0.003432682305,0.01121096805,-0.005211943546,-0.01498056787,0.002227834005,-0.0223553197,0.009341244798,0.007831784834
-3.510749598,-0.0003120103198,0.008827305931,-0.004758088962,-0.01656634608,0.001252972558,-0.02300145195,0.0102557459,0.008289591998
-3.257316667,-0.0008601117237,0.005549041758,-0.004542618562,-0.01572119158,0.001384919704,-0.02149252244,0.005776758631,0.007197741315
-3.36899151,-0.001800385365,0.008019207187,-0.005414950105,-0.01511172336,0.000932130435,-0.02297857606,0.01105319167,0.00718169531
-3.284773956,-0.001871469111,0.005047272497,-0.007274521885,-0.01644617669,0.0006712123059,-0.0220377128,0.01022530742,0.007220052036
-3.343971461,-0.001279782603,0.007271625333,-0.006693729505,-0.01799690348,-0.0008170810637,-0.02318035263,0.007237083949,0.005889586963
-3.326228557,-0.002020180976,0.004673964477,-0.004897468198,-0.01570400463,-0.0003071472377,-0.02387954547,0.00945116365,0.007878149327
-3.323380095,-0.004165490486,0.004954945235,-0.004062085429,-0.01469039125,0.0005279488064,-0.02150566573,0.008749724587,0.006883158295
-3.31635638,-0.002526292054,0.004722409561,-0.00468829566,-0.01609718064,-0.0008868335656,-0.02216752735,0.008904059577,0.007463264361
-3.349354827,-0.002538550131,0.003518384751,-0.007784836601,-0.01847590259,0.001052837424,-0.02431878189,0.007119392256,0.007935807858
-3.319637973,-0.00246768228,0.005513516656,-0.007156990652,-0.01601143964,0.0006932988555,-0.02436623683,0.009931038341,0.007201038021
-3.347133366,-0.002400855281,0.003825273536,-0.006495716149,-0.01556027478,0.0007195180953,-0.02229454227,0.01047929007,0.006843784478
-3.330291368,-0.002393931523,0.005206548993,-0.005313644909,-0.01588960831,0.0004100551814,-0.02230818008,0.007954264465,0.007306882578
-3.41085585,-0.003517338668,0.002570662512,-0.006809353455,-0.01625220321,-0.0009104810354,-0.02295320929,0.00884863806,0.007110639468
-3.291306446,-0.002639429526,0.004405479377,-0.006625665224,-0.01729693862,-9.671758982e-05,-0.02281679275,0.01026489449,0.008191562454
-3.373988387,-0.004182417971,0.004449135438,-0.007151213971,-0.01473020926,-0.0009661257056,-0.02387903433,0.0103137276,0.007029466755
-3.311649215,-0.002630216785,0.005059086219,-0.005101769178,-0.01545884952,0.0001786559149,-0.02214644875,0.008408761805,0.007596282615
-3.304134997,-0.009828709702,-0.0006359876338,-0.007823277179,-0.0177049168,-0.000409994001,-0.02238814887,0.008154596633,0.0056736632
-3.309935396,-0.0121499758,-0.006275950765,-0.009089085812,-0.01817666461,-0.0009796782232,-0.0244210332,0.009217214678,0.006471177306
-3.309133471,-0.01153865504,-0.003271775947,-0.008918897003,-0.01724438955,-0.002209154658,-0.02386223635,0.007859606332,0.008205729367
-3.385888564,-0.01196130835,-0.003218641878,-0.007832616459,-0.01739402355,-0.0001676862651,-0.02353664419,0.009071035811,0.006534611454
-3.342071669,-0.01027905838,-0.002595430013,-0.00769758487,-0.01639041617,-0.0002858506258,-0.02230109118,0.01087393563,0.007111261814
-3.422844184,-0.0100204462,-0.001698064374,-0.008710040544,-0.01774533371,-0.002264035896,-0.0227930481,0.01038852174,0.00722900575
-3.228987668,-0.009555701516,-0.001478378708,-0.008360148085,-0.01666578213,-0.001366882826,-0.02404022386,0.007096810958,0.008010130161
-3.564200546,-0.006876895685,0.00113878106,-0.00825535792,-0.01550596676,0.0004334111781,-0.02355072036,0.01115591187,0.008834494822
-2.528208971,-0.007766138297,-0.0005454673849,-0.008616552379,-0.01561348215,-0.0003919624407,-0.02388443863,0.010528072,0.007383450099
2.239382975,-0.007744574213,-0.002035096862,-0.007237214198,-0.01551174485,-0.002112477425,-0.02304816417,0.007950894813,0.008682947779
2.255005686,-0.006706014534,0.001133425857,-0.008317659551,-0.0169353786,0.0007013165161,-0.02331685026,0.009554751163,0.007019069996
2.294375367,-0.00514044856,0.002287384588,-0.007036209552,-0.0149546538,-7.529536078e-05,-0.02291857461,0.009795550606,0.008135314921
2.294395324,-0.002942911338,0.003711972494,-0.006417340427,-0.01488200882,0.0008292174744,-0.02357025815,0.008910348599,0.008027842144
1.947846182,-0.002901649467,0.005328059831,-0.006669013462,-0.0159095155,0.0007331032497,-0.02258802297,0.007797702207,0.009245068851
-3.055038202,-0.003145425137,0.003893715693,-0.0072525575,-0.01390486449,0.001050212209,-0.02206650748,0.01018280012,0.008373510505
-3.304343085,-0.00217132083,0.006125611856,-0.006527420573,-0.01460934248,0.0005108600986,-0.02278325406,0.01123797926,0.009612628612
-3.447469929,-0.0002642511869,0.006924906247,-0.005973181393,-0.01475601673,0.001097592156,-0.02277886336,0.008984771566,0.009028120984
-3.098998178,-0.002161973642,0.007095470392,-0.004921394729,-0.01316980178,0.0008917745452,-0.02117194204,0.01012203651,0.008525265387
-3.785239054,-0.001285497231,0.005545500683,-0.00533937544,-0.01497820795,0.002111669965,-0.02138872955,0.01065648653,0.009506039123
-1.248228865,-0.001530294434,0.005827709791,-0.005668242352,-0.0158600805,0.0005386527863,-0.02258163664,0.00980348529,0.009577518102
2.671296186,-0.001228700496,0.005834280941,-0.006295325385,-0.01533375268,0.001758972708,-0.02177745069,0.009628366376,0.008378804997
2.19903373,-0.001426729213,0.007044718445,-0.00580066335,-0.01587137886,0.002205921162,-0.02124818174,0.01115676297,0.00912007313
2.161122465,-0.0003911481458,0.006111383411,-0.004228475551,-0.01387230738,0.002530772001,-0.02133572675,0.01160010613,0.009907977844
2.583577986,-0.001276793019,0.006221088836,-0.004837577051,-0.01395087093,0.00203058736,-0.02187860005,0.009912958474,0.008365740117
-1.138185828,-0.001337539515,0.01116559983,-0.006758143766,-0.01501350333,0.002121590212,-0.0213759811,0.01174546797,0.008456938082
-3.748539874,-0.00107276361,0.004776658452,-0.005282527708,-0.01483627903,-0.001084786626,-0.02267984824,0.01144643083,0.008826550369
-3.094141513,2.831488242e-05,0.005411046701,-0.003940041543,-0.01289946953,0.003258542255,-0.02204517481,0.01066641837,0.00923583997
-3.432929177,0.007563517371,0.01410665471,-0.004779307069,-0.01287180466,0.0006433052981,-0.01994660444,0.0125616842,0.00913186902
-3.214078264,0.008068642648,0.01649958876,-0.004553259222,-0.01423334601,0.005598946265,-0.02015832459,0.005651530264,0.0106829237
-3.398757372,0.00816657628,0.01817006772,-0.001360174824,-0.009532478626,0.004725013008,-0.02243899714,0.01721196981,0.009144573364
-3.347716131,0.007486733359,0.01348559915,-0.003352535813,-0.01369098496,0.001459491179,-0.0201750816,0.006641020712,0.008374421797
-3.296406512,0.006254739498,0.01721688597,-0.004259360623,-0.01501238911,0.005099702975,-0.01987589549,0.0101115952,0.008145732104
-3.324197006,0.006315399297,0.009917466709,-0.004650937257,-0.01464118097,0.000547403899,-0.02250501465,0.01653449094,0.008982882653
1.301082216,0.00400726304,0.01522401643,-0.003802706574,-0.01369031542,0.006741791535,-0.0202693451,0.006250558184,0.01063135463
2.498274176,0.004371390232,0.01123803713,-0.003038639216,-0.01221236179,-0.001532334565,-0.02062273724,0.01530224569,0.007838516348
2.12264753,0.004842989553,0.01092613071,-0.005943921563,-0.01505791903,0.002808548328,-0.02208732671,0.004646559089,0.009086509163
2.303930231,0.003530878956,0.01088592429,-0.004252782728,-0.01689466923,0.003032398852,-0.02250865167,0.01261082954,0.008713164402
2.237049177,0.001924574887,0.007714044969,-0.005777665072,-0.01619992217,0.000485029541,-0.02134727014,0.01210160799,0.007387145675
2.270581149,-0.001886027433,0.01346154499,-0.003327819496,-0.01560566158,0.004261153581,-0.02242412557,0.002602495591,0.008809653366
2.261781449,-0.001221686809,0.005291509081,-0.005328843235,-0.01585072663,-0.002026027657,-0.02017070265,0.01473985039,0.006293902421
2.286632617,-0.001712143637,0.007835822706,-0.006266747881,-0.01735411109,0.0003589620771,-0.01943401888,0.008522326668,0.009470848526
2.288973278,-0.002608760824,0.002667386934,-0.005047075093,-0.01662912759,-0.0007263854555,-0.02528273351,0.00625853813,0.008160943566
2.302065832,-0.000684149328,0.002964545815,-0.005955300208,-0.01621364157,-0.001219811561,-0.02380206845,0.01055901919,0.007980650126
2.307187216,-0.004993366925,0.008800009341,-0.005563677529,-0.01491852011,0.0004814824227,-0.02085858475,0.009571178503,0.007505340542
2.250251076,-0.003760353208,0.004638826125,-0.007348607617,-0.01513300865,0.0007820803699,-0.02320120285,0.009281825894,0.006566203976
2.312105468,-0.001706634426,0.007865974786,-0.006047115235,-0.01879664549,0.0008493703109,-0.02510042966,0.008145027151,0.00797471096
2.215998376,-0.004218862247,0.008273518007,-0.005480294899,-0.01850085382,-0.0005878622031,-0.02085123476,0.008509483225,0.006009252135
2.271074746,-0.002593514938,0.000194146697,-0.006419151502,-0.01362999228,-0.002960928696,-0.01880498684,0.008881438713,0.007549926972
2.233634641,-0.00100496835,0.006291226992,-0.004893993733,-0.01301843826,0.00112789265,-0.02264755616,0.008863895004,0.009496213782
2.27511737,-0.004266439229,0.004286732365,-0.007316514236,-0.01550303965,-0.001894384729,-0.02477702841,0.01215325226,0.006478784013
2.217018915,-0.00219768371,0.006031360339,-0.007793623934,-0.01764028721,-0.0003287634055,-0.01945821303,0.006762789649,0.007818063438
2.233463025,-0.002854857666,0.004104212716,-0.004549062847,-0.0146656114,0.001618228011,-0.02108583749,0.005374728362,0.007500275837
2.247162325,-0.002931907108,0.004750327802,-0.004518642644,-0.01663816206,7.979647252e-05,-0.02384319312,0.01443366763,0.008107890356
2.298867425,-0.007165888609,0.005341648829,-0.006393492459,-0.01628068789,-0.0017763361,-0.02432220699,0.01872204685,0.00845777363
2.259144283,-0.0122430369,-0.008932562727,-0.01140691365,-0.01946471912,0.0003993848235,-0.02583699042,0.00603547722,0.005535256454
2.242062482,-0.01250899459,-0.006496449113,-0.01867642967,-0.02456994046,0.0006589600411,-0.02194363063,0.003842218189,0.0074106868
2.240712478,-0.01155966513,-0.003260746992,-0.006128180304,-0.01008536375,-0.001228250761,-0.02345457529,0.004784621145,0.006594948028
2.266350673,-0.01118939719,0.0004228684791,0.001511284562,-0.007772691246,-0.005064655646,-0.03028447953,0.0148309435,0.008344996986
2.228879332,-0.01166597968,-0.001472328558,-0.003954497867,-0.02199597762,-0.002281543893,-0.01697904493,0.008735721254,0.01023559091
2.246401254,-0.009891110998,-0.00570850949,-0.02341583557,-0.02867171835,6.83697195e-05,-0.02136752332,0.004516991473,0.003334669066
2.279402453,-0.006929036523,-0.007177738681,-0.01131701795,-0.01741134762,0.002608662208,-0.02507710943,0.008601814877,0.008432779222
2.245044967,-0.007256175539,0.003430993297,-0.002392083116,-0.002999642254,-0.00117484366,-0.0272884584,0.009604558467,0.007635121286
2.27815894,-0.00982853629,0.003047441236,-0.0006132298056,-0.008949771509,-0.002289762686,-0.01793069224,0.01001886963,0.008747344752
2.300545149,-0.006286515636,0.004219104429,-0.01329910434,-0.01752877693,-0.0001274070892,-0.02082413366,0.004809635178,0.009276026251
2.313883409,-0.00416193686,-0.00269306928,-0.01273732331,-0.02487287354,-0.001295652562,-0.02485728008,0.01184347789,0.006165120014
2.233031783,-0.003645374819,0.001388716382,-0.005412367559,-0.01638441294,0.001377714965,-0.02485399117,0.01652369022,0.00966756468
2.23490342,-0.002273610605,0.004951244712,0.004205073523,-0.006685296488,0.002156402504,-0.02054880174,0.01152261704,0.0054448388
2.246405173,-0.001757684738,0.005803924867,-0.008363707728,-0.01142432931,0.002899291933,-0.01965350675,0.00253483696,0.008414155479
2.239446956,-0.002413326456,0.004988128535,-0.01228603009,-0.02342463212,0.0020748568,-0.02387830106,0.005435309654,0.008386292399
2.24870637,-0.0014363377,0.006015423163,-0.008720112615,-0.01741717,-0.0002698683609,-0.02908086813,0.01416627229,0.009677949827
2.295135142,0.0006852609547,0.003705105801,0.002809801457,-0.01203334471,0.001598781869,-0.02124762717,0.01134934772,0.01006131951
2.262298437,-0.002123767698,0.006167233375,-0.004471698367,-0.01057382953,0.0008005303665,-0.01427238983,0.01299745577,0.006624933786
2.249085821,-0.001557245279,0.001332875807,-0.01161435594,-0.01405301185,0.002879008941,-0.02053196865,0.002844605094,0.007172877205
2.243461411,-0.001410359902,0.007945696712,-0.01104526683,-0.01767393774,-4.429100635e-05,-0.02644709225,0.02128488028,0.009383066718
2.260836171,-0.002242580371,0.008683046721,-0.003813709417,-0.01581016287,0.001939514447,-0.02406105675,0.01691793189,0.009966799325
2.232477929,-0.00106783247,0.008790055682,0.001497069941,-0.01213779614,0.001703833611,-0.01827929564,-0.003315761598,0.01121774088
2.271144917,-0.001931406084,0.008492399562,-0.008583838995,-0.01058450336,-0.0002394332572,-0.01891871254,0.007287808804,0.007604675962
2.268848715,-0.001355962902,0.006138345703,-0.01275018246,-0.01503764104,0.001598797012,-0.02157963218,0.02345264571,0.007626165491
2.269856552,-0.001787651139,0.00450178828,-0.005464780114,-0.01901386243,0.001205584528,-0.02412714184,0.01183030476,0.009284955812
2.262797556,-0.001141853379,0.006318859963,0.001174524307,-0.01450671119,0.001788084433,-0.02063155503,-0.003578811717,0.007199841514
2.279994787,0.006312356207,0.01212845763,-0.003139699966,-0.009879390464,0.002647601399,-0.02147573337,0.008701913888,0.009241538433
2.254340211,0.01001586495,0.01223848303,-0.005806014027,-0.01073481196,0.003599832929,-0.02242166463,0.02443176089,0.01193833294
2.28186573,0.01007989765,0.01444683117,-0.007733503063,-0.01262964186,0.001825482747,-0.02201444436,0.004034450786,0.00932177943
2.264912138,0.006617553543,0.021616464,-0.003790098077,-0.01043666666,0.004827148269,-0.01527734559,0.007992748482,0.008187472995
2.268561617,0.005878991072,0.02019442519,-0.0005316457216,-0.01408296423,0.003091486806,-0.02593288299,0.02149048797,0.007544760377
2.227585103,0.006921112028,0.01295476015,-0.002203115282,-0.01962642293,0.004175047873,-0.0224957201,0.00689628642,0.01171448669
2.239276058,0.003308871981,0.007228961445,-0.006318018305,-0.01467703068,0.002804716997,-0.02268147575,0.006498253357,0.005642222823
2.20878244,0.004174869078,0.01201449429,-0.003272628825,-0.01124831957,0.0004006513709,-0.01952586831,0.01502342899,0.008163377687
2.241063817,0.005319428938,0.01235465916,-0.00254267096,-0.007961972213,0.003385022554,-0.02114496552,0.007906999126,0.01080734248
2.218061789,0.00238055327,0.01124556963,-0.001949428235,-0.01687284086,0.0003597623643,-0.01966079598,0.003561657235,0.007877896433
2.243774831,0.0009558071179,0.01149007731,-0.004854524213,-0.01687145027,-0.0002568496982,-0.02724121679,0.007029238715,0.007749673067
2.276934648,9.720111071e-05,0.00783166314,-0.006257542096,-0.01745767862,0.001067092644,-0.02353549728,0.01687898691,0.006778934756
2.262912263,-5.7550328e-05,0.00748611409,-0.006970339189,-0.01339080954,0.002363581693,-0.02126139513,0.01166869681,0.007890198846
2.253771852,-0.002248580726,0.009091657569,-0.002585793213,-0.01318487496,0.001395648245,-0.0184414339,0.004594063358,0.006281002442
2.209589349,-0.002711643224,0.005264685228,-0.005806785845,-0.01900913815,-0.001571142253,-0.02385754153,0.01128138392,0.007155850062
2.17110054,-0.0007919620966,0.00534832227,-0.007392859633,-0.01733607593,-0.001313639944,-0.02510381037,0.0131547183,0.009446846112
2.294044246,-0.003342279471,0.0004982500868,-0.008245225496,-0.01878792071,-0.001788929696,-0.02531972412,0.006313004417,0.007156640124
2.065054385,-0.002499973661,0.006060494083,-0.008718658969,-0.01484764172,0.0002511281618,-0.01861609237,0.008342385976,0.007813628742
2.438108009,-0.002491579555,0.01016806706,-0.005102348943,-0.01635334888,0.002600057183,-0.02224506801,0.0104173398,0.005396320156
1.307604855,-0.004268844263,0.004167350005,-0.005091318429,-0.01660467161,0.003017901244,-0.02656520844,0.009969090657,0.008509868575
-3.393798083,-0.003357547554,0.002614768289,-0.006081333425,-0.01854573388,-0.004190272856,-0.02509185577,0.007232157633,0.009002313216
-3.220749917,-0.003459830814,0.0009702797035,-0.009569183364,-0.01342863618,-0.001465821235,-0.02139607533,0.007813393946,0.007844324586
-3.375678795,-0.003406109559,0.008593592583,-0.007543108952,-0.01090148874,0.0002121427858,-0.02265687295,0.0147746708,0.008657548399
-3.306214773,-0.004673572941,0.009077512314,-0.006445291966,-0.01438892633,-0.0008846543483,-0.02286099624,0.01470051785,0.00787912282
-3.350921339,-0.005000556701,0.005731975891,-0.007815831634,-0.01741093947,0.00174907635,-0.02138845517,0.0075157557,0.00648756643
-3.31311078,-0.002629031201,0.006774143284,-0.005556960285,-0.01886944697,0.001446451128,-0.02056090375,0.009342115098,0.006893497168
-3.342196883,-0.002622303396,0.005340956868,-0.006053368216,-0.01552456153,0.001665441204,-0.02411716862,0.009024389104,0.008571525425
-3.327762951,-0.01232978226,-0.004604970179,-0.009784133927,-0.01710841095,-0.00185838187,-0.02277953651,0.004824806153,0.006972287968
-3.359653211,-0.01276543242,-0.004590924756,-0.01030787951,-0.01437723178,-0.004644289679,-0.02216894931,0.00883096789,0.007569512918
-3.388254082,-0.01146579223,-0.00429028202,-0.006012387976,-0.01918276188,-0.003278982323,-0.0260918367,0.007845866308,0.006544971663
-3.35373614,-0.01112462915,-0.006950473849,-0.008902622916,-0.01771934773,-0.002750520278,-0.02399763385,0.008507840007,0.006992214208
-3.219855984,-0.008800713739,-0.001475901463,-0.009890284048,-0.01311123039,-0.0004156065896,-0.02366228355,0.0055710749,0.006709956116
1.549615217,-0.00934483642,-0.001958211637,-0.01073246922,-0.01501982047,-0.0006851367441,-0.02335003059,0.009276575212,0.008277364738
2.431434346,-0.007757176635,0.00278705637,-0.01090686978,-0.01798210055,-0.0008598101314,-0.02523726165,0.01414110516,0.008432995342
1.90401202,-0.008462560439,0.001694455141,-0.004718971636,-0.01936419079,-0.001046744444,-0.02300697963,0.007298594353,0.008556727418
-2.753672962,-0.008362602367,-0.0004377186547,-0.004453604489,-0.01582397149,-0.0004806254065,-0.02295559321,0.01051376987,0.007634418837
-3.481198791,-0.006566202817,-0.000456710608,-0.009286783378,-0.01414047721,-0.0008203610539,-0.01994794346,0.009976146818,0.007644822401
-3.2548029,-0.005447871985,-2.850799361e-05,-0.00980697374,-0.01473070834,0.0003817082999,-0.02367398986,0.006529546059,0.008399826637
-3.389973748,-0.00443672293,0.0002316092884,-0.0065383304,-0.01519663728,0.001395899316,-0.02455541229,0.007378362913,0.01034292732
-3.27504902,-0.002737948924,0.006241614151,-0.004431214412,-0.01733545491,0.0007394789221,-0.02568389626,0.009373838674,0.008084472499
-3.364184017,-0.002459877515,0.00261587477,-0.005367702248,-0.01523751368,0.002239401742,-0.02094578822,0.01057904759,0.01027083966
-3.317848664,-0.003851053596,0.005265002711,-0.007279967612,-0.01320534105,-0.0006357460625,-0.01964791408,0.009254977186,0.00449294294
-3.327651784,-0.00177622712,0.006079143459,-0.006827717475,-0.01432493042,0.001021642609,-0.022152309,0.006242507019,0.008648871404
-3.30936863,-0.003701318847,0.00578398882,-0.005629633544,-0.0152584233,0.0002214506646,-0.0241560355,0.01522514218,0.009953459419
-3.339793437,-0.002138280286,0.009343029835,-0.004013190152,-0.01619850926,0.001380494749,-0.02369783893,0.01198443876,0.01008610729
-3.331687558,-0.001601517764,0.004832832575,-0.00490590378,-0.01652041722,0.002992575061,-0.02264223494,0.009647770344,0.008586370539
-3.335738638,-0.000324505151,0.009108298216,-0.007579180946,-0.01618733591,0.002304964401,-0.02011398633,0.01101792566,0.006606846818
-3.365898468,0.001180406132,0.008520676384,-0.007079957573,-0.01207303785,0.003149303386,-0.02500917002,0.009112808629,0.008557019648
-3.332371594,-0.001715391111,0.004142329985,-0.004542137498,-0.01438107744,-0.0002123695042,-0.02154590947,0.01103310198,0.00849937456
-3.304713213,-0.001036550274,0.009031644982,-0.005296201037,-0.01445153183,-2.393014213e-05,-0.02034853185,0.008563103729,0.01005199013
-3.356023688,-0.001346428624,0.003208313064,-0.006170883424,-0.01462763062,0.002943150333,-0.02291150202,0.009017184481,0.008605052645
-3.317961433,-0.0002231289468,0.008826379425,-0.006353516875,-0.01388657014,0.001106874074,-0.02286615885,0.0138569325,0.00768291047
-3.311525568,-0.001782596697,0.007944780799,-0.007540774006,-0.01338178412,0.001194178129,-0.02263498835,0.0101413063,0.0088361952
-3.351225013,0.003122745845,0.009949352212,-0.003972672056,-0.01410246459,0.002285756873,-0.01862538469,0.0105560589,0.008252308347
-3.291246536,0.01021972155,0.01671254427,-0.005136968309,-0.01244630291,0.004326362786,-0.02041625953,0.01195351684,0.008870257689
-3.382769289,0.00801213423,0.01714623045,-0.003746550197,-0.01198769671,0.002935755994,-0.02132199423,0.01195106336,0.01081536175
-3.271235345,0.00801386488,0.01238640381,-0.004235471362,-0.01417654846,0.003219547675,-0.02071492754,0.01363308515,0.008416632449
-3.405336222,0.007072758743,0.01681308618,-0.002530194635,-0.0133359775,0.003777040623,-0.01985212879,0.008613898338,0.009812765921
-3.246402878,0.007742882405,0.01395269187,-0.004843572979,-0.01434147695,0.003470888934,-0.02226594598,0.0104658845,0.007805581337
-3.444764398,0.005304680332,0.0132578028,-0.004181706176,-0.01480009229,0.002073447274,-0.02161208442,0.01005029826,0.009784753231
-3.072246966,0.005050646421,0.01242302245,-0.004173248558,-0.01251685273,0.001676416578,-0.01921484628,0.007792940163,0.006880989943
-3.779666861,0.004900002704,0.01019089033,-0.005022933782,-0.01321830008,0.0007974015305,-0.01983415028,0.01081922555,0.009982001549
0.2327812284,0.004134809743,0.01191620208,-0.003336010513,-0.0152036204,0.002390072099,-0.02563032246,0.01246639467,0.008523128454
2.587900402,0.002659804745,0.01026868999,-0.005412986393,-0.01521828886,0.001017632662,-0.02539104133,0.01154177823,0.007735313425
2.178426751,-0.0002263785178,0.009618144894,-0.004831605294,-0.01445773445,0.001979128486,-0.02063466386,0.009351062054,0.007585738813
2.203242031,-0.0009599945042,0.01102331161,-0.004919850576,-0.01478745481,0.0005164663746,-0.01934423327,0.009418476893,0.006283990555
2.617547049,-0.0001122529286,0.006490075608,-0.007475217522,-0.01597957092,-0.001161491433,-0.02124809236,0.009598271072,0.006900720256
-0.4398515629,-0.001558108047,0.00647771478,-0.005800573938,-0.01635806766,-0.0004555434357,-0.02325595695,0.007758460309,0.009225385029
-3.892430945,-0.00162110387,0.00816191992,-0.007394726252,-0.01655292622,-0.001325048813,-0.02408316933,0.009598969106,0.00685569644
-3.003579322,-0.004240727177,0.003124668861,-0.005281010125,-0.01932523958,0.001812937117,-0.02202152941,0.006639976224,0.007841686576
-3.562291428,-0.004055917631,0.005584189209,-0.005197700468,-0.01653226599,0.0003334574437,-0.02119771524,0.008155603571,0.005684716454
-3.164200944,-0.004331227823,0.004434783251,-0.007757890864,-0.01509982087,-0.001735810664,-0.02283014211,0.01101864718,0.009028363524
-3.510606268,-0.003004158375,0.004735871462,-0.006921134371,-0.01546828056,-0.0002984499174,-0.02552760158,0.01092931287,0.008378246645
1.326274853,-0.002409539215,0.004264278636,-0.008996439936,-0.0171992026,-0.0001040026211,-0.0242514401,0.009943904076,0.008035430486
2.51766951,-0.003282609131,0.008200947152,-0.00633876002,-0.01671843629,0.0009638563504,-0.01860189943,0.008592150017,0.006995937461
2.10600968,-0.004372887347,0.005477937632,-0.005637933867,-0.01526052948,-0.001598473484,-0.0208585615,0.01101450842,0.006671997954
2.424135105,-0.003396049785,0.006100073619,-0.007141062716,-0.01579411144,-0.001120128736,-0.02539262096,0.01100193297,0.009168636511
1.777658092,-0.002562681051,0.003495099747,-0.007905042306,-0.01714728037,0.0006559515405,-0.02488092504,0.009558396872,0.008408995084
-3.018198503,-0.004012992444,0.006020189498,-0.006723218912,-0.01533427934,0.0004567412924,-0.02261967347,0.008065834953,0.006536170595
-3.410129317,-0.001775518535,0.005588451377,-0.00513656567,-0.01447118503,0.00149926507,-0.01975583052,0.007692788261,0.008155522714
-3.236982742,-0.009851111181,-0.0009187143861,-0.006306445992,-0.01791621481,-0.002754796149,-0.02403245648,0.008770625263,0.006786829185
-3.414852243,-0.01299969941,-0.006235532049,-0.01008474381,-0.01714811204,-0.002629865673,-0.02674491808,0.01018617898,0.008475299013
-3.208959715,-0.01047165226,-0.004142516958,-0.01155315761,-0.01753671205,-0.00147947096,-0.02375552584,0.009427179197,0.006781080215
-3.467089656,-0.01040322172,-0.00335806399,-0.009228710668,-0.0181725364,-0.0005719632237,-0.02329668011,0.007611233153,0.00699656538
-3.122678057,-0.01073754333,-0.0009984988208,-0.007037028678,-0.01671857764,0.0002834152571,-0.0230750793,0.008564121713,0.006740246195
-3.738903218,-0.0117305305,-0.000786752339,-0.007774568974,-0.01676027395,-0.001881522347,-0.02450587578,0.01090849781,0.006700145697
-1.014640981,-0.008060320737,-0.00050849156,-0.008255508263,-0.01703074848,-0.0006232884836,-0.02210384363,0.007030551975,0.008756058225
2.744850496,-0.006902689275,-0.001866235341,-0.009435086404,-0.01776963924,-0.0007946404366,-0.02241628652,0.01061906107,0.006975033094
2.016672698,-0.008498908756,-0.0004282983337,-0.009574760206,-0.01667927325,8.825362277e-05,-0.02216438413,0.008884242769,0.00907719693
2.393760954,-0.007629264112,0.0007277507141,-0.006743903857,-0.01535035242,-0.001850421984,-0.02432799098,0.008398191161,0.006690422303
2.149613424,-0.006058340234,0.00221160542,-0.006225023277,-0.01395802117,0.002012047004,-0.02335549847,0.007783740799,0.008944150465
2.316754947,-0.004124365018,9.693771303e-06,-0.006467689439,-0.01577928039,0.00225016229,-0.02336632959,0.01073996524,0.007406428685
2.268800418,-0.00247340026,0.003969799085,-0.00717450198,-0.01571684904,0.001074759023,-0.01969749724,0.01074328159,0.008974226271
2.310546282,-0.003793909006,0.003972907153,-0.008252711037,-0.01399258361,0.001069884628,-0.02007518256,0.006489983167,0.008839205465
2.256623034,-0.00440650144,0.005042590531,-0.005490079764,-0.01296223147,0.0005560402662,-0.02277024581,0.01164473347,0.008027156104
2.241705635,-0.003198982606,0.006913069982,-0.007238374317,-0.01625750194,0.001560423436,-0.02572420306,0.009852473075,0.008521040336
2.206240137,-0.001638946394,0.006875714658,-0.006708859365,-0.01510953785,0.0001304526973,-0.02368021153,0.009670682305,0.007602343661
2.2606887,-0.0006532032529,0.005914228119,-0.00647011992,-0.01370046991,0.0007370137822,-0.02099498792,0.008451480455,0.008574775214
2.303691507,-0.001032526286,0.006437063881,-0.006009642484,-0.01329934895,0.002645567084,-0.01871340331,0.01103459416,0.009108042902
2.263782737,-0.0002943972007,0.006353865621,-0.006712238652,-0.01359264975,0.000660097148,-0.02526905305,0.01262520998,0.009873644437
2.300321058,-0.001542077462,0.005424230994,-0.006415776264,-0.01488844284,0.001910463882,-0.02385509891,0.008654336567,0.0100516004
2.268829308,-0.001493268972,0.005041725186,-0.007764662692,-0.01594628579,0.002164002143,-0.02096126321,0.008057335303,0.00664931978
2.285696208,-0.001028801518,0.006451719812,-0.004987279699,-0.01405026016,0.0006549737603,-0.02100666772,0.01027516519,0.009469882943
2.226921121,8.638456636e-05,0.008719034704,-0.004742295936,-0.01433061323,0.001740579133,-0.01747380343,0.01014297533,0.007186893059
2.252105916,-0.00216423741,0.005320566739,-0.007304794321,-0.01445145735,0.002018877376,-0.02359238891,0.003948044698,0.008192719792
2.22295854,-0.001841653053,0.004597317656,-0.006677379156,-0.01410925003,0.001002092091,-0.02987586002,0.01887668808,0.01053649539
2.259254633,0.003697869169,0.008286892338,-0.005261621021,-0.01776455393,0.001151053527,-0.02164594366,0.01138231161,0.007581562488
2.273983204,0.008306201396,0.01231089142,-0.004080758345,-0.01110206477,0.004637058351,-0.01073394274,0.002921149416,0.009349582072
2.204858402,0.007782231622,0.01965633117,-0.002410855819,-0.009401333029,0.005651086655,-0.01727153835,0.01173806354,0.007890144849
2.268610315,0.006374220504,0.01793964779,-0.005252136131,-0.01290752846,0.002803826551,-0.02725490656,0.01936224792,0.01093985012
2.2494179,0.007175380179,0.01225889011,-0.005390278258,-0.01707434267,0.001973299721,-0.02324328157,0.005503831564,0.009983515083
2.271288735,0.008893619885,0.01230902529,-0.007466874235,-0.01726237817,0.003700571651,-0.01700644653,0.004750142009,0.006731224462
2.221816539,0.005696683665,0.01456941453,-0.0002930692975,-0.01032791115,0.003231723564,-0.0177911141,0.01545391095,0.008333006167
2.280146302,0.00384053096,0.01337401467,-0.0001755774771,-0.008842480692,0.0007642987122,-0.02592286931,0.01286199741,0.009534392345
2.281011923,0.003306301696,0.01406335974,-0.003341262292,-0.01445498144,0.002177957012,-0.02299243897,0.006023270533,0.009944905999
2.270952873,0.004247073657,0.009898295903,-0.01191292796,-0.0203722625,0.002155278074,-0.02052106621,0.00873142287,0.007168246955
2.236597165,0.005251996745,0.008506133062,-0.006091756508,-0.01818675495,0.003976615025,-0.02063510183,0.008853533728,0.008188078671
2.242414373,0.004245787413,0.008876918471,0.0002923224441,-0.006986413129,0.002420633689,-0.02361315944,0.01615257405,0.008603335831
2.255830301,-0.00173949011,0.01115648557,-0.003394402598,-0.0108326886,-0.001157000888,-0.02114803109,0.007841817973,0.006844161762
2.283439343,-0.002125966542,0.008978921309,-0.0121001827,-0.01868886286,0.002801283043,-0.02110781241,0.006059068367,0.007107512189
2.247102141,-0.0009704857377,0.00254618436,-0.00904025086,-0.02279398106,-0.0007211522479,-0.02219695753,0.00971997789,0.008093104101
2.238480291,-0.00277442023,0.005513483233,-0.004443991754,-0.01521505839,-0.0005061979728,-0.0261153005,0.006876352372,0.008473921314
2.203970741,-0.00135694554,0.007857402815,0.0009416442435,-0.01191824044,-0.002030524912,-0.02024903904,0.01637029094,0.007482031595
2.251847308,-0.003438191389,0.006583620696,-0.009697093259,-0.01744063434,0.0007637919333,-0.02142338543,0.008390289589,0.004419605145
2.292203995,-0.003987532482,0.007472219627,-0.01167660698,-0.01958292315,0.002826931938,-0.02539706117,0.004901752402,0.006562896831
2.263040016,-0.002374857679,0.001986557646,-0.008149305552,-0.01793142716,-0.002931772592,-0.02563174767,0.02061828106,0.006559027103
2.275471955,-0.002299882862,0.006210708284,-0.002351627439,-0.01439582157,0.0008035740489,-0.01657656313,-0.002179807246,0.0094532175
2.279344656,-0.00197505623,0.00530642719,-0.005281080091,-0.01107312086,-0.0007266352281,-0.01704417815,0.001140082822,0.008134311945
2.24572666,-0.002763618071,0.00884372854,-0.009789925801,-0.01542637049,0.001733271565,-0.02856687984,0.01752713913,0.008270981096
2.275530759,-0.003312823944,0.004685827736,-0.01036522033,-0.02155969261,0.0004994549729,-0.02982280032,0.01639250547,0.007414912795
2.320803427,-0.001341565127,-0.001896459803,-0.004519438753,-0.01847025207,-0.002085823575,-0.01839209169,0.0009557111912,0.00640151383
2.242888028,-0.002561108098,0.008621145102,-0.002728873972,-0.0114861596,0.0009811099588,-0.01729180915,0.004481493497,0.006802828017
2.245692777,-0.002064099297,0.005437399978,-0.005075895309,-0.01109371433,0.001092070476,-0.02604350572,0.01723182985,0.00730308322
2.253228108,-0.005142854089,0.002380698741,-0.01271399769,-0.01921740744,-0.00373913211,-0.02726068836,0.01412580901,0.008680061983
2.283335434,-0.01560370932,-0.00495886826,-0.01437656866,-0.02142382726,-0.002350902566,-0.0194336046,-0.005333625529,0.00333421761
2.224362596,-0.01287914336,-0.005915136188,-0.007457097059,-0.01783686845,0.0005271647971,-0.01841220018,0.01061888094,0.005121558972
2.219205888,-0.0103380951,-0.0007600081828,-0.004762524426,-0.01827868311,-0.00297971767,-0.0263571224,0.02244223648,0.009223922928
2.218572814,-0.01451452418,-0.003708884569,-0.005114491766,-0.01694384607,-0.001756877157,-0.0277306286,0.002425228113,0.006481076278
2.238551789,-0.01141023557,-0.006201927494,-0.01420224915,-0.01513527396,-0.003069313051,-0.02331656877,0.006603907534,0.006631584067
2.232307954,-0.009626769032,0.0016879311,-0.01425482875,-0.02146115097,-0.0005961909434,-0.0192962223,0.006032188227,0.006953327522
2.240503871,-0.008405820857,-0.003201061445,-0.007875159045,-0.01175479675,-0.0006964408303,-0.02573698173,0.01112049961,0.007578138734
2.282379262,-0.007743743146,0.0002331721841,-0.003275117857,-0.01311032865,-0.002554920613,-0.02312072202,0.009916815962,0.009957301577
2.238771888,-0.008943248515,0.004423675627,-0.008361223233,-0.01724938354,0.002393117761,-0.02015279755,0.00786243641,0.004763372573
2.19458904,-0.007819530884,-0.00379805293,-0.009882109193,-0.02100091373,0.001172000539,-0.02213656274,0.01234462921,0.006931271585
2.262014247,-0.004238028695,0.002258924267,-0.008027297195,-0.0128382342,0.002184058793,-0.0269515216,0.001533274877,0.009579123025
2.237457556,-0.002530036104,0.004708573483,-0.006782024325,-0.01126733508,-0.002209397142,-0.02424286808,0.01468110654,0.007643575705
2.258093114,-0.002602335542,0.003375098535,-0.007089255282,-0.01365422052,-0.0006481237093,-0.02041238775,0.01258147235,0.01019612816
2.244349333,-0.001288535514,0.00769933392,-0.006661066433,-0.0141028725,0.002960813626,-0.02392705295,0.007301471438,0.00637705863
2.285052865,-0.001632990193,0.001672634277,-0.006915679706,-0.01817180821,0.002093580014,-0.02233019144,0.009890876591,0.008384920255
2.164498125,-0.001117694097,0.007882296554,-0.003510826493,-0.01230090569,0.002305845565,-0.02204539894,0.01294945611,0.009171514989
2.358303579,0.000183183104,0.005795551226,-0.004353008503,-0.01225712799,0.0002423346757,-0.0231148669,0.0124509812,0.008834815078
2.00537452,-0.001216643611,0.005560460752,-0.009814603874,-0.01587504093,0.000752265116,-0.02192315381,0.005479650812,0.01051113664
2.663807552,-0.002526117224,0.00850847717,-0.008516065461,-0.01745765674,0.0009590955149,-0.02256768209,0.01022584079,0.008422130289
-1.235087726,-0.0006922308194,0.003552371802,-0.003968448018,-0.01386219058,-0.0001267682273,-0.02101343669,0.01360007037,0.008380982622
-3.853211855,-0.001370755046,0.008046689668,-0.001847991758,-0.01375496216,0.002314017953,-0.01955960895,0.009528521706,0.007232846223
-3.077824227,-0.002514256383,0.003980445469,-0.007170977629,-0.01301885946,-0.0003833094815,-0.0205279562,0.01177803466,0.007340607308
-3.466556386,-0.001017786722,0.006167823283,-0.009107293931,-0.01648663945,0.00238154859,-0.02229779491,0.006613584431,0.01043884864
-3.222967948,-0.001255869851,0.00885423637,-0.00445667033,-0.01382211877,0.002050703766,-0.02663251233,0.01597570851,0.009231500272
-3.426385405,-0.001244959854,0.006917106904,-0.0045220936,-0.01406111597,9.151144372e-05,-0.02129269583,0.01191800443,0.008925572773
-3.283920012,-0.001399549055,0.01055908146,-0.004983142446,-0.01529856915,0.002767659387,-0.02048323786,0.00935936808,0.007712487598
-3.410843587,0.0058206405,0.008808445533,-0.004970869386,-0.01064509394,0.004153772789,-0.02288102375,0.003554255496,0.007604999896
-3.207758283,0.00845354268,0.01868475137,-0.004938398786,-0.01441867022,0.007712710222,-0.02189005953,0.01140724952,0.009923895028
-3.523382637,0.008337097252,0.01707135358,-0.004685893586,-0.01025146125,0.001717681121,-0.02205811654,0.01514739086,0.007735564226
-3.062824932,0.008975184878,0.01111800633,-0.002167428273,-0.01297014606,0.0002245707456,-0.02214737477,0.005836857896,0.01230415553
-3.801145068,0.008751281202,0.01503394348,-0.003025260807,-0.01593931119,0.001245764747,-0.01985286865,0.006926090985,0.009460827679
-1.439056143,0.00650485789,0.01564223584,-0.004355066558,-0.0121577996,0.003879259181,-0.0224860757,0.01892459763,0.008249496619
2.327761251,0.004335879915,0.01353896307,-0.004304563349,-0.01206112635,0.00494578532,-0.02418565233,0.01096056985,0.006812206368
2.458773379,0.002746298208,0.01048663644,-0.005504833571,-0.01520436538,0.0009777365883,-0.0206555905,0.006284924252,0.008178788471
0.1450351969,0.003473818093,0.01185382408,-0.005858763731,-0.01627028494,0.001237807431,-0.02145700719,0.0107262134,0.008305687355
-3.871935441,0.003757057827,0.01232074399,-0.003213509736,-0.01220540495,8.949380018e-05,-0.02471851563,0.01370610189,0.01075883608
-3.046120597,0.002486780435,0.01084380352,-0.005832529568,-0.01536608016,0.004436178611,-0.02386064944,0.002356168561,0.008726068783
-3.529206209,0.0007032909465,0.01078590666,-0.007238766786,-0.01711939288,0.002448384059,-0.01541418547,0.01714888707,0.006819713035
-3.215685353,-0.000336215517,0.004390145241,-0.003755401493,-0.01683116305,-0.002478155165,-0.02284561335,0.01379051778,0.006046284483
-3.372549191,-0.0005007796684,0.00257177501,-0.001989987,-0.01710238143,-0.001116514151,-0.0254070039,0.002733205804,0.008901288626
-3.320512497,-0.001365163909,0.007499311471,-0.007283863682,-0.01439517773,0.001805959134,-0.02169028106,0.007182566696,0.007824220468
-3.363148197,-0.002952535322,0.01280496032,-0.006445532562,-0.01156312489,0.001410381758,-0.02126185181,0.01548271403,0.006902927303
-3.382399246,-0.003958130348,0.004105952224,-0.006435355353,-0.01515688205,-0.002603408723,-0.02541380557,0.006794358635,0.008503960857
-3.287257465,-0.002869210244,0.004017988066,-0.004358218744,-0.02196769945,-0.0003244268657,-0.02276635206,0.004954032083,0.008223140643
-3.310771813,-0.004171780796,0.005776559631,-0.004246144118,-0.01566347277,-0.0005041866469,-0.0219601153,0.0176558256,0.006032910386
-3.307706956,-0.002151079886,0.004447570219,-0.007891573367,-0.01424472317,0.001389394973,-0.02109883455,0.01348498445,0.006621534667
-3.335590319,-0.0009145330139,0.005680779359,-0.01037861485,-0.01661493901,-0.0004622847492,-0.02314985054,0.003173147426,0.008104369957
-3.332201342,-0.003244774115,0.007309968206,-0.008695332139,-0.01366699884,-0.0001988842058,-0.0243940263,0.002703184087,0.008193726984
-3.303463807,-0.003105284813,0.005040435015,-0.0047578184,-0.01393751001,0.0008958888041,-0.02248477231,0.01562373004,0.009174314944
-3.381911464,-0.001646248247,0.002609206345,-0.005365995309,-0.01783980889,-0.0009622896974,-0.02032417708,0.01076684319,0.007949285725
-3.307079041,-0.003786654613,0.006878809737,-0.007726536468,-0.01787483206,0.002215214189,-0.02197153153,0.004025553085,0.00664244705
-3.344366908,-0.004317570395,0.004480829489,-0.008209255118,-0.01487148075,-0.000465041097,-0.02189055594,0.01338809201,0.007394517521
-3.33220185,-0.005488197601,0.00504429951,-0.007818193829,-0.01488258556,0.0003783016928,-0.0258862908,0.01108346469,0.009404175638
-3.311811821,-0.01156073389,-0.005264111679,-0.008119988963,-0.01742632683,-0.00378334718,-0.02421080346,0.007382321904,0.008706453353
-3.342240447,-0.01216524489,-0.003699745142,-0.009213046891,-0.0181334519,-0.002046164854,-0.02290066855,0.004204527188,0.005306969582
-3.316509682,-0.009440451687,-0.001285927784,-0.01113605524,-0.01736500347,0.0004167979826,-0.02396955566,0.01088499868,0.006745967806
-3.353504952,-0.01108459539,-0.003849141264,-0.01015137236,-0.01892685039,-0.001071743365,-0.02299743167,0.01315936338,0.004933696931
-3.302008503,-0.01141792873,-0.002658924568,-0.006255189261,-0.01530511292,-0.0004339659091,-0.02408917739,0.002537777921,0.006033721477
-3.407800247,-0.01009703637,-0.005472013745,-0.005936351549,-0.01986339598,-0.001849781203,-0.02414840582,0.007381006587,0.007265818497
-3.206480726,-0.008114144614,0.002310818769,-0.009047402443,-0.01780778419,-0.0004844782895,-0.02308638832,0.01179383851,0.01108156939
-3.572303229,-0.007878371255,0.000572887543,-0.008715355746,-0.01592430859,-0.0006557199801,-0.02422400643,0.009004702015,0.00744026531
-2.299018895,-0.009082239117,-0.002825596117,-0.008199934041,-0.01376532887,-0.001653987101,-0.02251280347,0.008637065711,0.006405775645
2.325499815,-0.006917072087,0.001076820382,-0.00752655704,-0.01282977155,0.001606113564,-0.02245456578,0.01263310958,0.007350835871
2.199882587,-0.005439067127,0.001150097857,-0.006346650716,-0.01326653829,-0.000135662105,-0.02228298509,0.01264591581,0.007011311304
2.22740859,-0.00205850921,0.002215601221,-0.006849180983,-0.01596601661,0.0006061231632,-0.0240007801,0.006479627448,0.009695692565
2.288034958,-0.004140999401,0.005284239335,-0.009073559863,-0.01886049555,0.0009502598515,-0.02161765046,0.00851122928,0.007217419798
1.755597861,-0.002878370041,0.004268451606,-0.008993214599,-0.01494616991,0.0021410871,-0.02257434846,0.01138229904,0.008423623989
-3.201845915,-0.001847943436,0.006267662303,-0.004408436094,-0.01475581641,0.001787655541,-0.02230167104,0.01044475616,0.007723512556
-3.261396659,-0.001302705814,0.004463396084,-0.001682849788,-0.01412653551,-0.0001779571699,-0.02113368241,0.009769691519,0.006805719672
-3.491561048,8.584590188e-05,0.005666845809,-0.004119020359,-0.0172453712,0.003380479248,-0.02243269102,0.01049816102,0.008451642324
-3.069612933,-0.0008303175495,0.005327210379,-0.007687192792,-0.01499676051,0.001444571556,-0.02497652017,0.01013580178,0.008600546765
-3.834711439,-0.0003660233605,0.006245122556,-0.0105380685,-0.01400505798,0.001574581896,-0.02091855956,0.007556276058,0.01001786861
-1.141076017,-0.002502086814,0.00813748791,-0.00530806855,-0.01022395661,0.003038781049,-0.02149205329,0.01092060492,0.009223140829
2.600985436,-0.001549863161,0.006459728321,-0.003126527779,-0.01396463726,0.001762145089,-0.02122015725,0.01194839196,0.007732005871
2.133862694,-0.001077188628,0.008294740965,-0.005832454804,-0.01858508718,0.001364308881,-0.02352204334,0.008475261348,0.007672020433
2.223466272,-0.0009390292373,0.006874226233,-0.009574499422,-0.0152148858,0.00125447781,-0.02304944185,0.009277958774,0.009286517005
2.607626063,-0.001351583903,0.005213664193,-0.007363054256,-0.01157395261,0.0008781705652,-0.02364061157,0.01184817924,0.009325717505
-1.183699642,-0.0008530916942,0.009323993689,-0.003395755916,-0.01324932549,0.001652966211,-0.02042717763,0.0113315633,0.008235859511
-3.786789507,-0.0008149046944,0.006413130804,-0.004417614484,-0.01584806354,0.001189649384,-0.02185508906,0.007596930569,0.009540140185
-3.050762504,0.003212303886,0.01053195093,-0.006019907417,-0.01661177536,0.003499444788,-0.0208731457,0.008232797786,0.008049947598
-3.50149856,0.00903151135,0.0176951869,-0.004616229351,-0.01212807858,0.004232206667,-0.02345624251,0.01137082024,0.008858309825
-3.271673418,0.00674750829,0.01470603267,-0.00397403499,-0.00985849939,0.003929642565,-0.0212930472,0.01196988326,0.01048846116
-3.338984976,0.006265270327,0.01607456475,-0.001973857092,-0.01009760488,0.00220761962,-0.02071669878,0.009508541401,0.010720088
-3.291022681,0.007342304173,0.01257411179,-0.003601812381,-0.01405593575,0.003138101829,-0.01944301322,0.01083786025,0.008981421159
-3.287589008,0.007074535725,0.01450413895,-0.004024451824,-0.01723653834,0.002564147456,-0.02346976063,0.0108108595,0.00837544938
-3.193245747,0.006259683354,0.01313174349,-0.004887943602,-0.01445104718,0.002837728978,-0.02095436669,0.009378928424,0.007227693051
1.579251526,0.004641704352,0.012256924,-0.002722314451,-0.01283584476,0.001855863447,-0.02229054752,0.01197387433,0.007407976354
2.486464371,0.0041427344,0.0121359979,-0.003757853293,-0.01355686082,0.001376354557,-0.01830109149,0.01121615366,0.008332262093
2.144107253,0.003250093163,0.01083362076,-0.004140837163,-0.01550384585,0.002094134348,-0.02154379698,0.01051829471,0.008580738505
2.348470868,0.003494832844,0.01098731591,-0.005198121213,-0.01678293232,0.001118066123,-0.02241843108,0.008382515404,0.009098785886
2.214914783,-0.0006876613854,0.009760562577,-0.004949568937,-0.01639019059,0.001774169868,-0.02355959601,0.00971235982,0.007726100164
2.229571725,-0.001056842309,0.007404153872,-0.0040512543,-0.01434042011,0.001820339543,-0.02135005058,0.0108693409,0.007131631083
2.233583862,-0.001612971231,0.006785547942,-0.004398130812,-0.01464582248,0.000932378224,-0.02033876477,0.007919330119,0.007007291801
2.247549637,-0.002548681391,0.005088259847,-0.007810734055,-0.01727697181,0.0003532445178,-0.0232215918,0.01000515089,0.006401255131
2.253968325,-0.001368646196,0.007705120358,-0.00817910978,-0.01739904366,-0.002075066451,-0.02256136669,0.01093254718,0.0076785135
2.295344945,-0.002618823234,0.006201362963,-0.006635873471,-0.01577781719,0.0001324471558,-0.02329948909,0.007917165005,0.007449011156
2.271073229,-0.005277673163,0.005652798841,-0.004984556093,-0.01362789669,-0.001029066227,-0.02132473475,0.008792257749,0.006922413026
2.265393475,-0.002178064687,0.006148928098,-0.006800940681,-0.0166780817,0.0002213914365,-0.0208413676,0.009172321831,0.008499875229
2.240375909,-0.003292272748,0.006343763752,-0.007203673983,-0.01868810867,-0.0006588540045,-0.02367953166,0.009283451864,0.007461155954
2.26881422,-0.002188278341,0.005672656311,-0.005749442231,-0.01677917347,0.0007079654627,-0.0228202615,0.01048563706,0.008012309541
2.273340097,-0.002418465966,0.005496219496,-0.006374340801,-0.01480500997,0.0004079926629,-0.02209190455,0.01007372637,0.007541566668
2.292092095,-0.001451921215,0.004364240762,-0.004955639846,-0.01433076138,-0.0005116827104,-0.02183359016,0.008376669684,0.008398866926
2.260642654,-0.003304474935,0.006770196002,-0.006780008315,-0.01544137476,-0.0004285823891,-0.02243445319,0.01112827625,0.00727440187
2.281154036,-0.003733179823,0.0045833335,-0.008317169924,-0.01891271066,0.0004453241572,-0.02360681239,0.009251297501,0.008511820006
2.246358981,-0.003318171284,0.005169181832,-0.007191997059,-0.01791123205,-0.000587586144,-0.02172745699,0.008958893503,0.007721653734
2.222173845,-0.002207933148,0.005678635555,-0.00678183033,-0.01412802548,0.001401857596,-0.02170405301,0.009567227708,0.007835220514
2.269131635,-0.008488472771,-0.002768314501,-0.006690816483,-0.01596118578,-0.001383781777,-0.02241255235,0.008393131523,0.008441743511
2.263056775,-0.01226983202,-0.003199153782,-0.009906303262,-0.01789346651,-0.002664033913,-0.02521052432,0.008351678822,0.006347635706
2.256150717,-0.01295680952,-0.004083135454,-0.01119416202,-0.01854417091,-0.00242525977,-0.02438068732,0.007052997183,0.007006313461
2.259321232,-0.01171116074,-0.003049191734,-0.008816971654,-0.01833938052,-0.002756655946,-0.02393347052,0.008919605037,0.006647059052
2.241910282,-0.0117586876,-0.002146981488,-0.009980577615,-0.01649815301,-0.002976613324,-0.02321875556,0.01044018905,0.007815489957
2.247386975,-0.00980702617,-0.004172127579,-0.008391035904,-0.01580107206,-0.0007755545093,-0.02305573139,0.008641241668,0.007870307193
2.252442736,-0.008631767217,-0.002696594303,-0.008322332856,-0.01485073259,-0.0005445319894,-0.02293486466,0.008207136177,0.007628578947
2.283254192,-0.007454006334,0.0005685932774,-0.009204935844,-0.01682789321,-0.0002167391243,-0.02308372307,0.007125627251,0.00866146163
2.220579319,-0.006382771203,-0.0001496203629,-0.008039500161,-0.01610071005,0.0009333449855,-0.02329762484,0.009338987042,0.0077709187
2.261769204,-0.007183026172,-0.0003512911707,-0.006689157227,-0.01525527738,-0.0001450717147,-0.02367133773,0.008402538348,0.008393114283
2.273719064,-0.00682608617,0.001235619552,-0.006709522347,-0.01638960898,0.001923739828,-0.02276640463,0.009335200128,0.008320612971
2.257634706,-0.003676813976,0.002958580022,-0.007564441843,-0.01662770152,0.001273216863,-0.0217208261,0.01187269358,0.007818427074
2.282999088,-0.004142153377,0.004291423248,-0.007673274884,-0.01597699946,0.0008873542029,-0.02266376836,0.007755486164,0.007969435327
2.255839584,-0.001837257839,0.00376619361,-0.00646069577,-0.01436775957,-0.0003328190089,-0.02285330474,0.01181784914,0.008266345349
2.277090225,-0.002961812672,0.002349977728,-0.006927871755,-0.01505512217,0.0008336834173,-0.02193058319,0.01052125011,0.009174413187
2.298194906,-0.002871734224,0.006040754125,-0.007127832613,-0.01467454495,0.001606848963,-0.02287809219,0.007435874579,0.008361038679
2.270730917,-0.002072909297,0.006183362027,-0.00702405037,-0.01592518558,0.001333679663,-0.02281774873,0.01117260962,0.008051755389
2.242265165,-0.001372649644,0.007988017416,-0.004618334261,-0.01496692782,0.001894151252,-0.02304283267,0.009545318129,0.008742936256
2.25460788,-0.001497111917,0.006093866177,-0.003940767024,-0.01514561605,0.0008639855328,-0.02153207393,0.01047615547,0.008437606274
2.263187456,-0.00167722338,0.005595208916,-0.005811884271,-0.01622987478,0.000730582706,-0.02086249341,0.01031687975,0.008821827995
2.226453599,-0.0003744173551,0.006579151177,-0.006728659198,-0.01563946616,0.001112948907,-0.02252481891,0.01003471118,0.008953090255
2.246688956,-0.001320798645,0.004971398816,-0.006478550607,-0.01288988944,0.001041530757,-0.02338873069,0.01169954096,0.009760590434
2.236356183,-0.001999484755,0.006316820065,-0.00685913745,-0.01252338153,0.002555101253,-0.02117187168,0.00949305166,0.008038904873
2.233564638,-0.002503833623,0.00655356022,-0.006510325681,-0.01414919287,0.001857170289,-0.02131696076,0.009778796159,0.008118486879
2.239261423,0.0001542339157,0.006466210193,-0.00469020653,-0.01507004945,0.001864453718,-0.02146596312,0.009463017578,0.009288050902
2.231456288,-0.0006536218453,0.008568468739,-0.006419295246,-0.01440433277,0.001424925543,-0.02287033089,0.0115874267,0.009478677663
2.245661701,0.001499475398,0.006515810492,-0.007276007751,-0.01494283968,0.001053169966,-0.02121989833,0.01011063112,0.009306666897
2.249676503,0.009284684204,0.01848696282,-0.001924742063,-0.01256945443,0.004262876281,-0.02052933174,0.01059907815,0.0100982449
2.24325726,0.009735345777,0.01559819484,-0.002113843138,-0.0109678673,0.003336510603,-0.02143650506,0.01148346599,0.01088610931
2.222313623,0.008317032555,0.01362089118,-0.002296848352,-0.01220459614,0.002187055651,-0.02083302558,0.00922036143,0.009291106907
2.198623507,0.009771054903,0.01481179064,-0.00637077091,-0.01433642519,0.002893417264,-0.02159850133,0.01085761363,0.00972887122
2.26688671,0.006933072789,0.01501654416,-0.003941109814,-0.01316900557,0.002960652403,-0.01967607564,0.009171344212,0.009092400517
2.237072423,0.005451546681,0.01541123416,-0.002352742023,-0.0108122237,0.004101257537,-0.02161513158,0.01305746296,0.009858967941
2.21816372,0.004159930501,0.01286549359,-0.003669845654,-0.01511864087,-0.0001467894645,-0.02122642952,0.01126920265,0.008887230829
2.221829844,0.004343765105,0.0134597603,-0.008126901241,-0.01878972472,0.001900539776,-0.02110866029,0.00743559044,0.007043274412
2.254828892,0.005048274062,0.009939399134,-0.005691920289,-0.01326111505,0.002287862652,-0.02364998928,0.009698136244,0.008285112915
2.248026482,0.003088948279,0.008429594005,-0.001301742597,-0.01131411753,0.001431982363,-0.02259810368,0.01538831636,0.008234749047
2.228420429,0.0003982920163,0.0107097462,-0.004342016196,-0.01392352032,-0.001866586002,-0.02144104056,0.005849055603,0.007687380024
2.272321211,0.00126653324,0.006173662001,-0.005351929019,-0.01743723158,0.003058116212,-0.02374679742,0.004213019536,0.007057410991
2.276385747,0.0009082623749,0.007845716666,-0.005204878268,-0.01832901744,0.001737171557,-0.02434058038,0.01361547582,0.007724236074
2.17330254,-0.001055111014,0.007002027722,-0.004203856735,-0.01613313836,-0.0004155910912,-0.02328851116,0.007959020534,0.006419621523
2.282031778,-0.0003857953259,0.009398238519,-0.007034446672,-0.01265296582,0.00105358133,-0.02116407818,0.00652006145,0.006406422059
2.132077071,-0.003151814754,0.004836641142,-0.00767866362,-0.01619357524,-0.001924978732,-0.02292748869,0.01281432207,0.007722809478
2.380256457,-0.006448094681,0.004595231454,-0.00825846983,-0.01765975578,0.001167236831,-0.02379506749,0.006915735764,0.008399016622
2.019401538,-0.001395328575,0.00263156366,-0.004091670451,-0.01548602038,-0.003121183341,-0.02253088103,0.01323715578,0.006468502306
2.699412461,-0.001487545843,0.006801513605,-0.004470027779,-0.01493413784,0.0007836664588,-0.02172602813,0.005469175679,0.008967696958
0.1555351027,-0.003005573462,0.007758399096,-0.00652296162,-0.01654905664,0.002887691318,-0.02123694843,0.01305405409,0.0072648976
-3.76004378,-0.002025513806,0.006454081774,-0.008290079731,-0.01844732554,-0.0009248401764,-0.02446261244,0.008424474932,0.007798824461
-3.102397562,-0.004318058839,0.007720309469,-0.005985545738,-0.01664604377,0.001594721618,-0.02193099951,0.006383154007,0.007244818195
-3.48061124,-0.00420957263,0.004610402332,-0.00679657866,-0.01602875068,-0.00128865304,-0.02177639449,0.0120675944,0.007554225073
-3.270264692,-0.002747084235,0.004994347038,-0.004806012008,-0.01380918141,0.001340397097,-0.02107688225,0.01078476072,0.006453257126
-3.424235024,-0.003221382525,0.003853100882,-0.007971224436,-0.01476486489,8.169217313e-06,-0.02526749759,0.007232040273,0.007987459132
-3.305323448,-0.00124601185,0.008854423995,-0.007417072564,-0.01995222651,-6.121149026e-05,-0.02210978339,0.0116492489,0.007950578929
-3.400761795,-0.006387260951,0.001579175004,-0.00575747651,-0.01676729472,-0.001967550275,-0.02414151402,0.008883192644,0.006864558965
-3.273301718,-0.01195383265,-0.008507720523,-0.008144143406,-0.01575689995,0.0008343006353,-0.02268290474,0.007876160078,0.006377635104
-3.378711177,-0.01136739631,-0.002129721548,-0.01066761468,-0.01569620167,-0.004782809434,-0.02204274543,0.01040238801,0.005096150327
-3.194858011,-0.01188727918,-0.003001735097,-0.009796691441,-0.01939627731,0.002831782172,-0.02518319359,0.006183191221,0.00776869326
-3.655752141,-0.01079014587,-0.003185128,-0.008545182929,-0.01651885151,-0.00171360224,-0.0266980617,0.01171129808,0.008170335854
-2.352561143,-0.01072116959,-0.003028341874,-0.008080812,-0.01637442703,-0.001614905694,-0.02247569514,0.00279673786,0.006894773548
2.146985278,-0.01037151659,-0.001155926134,-0.008608384052,-0.01508681849,-0.001130954253,-0.02321348955,0.009247433052,0.006157569543
2.491392596,-0.005696567824,-0.002368470706,-0.007470611216,-0.01618193504,-0.0008203422688,-0.02192172379,0.01383676357,0.008374992308
0.9127411771,-0.009598768019,0.004035311286,-0.01039335743,-0.01797488137,0.0003362450359,-0.02707108359,0.002834917765,0.00909966578
-3.616339419,-0.007977638171,-0.003892691132,-0.007507561465,-0.0175459252,-0.001296987061,-0.02052614617,0.009588355612,0.007113144782
-3.182502781,-0.006259469879,0.00277235582,-0.006447689359,-0.01222834836,0.0008831571034,-0.02205902505,0.008573118247,0.008995878096
-3.455169263,-0.005811549176,-0.00220674416,-0.005802073262,-0.01174581021,0.0007611081287,-0.01958874775,0.01158956919,0.007708773488
-3.324827831,-0.003784343499,0.003371621952,-0.01174370249,-0.01729953661,-0.0007737727006,-0.0246689599,0.008095253068,0.009372486009
-3.355599506,-0.001864575569,0.007410175712,-0.00731493081,-0.01462955086,0.005565626799,-0.02496620579,0.006986835178,0.00964851465
-3.312664989,-0.003043811274,0.006193217696,-0.004631410158,-0.0138446295,-0.001515809045,-0.02378591624,0.01851255536,0.007574599517
-3.385289471,-0.002194983017,0.005104054292,-0.003051764552,-0.01623376464,0.0001996623228,-0.01712064935,0.001861134817,0.008440259485
-3.322722936,-0.000792934558,0.006241146978,-0.006404151343,-0.01264140503,-0.0007097169433,-0.02315059537,0.01361775075,0.006969964214
-3.328522555,0.0002358540429,0.003857420076,-0.01002937884,-0.02110876828,0.002157266833,-0.02196765944,0.01536092536,0.01008360744
-3.33054796,-0.001381981153,0.009379271353,-0.005821089868,-0.0119792251,0.004447297364,-0.02745615819,0.01093237272,0.008385394355
-3.3342657,-0.001021630699,0.002079303852,-0.002600589231,-0.0123503612,-0.00187112645,-0.02038577655,0.004569535809,0.006907628401
-3.341743567,-0.0007791135056,0.00863684909,-0.007757690792,-0.01052255959,0.002979796168,-0.02040781212,0.003949571575,0.009605648189
-3.333742234,-0.001160440023,0.00659912678,-0.005305863312,-0.01330925796,-0.0001031505541,-0.02139861032,0.01932151722,0.007782921358
-3.374165329,-0.0001793612806,0.004047445698,-0.00966368099,-0.01762573887,0.001836697598,-0.02306714038,0.01307253793,0.01017055009
-3.308053128,-0.0002658986842,0.0114119781,-0.004120546606,-0.0158098436,0.0009714478212,-0.02017967,0.004440673235,0.007176306282
-3.338578547,7.616655427e-07,0.004474945475,-0.006941697533,-0.01391180021,0.002466186259,-0.0225348003,0.0104346517,0.008856227924
-3.322056061,0.0001050852892,0.008537733526,-0.003985317101,-0.01033884844,0.003832393791,-0.02283010631,0.0124938136,0.008586273454
-3.307722681,-0.00230252912,0.004507310636,-0.007823841435,-0.01063958321,-0.002101225024,-0.02546214163,0.01006533274,0.008163394438
-3.3331754,0.005892790839,0.01398181951,-0.005892249293,-0.01538765124,0.001273863982,-0.01886493257,0.009126356914,0.01133481635
-3.277805942,0.009085305679,0.02017582424,-0.0002464167272,-0.01420014005,0.005739968428,-0.02023107932,0.01290688209,0.008165390197
-3.326265085,0.008648216756,0.01373956332,-0.00249359778,-0.01599264338,0.003572557388,-0.02104942862,0.01166726609,0.009675645525
-3.355490708,0.006739843911,0.01351289403,-0.004726427058,-0.01416955226,0.003982628165,-0.02330386145,0.01023720903,0.008232572677
-3.291172332,0.007721101745,0.01428660242,-0.005757873448,-0.01184308645,0.002261880112,-0.02371774203,0.0090841711,0.009644693636
-3.332308612,0.006584588491,0.0159442616,-0.004839410824,-0.01255328218,0.004117815727,-0.02087032978,0.01226511819,0.009712398486
-3.332480281,0.003574425516,0.01579081571,-0.001176183231,-0.01311962147,0.0001531757842,-0.02107287254,0.01210267107,0.008701022531
-3.384530355,0.002271240295,0.008249911879,-0.002034609367,-0.01578490439,0.001668381482,-0.02141005228,0.009020533004,0.008963650888
-3.050749911,0.003667065013,0.01245644347,-0.005527171347,-0.01719955536,-0.001016085589,-0.02352689045,0.01718014938,0.007980546862
1.914863705,0.003664373808,0.01138118288,-0.008542857887,-0.01090159563,0.004856458584,-0.01874318538,0.01127970219,0.007343085048
2.321844163,0.00171428504,0.01273403588,-0.005942239798,-0.01392928751,0.004226635527,-0.02253997702,0.008249091364,0.008591596133
2.278264741,-0.0009885849616,0.01332439181,-0.001746188735,-0.01441453543,0.001522829391,-0.02432839858,0.004498602483,0.009034408085
2.245145199,-0.002532072951,0.007785978341,-0.005090466353,-0.01757343908,-0.001060853682,-0.02294802886,0.003524254554,0.008639891111
2.141107283,-0.0008619708193,0.005661629991,-0.006563303699,-0.01520813747,-0.002382854021,-0.01847665744,0.01176893089,0.008059336166
-2.701986959,-0.0003902497774,0.004308175562,-0.007666554123,-0.01419889073,0.0004232620259,-0.02229666916,0.01409263038,0.006941041847
-3.425403145,-0.001130796548,0.004863211056,-0.005277991583,-0.02038166331,8.227767294e-06,-0.02276184435,0.01278572075,0.006640067129
-3.350304189,-0.003894240755,0.004921691002,-0.006784814803,-0.02002254217,0.00223564167,-0.02184602944,0.001956629326,0.007337580898
-3.170848378,-0.003348877625,0.005350438811,-0.006373064106,-0.0137397619,-0.0016517468,-0.02693602058,0.003371741526,0.007663438482
-3.716549813,-0.003598284292,0.006722638559,-0.008258560619,-0.01021597821,-0.002113503156,-0.02638209099,0.01688812438,0.01097483071
-1.478149256,-0.001707248694,0.00620569193,-0.008859753596,-0.0149174491,0.00148040518,-0.01738824083,0.01453318408,0.005945796494
2.569143432,-0.00129033135,0.003412349891,-0.005606648742,-0.01416098958,0.001708306415,-0.01876974106,0.007363844189,0.005517440034
2.233251466,-0.002761140868,0.006475923835,-0.00303910589,-0.01772499297,-0.0002116890789,-0.02322878984,0.008915153577,0.008617038435
2.140306346,-0.002936640616,0.004493747357,-0.005417718293,-0.01983006422,0.002424098645,-0.02641727187,0.01052142669,0.006942341455
2.607506288,-0.0009800234408,0.002915215431,-0.007797107934,-0.01339486287,0.001518823507,-0.02294878014,0.006501485739,0.00817341181
-0.8628570206,-0.003251020152,0.008278844914,-0.007878567739,-0.01196618322,-0.001957847824,-0.02131972521,0.004236409097,0.007716095816
-3.813817268,-0.002524116618,0.007227397471,-0.004638027569,-0.01289057174,-0.001496841552,-0.02143032415,0.01127863969,0.008598599044
-3.073467822,-0.004371181468,0.002718180332,-0.003305624963,-0.01945416251,6.93183895e-06,-0.02386567528,0.01381155725,0.008861266553
-3.496827065,-0.01238961066,-0.003348647369,-0.007683534311,-0.02323049217,-0.002025244591,-0.02505861074,0.005286019488,0.007226985582
-3.244008767,-0.01525243909,-0.008343270445,-0.01245574153,-0.02143005674,-0.002874151417,-0.02454658444,0.005998466154,0.005358400373
-3.323405006,-0.009937868119,-0.002773040772,-0.009775022103,-0.01225051305,-0.0005324250659,-0.02349582294,0.009739588624,0.006709837704
-3.307584459,-0.01122594084,-0.000894910357,-0.007799054607,-0.01095406172,-0.001184670457,-0.02429723897,0.009203891236,0.009523604798
-3.247840995,-0.01193407148,-0.002320279437,-0.01161550667,-0.01823910182,-0.004215218895,-0.02172664046,0.0108012847,0.006791372182
-3.418323142,-0.01090853926,-0.004113393693,-0.01053672259,-0.02135775242,0.0003970223709,-0.02195841901,0.009960213355,0.006043289098
1.29936851,-0.006920688552,-0.00221709946,-0.007533466543,-0.01815082999,6.304490627e-05,-0.0238750166,0.01055853943,0.00793913097
2.511930995,-0.007045398926,-0.0002454979732,-0.006070318051,-0.01331532853,0.000773644209,-0.02341422158,0.009783363954,0.00684386916
2.136774715,-0.007707249724,-5.099387824e-05,-0.009421384399,-0.01100219985,0.0002531761051,-0.02276992475,0.005759727067,0.006980162061
2.322570402,-0.005957041572,-0.00087980185,-0.008521959247,-0.01632906549,0.000228686776,-0.02345343819,0.007363922368,0.01037567259
2.235375867,-0.006106651519,0.001904773728,-0.006721769041,-0.01869418319,0.0005333451226,-0.02444177539,0.009819906725,0.009980449273
2.278204579,-0.004350865476,0.001417523169,-0.004242311158,-0.01587580005,-0.0001664078237,-0.02225184542,0.01065259074,0.009272788631
2.233322562,-0.002531437847,0.005212306729,-0.005296552907,-0.01207600992,0.0008272686032,-0.02015683641,0.01233922099,0.007772195124
2.285235131,-0.002577821119,0.003814899723,-0.007391812761,-0.01283991344,0.001014934814,-0.02266198601,0.01005415062,0.009994699252
2.262763159,-0.003456650817,0.006950166356,-0.01155486252,-0.01501882524,0.002109888559,-0.021555481,0.01102240359,0.007655747919
2.31294523,-0.001252454377,0.007321473886,-0.00732519734,-0.01531601966,0.001078266259,-0.01860311373,0.008698864042,0.008142770439
2.253806838,-0.0006428652789,0.005802391188,-0.001092363496,-0.01402786931,0.0004876772597,-0.022258854,0.007495730511,0.009943168879
2.2849909,-0.00177579474,0.01002927568,-0.005224846103,-0.01537893672,0.0002592153035,-0.02332852791,0.01198312023,0.008732052941
2.285792015,-0.0005563857314,0.004118259734,-0.00990621145,-0.01330579498,0.001675244426,-0.02151874144,0.01138557068,0.006983968159
2.290282539,3.822667918e-05,0.005105546514,-0.0064686076,-0.01311977937,0.0008224534212,-0.02171271976,0.00681794553,0.0082137527
2.219599543,-0.0009275850067,0.006045036103,-0.004419911193,-0.0141191253,0.001534826969,-0.02420179461,0.008709865618,0.008141874256
2.325532769,-0.000525271933,0.006394441154,-0.004822539889,-0.01554354935,0.001442149379,-0.02185511543,0.008890722773,0.01009971719
2.249838304,0.0004757256568,0.005630843551,-0.006250888587,-0.01432925476,0.001561772245,-0.02369625804,0.009840618309,0.008132684836
2.219793161,-0.0004443599476,0.007364416817,-0.006970783031,-0.01335560954,0.001500951552,-0.02098663282,0.01087050937,0.009725163952
2.238762432,-0.000850650472,0.006610871002,-0.006074413315,-0.01213758499,0.002355049126,-0.01941272867,0.01234736847,0.008506375599
2.2197353,-0.0005919514831,0.005190979035,-0.002748043238,-0.01264759002,-0.0006397390318,-0.02148233996,0.0109901538,0.0104155905
2.234495159,0.001509550722,0.0100871654,-0.005330703155,-0.01763249959,0.001091994988,-0.02750451924,0.006834309565,0.009394629199
2.246499309,0.008519518228,0.0163192424,-0.005017013443,-0.01374572473,0.006066451155,-0.0225211782,0.01207343861,0.008246651229
2.305187027,0.007731735977,0.01617618264,-0.005352847835,-0.01005309004,0.00718089099,-0.01599115021,0.01273539136,0.008243611799
2.233398378,0.007377968182,0.01485885782,0.0001044051606,-0.009522830356,0.002856967708,-0.01594948029,0.008794471855,0.009766708036
2.289881074,0.006679509168,0.01179617796,-0.001752232218,-0.01397535722,0.001133372357,-0.02530590861,0.008271719567,0.01078489359
2.284615385,0.007305385809,0.01680707732,-0.00212643837,-0.01307279692,0.001943634547,-0.0222166276,0.01360151884,0.008460960353
2.287008753,0.00545832913,0.0122261797,-0.008439227773,-0.01520139561,0.00223928804,-0.02102834243,0.01111520316,0.008726481309
2.239840086,0.00117716279,0.01208030393,-0.006764380256,-0.02062517724,0.001311041516,-0.0202364288,0.004937847478,0.007529850628
2.269188932,0.003817982355,0.01234490158,-0.007641299491,-0.01294319663,0.003485339727,-0.02533377397,0.01349916893,0.009349793048
2.227685575,0.002234707175,0.01231095298,0.003832070854,-0.009561460381,0.001440128558,-0.02194693461,0.01433137882,0.009228267932
2.271951648,0.003219605214,0.01244681003,-0.0005016810914,-0.01446364672,0.001558026271,-0.02234124595,0.009701652128,0.008259151109
2.280664016,0.0005148110584,0.005200738731,-0.008427143002,-0.02112585202,-0.0003887798974,-0.0202829954,0.008714299555,0.007657192234
2.235642204,-0.0003396779782,0.009902896847,-0.01398800405,-0.01668508227,0.001235437392,-0.02567356834,0.009231953626,0.007180086672
2.249805046,-0.002189181502,0.008917098031,-0.005480992595,-0.01142464341,0.001847709534,-0.02457689455,0.01356786962,0.00803605723
2.28132123,-0.000537834802,0.007524600445,-0.003082313589,-0.01247429675,-0.0006032235433,-0.01816071145,0.006302446035,0.007931470298
2.23402948,-0.001051803987,0.008144412803,-0.004904083451,-0.01695435791,0.0004033516642,-0.02029959968,0.00329149647,0.006765787182
2.254035169,-0.002788638828,0.005391765288,-0.008250910816,-0.01989356595,0.0002329873497,-0.02558872631,0.01163743351,0.007638373508
2.216282333,-0.003482183934,0.004051812883,-0.007548388276,-0.01737777593,-0.0007198850827,-0.02328295201,0.01023821297,0.00881160027
2.242106666,-0.001400913913,0.005932869179,-0.007063916092,-0.01143819737,-0.0006490914461,-0.02134074029,0.01324672651,0.008231059789
2.290680604,-0.003421716325,0.005433484438,-0.005900775628,-0.01326865833,-0.0008301491744,-0.02233327644,0.009086213897,0.006676092814
2.206413869,-0.002828638582,0.008069598799,-0.009068048762,-0.01964701214,0.004163421612,-0.02717233185,0.008847232073,0.00810391473
2.202283955,-0.00313597308,0.004743409585,-0.007182183291,-0.01993861717,-9.105512292e-05,-0.01917169312,0.006384802304,0.007989330222
2.278218811,-0.00381139358,0.007023005712,-0.004869483851,-0.01287474946,0.001526953794,-0.01864146224,0.00650534191,0.007492852975
2.262208712,-0.003651125144,0.00259947082,-0.004442056621,-0.01232678549,-0.001135288716,-0.02428439803,0.01353272583,0.008208227822
2.262179277,-0.001054008343,0.004120420646,-0.009410821147,-0.01769537772,0.0004023996939,-0.02523606057,0.009234800845,0.008194327483
2.266293108,-0.00231391938,0.003500154132,-0.008594284806,-0.01787792419,0.0001974428842,-0.02472388511,0.003789625817,0.00603725233
2.26415014,-0.003101733267,0.005021685902,-0.004142001578,-0.01664946839,-0.001108520092,-0.02114698801,0.007034558773,0.006218774846
2.221143039,-0.009617023785,0.004135374809,-0.00681266138,-0.01487195749,-0.0002973713404,-0.02394745128,0.01097785832,0.008588723468
2.282470451,-0.01293929434,-0.00683416464,-0.008917907123,-0.01494897809,-0.003571172833,-0.02428561416,0.01042052667,0.008191148217
2.323288452,-0.01173786154,-0.006281483253,-0.01310670894,-0.01980451333,-0.001903396657,-0.02510421981,0.008325890888,0.00507619004
2.232332627,-0.01053681581,-0.002730369335,-0.008790057517,-0.01963796942,-0.001304443501,-0.0220172939,0.009806210403,0.007240065841
2.228376014,-0.0103662158,-0.003521403269,-0.004529856383,-0.01686649797,-0.001936456421,-0.02342103386,0.006644906706,0.006262409975
2.295173858,-0.01287356896,0.0009323430395,-0.006479926032,-0.01610813238,-0.001645827232,-0.02441975508,0.007378134807,0.008708429258
2.249707506,-0.009722645807,-0.0016828891,-0.01055928935,-0.01874034966,-0.001085804274,-0.02208579139,0.009192707409,0.008861060274
2.206317624,-0.0063947943,-0.00100108302,-0.01037608139,-0.01770441815,0.0006760273811,-0.02168591321,0.01100889145,0.007637617657
2.240393487,-0.006527165712,-0.003964901248,-0.007059198967,-0.0151559485,-0.0003057660763,-0.02386105815,0.007118663176,0.008865793094
2.237422084,-0.006933862442,-0.001235302269,-0.005560273953,-0.01474433121,-0.001496032506,-0.02175724037,0.00951359922,0.007573686423
2.300032784,-0.006683341399,0.001651692037,-0.00822862797,-0.01611861167,0.001097519989,-0.0270588964,0.01221422686,0.009106322329
2.22911262,-0.005349611091,0.005554933813,-0.008057654866,-0.0166005135,0.0008136582931,-0.02551189979,0.008133674721,0.006408878033
2.276665846,-0.005273748273,0.003545047003,-0.008596847185,-0.01438235921,0.002555602828,-0.01985055112,0.009280850317,0.00816320167
2.181879842,-0.002550589521,0.00402396113,-0.003970279339,-0.01252056631,0.0004500530545,-0.01744308537,0.01181592187,0.006811335468
2.241301934,-0.001056185849,0.00354637008,-0.006594322405,-0.01444699116,-0.001092470849,-0.02455162138,0.01268275124,0.009731776233
2.187000836,-0.0008242848603,0.00521705085,-0.007465514174,-0.01852443076,0.0006669122733,-0.02335660827,0.009448014884,0.008537582256
2.382692632,-0.0006861066144,0.007406788131,-0.007233525951,-0.0141778606,0.002698613176,-0.02206754465,0.008396982797,0.007351316649
1.999495508,0.0005157608497,0.007283315358,-0.004375987433,-0.01207043128,0.003820463886,-0.02021880434,0.009084411588,0.008303589746
2.634320182,-0.001221931186,0.00632179705,-0.004131443082,-0.01335337607,0.001450458807,-0.0222977865,0.01123634424,0.00956855733
0.5516666498,-0.001333502523,0.004080392431,-0.006535190244,-0.01619039647,0.00108738875,-0.02305376092,0.01069670131,0.009820238897
-3.686815347,-0.0003343848656,0.006109560965,-0.006913708883,-0.0151786287,0.0006154199456,-0.0237280381,0.009028840296,0.009548792976
-3.157775861,-0.0007671196316,0.005845343415,-0.006365066756,-0.01422916557,0.001916267969,-0.02063377266,0.009882498484,0.008834869307
-3.491130373,-0.0003177951635,0.007545262425,-0.004272671925,-0.01320030843,0.001394634278,-0.02094211163,0.008984122365,0.008317385408
-3.251697587,2.800969887e-05,0.008324491415,-0.004463312737,-0.01305148258,0.002593210908,-0.02194014037,0.009880529624,0.009058476855
-3.382746218,-0.002041178535,0.005429899184,-0.008361025316,-0.01629952892,0.00164887153,-0.02367302804,0.01211751802,0.01015004414
-3.263542452,-0.002291296671,0.004022571288,-0.006857390855,-0.01605154479,0.002397048541,-0.02024976168,0.008950966884,0.008255778052
-3.38650577,0.001759488509,0.007978152188,-0.003980655524,-0.01466210974,0.002174718513,-0.02157804779,0.008505877529,0.00937489803
-3.250548809,0.007642934441,0.01683602296,-0.002393320181,-0.01072377319,0.002269083551,-0.02099678171,0.01247987546,0.009779810614
-3.42127463,0.007412410245,0.01563205204,-0.00260269384,-0.0126986375,0.00378286636,-0.02109381122,0.01043897179,0.009428712499
-3.200141563,0.007810448951,0.01486321468,-0.00655344645,-0.01242436238,0.003013949793,-0.02357862388,0.01145286867,0.009620971419
-3.589195983,0.007226139663,0.01500806956,-0.003332573024,-0.0145917716,0.00427677189,-0.01944382392,0.008713234212,0.007775710236
-2.305026589,0.006927499015,0.01564444495,-0.003824726863,-0.01356567961,0.002302659158,-0.01826260264,0.01065972116,0.008434404676
2.260379343,0.00512606232,0.01431755862,-0.00200537685,-0.01243790324,0.002197719613,-0.02180840254,0.01203461504,0.009237304925
2.305746686,0.003572152653,0.01211599541,-0.004516476125,-0.01505812826,0.001786067943,-0.02531248738,0.01099712989,0.007836836689
1.71439849,0.00491181038,0.008522740156,-0.005774514664,-0.01692681203,0.002713282404,-0.02138983546,0.008942992011,0.008115187558
-3.155050583,0.005588840241,0.01385391445,-0.002603777052,-0.01527704588,0.002233336446,-0.01972803,0.008762436642,0.007015917364
-3.350704029,0.004529848988,0.01381596272,-0.003517753695,-0.0139606004,0.003077207186,-0.02174847512,0.01060510751,0.007864110428
-3.3497412,0.001790798426,0.01033535936,-0.004408161158,-0.0151921037,0.0002837826517,-0.02248834092,0.01027801761,0.008494916064
-3.352840758,-0.0002619452555,0.008193061658,-0.004943758429,-0.01518643727,0.001149099006,-0.02328271988,0.0080011442,0.008808977024
-3.355867,-0.0005237055625,0.004811096574,-0.007208399475,-0.01543517331,-7.37634263e-05,-0.02272554926,0.01090909755,0.007198437018
-3.30236934,0.0001832327495,0.00757883892,-0.005797335329,-0.01690736898,-0.0001815989756,-0.01981795641,0.008749649558,0.008464148676
-3.374848729,-0.00185705739,0.006479088447,-0.005190690022,-0.01514029146,0.0007475700841,-0.02012832265,0.01041861065,0.007287452869
-3.329756743,-0.001871931335,0.007137172355,-0.006424052964,-0.01637774357,0.000713830779,-0.02232833888,0.004084796828,0.007030919619
-3.372146696,-0.004238520373,0.005492262015,-0.00744675997,-0.01590980216,0.0008376518576,-0.02940319697,0.01359395647,0.007040648744
-3.31428541,-0.002571160302,0.003845555034,-0.007588651427,-0.01970591829,0.0005293922851,-0.02528349829,0.0134457481,0.009306513192
-3.282475549,-0.002638960489,0.004995231777,-0.007517183948,-0.01651226618,0.0005814314713,-0.016248013,0.0008205726571,0.006995508694
-3.300880306,-0.002269759229,0.005424736731,-0.005788725917,-0.01238401039,0.0006365709164,-0.01611951941,0.01022738944,0.006513980539
-3.328259695,-0.003171035052,0.0086320025,-0.00738464482,-0.01487167056,-2.23695211e-05,-0.02530418109,0.01638996245,0.007893366875
-3.347584786,-0.003042430436,0.005510504534,-0.00881122118,-0.01818304816,-0.000423644269,-0.02744825934,0.01095892003,0.007732527412
-3.369954714,-0.003319529262,0.003798304358,-0.005978634422,-0.01931197106,0.0005209014636,-0.02220902591,0.001952200906,0.006517593881
-3.321550736,-0.002191344554,0.0070633814,-0.005232699727,-0.01475871045,0.002544668414,-0.01773434462,0.007578874452,0.004590841573
-3.351168025,-0.003415621244,0.005155577608,-0.007016025661,-0.01350364805,-0.001339945127,-0.02311315495,0.01413216761,0.008922923523
-3.322860214,-0.002403050521,0.005346075896,-0.008797212066,-0.01598583875,-0.001634510842,-0.02530803419,0.009798033679,0.01007528661
-3.313174302,-0.006057093917,-5.958966655e-05,-0.008624326371,-0.0155583289,-0.001841483702,-0.02389544522,0.007209872217,0.006159385591
-3.348855143,-0.009826780424,-0.005643858353,-0.007853587712,-0.0201116228,-0.001460261112,-0.02107217601,0.00706055415,0.006143019617
-3.257066835,-0.01142790975,-0.001800742733,-0.006007389239,-0.01596737126,-0.00133442479,-0.02500453547,0.0080774258,0.007590360041
-3.348911762,-0.01199256359,-0.003581953944,-0.008819983663,-0.01590325588,-0.002271649463,-0.02564397936,0.006906235175,0.007347862066
-3.340221872,-0.01291484525,-0.001163765418,-0.01327168435,-0.01774060667,-0.001820819606,-0.02246937068,0.009546695935,0.007348549485
-3.312285613,-0.01193775514,-0.006034383865,-0.01056483599,-0.01589642168,-0.0001305301157,-0.02328317578,0.009426941824,0.006779821748
-3.347619777,-0.00930826912,-0.002651713293,-0.005385298063,-0.01692610394,7.728133714e-05,-0.02268003517,0.008081513086,0.008098362591
-3.233345774,-0.006467325859,0.002154923102,-0.007942151122,-0.01793143008,0.0008352943321,-0.02254026705,0.007041669752,0.00715120541
-3.302477893,-0.009528419225,0.0005244384306,-0.009181868908,-0.01672658992,-0.0002006757977,-0.02375940596,0.01065846476,0.00722212063
1.52883052,-0.008037104139,0.001000896942,-0.009939228416,-0.0173308617,0.001777293644,-0.02410569111,0.007860748627,0.00884395632
2.39359723,-0.006100602609,-0.0002216941575,-0.007563160378,-0.0141184346,-0.001965839706,-0.02623062821,0.02110946503,0.008229913417
2.218116993,-0.004833235518,0.0005065478934,-0.005694632989,-0.01924005559,0.0007529517907,-0.01321096359,-0.003782417793,0.008304627761
2.180283132,-0.003828558151,0.006107575395,-0.007150482204,-0.01278768961,0.001911764339,-0.01860499047,-0.0004820063711,0.00720593671
2.292736174,-0.003462721347,0.008320934237,-0.005827831838,-0.01266143313,0.0002685012956,-0.0309241273,0.02457843229,0.009563361496
-2.351740139,-0.004148179593,0.002139879601,-0.008575002472,-0.01918428763,0.001375654058,-0.02985357866,0.01576112348,0.01040608647
-3.537851242,-0.0008155935781,-0.000542266773,-0.006014721826,-0.01650424606,-0.0006834803635,-0.014698183,-0.00136005719,0.005908528235
-3.287453328,0.0002954628869,0.008478607256,-0.003341483431,-0.01093055128,0.004385691856,-0.0181764748,0.006549256942,0.006628062361
-3.259463915,-0.001795802666,0.009677621548,-0.004242365087,-0.01141966565,0.001788407428,-0.02779713841,0.02563879611,0.00981600501
-3.551222863,-0.0001698426494,0.005914232939,-0.01055776675,-0.01650485248,-0.001503854522,-0.02538699257,0.008450520915,0.009198236052
-2.251166476,-0.00211509755,0.006374215831,-0.007681309438,-0.01238462263,0.0009603595258,-0.01635857222,0.0004354995815,0.00855882805
2.307380368,-0.001186797875,0.004606984245,-0.00606471879,-0.01698276532,0.002225989925,-0.01918093135,0.01324824785,0.005980363128
2.286250998,9.286738351e-05,0.009872604166,-0.003215413443,-0.02028432789,0.004428654046,-0.0221526099,0.0118315971,0.009803710576
2.05475674,-0.003769551597,0.006335163558,-0.00479829222,-0.009890927658,0.0008778343948,-0.02796070157,0.008501135831,0.009431376437
2.618051637,-0.00183008218,0.006793075664,-0.009031997069,-0.01425715487,-0.0006555852361,-0.01993505115,0.01236508101,0.00750323822
0.09023836792,-0.0003478084972,0.004092387212,-0.009981800443,-0.01788551113,0.001468156461,-0.01956813188,0.01069071923,0.00865908472
-3.759843622,0.001168963896,0.003663125482,-0.002897620824,-0.01476767536,0.001170054271,-0.02135948758,0.004144797161,0.008972616862
-3.059153667,-0.00067515913,0.01242826725,-0.003334788343,-0.01007611662,0.002666256617,-0.0232322016,0.01378319908,0.007824246465
-3.448149669,0.004972836006,0.0168739589,-0.005859681272,-0.01432113209,0.003179120889,-0.02366260399,0.01427332365,0.007646958374
-3.24527124,0.007503772252,0.01537414253,-0.005147645048,-0.01547986457,0.005641102462,-0.01962029961,0.007238917251,0.009316978849
-3.335040789,0.008675534038,0.01535177323,-0.003176421064,-0.01343286634,0.00309352655,-0.01887262362,0.006631319608,0.009537440063
-3.439026362,0.00845426186,0.0128222318,-0.0009255105342,-0.01405897823,0.002608074982,-0.01963748808,0.0163641244,0.0102958936
-3.135234943,0.00772733234,0.0151262947,-0.0009437893947,-0.01371265686,0.001401485273,-0.02292723416,0.01125488036,0.01007798627
-3.661471823,0.006447880201,0.01409331991,-0.004797160576,-0.01052913553,0.003592258966,-0.02256688056,0.003148495048,0.007376625579
0.6179706981,0.004773438186,0.01238488678,-0.006788319352,-0.01523547751,0.001092188232,-0.01997174013,0.009712591265,0.007897665781
2.615521798,0.005100726517,0.009638428382,-0.004568956605,-0.01381668423,0.00117024478,-0.02240946257,0.01413888532,0.008857710678
2.108622845,0.004964336977,0.01232345507,-0.001452202867,-0.01405440917,0.001864659547,-0.02485553539,0.008920105688,0.009223486254
2.402945308,0.002951613024,0.01257380964,-0.004498122363,-0.01536749524,0.003539037846,-0.01862877641,0.00946343541,0.00727273072
2.196597901,0.001485407933,0.01310225638,-0.008495287055,-0.01542979566,0.00221582338,-0.02031288944,0.01115810594,0.008150696471
2.339960951,-0.0002675834379,0.007643805297,-0.005555601364,-0.01379819782,0.001680250446,-0.02214799821,0.009240394836,0.007655267668
2.293026139,-0.001169184542,0.00766539751,-0.003911998223,-0.01498052917,-0.002069921142,-0.02240566179,0.008168921207,0.007794916634
2.284569411,-1.902966743e-05,0.006445290342,-0.003557842496,-0.01574024988,-0.001560120738,-0.0197764236,0.01071915306,0.008082655261
2.211660674,-0.001641209008,0.006147185034,-0.006443193836,-0.01759123038,0.0003965927693,-0.02292283191,0.009250624599,0.008384631125
2.196906466,-0.00247646588,0.006887499941,-0.006578679513,-0.01766179628,0.002558690387,-0.02428059133,0.006886320402,0.00709409859
2.255995291,-0.004690933984,0.004871729443,-0.005931031777,-0.01747879947,0.0005281622706,-0.02221711692,0.01480311006,0.006634859332
2.231806094,-0.004272726315,0.005687076062,-0.003273876634,-0.01559799087,0.0001854727667,-0.0218647875,0.008538694501,0.007073593471
2.260962116,-0.003185382264,0.00402554077,-0.004621794358,-0.01579619735,-0.0007438483672,-0.02376177628,-0.00157988319,0.008567690134
2.28694505,-0.003957732869,0.008502021573,-0.009027287824,-0.01765479789,0.001602518358,-0.02256232985,0.01473372374,0.007961613987
2.266828256,-0.003078471758,0.006502359002,-0.006866181065,-0.01604862744,1.621464432e-05,-0.02565645895,0.01796372033,0.007218310329
2.300610703,-0.002954257865,0.001875978418,-0.00498619178,-0.01630451519,-0.0009877599486,-0.02298254229,0.003550727438,0.008527967618
2.247203409,-0.001764854887,0.005172107465,-0.005484428589,-0.01778550249,-0.001403137896,-0.0185376551,0.005622228871,0.007039702386
2.230945039,-0.002666548824,0.008236327772,-0.007350755381,-0.01534666334,0.000452404316,-0.02230937983,0.01319516713,0.007233511234
2.198646963,-0.00316498256,0.006862227346,-0.007057778245,-0.01538585034,0.0008636888749,-0.02702073747,0.009466441523,0.008716102424
2.239674848,-0.004148618996,0.004392452125,-0.007749610424,-0.01879945981,-0.002726176322,-0.02288874398,0.004696441598,0.008805858224
2.238736839,-0.005006497609,0.00391929557,-0.006468315409,-0.01528127788,-5.813604518e-05,-0.02052998167,0.009655822473,0.006848096029
2.232306986,-0.01123106115,-0.004589137997,-0.006978859198,-0.01580397952,-0.0042954195,-0.02229480605,0.01497448237,0.007579242942
2.266623439,-0.01140530305,-0.003326336047,-0.008688342027,-0.01924231518,-8.359703067e-05,-0.02841114279,-0.007686424858,0.00607839911
2.222044161,-0.01112353619,-0.002332881604,-0.01163798885,-0.01666515357,0.0001094513382,-0.01914990332,0.01426878263,0.006827972246
2.265938527,-0.01054558946,-0.00317561224,-0.008575788892,-0.01531163535,-0.007430548213,-0.01972572051,0.02433407329,0.007177693482
2.271979179,-0.009984036608,-0.007225901804,-0.003551403277,-0.01636010635,-0.001752487682,-0.02658423059,-0.003572665377,0.01012860026
2.250683074,-0.01017749607,-0.005066095446,-0.009555189765,-0.01681825357,-0.001928149959,-0.02326831386,0.006483977395,0.006509098788
2.290820413,-0.00898435386,0.01097536318,-0.01009456146,-0.01720644271,0.005292426986,-0.02174326188,0.01546800519,0.005546794107
2.238056886,-0.008611986284,0.001134999633,-0.004549724974,-0.01247938341,-0.002586878338,-0.02633157411,0.008818312894,0.008018834919
2.264112283,-0.007324858682,-0.004612511481,-0.007044157757,-0.01997698727,-0.00272027396,-0.02182359671,-0.001682918814,0.009053402347
2.240670111,-0.008195315112,0.002998081936,-0.007268140529,-0.01369679564,0.0001120897287,-0.02291953634,0.01860823761,0.008242282088
2.254002516,-0.006170356025,-0.006055202477,-0.005494728123,-0.01482934372,-0.001769193675,-0.02327270979,0.01746285716,0.008756136756
2.240951191,-0.002924981722,0.006530975536,-0.009483657944,-0.01807216165,0.00354617155,-0.0236281521,-0.003922523615,0.00868823191
2.232676897,-0.004367191546,0.003546311817,-0.009656045432,-0.0131937305,-0.00125582239,-0.0227341871,0.005702754664,0.005964068704
2.241829047,-0.003942797561,0.005639386403,-0.007325049794,-0.01232125091,0.001793313949,-0.0222264612,0.0168537461,0.009007558297
2.300631734,-0.0001010639679,0.004737182624,-0.004962086315,-0.01379408318,-0.002706106545,-0.0227268863,0.01152540194,0.01253564688
2.205484286,-0.001858474593,0.002489778404,-0.00937484385,-0.0205218322,0.001257376686,-0.02189178781,0.004289776925,0.007949578834
2.286294234,-0.0004613077373,0.01027362771,-0.0096574508,-0.01625696821,0.00251288507,-0.01979242048,0.01597206115,0.006629653278
2.268619235,-0.001615144235,0.005806494236,-0.006299394885,-0.01361243168,0.002350788067,-0.0248599052,0.01070181394,0.008141534855
2.281164094,-0.001964359668,0.00561044238,-0.004918750882,-0.01268558371,0.002012077999,-0.02015288934,0.006268340568,0.009418085665
2.270666742,-0.001580256587,0.00709544514,-0.004306883344,-0.01216586029,-0.001353796964,-0.01980564641,0.006181974149,0.008083220881
2.234291197,0.0004809497543,0.007009673958,-0.007880674062,-0.01436531653,0.002117731924,-0.02177390843,0.01305348653,0.01005654141
2.258178377,3.616589414e-05,0.005076894206,-0.007578914384,-0.01662741297,0.003420888736,-0.02290233299,0.01012967921,0.007894454061
2.28426886,-0.0009525240767,0.008764916861,-0.004454841915,-0.01187184167,0.002568574298,-0.02078646085,0.008923432085,0.009036795896
2.267763607,-0.002730427052,0.005881460244,-0.002203907104,-0.01256455964,0.002404057051,-0.02295914277,0.01156640765,0.007422405674
2.261734392,-0.0005726919684,0.008745134137,-0.004199513552,-0.01605758516,0.002940875311,-0.02501436707,0.003045996078,0.009494572881
2.237138872,-0.001406176379,0.007182247894,-0.008125997672,-0.01674143108,0.000251442673,-0.02263551452,0.0125084759,0.007849527116
2.19890919,0.001673202615,0.0115208347,-0.004400835274,-0.01512640255,0.001202954943,-0.018245149,0.01362583704,0.009272174892
2.239267185,0.00917830569,0.01479164502,-0.0005259522372,-0.008410081216,0.003102672653,-0.02145113583,0.009381759432,0.008789429154
2.244838726,0.007708229953,0.01494843216,-0.004709007018,-0.01506516675,0.003894181765,-0.01918952524,0.01177914035,0.008907035061
2.236916086,0.007177623448,0.01587423827,-0.003849531665,-0.0108507213,0.003969404117,-0.02051818812,0.01047034179,0.008465332731
2.234893023,0.007894638233,0.01512776171,-0.004759203111,-0.01425786405,0.003139713997,-0.02233984607,0.009127033138,0.009046133449
2.295604099,0.007445633459,0.01803341856,-0.002194786427,-0.01491450403,0.003554699167,-0.02150519269,0.008989121248,0.01002426867
2.233141996,0.004868192491,0.01202710322,-0.002366946257,-0.01246697929,0.002446194984,-0.02131838731,0.01381668861,0.008531856695
2.257299986,0.004552642546,0.009106723891,-0.005168249516,-0.01703627522,0.001633813495,-0.02055387215,0.01204280836,0.008535134682
2.20395491,0.005220700449,0.01172103081,-0.004537218809,-0.01815441499,0.001269143848,-0.02232733613,0.006292300574,0.00929555129
2.264443094,0.003719873222,0.01177611504,-0.004755443368,-0.01561372422,0.00210360503,-0.02030861832,0.0118301626,0.007090203805
2.251637187,0.002676682266,0.01145685049,-0.00462821992,-0.01093908386,0.000516736057,-0.01929630348,0.01445215322,0.00777744171
2.208627104,0.0003314758771,0.00707180032,-0.00495538319,-0.01408375702,0.00138334828,-0.02473829889,0.005974823559,0.01098595156
2.211102661,-0.0002535916852,0.005673000235,-0.006984476307,-0.01560380866,0.003525711277,-0.02228525419,0.008961610246,0.006919534196
2.176442574,-0.001594110425,0.009502944074,-0.004824986256,-0.01734354148,0.0008034662719,-0.02187490509,0.01184028686,0.007683913599
2.262260237,-0.001419313529,0.006220008742,-0.004380428233,-0.01847797498,0.001631878521,-0.02259779542,0.00805931341,0.007694211765
2.203649066,-0.002327581789,0.008304344462,-0.005855627041,-0.01885924172,-0.002106075004,-0.02215173942,0.006556607481,0.008002237674
2.286534637,-0.004713175948,0.005437796342,-0.009229201358,-0.01239884822,0.0007781042443,-0.0224744434,0.0132217788,0.006812796051
2.160458356,-0.005988559662,0.005418700949,-0.008417757453,-0.01434275221,-0.001833118822,-0.02348497679,0.01078810795,0.007936513324
2.383894923,-0.001562323259,0.005339144254,-0.008943675239,-0.01862827281,-0.0004089471409,-0.02330348586,0.003774290022,0.008535407052
1.537510168,-0.003103830691,0.006668385059,-0.00681497949,-0.01874143742,-3.613497948e-05,-0.02116995814,0.008601437129,0.007936960129
-3.243253238,-0.002461547405,0.007477245613,-0.004988318452,-0.0127430157,2.16812046e-05,-0.02319430296,0.01161922507,0.00617142975
-3.293459131,-0.002179739059,0.004173870441,-0.004179225456,-0.01189252923,-0.001524852712,-0.02392735811,0.01148247917,0.009271326702
-3.344190997,-0.002910982033,0.005272705282,-0.006685759844,-0.01845603613,-0.0004733489782,-0.02255318906,0.007588323446,0.006388301208
-3.341545919,-0.002636291091,0.00561889039,-0.00828575648,-0.01956585927,0.002127957009,-0.02365752367,0.007541424987,0.007782302015
-3.327362462,-0.002277908681,0.006081067844,-0.007238608367,-0.01871999518,0.000688906231,-0.02457051574,0.009834842294,0.00636097625
-3.357167279,-0.002426628539,0.002661499361,-0.005192896285,-0.01472956221,0.0006392951717,-0.02054719911,0.009518070119,0.007223158762
-3.335312387,-0.002520145648,0.005008921394,-0.004003442445,-0.01127996541,-0.001653162472,-0.02036543745,0.00791522314,0.0070445945
-3.375471268,-0.007881432662,-0.003877404884,-0.00980443176,-0.01672831172,-0.001373792733,-0.0222488451,0.008688869663,0.007279298975
-3.230031214,-0.01295041752,-0.005230350236,-0.01180642162,-0.02224897768,-0.001675091455,-0.02626995412,0.008505993065,0.00718980305
-3.471835771,-0.01379578099,-0.003389004818,-0.008492254478,-0.02064054227,-0.002897981564,-0.02550010398,0.005820142426,0.006752208862
-3.173189327,-0.01314170756,-0.001538776235,-0.006148256688,-0.0165007794,-0.0009043013836,-0.02388579127,0.007579881617,0.005095581567
-3.625462501,-0.01242469326,-0.001926225836,-0.008211994675,-0.01507987397,-0.0002636033195,-0.02139248194,0.01004889612,0.007183706916
1.036711372,-0.01113729426,-0.002660176113,-0.01156659492,-0.01615415649,-0.0004394259308,-0.02257824901,0.01044393208,0.005433707523
2.436286395,-0.006703000484,-0.001608990402,-0.009056539729,-0.01851039859,-0.0008031650267,-0.02338182495,0.008532116834,0.009107419447
2.027165054,-0.007453782669,-0.0002254767988,-0.007427866903,-0.01707468186,0.0005055210249,-0.0236356723,0.01003539641,0.007338608364
-2.348467078,-0.008898027822,0.0007130215302,-0.007390549636,-0.01485016705,-0.0002292078889,-0.02119021508,0.01099605048,0.008438134512
-3.603464743,-0.007442311246,0.001125685564,-0.008240997225,-0.01430891881,0.0005334462672,-0.02256512822,0.006248882832,0.007211993172
-3.186457943,-0.006049282548,0.002621005712,-0.009105063001,-0.01652310053,0.0001576918456,-0.02295462176,0.009341126812,0.006469910612
-3.495732953,-0.004734430821,0.004016957282,-0.006623739203,-0.01688847521,0.0008289212136,-0.02406926027,0.01150657452,0.01006548919
-3.261155241,-0.002695726294,0.003058516735,-0.005662514755,-0.01658185157,0.001728294658,-0.0227263137,0.008651616035,0.007187672813
-3.338307013,-0.002254973077,0.004570075873,-0.005748263432,-0.01452192307,0.001522237163,-0.02218449982,0.008363682047,0.009437610795
-3.327385997,-0.00191676862,0.005512405137,-0.00837898707,-0.01435930882,0.0007221484531,-0.0229603497,0.008951502389,0.009110435714
-3.328745519,-0.00182944773,0.005960955807,-0.008698946612,-0.01347133485,0.0004260599567,-0.0225790236,0.01202821366,0.00770199915
-3.331613925,-0.0001591694339,0.004683383872,-0.006052204514,-0.01476588588,0.001749299934,-0.02124608676,0.009885837318,0.007935499001
-3.359641846,-0.0009688832095,0.006799574332,-0.006245684511,-0.0150465502,0.001801342572,-0.0211968742,0.008859388013,0.008446008084
-3.307297789,-0.002061371468,0.005539227134,-0.007634166653,-0.01299539548,0.0027335055,-0.02289882042,0.009123734266,0.008883276801
-3.350352676,-0.0007883504682,0.007853623612,-0.007775512905,-0.0121560734,0.001703056963,-0.02275010727,0.01075074439,0.007685307866
-3.356041095,-0.002718074214,0.005896823994,-0.007756245174,-0.01408111753,0.001327359342,-0.02243017047,0.008563146252,0.009087131347
-3.314692171,-0.001434011459,0.00507380024,-0.006023022688,-0.01463714523,0.001771619743,-0.02115957077,0.008805115461,0.0093860043
-3.314770973,-0.000391255133,0.006397549368,-0.005645209466,-0.01506063662,0.002475224075,-0.02020091302,0.01241158234,0.007913158103
-3.347556262,-0.0007275218048,0.006876626667,-0.006444877911,-0.01279702909,0.002709581906,-0.02214130563,0.009634094267,0.007637394426
-3.28497645,-0.001994825272,0.00720520544,-0.008914192702,-0.01448178203,0.00100715067,-0.02186429112,0.008424483684,0.00756736131
-3.308341256,-0.0003096702186,0.006275092589,-0.006648479933,-0.01324487712,0.0005397396137,-0.02341399391,0.00828528729,0.009300738725
-3.331276013,0.0007560049657,0.009263778177,-0.004410861843,-0.01363570833,0.001115945022,-0.02205967669,0.01187306201,0.01056636955
-3.330807799,0.007480609598,0.01663361902,0.0006352550736,-0.01418000917,0.002626839965,-0.02186023026,0.0111212818,0.008252188565
-3.375266823,0.00756217055,0.01473586725,-0.002237530417,-0.01553985017,0.005022310586,-0.0204064913,0.01116167343,0.007911491805
-3.315604882,0.007027356786,0.01552718672,-0.004719697573,-0.01364553878,0.004368132655,-0.02099409241,0.0108770348,0.007344185975
-3.416945972,0.007317669707,0.01421722266,-0.005384378914,-0.01183291507,0.003438928922,-0.02092725747,0.009686603444,0.009280287119
-3.212764029,0.007892313922,0.01530983291,-0.001430714688,-0.01124837546,0.002997953615,-0.02059593161,0.01082123142,0.01001789192
-3.437249503,0.007066475826,0.01455676777,-0.003287673676,-0.01298518903,0.0020455171,-0.02027210844,0.01016729885,0.01025796648
-3.096906747,0.004140463371,0.01299840867,-0.004414275112,-0.01511525473,0.000231190739,-0.02142756912,0.009843240647,0.008756740465
-3.828235127,0.001669458234,0.01270900532,-0.006420491155,-0.01417534882,0.002714690612,-0.02296234381,0.009950801246,0.0074761523
-0.1220319477,0.003957386273,0.01369456426,-0.003493586745,-0.01252821699,0.002988169333,-0.02084871403,0.009792038808,0.008889153026
2.630951657,0.002988323419,0.009954004855,-0.003782581113,-0.01416867364,0.001489215717,-0.02177601793,0.009304958601,0.007135954305
2.158062689,0.001647937833,0.007123895336,-0.004845599465,-0.01568979082,0.0002581104092,-0.02237198007,0.009947226727,0.009746408262
2.150988014,0.001711451289,0.008391617459,-0.008064126921,-0.01682235798,0.000257424877,-0.02295645138,0.009406423272,0.008814923229
2.63110728,-0.0006937950309,0.008128273642,-0.007519803135,-0.01744825203,-0.0002701840903,-0.02283179399,0.01177790958,0.008491066383
-0.4180103999,-0.001301142439,0.007761959323,-0.005475482723,-0.01490189595,0.000461717518,-0.02144731656,0.008792600559,0.006615927772
-3.86478308,-0.001551528251,0.006462035793,-0.006171928687,-0.0169062824,0.001060254997,-0.02160308724,0.01037957767,0.00814732719
-3.014588507,-0.002535533923,0.005917877683,-0.005976213539,-0.01738512424,-9.592285693e-05,-0.02325103163,0.009367409368,0.008202141837
-3.497791332,-0.003599181515,0.005966467992,-0.007368034678,-0.01532500868,-0.0004259199366,-0.02336746761,0.00808885823,0.007676073758
-3.164550106,-0.001778352709,0.004956756699,-0.007451741758,-0.01568882318,-0.002176892801,-0.02392397309,0.009105660588,0.007927003821
-3.361538923,-0.002299931581,0.007163920644,-0.00658574828,-0.01468564023,-0.0002926881593,-0.02246954618,0.009115451729,0.009273759697
1.41645177,-0.002232104173,0.007222383616,-0.005113377708,-0.01447912017,0.000776746892,-0.0234842662,0.007715440163,0.005262369083
2.451142209,-0.002275309724,0.00453845176,-0.006598086751,-0.01684123419,0.0005004067266,-0.02195526942,0.009531606675,0.008059160105
2.116173408,-0.003165002782,0.008273746166,-0.005904927584,-0.01709224286,-0.000911362639,-0.0220952314,0.00916682064,0.005169937418
2.490208735,-0.00311017801,0.004564733907,-0.00592912973,-0.01549288622,0.0003305364723,-0.02122505014,0.01039035769,0.007070069777
1.412958792,-0.003427651903,0.004162170027,-0.005218520377,-0.01432250903,0.000427021515,-0.02220025027,0.01024395033,0.009116577858
-3.301789544,-0.003504424751,0.004951410966,-0.007852745593,-0.01591887503,-0.0005902097975,-0.02077840854,0.007515025766,0.006757569029
-3.303660252,-0.00263282472,0.006168176843,-0.006326467453,-0.01636570587,0.0007318681826,-0.02270953322,0.007416756985,0.008583194516
-3.295032172,-0.006006470069,0.002305137387,-0.006925628339,-0.01818270942,-0.0002296711836,-0.02277589235,0.008390131988,0.005946654355
-3.361058178,-0.01253466406,-0.00373697971,-0.007129709434,-0.01816374126,-0.002217667209,-0.02270060522,0.0077245043,0.007563165647
-3.236227023,-0.01244010276,-0.006733421486,-0.008925805699,-0.01903093284,-0.001092417639,-0.02475543693,0.01043476129,0.007065063473
-3.487038813,-0.01029526442,-0.006639984496,-0.008621014644,-0.01713401092,-0.0004930497382,-0.02460138762,0.00844662444,0.006692023081
-3.093582451,-0.01100845806,-0.002840080326,-0.01098384179,-0.01683323167,-0.002303290045,-0.0229440209,0.009350302767,0.007142364193
-3.756842638,-0.0104760209,-0.002480817484,-0.01065670442,-0.01688992192,-0.001353502995,-0.02201361709,0.007307025784,0.007284149619
-1.044214496,-0.009729705581,0.0005476950458,-0.007311401422,-0.01508870243,0.0001849230585,-0.02383583571,0.009089779149,0.007734945886
2.750593557,-0.007960178207,0.0002016091624,-0.005575735281,-0.01649224686,-0.001569085202,-0.02281615801,0.01080847764,0.009795645357
2.062140198,-0.008629768943,-0.004538848978,-0.008746269544,-0.01675331453,0.002311147918,-0.02199695424,0.009254090034,0.00770904498
2.368666951,-0.006962978743,-0.00103376421,-0.01083854448,-0.0165633814,-0.0001762722142,-0.02337669126,0.00923222397,0.008345890754
2.191169832,-0.007198933653,0.001190494039,-0.008876982646,-0.01589759523,0.0004965956389,-0.0238359512,0.006156534783,0.008809629823
2.304182577,-0.003896273747,0.007144023818,-0.006847299003,-0.01304228594,-0.0006934936738,-0.02252278275,0.01153140763,0.008637416578
2.237363231,-0.002435948893,0.004315464416,-0.006091990631,-0.01406750883,-0.001065692442,-0.02161552584,0.009174757804,0.008302715821
2.288542513,-0.003341625195,0.005122086747,-0.007207877515,-0.0174354014,0.001112753493,-0.02154345887,0.0103177017,0.008698015198
2.240770935,-0.003919969985,0.004389932839,-0.008460972705,-0.01438330224,0.0004731719774,-0.02218808814,0.01269935039,0.008642349233
2.239528689,-0.002924401847,0.005068348835,-0.006102479196,-0.0132477114,0.002006807401,-0.02142361917,0.00806930451,0.01006671361
2.2794391,-0.00232618025,0.007688304855,-0.00581811767,-0.01442934496,0.0006804178641,-0.02201206528,0.01084462699,0.008015494796
2.247136692,0.0001512563886,0.007714009104,-0.00664227743,-0.01585724178,0.0002622206913,-0.02225615228,0.009807625457,0.009748633882
2.200902325,-0.0004492823004,0.006950975266,-0.006481448771,-0.01711644576,0.002949932809,-0.02149849536,0.01127517141,0.008577244214
2.283324007,-0.0009288809451,0.005958118469,-0.006815424907,-0.01452887603,0.001566488157,-0.02067175549,0.0110493427,0.007645761402
2.305299958,-0.00173889321,0.007861072131,-0.006058913357,-0.01192938212,0.002798214269,-0.02160410625,0.009734546582,0.009086230603
2.303820018,-0.001935020353,0.004375015274,-0.005944617657,-0.01267714163,0.0008253779983,-0.02123141206,0.01232915757,0.008683512952
2.256809977,-0.0001270146724,0.006169147212,-0.006297294461,-0.0157351959,0.0007217492957,-0.02259725445,0.008083957012,0.009239069682
2.266377581,0.0004901169615,0.005363677357,-0.006281783627,-0.01491929923,0.0006301731302,-0.02270693454,0.008969360889,0.009354882157
2.26427116,-0.0001269187673,0.008085562906,-0.005727126901,-0.01364197991,0.003129334849,-0.02189172243,0.0112046085,0.00841906306
2.316074896,-0.0001082228226,0.009686811421,-0.006348014031,-0.01270166344,0.001577199163,-0.02169437495,0.01001857317,0.008666899397
2.27730873,-0.003898643895,0.007749071384,-0.00698063237,-0.01365423907,0.002885274292,-0.02039014284,0.008992409242,0.00748359146
2.239405659,0.004440207373,0.01192035287,-0.003329938815,-0.01525124664,0.000222632464,-0.02205907908,0.01098029346,0.01031155655
2.268396822,0.008922491543,0.01343671069,-0.002772944805,-0.01267893387,0.004634999596,-0.02215714636,0.01199120488,0.01076966421
2.282255893,0.009078866453,0.01323710263,-0.005088864671,-0.0104833416,0.0005009382355,-0.01992136637,0.01442024362,0.009222430158
2.271615267,0.007836905551,0.01699493152,-0.006280098257,-0.01430741743,0.004524777328,-0.02060028104,0.002771921251,0.00972868142
2.31205473,0.00620634083,0.0187167041,-0.001134641477,-0.01114993986,0.005363503791,-0.020961961,0.01514004061,0.008518882256
2.279241046,0.006035046697,0.01249648928,-0.001747235346,-0.01407166548,0.0001497287455,-0.02243477807,0.0119509235,0.007935539179
2.259553011,0.004007644011,0.01553375048,-0.005722397331,-0.02072482996,0.002644810107,-0.02078184868,0.004477091873,0.008587083702
2.249678405,0.004621746621,0.008632487383,-0.007508101705,-0.0167816433,-0.00132269723,-0.0212128831,0.01530454347,0.007888604929
2.279908358,0.00429639541,0.0117587813,-0.001872965181,-0.01191530577,0.00474413182,-0.02087979507,0.00857571028,0.01046081332
2.278333754,0.001870516559,0.01104861719,-0.004746619108,-0.01122637474,-0.002039630914,-0.01983824485,0.01414538081,0.007889864671
2.218426365,0.003542984948,0.009404207974,-0.007758216724,-0.01822257508,0.0002868021811,-0.02074660098,0.002163322521,0.0075891284
2.277696573,0.002251248985,0.01165648622,-0.005955095964,-0.01629617981,0.004344335473,-0.02298259361,0.01048199826,0.008040094549
2.242375531,-0.002019812192,0.00678875026,-0.004954833725,-0.01746303547,-0.004047944205,-0.02301657209,0.01549271673,0.007798522007
2.263712492,-0.002229058295,0.01274099321,-0.005243168415,-0.015619064,0.003840812687,-0.02189791546,0.002652931597,0.007890918942
2.230112041,-0.002014218047,0.0005488747915,-0.007450200756,-0.01671350528,-0.0006953752394,-0.02391937636,0.01534240209,0.007025327053
2.300351291,-0.002368466049,0.006134655468,-0.008985404262,-0.01735499392,0.001856236927,-0.0210894666,0.005710509103,0.008514246635
2.245806685,-0.003883631307,0.004675827843,-0.006026466366,-0.01293457127,-0.00182700683,-0.02467023312,0.007967551782,0.006359475911
2.224352949,-0.000230980554,0.003606857036,-0.005118638733,-0.01463030337,-0.002020008712,-0.02196371368,0.009391037917,0.008849864796
2.256005671,-0.001533816107,0.01138868098,-0.005112734292,-0.01796350198,0.002260241539,-0.0226818148,0.01038291919,0.007870575355
2.254410911,-0.003677494838,0.002315556274,-0.009717565527,-0.02252145853,-0.001756398245,-0.02277959464,0.01226226714,0.005744481449
2.259618219,-0.003207415403,0.005496830119,-0.005662521794,-0.01563642726,0.004351927509,-0.02288522491,0.006857529731,0.00767667249
2.261571063,-0.003809325575,0.006197303707,-0.004972947199,-0.01468057773,-0.0005571738929,-0.02324409108,0.01066356915,0.006436545287
2.285576623,-0.002907146114,0.00342802086,-0.007282676647,-0.01617627822,-0.0001841649004,-0.02261259482,0.00764229285,0.01050143914
2.25558295,-0.001757749208,0.009349632439,-0.006229948152,-0.01685609283,5.583202848e-05,-0.02451673199,0.006108666267,0.007657982671
2.282636619,-0.001884463722,0.001502738346,-0.008619528001,-0.01992156383,-0.002007332337,-0.02345242861,0.01144928202,0.008925204759
2.286975613,-0.002913688562,0.005450647118,-0.005711339866,-0.01782085625,-0.0001645023074,-0.02086798324,0.01099557732,0.00537334839
2.267153677,-0.005096971043,0.002373039117,-0.007086760643,-0.01223404072,0.0006852646228,-0.02271779971,0.007724029136,0.006644866902
2.273511556,-0.01131856363,-0.004887289225,-0.0126198968,-0.01604680921,-0.001986113317,-0.02113470129,0.006477511271,0.008611736965
2.23436114,-0.01365713308,-0.001648354117,-0.01043154101,-0.02081550408,-0.001418353617,-0.02651335005,0.007946336557,0.00752535408
2.193505545,-0.01037192762,-0.003992376969,-0.007428644391,-0.01801972983,-0.001963273149,-0.02735022071,0.008187917641,0.007069681563
2.191331035,-0.01045942386,-0.002757006108,-0.006967312911,-0.01754957683,-0.001842324859,-0.02170744978,0.00959476286,0.006671297845
2.247651686,-0.01051580992,-0.002072412679,-0.008775280735,-0.01602395609,-0.0003466678459,-0.02063457054,0.008830379227,0.00696128232
2.227813782,-0.01095661786,-0.005279393876,-0.01051172427,-0.01726274385,-0.001436082492,-0.02418208619,0.01126673463,0.007801966598
2.226761168,-0.008156482166,0.00151082063,-0.008415853529,-0.01496739852,-0.000506724422,-0.02426922132,0.007110704092,0.008747253885
2.2719676,-0.007351705187,-0.002717323431,-0.008985084718,-0.01779783192,-0.0008190172581,-0.02417525277,0.01062056894,0.008854551654
2.246899647,-0.008412144254,0.001876105125,-0.007538531774,-0.01725431192,-0.001467731387,-0.0218041557,0.009289972558,0.007528008257
2.246847593,-0.00584377178,0.0007518266254,-0.008008032392,-0.01368341779,0.001834990695,-0.02237046548,0.007266242165,0.006660626666
2.200459065,-0.005487714268,0.002581347651,-0.008166600348,-0.0186151172,-0.0008604149259,-0.02119239913,0.01194230546,0.00602832422
2.176791234,-0.004707734458,0.003445279675,-0.007948162314,-0.01312090669,0.00260022559,-0.02428505008,0.002717085781,0.009126204266
2.264175055,-0.004684805807,0.003805118224,-0.007342221869,-0.01502088959,-0.0005920009364,-0.02307734325,0.009820400405,0.007209774846
2.220043862,-0.002553800293,0.00446239417,-0.008405813949,-0.01528498552,-1.290671099e-05,-0.02250031758,0.01007740795,0.009770059834
2.251236499,-0.001269500943,0.004853750977,-0.005986487837,-0.01168664865,0.001030035156,-0.02453938532,0.007435520215,0.007785298288
2.257519498,-0.0005872710711,0.007022624486,-0.006017055147,-0.01486155091,0.0004274495968,-0.0214705444,0.0155760074,0.007423354014
2.275599741,-0.001283249551,0.009796846961,-0.006269015451,-0.01266836961,0.001810700285,-0.02069365139,0.00705015348,0.008140105493
2.215109721,-0.002373436794,0.003990051806,-0.004757395614,-0.0132599487,0.001397126956,-0.02216511941,0.01126838814,0.008241288268
2.149043754,-0.001782949599,0.006411633601,-0.00503852921,-0.01450029044,0.0008221899485,-0.02459004651,0.01193513882,0.01011271846
-2.660018714,-0.002273555343,0.00826439769,-0.005444060882,-0.01736174598,0.004326983128,-0.02402601201,0.009371954195,0.009746326776
-3.49494101,-0.002080150687,0.00684030767,-0.008714323359,-0.0208987709,0.002108492314,-0.01969886287,0.01259446584,0.007474186163
-3.217987995,-0.001495690273,0.005877658178,-0.005205243597,-0.01381193017,0.004112244416,-0.02212126242,0.006345568031,0.007776331625
-3.357297695,-0.001049270043,0.005136802917,-0.002501818629,-0.01203308786,0.001176064195,-0.02354211714,0.01142218655,0.0078783148
-3.270456944,-0.0001711978158,0.003569730633,-0.005209850963,-0.01522313697,0.000181793923,-0.02332110504,0.00930591203,0.009835340557
-3.357309057,-0.001781612948,0.01020550506,-0.006645336516,-0.01521616704,0.002367009532,-0.02345662654,0.007600773452,0.01091451737
-3.26936258,-0.003492810488,0.002940253473,-0.009385520725,-0.01638200272,0.0001823980871,-0.0224117536,0.01144131113,0.00845503619
-3.419676888,0.002366050742,0.0142660494,-0.005320540852,-0.01160160928,0.002750962394,-0.02114843314,0.01080182985,0.01048976571
-3.214874413,0.007519013471,0.01576916602,-0.001337747957,-0.007705640896,0.004721652964,-0.01925244381,0.01379884248,0.007069032169
-3.496234258,0.008536699483,0.01537140548,-0.003893409968,-0.01149680031,0.002848427983,-0.01871124568,0.01243162537,0.009939422169
-3.040052444,0.009118800159,0.01763142256,-0.004625586852,-0.01285490448,0.004344126405,-0.02207025226,0.009657797826,0.01009684218
-3.824520425,0.00568202819,0.01448895691,-0.004962377245,-0.01306816264,0.002466455859,-0.02231147162,0.01284506964,0.008676658407
0.3864063666,0.006881424361,0.01678704825,-0.002435099675,-0.01218521758,0.002568901994,-0.01998157982,0.009028613669,0.01097232406
2.402187514,0.003995083164,0.01278294636,-0.00287039226,-0.01301209498,0.002998270643,-0.02188830938,0.007493164123,0.007159784798
2.467523508,0.003878536411,0.008643462503,-0.00366940168,-0.01708201903,0.002320415431,-0.02287929154,0.009443500736,0.008585529231
-1.060928956,0.004927256563,0.01253088871,-0.002082352256,-0.0142989429,0.002647805064,-0.02407495524,0.007728323013,0.008493364966
-3.936695484,0.004417950446,0.01231680788,-0.004381288787,-0.01451401675,0.002029993495,-0.02148938424,0.009003514881,0.00812466443
-3.019936981,0.003575116935,0.009889825841,-0.006417563766,-0.01520747934,0.001585258034,-0.02145539597,0.01211068337,0.010131067
-3.495873515,-0.001215849627,0.01243869998,-0.005228023024,-0.01247257985,0.0002789539717,-0.02131060836,0.008501354994,0.00737583541
-3.198128504,-0.0006263044511,0.008998757462,-0.003281348553,-0.02028225974,-0.0007097530462,-0.02302949932,0.01351098757,0.006706409327
-3.435756314,-0.002050574694,0.007255445655,-0.00493019313,-0.01426295316,0.0005816469425,-0.0210156453,0.00933347061,0.007360719818
-3.249684431,-0.001407039895,0.003055451082,-0.01155401798,-0.008766487916,0.001891201495,-0.01836377765,0.0103784626,0.007260771424
-3.355351558,-0.001370861766,0.006831115174,-0.009799998396,-0.01762063618,-0.002056165472,-0.02501390376,0.008515568063,0.007938941419
-3.32943185,-0.003084977378,0.007003795262,-0.001517456472,-0.01800796668,0.002764104057,-0.02459437556,0.006206910172,0.009245382411
-3.298057962,-0.003387406471,0.005154724857,-0.003284149896,-0.01873765946,-0.002441605031,-0.02331004669,0.01118974277,0.007302174437
-3.298454829,-0.002237436159,0.006218119219,-0.007489003781,-0.01619745832,0.001062875392,-0.02188924703,0.004213420209,0.007477490172
-3.339717115,-0.003954499133,0.005345739795,-0.01079556832,-0.01496512703,-0.001185464597,-0.02254004158,0.009596317249,0.005271637029
-3.37818729,-0.002140934561,0.001058016634,-0.006638989109,-0.01305595101,0.0001169350723,-0.02368061087,0.01127087427,0.01012042825
-3.295782818,-0.00226868435,0.007269094477,6.09234177e-05,-0.01310994353,0.00052269213,-0.02290557163,0.009156126947,0.007728935811
-3.348592672,-0.000752305969,0.003890013476,-0.003887591192,-0.0194081994,-0.004530411714,-0.02222478932,0.01306597296,0.007453309722
-3.349461017,-0.002257431941,0.009134840062,-0.01244831332,-0.01899354122,0.004805056013,-0.02272082877,0.004204580115,0.007493845549
-3.33454197,-0.004461927474,0.004566384132,-0.006371850783,-0.01695133142,-0.0002086635559,-0.02476778267,0.01358177651,0.006356397147
-3.345287176,-0.004807801866,0.006244016255,-0.005899348182,-0.01344845294,0.002176532525,-0.02140875562,0.009191815895,0.007928046075
-3.371172278,-0.005249757804,0.009362476758,-0.0009494753179,-0.01401461689,0.001906860016,-0.01902647762,0.00898187151,0.008403198015
-3.314264385,-0.008719671013,-0.008167854899,-0.007614568506,-0.01926171118,-0.001441262234,-0.02372766202,0.00757341723,0.007748688601
-3.315306048,-0.0135419163,-0.002669793493,-0.01348664968,-0.02220178811,-0.003424524554,-0.02640888961,0.006791857819,0.008370750396
-3.27660997,-0.01239756507,-0.004965146134,-0.01256640282,-0.01412601741,-0.004830533581,-0.02419104299,0.007607756158,0.005837653107
-3.370471203,-0.01123820538,-0.002451335468,-0.00799052165,-0.01302595848,-0.001360402071,-0.02217197665,0.00978658702,0.007951386538
-3.225394723,-0.01285214734,0.001570529358,-0.008311588634,-0.01657133369,-0.001251314261,-0.02279874564,0.009649473612,0.005157630822
-3.525272373,-0.01269290905,-0.004566953348,-0.01060347921,-0.01836595023,-0.000347830351,-0.02416626049,0.008878511246,0.007741717967
-3.041054863,-0.007308610591,-0.000363072182,-0.007271415241,-0.02052041591,0.0001891595615,-0.02473096159,0.009177442103,0.007762579708
-3.89362125,-0.005884296219,-0.000137801432,-0.007058885124,-0.01136505905,-0.0003836937836,-0.02356848905,0.009263602703,0.00843216548
-0.6716616984,-0.00788038692,-0.002749150532,-0.009171069125,-0.01318826646,-0.0003627518111,-0.0211478632,0.01171751889,0.007780087001
2.660928165,-0.006210124224,0.001018129793,-0.008421074701,-0.01612544252,-0.001335087371,-0.02450947704,0.009058086207,0.007519705688
2.142466259,-0.005723123442,-0.0008758219093,-0.007622561116,-0.01942676546,0.0008147157305,-0.02459702868,0.007626662611,0.009396497019
2.131144093,-0.005071573031,0.005060344536,-0.006517240611,-0.02064511201,0.001252453744,-0.0221139398,0.009811263577,0.00689611407
2.607909647,-0.003641402697,0.004772090733,-0.007046100046,-0.009669394846,0.0007152035012,-0.02144285094,0.008937155223,0.009874964779
0.1614337194,-0.002575640526,0.003019371609,-0.008035894345,-0.01217075326,-0.0003319767583,-0.02104987226,0.01031633712,0.009095491902
-3.849214938,-0.002544534692,0.006273414691,-0.00708454961,-0.01243202507,-0.000223008365,-0.02146498027,0.01034608322,0.009837878313
-3.039759614,-0.002190061161,0.003012543667,-0.005543308844,-0.0162252963,0.001069282478,-0.02256373255,0.00847004723,0.00853972585
-3.566948995,-0.0004653882721,0.00796032811,-0.003892257047,-0.0157850244,0.001300895673,-0.02097088162,0.01035728862,0.00922831882
-3.066265768,-0.002472093193,0.007027135339,-0.006702386534,-0.01156013693,0.003334446706,-0.02057497851,0.009535384715,0.008400657273
-3.780639537,-0.002844927236,0.006254746141,-0.007833463478,-0.01511735304,0.002154879239,-0.02130047805,0.01267280721,0.008453862089
0.7040323831,-0.000564435528,0.004626299845,-0.006812672512,-0.01399777093,0.0006690973293,-0.0228718105,0.009488723702,0.00949771389
2.671938526,-0.0008286938286,0.00693946147,-0.004440482692,-0.01777763421,0.002645041444,-0.02222992182,0.006839738047,0.008001313216
2.049700579,-0.001346535403,0.007608980714,-0.005617382628,-0.01359585961,0.001659186295,-0.02146131888,0.009639047257,0.008364715728
2.491435155,-0.002207199069,0.006463167056,-0.004651939536,-0.01405505014,0.001710346002,-0.02138144979,0.009618371787,0.008529374398
1.616468683,-0.0006916942468,0.005508866904,-0.007035619271,-0.01439330361,0.002061164316,-0.02361255318,0.01242090833,0.008469824634
-2.995457613,-0.0009652722494,0.004662968429,-0.003650098396,-0.01424597972,0.0009817425534,-0.02288755249,0.009155848094,0.007534233165
-3.354083871,-0.001870976675,0.006586894665,-0.004344709234,-0.01486764724,0.002841632422,-0.02255231403,0.009142103346,0.009895658065
-3.273456932,0.001178536064,0.01008986813,-0.005882203733,-0.01423639896,0.002431392882,-0.02209418041,0.01159882027,0.01076428687
-3.41538433,0.00755027825,0.01731124492,-0.004168229266,-0.0123459188,0.0033722673,-0.02168395759,0.01160305093,0.009927615765
-3.225059448,0.007864651776,0.01741291692,-0.002879782399,-0.01226467102,0.003116037032,-0.02026203496,0.01112332263,0.009727637819
-3.404899642,0.00704767586,0.01296806104,-0.002738592676,-0.01361343538,0.003168314046,-0.01853928774,0.01270061634,0.009199019828
-3.125842374,0.007278061752,0.01586499047,-0.001510883519,-0.01372720248,0.003013039263,-0.02047721046,0.009950480874,0.008444738012
-3.608398313,0.00748053143,0.01453168476,-0.003323516834,-0.01383264695,0.003573274148,-0.02246849603,0.01032526809,0.009916922211
-1.84433031,0.005669000428,0.01540463868,-0.004697519321,-0.01479395844,0.003662348473,-0.02130941369,0.01064680281,0.009358697553
2.541047402,0.00399307445,0.009864595407,-0.005373348002,-0.01247949988,0.002297999743,-0.02307793533,0.01055116946,0.00949403135
2.112164259,0.004559962641,0.01054162328,-0.00319092961,-0.01460801811,0.0002631953542,-0.02140966942,0.01046298457,0.007521440796
2.322097675,0.004441120973,0.01265009286,-0.004603997355,-0.01401335763,0.002046469844,-0.0214114133,0.01059677866,0.007989457317
2.220279795,0.003155396325,0.01187741977,-0.004324298629,-0.01720809374,0.001661862688,-0.02129516394,0.00925621193,0.007965977541
2.32363,0.002682455447,0.009911275872,-0.004511885213,-0.01649321188,0.003288450037,-0.02301363959,0.008964371746,0.008412643588
2.226911512,-0.0006431995539,0.008539363138,-0.006139991905,-0.01491222373,0.0005502128857,-0.02209218686,0.01069937341,0.006808222723
2.316819085,0.0002269918129,0.006838134806,-0.005328474115,-0.01586715723,0.0004679754196,-0.02252467875,0.00939871555,0.006710525533
2.197404663,-0.0002906340106,0.00773899948,-0.005812184409,-0.01454777428,0.0003866483065,-0.02135512048,0.00953704418,0.008112686445
2.257041029,-0.002373654402,0.007395386924,-0.005579932771,-0.01882197987,-0.0004136811795,-0.02265950473,0.008413865933,0.007298396318
2.255957164,-0.002983126627,0.006720352278,-0.006894035439,-0.01767994873,0.001429474956,-0.02307555167,0.00840493644,0.007026847037
2.262117429,-0.00384380711,0.002357292698,-0.006816743281,-0.01539065536,0.0003632697544,-0.02104468816,0.009076855604,0.006661610542
2.238911563,-0.002968901217,0.005278761999,-0.006720628536,-0.01462740383,0.001369787811,-0.02059440616,0.008542063728,0.008591309843
2.262443669,-0.003393088961,0.003506739744,-0.006661785979,-0.01655024494,-0.001005816931,-0.02206425092,0.008614300361,0.007005950616
2.27673502,-0.00287028763,0.006599817269,-0.005395473658,-0.01719746469,0.0005243459618,-0.02249969105,0.009095240869,0.008965894474
2.250457754,-0.003797393163,0.006122465352,-0.00564798406,-0.01679849575,-0.0001080792529,-0.02202230809,0.008112461822,0.008450088778
2.224892515,-0.002736641584,0.005351938339,-0.005609135189,-0.01623672827,-0.0007799547651,-0.02283140638,0.00984734589,0.007240278013
2.235021628,-0.003358044981,0.004956012192,-0.006437161338,-0.01681979083,-8.32621428e-05,-0.02426985132,0.01035365048,0.007129706885
2.269606457,-0.003313398896,0.004642801272,-0.007623336004,-0.01791693227,1.675186521e-05,-0.02332591332,0.008221184583,0.007988925206
2.264294759,-0.002539249054,0.005785295074,-0.00559717003,-0.01649901548,0.0004231685678,-0.02303800912,0.008290475472,0.007957442645
2.213679359,-0.002850061825,0.00522872482,-0.005804533224,-0.01652119719,-0.0002156148804,-0.02286906262,0.009841169671,0.007950812802
2.297560356,-0.006347287934,0.002037797297,-0.006768340241,-0.01729590222,-0.001304302675,-0.0210526422,0.008053079485,0.007884902958
2.292738835,-0.01183418284,-0.005638780063,-0.01009326042,-0.01785335956,-0.003167527811,-0.02394848752,0.008820534537,0.007286425451
2.268052949,-0.01179729978,-0.003523527681,-0.01000228471,-0.01795535556,-0.000390750346,-0.02536923611,0.008122046615,0.006628453241
2.292053622,-0.01146016078,-0.002244669217,-0.008306795376,-0.01725592727,-0.001311732714,-0.02339349068,0.008799355034,0.007059415088
2.294784321,-0.0105267031,-0.004035579661,-0.007509865197,-0.017400426,-0.001082095083,-0.02349588773,0.007852927805,0.007247403467
2.227048938,-0.01095308964,-0.001588445522,-0.008208658304,-0.01644395829,-0.0008613463931,-0.02256275805,0.007640886392,0.006302726472
2.283917222,-0.009427187463,-0.003039784692,-0.009547148185,-0.01657263472,-0.001330140982,-0.02327880561,0.008970717781,0.007941251773
2.251733363,-0.006866087176,0.002213359908,-0.01040477059,-0.01660755622,-0.001575855533,-0.02266867632,0.01100323317,0.007540571714
2.250984214,-0.008176289501,-0.0006010575947,-0.008349312827,-0.01647942087,-0.0001103107741,-0.02150711484,0.008931078616,0.007612844451
2.289896528,-0.008279524733,-8.623285437e-06,-0.008281986181,-0.0170163276,0.001244429109,-0.02128891629,0.008939958246,0.006254954835
2.276867585,-0.00764421073,0.001759647628,-0.004655688537,-0.01402523602,0.0002485829508,-0.02278449589,0.01058968542,0.008152140639
2.258662046,-0.006080370664,0.002041743341,-0.007888446136,-0.01663121295,-0.0002140345034,-0.02517396533,0.01284767902,0.009200357347
2.234329682,-0.002943658333,0.004091880042,-0.00986690786,-0.01727751899,0.000310380071,-0.0217816096,0.007391189701,0.009061384381
2.240990197,-0.002640578582,0.006112028498,-0.01126314929,-0.01504396094,0.0004501564782,-0.0224424004,0.007641345736,0.008013653843
2.210857177,-0.002625905357,0.005710455615,-0.003869102736,-0.01243305001,0.001683022005,-0.0215111044,0.01163153857,0.008258743864
2.211369058,-0.002086095436,0.003086906786,-0.003256034541,-0.01407130051,-2.026661896e-05,-0.02372019184,0.01141587937,0.008780943406
2.24970626,-0.001009435097,0.004985092721,-0.00547052926,-0.01772057239,0.002216720229,-0.02282277336,0.008669379624,0.00823971996
2.258213345,-0.0004713558249,0.00675009455,-0.00974024112,-0.01663509322,0.003306191474,-0.02034617146,0.007774403406,0.008906376511
2.317437019,-0.00113079444,0.007578353913,-0.009034152423,-0.01489434758,0.001227623652,-0.02343004401,0.01048763761,0.009206945449
2.259324682,-0.001086315186,0.005571773998,-0.005052647808,-0.01015113598,0.0006915021783,-0.0231380554,0.01082393592,0.01127206754
2.243009088,-0.0009403984886,0.007682088349,-0.00344198557,-0.01278263892,0.0004696477687,-0.02168908764,0.008587500816,0.007341528696
2.25450597,-0.001094957692,0.005465126407,-0.007416542799,-0.01754678686,0.001736999548,-0.02204203498,0.009712776846,0.00822010295
2.256312485,-0.001485577211,0.005165216828,-0.005673927065,-0.0177293398,0.001421273196,-0.02181788478,0.01105128534,0.007727747859
2.282708023,-0.002061558543,0.007844316499,-0.006320428578,-0.01298949088,0.001586172594,-0.02289188153,0.01184102691,0.00818441555
2.23331145,-0.0009723475165,0.006337803468,-0.004893859237,-0.01239388295,0.0008596426652,-0.02003274969,0.008568141963,0.009274057948
2.248908603,0.0002770131052,0.009736554092,-0.007519523984,-0.01469325315,0.001692327356,-0.02226364105,0.008936884101,0.008602239759
2.314856595,-0.001700930397,0.004753824122,-0.006749566419,-0.0173731015,0.002412337363,-0.02196039017,0.008054893294,0.008741302306
2.237867407,0.004604036319,0.01470834012,-0.001670849527,-0.01314976351,0.0006095367054,-0.02238291501,0.01216021881,0.009286887
2.254450831,0.007918525041,0.01636217397,-0.001499732223,-0.01148899678,0.004365339723,-0.01881039935,0.01295428523,0.009129556012
2.239058629,0.006282750162,0.01398230815,-0.003633275233,-0.01341458047,0.002431490416,-0.02050509324,0.01398739598,0.009026589507
2.234689695,0.0074022674,0.01205869153,-0.005078024443,-0.01507236259,0.003206738858,-0.02294141436,0.009719767306,0.009131408344
2.279506619,0.007008354728,0.0160713555,-0.001588064064,-0.01493167234,0.002879049,-0.02339019862,0.01284191158,0.007532934945
2.264186631,0.007012551343,0.01546144403,-0.001803849327,-0.01232020716,0.003169345223,-0.02018839549,0.01064417499,0.01135486788
2.235450944,0.0046353594,0.01346470318,-0.006046507403,-0.01235075272,0.00425487805,-0.01826496198,0.007370287991,0.006687920236
2.261644458,0.002729239339,0.01122276754,-0.005300465839,-0.0138995349,0.001097253141,-0.01915909356,0.009041274549,0.007514601098
2.259123053,0.002985844897,0.01106804384,-0.007081930915,-0.01571688518,0.003523887639,-0.02515337135,0.01008690576,0.00949515711
2.227838744,0.003016974106,0.01127482587,-0.001253577006,-0.01554274692,-0.0005206426308,-0.02331902338,0.01195661773,0.009423675752
2.255428644,0.003467608977,0.01081659995,-0.005264133561,-0.01613806829,0.001373642505,-0.0212332107,0.0075735164,0.00873283542
2.25230649,0.001004905195,0.009514305058,-0.003621567431,-0.01359684912,-0.000865378531,-0.02012268299,0.008120096018,0.007295061603
2.236637607,0.0006226846208,0.006703018768,-0.00859165243,-0.01426563602,0.002801670453,-0.02503913012,0.0103799522,0.007753979995
2.185734175,-0.002145047365,0.007748213312,-0.006627090423,-0.01526799921,0.0006396230389,-0.02487632599,0.0120995583,0.008940198727
2.304951672,-0.001110421614,0.005938456641,-0.006269807396,-0.0168406371,-0.001253929643,-0.01975372234,0.01024010715,0.006160865605
2.111700079,-0.0005796799505,0.005612950205,-0.006614511392,-0.01711937134,0.0009755162455,-0.02038591216,0.002697245479,0.007973743963
2.391569926,-0.005241684518,0.006411396875,-0.004856794682,-0.01494125677,0.0002008931059,-0.02418628368,0.01149913765,0.007202131177
1.989600725,-0.004359526948,0.008040137811,-0.007633791541,-0.0183485219,0.001757300978,-0.02637059681,0.008355635803,0.007419460727
2.7172088,-0.002326520125,0.00292451405,-0.006379427144,-0.01540163559,-0.001465178689,-0.02301082983,0.009610522497,0.007054408024
-0.6697793201,-0.001083313711,0.004102823551,-0.004687664051,-0.01712082358,-0.00218400844,-0.01807987939,0.01113225023,0.00905109536
-3.808359259,-0.001810545714,0.005333916955,-0.006831812689,-0.01530045595,0.00212833433,-0.02127454427,0.009216059306,0.009649225228
-3.086824647,-0.002831836789,0.006317546076,-0.006463656084,-0.01628319801,0.0005178537153,-0.02464474363,0.009269398686,0.005983927299
-3.479617869,-0.003640434458,0.01041764457,-0.009893532698,-0.01637611151,0.0027151305,-0.02400090422,0.008392589305,0.006662889387
-3.237653826,-0.004086518658,0.003272149298,-0.005951657594,-0.01565710091,-0.0004791491317,-0.02127703549,0.009209395595,0.00630305712
-3.418880784,-0.0008766384737,0.003266997328,-0.005613136269,-0.01729820689,0.0002712604758,-0.01991042531,0.009159789411,0.00864625101
-3.270786115,-0.002262666825,0.004864749347,-0.005084519091,-0.01484799735,0.0001449572772,-0.02125065588,0.01284168139,0.006811330651
-3.433352241,-0.001693349222,0.004119979289,-0.007453252123,-0.01724506714,0.0003302341287,-0.02397723003,0.009599032713,0.006609075317
-3.255273048,-0.01081753883,-0.002876539562,-0.00955812792,-0.01937903195,-0.0005667116472,-0.02501333082,0.002807061667,0.006775491646
-3.493679276,-0.01315729292,-0.005984305218,-0.007507861003,-0.01527267522,-0.003568840456,-0.02512911739,0.006683691618,0.006370800535
-3.179452172,-0.01026829939,-0.004876771194,-0.00833657878,-0.01564263902,-0.001870191497,-0.02313286508,0.01170178851,0.006833582562
-3.745963785,-0.01099135401,-0.002725871804,-0.0097613145,-0.01547872018,-0.002181518752,-0.02408740843,0.00856399038,0.008518199698
-1.801108381,-0.01057581164,-0.005081879335,-0.009996380057,-0.01750463064,0.0004744987241,-0.02281537451,0.008267610823,0.006018778054
2.334586708,-0.01142170029,-0.001516232969,-0.009634979632,-0.01890529647,-0.0006704548704,-0.02420431011,0.01059268618,0.007398171718
2.51065828,-0.007969687266,-0.002250100176,-0.006038855073,-0.0154040759,0.0002903289546,-0.02367907576,0.009048452861,0.008390184925
0.545883439,-0.006808079561,-0.0003153050821,-0.007331126093,-0.01606256056,-8.621678011e-05,-0.02452083388,0.009620088118,0.008997931204
-3.766485128,-0.008998867588,0.001874702705,-0.007625430292,-0.0157349424,-0.0005754563998,-0.02184958033,0.009949478856,0.007605325611
-3.128194959,-0.006971966973,0.001377574287,-0.008587654067,-0.01722332431,9.812739705e-05,-0.02224092758,0.01012416549,0.006457691081
-3.484646839,-0.005627113817,-7.262097041e-05,-0.006264212809,-0.01714029111,0.001366388084,-0.02255722648,0.008493976465,0.008602210928
-3.267891709,-0.003632349653,0.003195586403,-0.005355486812,-0.01373593336,0.0008607237976,-0.02416248129,0.007816930481,0.007277521468
-3.452793254,-0.003447793468,0.003091747995,-0.007710110918,-0.01588179094,-0.000651033001,-0.02256811619,0.01258440764,0.009330095038
-3.338054914,-0.002478834067,0.005490529379,-0.00654158413,-0.01412439843,0.0003355488938,-0.02308664577,0.01038513408,0.0103933112
-3.394016421,-0.003401370321,0.005097268657,-0.008512554369,-0.01525192253,0.0005514223722,-0.02191551963,0.01131442928,0.007445629737
-3.382342749,-0.003178180205,0.007311194782,-0.00803481818,-0.01461272627,0.003599098891,-0.0220239273,0.007805755568,0.008661422066
-3.267453233,-0.0008934124002,0.005620636443,-0.003040430134,-0.01484784379,0.002711168124,-0.02222676639,0.0119629379,0.006903736324
-3.372705308,0.0001108518492,0.006447203127,-0.004911151658,-0.01417777675,0.001449767778,-0.02222799889,0.01237338961,0.008494414355
-3.33203696,-0.0004803338547,0.006047687356,-0.004970176336,-0.01500815582,0.001212099141,-0.02208964818,0.004960055439,0.007957587621
-3.328726659,-0.0003530909231,0.007564165627,-0.008897440858,-0.01359584491,-5.56763762e-05,-0.02414282871,0.0112122295,0.009359952623
-3.392754007,-0.0004428049988,0.00650071992,-0.006443511495,-0.01384806762,0.0008239364526,-0.02383656512,0.003978941073,0.00865013184
-3.333495098,-0.001415319725,0.005254419287,-0.006829635251,-0.01356154117,0.002147754474,-0.02406178897,0.005507483446,0.007838041694
-3.339774519,-0.0003691333141,0.005259395925,-0.007353434042,-0.01288651403,0.0009956741879,-0.01975723967,0.01218742524,0.008602484427
-3.30916806,-0.001445218962,0.00708989832,-0.007015023525,-0.01276028006,-5.516766227e-05,-0.02114923405,0.01589889524,0.008893961355
-3.299457524,-0.0003624111104,0.005393463351,-0.005613739362,-0.01374694506,0.0003284678008,-0.02291172136,0.01180981079,0.009323867844
-3.346443194,-0.001567705349,0.009045655561,-0.006786790752,-0.01353700864,0.005282114992,-0.02313606369,0.01003349245,0.008735033978
-3.243728619,0.001998760103,0.01375922768,-0.00373317431,-0.01166438447,0.00504417453,-0.02312875459,0.01280669252,0.007659337695
-3.333385615,0.00860019875,0.01694791204,-0.002019894164,-0.01439082921,0.004656827924,-0.01948897704,0.01138072442,0.008860477128
-3.276047415,0.00734513511,0.01867962735,-0.0006158780604,-0.01728408297,0.003601537466,-0.01876436533,0.01101321758,0.01098037333
-3.35525797,0.00688005714,0.01266631619,0.0002942531883,-0.01631449945,0.002693107971,-0.02122052477,0.0127740113,0.01013451637
-3.298829688,0.008156858051,0.01457748966,-0.002614228232,-0.01572834019,0.004044106505,-0.02207570349,0.008710982966,0.01102970337
-3.393014104,0.007452916113,0.01152614218,-0.00430522291,-0.008707103009,0.002646040655,-0.02272730743,0.005297312177,0.00892008896
-3.31825593,0.00357100072,0.01172820822,-0.004843677957,-0.01231252386,0.0003499072353,-0.02237465777,0.007978678764,0.008533062971
-3.411710571,0.003710440503,0.01123388686,-0.005006628682,-0.01381488585,0.002511683717,-0.02270535416,0.01414607701,0.008259650205
-2.903471964,0.003831623479,0.01165618496,-0.00496530719,-0.01372022545,0.001343083595,-0.02118784874,0.01456931765,0.009134780509
2.025435745,0.004374458348,0.01350479737,-0.006318925896,-0.01424178718,0.003683239656,-0.01960762895,0.01231508443,0.008657884193
2.267554325,0.003320108246,0.01140158644,-0.005297548023,-0.01350900799,0.002336797972,-0.022777051,0.01245652912,0.007166875918
2.287438798,0.001530207298,0.008091360327,-0.005821031217,-0.01502842362,0.002809617916,-0.02274154909,0.01142914353,0.008234038493
2.169413915,-0.00094249894,0.008999195428,-0.007124015652,-0.01600491177,-0.001317806877,-0.0223383362,0.008505702279,0.008288081168
2.324398297,-0.0009762203039,0.008702061185,-0.006348006232,-0.01675289214,0.0006253652865,-0.02209874013,0.006549358287,0.007073558299
-2.444803307,-0.00123764258,0.006469311315,-0.00449883149,-0.01956793795,-0.0003425030027,-0.02353227838,0.009913038032,0.008063720519
-3.474591135,-0.001428305863,0.002150690552,-0.004483591808,-0.01995602167,-0.0003885678094,-0.02390429368,0.008079618161,0.007532646292
-3.325756761,-0.00239616876,0.001291052933,-0.006485052532,-0.01402380841,-0.0006710186692,-0.02467613599,0.006919782528,0.007208285644
-3.248189377,-0.002840876638,0.003210595094,-0.008770688534,-0.01332614631,-0.0002329475159,-0.02194669401,0.01218826341,0.007350001985
-3.680807701,-0.00294010203,0.01128698769,-0.006145723076,-0.01389434879,0.0008898055101,-0.02309612712,0.01056959173,0.00745478478
-2.018265239,-0.005001599989,0.008226512779,-0.005256039883,-0.01665789741,0.001690890099,-0.02265716267,0.009270828113,0.009070995617
2.372853143,-0.003935106011,0.006163530813,-0.005876727977,-0.01828277196,0.002350641797,-0.02226533919,0.009956452328,0.006042474908
2.251640519,-0.002241995152,0.003917163171,-0.005707927511,-0.01649101239,0.001506700395,-0.02201754737,0.01071002435,0.006464029491
2.126786958,-0.003588248667,0.004451431012,-0.006136702593,-0.01419917831,-0.002175947868,-0.02065714842,0.007913828325,0.007900762552
2.691953659,-0.00238503203,0.005864379476,-0.00636201214,-0.01366905281,-0.001178834717,-0.02202493996,0.007168680577,0.007813241029
-0.2623109322,-0.003259574457,0.006540095354,-0.007104973053,-0.0185464099,-0.0002166548099,-0.02355677241,0.007967568306,0.008734336574
-3.833627496,-0.003954802498,0.002834485382,-0.003596317413,-0.01794745008,-0.0007616438335,-0.02495647654,0.006164221083,0.008453380862
-3.063137253,-0.002854635138,0.002571339758,-0.005373428781,-0.01741266543,-0.0001882842809,-0.02382454677,0.007930820653,0.0081448461
-3.423747625,-0.007636110433,-0.00172862649,-0.009117306508,-0.01501628554,-0.001562069621,-0.0223192501,0.0108442613,0.005874306822
-3.287491474,-0.01326713214,-0.004372850267,-0.009010269521,-0.01545127721,-0.002591659014,-0.02272141997,0.01075015726,0.007232427388
-3.332071194,-0.01169722014,-0.003430536417,-0.009895781216,-0.01965452689,-0.001722060466,-0.02346767941,0.00938182537,0.008442496978
-3.384179576,-0.01110827508,-0.002861175051,-0.010482837,-0.02094287093,0.0003472232976,-0.02256410561,0.01074271288,0.007940032747
-3.119099314,-0.009471904934,-0.003230804829,-0.008502607096,-0.01560258076,-0.001512756777,-0.02247046022,0.01246538063,0.006413777804
-3.611868542,-0.01023424045,-0.003748762756,-0.007781164132,-0.01511551463,-0.00159717298,-0.02226443594,0.009113671786,0.007806892739
0.7958921899,-0.008590143495,-0.0004467396206,-0.008722231652,-0.01629437514,-0.001734472351,-0.02332290815,0.008691102854,0.006466264747
2.673512977,-0.008067115904,0.0007865652673,-0.007120633136,-0.01474033288,-9.623562583e-05,-0.02337891071,0.009422790817,0.007456683973
2.071038473,-0.008905011008,-0.002016150396,-0.007917799294,-0.0165775099,0.0005984967358,-0.0253396834,0.007288300436,0.009882453081
2.332050223,-0.007804587573,-0.003148071244,-0.008750262389,-0.01504594086,0.0004320073834,-0.02433808157,0.007685252341,0.008569807726
2.186052226,-0.006481327632,0.002378760539,-0.008828950677,-0.0137373789,-0.0003802700555,-0.02222486615,0.01055150918,0.008444692195
2.318742675,-0.005061906132,0.00398882473,-0.00747543024,-0.0131512563,0.001934213787,-0.02231369645,0.01218633546,0.007642516385
2.297544906,-0.004550993617,0.005919661881,-0.008465032997,-0.01581095791,0.001139810594,-0.0211872229,0.008789757148,0.008669188505
2.255192132,-0.003369126325,0.004767897288,-0.007326283635,-0.01667054783,0.0001824846928,-0.02182765059,0.01082379422,0.008778890051
2.284198102,-0.002067124746,0.006007996745,-0.005647295284,-0.01245992407,0.0006117943433,-0.02189850739,0.0113967421,0.00764124909
2.248311684,-0.001225252186,0.006434806283,-0.00701483042,-0.01386867026,0.001345999707,-0.02163893202,0.01076734875,0.008085924895
2.253824639,-0.0009399294063,0.008220767434,-0.006089381312,-0.01562699913,0.001297723951,-0.02144086088,0.008215745702,0.008221217721
2.251489347,-0.0006110259604,0.006426897692,-0.005650112883,-0.01693565075,0.002230494163,-0.02200386144,0.009396683312,0.008729200573
2.253655593,8.835212139e-05,0.003783317729,-0.006000879857,-0.01677415445,0.0006869421552,-0.02282591717,0.0100121109,0.008557046188
2.233236263,-0.0005291899642,0.002511296527,-0.006035891753,-0.01195922937,0.001512907373,-0.02225932195,0.007225657354,0.01087807357
2.26934453,-3.046944021e-05,0.0047671083,-0.007300209141,-0.01184634897,0.0003450381056,-0.02296341077,0.01027001914,0.007349444711
2.239143896,-8.912446229e-05,0.004645637232,-0.007233063762,-0.01380794442,0.001369766352,-0.02060361661,0.01107235699,0.01027719156
2.209976426,-4.710103988e-05,0.007372836632,-0.006775625033,-0.01495573605,0.002792409711,-0.0208814611,0.008761789342,0.008800978129
2.277922479,-0.0007640125603,0.005957934393,-0.00484060098,-0.01636759063,0.002907870793,-0.02273916763,0.00999285384,0.008111916272
2.221180111,-0.001724111393,0.006258655841,-0.007291555023,-0.0129688502,0.002265250482,-0.02233740302,0.01123636867,0.008603944507
2.223710089,-0.001953996258,0.007665366644,-0.005695263374,-0.01371504543,0.001164596784,-0.02125409221,0.01090136145,0.008696589243
2.260572391,-0.0003418789903,0.004928683457,-0.005177242712,-0.01398513292,0.001251038635,-0.02202615949,0.01048248516,0.00874477312
2.275317756,0.007773574897,0.01687552391,-0.002258736531,-0.01226800857,0.002905533501,-0.02026275001,0.01082743978,0.01003905752
2.234567129,0.008258214354,0.01529893621,-0.003196148151,-0.01370422604,0.004139852079,-0.02120857372,0.0114143051,0.01044328302
2.24252163,0.00820484439,0.01647137322,-0.00399578472,-0.01475333624,0.004788445025,-0.0210855493,0.01023771238,0.009725040625
2.259192767,0.0080500537,0.01495629656,-0.004252348955,-0.01100675169,0.003957287765,-0.02138266314,0.008613413393,0.006699270436
2.259619487,0.006508579397,0.01499007097,-0.003120778307,-0.01264869951,0.002780146743,-0.02196681862,0.01154676419,0.008816402731
2.287223812,0.006223539802,0.01534084073,-0.003071707994,-0.01276163151,0.002275063576,-0.02032039292,0.01122180341,0.01004368729
2.30583368,0.003716739288,0.0122517112,-0.004925884032,-0.01502176041,0.0006545216243,-0.02161965924,0.01087349901,0.009078025548
2.273158789,0.003470730317,0.01099443586,-0.004676084307,-0.01498154259,0.00279339441,-0.02132454677,0.0112154692,0.007386470606
2.310027767,0.005539845119,0.01372383115,-0.004422980786,-0.01487743359,0.002388554558,-0.02015735082,0.01168798895,0.008298740107
2.292765102,0.004027816032,0.01082038709,-0.004053799649,-0.0124860473,0.001213806157,-0.02129830895,0.01170457736,0.007096036473
2.273288826,0.002442687763,0.009760504656,-0.005379395179,-0.01511323594,0.0006387434929,-0.02202832895,0.01063369887,0.0090372966
2.268533765,0.0005590037943,0.005491999654,-0.00374185495,-0.0138330318,0.001415965152,-0.02115530802,0.00886279663,0.006512064939
2.264675504,-6.485669757e-05,0.006377491693,-0.004362894789,-0.01637563834,0.0009811549759,-0.02317233268,0.00818987729,0.007332064166
2.242963139,-0.002043122828,0.005180530724,-0.009211067773,-0.01849120051,0.0005837294714,-0.0229598392,0.008764949683,0.007096994723
2.271722834,-0.002064956008,0.00765368579,-0.007583169862,-0.01631798372,-0.0007435136642,-0.02349617878,0.009214746098,0.006808622979
2.247969431,-0.003418309382,0.004593269651,-0.009054173626,-0.0137882457,0.0007397959842,-0.02533649768,0.01031692004,0.007405252296
2.28696863,-0.004462649653,0.005412870623,-0.0008515793449,-0.01315596597,-0.002437458272,-0.02284703363,0.007276524704,0.007432871541
2.252885284,-0.002657040711,0.005113778065,-0.002504944221,-0.01836206017,-5.330237773e-05,-0.02557098323,0.01057611783,0.008364659565
2.223800104,-0.00265704293,0.004604311446,-0.00848482548,-0.01741243421,-0.0006092625368,-0.02009492574,0.008038129274,0.007236421785
2.249942181,-0.002237792691,0.006133415301,-0.01337353821,-0.01553144583,0.001946414361,-0.02255448638,0.008464551961,0.006180814473
2.224939426,-0.002568289094,0.004598387221,-0.007088579928,-0.01537933899,-0.0002078256976,-0.02320741616,0.01176632777,0.009122564573
2.26371989,-0.001644962364,0.005322551921,-0.002016004046,-0.01106600606,0.0007661082717,-0.02093140615,0.006971997082,0.00670195187
2.280442953,-0.002440375815,0.006325955676,-0.00437742574,-0.01711933858,-0.0003203651023,-0.02273602029,0.009371913094,0.008661265263
2.268683258,-0.002491188665,0.003987698675,-0.008104832897,-0.01881491766,0.001019424066,-0.02322914767,0.005796292498,0.006829670714
2.261284169,-0.004505490077,0.00608474558,-0.008064386313,-0.01691479271,0.001831656284,-0.02326290096,0.0108618966,0.007556216644
2.233154776,-0.002475380887,0.00379722109,-0.005935870596,-0.01524502097,-0.00289292202,-0.0221921752,0.01265795856,0.008564493224
2.288215816,-0.005977118001,0.003563231699,-0.003397503263,-0.01592762366,-0.0006094873355,-0.02249940578,0.006057669519,0.006064464477
2.274343227,-0.01077958151,-0.005169276821,-0.01180342775,-0.01566163216,-0.002337481576,-0.02484729,0.01109264027,0.004918479325
2.222819495,-0.01244825667,-0.005171697667,-0.01250842602,-0.01971436613,-0.0016020788,-0.02432923465,0.003914597678,0.007498132331
2.280837349,-0.01226995951,-0.002991122974,-0.008629051471,-0.01687792729,-0.0008615049045,-0.02393552542,0.008896566537,0.007320996416
2.261382521,-0.01086987365,-0.006730922164,-0.008554572798,-0.01565958727,-0.001467874961,-0.02155684588,0.01063972596,0.00716806697
2.268079779,-0.01068278906,-0.001923044384,-0.007515817861,-0.01670023494,-0.0008427043457,-0.02232723299,0.009031156912,0.007917657486
2.206251108,-0.008639856441,-0.006474705328,-0.01067737559,-0.01836697286,-0.00133392154,-0.02553166389,0.008023551188,0.007376723086
2.245178885,-0.007363919956,0.003098422823,-0.008321827612,-0.0179750579,-0.001303200912,-0.02184928872,0.007298340922,0.007761159133
2.230330497,-0.008610837015,0.002564012791,-0.009762307451,-0.01311606304,0.0002250077636,-0.02474281798,0.008585037771,0.008706448266
2.251431564,-0.008698456911,-0.002133899083,-0.006452429094,-0.01294868204,-0.00255092795,-0.02176233616,0.01136723253,0.007528762793
2.207767464,-0.007089069799,-0.0008535401055,-0.008455155897,-0.01459609547,-1.671734639e-05,-0.02439461246,0.01076517974,0.008517614519
2.233248073,-0.00450356183,0.0009802857176,-0.006551002608,-0.0196706629,-0.0002410627192,-0.02238048922,0.009290104212,0.007668930095
2.212841473,-0.003183676671,0.004736684447,-0.008500959451,-0.01694350947,0.0007038622604,-0.02537630113,0.01001285211,0.006854892636
2.239772628,-0.004671680083,0.007921088616,-0.007283500565,-0.01263083072,0.002717302721,-0.02083835976,0.006557417803,0.008164105156
2.248624419,-0.003172095647,0.003889747702,-0.006310143959,-0.01296993116,0.0004542066457,-0.02105560259,0.01313111626,0.008903335956
2.204305844,-0.002857862399,0.005013960206,-0.007732305464,-0.01559005594,0.001311150559,-0.02145899164,0.009375303075,0.009663826231
2.206199046,5.788022697e-06,0.002167711622,-0.007497643902,-0.01547725522,0.001479048193,-0.02425333128,0.008659114736,0.006878285751
2.256535256,-0.0002288563566,0.009135276243,-0.006423216337,-0.01742461725,0.001682595958,-0.02200838483,0.009545589304,0.008661787058
2.283591729,-0.00218471922,0.007697677177,-0.005308815668,-0.01324072933,0.0005924256566,-0.02344251894,0.009466536522,0.00976398078
1.977996183,-0.001583013556,0.006698731015,-0.003542858162,-0.01267628442,0.001022112709,-0.02219454147,0.01042680939,0.007556480852
-2.892644861,-0.000328408763,0.003849510114,-0.007860495545,-0.01407530664,0.003066745814,-0.02439666054,0.01054549647,0.01063669905
-3.457236708,0.0005723568739,0.006265672746,-0.007736132486,-0.01626478042,0.0009082805616,-0.02142852521,0.01023263156,0.009801087024
-3.290111002,-0.0001819615932,0.003943077029,-0.007666732947,-0.01520096592,0.003041303949,-0.02249222482,0.009840258863,0.008916011942
-3.360087761,-0.001323397351,0.007991861421,-0.005803621698,-0.01377766655,0.003309908285,-0.02101378336,0.007734851335,0.008505139691
-3.325002956,-0.001974080138,0.006530738462,-0.005385402431,-0.01210675421,0.001377573308,-0.02217501814,0.01157666211,0.008198483447
-3.334956698,-0.0009479165508,0.006933263356,-0.007242787979,-0.01496914432,0.002854451716,-0.0193768172,0.009392946682,0.008755744006
-3.313498305,-0.0001180678173,0.006208899424,-0.00615698289,-0.01696304178,0.002069086339,-0.02271723194,0.009426713033,0.007346516622
-3.392775,0.006023395804,0.01151295734,-0.00313785868,-0.01308521761,0.0008449505284,-0.02342873662,0.01190854722,0.01069381186
-3.220212577,0.009981974989,0.01658137098,-0.001384176613,-0.009870949934,0.002779380776,-0.02271069687,0.01253540434,0.009020482732
-3.425883163,0.008193017147,0.0154398382,-0.004019077973,-0.01198654841,0.003082139154,-0.01942379585,0.01180545833,0.009398406091
-3.115251223,0.007622055188,0.01560718045,-0.004730410028,-0.01426882091,0.003712540225,-0.02195265448,0.008897022344,0.008831175385
-3.611969948,0.007317534837,0.01697772136,-0.002827989061,-0.01504898128,0.003703851629,-0.02187184076,0.01144493761,0.009359419186
1.115042229,0.006710890221,0.01386342101,-0.0009125950687,-0.01318143527,0.002403126212,-0.02121172865,0.01148057977,0.008842434441
2.397804559,0.004474607367,0.01403160641,-0.002361697494,-0.01255217759,0.0009320670695,-0.01933179911,0.01063213228,0.007970834818
2.327583447,0.002815371397,0.008768168863,-0.006001393898,-0.01455474225,0.001627136982,-0.02117227204,0.01224831695,0.0082751429
-1.689097998,0.004401555561,0.01263558005,-0.005307611323,-0.01364662322,0.002949300922,-0.02126812916,0.009289993979,0.008647958071
-3.747919034,0.00417540326,0.01134123971,-0.002823577283,-0.01374684419,0.000911777605,-0.02355900822,0.01067464564,0.007199005343
-3.110517048,0.003301365151,0.01260194779,-0.003336391605,-0.01528675689,0.001690287234,-0.02071953646,0.007858128949,0.00800056092
-3.501542159,-9.880479738e-05,0.008861065359,-0.004135306908,-0.0145474117,0.0007118447285,-0.02302955441,0.01177792246,0.008256900034
-3.213811656,1.915159814e-05,0.004164155737,-0.00664713833,-0.01839552719,0.0006411135576,-0.02371084813,0.009121317681,0.007831027826
-3.382922658,-0.001773608077,0.007025908636,-0.0046468074,-0.01512145009,-0.0002395332062,-0.02321192995,0.008383379941,0.00787106808
-3.264270299,-0.001853382306,0.006400294403,-0.006008106679,-0.01399830387,-0.0003605727903,-0.02051194729,0.009719478215,0.007408102383
-3.383653905,-0.0009056613941,0.007220738326,-0.005925889205,-0.01579528522,-0.0004094500091,-0.02269231156,0.009802445129,0.008542113085
-3.309732098,-0.003503619332,0.005506099076,-0.006584263728,-0.01700640147,-0.0002925497546,-0.02557797583,0.008450864516,0.007648552356
-3.318839286,-0.002303022767,0.005411408895,-0.006591439967,-0.01759931923,5.548688344e-05,-0.02298918669,0.007881154873,0.007189440198
-3.314655208,-0.001261122123,0.006833915151,-0.005730530966,-0.01619037619,0.0006048722549,-0.02276215755,0.01061882147,0.008847026917
-3.304806819,-0.002235804039,0.004765672588,-0.005999533313,-0.01310674795,-0.0008615745485,-0.02293846594,0.009304672418,0.008700541875
-3.328320127,-0.003259418165,0.005180956737,-0.006419496067,-0.01529172311,0.0005094275535,-0.02143142022,0.008156551363,0.008117477526
-3.309990603,-0.002256174678,0.005226335384,-0.007776888514,-0.01612393444,0.0001938471643,-0.02304710428,0.009204565221,0.00816839484
-3.325299675,-0.002199215948,0.006581575215,-0.007184277788,-0.01518857238,-0.00106077272,-0.02325996101,0.008309127147,0.008761779947
-3.364989675,-0.003809542929,0.006732032727,-0.006381368667,-0.01445211864,0.0006621777078,-0.02171849964,0.009219817101,0.007881179677
-3.337275991,-0.003397939962,0.004245191268,-0.005970051513,-0.01663855077,-0.0003640834838,-0.02295115143,0.01011367535,0.006869847098
-3.312766177,-0.002728234968,0.005300800335,-0.004980932599,-0.01721578062,0.001586815867,-0.02201810248,0.009777636525,0.007312904571
-3.325769703,-0.004149011109,0.00421157347,-0.006815429068,-0.01664742677,-0.001724249959,-0.02410023409,0.009478096292,0.006754235895
-3.354788172,-0.0121430892,-0.001927150875,-0.009735386521,-0.01946227528,-0.001864987446,-0.02441410989,0.00746414115,0.007033069169
-3.323417741,-0.01242791711,-0.001107929512,-0.008776629917,-0.01791572665,-0.003296327509,-0.0239077089,0.008385738147,0.006869849514
-3.302260427,-0.01165323658,-0.006655486545,-0.007970480291,-0.0157973148,-0.001218781859,-0.02416499481,0.008852119934,0.007686768467
-3.39766277,-0.01144524654,-0.004345871802,-0.007545100699,-0.01548053174,-0.002561346425,-0.02305050576,0.01260673917,0.005204345409
-3.264478661,-0.01143017645,-0.006581906375,-0.01149939019,-0.01816049278,-0.001648249547,-0.02344998334,0.002836832735,0.007708814936
-3.515338798,-0.009086439431,0.0007975237517,-0.007724026458,-0.0152130254,0.00343556377,-0.02342295758,0.01021647934,0.007759220737
-3.082675798,-0.007730979578,0.0001028105687,-0.006570481091,-0.01319770572,-0.001057193153,-0.02504803228,0.0122654447,0.007975146887
-3.811612835,-0.007414482018,0.00167850809,-0.009366164338,-0.01833284217,0.0008406141075,-0.02114601786,0.004296564715,0.007867925455
-0.6689538942,-0.00772664358,-0.0006981302164,-0.008302964349,-0.01663360728,-0.002432579823,-0.02273502419,0.01273010303,0.007276114931
2.705507197,-0.005212987488,-0.002022385035,-0.006182134526,-0.01443160301,0.00130896875,-0.02360545094,0.01091120509,0.009299000878
2.106237408,-0.006528354631,0.002142824771,-0.007670753593,-0.01344605895,0.0004736231539,-0.02267452739,0.009453310179,0.008293597891
2.158880772,-0.004055244424,0.0003679559992,-0.007900228982,-0.01488017538,-0.001432260503,-0.02251646891,0.00791149007,0.007012667912
2.573515957,-0.003098465949,0.006946058513,-0.0053730231,-0.01622463595,0.004589477692,-0.02226281003,0.00762157864,0.008760837231
0.2552426988,-0.002122393371,0.002841720818,-0.005965526154,-0.01709907632,-0.002316470284,-0.02257339559,0.01403303589,0.007577999278
-3.824195845,-0.003207605884,0.00709516512,-0.007661088656,-0.01564641769,0.002827546397,-0.02282194976,0.005625490385,0.008534113477
-3.000132535,-0.002496293226,0.005960426504,-0.004939086495,-0.01364057342,0.0006906744828,-0.02218569547,0.01123898668,0.009096897029
-3.58718702,-0.0003769756899,0.003032834702,-0.007854229716,-0.01501339317,0.001334124611,-0.02071346615,0.01015463042,0.009347493843
-3.001338929,-0.002195746259,0.008407113502,-0.004408852961,-0.01365788029,0.003643667395,-0.02316401901,0.009252388021,0.008050050082
-3.736130599,-0.0007146703817,0.004921996852,-0.004711104945,-0.01304411712,-0.001060253407,-0.02389686402,0.008997938765,0.008362087148
0.6225479695,0.0002109648787,0.01090107555,-0.004771978526,-0.01585897371,0.003683439825,-0.02102576209,0.01074507707,0.01089229492
2.626911947,-0.001584001054,0.00616309335,-0.005889324403,-0.01528493441,-0.0001853763347,-0.02114491266,0.0122550492,0.007079826867
2.061210714,-0.001655909438,0.003303360294,-0.007477790717,-0.01332504321,0.001956959355,-0.0229007623,0.006371739871,0.008141086431
2.389851033,-0.001875730227,0.008879847597,-0.005532848234,-0.01355376735,0.00254880542,-0.02069208935,0.01113811587,0.008732093631
1.930076091,-0.001138120678,0.003725547178,-0.006412365044,-0.01298117314,0.001723729752,-0.02280057557,0.009284119559,0.007557116696
-2.724897589,0.001125801806,0.007010281088,-0.005334731657,-0.01318660838,0.002306715727,-0.02143965312,0.009296510822,0.009216604647
-3.474178765,0.0005287191845,0.004778408531,-0.005641519519,-0.01428075679,-0.0005238585804,-0.02359376457,0.0106918108,0.008940211219
-3.170337404,0.003630655347,0.009366654533,-0.006631208303,-0.01471850742,0.003325530149,-0.02193403704,0.01137528822,0.01114060747
-3.410598676,0.008577107742,0.01734038378,-0.002484999931,-0.0117418336,0.003495602221,-0.02086545003,0.0115231197,0.009901360184
-3.281302255,0.007489409074,0.01524692588,-0.004000416936,-0.01149641172,0.005553921669,-0.02037777027,0.007811166623,0.00995167327
-3.470722613,0.007384859139,0.01596402442,-0.004105065515,-0.01530039079,0.002476888547,-0.02106941345,0.01436222955,0.01029990668
-3.091810586,0.006786016904,0.01257628117,-0.003163180995,-0.01299178132,0.0027500944,-0.02208214629,0.008102995436,0.007635438196
-3.702507497,0.007384408177,0.01538755689,-0.002306768088,-0.0145715823,0.003417138745,-0.02130701772,0.01239519991,0.008674347321
-1.704309265,0.006626177572,0.01350792899,-0.003582818289,-0.01270445805,0.00247995673,-0.01985248872,0.01007194848,0.009110705105
2.609286643,0.002973038416,0.01151986871,-0.004191847133,-0.01360918692,0.003241519492,-0.0213440324,0.009930712648,0.00818854078
2.113331853,0.00386417719,0.01011373162,-0.004117808938,-0.01629046943,0.0006256387359,-0.02315297359,0.01096396529,0.009030734663
2.398816567,0.003574481137,0.01354022612,-0.005089808983,-0.01448123654,0.00262985127,-0.02214246466,0.007679478585,0.01027216852
2.155138218,0.002983728411,0.01042374053,-0.004015284107,-0.0170172469,0.0008453238036,-0.0203770946,0.0127774026,0.008197085337
2.310536169,0.000444290472,0.01052779711,-0.003864918107,-0.01333178795,0.001869524174,-0.02315740121,0.00758816817,0.008299376634
2.249408415,0.0005867169436,0.009222829203,-0.005152563176,-0.01669501947,0.000707449428,-0.02231040009,0.01012731375,0.006452297374
2.261737159,-0.00182242814,0.005214657208,-0.007057398246,-0.01688221103,-0.0004595350972,-0.02216074941,0.009310778649,0.007995388031
2.239827827,-0.001473658206,0.006910833087,-0.00578747849,-0.0160654265,-0.0002133995549,-0.02207816637,0.009291124057,0.007938565543
2.226587395,-0.001912216498,0.004985616029,-0.006888954681,-0.01664713998,-0.0003264273491,-0.02255004946,0.009863038477,0.007551897636
2.218631302,-0.002535784582,0.006316249709,-0.007472032883,-0.0164139303,0.0005425353266,-0.02321540648,0.007698513878,0.006960015785
2.251598445,-0.004137240473,0.003764996869,-0.005946897911,-0.01589453036,0.0003866812217,-0.02091793975,0.01126849647,0.005861493071
2.236107213,-0.002593033165,0.004838444981,-0.006591067791,-0.01570699405,-0.0004581802766,-0.02151733113,0.009631030398,0.007673200348
2.27524487,-0.00226011682,0.004953668872,-0.007267495233,-0.0171157686,0.0001730323057,-0.02379668454,0.008812188741,0.006661912085
2.239256628,-0.00289517027,0.004784548922,-0.006481933444,-0.01587789314,-0.0005319924932,-0.02326304622,0.01046032618,0.008001859345
2.243486443,-0.003817744996,0.004444614692,-0.00683278789,-0.01597023421,0.0004211279828,-0.02243069474,0.008608020657,0.006556544714
2.211240125,-0.002461908369,0.005346140461,-0.00588637685,-0.01605431729,-0.0002653119985,-0.02234705755,0.009663766752,0.007977739357
2.29996853,-0.002714265363,0.006111741622,-0.007213247649,-0.0144991523,0.000436212296,-0.02230392245,0.008256161474,0.007533548323
2.243889553,-0.002220809288,0.005993172647,-0.006423608144,-0.01560714089,0.0008642902053,-0.0234190344,0.00964498272,0.008239604816
2.276444116,-0.002468426465,0.003936875341,-0.00791256981,-0.01720992553,-0.0002214432534,-0.02234479757,0.007609847779,0.007236999555
2.250319669,-0.003295864236,0.004981788511,-0.005504040302,-0.01575081469,-0.0001630504434,-0.0236561405,0.00811109671,0.008227058036
2.294237733,-0.009491924301,-0.0008550594867,-0.008572727514,-0.01496627268,-0.001477933225,-0.02293135533,0.008554501644,0.006393280701
2.213203661,-0.01327872317,-0.003405605955,-0.009306861756,-0.01727209782,-0.002409744067,-0.02229519373,0.008608912644,0.006631307749
2.260953589,-0.01189803071,-0.003700135719,-0.009212190769,-0.01590847515,-0.002555913976,-0.02370757844,0.007497882455,0.006991321976
2.246782082,-0.01148177781,-0.004825116286,-0.009872345174,-0.01544827867,-0.001302707923,-0.02472255999,0.01121182576,0.006617716996
2.249250637,-0.01142687151,-0.003030341793,-0.01114915867,-0.01810418723,-0.001794838977,-0.02381876146,0.01081510389,0.006961183588
2.291298204,-0.01024660152,-0.004684246145,-0.009278645207,-0.01876550727,0.0004010839694,-0.02306567582,0.006580547314,0.006338995231
2.297738313,-0.008088344976,0.001205438707,-0.006808265547,-0.0167690606,-0.002047521721,-0.02187199944,0.01099754392,0.007691067961
2.293563985,-0.007676036279,0.0004206284953,-0.008299459002,-0.0168009183,-0.0003757705417,-0.02276199992,0.01007101364,0.008047014285
2.28628859,-0.007554161763,-0.001949072673,-0.007925025821,-0.01830229715,-0.001390774692,-0.02304617072,0.009015065277,0.007673033868
2.281591802,-0.007781931552,-0.0003937271799,-0.007431387212,-0.01643091391,-0.000802861097,-0.02247083719,0.006568110356,0.007563398097
2.28702713,-0.006394683637,0.003272711168,-0.007833068903,-0.01528674998,0.0003551840611,-0.02262897759,0.008920245356,0.008586077091
2.244125106,-0.004575493005,0.001774545204,-0.006661591366,-0.01467743917,3.220994864e-05,-0.02352330432,0.01174787057,0.008358276728
2.274071859,-0.003210482095,0.005177728464,-0.008466837035,-0.0136842168,0.0009506791983,-0.02343287702,0.006957740341,0.008777862748
2.233449534,-0.003274282548,0.003889120776,-0.008226592235,-0.01428106082,0.001622438746,-0.02215490807,0.01141609159,0.007806585593
2.251221193,-0.002052472895,0.004635051612,-0.004855898929,-0.01492681622,0.001602197848,-0.02174542058,0.01085052032,0.007112973083
2.214739404,-0.002269736054,0.008022677319,-0.006632940288,-0.01425979065,0.0007161167676,-0.02230058979,0.01088714314,0.006749225722
2.262727893,-0.001779055875,0.007605519665,-0.007895794089,-0.01373721624,0.001173797675,-0.02118925022,0.009345307087,0.008843391986
2.215231303,-0.00174772816,0.006638529397,-0.008403532003,-0.01555136281,0.002223215079,-0.02359841908,0.009684535859,0.008227321287
2.244060873,-0.001414941993,0.004848721358,-0.002436885379,-0.01236634621,-1.54879136e-05,-0.02246925976,0.01000364739,0.007675366182
2.303501842,-0.0008862086603,0.005904042532,-0.0007574153802,-0.01436553733,0.0001177789228,-0.02379593173,0.008995309695,0.009371727379
2.246115404,-0.00168217595,0.006055979514,-0.005945733962,-0.01826290156,0.002560123927,-0.02115480105,0.009880550488,0.008017268235
2.25079025,-0.0008204043736,0.005900644098,-0.01114924829,-0.0165425317,0.001622830057,-0.02286914682,0.00937846472,0.008900333492
2.258847835,-0.002022144484,0.005710768459,-0.00814824744,-0.01486356833,0.001405819834,-0.02306204182,0.01111110879,0.009706559941
2.267308143,-0.00060480969,0.005997104875,-0.003026236954,-0.01263082001,5.273923318e-05,-0.02127108701,0.009600081582,0.008732491871
2.190054796,-0.0003260040452,0.007543361849,-0.003967423274,-0.01480946047,0.0008365410667,-0.02083620423,0.01174881655,0.008635334576
2.259846488,-0.002281013993,0.005666886642,-0.007926320204,-0.01420827016,0.0002119591598,-0.02352789295,0.0103739811,0.008028845126
2.266348892,0.000728129851,0.009697964276,-0.008060517079,-0.01398503121,0.001660273398,-0.02236774807,0.009208461689,0.008682743802
2.268215338,0.009011192722,0.01520466296,-0.002766066775,-0.01173878492,0.003875572783,-0.02136828881,0.01207202966,0.009775580951
2.252036848,0.009739763999,0.01785519551,-0.000545684164,-0.009754988484,0.003963973479,-0.01964409393,0.008986765338,0.009354221797
2.296009793,0.008417620508,0.01499641612,-0.006257523718,-0.01329562304,0.003479920767,-0.02287788066,0.01034170924,0.01018631701
2.240771226,0.006760390231,0.01484475635,-0.003761097226,-0.01559600828,0.002743434538,-0.02256309558,0.01092411628,0.007233575611
2.265367567,0.006945146208,0.01584150334,-0.00189425933,-0.01287521938,0.002556870982,-0.02191558137,0.009850010766,0.01030393978
2.227620022,0.006200219914,0.01395035561,-0.001626000581,-0.01214128235,0.002087733929,-0.02056429007,0.01310080594,0.007089623645
2.245918556,0.004360305137,0.01019563003,-0.004524748579,-0.01514292505,0.0006856031103,-0.02369677776,0.01228469354,0.008370899321
2.293067963,0.002973347179,0.01103085062,-0.005316703596,-0.0168618779,0.0006512327762,-0.02204375283,0.01001722606,0.008628129189
2.264139454,0.004649172698,0.01264968009,-0.004284107859,-0.01670750688,0.001773057524,-0.02288730172,0.00985636921,0.007802788054
2.234609152,0.002505139344,0.01312184075,-0.002427463132,-0.01329388427,0.00168841447,-0.0200304919,0.01036617697,0.00991467716
2.281415145,0.0003472761829,0.01092716104,-0.004017830912,-0.01380926086,0.001083730429,-0.02108455161,0.008897377968,0.007082053164
2.259821157,0.0001417821784,0.007813121638,-0.007406866117,-0.01528629266,0.001180047182,-0.0224522773,0.009050785532,0.006847165957
2.248225779,-6.253727164e-05,0.00287834747,-0.007512267025,-0.01849833162,-0.0009322866439,-0.02269768372,0.007827724303,0.007053515035
2.166849,-0.0007117584343,0.007746671049,-0.004115336721,-0.01497824604,-0.0008751699014,-0.02336458271,0.008906294292,0.007594267726
2.361684714,-0.002749406634,0.007479695262,-0.006240747945,-0.01268450597,-0.0005841392347,-0.02284865717,0.008225941915,0.008475748169
2.159044383,-0.001841949488,0.006178362304,-0.006791773796,-0.01591024451,-0.001096736434,-0.02239660978,0.008272310309,0.006049089635
2.375110715,-0.003881844982,0.004555366988,-0.008775725124,-0.01787812708,-0.0002827730521,-0.02391396897,0.009375666935,0.005172140772
1.960858953,-0.002528411329,0.00514208148,-0.004580741849,-0.01805332628,0.001270244189,-0.02327195126,0.009872816625,0.007013193801
2.690099644,-0.002405675625,0.005816554266,-0.00481578526,-0.01632767381,0.0007536827599,-0.02115462199,0.01072187445,0.00700815266
-1.083001595,-0.002223986456,0.008122172099,-0.006007516601,-0.01654944602,0.0008140486387,-0.02261474229,0.0094976431,0.007603556577
-3.792384996,-0.003668604588,0.006870153865,-0.007632477423,-0.01726456657,0.0001587914636,-0.02413276108,0.009447985723,0.006869752988
-3.118461564,-0.002411522858,0.003559376889,-0.006356231459,-0.01413576486,0.0003877802771,-0.02329941919,0.01003076581,0.008165728901
-3.489085897,-0.001687356573,0.003633400198,-0.005462662736,-0.01587712873,-0.0008798890823,-0.02233194928,0.00858080346,0.00807391588
-3.22629515,-0.002598919248,0.005869856424,-0.005538931394,-0.01479529582,0.0001544820294,-0.02284587281,0.009084414362,0.007919658093
-3.406507195,-0.003006778583,0.007182367321,-0.008529756819,-0.01642836917,-0.0008988668731,-0.02390801019,0.00828721112,0.007000772738
-3.271902356,-0.0038129376,0.004909873115,-0.007882742234,-0.01638171764,0.0005702242583,-0.0228951578,0.01008721861,0.008594182606
-3.412740347,-0.008311323243,0.002654516929,-0.006596958015,-0.01542342606,-0.001556904418,-0.02278212038,0.008757956025,0.006307497569
-3.256930455,-0.01292526848,-0.004879852117,-0.008024723621,-0.01532156315,-0.002567656757,-0.02280953137,0.008081576396,0.005929621289
-3.497715873,-0.01297985918,-0.004838350963,-0.009721312969,-0.0172000388,-0.002617325455,-0.02311505102,0.009763897483,0.006625455797
-3.067695395,-0.01201588253,-0.002347663259,-0.009326968715,-0.01771089794,-0.002539299042,-0.02419363427,0.007281069346,0.006271440827
-3.890865844,-0.01034125114,-0.00348001853,-0.009412932227,-0.01678441058,-0.002178771478,-0.02299376063,0.009693433187,0.006971851551
-0.5386581346,-0.01042152149,-0.003656234406,-0.009049681008,-0.01795815356,-0.001510908741,-0.02201670622,0.008086731856,0.00691031324
2.467107,-0.008909440358,-0.001225298015,-0.008112154305,-0.01670359431,-0.0005228928265,-0.02372856095,0.009990195331,0.008301758217
2.449046812,-0.007367899193,-0.001314525332,-0.008355349891,-0.01572311587,-0.001362030188,-0.02250878627,0.006149923155,0.006797843856
0.3157488604,-0.007915476351,-0.000186395457,-0.008179050834,-0.01463833833,-1.738768439e-05,-0.02330230064,0.0105515389,0.007744928364
-3.88792272,-0.007148013604,-0.00244632848,-0.00694985682,-0.01633779537,-0.0004672091109,-0.0211048031,0.009589208606,0.007878151053
-3.049860336,-0.00631081921,0.000150618513,-0.007561007625,-0.01534986061,0.0008350379999,-0.02267675415,0.009654219588,0.007804267804
-3.495687279,-0.004534222604,0.001774198704,-0.006664280683,-0.01457571641,0.0001252831118,-0.02279829587,0.009866604901,0.007706241752
-3.263872819,-0.002201513332,0.003456572899,-0.007564937622,-0.01474645761,0.001300423164,-0.02289986553,0.00962428617,0.008046320526
-3.422902315,-0.00331168462,0.004143605358,-0.006847423729,-0.01387284356,0.002792028711,-0.02389476512,0.009673587689,0.008654776778
-3.283028287,-0.00278720275,0.005332051014,-0.006150113751,-0.01375327475,0.0001909156003,-0.02190460962,0.009300100351,0.008204071176
-3.379421875,-0.001914748967,0.005822481658,-0.005850257821,-0.01407966666,0.0002611076824,-0.02243799742,0.01050149888,0.008045103848
-3.315990785,-0.0005408287736,0.004704226826,-0.0072706347,-0.01381272423,0.0005413227671,-0.02313282749,0.0116311478,0.009294222509
-3.346412099,-0.0009360672756,0.00560648586,-0.006310557301,-0.01519425698,0.001196633186,-0.02255282497,0.009957724676,0.008438183135
-3.31363596,-0.001983059402,0.006070767433,-0.006765094738,-0.01499772137,0.002301080223,-0.02193780077,0.01154295814,0.008221126556
-3.297521716,-0.001548028367,0.005598919102,-0.005370656614,-0.01500261082,0.00242721693,-0.02039719597,0.009512853207,0.008901729806
-3.317818169,-0.001267130928,0.007604613778,-0.005901897529,-0.01483874541,0.0015027268,-0.02236010742,0.008788361937,0.00910216367
-3.380654388,-0.001482746825,0.005301537552,-0.00509905182,-0.01440711181,0.001967574489,-0.02310441068,0.01160116635,0.008826098931
-3.317078154,-0.0005813829412,0.007180902804,-0.006442608909,-0.01485353951,0.003747637009,-0.02114760973,0.01174490012,0.007412284394
-3.306815143,0.0003071097918,0.006494990111,-0.005494685175,-0.01436336668,0.00136539762,-0.02181451377,0.01065896719,0.008622436777
-3.385277238,-0.0009352485006,0.007252671697,-0.006400257252,-0.01528686816,0.001783420716,-0.02130947329,0.00899479594,0.007370048216
-3.287908659,-0.0003852367343,0.007832933015,-0.005425089704,-0.01456220421,0.0009723486739,-0.02336217988,0.01140631135,0.008200147054
-3.366954018,-0.00158291326,0.006110901466,-0.005372435544,-0.01382992008,0.0009295887235,-0.02308724863,0.01013784461,0.009689266903
-3.309883282,0.005368790377,0.0127840477,-0.00527027503,-0.01352740616,0.003288270888,-0.02171986053,0.01064099457,0.00942031152
-3.393790208,0.008668989335,0.01785975312,-0.003380132351,-0.01137214783,0.002805923581,-0.02032032717,0.01163699619,0.009275069136
-3.268783587,0.007921118354,0.01406742768,-0.002960196239,-0.0121161429,0.004439626366,-0.01953889149,0.009577890544,0.01036826192
-3.378044561,0.007731386278,0.01547828049,-0.00415887172,-0.012326198,0.002649093303,-0.02114336298,0.01039088922,0.007260745075
-3.25390153,0.007250646575,0.01542063214,-0.004307398074,-0.01417266793,0.003803707809,-0.02073057215,0.009757540778,0.009346785844
-3.407242822,0.006572334339,0.01580736465,-0.003679081614,-0.01365860247,0.002737011072,-0.02104278733,0.01253169687,0.009566464962
-3.12438586,0.005481607175,0.01294268157,-0.004675938638,-0.01505270713,0.001733169637,-0.02127149083,0.01177723213,0.008502469881
-3.696082024,0.003552328429,0.01058412632,-0.003699661307,-0.0153164314,0.002354566607,-0.02110301994,0.009989602858,0.008507378832
-1.986386937,0.005517903242,0.01413080648,-0.004491442275,-0.0141881869,0.001188556858,-0.02079038376,0.009197231485,0.007435890913
2.476384776,0.00378296559,0.01121871992,-0.004191800249,-0.01406077834,0.003359648745,-0.02101467843,0.01014143936,0.009121524219
2.173164052,0.001299251262,0.01076446611,-0.005259546599,-0.01603477323,0.0006601868877,-0.0219995383,0.01083828328,0.00734032013
2.267495084,0.001024423327,0.007464703303,-0.006468201883,-0.01493549828,0.0008130261286,-0.0226578126,0.008312638191,0.008784145982
2.384341233,-0.0008708039837,0.008371818641,-0.005823397391,-0.01771285236,-0.0002428937336,-0.02416643535,0.01072886697,0.00658370647
1.503620223,-0.002053079014,0.00803526075,-0.005941842334,-0.01553272696,0.001413281346,-0.02302329562,0.009049573107,0.008537342394
-3.452408606,-0.001795756025,0.006373193308,-0.006781158909,-0.01587047694,-0.001217473921,-0.02210988744,0.007878035506,0.006717836356
-3.145565572,-0.002385852658,0.005850414847,-0.006219632681,-0.01506337729,-0.0009595603103,-0.02412198329,0.009210815561,0.006724465064
-3.509069555,-0.003293615112,0.003911324413,-0.006539176731,-0.01593488958,0.0002518970532,-0.02343615656,0.008079780353,0.007612916075
-3.065741909,-0.002778220899,0.004882183498,-0.008130916689,-0.01666737454,0.0009998607783,-0.02326657818,0.007753643716,0.008873969021
-3.861013524,-0.001471587156,0.007542707981,-0.006774497905,-0.01668013734,0.0001257547806,-0.02256836133,0.008659877562,0.007876039479
-0.6522228104,-0.002604685734,0.005073456612,-0.0057863174,-0.01710605815,1.004717588e-05,-0.02259270399,0.01026891767,0.008006769164
2.697141379,-0.002792781722,0.005859607001,-0.005091214369,-0.01617352469,0.001732893704,-0.0209691641,0.009933071716,0.005621883033
2.091499295,-0.002728913054,0.005477605161,-0.006777537658,-0.01582717447,0.000376694557,-0.02149596035,0.009616359743,0.008640008542
2.23537528,-0.003508008737,0.004497696356,-0.005756466128,-0.01575181664,-0.0003252625079,-0.02350094795,0.01069960684,0.008071973371
2.513327067,-0.002637830714,0.005789854365,-0.006725804296,-0.01681018877,2.855230888e-05,-0.02210584019,0.0104111683,0.007329458753
-1.642762974,-0.003398902659,0.005788939371,-0.006966368548,-0.01652139064,-0.001855122954,-0.02414565377,0.00919012907,0.009320429278
-3.763268971,-0.003361501621,0.006731140797,-0.006464727241,-0.01493513454,-0.0008333837721,-0.02183294826,0.009952657992,0.007563800166
-3.112853419,-0.003765626773,0.003469791031,-0.006981439513,-0.01636237432,-0.0002022428961,-0.0237134534,0.008826409125,0.006976866
-3.457503183,-0.01134207144,-0.00309880092,-0.01034078225,-0.01773047364,-0.0009455022082,-0.02471899576,0.008226525558,0.006456598294
-3.200993048,-0.01241431075,-0.003575939864,-0.009935248126,-0.01704296461,-0.0003009524494,-0.02374272686,0.007887003854,0.006481005115
-3.409635789,-0.01211424344,-0.006349401847,-0.008904247813,-0.01733951308,-0.002354990286,-0.02432755091,0.009263773988,0.006553543849
-3.210855259,-0.01071979588,-0.003376162083,-0.008616099704,-0.01832875328,-0.001887255904,-0.02383972511,0.008668890417,0.007599147279
-3.544290381,-0.01203172178,-0.002901165279,-0.008919600398,-0.01666954929,-0.0003383502758,-0.02391754725,0.008482463772,0.007529161594
-2.665176012,-0.01084926626,-0.003475114595,-0.009322380337,-0.01730408462,-0.001097050467,-0.02346668464,0.01064721817,0.007027088462
2.142317048,-0.00787986512,-0.0006097285179,-0.007105709236,-0.01635634871,0.0004005256485,-0.02276222985,0.008891951672,0.007887437446
2.270818185,-0.007551554958,0.001495637416,-0.006077809866,-0.01605243793,0.0001552166436,-0.02365806618,0.008840278223,0.007526816862
2.257612587,-0.007866668315,-0.001354224036,-0.008699853476,-0.01583416183,-0.0004494322768,-0.02285933322,0.01008589552,0.008538305257
2.220837162,-0.007799038223,0.002143535972,-0.008688293873,-0.01650630453,-0.0003060750307,-0.02268363427,0.008977271372,0.009108833017
2.324745605,-0.005594900888,0.001093764063,-0.006186953279,-0.01568680758,0.001375886932,-0.02254543704,0.009087559103,0.007928699076
2.281838016,-0.004965953866,0.003626957122,-0.007337286659,-0.01422293992,0.0001908556335,-0.02279951269,0.01019367135,0.008219433055
2.300625555,-0.002734074633,0.004178851032,-0.006990114667,-0.01470195184,0.0007937837144,-0.0219208784,0.009149464195,0.009094022513
2.23665789,-0.0023479614,0.005076928726,-0.00642502875,-0.01487808962,0.001087623421,-0.02224488327,0.009131999883,0.008335955451
2.306222299,-0.001506228216,0.005337367479,-0.006881124814,-0.01546462182,0.001245424036,-0.02305564797,0.01099616132,0.008550923661
2.248768334,-0.001149428101,0.004877027484,-0.008084663805,-0.01555167207,-0.0003131103126,-0.02311492138,0.00945323402,0.009013349039
2.268304498,-0.0002822168807,0.006909185522,-0.006651697924,-0.01552848423,0.001651310469,-0.02179443604,0.01025965244,0.009231357652
2.298238951,-0.001380974729,0.005193516857,-0.004962585101,-0.01378497356,0.0006378821169,-0.02256885265,0.01127586331,0.00825066922
2.180299815,-0.001263725422,0.005621218594,-0.006199880773,-0.01420685866,0.00211279423,-0.02210782198,0.009592820059,0.009336909649
2.274850046,-0.001315326418,0.006168782556,-0.005270232792,-0.01394376505,0.0008593540866,-0.02382887182,0.01216157745,0.008372221731
2.165378664,-0.001106004786,0.004898207943,-0.007289671498,-0.01581581865,0.000454172436,-0.02215865958,0.009482158229,0.01008063895
2.255726254,-0.00141555888,0.007402372638,-0.007131187299,-0.01577607198,0.0008975382824,-0.02166728354,0.008427641974,0.009079730824
2.255831982,-0.001083307621,0.005795225652,-0.005998907028,-0.01531745903,0.001941360954,-0.02292197883,0.008751821575,0.00899214467
2.227164133,-0.001302825427,0.007548569555,-0.005287942126,-0.01438626516,0.001763565911,-0.02296710546,0.009262224971,0.009492613326
2.236010273,-0.001281584886,0.005183706252,-0.005859143607,-0.01572244789,0.0008251691476,-0.02236280666,0.009551921631,0.00990632084
2.260247605,0.0002264257503,0.003750093066,-0.006413480923,-0.01362695075,0.001039922308,-0.02143267339,0.009263426194,0.009584408756
2.313305049,0.002938111459,0.009785967251,-0.003333675534,-0.01281529244,0.002336774806,-0.02107386133,0.01070419596,0.008291129329
2.297280236,0.009100118106,0.01623743952,-0.003376508622,-0.01073844149,0.004274670174,-0.02150762984,0.01050609607,0.009342785014
2.207626038,0.007176109979,0.01522203904,-0.003869760597,-0.01138581921,0.003185857887,-0.02200543438,0.01269765687,0.009193696036
2.266488304,0.007095478359,0.01579899736,-0.003894383925,-0.01389599068,0.002586651848,-0.02122849748,0.01225644648,0.008398503845
2.255986591,0.00648995512,0.01450857371,-0.003640530789,-0.01434632846,0.003901116921,-0.01997756101,0.01123064504,0.009019344593
2.275420232,0.005924992879,0.01492409201,-0.00309667268,-0.0142199404,0.004780931753,-0.01944106105,0.01015681939,0.008858728804
2.259723232,0.006682026178,0.01403881944,-0.002895404893,-0.01365417121,0.002285243152,-0.0220491147,0.01060114331,0.009129990076
2.239660889,0.002857150946,0.01105078104,-0.003917728137,-0.01478780708,0.00174819586,-0.02121120051,0.01037103508,0.008657827051
2.289975013,0.00432938394,0.01170386101,-0.005230540092,-0.01650297891,0.00169577684,-0.02203699642,0.009471974842,0.008385565871
2.27526008,0.005135651728,0.01075718623,-0.00416687889,-0.01495612968,0.002559785845,-0.02225747315,0.009479541404,0.009880146673
2.306281311,0.002695048132,0.0120150373,-0.004188471994,-0.01482568182,0.001172938814,-0.02178012256,0.009821469644,0.008278556968
2.317884125,0.0001613897372,0.008396942521,-0.004433300471,-0.01480996905,0.0007343489298,-0.02364829182,0.01027827908,0.007400065069
2.282446799,-0.00192365733,0.009089853668,-0.006592447986,-0.01647379853,0.001463933335,-0.02162532267,0.009114221294,0.007617965108
2.282555771,-0.001653109622,0.007759882098,-0.006102136713,-0.01453573052,0.0006799531387,-0.02245183505,0.009092025575,0.006818041498
2.232805437,-0.002604206088,0.005245947341,-0.005246369477,-0.01431613606,0.00146710539,-0.02257513201,0.009933761081,0.009749962851
2.273547034,-0.001821764869,0.006304195376,-0.005097496493,-0.0139385536,0.0004018397697,-0.02195236895,0.0104803588,0.007938792654
2.243198155,-0.003786013412,0.005121307836,-0.007351091603,-0.01706337113,0.0001162080821,-0.0232654538,0.009156540426,0.007728032212
2.269732494,-0.004602793727,0.004033127797,-0.007412781169,-0.01752607756,0.0003795495484,-0.02251316912,0.008726755558,0.008252281564
2.281343034,-0.002114011374,0.006400525447,-0.005780039757,-0.01595632298,0.0007831692936,-0.0234913469,0.007835277617,0.00771503312
2.241214867,-0.003755078246,0.005899670897,-0.006082005352,-0.01490342019,0.0002660063643,-0.02293828917,0.009692596457,0.00866758746
2.270740669,-0.002879112464,0.005107144094,-0.003994839586,-0.01496102383,7.373258655e-06,-0.02243417458,0.008281412075,0.007686070945
2.284574803,-0.002205040848,0.005993681608,-0.007012959313,-0.0166129083,0.0009191061331,-0.02363984442,0.009411795887,0.00794617903
2.253875983,-0.002696747801,0.00450805931,-0.007954081493,-0.01827850124,-0.0003123630677,-0.02271748555,0.009118742847,0.007636704546
2.258289774,-0.003308595735,0.00644261735,-0.007400925357,-0.01768969692,0.001459454685,-0.02220832958,0.008719131686,0.006784481817
2.271820349,-0.00232810813,0.005462493908,-0.007043181757,-0.01471759658,0.0001411577458,-0.02233083979,0.01204339919,0.007898550196
2.278577774,-0.00384386459,0.004465114996,-0.005386739847,-0.01504298422,0.0002155114432,-0.02230746509,0.009155717398,0.006893535167
2.292132376,-0.002061449814,0.006375246371,-0.007628506991,-0.01611170647,0.0002533046307,-0.02239987553,0.009455807685,0.007440683496
2.263807453,-0.008969595686,-0.001564706417,-0.008360635585,-0.01865601044,-0.001239835722,-0.02447094095,0.008416557777,0.007123223718
2.270317132,-0.01269861931,-0.003664244634,-0.008849126529,-0.01813507636,-0.001415123801,-0.02528171331,0.008142198823,0.006444070781
2.290836702,-0.01198682073,-0.004493755863,-0.009788342199,-0.01547684564,-0.001638624974,-0.02409730357,0.007178709571,0.006625047166
2.247587476,-0.01117546434,-0.003422707647,-0.009781500892,-0.01815646146,0.0009461007186,-0.02429426946,0.006536401338,0.006401806052
2.268832036,-0.01142985002,-0.004907156316,-0.01020163651,-0.01805593179,-0.001163925257,-0.02371375107,0.008790164289,0.006616670122
2.244178232,-0.01064965329,-0.003387878363,-0.008699169111,-0.01661504915,-0.001160583458,-0.02242804896,0.008507889344,0.006734660066
2.281484063,-0.009132157699,8.384346056e-05,-0.007537862819,-0.01499599187,-0.0002932713408,-0.02327871456,0.01005565876,0.009678397562
2.282070628,-0.007931902968,-0.0006950745341,-0.007912871537,-0.01633664431,-0.0007330849872,-0.0227578562,0.01102489758,0.008153808922
2.254448488,-0.007510077715,-0.0004715019791,-0.00837603274,-0.01709405448,-0.0001576089357,-0.02318171873,0.00974216587,0.007499063049
2.203303107,-0.007062870598,-0.0007479605025,-0.007251708455,-0.01647035714,-0.000139832191,-0.02348645553,0.009836162712,0.008032375931
2.206314184,-0.005540140932,0.002218004078,-0.006634427295,-0.01672849872,0.001251976174,-0.0219741791,0.01001030492,0.007613919752
2.231228425,-0.005363718883,0.002958355484,-0.0063829922,-0.01544507761,0.001003251407,-0.02343188693,0.01053796303,0.008648444198
2.293400648,-0.004041565463,0.002761552491,-0.007502092619,-0.01587381704,-0.0001746652529,-0.02265076437,0.009007493711,0.008100925942
2.205142484,-0.004052570444,0.003412964065,-0.00831298006,-0.01387442318,0.001277454888,-0.02279819536,0.009254116899,0.00916186068
2.282465892,-0.002258361256,0.003473298136,-0.006329519735,-0.01394734602,0.001281557166,-0.02243644396,0.0101559494,0.008747995395
2.170633509,-0.001782020977,0.004931211837,-0.005627516202,-0.01322700526,0.001707164355,-0.02098301702,0.008794022455,0.00766391485
2.380911887,-0.0004889011442,0.006789731996,-0.006867531994,-0.01346627565,0.001768865198,-0.02129371363,0.01095942062,0.007058828988
2.023311722,-0.001340169636,0.005260935822,-0.007267694279,-0.01555429133,0.001675900426,-0.0228198379,0.01166448003,0.009031834306
2.64309533,-0.001441478684,0.007060469637,-0.006003056307,-0.01365097064,0.002695443278,-0.02256892751,0.01023215553,0.008763405211
-0.6236569646,-0.001224521209,0.006179245992,-0.006019466313,-0.01480463224,0.001261861514,-0.02229340967,0.009670855999,0.008639158954
-3.831456155,-0.001399420259,0.006318616603,-0.006806553926,-0.01615934743,0.001413060626,-0.02155446261,0.008740985638,0.009253621005
-3.090244592,-0.002153607675,0.006743023419,-0.006214450647,-0.01483813219,0.0008191877775,-0.02215961209,0.01039078423,0.007607529416
-3.493699914,-0.000452337081,0.003762481254,-0.006519018732,-0.01538246646,0.00219566303,-0.02199150462,0.009340034965,0.008646012891
-3.231815916,-5.760005163e-05,0.007035906333,-0.004922024856,-0.01415965523,0.0007041786975,-0.02130053607,0.01125670438,0.008015016817
-3.393821513,-0.001067711714,0.005184770888,-0.00552933933,-0.01410808963,0.001284315697,-0.02184861495,0.009948968813,0.009209676527
-3.310002559,-0.0004542403896,0.00722552279,-0.006566496253,-0.01286778714,0.001565055138,-0.02306101952,0.008420219878,0.008778496621
-3.378721039,-0.001508750154,0.008432271871,-0.004734129138,-0.01417033164,0.002272607987,-0.02129482074,0.01040615322,0.008695595836
-3.23004787,0.005990397239,0.01594185683,-0.002837037006,-0.01301176011,0.004107198321,-0.02028164339,0.01196660442,0.01011068236
-3.510780614,0.007738436562,0.01662881569,-0.002603919792,-0.01231468139,0.002809263693,-0.02068169574,0.0108388445,0.009629872044
-3.084689424,0.007548425246,0.01483789051,-0.003382525733,-0.01271248851,0.00315867294,-0.02147790915,0.01073528232,0.009688111976
-3.847579922,0.006431291415,0.01410979853,-0.003146879285,-0.01352894083,0.002923586616,-0.02197940553,0.01225455712,0.01035992842
-1.262269107,0.007759539472,0.01513872253,-0.00261616617,-0.01167156468,0.002885704198,-0.02165224635,0.01090865068,0.009848498582
2.449998966,0.0056195667,0.01497021792,-0.003046981085,-0.01323733626,0.003515704591,-0.0213155921,0.008780974696,0.008251225195
2.392315974,0.003514767444,0.0124158276,-0.004954704629,-0.01451932136,0.002659340087,-0.02093556142,0.01034203298,0.008845546042
0.8789802192,0.005142903291,0.01201340671,-0.004564775929,-0.01540191632,0.002781152296,-0.02084892982,0.009838039229,0.008454169217
-3.703409367,0.004649398951,0.01127284076,-0.004053638449,-0.0148445832,0.001973234608,-0.02151250788,0.01127969022,0.008307119885
-3.107976718,0.003503276539,0.01064002504,-0.005589970549,-0.01517028785,0.001527920116,-0.0233196207,0.009672374714,0.009520177349
-3.486709984,0.002821002556,0.01107656541,-0.004859929238,-0.01483176094,0.001555072891,-0.02214157999,0.009922354092,0.01019026206
-3.299130757,-0.0008959618778,0.008461650615,-0.006524007826,-0.01548874644,0.0009457784899,-0.02230408948,0.008737299033,0.007408104101
-3.343735486,-0.002025858863,0.009720565313,-0.005608948924,-0.01485318929,0.0007773693192,-0.02286823524,0.009281360826,0.008390829325
-3.30936035,-0.0009082893476,0.007413416781,-0.006458453918,-0.01635261423,-0.0002686903418,-0.02235171051,0.009985045849,0.007206144821
-3.363921019,-0.002708454509,0.006476912795,-0.006363160459,-0.01543696844,-0.0001938992143,-0.02312784882,0.00924745641,0.006567822148
-3.389515555,-0.00239996442,0.005694711762,-0.007119106069,-0.01618364029,-0.0001107739197,-0.02357306825,0.008735251591,0.007086065838
-3.360022853,-0.003424800936,0.004800107445,-0.007885818888,-0.01669787099,0.0005234646253,-0.02291128332,0.008965796026,0.007304313335
-3.326332237,-0.003071227804,0.007358727258,-0.005846526228,-0.01549174785,0.0009712303107,-0.02294100342,0.008840664763,0.00718166236
-3.329400101,-0.003152694706,0.005098057392,-0.007189662707,-0.01490951616,0.0004409204463,-0.02305189461,0.009569516876,0.006449119058
-3.321893671,-0.00179309038,0.006179271967,-0.005484990943,-0.01529305918,-5.847648763e-05,-0.02234737271,0.009995910742,0.007623321789
-3.317222257,-0.003277316771,0.005498551391,-0.006706093204,-0.0163725332,-0.0001921017319,-0.02348347708,0.01033861499,0.007329204021
-3.353459222,-0.002932920486,0.006406332799,-0.006363205733,-0.01613162795,0.0003295200759,-0.02324079042,0.009238921629,0.008059949033
-3.347079977,-0.003650744221,0.005201165903,-0.006314077872,-0.01606077573,-0.0006881261753,-0.02270573335,0.009361284684,0.008303442332
-3.349349239,-0.004629050961,0.005414815431,-0.007051673897,-0.01563102983,0.0007238895105,-0.02285631756,0.01016566388,0.008120699611
-3.341796948,-0.004160094114,0.005978075588,-0.004988809051,-0.01551469844,0.0008342951919,-0.02107989408,0.01089622714,0.007324832557
-3.295377523,-0.003021326668,0.004951262379,-0.007370212751,-0.01587531798,-0.0003593371412,-0.02260666139,0.01012935916,0.007742006837
-3.318152575,-0.005611864142,0.001775409383,-0.007757544043,-0.0179018301,-0.000672513686,-0.0235447691,0.008477830227,0.007333558009
-3.33487986,-0.01250944978,-0.004189778243,-0.009556075829,-0.01713734989,-0.002265151221,-0.02508759096,0.007412282608,0.006685788879
-3.294495536,-0.0117084376,-0.003590208404,-0.009221181422,-0.01731157625,-0.0007266572896,-0.0235574701,0.007878640985,0.009001648068
-3.370549575,-0.01144324115,-0.003394499324,-0.009532889459,-0.01738160292,-0.001040113375,-0.02334326248,0.009436287524,0.007542484787
-3.258168068,-0.01084395639,-0.003660429064,-0.009643428697,-0.0169028409,-0.0003335134052,-0.02470877152,0.007577948119,0.007638151324
-3.370417118,-0.01158897268,-0.003034221881,-0.009030352293,-0.01724426531,-0.001635730853,-0.02444829081,0.01017553334,0.007904325058
-3.259086673,-0.01162731079,-0.001852477757,-0.007620455706,-0.01684488485,-0.0006176737692,-0.02286284571,0.008741301258,0.008336426166
-3.509822022,-0.007919648284,-0.0006870408864,-0.007389499601,-0.01468347862,-1.082422018e-05,-0.02264599155,0.009322058813,0.00931266942
-2.531827245,-0.008382928409,-8.392083105e-05,-0.007125654881,-0.01582361283,9.280456002e-05,-0.02240932885,0.0100454325,0.007405694433
2.209217926,-0.008040033263,0.0005510139609,-0.008163372276,-0.01621949023,-0.001071877545,-0.02266194652,0.009688999989,0.007021399095
2.209229739,-0.006893849873,0.001588425524,-0.008407917485,-0.01748674503,0.001072642299,-0.02303173938,0.01027180722,0.008796362066
2.275874639,-0.005586041475,0.002711176604,-0.006266046387,-0.01615970799,-0.0007464952656,-0.02164174254,0.008860928245,0.008474593909
2.324703641,-0.003196560056,0.004329258047,-0.006971663761,-0.01630614293,0.0001020319514,-0.02160958438,0.01147236855,0.008829360264
1.912716147,-0.00384376085,0.003432933483,-0.005770896842,-0.01494496153,0.001113121086,-0.02350323804,0.01038816649,0.008867418303
-2.992665435,-0.002228328209,0.004952370803,-0.007486099448,-0.01491717477,0.001249373353,-0.02324504563,0.009161289342,0.008503717869
-3.26630142,-0.002220874974,0.004866858378,-0.006095478592,-0.01464405392,0.00104743528,-0.02308858575,0.00951696947,0.008834121528
-3.415032772,-0.00124455938,0.005410366769,-0.005688883259,-0.01390177287,0.001270767299,-0.02211077534,0.009634010897,0.009223274353
-3.125505383,-0.000503716954,0.008159325238,-0.006707448141,-0.0136099152,0.001209810973,-0.02339893063,0.009690611436,0.008188946488
-3.723236649,-0.001216108018,0.005137476562,-0.006669435448,-0.01382943615,0.0003019488833,-0.02183578603,0.009895259701,0.008388926587
-1.32896302,-0.001670004409,0.006179567249,-0.006208623376,-0.01530302397,0.001395662501,-0.02233360212,0.01108635318,0.008879657726
2.545880371,-0.0008585817541,0.004764577502,-0.005490094641,-0.01473956614,0.0008382761926,-0.02310792991,0.009838546358,0.00922993514
2.174821943,-0.001874859231,0.007275825539,-0.007216711703,-0.01390759478,0.001688365121,-0.02084529452,0.009950520755,0.008045750216
2.108103956,-0.0008090671293,0.006313659418,-0.005943932375,-0.01355048526,0.002020067199,-0.02284513623,0.01055946025,0.01020330158
2.642684871,-0.0005285759674,0.006864643456,-0.005834041062,-0.01555899034,0.001432914224,-0.02259397632,0.01000533115,0.009456602355
-0.9797043685,0.0001910178834,0.006839196192,-0.006525886355,-0.01513342038,0.001673223975,-0.02251397518,0.01029782563,0.00882709015
-3.778790551,-0.0004611375214,0.005358633896,-0.007591514278,-0.01495525743,0.002703862766,-0.02211670491,0.00957728995,0.009535732717
-3.082851706,-0.001018692366,0.006935316657,-0.006702619146,-0.01515455209,0.001587562831,-0.02300533179,0.01126631969,0.008375264228
-3.488500856,0.004586874525,0.01240326445,-0.004470738509,-0.01238603678,0.003452093161,-0.02159747473,0.01007712432,0.009814513116
-3.222881134,0.008167282317,0.01647413948,-0.0038349645,-0.01347635484,0.003779489673,-0.0199621931,0.0104368658,0.01082686754
-3.394314023,0.007742971827,0.01536128882,-0.003366946051,-0.01272242012,0.004538385187,-0.02059428253,0.01250271277,0.009819094742
-3.285106154,0.008505564912,0.01685943982,-0.002950346988,-0.01385104992,0.004022412454,-0.0210422116,0.009949661569,0.009723043686
-3.308063256,0.006595282219,0.0154383972,-0.003653394498,-0.01312658286,0.003303735351,-0.02094005899,0.009500161121,0.009700586842
-3.095286493,0.006300131581,0.01507826303,-0.003332596556,-0.0133687259,0.003131147319,-0.02025514792,0.01153736791,0.008535005476
1.69566654,0.00435721724,0.01134663434,-0.004081334257,-0.01423390522,0.001436379241,-0.02184085503,0.01110227848,0.00972264068
2.439212036,0.003885195721,0.01178949083,-0.004702084514,-0.01484655169,0.001209539603,-0.02229517146,0.008917677091,0.008104648888
2.181049312,0.004198323731,0.01347815402,-0.004636811141,-0.01411101841,0.002068540509,-0.02193052816,0.01130328304,0.009148900752
2.299154408,0.002687977222,0.01130691543,-0.004722109605,-0.01346058392,0.002937024867,-0.02245892701,0.01080844893,0.007773955201
2.227481734,0.000103750045,0.009200813851,-0.005050050467,-0.01451955579,0.000785560457,-0.02324645292,0.01054626733,0.007443675429
2.289110564,0.0001700536786,0.008171496488,-0.006634483554,-0.01634033825,0.001652035653,-0.02221395761,0.008968200435,0.0065237404
2.23222261,-0.0008437883082,0.007916142066,-0.005819565941,-0.01587002886,-0.0001444895586,-0.02292160551,0.01073129763,0.007953589021
2.28178481,-0.001524692535,0.006600993826,-0.007523174302,-0.01644689301,0.0007151818555,-0.02236337882,0.007864057621,0.007951868689
2.254005876,-0.001951441673,0.007489175438,-0.005683985679,-0.01578261521,-0.0003102311866,-0.02471162452,0.008963795173,0.009045784002
2.222421954,-0.001162038236,0.006518901151,-0.005600950524,-0.01568301447,0.0003605354168,-0.0236972443,0.008736560418,0.008589493164
2.270988735,-0.003585135097,0.005217673121,-0.007942947936,-0.0165552957,-1.371763112e-05,-0.02300000992,0.008528056251,0.007927621779
2.257014889,-0.00348981624,0.004337738464,-0.006803145978,-0.01598628194,3.338467664e-05,-0.02220189097,0.009164625103,0.007386342264
2.265685919,-0.00234508417,0.005570870975,-0.006588578407,-0.01709138721,5.552425117e-05,-0.02286523529,0.008594055217,0.006627985644
2.263290896,-0.003246385985,0.004942403399,-0.006234870288,-0.01609271078,-0.0005455840149,-0.02259142689,0.009589270462,0.007344697851
2.279673233,-0.002906488149,0.004733193422,-0.006695802999,-0.01701036323,0.0004877733284,-0.02304994134,0.01064174541,0.008099433548
2.234013239,-0.00264867538,0.006967385501,-0.006122264027,-0.01526727921,0.001041218706,-0.0227942547,0.009545143821,0.007738459528
2.285821448,-0.003424674428,0.005342776208,-0.004700622041,-0.01544814537,6.723270787e-05,-0.02300012092,0.008575470508,0.007376906247
2.294561335,-0.003196362157,0.005372258014,-0.006362578147,-0.01645525057,0.0004723069637,-0.02128396093,0.01018720698,0.007389764935
2.227000456,-0.003390471248,0.003982784332,-0.006207046049,-0.01679923666,0.0001553516573,-0.02330100709,0.008769611638,0.007323881498
2.251288542,-0.003743530001,0.005127291433,-0.006816213189,-0.01667234584,-0.0003024239199,-0.02347233546,0.00808557413,0.007516673588
2.279323324,-0.003204231707,0.004612134576,-0.005650552531,-0.01584132506,0.0002599523429,-0.02312431064,0.01048192584,0.00831220899
2.230200046,-0.01107818483,-0.002514084725,-0.009355706072,-0.01814599597,-0.0009813105631,-0.02366412894,0.007900156951,0.006709420788
2.275539244,-0.01257946068,-0.004880889632,-0.01013305306,-0.01769855806,-0.001756971109,-0.02466819236,0.007538971233,0.007161827359
2.244329183,-0.01219278162,-0.003812256711,-0.009999703104,-0.01853728516,-0.002141762355,-0.02414310999,0.008638112072,0.007391481994
2.253704284,-0.01158772647,-0.00434066614,-0.00924916209,-0.01682900873,-0.001337033957,-0.02206233989,0.009107407529,0.006799686295
2.223151164,-0.01076921736,-0.003769447918,-0.009448596621,-0.01619802286,-0.002548122245,-0.02300420731,0.008635430969,0.006134755312
2.273320536,-0.01128781521,-0.003173479105,-0.009774765719,-0.01781499272,-0.001738640461,-0.02375504916,0.006843432025,0.008459227252
2.242148379,-0.007732886722,0.000174518018,-0.007400346627,-0.01572540285,-0.0008260958533,-0.0236406055,0.009597355721,0.008453249515
2.242533099,-0.008447410917,-0.000311637461,-0.008185676509,-0.01588019901,-0.0002097172913,-0.0223408597,0.009144756179,0.00900576759
2.250808669,-0.008105853523,0.0005027292707,-0.007919994519,-0.01650506789,-0.0009006827214,-0.02211194925,0.007788347953,0.007777714156
2.256112353,-0.006876528964,1.879482267e-05,-0.007903225308,-0.01422052481,0.0004496512123,-0.02258466139,0.008874770516,0.007495871725
2.262187394,-0.005836607908,0.001281538789,-0.007912881258,-0.01515727545,0.0005175616143,-0.02412417539,0.0108994971,0.008069066944
2.275175998,-0.00506903292,0.002432218154,-0.00773671791,-0.01495879678,0.0006786284449,-0.02231383727,0.009862457003,0.009271293635
2.254461536,-0.004232805763,0.004611795909,-0.008751415031,-0.01484054584,0.001185850686,-0.02215081773,0.009580449805,0.008609327352
2.31594129,-0.001802134452,0.005959269572,-0.006063685641,-0.01479142734,0.0009120997357,-0.02340392625,0.01079138751,0.00927727788
2.271196503,-0.002534085106,0.005819189895,-0.006993439453,-0.01488803107,0.00222146537,-0.02291432791,0.008820352101,0.007802617742
2.294409133,-0.001309674407,0.004740519371,-0.006836544975,-0.01535201379,0.00132198835,-0.02281707597,0.01037212289,0.008464375329
2.243853451,-0.0004202738381,0.00716227526,-0.005920881349,-0.01468682239,0.001149471415,-0.02155941178,0.01117631253,0.00881192585
2.257967877,-0.002311621597,0.003610153694,-0.005996890266,-0.01343016926,0.002468793068,-0.02136413091,0.009206855298,0.009723887559
2.259327294,-0.001732497586,0.006723528764,-0.006370432159,-0.01457513398,0.001099429319,-0.02214006919,0.01115097444,0.00906376871
2.239844942,-0.001296331576,0.004914220453,-0.007224274024,-0.01365020487,0.002609798195,-0.02201310056,0.01004098513,0.008403627023
2.2645843,-0.001023620859,0.007125547939,-0.005630276253,-0.01506250568,0.0007605240911,-0.02180903452,0.01064326939,0.008537589931
2.237127388,-0.001353620967,0.006411921433,-0.006557455025,-0.01441664786,0.002234512757,-0.0219471991,0.01030962558,0.00845115432
2.253739834,-0.0001479766272,0.006306011949,-0.006228365743,-0.01403303473,0.001882824085,-0.02315627008,0.009615697773,0.007523317167
2.236097156,-0.001324696701,0.006586031462,-0.006455363989,-0.01509993022,0.001122304035,-0.02202348195,0.0102118976,0.008480021824
2.213306599,-0.001035559901,0.006962465303,-0.007347099137,-0.01432413089,0.001291404389,-0.02168733968,0.00948486635,0.009394998569
2.284707474,-0.00108828291,0.005968258427,-0.006864316258,-0.0132467224,0.001778594153,-0.0216159123,0.01140100307,0.007838204153
2.266990107,0.002225188002,0.01037104573,-0.004252948666,-0.01191655597,0.002763132558,-0.02123014375,0.01050861884,0.008160011221
2.264246324,0.01001333636,0.01737378557,-0.003305594423,-0.01154858091,0.004069041887,-0.02089707812,0.009673060791,0.008830961697
2.233636272,0.007972736195,0.01762878303,-0.004008208078,-0.0146722382,0.004229395691,-0.02118456479,0.01159286876,0.009220000279
2.261526948,0.008120547806,0.01451492407,-0.003078166716,-0.01287599405,0.001221941891,-0.02020218418,0.0095656306,0.009662830076
2.246140815,0.007450841329,0.01229142228,-0.003619430433,-0.009928186541,0.003601748564,-0.02166446685,0.0139382042,0.01016215559
2.273452295,0.008019442555,0.01464000963,-0.005636652027,-0.01403807267,0.0005678455264,-0.02174036684,0.009414430197,0.008257394873
2.257862734,0.006042294113,0.01535855253,-0.004179807784,-0.01479967793,0.005036225111,-0.02140923932,0.005936730373,0.008199355772
2.217388249,0.003768565158,0.01305797486,-0.003551513482,-0.01343350548,0.002330255653,-0.02194105555,0.01658510463,0.009676324243
2.214716614,0.002965558883,0.01216719408,-0.002631127308,-0.01523278753,0.001234087207,-0.02181157421,0.006557048179,0.009449859493
2.216611745,0.004426745962,0.01469534512,-0.005884999929,-0.01568241869,0.002279813735,-0.02147665496,0.009823371006,0.00791944323
2.240353929,0.003325703859,0.008409925655,-0.005288105113,-0.01444057333,0.0003510422636,-0.02312457643,0.01299319404,0.008204591254
2.221595277,0.0001258011319,0.01190555934,-0.004561571179,-0.01395285384,0.00359609455,-0.02274197577,0.005966900069,0.00857255553
2.249792458,-0.000926646419,0.005748129559,-0.00498575215,-0.01494152157,-0.002572842101,-0.02365370344,0.01241514632,0.005746582807
2.155540992,0.0005192238954,0.008271083431,-0.005960060947,-0.01622205131,0.002787184584,-0.02197650065,0.002905407984,0.008776782346
2.24748898,-0.001787744336,0.004555673831,-0.005801557305,-0.01632897158,0.0004230894802,-0.02095672777,0.01217458032,0.006214569133
2.152300582,-0.0003571098943,0.005957953287,-0.008016808612,-0.01658249861,0.0009860584201,-0.02278541094,0.009792987464,0.007882969672
2.349465775,-0.005012499543,0.008893802476,-0.004754318704,-0.01505740323,0.002631992556,-0.02221388916,0.005102814022,0.007296984058
1.998321437,-0.004473955369,0.003885894611,-0.007637011507,-0.01706439398,-0.00231734398,-0.02356527896,0.0137608234,0.006374565092
2.682053797,-0.002830186718,0.00641685735,-0.006872789265,-0.01670190803,0.0008846659443,-0.02139319018,0.00675091461,0.008952192919
0.4858820342,-0.003053366938,0.004438589769,-0.005935952899,-0.01562328541,-0.001186569435,-0.0253281873,0.01089913222,0.00612176729
-3.762485766,-0.001742665891,0.006053986217,-0.00515343284,-0.01558963396,-0.0002932071667,-0.02390609668,0.01007580607,0.008097942803
-3.16675424,-0.003096436384,0.009893012171,-0.004814759572,-0.01632698917,0.001978689573,-0.02324577003,0.009872027053,0.008037253856
-3.398250714,-0.002645311603,0.001571600515,-0.009292413509,-0.01736682948,-0.0005921679147,-0.02231860804,0.008005580402,0.00566533223
-3.227784284,-0.002645641723,0.004930225713,-0.007374710933,-0.01546715284,0.002070533023,-0.02436745637,0.007073636506,0.00866140195
-3.344628586,-0.003527704662,0.006297038674,-0.005460510697,-0.01591675441,-0.001422416904,-0.02213256942,0.01104631231,0.006354017108
-3.276468406,-0.003062086446,0.006338453042,-0.006211664386,-0.01622233801,0.0008072739896,-0.02262473198,0.005411153367,0.00932085439
-3.346316865,-0.002331612607,0.00949982576,-0.004128880043,-0.01605332008,0.0005561063648,-0.0221607123,0.01051815638,0.006436664536
-3.296473588,-0.007921543104,-0.0047370744,-0.008657642228,-0.01828810509,-0.00337410348,-0.0255295372,0.008413132246,0.006775215936
-3.37171514,-0.01232310384,-0.002858460516,-0.00797916605,-0.01748989612,-0.001659291725,-0.0238925488,0.007364255091,0.006848721717
-3.262200355,-0.01134715643,-0.006398619478,-0.009046428092,-0.01366369683,-0.003816323468,-0.02462587449,0.01113206746,0.005994877028
-3.468689971,-0.01120709519,-0.001659052357,-0.009913153413,-0.0183941391,0.001191121601,-0.02179402299,0.004023263327,0.008895632465
-2.849036212,-0.01185898726,-0.0006905479531,-0.008807741494,-0.01666949093,-0.001478249637,-0.02654276838,0.008845788027,0.006117870072
2.017465937,-0.01021037993,-0.005487089794,-0.009324334709,-0.01786774834,0.0003093939346,-0.02515636425,0.007840586266,0.007854199884
2.302581822,-0.008557017458,-0.0004721802876,-0.007337543258,-0.01654197667,0.0002805304925,-0.02099371068,0.01161350467,0.006964529023
1.959538001,-0.007042902,-0.002143571007,-0.008406306504,-0.01539770754,-0.002639065343,-0.02066406197,0.008815048782,0.00802069797
-2.958870234,-0.007703410774,0.001622982534,-0.00893934933,-0.01596472601,0.0008460447845,-0.02284670792,0.006918248717,0.009178478877
-3.444237497,-0.009572632181,-0.0003721868185,-0.008734780174,-0.01661137625,-0.003325378733,-0.02353991802,0.01035151242,0.007766184535
-3.349106902,-0.007190017259,0.0007259131114,-0.008447870067,-0.01747627496,0.001725424676,-0.0242501269,0.008961188417,0.009275527205
-3.344949011,-0.003572099827,0.00363838681,-0.005381941837,-0.01369948614,0.001281234147,-0.02134603374,0.01025752828,0.007877290586
-3.366890417,-0.003029386279,0.00367350202,-0.007077933195,-0.01368592824,0.0008599882715,-0.02219156027,0.007925096242,0.007664732622
-3.332702128,-0.0017571836,0.004508225937,-0.007826226364,-0.01451390739,0.001013757523,-0.02070720416,0.01267824584,0.008646505184
-3.365060765,-0.003201234366,0.005694568816,-0.008763646659,-0.01301560293,0.001910662074,-0.02283954521,0.007476205475,0.008238379921
-3.344076782,-0.002079061675,0.005002576964,-0.00578052109,-0.01552484936,0.002037783091,-0.02263701738,0.0101394185,0.01015990929
-3.311257001,-0.0006110110695,0.008386222542,-0.004337951997,-0.01461895725,0.0006780828083,-0.02274830766,0.009522134659,0.008869235847
-3.24830267,0.0005274514259,0.008139037949,-0.005459212868,-0.01371391127,0.002890813625,-0.02176549898,0.009885364026,0.008270003534
-3.323783207,-0.000496448302,0.007022740748,-0.004060124319,-0.01577240074,0.000592940032,-0.02303273355,0.0109002761,0.008009908092
-3.38037073,-0.001569040194,0.004456383823,-0.006732133216,-0.01328394556,0.002116358218,-0.02330183353,0.008698182746,0.008971314381
-3.274781647,-0.002860759249,0.005778625204,-0.004808515276,-0.01570719486,0.001323012284,-0.02174512128,0.0104254351,0.009250685224
-3.354699351,-0.001925251783,0.005831966604,-0.006727118868,-0.01290860931,0.002314988349,-0.02307564227,0.007607779128,0.009104592074
-3.402000982,-0.002017226294,0.00640549578,-0.006200211681,-0.01538772639,0.001818973905,-0.02256072153,0.01072100921,0.008716496851
-3.315317148,-0.001876051987,0.006235601826,-0.006200680858,-0.01535253873,0.001035623774,-0.02280286896,0.01041688535,0.007489611803
-3.286273688,-0.0003534730706,0.007378664582,-0.006972368482,-0.01319345323,0.002709894021,-0.02081680346,0.009143307571,0.01146532996
-3.309379531,-0.000374689218,0.006137069867,-0.006348053554,-0.01478610627,0.001192005234,-0.02123591676,0.01037992197,0.008331740469
-3.348147805,0.001368354328,0.008576592479,-0.005326939826,-0.01224027657,0.001991133209,-0.0213270359,0.008478601963,0.0101370351
-3.31278598,0.008519992647,0.01659196153,-0.003443532281,-0.01442167032,0.005601736365,-0.02149211074,0.01232270682,0.007633129013
-3.331213432,0.007607296365,0.01436802528,-0.003662249528,-0.01322149575,0.00389271516,-0.02069821215,0.01096705149,0.01133513672
-3.276615129,0.007318094681,0.01635711176,-0.003960803875,-0.01273555004,0.005482939931,-0.02008749948,0.009632594495,0.009504181536
-3.374114158,0.007064412554,0.01582945585,-0.002152835385,-0.01259012834,0.002962428893,-0.02106672445,0.01140153146,0.009581382575
-3.264140413,0.007669344687,0.0151693439,-0.00313583981,-0.01238499392,0.00237691857,-0.02296295632,0.01215255051,0.008952320413
-3.396626608,0.006566401732,0.01547884677,-0.003149753652,-0.01447676689,0.002295695538,-0.02237198167,0.01078647008,0.009421819463
-3.157747952,0.003498591519,0.0111831423,-0.005181636443,-0.01477134492,0.002745274234,-0.02240870929,0.008820343,0.007334924977
-3.552092425,0.003663664684,0.01254308957,-0.003063298345,-0.01434071779,0.002466399427,-0.02216675542,0.009453023808,0.008849742817
1.085622276,0.004417393939,0.0121405272,-0.003532840548,-0.01321732953,0.001662101289,-0.02158829136,0.01203869258,0.008145195557
2.476331551,0.002849420724,0.01025419788,-0.004324484557,-0.01523984995,0.001407773747,-0.02111406982,0.009261642246,0.009074189134
2.238599406,0.003246810047,0.01099725574,-0.004877005903,-0.0136950064,0.002111455888,-0.02208326036,0.01016175671,0.007934371042
2.157332955,0.0003308578054,0.00744295959,-0.005919389495,-0.0153345514,0.001670643508,-0.02216511308,0.01049018757,0.00867679321
2.60038815,-0.000837346027,0.009193233632,-0.006373045475,-0.01548359763,0.0004040578301,-0.02311721184,0.009345417237,0.00775048216
-1.521544406,-0.002679204533,0.007444727165,-0.005082877718,-0.01684437759,0.0006012281079,-0.02258596472,0.008095679062,0.006492598149
-3.735384272,-0.002112090251,0.007155050059,-0.006345523876,-0.01624894904,0.000292259607,-0.02344982187,0.01060921129,0.007426164933
-3.146330423,-0.00246821342,0.004177422765,-0.006351579996,-0.01667228461,0.001151099287,-0.0237558894,0.008502113,0.008454832321
-3.389536139,-0.003347321707,0.004067067968,-0.006309321836,-0.017313869,-0.0005281383788,-0.02283115248,0.009509248013,0.00646636071
-3.363350977,-0.001355655604,0.004444207491,-0.005796657473,-0.01456450544,0.0003985560378,-0.0221740716,0.008302077362,0.008110135662
-2.842893567,-0.001437844949,0.007250375287,-0.007758573705,-0.01511147168,0.0007464260215,-0.02268661398,0.01134328753,0.007984136808
1.933236997,-0.002613730794,0.004636073283,-0.006418650737,-0.01640570321,-0.0005373855761,-0.0230542232,0.009197531276,0.008522426539
2.427187259,-0.003918969557,0.00651027072,-0.006454778724,-0.01498232163,0.0007505727668,-0.02300535053,0.008689175253,0.007465517498
2.090090975,-0.002978081834,0.005890102966,-0.005678381362,-0.01648528662,0.0005302555091,-0.02305206358,0.009804425562,0.008621375771
2.579660912,-0.002737333131,0.005264453251,-0.006323548133,-0.01524664479,0.0004251060181,-0.0235737794,0.008470135167,0.007530522082
0.6707657736,-0.002769675094,0.005321451512,-0.008080755309,-0.01665329299,-0.0002432043281,-0.02252457153,0.009133453733,0.008158389289
-3.621037424,-0.004290586914,0.003977280641,-0.00684741456,-0.01567832218,0.001191486288,-0.02221233638,0.008768152469,0.006916573742
-3.158993449,-0.003365689086,0.006654554873,-0.005358822611,-0.01667670597,-0.0002448466264,-0.02365650194,0.0113289828,0.01017282529
-3.414314098,-0.006885437197,0.0004407869226,-0.008600976455,-0.01776861902,-0.0004215773178,-0.02275481006,0.009190975329,0.007781300534
-3.280298581,-0.01175444176,-0.002517802633,-0.008719997618,-0.01737919498,-0.002077444829,-0.02392162578,0.007787512362,0.007639716272
-3.323096847,-0.01210905254,-0.004721737945,-0.009936375602,-0.01843327464,-0.00140244019,-0.02366957912,0.008968468271,0.006821952945
-3.448747607,-0.01287405721,-0.004057076525,-0.008867781859,-0.01780646834,-0.001712413211,-0.02394226916,0.008163294215,0.007331076088
-3.131684339,-0.01028275548,-0.003140596039,-0.00865894904,-0.01756392254,-0.0003933120831,-0.0240223132,0.008286222646,0.008197842016
-3.783194442,-0.01172134985,-0.00386129181,-0.008848597846,-0.01696700856,-0.001401917513,-0.02362876192,0.008348560648,0.007153905024
-0.1954792427,-0.01007822063,-0.0007418794506,-0.008946984868,-0.01598534376,-7.944047094e-05,-0.02425094871,0.00788033332,0.009529291146
2.783227576,-0.008600989678,-0.0005143963723,-0.007417825703,-0.01485512091,0.0006791027617,-0.02285279007,0.007210701027,0.008042556608
2.054323604,-0.008210663939,-0.0002844350008,-0.008670439608,-0.01460721502,0.0009321730323,-0.02171256441,0.009391131074,0.007929111751
2.45239272,-0.007186236768,-0.001294069333,-0.008410200488,-0.01614735632,-0.0002697164393,-0.02264552745,0.01064502176,0.009085732165
2.199058433,-0.007043295536,0.001653330106,-0.008527339998,-0.0148783664,0.001157174121,-0.02322574855,0.00850444438,0.009503865236
2.290956484,-0.004148370914,0.003222386721,-0.008385714981,-0.0155987088,-0.0001678176681,-0.02343877402,0.009322739482,0.008087511401
2.263001648,-0.003980859868,0.003998997453,-0.007591781566,-0.01452451434,0.0009776071996,-0.02306917153,0.01083304829,0.008522007298
2.281827932,-0.003655707793,0.003581897129,-0.006996095549,-0.01544010462,0.0009874590951,-0.02340058078,0.008419858857,0.008311493461
2.292572711,-0.003274078905,0.004131191671,-0.006957177722,-0.0151820851,0.001877332129,-0.02355834175,0.01022712799,0.008058026735
2.238180893,-0.002171865042,0.005026640477,-0.007160874044,-0.01432099435,0.001081444809,-0.0207189574,0.01143113589,0.008973886035
2.225557185,-0.001426926095,0.005458118565,-0.005384713303,-0.01301725278,0.002017993752,-0.02221353408,0.01076047415,0.009490724132
2.248568725,-0.000337962531,0.006729047869,-0.004771316826,-0.01484969199,0.001491805666,-0.02179609644,0.008303907391,0.008446453665
2.278727998,-0.001003873736,0.006548620284,-0.006997168,-0.01455888343,0.001900839321,-0.02082450248,0.009649071758,0.008389218591
2.26294529,-0.0006105995895,0.007904388375,-0.006847208267,-0.01433655594,0.001431280306,-0.02294734958,0.009409586208,0.009247589989
2.241262289,-0.001989536142,0.005690625513,-0.005711781338,-0.01414353604,0.0008481476668,-0.02250295168,0.01062022258,0.00839709617
2.27315999,-0.002411073574,0.006526675264,-0.005817308671,-0.01505085536,0.0017120624,-0.02118064871,0.009582209592,0.008664147616
2.227917125,-0.001202288602,0.004864312446,-0.006268196326,-0.01477442133,0.001168977475,-0.02269757478,0.0110284663,0.00933330204
2.272639957,-0.0007061023604,0.006752314615,-0.00576648995,-0.01368961133,0.001756047401,-0.02294383874,0.01032874887,0.009811706965
2.2696072,-0.00143424299,0.005858945162,-0.004693541237,-0.01357400562,0.001394519285,-0.02226930976,0.01098056401,0.00905129546
2.260800686,-0.001724013377,0.007674238315,-0.006457845317,-0.01498179948,0.000126193099,-0.02236111374,0.01052701997,0.009083436672
2.27575274,-0.001320993001,0.007120313573,-0.006515269445,-0.01500583229,0.001254634918,-0.02246243147,0.01007878136,0.008105982243
2.283145891,0.005377676465,0.01213283944,-0.003757907108,-0.01296835915,0.003155697051,-0.01959138821,0.01162133552,0.007786088608
2.238790355,0.009250208962,0.01564429948,-0.002346912219,-0.01297857489,0.003613235907,-0.02135420484,0.01043792401,0.008915782216
2.26280651,0.00773226982,0.01401603887,-0.004808531501,-0.01270358404,0.003587890901,-0.02094379692,0.01138512311,0.01029309376
2.243999754,0.008141512494,0.01572815125,-0.004032840197,-0.01358172608,0.003512592954,-0.02068567579,0.01047187563,0.009186281102
2.247676982,0.006969901696,0.01513591807,-0.004657327691,-0.01265912992,0.002852267258,-0.02085861935,0.00948479309,0.01092588035
2.269103429,0.006828419967,0.0155967874,-0.00502644551,-0.01339325288,0.002001198085,-0.02042631539,0.01185364223,0.009878180406
2.271046575,0.004528255464,0.01330057314,-0.003904716821,-0.0150279826,0.003187002899,-0.02243601278,0.01005382646,0.009684282926
2.24566605,0.003500847526,0.01040424366,-0.004028925775,-0.01404361372,0.00154584485,-0.02206744406,0.01077754292,0.007252261456
2.307684128,0.004319968961,0.01272240444,-0.004953786028,-0.01515146241,0.001868333545,-0.02070527586,0.009207268768,0.008502774542
2.273872839,0.003928675725,0.0130272072,-0.005424512554,-0.01488943728,0.0009443489293,-0.02282121141,0.01030802392,0.008291578468
2.226474735,0.003129985959,0.01081690515,-0.004430147807,-0.0152917361,0.002451257309,-0.02172299136,0.009986938829,0.009517250581
2.294343434,0.0003206615907,0.008398000064,-0.00540283118,-0.01685989154,0.001224625978,-0.02410506317,0.008549168093,0.008806721894
2.292643611,-0.001182754624,0.006380273593,-0.005831309675,-0.0165773297,-0.0003978827505,-0.02264486689,0.01041605041,0.008189980394
2.235986073,-0.002544485574,0.007502269094,-0.006258162218,-0.01539745026,0.0008186243323,-0.02211143566,0.01027612452,0.007699555572
2.238906796,-0.001818820902,0.007055367608,-0.00656707484,-0.01493580237,7.636336715e-05,-0.02220393153,0.009670831635,0.006766761332
2.296607106,-0.0007330747751,0.005970038851,-0.00718203236,-0.01703702798,-4.851746839e-05,-0.02194619287,0.00959063072,0.007580801278
2.25529243,-0.004365714671,0.005634725531,-0.008316787778,-0.01706537663,-0.00033562835,-0.02343625316,0.009318465771,0.007599501112
2.274804578,-0.002971251823,0.00497119677,-0.00526636931,-0.01641838301,-0.0008664863789,-0.02327180413,0.008862409861,0.007924978564
2.227265395,-0.002561426323,0.00645940787,-0.00576913261,-0.01678141181,-0.0002037701287,-0.02253271797,0.009632145121,0.009111982172
2.286324252,-0.003059770306,0.005433590844,-0.006050422631,-0.01506490583,-3.159279087e-06,-0.02181090233,0.008892448367,0.007601494342
2.246039023,-0.002302127799,0.004007388081,-0.006423322901,-0.0170543628,0.0008150467211,-0.02225278149,0.01015568282,0.00802763815
2.258014989,-0.002038901634,0.005462390101,-0.007891246591,-0.01666098534,0.0002328102947,-0.02157849301,0.009156034458,0.008444423539
2.303861927,-0.002672545504,0.004792723251,-0.005596007666,-0.01492361618,-0.0008647702593,-0.02235991384,0.008764520468,0.007347740816
2.244335538,-0.002937090221,0.006323929335,-0.006923534048,-0.01598771044,0.0001357513363,-0.02176043774,0.01006237207,0.007366729241
2.247361832,-0.003068628742,0.005560050638,-0.005811678092,-0.01560369231,-0.000548472107,-0.0215099345,0.009282358675,0.0076347223
2.257619721,-0.003722051091,0.005225615758,-0.005866191579,-0.0165096761,-0.0002345209214,-0.0239646073,0.009066505472,0.007653116747
2.234072667,-0.004668736856,0.005391106337,-0.007067962465,-0.01619358597,0.001281496567,-0.02308431324,0.01005909124,0.008248194502
2.257900963,-0.009905460948,-0.003116858967,-0.009357408629,-0.01666661768,-0.003197301327,-0.02358075938,0.008320511205,0.007371233086
2.298512618,-0.01227126761,-0.004826238779,-0.01078763197,-0.01796120344,-0.003388967832,-0.02418610679,0.007746036225,0.00591853172
2.305113325,-0.01182946454,-0.003095928455,-0.009164325939,-0.01638152847,-0.001235569225,-0.02406518743,0.007331772356,0.006606299756
2.291441114,-0.011217975,-0.002584975818,-0.008793772835,-0.01751259872,-0.002191970169,-0.02470802895,0.00832462432,0.0074940842
2.227124432,-0.01021268583,-0.003326338062,-0.00901621316,-0.0167569774,-0.002698495257,-0.0226582358,0.00846748851,0.008002648478
2.253410896,-0.01051098311,-0.002661080046,-0.009077616852,-0.01657656581,-0.001980316963,-0.02310394255,0.008397259613,0.006512456624
2.256407839,-0.008541701604,-0.001143213857,-0.007961325721,-0.01564304282,-0.0009484901358,-0.02409330434,0.01030563702,0.008742440209
2.27913006,-0.007859389975,0.001436217141,-0.00786943032,-0.0160017884,-0.001408736385,-0.02370271296,0.009639870482,0.009035556694
2.280087749,-0.008886352364,0.000730367494,-0.007883907851,-0.0163132393,8.613544242e-06,-0.02358186777,0.008060039526,0.007473033857
2.249942712,-0.006588271044,-0.0004363682776,-0.0074460496,-0.01556213254,-0.0008503964342,-0.02288751616,0.01068549824,0.008696070257
2.220277,-0.004481824441,0.00229846999,-0.008536579849,-0.01414725558,0.0005485921793,-0.02187651608,0.01077474285,0.008028113837
2.272525252,-0.003353593378,0.002284322224,-0.007370982426,-0.01433596411,0.001458867101,-0.02272344069,0.008891818912,0.007352678948
2.224645316,-0.003288161416,0.003661376842,-0.007208941425,-0.01516213968,0.001703498758,-0.02213410638,0.008096372387,0.008549324007
2.231663977,-0.002847210822,0.006234457371,-0.007354879443,-0.01478696803,-0.0001206955039,-0.02239199911,0.01038511296,0.008847183713
2.203576945,-0.002141263471,0.003497405443,-0.00739107497,-0.01536727508,0.0004661597624,-0.02316194196,0.009169046046,0.007659991139
2.256627361,-0.0001313254503,0.006899400298,-0.006364628977,-0.01390663902,0.0006996111838,-0.02251417702,0.009136205636,0.007786855343
2.231243782,0.0001918043255,0.00641348682,-0.006915780408,-0.01380452388,0.001192801357,-0.02266982893,0.01159817709,0.008984705158
2.233371414,-0.001319955956,0.005345123791,-0.006374287962,-0.01485851106,0.001612010295,-0.02261013884,0.01015639102,0.008880044898
2.063089069,-0.001856065442,0.006284677084,-0.006506247344,-0.01507553965,0.002225737966,-0.02193045287,0.009434460183,0.009463694389
-2.809677099,-0.001315088648,0.006018991255,-0.006220485486,-0.01448155305,0.002468071136,-0.02132059392,0.01065494662,0.009830290302
-3.39914484,0.0007748279706,0.006611079333,-0.00594830316,-0.01406561645,0.002349003535,-0.02176304048,0.01060934342,0.008315880021
-3.268775562,-0.0004749074267,0.006669269647,-0.005733539273,-0.01407540106,0.001116198546,-0.02114119698,0.008241027667,0.007920204377
-3.410341973,-0.0009930539408,0.006081790843,-0.004636475621,-0.01442833572,0.002409115921,-0.02135705305,0.01136655506,0.008337743268
-3.281956954,-0.0003464764448,0.005724649244,-0.005780879054,-0.01434777694,0.001283057824,-0.02316367775,0.01038756938,0.009712834983
-3.349790851,-0.001945515555,0.006629410355,-0.005059571747,-0.01431085495,0.002210117633,-0.02158547478,0.009132794412,0.009942121642
-3.309707797,-0.00199003373,0.006269472373,-0.00587252465,-0.0152515764,0.00136290171,-0.02148653652,0.01000766831,0.008376213596
-3.398187336,0.002636724164,0.01055411947,-0.00481370172,-0.01189250705,0.001068514022,-0.02199865656,0.0121403284,0.008652937708
-3.266279877,0.00749541476,0.01572741159,-0.003012512139,-0.01245945107,0.003973119686,-0.02161599813,0.01134266262,0.009607231961
-3.419183155,0.009055769529,0.01511183407,-0.002257494558,-0.01317584489,0.003913131839,-0.02026798351,0.01019453804,0.009303504874
-3.151103768,0.008484414151,0.01515764335,-0.00337557433,-0.01308681984,0.002071612516,-0.02110197263,0.01324822462,0.009014317203
-3.58974617,0.007401867416,0.01481419785,-0.003594882552,-0.01398445346,0.003276755862,-0.02190112052,0.01129183681,0.008713669303
1.171807706,0.007446567898,0.01535298972,-0.00465148427,-0.01272639903,0.003076909473,-0.02287016739,0.009034631464,0.009780016061
2.340066354,0.005741358477,0.01363868793,-0.003841972148,-0.01389546355,0.002776191915,-0.02150249736,0.01243632687,0.008656504667
2.460074509,0.003887952571,0.01135218359,-0.004705528962,-0.01463677566,0.001748168622,-0.02178138846,0.009154678696,0.008728324071
-1.568394373,0.004353457776,0.01162372056,-0.00376674979,-0.01470140777,0.002019073184,-0.02302161259,0.009455854626,0.008205076748
-3.8291978,0.002869946011,0.01063461725,-0.005336225073,-0.01442810338,0.0009359912089,-0.021683284,0.01117970681,0.00825157615
-3.101599985,0.002453995069,0.01156560598,-0.00381572986,-0.01509744235,0.001098764894,-0.02210742094,0.01060901091,0.008339873147
-3.502662111,0.001309854543,0.008212826337,-0.004943197359,-0.01573276708,0.0006131596471,-0.02354082711,0.009793506649,0.007501500482
-3.232848853,-0.0003547721386,0.006941414297,-0.006002539103,-0.01676779839,0.0001558268123,-0.02307269428,0.008061843951,0.009412174135
-3.39797823,-0.0007607344004,0.008778910032,-0.005752791964,-0.01596316854,0.0010784648,-0.02280446138,0.01127940154,0.006575781026
-3.266357946,-0.001472586339,0.006827951424,-0.004519540228,-0.0158674645,0.0009840467074,-0.02185569954,0.0108660033,0.008206505524
-3.325931109,-0.00283478944,0.005623669052,-0.004722564847,-0.0169529463,0.0007163868107,-0.0227374772,0.008286036895,0.007526205283
-3.361786642,-0.003175644208,0.00467267167,-0.007674331671,-0.01573844334,-0.0007342634987,-0.02425740536,0.009133303611,0.005691027442
-3.343627077,-0.003420847822,0.004594627741,-0.005892629466,-0.01614079649,-0.0005768093857,-0.02248045119,0.009376345482,0.008993690703
-3.335085372,-0.002157284454,0.007376184477,-0.006401268365,-0.01469567612,7.944245278e-05,-0.02273476164,0.007697320126,0.006800297986
-3.328547956,-0.002544946313,0.005039493491,-0.005715685041,-0.01628001418,0.0002934054283,-0.02205749628,0.008125675955,0.008668495124
-3.341606078,-0.00263026717,0.006913448533,-0.006644486792,-0.01680626748,0.0005907297489,-0.0225445553,0.01016143108,0.006750880548
-3.361259258,-0.002507203842,0.005029582974,-0.006305201831,-0.01585268369,0.0001961903481,-0.02223989593,0.01107121878,0.008255565275
-3.326190423,-0.002834699133,0.005174479876,-0.006310044395,-0.01563919142,0.0001597882263,-0.02207167601,0.008635668157,0.007026874541
-3.366441119,-0.002880373532,0.005182779956,-0.007680395013,-0.0162291352,0.001329764119,-0.0228382677,0.008572534844,0.007926528361
-3.326274185,-0.002654964947,0.005125143807,-0.00590319842,-0.01602651081,0.0005353257505,-0.02293755047,0.01013415348,0.007790026487
-3.355332513,-0.004013709432,0.005992265755,-0.005362037298,-0.01593132602,0.0006393255958,-0.02234015541,0.009818528611,0.007422152062
-3.331521235,-0.001417620851,0.005908720961,-0.005781778463,-0.01567796951,-0.0002577403127,-0.02352873503,0.009443319353,0.008392772278
-3.302260681,-0.008879498135,-5.226105605e-05,-0.007933675684,-0.01760012871,-0.001491859285,-0.02342586042,0.006913695521,0.008523644248
-3.3605854,-0.01266529573,-0.005768152584,-0.009240867562,-0.01737021859,-0.002543883772,-0.02540436756,0.008951921797,0.006533803977
-3.338630358,-0.01020348904,-0.003834626019,-0.008316769343,-0.01780045751,-0.001601678772,-0.02400748932,0.008007059787,0.006445048675
-3.368674944,-0.01241042633,-0.003903909222,-0.008717460261,-0.01724303819,-0.001716411416,-0.02377032877,0.007903151542,0.007939594028
-3.229714917,-0.01094221564,-0.00284515822,-0.008255122139,-0.01765361488,-0.001428534398,-0.02370352474,0.007316506973,0.008021385697
-3.509545692,-0.01109560477,-0.003162931297,-0.00830259756,-0.0171027357,-0.0005004724478,-0.024324815,0.009686801673,0.007896692003
-3.057628757,-0.008698443076,-0.001785656638,-0.007840219405,-0.01732261915,0.0002893094414,-0.02175821351,0.008952618443,0.00887733916
-3.846425464,-0.007233187912,0.0008393057636,-0.007328970708,-0.01727301543,-1.766245981e-05,-0.02289929629,0.00874876502,0.008727684341
-0.30966246,-0.008871335185,6.462419826e-05,-0.009266679661,-0.01631545271,-0.0009535915524,-0.0230866558,0.009750031341,0.008559428253
2.60639001,-0.007347579519,0.0001568523308,-0.009617048142,-0.01581091984,-0.0005856228881,-0.02425355929,0.01052291132,0.008648391909
2.108877858,-0.005846731353,0.002537447408,-0.00830297783,-0.01588403443,-0.0008968928676,-0.02299067483,0.008757587351,0.008514788019
2.139699326,-0.006185024807,0.000664105023,-0.007221165677,-0.01527264922,0.000237714343,-0.02226359315,0.01049500437,0.008065732859
2.626388348,-0.001574853592,0.004001398918,-0.00750708252,-0.01500249945,0.0004757223918,-0.02348616328,0.01070505543,0.01003780472
-0.118789167,-0.001786422295,0.004013220391,-0.005930720459,-0.01433498009,0.001403098779,-0.0222517742,0.009294633557,0.008682592099
-3.855471814,-0.002208030958,0.004808869719,-0.005850234895,-0.01574446708,0.002018101468,-0.02278469134,0.010218993,0.007489177827
-3.000693855,-0.0008758717893,0.005814575017,-0.00617838527,-0.01391949788,0.001938609655,-0.02310039584,0.009820059781,0.007627845923
-3.546224254,0.0002239818397,0.006865027661,-0.006278944673,-0.01501353696,0.001884228629,-0.02287464399,0.01115458992,0.01076356558
-3.126422231,0.0004916555812,0.005742821217,-0.004502377552,-0.01413093284,0.001009597694,-0.02267621375,0.01012405661,0.008739651273
-3.531454245,-0.000580185349,0.007166826738,-0.00661934608,-0.01400419828,0.001595574394,-0.02246744162,0.01026810725,0.009328582453
1.169221408,-0.002208958724,0.005992280965,-0.005952628756,-0.01601738468,0.001166840764,-0.02087695596,0.01069094149,0.007371176339
2.534711407,-0.001320060442,0.005243958653,-0.00528055139,-0.01563016615,0.0005692721342,-0.02317622878,0.01031600796,0.00900487553
2.063089601,-0.001762328243,0.00796001989,-0.006555590061,-0.01434058749,0.0008705422774,-0.0237135987,0.009642603026,0.008627916592
2.485029391,-0.0003107227133,0.006864887934,-0.00654614787,-0.01327306301,0.001754738888,-0.0204801629,0.009034629236,0.009425048512
1.711961779,-0.0001495269185,0.006590125179,-0.006023575934,-0.01518178669,0.002230131162,-0.02210708201,0.009634892469,0.009619691143
-2.998704523,-0.001589885047,0.006439592109,-0.005407045191,-0.01541194687,0.0005650251452,-0.02217732263,0.01040058331,0.008617793979
-3.386277456,-0.001761019761,0.006700950358,-0.004982846779,-0.01476918956,0.001624257583,-0.02228411855,0.009864991105,0.008929304883
-3.273178725,-0.0004679860493,0.006665024779,-0.006040657065,-0.01364945922,0.001321132984,-0.02217842664,0.01011484727,0.008398932066
-3.402485083,0.007714521856,0.01527646667,-0.002781742595,-0.0133404193,0.001940915435,-0.02201564235,0.01142156126,0.01008513861
-3.200066485,0.00868222548,0.01514527144,-0.003532043734,-0.01288089801,0.004238470021,-0.02138961623,0.01179775575,0.01011958502
-3.45186463,0.007650408963,0.01695564856,-0.003406089706,-0.01333772553,0.002959665916,-0.02157076359,0.0102929841,0.009911166174
-3.148313433,0.006676071747,0.01578805354,-0.002205385334,-0.01442188193,0.003836742991,-0.02160986944,0.01018758368,0.009877288127
-3.76046593,0.007404829418,0.01549754626,-0.003386808343,-0.01225046632,0.001926851204,-0.02034141278,0.01068763742,0.008900357546
-1.32263083,0.007162220111,0.01385920955,-0.003441859038,-0.01326662355,0.002471788709,-0.02111027997,0.01039267845,0.008600201738
2.713167636,0.005779737294,0.01053566264,-0.005855694641,-0.01547654099,0.00247152515,-0.02188926547,0.008197027864,0.009404983722
2.03310448,0.00443024018,0.01243869386,-0.003603647291,-0.01484618301,0.001008996785,-0.02194794205,0.01032228757,0.008134664408
2.42546905,0.003634785798,0.01355352877,-0.002613740222,-0.0143878213,0.0009269655124,-0.02228904012,0.01098488574,0.009314256383
2.18133644,0.003061318904,0.01189008298,-0.004399278792,-0.01542808984,0.001151027674,-0.02064660789,0.009554684887,0.007915336695
2.350337487,0.001039647536,0.01031084913,-0.006405943892,-0.01526153245,0.00166340201,-0.02291291693,0.009833029195,0.00820646424
2.217307031,0.0001184412669,0.008468400042,-0.005535101231,-0.01523609742,0.0005617064389,-0.02235678705,0.01024229383,0.008327486291
2.319664044,-0.001489966862,0.007207780426,-0.004194133857,-0.01599349079,0.0007273437616,-0.02274787066,0.00869739053,0.007946906649
2.21213862,-0.001648940867,0.006495334067,-0.005483415442,-0.01633622685,0.001076506562,-0.02269900184,0.007183232477,0.007416941108
2.279427461,-0.00298259411,0.007512420951,-0.007207693126,-0.01659513563,0.0005544510352,-0.02180069838,0.009613266519,0.006855891882
2.249575537,-0.00239279407,0.006153142786,-0.007617216034,-0.01686675466,-0.0009965019605,-0.02323295242,0.007957292319,0.00768416556
2.312089002,-0.004532019207,0.005637142528,-0.004861213153,-0.01717899101,-0.000427175588,-0.02264201146,0.007738756033,0.007102759965
2.25251559,-0.003324231863,0.00596358614,-0.005659211131,-0.01585276262,0.000199640571,-0.02229729675,0.00914449139,0.007404898202
2.32925951,-0.001574126464,0.005638059046,-0.005734851684,-0.01512721688,-0.0003762788408,-0.02271561727,0.007895861658,0.008669904277
2.276126434,-0.002449603491,0.005578492737,-0.006995729126,-0.01612520927,0.000551631017,-0.02331822774,0.009649614714,0.007759240253
2.277855077,-0.002607812181,0.006514841548,-0.00280546734,-0.01520486247,0.0003633486029,-0.0226747802,0.008500145933,0.008440693093
2.256107598,-0.002315101717,0.005722870524,-0.007070105885,-0.01578968651,-0.0003234823005,-0.0236821257,0.01014251577,0.008459638473
2.289420818,-0.00237882148,0.004892605662,-0.006136553666,-0.01793370565,0.000222002281,-0.02141609511,0.009754406784,0.006595326683
2.296647593,-0.00398991753,0.00141968799,-0.01207433346,-0.01907511538,-0.0009629009882,-0.02491443591,0.00894101035,0.007775490209
2.271137947,-0.004130846333,0.005199243476,-0.004429155369,-0.01730761602,0.001886788601,-0.02213129966,0.008537989787,0.008249499582
2.237086044,-0.001307521237,0.008219875233,0.0003535453254,-0.009827974006,-0.00115031287,-0.02429975298,0.0119488974,0.007383160866
2.249543212,-0.006511948875,0.005078192843,-0.002478096733,-0.01829370058,0.001455997257,-0.02213497813,0.004521320216,0.008558014459
2.283246036,-0.01191089902,-0.005834288354,-0.01794387397,-0.0228454084,-0.004830100263,-0.02278901504,0.01143170975,0.006540433123
2.244842994,-0.01239809492,-0.01040686298,-0.01456487125,-0.02088269512,-0.002404644593,-0.02467207687,0.005161891785,0.007431316764
2.261576381,-0.0120402784,-0.0006879059463,-0.007823872442,-0.009575359527,0.0006791279749,-0.02623213008,0.01369775887,0.007712850568
2.285704511,-0.0123805553,-0.001892497443,-0.001925052117,-0.01216547961,-0.002637261513,-0.02011258869,0.009544927712,0.007844172597
2.256714458,-0.01305621961,-0.002418309236,-0.01187720958,-0.01894164457,0.002006546329,-0.02316071936,0.001621964935,0.008164465709
2.265918816,-0.009437589242,-0.005273938509,-0.01245215704,-0.02545373735,-0.004825732233,-0.02538878014,0.009696265823,0.006482109219
2.281664723,-0.00708192952,0.0001244693472,-0.01023422346,-0.01816223775,0.001325327431,-0.02797982801,0.01001203108,0.009704382833
2.241882613,-0.007906903901,0.001724512921,-0.002490842754,-0.008719879545,0.0006854091855,-0.01927093647,0.01398950227,0.007274334596
2.2496912,-0.006885677648,-0.001950684676,-0.00784380208,-0.01358464982,-0.0002804788141,-0.02063608021,0.005054887264,0.007962700329
2.22646366,-0.008185135982,0.001730331929,-0.01002333442,-0.02045898285,0.00216331324,-0.02157676541,0.006180415666,0.007892028684
2.227360482,-0.004842616747,-0.0019980801,-0.00952049256,-0.02242401718,-0.002556604722,-0.02928160361,0.01184908147,0.009146305281
2.311390242,-0.003050655771,0.008294357337,-0.003408556532,-0.01286534969,0.00227977793,-0.02223041182,0.01049365767,0.01249247562
2.218242932,-0.002539306921,0.002873421243,-0.005320455322,-0.01195241068,-0.001814243407,-0.02065841513,0.01432264944,0.005999868892
2.273750268,-0.0008997703494,0.004987038657,-0.009502102306,-0.01494480919,0.003271230661,-0.01655806524,0.00431027392,0.006637905096
2.280315746,-0.002450103788,0.004230257595,-0.008472810534,-0.01659832918,0.0005332778239,-0.02572315884,0.01090308892,0.009085488201
2.27048201,-0.0008041093578,0.00406709149,-0.004651727095,-0.01539813253,0.001639996628,-0.02602883777,0.00873212262,0.00996543654
2.255408586,0.001064373464,0.01054570533,-0.004347988121,-0.01003084249,0.001612866354,-0.02478599462,0.01347202366,0.01039494943
2.224689575,-0.0002575297099,0.004267128041,-0.006310463103,-0.01479044611,0.001322485647,-0.01667343822,0.007249373071,0.008155981108
2.226139811,-0.0002113582865,0.005957366953,-0.01071975853,-0.01448350794,0.002980296224,-0.02065630317,0.007966523008,0.008509699139
2.307953284,-0.001728356515,0.005078132452,-0.005400110161,-0.01596421344,-0.000779271197,-0.02626439498,0.01134817518,0.008494694787
2.263598269,-0.0009303187942,0.007821859893,-0.005273753692,-0.0120929209,0.002487827626,-0.02763719071,0.01043735729,0.01108507421
2.212742969,-0.0005466052953,0.006929555366,-0.002932543823,-0.01589434704,0.0001517992343,-0.01895075035,0.01176410254,0.008914513043
2.222975174,-0.0002976384739,0.004319703441,-0.009158267212,-0.01330233481,0.002411533559,-0.01985147112,0.007865189689,0.009497943239
2.269380499,-0.001233723729,0.006509831994,-0.007194954125,-0.01507066494,0.001413036723,-0.02231872097,0.01131135683,0.008767399324
2.238209048,-0.000767278899,0.00700150645,-0.005112612093,-0.01403883234,6.601050417e-05,-0.02576270166,0.0134320961,0.009175339526
2.278108186,-0.001634445356,0.006317855831,-0.004389500076,-0.01626962953,0.001229547197,-0.01816905248,0.00855806619,0.008999440881
2.205414107,0.005265954626,0.01280108003,-0.004869053432,-0.01566283724,0.00219230474,-0.01936665808,0.008796998497,0.009502049195
2.246024729,0.007967515855,0.01598627404,-0.004256641832,-0.01144377921,0.004508232062,-0.02159770253,0.009267184067,0.009475587805
2.212126188,0.008206468679,0.01552483925,-0.003945930155,-0.01237118753,0.002558004397,-0.02387559423,0.01584053293,0.00977948702
2.245035076,0.008354342675,0.0146946987,-0.002134151942,-0.0102266428,0.001733543696,-0.01964883199,0.008007785531,0.009578218462
2.206612004,0.0070667199,0.01602761358,-0.003067659244,-0.01383214181,0.002882681256,-0.0196185309,0.009250467906,0.008821655228
2.225343063,0.007404583225,0.01602202886,-0.004526320068,-0.01488732316,0.002737879669,-0.02157340533,0.01149785636,0.009800329485
2.303176689,0.003789909344,0.01322312867,-0.004862391579,-0.01324580472,0.002974791984,-0.02487803437,0.01206819008,0.007910043134
2.294647414,0.003270503453,0.009743558234,-0.003425034355,-0.01374324043,0.003000177238,-0.02214640221,0.009465027478,0.008368529296
2.206165612,0.005413497614,0.01237353584,-0.003905712292,-0.0117585709,0.002356100611,-0.02116248469,0.01093714452,0.008115674336
2.256272264,0.003407521644,0.0126816533,-0.003181800582,-0.01631516801,0.00163698758,-0.02092516838,0.01120574353,0.008087053698
2.208991582,0.00230835443,0.01019137014,-0.005753424675,-0.01564001704,0.001651082863,-0.02398980695,0.009007859778,0.009886291775
2.214982567,0.0008358103328,0.009652261485,-0.006586842796,-0.01682770914,0.0007134867995,-0.02439481166,0.0100147466,0.007654781147
2.203925212,-0.0008273840008,0.005923956501,-0.005669453378,-0.01463578106,0.0003093148864,-0.02201830052,0.01082959395,0.006677086269
2.153545216,-0.0006440830757,0.00576998402,-0.00488109208,-0.01291150727,-0.0001911797432,-0.02268554044,0.009884355362,0.007033166211
2.29361367,-0.001211058504,0.005957032464,-0.006578374663,-0.01617889274,-1.77382316e-05,-0.02261421522,0.009076749997,0.007427783651
2.17029436,-0.001198702923,0.008068557407,-0.005840911763,-0.01831504928,-0.001439743878,-0.02234574897,0.008820129946,0.005846159657
2.342992486,-0.004665805239,0.004677143708,-0.005927957943,-0.01625767889,0.0001811849416,-0.02333806346,0.009671500224,0.008161352903
2.070221011,-0.003509458544,0.005999663945,-0.005481458001,-0.01550360043,-0.001629673375,-0.02225653275,0.008965691189,0.008129074244
2.651495977,-0.001701545635,0.004439742859,-0.006462585919,-0.01542344086,0.00110799263,-0.02353248398,0.009853517701,0.008043825734
-1.623404567,-0.003639975589,0.006936877957,-0.005872922066,-0.01614033028,-0.0003654238127,-0.02230406303,0.01091153323,0.005888641108
-3.706725269,-0.002557752715,0.005203070325,-0.005158262369,-0.01808584596,7.134831496e-05,-0.0229544876,0.009198791973,0.00764441936
-3.113687515,-0.003166898081,0.00618701036,-0.006042100659,-0.01619744651,-0.0001842438435,-0.02183059934,0.0104518021,0.008335789905
-3.428550207,-0.003647157727,0.004212538072,-0.007113760609,-0.01523353868,-0.0003156774526,-0.02315406919,0.00982353817,0.008056812038
-3.198902194,-0.00246063838,0.005894992247,-0.006672761422,-0.01742071246,-0.0004121009065,-0.02277244347,0.01046219085,0.00673447171
-3.4355907,-0.002042000816,0.003804289088,-0.00624518668,-0.01772173296,0.0006770670871,-0.02370797302,0.008066392547,0.007773792628
-3.272844189,-0.003931740031,0.006396908607,-0.006741270471,-0.01667907764,0.000949387181,-0.02208728064,0.01077559396,0.007406029475
-3.379955651,-0.00420128784,0.005799248808,-0.006317526169,-0.01566389678,0.0015786925,-0.02242798723,0.01021014884,0.006899874373
-3.178162166,-0.01220335748,-0.002776990721,-0.009034917468,-0.0184378767,-0.003098097476,-0.02423324362,0.008535522728,0.007856742118
-3.5112614,-0.01274710984,-0.005506647769,-0.01036580752,-0.01871685556,-0.001004916863,-0.02434430459,0.008058766591,0.00654775947
-3.008923056,-0.01107097109,-0.003812682722,-0.009630766962,-0.01815216058,-0.002742136705,-0.02403134008,0.009894545277,0.00779012401
-3.847015818,-0.01053248733,-0.00401084531,-0.008774065647,-0.0179183545,-0.0009929210738,-0.02377713164,0.008398269432,0.0075862883
-1.067983959,-0.01108972663,-0.002361231945,-0.009686635873,-0.01701740153,-0.0001183000674,-0.02350704991,0.006157622041,0.006131356809
2.461475588,-0.01038838486,-0.004108942484,-0.009450027422,-0.01487586419,-0.0008216597646,-0.02334522176,0.009084929854,0.007532118237
2.424486227,-0.007742536575,-0.0004694163731,-0.008219075779,-0.01661724235,-0.001069847719,-0.02287431595,0.01075193199,0.007811125823
0.5863476389,-0.008816215065,-0.002296741976,-0.007100477508,-0.01606896865,-0.0008857279353,-0.02368720378,0.008478143348,0.008323651335
-3.861148528,-0.008058677478,-0.0004369780299,-0.006515606933,-0.01606271732,-0.0002904120609,-0.02349010909,0.008345815439,0.008129560688
-3.11084001,-0.00774980566,0.0005850713018,-0.008752498918,-0.01545414279,-0.0001189130155,-0.02246946227,0.01047349931,0.008353373126
-3.521787673,-0.006186693121,0.002614697584,-0.007954382512,-0.01505858171,0.00111162274,-0.02278860467,0.009680525998,0.007732616582
-3.20607137,-0.004309583451,0.001821861713,-0.006390517631,-0.01634428711,0.001691338002,-0.02356142802,0.009134892756,0.007845493086
-3.385149164,-0.003264204359,0.006047293045,-0.006126477859,-0.01531522552,0.0004381998366,-0.02058165902,0.01228781451,0.007895941056
-3.274994979,-0.003169042291,0.004744367034,-0.006829762682,-0.0154009196,0.0008168067146,-0.02322017733,0.008352882989,0.009612619071
-3.324209439,-0.001747817777,0.005732763874,-0.006689411711,-0.01500883904,0.001992385407,-0.02361036048,0.008028619764,0.009885154212
-3.343278852,-0.002166824233,0.006567731636,-0.007167640631,-0.01455238216,0.002148636299,-0.02288459865,0.009722371931,0.007218629608
-3.346253043,-0.0008727138103,0.007715561981,-0.006327208695,-0.01389373797,0.0005307522001,-0.02168850277,0.01229360232,0.009565556386
-3.30857253,-0.00102111361,0.004993932253,-0.006165502697,-0.01461450649,0.00195061627,-0.02159220321,0.01180370676,0.007656098238
-3.340729464,-0.001126425109,0.005680420349,-0.00460475774,-0.01494136645,0.00233497444,-0.02286267244,0.009030973574,0.007822893196
-3.37451897,-0.002138352011,0.006391892368,-0.006406820648,-0.01504238056,0.001686552687,-0.02435416005,0.01112162812,0.008690601406
-3.342073683,-0.001268784246,0.007951801421,-0.006827615386,-0.01391998688,0.001193896748,-0.02342048874,0.008780602027,0.009414538959
-3.363354194,-0.001003200916,0.00723509838,-0.006350181607,-0.01406019641,0.002664154217,-0.02323932082,0.008490891437,0.009145409028
-3.356715001,-0.0006233288212,0.007667878552,-0.004973030931,-0.0147986899,0.0005552343606,-0.02079466972,0.01048502659,0.00943473483
-3.32689222,-0.0006299392374,0.006331805447,-0.005233507186,-0.01475560691,0.002507742405,-0.02183925892,0.01117379466,0.008598533442
-3.27765802,-0.0004081148963,0.006030805348,-0.005644193477,-0.01536689787,0.001525717996,-0.02225273961,0.01124470985,0.00891913118
-3.368623962,-0.002756074043,0.005993755725,-0.006277414087,-0.01392221329,0.002074049275,-0.02147185635,0.009417289019,0.008421490697
-3.348014763,0.001332871438,0.01137693553,-0.005699303992,-0.01253335583,0.004305231748,-0.02089827754,0.009505870382,0.009511387046
-3.295223926,0.009006292884,0.0160643999,-0.002614713974,-0.01194384121,0.003975822049,-0.02108075799,0.01035623852,0.008619944138
-3.324037377,0.007702123862,0.01761231608,-0.003175751575,-0.01355798811,0.003306909862,-0.01973100721,0.01003835051,0.009665311597
-3.323263134,0.007933241088,0.0167219765,-0.002675877853,-0.0147211048,0.00327319178,-0.02135904567,0.01253947793,0.009203469941
-3.326038175,0.006081306942,0.01373944026,-0.00287999881,-0.0139033854,0.002976509856,-0.02009011014,0.01007808674,0.009001509129
-3.40735883,0.006942919784,0.01725058722,-0.002640134835,-0.0131124015,0.002820510648,-0.02052281641,0.01041617389,0.009755493583
-3.243217341,0.005534255282,0.01349107131,-0.00343334338,-0.01440197432,0.002823213022,-0.02122175986,0.01106534796,0.008619395373
-3.514724846,0.003239839551,0.01070885232,-0.004907539111,-0.01416634249,0.00229448331,-0.02192091279,0.008505713793,0.009265611511
-2.581774156,0.003238720239,0.01271073099,-0.004153863968,-0.01409686273,0.0009592749616,-0.02115387165,0.01014245818,0.008192965011
2.153677784,0.003963066912,0.01214193213,-0.003278308012,-0.01573603097,0.002840431149,-0.021690694,0.01120044004,0.007951532963
2.22626599,0.002534618156,0.01027639373,-0.003377485822,-0.01377398715,0.001915515699,-0.02232687044,0.01046745559,0.008432899163
2.291048651,-8.606680752e-05,0.008736863574,-0.005857514523,-0.01540382958,0.002705357617,-0.02075217695,0.01095128263,0.007238568018
2.227988151,-0.00135244476,0.008290605246,-0.006097559493,-0.01622474748,0.001221156235,-0.02284942426,0.009344535085,0.007231695879
2.045558018,-0.001478287641,0.006977317268,-0.006159607994,-0.01566379425,0.0001763370361,-0.02376792501,0.009654657284,0.008620332358
-2.968145071,-0.001583292336,0.007176389576,-0.005737383437,-0.01631946494,0.0004307464552,-0.02228707728,0.00870910714,0.008355296221
-3.361611673,-0.002085175662,0.006299201116,-0.006512308951,-0.01499867869,0.0005947935528,-0.02228903786,0.008990269703,0.008666320304
-3.418909757,-0.003075301379,0.006558039885,-0.005522844294,-0.01625839403,0.0005885567179,-0.0226333263,0.009244832083,0.006894401554
-3.112318646,-0.003802486944,0.003272824302,-0.006229193001,-0.01600658816,7.50291172e-05,-0.02386579976,0.008690466561,0.007355426649
-3.813128564,-0.002481801469,0.005935696388,-0.005863183071,-0.01592467648,0.0002794221901,-0.02271681702,0.009719459814,0.007564706735
-1.367901789,-0.003212408337,0.006007814682,-0.005451897347,-0.0159241711,0.0006142965765,-0.02328475787,0.008891456793,0.008943163697
2.611599912,-0.002073601735,0.005678159076,-0.005493833427,-0.01609174318,-0.0004441331095,-0.02462793544,0.009257113981,0.008694215465
2.222154212,-0.003004562935,0.00560927402,-0.005637685661,-0.01475255663,0.0003237140893,-0.02222415864,0.008429550066,0.006628469831
2.159740191,-0.002029817141,0.006154244345,-0.005371947577,-0.01733625573,0.001146137042,-0.02348430116,0.008528979473,0.007509272099
2.64287451,-0.003284750032,0.005619686562,-0.005641637099,-0.01685284478,0.001166498544,-0.02233337046,0.008821252231,0.007217407772
-0.8384576484,-0.002357400477,0.006792983996,-0.004776155031,-0.01618996085,-0.0001780399298,-0.02223420441,0.009495930354,0.008614501005
-3.840465924,-0.004812066986,0.004566656561,-0.006994539487,-0.01583609421,-0.0006287610886,-0.02305125696,0.01058841195,0.008030078327
-3.042982769,-0.002540928301,0.005589888297,-0.00591274476,-0.01537005698,-0.0001554357513,-0.02233337341,0.008657676269,0.008326670628
-3.41868985,-0.008021336603,-0.001153103763,-0.00766292638,-0.01646122906,-0.001812348524,-0.02350619181,0.01008336729,0.008008532134
-3.246016917,-0.01218243193,-0.003247630915,-0.01048326036,-0.02008994706,-0.001936537754,-0.0246611725,0.006619493799,0.006160405764
-3.326114889,-0.01114206008,-0.002958226992,-0.008335686239,-0.01814024066,-0.0006259537304,-0.02431611013,0.009025247852,0.006478893262
-3.414437246,-0.01098852529,-0.006147036496,-0.007891891564,-0.01649764164,-0.001575524111,-0.02215795283,0.007992766923,0.008275775874
-3.197511425,-0.01130582696,-0.005239467907,-0.009148988898,-0.01557287504,-0.001566700399,-0.02397396845,0.01220567866,0.007599463011
-3.530438743,-0.01033547958,-0.003727602987,-0.01045269334,-0.01768724573,-0.002423297314,-0.02412370298,0.005207147161,0.006816467114
1.020039987,-0.009313336214,0.000387312224,-0.007003726224,-0.01718928202,0.003263614897,-0.02239634832,0.008776985737,0.008506593348
2.548439827,-0.006440152363,0.00133246736,-0.006486414326,-0.01516486539,-0.001233708741,-0.02259289446,0.01360426487,0.007761491206
2.095507607,-0.008630185665,-0.0005037828902,-0.00816185906,-0.01671024215,-0.0005643582577,-0.02274206052,0.003355627207,0.007119533738
2.353708332,-0.008254289878,-0.0002169561754,-0.01065412127,-0.01625679985,-0.0008923512892,-0.02266764559,0.01246759993,0.005918336633
2.215667546,-0.00526500081,0.000303880616,-0.007405435785,-0.01651926515,0.0005739028386,-0.02246523925,0.01018003751,0.009772113472
2.283529505,-0.004471100931,0.006453691465,-0.006559351028,-0.01640001977,0.00140645401,-0.02184528951,0.005858754375,0.008254586637
2.270283426,-0.003799478275,-0.000346182133,-0.005149072179,-0.01370183859,-0.002046441205,-0.02112762692,0.01509449781,0.008389986014
2.277599023,-0.002542296238,0.004097129973,-0.007361024886,-0.0149365069,0.00331155404,-0.02226863274,0.005408391329,0.009816857339
2.229814382,-0.003101652804,0.001788994954,-0.007666659635,-0.01737917602,-0.0001426485857,-0.02216619414,0.01087566589,0.008116209319
2.221879202,-0.001754883731,0.007440087553,-0.008879514832,-0.01571173815,0.002285275535,-0.02308673987,0.009194835436,0.009455655422
2.254673532,-0.002198255557,0.008867754603,-0.004029513709,-0.01339738947,0.002564760836,-0.02277196808,0.00870747606,0.008937580779
2.239067914,-0.001447944315,0.006673471077,-0.00550407761,-0.01715244173,-0.0005761188481,-0.02148991982,0.01237256492,0.00886590157
2.263507965,-0.0008664406759,0.006852730998,-0.005962550337,-0.01683322099,0.003096256227,-0.02074594837,0.008257457831,0.009545146839
2.286585076,-0.002341368735,0.0008751597314,-0.006519653199,-0.01421030978,-6.824233618e-07,-0.02407536241,0.01207860654,0.008482221408
2.222410403,-0.0003177858631,0.00574133416,-0.006825923274,-0.01347345898,0.0005826212013,-0.02101031942,0.01193676168,0.009723344914
2.28779859,-0.003119907652,0.006978126102,-0.006894634755,-0.01334469059,0.0002635061511,-0.02350632169,0.007534972707,0.008695725224
2.285087469,0.0001683025998,0.004248434764,-0.004690170692,-0.01369908725,0.003016051475,-0.01924401846,0.009083662378,0.00955057624
2.255018379,-0.0005188634656,0.00756963513,-0.005187404565,-0.01682013563,0.001351658384,-0.02335479272,0.01191127607,0.01010547123
2.258247178,-0.002520889517,0.005375644528,-0.007663760005,-0.01596097156,0.002676920369,-0.02298864801,0.01028915479,0.008918988059
2.280930565,0.0003238482229,0.006713668893,-0.007346598496,-0.01281291051,0.0003611129103,-0.02101636468,0.01053355443,0.00885448561
2.239893859,-3.877763953e-05,0.006518434277,-0.005581543514,-0.0127225854,0.002650237315,-0.01934920318,0.007975923988,0.00815334611
2.301300164,0.00773091225,0.01478499978,-0.00190195613,-0.01182381716,0.00235954889,-0.01987972646,0.01603818092,0.009684600222
2.238960177,0.008515028812,0.01724529774,-0.001747057085,-0.01306199412,0.001896293953,-0.02194588591,0.006399074492,0.009050179119
2.255967295,0.007562448929,0.01652320352,-0.004014779497,-0.01524329366,0.003416221985,-0.02190796553,0.01116408782,0.01080824525
2.237072121,0.006548374825,0.01435318081,-0.006009462669,-0.01705013429,0.00168043442,-0.01909014676,0.01386120758,0.008306639271
2.257574071,0.006903928801,0.0176196794,-0.001929167131,-0.008961708235,0.006581497044,-0.02189259542,0.009139308062,0.009244726208
2.277063446,0.00625859189,0.01196826047,-0.00282979643,-0.01244672275,0.001124754369,-0.01931822903,0.01186066254,0.008417235262
2.223249647,0.003513341935,0.01382284062,-0.00410612325,-0.01456757978,0.002553832571,-0.02270706564,0.008665851772,0.009214464971
2.245705429,0.004641649015,0.01173516022,-0.002765913331,-0.01470660196,0.001788160052,-0.02184928486,0.009625149653,0.009560381712
2.299442967,0.004826158284,0.009979603192,-0.003971330115,-0.01569170841,-0.0005554108827,-0.02308444427,0.01047824272,0.009923596071
2.279503062,0.003067384359,0.01434166687,-0.005020574465,-0.01225947853,0.004271061151,-0.02105741353,0.01023544171,0.00970572175
2.313659979,-8.735846972e-05,0.008402416116,-0.004069233051,-0.01452536277,-0.0006741330564,-0.02120276934,0.01217957959,0.006125714841
2.250427418,-0.0004169331123,0.008841039494,-0.00799602803,-0.01525769513,0.002006838907,-0.02197261985,0.0050750432,0.008019456118
2.241431445,-0.001217964881,0.007517067197,-0.004778176461,-0.017938109,-0.001460365615,-0.02320114118,0.01085046593,0.008257802101
2.221705199,-0.002273941286,0.004455656814,-0.005981923606,-0.01615306097,-1.102607387e-05,-0.02275999538,0.007803895731,0.00857961686
2.268245074,-0.001463521615,0.008785441624,-0.004518710723,-0.01367686788,0.000807713633,-0.0235451063,0.01005440443,0.006303074151
2.234074196,-0.001654256571,0.001940279638,-0.009292206564,-0.01794844047,-0.00092175068,-0.0213721181,0.009663562738,0.005774726809
2.250269227,-0.00447972588,0.006753364447,-0.007869448239,-0.01685606371,0.001200755925,-0.0220397869,0.007835047759,0.007540585675
2.298682159,-0.002167867876,0.004066318509,-0.003932255114,-0.01617953299,-0.0009170915911,-0.02360323506,0.01052878187,0.007024101956
2.28841663,-0.003795953938,0.006925148678,-0.005552194268,-0.01709985813,0.0006763703899,-0.02204552646,0.007168937915,0.008617690131
2.322477198,-0.002539728358,0.006255625875,-0.005873212149,-0.01501571346,-0.001106017491,-0.02158970622,0.009994982112,0.007084538685
2.278782215,-0.00250453192,0.003109688077,-0.007157023718,-0.01371895856,0.0004929436893,-0.02391609667,0.006675690379,0.007924791549
2.214103922,-0.001821626757,0.007595192729,-0.006431944255,-0.01519863104,-7.621467068e-05,-0.02273550295,0.008607593937,0.006732429137
2.309387444,-0.004011271059,0.002608861542,-0.005072926863,-0.01769276954,0.0001460918454,-0.02266237554,0.009725666814,0.007712947026
2.248312597,-0.003113754184,0.007385539825,-0.005321117015,-0.01730667702,0.0004591686607,-0.02184115191,0.008022097216,0.008549356217
2.251765008,-0.004009618927,0.002756741762,-0.0063333619,-0.01565769982,-0.0005548167352,-0.02265152425,0.009748977354,0.007201671825
2.224393048,-0.003849343416,0.007059177851,-0.007687653297,-0.01544425267,0.0002314671506,-0.02228034403,0.008911075114,0.007639062244
2.227931002,-0.006275768548,0.002831408548,-0.006563013955,-0.01539527275,-0.0007970065161,-0.02369036374,0.009194472036,0.006674423109
2.228842366,-0.01265138338,-0.004411937452,-0.008339716025,-0.01776318378,-0.001878541039,-0.02436113006,0.007346988777,0.008172709973
2.234665941,-0.01255389404,-0.004760737185,-0.007540895381,-0.01998385265,-0.001249976045,-0.02418382695,0.009207234028,0.00721787664
2.266262417,-0.01145481567,-0.003407576042,-0.008356889396,-0.01903105727,-0.001976871972,-0.02377741666,0.008665463662,0.006182659393
2.245671516,-0.01044419312,-0.004112580882,-0.01100030448,-0.01823854272,0.0007140163164,-0.0241726564,0.008770773982,0.008155045066
2.262578013,-0.01036609264,-0.00211841489,-0.01058142726,-0.01593201523,-0.002206180146,-0.02317046396,0.008968894451,0.006904391544
2.280728005,-0.009597593836,-0.003294540415,-0.01010965742,-0.0154984403,-0.0008396806854,-0.02306520671,0.008452301847,0.006848913021
2.238169947,-0.006631495674,0.002193224111,-0.008005898757,-0.01686083506,-0.001140652822,-0.02338105223,0.01033562808,0.007933051082
2.277614488,-0.00877856055,-0.0004261234908,-0.008085577487,-0.01611226317,-0.0008971396478,-0.02317737615,0.00780945555,0.00767870298
2.192336673,-0.007892075505,5.556273175e-05,-0.008520857336,-0.01769832204,0.0002986148103,-0.02282757896,0.01037358862,0.007223466198
2.241933028,-0.006684637691,-3.797330827e-05,-0.007979380059,-0.01336913904,0.0001527960167,-0.02406533962,0.007799075929,0.007931393846
2.226261635,-0.005327745494,0.002553017435,-0.007237897614,-0.01492942409,0.0009595113528,-0.02327452774,0.008688521375,0.008193933872
2.24597821,-0.004057464006,0.002972062763,-0.007217107369,-0.01526490214,-6.595653884e-05,-0.02342257348,0.01171879928,0.008202048801
2.225023412,-0.003097168634,0.004993575726,-0.007417930757,-0.01565286711,0.0003351932337,-0.02293938918,0.007870447823,0.008552482777
2.267880502,-0.002409362222,0.004199786552,-0.006459614581,-0.01591952685,0.0005386424276,-0.02247752528,0.01059749827,0.008207320199
2.159270157,-0.001688396461,0.005724822774,-0.006370328356,-0.01510225872,1.149632476e-05,-0.02166124041,0.01006013469,0.00880862687
2.34643846,-0.001203274097,0.006260899251,-0.006600505404,-0.01455004307,0.002187899969,-0.02284212179,0.008873099982,0.007558183215
2.060903768,-0.001886651123,0.005957458766,-0.005922382913,-0.01464226403,0.001163416118,-0.02160689708,0.01120198159,0.009183520861
2.530591767,-0.002258927934,0.006320191049,-0.005807082331,-0.01550014534,0.00295789465,-0.02241498729,0.007486550892,0.009705352686
0.9967468734,-0.001437522329,0.005276180744,-0.005940057594,-0.01449959393,0.002390302014,-0.0228469892,0.01139073668,0.008254298427
-3.520212633,-0.0007911718701,0.005992564277,-0.005488261554,-0.01430733418,0.0006017335791,-0.02244856735,0.01167476406,0.00756044707
-3.224224012,-0.0006022813579,0.006570856268,-0.006860510095,-0.01457440041,0.001882700841,-0.0222934803,0.01048040559,0.008339875029
-3.378294441,-0.002187985984,0.006051865771,-0.005156410106,-0.01316313526,0.001731192629,-0.02223414768,0.009272630465,0.008250826839
-3.313124602,-9.228738776e-05,0.007467735379,-0.005663978308,-0.01373271803,0.001596624707,-0.02229551116,0.01084971256,0.009594251299
-3.360995374,-0.001244606375,0.006682786317,-0.00623782701,-0.01350921021,0.001899573686,-0.02221835019,0.01059017049,0.00920655241
-3.274057849,-0.0003730832656,0.006555248085,-0.00606829229,-0.0138156207,0.001758655572,-0.02198803607,0.007774803447,0.009135765163
-3.375141148,-0.0008935070759,0.0059202392,-0.006237617923,-0.01428908175,0.0009262213225,-0.02228101199,0.009467584649,0.008747638119
-3.341517548,0.005570596459,0.01173242911,-0.003804647682,-0.01307582002,0.002549665436,-0.02204513848,0.0128273417,0.009813670661
-3.252163613,0.00790893149,0.01660428963,-0.003484074815,-0.01337082979,0.004483913353,-0.02143564015,0.009777839243,0.009668753543
-3.401056499,0.008352322918,0.01541361245,-0.004592829601,-0.01083718259,0.003694807469,-0.02197221916,0.01035441189,0.008953963954
-3.204892455,0.008218200847,0.01470902377,-0.00293762881,-0.01316615164,0.003503627988,-0.02144445749,0.01250734822,0.009002470624
-3.539669369,0.006489266489,0.01544467493,-0.00291058217,-0.01292302822,0.003594006296,-0.02103740438,0.01021541104,0.008856574596
1.222442996,0.007841484656,0.01395886575,-0.003056484383,-0.01416054361,0.003619153918,-0.02105635079,0.009509429232,0.009434079155
2.360149723,0.005286238703,0.01329276224,-0.003903032168,-0.01491061073,0.001789773644,-0.02113508888,0.009643363372,0.008987403382
2.412537866,0.003712015938,0.01118805057,-0.005140250018,-0.01316102993,0.001979467149,-0.02093043323,0.01068676221,0.00841568443
-1.758579089,0.003041961841,0.01177666145,-0.004136461894,-0.01468226018,0.0007848554395,-0.02137676252,0.008087325374,0.008827476033
-3.751755069,0.00383901251,0.01113145927,-0.003465322485,-0.01402721806,0.0009687631516,-0.02253681759,0.009443625825,0.009000274173
-3.149117531,0.002615164666,0.01046972692,-0.00439805307,-0.01646487728,-0.0001525343543,-0.02174145267,0.01321284333,0.007735138767
-3.496745838,0.001188462243,0.01030142433,-0.004735891518,-0.01630231075,2.260339499e-05,-0.02282220535,0.009142957203,0.008356511965
-3.272778108,5.841973571e-05,0.008580747433,-0.006207074548,-0.01599570677,-0.001136855199,-0.02249752837,0.008516347033,0.006472501241
-3.358905566,-0.0004013341207,0.007475796464,-0.005658773899,-0.01640286424,0.000304192611,-0.02135265362,0.01006954735,0.007477964542
-3.326406634,-0.00279265957,0.006230607961,-0.005257965041,-0.01587489327,0.001002429628,-0.02286934678,0.009295020862,0.006720015062
-3.345642165,-0.001712646681,0.006042304169,-0.006597784986,-0.01604725566,0.0007346807115,-0.02225731041,0.007342964208,0.007928427582
-3.312863303,-0.002953213411,0.00452860007,-0.005588760374,-0.01525786108,-0.0007872005936,-0.02417092222,0.009937309159,0.006951255626
-3.359873076,-0.002565446954,0.004333181304,-0.007284173655,-0.01565774305,0.0001031924015,-0.02305917209,0.009612082024,0.006743798354
-3.370297964,-0.002360845498,0.006863905848,-0.006186986712,-0.01482175172,-4.68307473e-05,-0.02385763382,0.009751774152,0.007422795757
-3.333741194,-0.002493465788,0.006227044855,-0.00531607616,-0.01634474933,-0.0005258437513,-0.02289518569,0.007681730407,0.007400044139
-3.378034969,-0.002690919743,0.006186973863,-0.006770579104,-0.01637408873,-0.0001219034382,-0.02265140515,0.01064159944,0.007219560342
-3.302477778,-0.003010284226,0.004927904413,-0.00623387759,-0.01607915017,-0.0006081154053,-0.02290707508,0.009564142748,0.008279502631
-3.355437988,-0.004141417312,0.004529532959,-0.006319765205,-0.01481892087,0.0003627247827,-0.02262077904,0.008312854174,0.007744935956
-3.310324559,-0.004577438179,0.003856419641,-0.006366362113,-0.01560341613,0.001138496508,-0.02202612445,0.0105540939,0.007592764658
-3.319498059,-0.002738561866,0.005695460652,-0.005950088725,-0.01446550225,0.000463841184,-0.02165807166,0.009786678591,0.008059825375
-3.275076935,-0.002299453777,0.00497949596,-0.006167873309,-0.01679224875,0.0005858575988,-0.02305116783,0.008028681769,0.007605263075
-3.343711976,-0.00286791066,0.006160077249,-0.006858094303,-0.01708943559,-5.523724504e-05,-0.02285446375,0.01038732923,0.008081642634
-3.309882042,-0.01080880286,-0.002634967454,-0.007073888906,-0.01762484039,-0.001551781143,-0.0220902224,0.008670140399,0.006141684847
-3.357176529,-0.01237705652,-0.00368406161,-0.008965611777,-0.01830965194,-0.002333538227,-0.02442294766,0.009277213259,0.006056346342
-3.310197197,-0.01139944282,-0.004127919676,-0.0101213488,-0.01636178752,-0.0008415695686,-0.02353515347,0.007345067447,0.007965667114
-3.367181694,-0.01161367252,-0.002705337715,-0.01062175939,-0.01463827415,-0.0009222460344,-0.02376823317,0.007062840182,0.007164919913
-3.222658986,-0.01030602086,-0.003328908332,-0.006290429482,-0.01675835863,-0.001332080667,-0.02424626916,0.007472922285,0.008792969283
-3.54746011,-0.008959147895,-0.001455238277,-0.007117658341,-0.01696344585,-0.000930851628,-0.02467049552,0.00948343008,0.007095271601
-3.065359917,-0.007159983171,-0.002001700275,-0.009115008711,-0.01794757416,-0.0009290214341,-0.02245691881,0.009955257007,0.008240141765
-3.810379537,-0.007394972718,0.0008268279789,-0.009000210747,-0.01571302462,0.001873657495,-0.02239657331,0.007501951279,0.006541392443
-0.1354833056,-0.00774852348,-8.805001801e-05,-0.00922390839,-0.01618074051,0.0008715587628,-0.02422114033,0.01060794045,0.007237424048
2.630573553,-0.006544488001,-0.0007065632072,-0.007169463883,-0.01516714701,-3.311136562e-05,-0.0227579406,0.007991544632,0.008825529432
2.10851741,-0.0063565964,0.002973843248,-0.00659923974,-0.01583878236,-0.0001143141595,-0.02414862585,0.007965965947,0.009265357
2.171736827,-0.003397156959,0.001410365761,-0.007367416979,-0.01634971446,0.0005480428421,-0.02198133257,0.0117435146,0.008822949837
2.619038219,-0.004065996648,0.004511170883,-0.007192599554,-0.01464937268,0.001150996877,-0.02144636791,0.009511191383,0.007622406075
-0.1210026191,-0.004154875797,0.00359602782,-0.007473230132,-0.01427081941,0.0002179451164,-0.02293685511,0.01033397867,0.007694409838
-3.869467082,-0.002946372155,0.003961675596,-0.00673894415,-0.01484732592,0.002376115265,-0.02230744722,0.01012559429,0.008823459979
-3.089728018,-0.001712762253,0.006638462064,-0.007433170288,-0.0148587246,0.001025728502,-0.02268831967,0.009426220262,0.008113508875
-3.560808552,-9.350383635e-05,0.005797356694,-0.006246704073,-0.01385297332,0.001446791546,-0.02165875428,0.009962046654,0.008748987709
-3.143248181,-0.001847768659,0.009200753442,-0.005217775261,-0.01399637268,0.001875530477,-0.02223165445,0.00988196563,0.01015532085
-3.511496352,-0.002057859181,0.006523018058,-0.005269600852,-0.01398533562,0.001586882714,-0.02199811281,0.01074173269,0.008308385346
1.096629494,-0.0006632090858,0.005673914532,-0.006294383206,-0.01529554854,0.001685080473,-0.02144619864,0.00934223215,0.007359825303
2.595916519,-0.0006762719598,0.005901936721,-0.006194194126,-0.01415747813,0.002214760219,-0.02278173578,0.009730440712,0.009305062589
1.969530106,-0.001514605307,0.005805051008,-0.005950223241,-0.01401982236,0.001432829296,-0.02321920572,0.0107936005,0.008573459511
2.541585371,-0.0009688845736,0.007312477871,-0.005299488112,-0.01306866894,0.001252760696,-0.02268148172,0.01023209337,0.00970565802
1.307109153,-0.001253335211,0.005930732238,-0.005885584981,-0.01341121482,0.001925441596,-0.02148273741,0.01010210586,0.007747175924
-3.238343552,-0.0006821843635,0.007495937238,-0.005687081269,-0.01539514645,0.001709401677,-0.02123672412,0.01020838083,0.009217912927
-3.327273333,-0.001722239837,0.005159052485,-0.006468785922,-0.01476840694,0.00209650327,-0.02063076134,0.009489644778,0.00731493586
-3.317988492,0.002679330533,0.009163422662,-0.004440036051,-0.01421217771,0.002258861428,-0.02202866367,0.009985209924,0.008695859573
-3.349723957,0.00878687329,0.01656252731,-0.001975534564,-0.01271565646,0.003569795234,-0.0203090453,0.01195470951,0.009396320335
-3.290717245,0.007245794235,0.01680642326,-0.003516621549,-0.01277315019,0.002688621942,-0.02117350286,0.01033856541,0.01104556097
-3.420044117,0.008274521611,0.01603010464,-0.003737000901,-0.01360885908,0.003416202363,-0.02084742789,0.01108276153,0.01047613604
-3.080569652,0.007351834625,0.015721388,-0.003427003557,-0.01433960202,0.002890979324,-0.02027509625,0.009914353291,0.009114017053
-3.709810349,0.007191419069,0.01479091176,-0.003138793872,-0.01396669598,0.003686207197,-0.01984578366,0.009087658192,0.00817875463
-1.407809061,0.005528906216,0.01331468266,-0.005039218354,-0.01362493853,0.001979869524,-0.0222687261,0.01110419845,0.009957694112
2.701417402,0.002954452356,0.01222209541,-0.006198005683,-0.01349519248,0.002278215948,-0.02164632351,0.01064122213,0.008032950791
2.069989436,0.003385111484,0.01033661559,-0.00458240603,-0.01431471994,0.000609482306,-0.0222640079,0.009135468426,0.009577601745
2.430001239,0.003715951217,0.0134708194,-0.002702568908,-0.01450949217,0.0006815071597,-0.02141663007,0.008983148313,0.008153561916
2.155438855,0.003000028698,0.01149664982,-0.003207540699,-0.01373966162,0.001440659824,-0.02068400386,0.00938892977,0.008171714612
2.306522148,0.001192954389,0.009917846477,-0.004255632067,-0.01519016074,0.0007381581576,-0.02177215823,0.01029517417,0.008772917995
2.249130858,-0.0009835438073,0.007729365938,-0.006887127249,-0.01695983501,0.001159768787,-0.02278560019,0.01020313358,0.006259179905
2.29010776,-0.0006788945011,0.007414209556,-0.005934041891,-0.01770524394,0.0007266401645,-0.02271508199,0.008005077036,0.007610692838
2.249127008,-0.0028021073,0.005448226679,-0.005145993477,-0.0161265329,0.001424243569,-0.02202756397,0.008703560232,0.008714502229
2.24285391,-0.001307367058,0.008199700005,-0.005840082209,-0.01501561914,-6.337482113e-05,-0.02173844337,0.009321642042,0.008474355888
2.265762862,-0.004333425326,0.004949192373,-0.006104578087,-0.01740435369,-0.0004420355833,-0.02302257095,0.008577546844,0.007061454639
2.330703031,-0.004300441934,0.003528534185,-0.006415511619,-0.01689277616,0.0002593298502,-0.0218381101,0.008400676433,0.006551459358
2.256135932,-0.002482986962,0.005316288187,-0.006714019604,-0.01537022319,0.0001684087804,-0.02144744456,0.009730952141,0.006820899173
2.315116853,-0.002131496173,0.004849257334,-0.006029004454,-0.01633544025,0.0006568429486,-0.02149687662,0.01040754266,0.007134669995
2.278065742,-0.002058828945,0.006752024251,-0.006189096952,-0.01512538197,-0.0004010423966,-0.02243469293,0.00835403451,0.007004118693
2.281178286,-0.002866413586,0.00458276938,-0.007023274817,-0.01671813215,0.0001713021082,-0.02248893556,0.00901872245,0.00867685825
2.265603461,-0.003373130971,0.005053791078,-0.006176910482,-0.01586686658,0.001572591372,-0.02271926295,0.01036023155,0.0082792941
2.335900739,-0.002726216211,0.004437511275,-0.005634225686,-0.0147613502,-9.372923277e-05,-0.02199412883,0.009004249487,0.007427306615
2.273670644,-0.001669776391,0.004678677937,-0.005903303836,-0.01602728292,0.0006682943821,-0.02235984423,0.008433102151,0.00714150591
2.261076356,-0.004405855954,0.003758954065,-0.00625910292,-0.01490331553,-0.000857007374,-0.02303505349,0.009666545696,0.006780134238
2.258317875,-0.002475223624,0.005476766941,-0.0066705179,-0.01637776101,0.0003850165675,-0.02133804153,0.008812345161,0.007839273717
2.232917669,-0.008151934015,0.0004374285645,-0.00857666624,-0.01728978325,0.0003479936877,-0.02264008347,0.007808318339,0.00813676345
2.219647799,-0.01260968756,-0.002866131222,-0.008375467548,-0.01616832994,-0.001575716545,-0.0238903616,0.008865723708,0.005999961669
2.270787792,-0.01197985291,-0.004772800526,-0.009677398367,-0.01662711726,-0.00149163226,-0.02420396523,0.008895479693,0.006045764089
2.167087495,-0.01173378352,-0.004082958781,-0.007563686684,-0.01757540775,-0.0006774620803,-0.02284013047,0.008352015271,0.007141604379
2.319705633,-0.01007495865,-0.004468812058,-0.008797221408,-0.01619777586,-0.0005850895536,-0.02462651081,0.008736390334,0.00679576666
2.263180351,-0.01217393789,-0.001103618182,-0.008077265826,-0.01769664562,-0.001007949958,-0.02257398158,0.008561501211,0.007842552933
2.260450299,-0.009134842012,0.000539058345,-0.009450260956,-0.01759619448,-0.001805024344,-0.02498610292,0.01002156761,0.00746111319
2.284756753,-0.007431573933,-0.0008186378118,-0.007885293921,-0.01662882178,0.0003659564212,-0.02260006096,0.007027203883,0.006537626086
2.325336368,-0.00808014112,-0.0002067022403,-0.007506233168,-0.01443100952,-0.0008886465484,-0.02212586118,0.01166017341,0.007789626329
2.23867707,-0.007389727189,-0.0006525841297,-0.00813083977,-0.01520238486,0.001362378305,-0.02306183757,0.007170903935,0.007183929276
2.251743897,-0.005333817822,0.001239298454,-0.008770236789,-0.01579185688,0.0008245487468,-0.02300824752,0.00755838143,0.007842065146
2.249386739,-0.003811124127,0.002200648861,-0.008791830101,-0.01618499237,-0.0003443738267,-0.02190745691,0.01109491741,0.007512416566
2.240617198,-0.002984523971,0.005279005215,-0.006749917777,-0.01447882102,0.0005729973839,-0.02315641883,0.008495098822,0.009607430556
2.234305388,-0.002038465156,0.003517622529,-0.005987390513,-0.01433961398,0.0004331150142,-0.02182554268,0.01136616184,0.008736258937
2.2474113,-0.003163431249,0.006034024214,-0.00676099082,-0.01488084006,0.001163207563,-0.02289397947,0.009568555099,0.008075933501
2.294694468,-0.002468294481,0.005082523251,-0.006962164329,-0.01362750284,0.001527553945,-0.02380916821,0.008621184572,0.00848229645
2.278406028,-0.0005242655891,0.006025001476,-0.006601460593,-0.0118115965,1.413639614e-05,-0.0231487779,0.01011124893,0.00886969923
2.271436499,-0.00139526797,0.006439608077,-0.005585733874,-0.01367111358,0.00314629078,-0.02124994078,0.009486037975,0.00808667393
2.26810154,-0.001301232875,0.003156862525,-0.005830368899,-0.01414827669,0.002188279315,-0.02286330028,0.01030955678,0.008822666504
2.237858825,-0.0001617105452,0.007494478815,-0.006442588874,-0.01481661893,0.002552668357,-0.02227065909,0.008055224675,0.008060386409
2.235215376,-0.001445773855,0.007647362313,-0.006008468872,-0.01425118924,0.001101318481,-0.02216895155,0.009293344848,0.009062953804
2.234239712,-0.001335222712,0.006231516098,-0.004726596206,-0.01353083925,0.0003828610338,-0.02126013527,0.01026675702,0.008461683801
2.280674836,-0.0005908506037,0.006723616436,-0.005270153425,-0.01474488119,0.0006271860561,-0.02236895255,0.009005865694,0.008919561742
2.276526428,-0.001259283474,0.006281654142,-0.005842316607,-0.0148800855,0.00103569147,-0.0235555321,0.00976865041,0.00906765429
2.259024167,-0.0007607644044,0.006297239022,-0.00529379576,-0.01510995596,0.001456784581,-0.0211427399,0.01031258105,0.007949970045
2.228716439,-0.001320285804,0.008903904609,-0.005831671128,-0.01585309083,0.001549420336,-0.02273527429,0.009711651452,0.007534717968
2.285801182,6.018536916e-06,0.006356203379,-0.004849915588,-0.0148337928,0.001727075752,-0.02090297457,0.01060916208,0.008207446823
2.279233417,0.008546059636,0.0156682839,-0.002779463947,-0.0120465017,0.00377801391,-0.02015332644,0.01008740835,0.00990445988
2.274887306,0.009540328896,0.01447017106,-0.003656662422,-0.01252668092,0.003499984484,-0.02254884285,0.0107836922,0.01028462188
2.240717423,0.007883662007,0.01446723557,-0.004074373578,-0.01261281811,0.002917787529,-0.0202365908,0.01033439231,0.009614150243
2.193557123,0.007486042356,0.01678299742,-0.003229049279,-0.01276134797,0.003543914733,-0.02057431194,0.0105351128,0.009938559413
2.269826712,0.007084737428,0.01470432183,-0.003483967671,-0.01353300191,0.003340576708,-0.02111984331,0.01270452085,0.008223677125
2.279678798,0.005393333564,0.01462910373,-0.003062231301,-0.0131980046,0.003937498284,-0.02122533403,0.01071820402,0.008993670586
2.271785678,0.003081084587,0.01076604051,-0.005553614492,-0.01551541612,0.002054740374,-0.02184958227,0.008899320204,0.008264468729
2.253529689,0.003907606663,0.01148206034,-0.005384674969,-0.01585149331,0.002241987258,-0.02327334021,0.01136994407,0.008688314932
2.223248919,0.005635169013,0.01427840043,-0.003953134403,-0.01281615012,0.002301884728,-0.02149564277,0.009136336593,0.00783731002
2.248290117,0.002145274619,0.01158089354,-0.004435484265,-0.01414316665,0.001412283892,-0.02141251137,0.009389208371,0.007455664205
2.280146523,0.0001765941307,0.01035121742,-0.005493436675,-0.01710441432,0.0004112978593,-0.02145763524,0.008892015325,0.007315534589
2.244121507,0.0004732145895,0.009063578049,-0.005533392419,-0.01639378052,0.001244387481,-0.02284433876,0.009905465476,0.008189594818
2.249676392,-0.0001956230706,0.006541071965,-0.0052178834,-0.01528785805,0.001374514303,-0.02277907179,0.01057098351,0.006713756283
2.149540918,-0.002464220448,0.007276588495,-0.004707562791,-0.01531037178,0.0002389740538,-0.02251430664,0.009175023958,0.008971642342
2.318257205,-0.001112070512,0.006617733437,-0.005457729639,-0.01565906954,0.000652917382,-0.02270634774,0.009192273398,0.007544457417
2.141765042,-0.002457410386,0.006646268526,-0.007573105276,-0.01862931716,0.001352378193,-0.02238551392,0.009182776008,0.007240726852
2.376890998,-0.005004782122,0.004644046277,-0.007536735365,-0.01635954598,-0.00069514099,-0.02319579208,0.008209816804,0.006743978948
2.024465786,-0.002516406024,0.004306281559,-0.006599821585,-0.01429402627,-4.873141092e-05,-0.02330426024,0.0105555449,0.006868602612
2.624646445,-0.00359819483,0.005731070533,-0.006023959689,-0.01567010013,0.0006577306258,-0.02322820658,0.009810231403,0.008382042675
-1.277419805,-0.002449698062,0.006443016395,-0.00604180766,-0.01648098252,8.758216053e-05,-0.02289105464,0.00981462658,0.007418689254
-3.77646643,-0.002445650642,0.005333237474,-0.006407160045,-0.01665364091,0.0008486650103,-0.02295668013,0.009454344111,0.007584294098
-3.143254426,-0.001442825416,0.006935135076,-0.00587098143,-0.01476590181,0.0003237285313,-0.02199836155,0.00837948799,0.006742375837
-3.49112597,-0.00365428073,0.005687485863,-0.007060543841,-0.01576155468,0.000447844517,-0.02361063097,0.01065528233,0.007946272833
-3.191438791,-0.003388364357,0.004618404813,-0.006352201015,-0.01647204018,0.0006961454104,-0.02237303584,0.01013030308,0.008371188641
-3.404744049,-0.003740603719,0.003953453367,-0.007796002541,-0.01580777538,0.0003506405192,-0.02302002368,0.008399455588,0.006864265436
-3.25595664,-0.002897785203,0.005543311237,-0.006631604977,-0.01525782263,0.0008176621022,-0.02192335649,0.00875106194,0.007420393949
-3.436731109,-0.006819820499,0.002589363736,-0.006480553595,-0.01487878814,0.0004070406052,-0.02287002932,0.01116985384,0.00772726707
-3.223058909,-0.01319247198,-0.004723757762,-0.009206202823,-0.01727767171,-0.002828681983,-0.02474224096,0.007951834696,0.006386135992
-3.542438826,-0.01253765268,-0.004294986526,-0.00890586136,-0.01837637074,-0.003288353681,-0.0237940732,0.008262897216,0.006860271751
-3.03403027,-0.01197808046,-0.004804587428,-0.009108869041,-0.01688758536,-0.0009178244696,-0.02397876621,0.009294496811,0.00660255506
-3.886642496,-0.01113704428,-0.002022937006,-0.007371168433,-0.01776121978,-0.001216849084,-0.02265629195,0.008449012369,0.00650552456
-0.7585706583,-0.01101776697,-0.003383850032,-0.009225574495,-0.01648069306,-0.000888560225,-0.02359933341,0.008765318587,0.00714432939
2.44400798,-0.01022057921,-0.002312427523,-0.008616594782,-0.01657745507,-0.001543593065,-0.02442020297,0.009611305081,0.007879589247
2.414949724,-0.007680290102,-0.001626718721,-0.00754522479,-0.01546908974,-0.0001034174105,-0.02310676165,0.009754437368,0.008308832061
0.2116672276,-0.008090715849,0.0002952709039,-0.007640780426,-0.01604674038,-1.408991178e-05,-0.02386350707,0.008183501576,0.008315211465
-3.894965821,-0.007967007021,-0.0002849631956,-0.007894906976,-0.01584333499,0.0006191678905,-0.02294482058,0.007693336206,0.006650694823
-3.039988849,-0.00754332602,0.0009871207128,-0.008648208001,-0.01554416223,0.0004719848358,-0.02307266757,0.01174372108,0.008615707055
-3.538082307,-0.00430727601,0.00252802714,-0.008007302991,-0.01535458011,0.0005513077424,-0.02263240043,0.009331110516,0.007202950811
-3.206735323,-0.003989103069,0.002036025496,-0.006766763062,-0.01526793674,0.002427523751,-0.02116712095,0.008756405122,0.007252200306
-3.409570385,-0.002111888096,0.00323121316,-0.007518409102,-0.01469127616,0.001430615068,-0.02209100682,0.01116786438,0.007295717552
-3.280388142,-0.001496674586,0.006215915907,-0.006466626647,-0.01465367918,0.0005509206357,-0.02371427186,0.01135351605,0.01040168215
-3.388695356,-0.002391370208,0.003673047487,-0.007812150957,-0.01456485768,0.0007767458079,-0.02297745916,0.009213588033,0.007402820933
-3.360885045,-0.001552971533,0.00716091896,-0.00742066349,-0.01594756383,0.001172279202,-0.02172252571,0.00944626557,0.00851226025
-3.340480856,-0.001514880638,0.006190910457,-0.006237623614,-0.01465469077,0.002151568739,-0.02146154206,0.01084120759,0.007388843956
-3.303357236,-0.001195783102,0.004737077376,-0.00525905324,-0.01385647614,0.001385317227,-0.0225992604,0.00986943395,0.008293173881
-3.296673258,-0.00102182881,0.006020405315,-0.005669043126,-0.0143061893,0.002331091996,-0.02364030918,0.01059110534,0.008893063098
-3.300157602,-0.002227358704,0.006964962515,-0.00617458397,-0.01646515859,0.001868315375,-0.02341262148,0.01051501351,0.007976616157
-3.349589618,-0.001787612014,0.006521494105,-0.006274050856,-0.01713058597,0.002853390512,-0.02185985241,0.008718869507,0.009044517682
-3.334068817,-0.001999394618,0.005551126382,-0.005526735001,-0.01373442333,0.001719154656,-0.02196574495,0.01099307113,0.007096649439
-3.271945619,-0.0008573293954,0.006539531989,-0.00746688351,-0.01216041992,0.001726651902,-0.0219949842,0.009204795601,0.009683348883
-3.354720101,-0.0006594027502,0.005780618624,-0.006212454481,-0.01388260542,0.001764818445,-0.02237272826,0.009642737164,0.008840524315
-3.352672766,-0.0009613649824,0.008233811167,-0.004807269621,-0.01634847381,0.002184683794,-0.02157578894,0.01087078671,0.009286268615
-3.339373454,-0.001934261774,0.005775121276,-0.004608072862,-0.01572218658,0.001694007469,-0.02224128256,0.01000623269,0.00864328523
-3.326765536,0.005315553667,0.01100860812,-0.003198962209,-0.01189556256,0.002178624858,-0.02139285583,0.01305053638,0.008890399208
-3.307078319,0.008927495555,0.01536298281,-0.003680110427,-0.0108047382,0.003533478046,-0.02081308026,0.01312643533,0.01066235852
-3.28291426,0.006742449031,0.01597336669,-0.003146684456,-0.01345054879,0.00437371658,-0.02072836221,0.009858892035,0.009044218621
-3.372729894,0.007351956673,0.01545255969,-0.003845618187,-0.01252101215,0.003257416996,-0.02061280611,0.009667653839,0.008596822022
-3.310879679,0.007477473209,0.01540791058,-0.001937135581,-0.01414682875,0.003368512345,-0.0220992428,0.01232163949,0.009620935527
-3.443193692,0.007339678751,0.01414004212,-0.002456888724,-0.01365691481,0.003333830842,-0.02147008318,0.01152157442,0.009321912745
-3.12998708,0.005285330253,0.01029301047,-0.004454089874,-0.01451579481,0.001796101471,-0.02289605548,0.01011061084,0.008235305791
-3.701944364,0.003225175798,0.01072982887,-0.003804443203,-0.01244083931,0.002188569851,-0.02110651487,0.00784173794,0.00836670063
-1.866253354,0.004329760461,0.01213657545,-0.004426937709,-0.01440088306,0.002895029591,-0.02049418117,0.01011671891,0.009607240443
2.503264214,0.004364738024,0.01252521792,-0.004307884475,-0.0132191783,0.001199886126,-0.02216384269,0.01059684631,0.008193710326
2.200177244,0.002540177685,0.009124963928,-0.003467492459,-0.01518956373,0.002699237753,-0.02214431675,0.01009302839,0.008249071579
2.25440427,-0.0001649140595,0.008208219004,-0.006050223312,-0.01678179618,0.0008402326262,-0.02192272021,0.01051096885,0.008792424934
2.378876482,-0.0004930015911,0.008892589293,-0.005353424515,-0.01506294685,0.0003418627502,-0.02193136493,0.008911592926,0.007662506879
1.411747891,-0.001738256948,0.007226007434,-0.004824671693,-0.0149858865,0.002106320189,-0.02302922137,0.007491896559,0.007392883322
-3.412606819,-0.002273659331,0.008633247083,-0.005314791053,-0.01599595137,-0.0003252128017,-0.02298870519,0.009641186325,0.007462237675
-3.117090394,-0.001847713568,0.004499771341,-0.005677738592,-0.01725376641,-0.0007585325744,-0.02374745404,0.009840439968,0.007942320207
-3.55070433,-0.003185009873,0.004875974173,-0.00497666179,-0.01688335594,0.001144662631,-0.02432102579,0.00976402376,0.00803108609
-3.056390884,-0.002309225861,0.005452539139,-0.005724995761,-0.01741161682,0.0001644101546,-0.02180307529,0.009610426021,0.008288057457
-3.829034106,-0.002893932096,0.00566117973,-0.006201093201,-0.01623152619,0.0003724887385,-0.0229934186,0.009944647496,0.007714031169
0.00469148001,-0.003433328818,0.004973563388,-0.005262784511,-0.01764124535,0.001625861419,-0.02185784313,0.008821065613,0.008095402379
2.635181468,-0.002954851234,0.004860962171,-0.006018367743,-0.01518635296,0.0004136817354,-0.02420773739,0.009347944319,0.007450041369
2.125664705,-0.003649881459,0.005612797495,-0.006558453861,-0.01678456707,0.0006742063637,-0.0233430211,0.008752828173,0.008621901537
2.212574805,-0.00293870197,0.005536528158,-0.007965200003,-0.01740791945,0.0004650471166,-0.02133503989,0.0101422194,0.005810064427
2.471921633,-0.003818379976,0.004943334281,-0.008255422737,-0.01813230592,0.001789094195,-0.02317050676,0.007380999577,0.007241932672
-1.891490892,-0.003136256784,0.006177152281,-0.006505143,-0.01575714677,1.445015609e-05,-0.02388838775,0.01182233953,0.007311415289
-3.700260193,-0.003009344303,0.005065208526,-0.005136301431,-0.01463500347,0.0006387382768,-0.02184247671,0.008240102352,0.008233834454
-3.100520492,-0.003028306929,0.003945099678,-0.006255698322,-0.01693200844,-0.0007249008818,-0.0230551427,0.008864344464,0.006887142972
-3.460030302,-0.01117149385,-0.003363533802,-0.01036117354,-0.02038760105,-0.002300162716,-0.02353547958,0.008492460814,0.00668362034
-3.26361142,-0.0129624526,-0.00412242977,-0.01018981514,-0.01911003119,-0.0002410039328,-0.02621081533,0.009234100985,0.006937326998
-3.334556085,-0.01171339698,-0.003609115945,-0.007736491619,-0.01581106698,-0.001794758464,-0.02250110696,0.008394950105,0.00691643813
-3.229398087,-0.01182775299,-0.002533083602,-0.009596065462,-0.01626358688,0.0007907947644,-0.02277718222,0.007424055299,0.00670600828
-3.501650506,-0.01142346713,-0.00285771559,-0.009110026342,-0.01798499417,0.0003005386237,-0.0239187712,0.008694933812,0.007280216308
-2.628186816,-0.0106795034,-0.002676031814,-0.009147944236,-0.01819199641,-0.001572354335,-0.02526939208,0.008980578411,0.006479333948
2.15787079,-0.008879318421,0.001183794169,-0.007501609586,-0.01680671187,-0.001207112002,-0.0225768398,0.009211873954,0.007978897776
2.273754639,-0.007980009728,-0.001079457492,-0.00772284832,-0.01730355088,-0.0002548966451,-0.0213686747,0.01099741472,0.009238387532
2.279731757,-0.007662450642,-0.0006927817364,-0.009220104541,-0.01706187779,0.001294090919,-0.02224620765,0.008787588817,0.007648744088
2.183497392,-0.007585868611,0.002002519584,-0.007276852114,-0.01658525447,0.001063375368,-0.0235461704,0.009235316648,0.007558117545
2.292901619,-0.005574994363,0.0007208061306,-0.008377701295,-0.01760435814,0.001313212433,-0.02315561612,0.009456980313,0.008225595558
2.259900933,-0.003570774809,0.005441470129,-0.00689475297,-0.01532357938,0.0003129302768,-0.02174179811,0.0095145627,0.009841077617
2.281495904,-0.003225326591,0.004175812529,-0.006420117978,-0.01485425988,0.000933909015,-0.02353537587,0.01038146024,0.007296378715
2.233027946,-0.002894133234,0.003153712208,-0.005953111906,-0.0136195541,0.002294954134,-0.0217314815,0.009837210797,0.008330709923
2.423528296,-0.001501018687,0.006115634523,-0.00778001219,-0.01626745902,0.001912885605,-0.02157664832,0.01050559094,0.007936528139
