Tachometer,Motor,B1_Z,B1_Y,B1_X,B2_Z,B2_Y,B2_X,Gearbox
-0.8119696602,-0.01027644178,-0.002361119621,-0.004351787801,-0.006705217867,-0.001656859428,-0.0158024881,0.005102680433,0.00510978718
-1.34756733,-0.01448182589,-0.003290660674,-0.0113061981,-0.01536525787,-2.061843902e-05,-0.02037440244,0.01880876776,0.00659463721
-1.178336457,-0.01032780076,-0.004556474076,-0.006411153549,-0.02204139546,0.003273637033,-0.02375635348,0.004596055166,0.006327142372
-1.295070989,-0.008327185998,0.001498957029,-0.006672992294,-0.01859799134,0.003618186928,-0.03067450746,0.01502994181,0.008518380199
-1.115387959,-0.008960021593,-0.001277961943,-0.005841727499,-0.01652090745,-0.005554859532,-0.01448276227,-0.0002388083039,0.008889033515
-1.328367815,-0.007224900187,1.123669676e-05,-0.008064598212,-0.01672287165,0.0006456974386,-0.02140112723,0.01140201846,0.007341024007
-1.089228697,-0.003121526359,-0.0009707739723,-0.005189115658,-0.02312155586,0.004152205329,-0.03001676252,0.02144008,0.009781894184
-1.41523405,-0.002223756061,0.0002577409172,-0.008889909008,-0.01500845893,-0.002605292869,-0.01588304983,-0.009266051342,0.007318695333
3.872929779,-0.003572355129,0.008160786293,-0.007201221507,5.193852218e-05,0.003394348356,-0.02553960988,0.01760238121,0.01092573132
5.381425488,-0.003690361749,0.00562138265,-0.008475503753,-0.01151578724,-0.002207049146,-0.02119099006,0.01674232367,0.008229406975
4.883526239,0.0002452151812,0.001815475869,-0.002616912133,-0.02145616134,0.002701852138,-0.0202764895,-0.0009298194755,0.007135579545
5.147354804,-0.002715377753,0.01255745941,-0.002922204961,-0.01007838264,0.005560990165,-0.02708107561,0.0190190051,0.009055023462
4.992202051,-0.002042064312,0.004587163469,-0.007829408232,-0.01166098216,0.0007033890471,-0.01914990795,-0.0003946621736,0.008236795842
5.100759204,-0.001089855604,0.00448204305,-0.003874816459,-0.02323013894,0.001174735087,-0.02503904899,0.01572704981,0.008612676567
5.026585956,-0.0002591492242,0.01008654653,-0.0005258457839,-0.01576083787,0.002217006798,-0.02065862481,0.009398326146,0.00750566007
5.073779995,-0.002692798133,0.007674638261,-0.01178884345,-0.0154574492,0.003777931859,-0.01367169011,0.002238200079,0.006422525244
5.045184435,0.002178595025,0.009252794637,-0.009046646623,-0.00798016373,0.0009973478522,-0.02985030106,0.01591706081,0.01308553836
5.080827314,0.01280849048,0.01594336762,-0.001882914497,-0.009367649728,0.002642955604,-0.01717729727,0.009272157688,0.01018246135
5.027705402,0.007428014295,0.01579244791,-0.002021905155,-0.01371879191,0.00611427636,-0.01963745613,0.00951688715,0.007639571862
5.010441158,0.009563293222,0.01436227447,-0.005073632055,-0.00969785774,0.003078355544,-0.02854388442,0.01216142159,0.01170238417
5.067250617,0.007019178015,0.01349423687,-0.002142106482,-0.01065536302,0.002715716102,-0.01870501286,0.01067365449,0.00926794631
5.016296594,0.004669583135,0.01428315892,-0.003360072455,-0.01958295541,0.005855262373,-0.02203229213,0.01115239666,0.008217882694
5.105810312,0.002627077798,0.01441839409,0.001037278683,-0.01663410361,0.0005026536891,-0.02403939999,0.01043230512,0.008448834753
4.954185825,0.002898084179,0.007697250893,-0.002058596472,-0.01921252126,0.001245261552,-0.02156106253,0.01113819233,0.007711674092
5.215707316,-1.053876842e-05,0.007380242972,-0.004173716513,-0.01546955171,0.001017198884,-0.01882176422,-0.0002140150249,0.006979044028
4.274430045,-0.004193920566,0.01106718392,-0.004690143517,-0.01245535929,-0.003082246701,-0.02366539468,0.01155581636,0.00816128325
-1.155942688,-0.003198199138,0.003668833681,-0.007442080769,-0.01324741748,7.471037923e-05,-0.02086190605,0.009291713571,0.008268990643
-1.220082372,-0.003220476889,0.004927774224,-0.007200022012,-0.01508385397,0.001896640111,-0.02369770961,0.009378838379,0.005404766804
-1.238609454,-0.004339901391,0.006703078356,-0.005516411572,-0.01345149951,0.0010826038,-0.02608595461,0.009892396804,0.007122496931
-1.234409337,-0.002290935513,0.006786406805,-0.009973104804,-0.01675998477,0.0009631299505,-0.02212439676,0.01001433247,0.007413843719
-1.232803162,-0.002071240089,0.0004922684406,-0.005153017745,-0.01940760776,8.433802954e-05,-0.02236582598,0.009171866296,0.008891023417
-1.21650875,-0.002691717755,0.004194457022,-0.00577533012,-0.01874191264,0.001879500911,-0.02491513497,0.009157645475,0.007305474545
-1.236574492,-0.003888845893,0.004200796081,-0.007338495487,-0.01791191306,0.001009523537,-0.02188897035,0.003480842267,0.006991205524
-1.258869235,-0.002757383224,0.006341216532,-0.005663124969,-0.01444868574,-0.0008161239551,-0.02262956605,0.01188043442,0.008088115138
-1.247856312,-0.009453830842,-0.002875090091,-0.007580242214,-0.01756921699,-0.002007476701,-0.02319459601,0.009477259262,0.008706691971
-1.23611648,-0.01611427596,-0.004707661862,-0.010670125,-0.01545593956,-0.001136384264,-0.02311703204,0.00932045526,0.005680558069
-1.276171567,-0.01339118156,-0.002740583111,-0.00569270374,-0.0128842019,-0.00182838229,-0.02573481141,0.004911521913,0.006609583146
-1.27547842,-0.0126556181,-0.002910326125,-0.009467355562,-0.01629930196,-0.0007851229114,-0.02157339432,-0.0001811436683,0.007569485025
-1.197697754,-0.008583413555,0.0005626910434,-0.005911857319,-0.01484124376,-0.0001745862365,-0.02640011039,0.01547496113,0.008377398546
-1.235499498,-0.008105449246,-0.00363900681,-0.007240885073,-0.0196878128,-0.001895865778,-0.0233122253,0.008656628262,0.007464270647
-1.213100002,-0.008251470321,-0.001466184894,-0.007495108148,-0.01720311654,0.003893737007,-0.02346305184,0.006659108289,0.005910583137
-1.248544516,-0.006002230714,0.005347976724,-0.008244254158,-0.01379723426,-9.549629978e-06,-0.02397076285,0.01597065514,0.009427930065
-1.292883903,-0.00424208391,0.001681430197,-0.004371452659,-0.015821948,-0.001283961603,-0.02253774361,0.007014818389,0.007595294877
-1.213755613,-0.003721575539,0.005920783703,-0.007156445428,-0.01534282523,0.001685074018,-0.021421129,0.01074622936,0.007359613422
-1.257925662,-0.002134748119,0.005651224117,-0.006190476735,-0.01373414155,0.001029708764,-0.02404366249,0.002354573158,0.008776525264
-1.228282358,-0.00237750378,0.005228603395,-0.006615916144,-0.01334074532,0.001780444245,-0.02349247519,0.01153734968,0.007947603746
-1.273205163,0.0004057786243,0.004948851633,-0.005276473606,-0.0123482231,0.001297838851,-0.02100476122,0.008728488528,0.009529660541
-1.310440136,-0.003322606148,0.007216480794,-0.005115096181,-0.01345631506,0.004327342348,-0.02205871688,0.01044438051,0.007110681858
-1.235877543,-0.002247929709,0.008964917491,-0.006013139463,-0.01228649741,0.003704760863,-0.02300386484,0.01390480464,0.008295628211
-1.239563484,-0.000253631135,0.004491502865,-0.004790023846,-0.01817469593,0.0001871842921,-0.02281945492,0.00606777699,0.008124061252
-1.183751823,0.001081798882,0.008250318932,-0.003555639187,-0.01711282455,0.001025834171,-0.02230529897,0.01090279804,0.007622814961
-1.197980161,-0.0003458047158,0.002964004645,-0.00441044709,-0.01656410635,0.0007574212615,-0.02158464836,0.004739618791,0.006595275187
-1.239057347,0.007077603234,0.01220094774,-0.004167118678,-0.0115182888,0.002155650249,-0.02045812258,0.01044704308,0.009073305044
-1.245483666,0.01229331571,0.01979690299,-0.003212634112,-0.009808402312,0.003892745956,-0.02256926733,0.01491437873,0.01091062905
-1.230264792,0.007132309497,0.01721732969,-0.0069247653,-0.01365976559,0.003794562038,-0.01939655203,0.009742720712,0.006891012402
-1.249689839,0.007556962259,0.01794691543,-0.003698362887,-0.01012658897,0.002276631988,-0.02022048403,0.01404330621,0.008172356979
-1.210113393,0.004776875219,0.01184619127,-0.003508368711,-0.01309674098,0.00219055592,-0.02284892018,0.007339093364,0.008624993811
-1.210207723,0.004885319279,0.01323748526,-0.005244734672,-0.01416805417,0.004136331721,-0.02114809074,0.009771629545,0.007996002569
-1.268615084,0.002680435199,0.01040714517,-0.002290250683,-0.01682531843,0.001336924221,-0.02676482525,0.005486812653,0.008878107531
-1.269364415,-0.0004796159922,0.009080852865,-0.003428444536,-0.01408816905,0.003307326684,-0.01754468868,0.01945197014,0.007796049794
-1.233201556,-0.001921440345,0.00514106499,-0.006212229719,-0.02018730314,0.00374035933,-0.01846977602,-0.00479318767,0.007400146543
-1.255091151,-0.002966354295,0.01102668181,-0.002076609258,-0.01399190309,-0.008268425256,-0.04559040237,0.01081545436,0.0109643734
-1.250820713,-0.002693405887,0.003111363522,-0.009542164308,-0.01432093834,0.002657963928,0.002350486685,0.02743486256,0.003110665551
-1.228628022,-0.002327990482,0.0006629920682,-0.001528954535,-0.02330513375,0.0008377531245,-0.0266896761,-0.008916511308,0.004887441896
-1.262634491,-0.000301031177,0.009599028754,-0.007989124624,-0.01569572052,-0.002010211623,-0.03710611268,0.01094888058,0.01257077124
-1.226971778,-0.003007585538,0.001953248236,-0.00789335403,-0.001072899558,-0.0001295804518,-0.007136359661,0.01013221286,0.004988340699
-1.221401136,-0.003434172755,0.004493437942,-0.006931340681,-0.02666322394,-0.0007261912106,-0.02809075077,0.01326215288,0.006319360351
-1.271991399,-0.002426916339,0.003505531994,0.000868826612,-0.0190788905,0.004352626303,-0.02882472726,0.007963088656,0.00697638685
-1.214481751,-0.004813488848,0.005648227941,-0.01004997379,-0.01424218517,-0.001726122528,-0.01744768677,0.001850309661,0.007349870819
-1.207765004,-0.001924386198,0.007063408939,-0.01238376556,-0.009032227911,-0.0006561708265,-0.02499263319,0.01866202026,0.008661266099
-1.207181229,-0.01659904513,-0.008054567459,-0.0006106566111,-0.02354198928,-0.0006165935327,-0.0220191745,0.007761027762,0.004223882986
-1.268515703,-0.01252281397,-0.00454365115,-0.006495695327,-0.01737738062,0.001113578809,-0.0222779577,-0.002023829297,0.004384177843
-1.194343971,-0.01261084681,-0.003386179556,-0.01578677987,-0.01218338592,-0.00306487243,-0.02832891067,0.01660810613,0.01063513647
-1.211608637,-0.01228893636,-0.007000365507,-0.006399280651,-0.01288077408,-0.004062410737,-0.0186996306,0.003705545092,0.005566779081
-1.26908263,-0.009380643507,0.001826609048,-0.004510540411,-0.02098658069,0.002432043834,-0.02417231664,0.009867185712,0.007319532881
-1.226108807,-0.008549193387,3.555616597e-05,-0.009115038169,-0.01536670253,-0.001346636326,-0.02375144882,0.006619917366,0.007548225748
-1.240797134,-0.007049197702,-9.523702668e-05,-0.008391227681,-0.01042532863,-0.001964182557,-0.02128020929,0.01293842277,0.01009833925
-1.257676631,-0.003693756912,0.002245856708,-0.004087621298,-0.01726293352,0.0005216173293,-0.023413348,0.005549057028,0.00644240204
-1.20700364,-0.003552656162,0.003052064662,-0.00672646572,-0.01929985623,0.001358146196,-0.02490676182,0.007632692415,0.007158565726
-1.230512081,-0.002544115022,0.003104575765,-0.007905481089,-0.01037947736,0.001243185118,-0.01771356954,0.01267169184,0.008118462477
-1.22077883,-0.0007714352545,0.004258577118,-0.006608873238,-0.01229382229,0.001701634342,-0.02698869361,0.01220940958,0.00961806214
-1.235686774,-0.0004600209922,0.007379659902,-0.005613646669,-0.0177578574,0.0009840961143,-0.0184964165,0.005351053247,0.006358994852
-1.230715064,-0.002997557674,0.006451038498,-0.007480370765,-0.009497419917,0.001991699547,-0.02040751314,0.006539915983,0.0080885273
-1.262567482,-0.002315531651,0.005006105037,-0.005223699446,-0.01461055338,0.0005737988481,-0.02588479015,0.02279273278,0.0102149234
-1.240355119,-0.001186203692,0.004168892815,-0.006358697902,-0.01670378028,0.0003013998095,-0.0196197627,-0.00619573535,0.007250686053
-1.18445181,-0.001921440814,0.01150093314,-0.005157227337,-0.01156211501,0.003411525451,-0.02280967798,0.0178413281,0.008175907198
-1.21078318,-0.003221498186,0.006463402904,-0.006019114072,-0.01187226058,0.001193883313,-0.02442309301,0.01383103203,0.01027352183
-1.233944908,0.002425037041,0.006105120864,-0.005850709783,-0.0193099597,0.001247779662,-0.01607344382,0.004570184953,0.009256292993
-1.166895742,0.01027635156,0.02019039387,-0.001391165067,-0.01228340406,0.006199320716,-0.02747795503,0.01089026206,0.01052536133
-1.262603454,0.00633574067,0.016639918,-0.003386323917,-0.009732714971,0.001362410317,-0.01805971634,0.008996498932,0.008293451096
-1.231429983,0.008930874887,0.01211539756,-0.001260049271,-0.01569936612,0.00127763256,-0.01881455149,0.01884188017,0.008251180231
-1.28890486,0.008026339536,0.01405116364,-0.005875619992,-0.01489026532,0.003981907501,-0.02253800675,0.002385904525,0.01003680861
-1.162627229,0.002110919753,0.01809845668,-0.005139462933,-0.007598494488,0.002047473386,-0.02331215746,0.01805795127,0.007687724093
-1.244723344,0.004876192658,0.009561650932,-0.003649912857,-0.01573385888,0.000980130257,-0.01959839048,0.007799843959,0.009353740808
-1.14749747,0.002314781175,0.01158826014,-0.0005581774009,-0.0194971594,-0.0001958421819,-0.02377425137,0.01113182511,0.006208149055
-1.351743083,-0.0001107665867,0.004897442079,-0.007038103833,-0.01676858079,0.007186094363,-0.02672363495,-0.003629809685,0.007197246299
-0.9826389598,-0.002888344517,0.007328761851,-0.007589720807,-0.007209455091,-0.006453742178,-0.0187878044,0.01436610773,0.007803952285
-1.648753956,-0.0009731571417,0.003005391195,-0.005786315055,-0.0178350964,-0.002268648442,-0.01937884135,0.01213254124,0.008067760857
3.06468456,-0.005115168443,0.01039025295,-0.005620166118,-0.02278025213,0.009354736685,-0.03099922149,0.01185315786,0.005743437309
5.519149214,-0.004873046224,0.00461929522,-0.00808154797,-0.0123276621,-0.002089686919,-0.01667922756,0.007073265362,0.00584018127
4.818577898,-0.003163185162,0.004348301527,-0.004153175126,-0.009494288991,-0.001280695627,-0.02132228539,0.01011971122,0.009520542745
5.149912458,-0.001691877141,0.008369786956,-0.00772380942,-0.0228181546,0.0004483561466,-0.02414210638,0.01381412165,0.008783303067
4.959815142,-0.002301609049,0.002827409618,-0.002483548262,-0.01954685591,0.002996098429,-0.02222716506,-0.003828186591,0.006655103507
5.094546867,-0.005043001166,0.00271494507,-0.004970133639,-0.009923158225,-0.0005021623319,-0.0218505789,0.01724139837,0.008829798408
5.005343634,-0.002114404174,0.006038919516,-0.01065552251,-0.01288569008,-0.001056019944,-0.02574780328,0.001037991168,0.01007012289
5.099953195,-0.007225996431,0.003929808339,-0.007322714234,-0.0219302365,0.0005054431949,-0.0226793283,0.0162758418,0.006237952001
5.037978349,-0.01425728021,-0.009003566136,-0.007171427292,-0.01733198587,-0.004118222119,-0.0257058374,0.009447512035,0.006866771691
5.046006668,-0.01246292552,-0.003743269678,-0.008468591341,-0.01492791881,-0.001088662254,-0.02149608208,0.001530260888,0.006729526619
5.046132805,-0.01166481671,-0.005905657374,-0.01315157461,-0.01693991382,0.0001635459754,-0.02635708883,0.0154203654,0.007819756238
5.010336898,-0.01084898272,-0.007975770623,-0.006884971129,-0.02047228565,-0.001084318414,-0.02177528808,-0.00507486056,0.007827053516
5.068249101,-0.009883151505,0.002811989387,-0.002269443093,-0.01227182358,0.002916588223,-0.02310059165,0.02245987099,0.007182692717
5.068319221,-0.01024608584,-0.001351377481,-0.01147482554,-0.0164755878,-0.0006783784657,-0.01979584966,0.005878541345,0.008847377217
5.055832253,-0.008641173291,0.002057213498,-0.008940361562,-0.01638257557,0.00168707004,-0.02217009642,0.01016379064,0.007217507785
4.987497601,-0.003349029878,0.006406547291,-0.00128579395,-0.006173495181,0.0005138858961,-0.02064859682,0.01031610221,0.008601515719
5.097673344,-0.003021045677,0.004782950082,-0.009303115803,-0.01816717822,0.0004768604886,-0.02265699399,0.00515252908,0.007179224818
4.66348158,-0.001983729836,0.000726779677,-0.004555541326,-0.02075490108,0.001781625315,-0.02537925986,0.01023254555,0.009366604728
-0.8437088146,-3.968547257e-05,0.006468838014,-0.002770830285,-0.01269959899,0.001916470378,-0.02405424044,0.005808058755,0.01004211556
-1.301329836,-0.0007651270771,0.005383244106,-0.01122107523,-0.01713744776,0.003073944851,-0.02187246537,0.01201464572,0.007695021301
-1.208270041,-0.002531101778,0.007290161934,-0.005505821236,-0.01507810799,0.0006907683194,-0.02195651876,0.01163306824,0.01026367784
-1.286890623,-0.000724610427,0.00661510559,-0.004198258237,-0.009780119866,0.001137272324,-0.01878366136,0.00768182455,0.009046173985
-1.235723161,-0.001573118049,0.003252404422,-0.01158354934,-0.01578282085,0.0007500033165,-0.02444212505,0.008139317142,0.009214315399
-1.226687414,0.0001769390173,0.007387655926,-0.005730142326,-0.01160988861,0.002131615072,-0.02010161027,0.005916540995,0.009416029453
-1.206960517,-0.002183216399,0.005053171502,6.274530016e-05,-0.01015193259,0.002625879903,-0.02120368956,0.0133075147,0.007950260211
-1.275403206,0.004487994227,0.01088360968,-0.007215080519,-0.01712456675,0.001112907236,-0.0215799332,0.01080434149,0.008839848009
-1.267571258,0.009139407225,0.02203696099,0.0001851839675,-0.01011754493,0.007928318265,-0.02323471323,0.003654687371,0.009294856081
-1.261849832,0.006738192766,0.02042927323,-0.001314782454,-0.01263545159,0.002312956437,-0.01794473628,0.020018985,0.008978720535
-1.229713424,0.006126243791,0.01108066714,-0.001206466611,-0.01762851124,-0.0004486786371,-0.02462359718,0.003342062192,0.01055543585
-1.295505875,0.006137737451,0.01660507531,-0.002990613971,-0.01464736978,0.003716559246,-0.02050786763,0.01131675518,0.008619693811
-1.24354729,0.00515929963,0.01104020546,-0.003947862704,-0.009382873433,0.001686392868,-0.02216741414,0.006733055576,0.009649845569
-1.298775767,0.005984871318,0.009249636892,-0.007009258132,-0.01862519974,0.002098970983,-0.02087646914,0.01250295483,0.008206056036
-1.251232505,-0.0001551304032,0.0134230904,-0.002943165299,-0.01034851935,0.002951005443,-0.02156375511,0.01342722951,0.008567085827
-1.271198285,-0.001312098793,0.008451698422,-0.008349361335,-0.01859301177,-0.002183316817,-0.02453557706,0.003615588051,0.006800592069
-1.230249175,-0.00268054744,0.005894188119,-0.004793443402,-0.0150235751,-0.0004839108336,-0.02393316934,0.01043539278,0.006667770041
-1.257659205,-0.001531057422,0.005932513747,-0.00415636863,-0.01573588713,-0.0006211543549,-0.02182330822,0.005418447844,0.008119832408
-1.25494847,-0.004978358165,0.002434905747,-0.005504157644,-0.01913007308,0.0007387972596,-0.02355896276,0.008591007173,0.004790489204
-1.240344945,-0.002834640296,0.003146716995,-0.005986530799,-0.01729308217,0.000663858319,-0.02338923081,0.009749781443,0.009113443081
-1.254942219,-0.00414982997,0.009783203445,-0.002472102782,-0.01339418169,-0.0002387492679,-0.02258985526,0.007746437714,0.007837666668
-1.237588765,-0.004583300051,0.006956887716,-0.007937896735,-0.01614614951,0.0007094288811,-0.02372846562,0.01380511448,0.005835052081
-1.273049547,-0.005391903134,0.003342842355,-0.005788222675,-0.01632529706,-0.002041547103,-0.02101912837,0.004211685648,0.006561331454
-1.248632133,-0.002668077092,0.006111156336,-0.006241733035,-0.01228971581,0.0006753065476,-0.02086503383,0.01237313499,0.007706146041
-1.256542563,-0.002404330673,0.001812631371,-0.007792265278,-0.01677670192,-0.001170097973,-0.0241227718,0.00129199124,0.008863127274
-1.250192015,-0.01086370424,-0.002349587791,-0.007270826984,-0.01636611315,-0.0001870804037,-0.02468754868,0.01044470195,0.005854212001
-1.248629548,-0.0126790762,-0.006798250347,-0.005804188386,-0.01555027417,-0.001403908542,-0.02348542548,0.008287835873,0.005665024322
-1.207736485,-0.01140077937,-0.005692745561,-0.01174967739,-0.01944167855,-0.002627781771,-0.02343787322,0.009166704349,0.007858258374
-1.27282983,-0.01211934421,-0.003209050434,-0.008629419536,-0.01534518628,-0.0008328146601,-0.0255017538,0.008915062758,0.007077637437
-1.264278959,-0.01017595993,0.001161764535,-0.003953094736,-0.01317110056,-0.0001911410881,-0.02145921999,0.006890055335,0.007139921426
-1.266696037,-0.01036794783,-0.004595203566,-0.007663814866,-0.01905572459,-0.0002037325779,-0.02543918575,0.008282707663,0.007945355149
-1.267876442,-0.007979806055,-0.000905680022,-0.007598109437,-0.01631225143,0.001564726753,-0.02216679693,0.007560119623,0.007688728477
-1.25859184,-0.005651614857,0.00314746611,-0.004307502453,-0.01254963903,0.0001570231505,-0.02384514041,0.007823687564,0.008775606308
-1.262957115,-0.0046706885,0.004262286455,-0.006159320992,-0.01655757765,0.003141545601,-0.01968609129,0.01332029947,0.007437143611
-1.251720832,-0.004203889693,0.004615705531,-0.006462295663,-0.01721969695,-0.001947234173,-0.02849599747,0.005295400699,0.008323232699
-1.237419598,-0.001119051057,0.009093733743,-0.00451556583,-0.008871133129,0.005435326567,-0.01385334328,0.02009655001,0.007521187214
-1.225498695,0.001083145486,0.003813490506,-0.007159977175,-0.0204414331,-0.0003526296507,-0.01825857254,-0.0007607898613,0.009129288898
-1.257717597,-0.001327289227,0.008479993364,-0.00122399495,-0.01401396521,-0.003866143995,-0.0469877638,0.004568830061,0.01210242436
-1.221522862,0.0002928399285,0.003165304381,-0.013475711,-0.01141423952,0.01108690644,0.004635250405,0.02735320743,0.002425278014
-1.243695029,-0.001592328736,0.003813096538,0.004287024773,-0.01708979489,-0.001260033977,-0.03195990871,-0.008107535852,0.009575159797
-1.255023241,0.0009529581735,0.009960613377,-0.01047190727,-0.01464252496,0.001083966192,-0.02977111693,0.0166218176,0.01397643954
-1.223677575,-0.003092866433,0.007099328909,-0.01162240747,-0.001686323427,0.003081651173,-0.006713430751,0.01003087181,0.00542538826
-1.246530645,-0.001323870231,0.008836158079,-0.002289624316,-0.02261203032,0.002146812672,-0.02937883042,0.01085813072,0.009105650314
-1.23145215,0.00832114981,0.01495842332,0.004148101701,-0.01254785039,0.006622564461,-0.02040579,0.007698865221,0.007587678959
-1.253974292,0.008575368552,0.01766998473,-0.008246671779,-0.01451031813,0.001475755183,-0.02024915667,0.002357383553,0.01076100844
-1.238474404,0.007843855845,0.01627396351,-0.0009624631554,-0.004985224324,0.00518401172,-0.02411179648,0.02102305246,0.009760365563
-1.236214477,0.005169211493,0.01063535729,-2.068285077e-05,-0.02262697675,0.002818026298,-0.0148622261,0.005577134359,0.005902174485
-1.243660953,0.003769587414,0.01603433231,-0.0007198610765,-0.01105624333,0.004376475022,-0.02816462443,0.00632851609,0.008251885013
-1.250662209,0.005249644858,0.01316980376,-0.009477089687,-0.01155094574,0.0001458781553,-0.02009805487,0.0206242858,0.01058584963
-1.240569944,0.00434397466,0.005031201181,-0.0001998792815,-0.01374233374,-0.0005955904705,-0.02145931954,0.0006224100673,0.006973721748
-1.242440976,0.0009479835386,0.01228101389,-0.001884837731,-0.02016109448,0.004398441663,-0.02651711035,0.01367599045,0.007755227713
-1.256937405,-0.0001811212964,0.005520694718,-0.006767568497,-0.01295381159,-0.000929803373,-0.01942938997,0.002381216753,0.006656784229
-1.232549605,-0.003072594641,0.004438808108,-0.009222099739,-0.01388821525,0.0001258641572,-0.02511318375,0.01418672999,0.009326790184
-1.242578633,-0.003079900033,0.006186959847,-0.002253297985,-0.01643539891,0.0007191375891,-0.02430994778,0.008688023367,0.006014501461
-1.233291184,-0.007589940145,0.007348848695,-0.005366592919,-0.01848812253,0.002505004252,-0.01997781408,0.005068234451,0.00453472691
-1.274876574,-0.005278325127,0.006038495809,-0.006716125019,-0.01275803986,-0.0002308271362,-0.0244112582,0.0173890883,0.008485432849
-1.187554004,-0.00346524178,0.001744873434,-0.006380113199,-0.0177849261,-0.002785189552,-0.02153755802,0.00277100948,0.007869891627
-1.243568609,-0.003207641274,0.008771836339,-0.0018608253,-0.01606843114,0.003793417202,-0.0244087433,0.009143202246,0.005245940859
-1.248619618,-0.004819359721,0.002811325543,-0.00764001431,-0.01751183564,0.0006833473356,-0.02349114487,0.008018775218,0.006862367902
-1.261179342,-0.003895842294,0.002730347789,-0.006667270872,-0.01640279795,-0.000719610514,-0.02214957353,0.0115798454,0.007392143651
-1.199724035,-0.005736930526,0.001723440409,-0.005332479572,-0.01378919416,-0.0008905039021,-0.02503530898,0.01093369192,0.007021895096
-1.210798729,-0.01526126049,-0.004606799012,-0.01052534123,-0.01983271983,-0.002197233892,-0.02471674336,0.002780457622,0.005971832924
-1.238915847,-0.01317941647,-0.006116558063,-0.008924351518,-0.01712583939,-0.0003733003488,-0.0226625122,0.01380949224,0.007215552141
-1.223956671,-0.01028590609,-0.006988470039,-0.007484130209,-0.01581150668,-0.001744089544,-0.02241860515,0.003244910237,0.008583267976
-1.178104625,-0.009637512367,-0.002018081685,-0.007511058265,-0.01697885487,0.001991496868,-0.02460236667,0.005960834512,0.007190917904
-1.266642861,-0.008325819754,-0.0001029021144,-0.008265185269,-0.01785330679,-0.002396527032,-0.02342566731,0.01070150345,0.008290841642
-1.113505419,-0.009083452107,-0.001878442472,-0.004181489215,-0.0140290559,-0.0003703784886,-0.02336856048,0.005264714463,0.008369269036
-1.22068841,-0.005902559511,0.002677828988,-0.006865743435,-0.01465433458,0.001907329477,-0.02338759374,0.01322579414,0.006855026645
-1.129576877,-0.005429370024,0.002315337947,-0.006540191218,-0.01351493137,-0.003546328611,-0.02247615532,0.00494706785,0.00969240288
-1.320543193,-0.005352348953,0.005459347921,-0.00507708981,-0.01511959224,0.001616848,-0.02179668403,0.01479590215,0.008745716472
-1.014087931,-0.001601370382,0.005226829677,-0.006590698463,-0.01578282617,0.00461016523,-0.02258665888,0.003488807699,0.006254134373
-1.66791115,-0.0009715200296,0.005431499597,-0.00581363426,-0.01526739132,0.003074884154,-0.0232158337,0.01694907628,0.009760093815
3.101615571,-0.0009308637484,0.005968787588,-0.004352160421,-0.01232069386,-0.004017526806,-0.01821944384,-0.00136041882,0.01002142721
5.507231864,-0.001952304599,0.008364144768,-0.007803957397,-0.01450074389,0.00853953375,-0.02609657088,0.01318368562,0.007459030781
4.851395431,-0.0008704890794,0.003683542903,-0.004780272151,-0.0191838665,-0.0002305427664,-0.02445714051,0.01388404868,0.009139621932
5.188220308,-9.302353117e-06,0.002973996869,-0.004029551055,-0.0144061215,-0.0001214839346,-0.01814839502,0.003697793485,0.008554311827
4.956947182,-0.0004975897984,0.01137030677,-0.006927966201,-0.008747993894,0.004466327237,-0.02395420444,0.0179355955,0.009225375872
5.101471012,-0.001637754684,0.003164702514,-0.006835328132,-0.01601833307,0.0007153302187,-0.02365659392,0.003281914868,0.008210095446
5.053193564,0.004465869418,0.01221106785,-0.0002655495918,-0.01393071956,0.002768155742,-0.01971125268,0.009905850158,0.0101501109
5.09342613,0.01125534926,0.02240406423,-0.003128277772,-0.009294137013,0.00537823391,-0.02158605458,0.01717941455,0.01027106732
5.063038952,0.006832005746,0.01366753202,-0.004332315819,-0.01472338456,0.003045292431,-0.01945043096,-0.001526470631,0.008253226139
5.049912741,0.007780568079,0.01666513986,-0.001070636226,-0.0116250751,0.003811205758,-0.02308170194,0.01834230618,0.009792169798
5.031091927,0.005549659018,0.01360969427,-0.0033544667,-0.013814105,0.0006437505765,-0.02061470042,0.004777983457,0.009778703112
5.031340106,0.003139635059,0.01328656831,-0.00575877791,-0.01542701939,0.005642842378,-0.02069701441,0.01431625068,0.006516161659
5.09109851,0.003932523759,0.01205140986,-0.003145834356,-0.01448041524,0.0009036964211,-0.02324267934,0.007193046138,0.009202955938
4.982361948,0.001241832744,0.01120767799,-0.005423524675,-0.01320630889,0.001470291714,-0.02186922755,0.008669012076,0.007760154558
5.044752083,-0.001180294643,0.006514210496,-0.007427404935,-0.01531050694,0.002407556008,-0.02252550791,0.01083069712,0.006863414143
4.96237003,-0.002056200519,0.003871064912,-0.004899088355,-0.01718945658,-0.0005143747014,-0.02274535557,0.004776135472,0.007626443565
5.152365179,-0.00147437572,0.006829365619,-0.004702055134,-0.01474675736,0.002088557416,-0.02435629776,0.00905828794,0.008163650596
4.491298109,-0.004607478917,0.007473946846,-0.008449070314,-0.0135356888,-0.0006630796583,-0.02221842093,0.007090433593,0.007157476
-0.9777326405,-0.003904629693,0.003308298319,-0.005847018493,-0.01794642336,0.0001364418311,-0.02120708389,0.01130483268,0.007865609989
-1.280080691,-0.002755464752,0.004562208499,-0.003056909851,-0.0150576536,0.001182496042,-0.02280538433,0.007943025105,0.007112265517
-1.240166765,-0.002568908421,0.00638257523,-0.008153095376,-0.01616052986,-0.0007364180501,-0.02010755413,0.005923249577,0.006429087265
-1.234084124,-0.00362102637,0.004674584957,-0.005429906328,-0.01597606157,0.002071815747,-0.02479122943,0.01158042934,0.008444347838
-1.261237552,-0.004810971374,0.00402984209,-0.003753593041,-0.01659941898,0.0007523811328,-0.02160610634,0.01093154643,0.0073501829
-1.23814528,-0.003379899417,0.006845204875,-0.005959056876,-0.01751852988,0.001300299856,-0.02564714974,0.003038191034,0.008259595736
-1.281011227,-0.01217111944,-0.0008503136961,-0.01074413654,-0.01322411443,-0.0004465517292,-0.02300178338,0.008586792674,0.006169028545
-1.23030134,-0.01481109582,-0.008945041072,-0.007411642016,-0.01294382554,-0.005394194665,-0.02232467756,0.01484867821,0.00716506485
-1.293937143,-0.01163239656,-0.006597771951,-0.008958605768,-0.02161237606,0.0005114741867,-0.02467729211,0.002233371938,0.005777931032
-1.220615865,-0.01313206381,-0.001470491673,-0.00942584645,-0.01314396996,0.003304729062,-0.02357874846,0.009385224776,0.004732833138
-1.241991659,-0.009247676393,-0.001674807077,-0.005612927912,-0.01435622929,-0.00279173594,-0.02258966962,0.007397765554,0.008322266741
-1.292683685,-0.009419087975,-0.002599377574,-0.007270787536,-0.01851783072,-0.0009713556835,-0.02246425041,0.009583230947,0.008486144278
-1.315287565,-0.006637876141,0.001378634903,-0.006766539681,-0.01732358803,0.001590963466,-0.0224112301,0.01119641348,0.007415351142
-1.324448846,-0.006287266628,0.003656892991,-0.008408172986,-0.01377175444,8.907849582e-05,-0.02258799974,0.003188340254,0.008004143113
-1.248101027,-0.004075038729,0.002258267589,-0.006922759502,-0.01269732877,0.0005571156962,-0.02314736348,0.01690914189,0.009449256187
-1.24626306,-0.003336442208,0.005116900301,-0.006636308854,-0.01589111038,0.001647419596,-0.02161309282,0.003408767798,0.007766752924
-1.230015419,-0.003653092779,0.006737290452,-0.006960870503,-0.01275353649,0.002465717968,-0.02222227735,0.01467638366,0.007130306499
-1.214786033,0.0004529896577,0.003719453254,-0.007245790603,-0.01511295501,0.002003443636,-0.02383594215,0.009804152952,0.009005444983
-1.231956263,-0.0009732551852,0.008748840747,-0.007091731053,-0.01309335133,0.001633871838,-0.0239820915,0.00486375534,0.007676904011
-1.211637009,-0.002016390264,0.006342353444,-0.004492106251,-0.01295912541,0.00176423792,-0.0208446937,0.016965117,0.009568019825
-1.254936383,-0.001466913939,0.00414490943,-0.00384634731,-0.01749355069,0.001920902882,-0.02254250773,0.0001583807549,0.006607281929
-1.279041754,0.0006485117019,0.006210482289,-0.0055911363,-0.01471571196,0.002732477879,-0.02373841318,0.01275868773,0.009781638978
-1.216196053,-0.001512234468,0.004966092747,-0.006025940387,-0.01137240386,0.001531709467,-0.02021003819,0.008927865839,0.009305080364
-1.212895128,-0.001151708027,0.007072792747,-0.003972608679,-0.01368849092,0.004393132287,-0.02257121926,0.01060196083,0.007034216929
-1.225418579,0.008304613689,0.01649873442,-0.00129592539,-0.01124760558,0.002965191194,-0.02601615637,0.007687988384,0.01176709395
-1.254996578,0.008876016897,0.01845694759,-0.005531287455,-0.007392023761,0.001938752067,-0.01585378616,0.01689022843,0.007881211372
-1.208574858,0.007311857203,0.01455430962,-0.002579813606,-0.01545843575,0.006067502178,-0.02062969886,0.01567323112,0.01014919562
-1.22929228,0.005952563981,0.01617109445,0.001608405843,-0.01957261422,0.004429985237,-0.02768779434,-0.004364191801,0.00806397318
-1.1848257,0.004363412614,0.01583098775,-0.003637952987,-0.01187514597,0.002002356048,-0.0217235164,0.01832824767,0.007512062933
-1.246396109,0.003913563561,0.01014824779,-0.005857155184,-0.01570243054,-0.001791176748,-0.01864338333,0.008862448645,0.008582920512
-1.253359909,0.003467968265,0.01074415739,-0.0005478940473,-0.01735550253,0.001830204676,-0.02441000714,0.009431624173,0.006474967431
-1.252077293,-0.0004364280843,0.009084303865,-0.005260406323,-0.01293085398,0.00189455703,-0.02186138983,0.004731936945,0.008200173364
-1.226473805,-0.001446712997,0.008319603814,-0.01066000916,-0.01116192196,-0.003346137763,-0.02317443944,0.01245355458,0.00825589755
-1.252815904,-0.002258718893,0.00602892659,-0.002866260328,-0.01479362117,0.001035549616,-0.02150752079,0.0158417431,0.006543347001
-1.246340743,-0.003240790486,0.004727868462,-0.004564243102,-0.01972724569,0.000902126132,-0.02472652099,-0.004089796614,0.005126798273
-1.256895665,-0.004313041393,0.006878866054,-0.004678394483,-0.01192378995,0.002355493762,-0.02487916003,0.01150322209,0.00796459694
-1.202768941,-0.003353819403,0.002761934475,-0.007354736212,-0.01390814092,-0.004552593473,-0.0219499565,0.01100240986,0.007715659402
-1.28009203,-0.003403555768,0.005755207067,-0.001864335152,-0.01728969928,0.004600515113,-0.02289066194,0.00959136237,0.00557347458
-1.281904044,-0.004663843578,0.006921052262,-0.009667259361,-0.01989953825,0.004502541456,-0.007415615008,0.006509880049,0.004706639978
-1.249634621,-0.005631575007,0.006062873627,0.0003594596064,-0.01234033742,-0.009357817249,-0.05327222446,4.518210437e-06,0.01386882331
-1.232641832,-0.002907583681,0.005736143932,-0.01556109562,-0.01603184769,0.004895607751,0.0001566831751,0.03382914806,0.002577499277
-1.238621708,-0.005417412157,-0.002017461819,0.001431070807,-0.01974118895,0.001470091491,-0.02376840403,-0.01977630904,0.004248518423
-1.198907394,-0.01556689422,-0.001940485977,-0.01010908975,-0.01851183324,-0.004839605426,-0.04111112401,0.02021260293,0.01233803878
-1.21870745,-0.01142425844,-0.0107976356,-0.01849094806,-0.006388261552,0.0006658263742,-0.009965488439,0.00761047148,0.005390485124
-1.25858338,-0.01353622777,-0.001829663851,-0.005072031758,-0.02225140151,-7.431161355e-05,-0.0291005029,0.01020620179,0.00486083783
-1.229903204,-0.01131829127,-0.004445897527,-0.002051517019,-0.01567909815,0.00250595599,-0.02549128994,0.009383133198,0.005022211911
-1.226995987,-0.008686907434,-0.002755565158,-0.01359050913,-0.01954965817,-0.005118030485,-0.01914215689,0.002847355165,0.008686525736
-1.204352697,-0.005952691987,0.001296491629,-0.004343962887,-0.01164425217,0.0006155378271,-0.0304683243,0.0198934251,0.008733066159
-1.21475138,-0.009427969957,-0.001951596388,-0.002814420464,-0.0224969773,0.001869914234,-0.01455283114,-0.0004811394212,0.005046467741
-1.250816615,-0.005873032863,0.005554517801,-0.004636310185,-0.01417759925,0.00269568528,-0.02512355499,0.004110959467,0.006908559525
-1.286711602,-0.000615436194,0.003759681687,-0.01062025791,-0.007019751266,-0.001398813191,-0.02444989078,0.02056063101,0.01358342366
-1.236131325,-0.003231400677,0.001949764575,-0.006527386892,-0.01661376486,4.246914037e-05,-0.01574648696,-0.0006936802346,0.005999393661
-1.285497449,-0.001673131641,0.01104878429,-0.003711567985,-0.01681159279,0.006489680505,-0.02881602935,0.01683461136,0.00717668674
-1.233796534,-0.001312622511,0.007850055586,-0.006849620807,-0.01168815832,-0.0003266124123,-0.01961886079,0.005963308285,0.008704064831
-1.288482372,-0.0001997642043,0.002740242208,-0.009170985945,-0.01076849857,8.456558515e-05,-0.01886744899,0.01104326055,0.01192492773
-1.22919986,-0.0006472238091,0.005882103464,-0.0002662986674,-0.01403974414,0.00379952319,-0.0315717685,0.009982767944,0.01021935268
-1.243347275,-0.002078408145,0.006531907721,-0.006522518261,-0.0202303351,0.003698453496,-0.01516414039,0.002501491693,0.004077041948
-1.218550453,-0.00197330696,0.007031201233,-0.002748500637,-0.01111619078,0.001916734508,-0.02408840704,0.02092634031,0.01057051277
-1.262569148,-0.0004767327979,0.003594478768,-0.007204906046,-0.01432948001,-0.001544330529,-0.02148720016,0.009025824064,0.01107278712
-1.23731522,0.002505871244,0.01376265106,-0.002984506442,-0.01370858673,0.0047663729,-0.02271818138,0.005532287099,0.005937924066
-1.203683322,0.01051462799,0.02064537642,-0.0006418321909,-0.0107219048,0.004629469211,-0.01999348152,0.01505380746,0.01051880627
-1.250239538,0.006910479315,0.0143131563,-0.00421706755,-0.01157080319,0.002883967311,-0.0157764628,0.008190078181,0.008928286143
-1.235499467,0.009902125582,0.01608020431,-0.003208473848,-0.01569146122,0.002631018174,-0.02736213849,0.01121232736,0.0102303966
-1.222804992,0.004866740619,0.01338922115,-0.001160802033,-0.01404574943,0.002919606532,-0.0233821326,0.001344041523,0.007669063122
-1.249063552,0.003191807986,0.01422012026,-0.003259196219,-0.01324184136,0.002257028267,-0.01532706864,0.01626730615,0.007567868704
-1.262900228,0.004386914404,0.01118415012,-0.006296791864,-0.01599334226,-0.0002802918311,-0.02726920089,0.01247754122,0.01097133299
-1.166219802,0.00172115271,0.009186240252,-0.002115947057,-0.01560495347,0.002057191711,-0.02345906733,0.0076652491,0.007619943886
-1.303770321,-0.00250791033,0.01119872443,-0.008127581073,-0.0157084696,0.001407675857,-0.01947260741,0.006394994401,0.006163045746
-1.11842275,-0.002679087038,0.004778413287,-0.006287591452,-0.01420023783,-0.0003490384154,-0.02570373117,0.009164094498,0.008432839578
-1.339587092,-0.002069922003,0.0035660677,-0.005544700692,-0.01803245725,0.002012791117,-0.02308025245,0.0124378509,0.007081404417
-1.037409103,-0.003136346917,0.00332199353,-0.00591217738,-0.0136583937,-8.151634079e-05,-0.02337885254,-0.001153754944,0.008073080022
-1.568329179,-0.005476847236,0.006926889041,-0.008697165937,-0.01473855127,7.69323035e-05,-0.02427400335,0.01721773205,0.007341169009
3.389755985,-0.002915604387,0.004504193497,-0.003787345626,-0.01265016489,0.001034690562,-0.02117203678,0.005475083647,0.005747243922
5.472318116,-0.001833787551,0.006153280145,-0.004099019527,-0.02013465043,0.003494990358,-0.02327754027,0.01516367827,0.007466642566
4.866551003,-0.003933016301,0.004381264749,-0.00615519888,-0.0146432449,-0.00519002172,-0.02209886221,0.001007810788,0.008266954631
5.179623755,-0.003544549262,0.004221820276,-0.007723354623,-0.01315487086,0.002077700327,-0.02214662293,0.003978562391,0.008188121733
4.970618024,-0.00213561924,0.004050812482,-0.004785489866,-0.01732480598,0.001875594669,-0.02461061803,0.0209369985,0.008413695893
5.067819165,-0.009096605166,-0.006478716865,-0.007197972939,-0.0208588211,-0.00343932966,-0.02231756742,-0.002162425116,0.006649202079
4.989917268,-0.01549782233,-0.001959164218,-0.01157941517,-0.01099531879,0.001297774544,-0.02220634979,0.01295682756,0.006937368754
5.085489691,-0.01209788936,-0.002598073598,-0.009936549249,-0.01376191236,-0.002305348472,-0.02477686377,0.01111382677,0.007186276616
5.001837621,-0.01404891887,-0.007014304393,-0.007981421096,-0.02362770231,-0.001179040541,-0.02214331345,0.004247687261,0.006589116497
5.028419662,-0.009298512711,0.002915255131,-0.006783763727,-0.01062203461,0.001796065307,-0.02405426254,0.0125981884,0.008279595599
5.093949279,-0.009940168096,-0.004520629486,-0.009581662452,-0.01575563894,9.214052601e-05,-0.02345664253,0.001342096169,0.007173685468
5.041094843,-0.00781746143,-0.004503458422,-0.009710686931,-0.01530101877,-0.0003154254989,-0.02240575533,0.01412296754,0.008246837656
5.044122646,-0.006396114617,0.005072918326,-0.001740184652,-0.01360300774,0.002557829116,-0.02416881917,0.00730826689,0.01009581109
5.04633288,-0.006189553515,0.006445204989,-0.007062487878,-0.01795206362,0.003216657813,-0.0222471618,0.01117475506,0.006109126915
5.06924363,-0.003409983658,0.002531539236,-0.008917406297,-0.01755963622,0.0001473770965,-0.02294719604,0.01151813941,0.009582243792
4.99080258,-0.001846359875,0.007010598592,-0.003466018912,-0.01275689858,-0.0006518876191,-0.02225983438,0.006710584522,0.00951209199
5.197280796,-0.001346893943,0.007037415512,-0.005674106891,-0.01252883814,0.002445846729,-0.02174267852,0.009924422286,0.006971125352
4.428501976,-0.0001470723635,0.002184924072,-0.008294728516,-0.0161699535,0.001025293562,-0.02120295735,0.004866851236,0.009883755072
-1.031966887,0.0001205628258,0.006282450784,-0.004609113393,-0.01208238987,0.001951557231,-0.02175520032,0.01739734113,0.009496925286
-1.253099263,-0.002895669876,0.006385833888,-0.005952568059,-0.01460459258,0.0005782014764,-0.02281371478,0.008437567774,0.00813746452
-1.268121946,-0.001437683296,0.008284201504,-0.0046986575,-0.01491603544,0.004877309547,-0.02517493178,0.002400243406,0.007101554661
-1.27342076,-0.002060969563,0.006401613106,-0.004891240068,-0.01174048578,-7.721381802e-05,-0.01847406298,0.01997541202,0.009035690925
-1.248423186,-0.0001179748365,0.004368918642,-0.004550614551,-0.01355951223,0.001386153119,-0.02183040135,0.005387078691,0.009856643528
-1.2316923,0.008899992222,0.01887486522,-0.002944302534,-0.01322613277,0.008085957145,-0.02362168617,0.01015781934,0.007770720563
-1.213661881,0.007267713215,0.01797728845,-0.001421767802,-0.009521380816,0.003587554032,-0.02031247198,0.007504792085,0.008967166784
-1.296955618,0.007450081175,0.01472895986,-0.001570483212,-0.01440071052,0.001237586968,-0.02136114658,0.01473614856,0.009939642705
-1.23970454,0.007352699752,0.01700274513,-0.003021267349,-0.01413336768,0.00398729139,-0.02130785343,0.01068280699,0.007879950904
-1.230229571,0.003157880321,0.01233359917,-0.004152621129,-0.01571565374,0.00353331174,-0.02132210521,0.002924907849,0.007309211647
-1.303753553,0.00379509008,0.01236556445,-0.004857986573,-0.01186083804,0.001227857115,-0.02158680044,0.01483106125,0.008040351337
-1.235219082,0.004476030353,0.01171125809,-0.00425950113,-0.01327984185,0.001775476624,-0.02006276303,0.008044777383,0.008290525968
-1.250335253,0.00100530701,0.006976438002,-0.003833918417,-0.01794188755,0.001684564897,-0.0260041948,0.01082017374,0.006977449985
-1.277630471,-0.001801444701,0.005053752828,-0.007715881354,-0.01573188615,0.001120270173,-0.02321274468,0.007393894085,0.006499223179
-1.236821221,-0.002276442502,0.00811848405,-0.004564321283,-0.01294308115,0.000188589299,-0.02301659225,0.01594867499,0.006970237094
-1.261121512,-0.003037361031,0.004868287684,-0.007230185049,-0.01787575503,0.0004979931884,-0.02031596465,0.001157884918,0.006289229882
-1.192941809,-0.005460014914,0.004408726999,-0.006263896793,-0.01481637123,-0.0004221665766,-0.02693341975,0.005675839634,0.007094405339
-1.220403999,-0.003020778218,0.006158820572,-0.006765056496,-0.01493756747,0.0007030400377,-0.02395349222,0.0147613516,0.007783201925
-1.2431132,-0.003576837815,0.004415316207,-0.006835350574,-0.01530058351,0.0001883703352,-0.01994562755,0.002828433329,0.005518788119
-1.203337232,-0.004899236054,0.008785426212,-0.005128801844,-0.01557198811,0.002033555773,-0.02361127302,0.01385796525,0.00735621129
-1.220416545,-0.0048266101,0.003386981543,-0.004997580905,-0.01359645336,0.001137372778,-0.02559079301,0.009543772543,0.007966003273
-1.230391338,-0.003655553435,0.004365846066,-0.004972724659,-0.0183018145,-0.001339008794,-0.01913140542,0.008754067276,0.007546439627
-1.198103266,-0.006180644014,0.0059638238,-0.005200457152,-0.01329818681,0.001214789797,-0.02355953189,0.006682002871,0.007458744119
-1.225606783,-0.01407149732,-0.006403061497,-0.01127981178,-0.0194667658,-0.00144698134,-0.02585606885,0.007118961167,0.005746212839
-1.229776925,-0.01148257143,-0.007238000484,-0.009828650332,-0.01724640845,-0.003267533168,-0.02439398577,0.01165029811,0.007273093055
-1.218923165,-0.01190280971,-0.005507190235,-0.006420419495,-0.01524891855,-0.001474388878,-0.01992997464,0.006589928523,0.00638366814
-1.281343132,-0.01104578037,-0.001759313772,-0.01122081989,-0.01604303933,0.0009588584088,-0.02744686268,0.01184816225,0.006398795401
-1.229767024,-0.007634207357,-0.002815578608,-0.007320178545,-0.01603047364,-0.001135985325,-0.02045400258,0.008072003413,0.008190961329
-1.231232572,-0.01002667865,0.0001198127522,-0.005373584484,-0.01419874207,0.001784604629,-0.02444227799,0.008444872458,0.007279950231
-1.203411741,-0.007754907838,0.001981814434,-0.009658580483,-0.0144904316,0.001600891696,-0.02285151571,0.01110295334,0.006347788383
-1.258022361,-0.004059899895,0.0006235951413,-0.004863038021,-0.01516794567,-0.001506473574,-0.02484594895,0.003533565698,0.007429816523
-1.269581118,-0.002298028139,0.003878089481,-0.004611073854,-0.01271548191,0.002763560673,-0.0220170129,0.01070495006,0.00777724623
-1.216745923,-0.002878184883,0.005633598858,-0.007893401732,-0.01502612724,8.865109868e-05,-0.02296403602,0.01754994181,0.008673369835
-1.22452572,-0.001212470173,0.004747613235,-0.004839733019,-0.01720754071,0.002354263554,-0.02033377003,0.002656320329,0.007501530443
-1.242647207,-0.001978275881,0.01147449253,-0.005109224283,-0.01138410868,0.003294732045,-0.02593487882,0.01662924828,0.008136662226
-1.259928267,-0.0009317105975,0.002377313326,-0.006818163171,-0.01370258961,-0.001672236267,-0.02017742437,0.006002940573,0.008699513031
-1.275422087,-0.0004941393391,0.006065504853,-0.004931574282,-0.01609908978,0.002508278412,-0.0255803508,0.009894687941,0.008698070438
-1.26315898,0.0009588495208,0.005284818949,-0.005214331169,-0.01230227111,0.002804109274,-0.0191763702,0.01974019829,0.008898998681
-1.2608824,-0.0002702783498,0.0054723818,-0.003393114606,-0.01593897689,-0.001884467545,-0.03226016631,-0.01127048829,0.009921945923
-1.305855413,-0.0011662645,0.007894102843,-0.008154909349,-0.008802628227,0.007640537949,-0.007409755063,0.02916816092,0.005945797872
-1.209141002,0.001766889022,0.00677341159,-0.003501852197,-0.018603926,-0.001935691596,-0.02739148156,0.002143335991,0.01220372202
-1.256104848,0.009771299161,0.01956637991,0.000278946685,-0.01229431725,0.0180838803,-0.03722016588,0.009189338505,0.008836210447
-1.198329184,0.007207883107,0.01652904346,-0.01121972711,-0.008018091844,0.009239556028,0.001562989119,0.02222499524,0.002215222759
-1.251045493,0.008695232202,0.0112195078,0.004131922223,-0.01442987773,-0.0005987993261,-0.03433177449,-0.002055141276,0.01320469207
-1.220430407,0.004607262506,0.01847369339,-0.008373465976,-0.01363717564,0.0091099077,-0.0222943097,0.02255193615,0.01035364845
-1.21069608,0.003823213945,0.0135455888,-0.0003062178949,-0.007533257933,0.007432858787,-0.01279695752,0.002870648727,0.004686806108
-1.198937408,0.001978732856,0.01182675171,-0.003126765065,-0.02182396626,0.003593916742,-0.02891966504,0.01518292393,0.01005708669
-1.253653949,0.002745728485,0.008283937262,-0.001205100286,-0.01074506465,0.003651761628,-0.01674669279,0.01155530252,0.009258627931
-1.195332161,7.980569748e-05,0.009621797299,-0.007218313999,-0.01940767824,0.002304256122,-0.02591942084,-0.00625716234,0.008411714421
-1.21810926,-0.002079504455,0.006769653634,-0.004627193378,-0.01044493583,0.003016488579,-0.02543295867,0.02732376578,0.006279755879
-1.22967629,-0.003012176087,0.002273227167,-0.005520066205,-0.02410929736,0.0007019123762,-0.01773044465,-0.00380559975,0.005415603008
-1.182430453,-0.002248413243,0.01158680869,-0.003548719701,-0.007741413872,0.006113289382,-0.03058067414,0.01595705167,0.006972189159
-1.183155508,-0.002888715926,0.00031757156,-0.01243726727,-0.02188461185,-0.002548718288,-0.01900708235,0.008398508034,0.009389051799
-1.230258517,-0.003780699844,0.005403970877,-0.002808891542,-0.01502505009,0.001976202906,-0.02294794321,0.00381935596,0.006282415876
-1.23651426,-0.003385616558,0.006420388623,-0.005656383975,-0.01594959719,0.005631505582,-0.02135765285,0.02127256129,0.007997187077
-1.239793477,-0.004149521356,0.002779769658,-0.007841579438,-0.01372519066,-0.001391634796,-0.02440332615,-0.01082439723,0.007487170402
-1.230069516,-0.005141431368,0.003043418098,-0.008288468531,-0.01742513318,0.004311534652,-0.0250786575,0.02952865308,0.008494167164
-1.216344611,-0.002585165562,0.005492554408,-0.0001939224135,-0.01223702846,-0.00119144976,-0.01999384631,-0.004086182611,0.006354770772
-1.205464,-0.009680298965,0.003059486834,-0.006702886875,-0.02023688419,0.003997520438,-0.01947399531,0.01650513668,0.00522326035
-1.193988445,-0.01647687757,-0.006002789319,-0.01027254436,-0.01797140292,-0.005459775844,-0.02983986846,0.01035619223,0.009200415357
-1.255370156,-0.01133226097,-0.005291564077,-0.006243305189,-0.01639542603,0.0007222058964,-0.01987527518,-0.003516065835,0.005650184849
-1.229603624,-0.01318143447,-0.002259055924,-0.0062950867,-0.01562172219,0.002299340279,-0.02602106065,0.01932410783,0.006202288311
-1.237090075,-0.01058754939,-0.007669926808,-0.01019646022,-0.02140687387,-0.002274292446,-0.02207459557,-0.002186912415,0.009289062896
-1.261156199,-0.007861721847,0.000197496067,-0.004803482395,-0.01485807319,0.004478827149,-0.02394509293,0.01939313129,0.006878398625
-1.163987118,-0.007963400498,-0.002183542457,-0.01026394293,-0.01449396675,-0.001136819927,-0.02082015278,0.002295857101,0.007630832925
-1.235051662,-0.006045356968,0.002300047263,-0.009574001335,-0.01516036177,0.002472131418,-0.02272627919,0.01018202254,0.008415216879
-1.210547896,-0.004683376474,0.004135875737,-0.003310397317,-0.01219648045,0.0005425422942,-0.02089808926,0.01780486511,0.007673061104
-1.303726609,-0.001421235799,0.003727912008,-0.004018633669,-0.01834441969,0.002290014681,-0.02403094112,-0.004085842495,0.007528605076
-1.133382755,-0.003237876985,0.005412369859,-0.007018680562,-0.01560405298,0.00345734512,-0.02453083618,0.01934386392,0.007293742752
-1.403368083,-0.0004197856165,0.005358738724,-0.003954853796,-0.01141722186,-0.001267463842,-0.01932890799,0.003283880944,0.01048542167
-0.9540196499,-0.001825547888,0.006643578783,-0.003513527909,-0.0136394601,0.006424811787,-0.02427265696,0.0132431043,0.007777326027
-1.772915246,-0.001836147646,0.007291340253,-0.007741510241,-0.01767849804,0.0005436051242,-0.02354935175,0.008309770476,0.009040146363
2.357311348,-0.001786212784,0.008407196317,-0.00335679708,-0.01046226337,-0.0002318170619,-0.02124333793,0.008040672836,0.008714081182
5.569580413,-0.00176265885,0.008039334857,-0.005655617636,-0.01548249538,0.003901668893,-0.02072686131,0.01806423081,0.009307882962
4.808736571,0.001975709045,0.002743483145,-0.005508171774,-0.01699776124,0.001338838,-0.02306281439,-0.004370215794,0.00833827058
5.234790696,0.0001885051769,0.007976366973,-0.005838214767,-0.0117318601,0.004088049994,-0.0206050916,0.02240937108,0.008692825412
4.956524536,0.009583947363,0.01140292425,-0.004555877817,-0.01027448616,-0.0008826802139,-0.02118480436,0.0007922973827,0.01066013624
5.103675621,0.008233670361,0.01848699911,-0.002316485687,-0.01637527046,0.007140118931,-0.02010183968,0.01027406156,0.008300519212
5.005878528,0.008220929237,0.01628632113,0.0003525859312,-0.01181334523,0.004290654379,-0.02563194691,0.01907093856,0.01036398532
5.087925373,0.00894519967,0.01295033849,-0.003540134352,-0.0152252538,-0.00126340457,-0.01892157567,0.003025253113,0.00842098815
4.999290954,0.003868845689,0.01432581552,-0.0031948704,-0.01141943839,0.006061461425,-0.02269307849,0.01491635036,0.008256561282
5.109295308,0.003529970589,0.01222435497,-0.003873095608,-0.01539875491,0.00278827182,-0.02184077378,0.005704898053,0.008314755734
5.06399513,0.001621057365,0.01186929988,-0.001367725879,-0.01255252609,0.0015870491,-0.02230037028,0.009725840442,0.009365901177
5.042285998,-0.000846787284,0.01055324204,-0.003798549281,-0.01546485837,0.001492311687,-0.02209856001,0.01399356126,0.007513816137
5.030655709,-0.004314373424,0.006826341663,-0.005344507931,-0.01786006337,0.001258545936,-0.02476587782,0.002831184597,0.007890343533
5.070796301,-0.0008053538363,0.00532320007,-0.005258207828,-0.01735096353,0.001969497263,-0.02247333588,0.01264651736,0.00774988664
5.046000612,-0.002332715294,0.005777233385,-0.00677282193,-0.01458457952,-0.0008862696836,-0.02340451203,0.005863372237,0.006965802855
5.063272417,-0.003275948641,0.003614306437,-0.008472487806,-0.0174073355,0.002034107781,-0.02162711494,0.01147819761,0.007431369201
4.950518541,-0.001752463394,0.004310147399,-0.004820487333,-0.01508428516,-0.0004276392673,-0.02351981816,0.009614706012,0.007721299348
5.113388899,-0.00412875831,0.006513449468,-0.00658687332,-0.01781700118,0.001330649571,-0.02456566664,0.002196891461,0.007524937091
-0.2272039353,-0.004215815422,0.005176843676,-0.007320870066,-0.01532356535,0.00289154972,-0.02230037252,0.01172082485,0.007111912702
-1.491446836,-0.004117412344,0.003108401558,-0.006665014867,-0.01431628423,-0.002514993381,-0.02073853843,0.01071010487,0.009848669739
-1.108315516,-0.004379432322,0.005094114599,-0.006173215407,-0.01557015247,0.001481138761,-0.02444642592,0.006544941317,0.00707100091
-1.303800632,-0.006135555753,0.008630882023,-0.007848078722,-0.01515066236,0.001194048879,-0.02334730697,0.008135218209,0.006602859629
-1.140936203,-0.01548874361,-0.006036836274,-0.006023027138,-0.01747457673,-0.002884211366,-0.02384476662,0.009120455012,0.008534112168
-1.329128486,-0.01462484241,-0.006967514673,-0.007842140786,-0.02016395594,-0.00132978742,-0.02466793482,0.01031325476,0.007557564503
-1.209930377,-0.01149175499,-0.002517124456,-0.008600938897,-0.01800018304,0.0001036296401,-0.0239189085,0.004695786936,0.007062513249
-1.250003248,-0.01225749301,-0.004820274065,-0.008245116921,-0.01644712363,-0.0007084866462,-0.0227822152,0.007657270151,0.007092708133
-1.232557265,-0.007313378378,-0.001767108557,-0.007874961329,-0.01376142808,0.0005524542577,-0.02248541887,0.01257567194,0.009352082136
-1.292524211,-0.008157875902,-0.001419992052,-0.007319463424,-0.01657345418,-0.0007908381153,-0.02338010692,0.007330814046,0.008548325603
-1.271460262,-0.006485887887,-0.0004133448063,-0.008210410646,-0.01630383779,0.001556043671,-0.02304608373,0.01026891611,0.007781049369
-1.245474519,-0.004299998008,0.002118756684,-0.008790292942,-0.01534043187,0.0003821841945,-0.02271874396,0.009685126816,0.009074109755
-1.267328299,-0.002788991286,0.003531197553,-0.007228818662,-0.01469446022,0.0009838072338,-0.02187628169,0.008760689882,0.007071197568
-1.277928779,-0.002395754083,0.003933619266,-0.006924781668,-0.01463611335,0.002629844842,-0.02266839785,0.008165923975,0.007423049657
-1.231461544,-0.003336200579,0.005857745038,-0.006921155536,-0.01488703333,0.0008163828575,-0.02321440502,0.00826764529,0.009243215767
-1.272415746,-0.001700583616,0.007746172215,-0.004700915333,-0.01287922863,0.001743104509,-0.02124094202,0.0124082461,0.008307195381
-1.250213554,-0.003169924031,0.005639792969,-0.004618399145,-0.01606251093,0.001842055541,-0.02213403211,0.009341888604,0.008684216758
-1.223544927,-0.002037799343,0.006251240658,-0.005190576046,-0.01439123882,0.002074777217,-0.02234994945,0.01070069024,0.007414839635
-1.245914904,-0.0002672100388,0.007597932919,-0.006509715401,-0.01350198526,0.001648808868,-0.02070454475,0.00905224858,0.008491977133
-1.276947511,0.0009509478365,0.007872193463,-0.005966653626,-0.01265639442,0.001552423475,-0.02357973674,0.00910416067,0.007958764655
-1.280612124,-0.002177527024,0.004740665054,-0.005553832236,-0.01574367435,0.001343723542,-0.02241470136,0.0091307286,0.008661836967
-1.276223334,0.002423824044,0.008118434235,-0.003850424851,-0.0130254238,0.00250039696,-0.02254752927,0.01006244501,0.009433484031
-1.214112764,0.01175406025,0.01864423182,-0.00228122693,-0.01059310254,0.003448688052,-0.02017219176,0.01401508315,0.009529748154
-1.27019419,0.009203388576,0.01543618779,-0.003418049532,-0.01429250809,0.003499000993,-0.01965983888,0.01007225529,0.00876241906
-1.268896063,0.007221374278,0.0158104161,-0.003222265196,-0.01388361704,0.004052808216,-0.02275634346,0.009870200752,0.009168181697
-1.264791238,0.006382962812,0.01391399635,-0.002276533023,-0.01198329575,0.002032535128,-0.0214051939,0.007023252649,0.008733687207
-1.18716571,0.003318213608,0.01085657194,-0.003977227188,-0.01506666801,0.001588776271,-0.02192962821,0.01492049193,0.008022871811
-1.285122418,0.003842540426,0.01156466153,-0.001227593437,-0.0154270517,0.003550728196,-0.02347312658,0.008223966481,0.0073577841
-1.264742425,0.001532337948,0.0120587374,-0.004436591992,-0.01421988257,0.002814444967,-0.02121941596,0.005411388946,0.007274686278
-1.251792752,-0.002212705858,0.009846874473,-0.007311597958,-0.01371325882,0.0002555858347,-0.02240451608,0.01446876546,0.007704161165
-1.252304539,-0.001311715335,0.005978062502,-0.005359647412,-0.01599458645,-0.001338034435,-0.02081275147,0.008745220926,0.006986560637
-1.217749006,-0.001916823467,0.007244664303,-0.004337820225,-0.01860990662,0.001922718848,-0.02417510849,0.006149155894,0.006488841501
-1.236134648,-0.003074911827,0.005445388804,-0.007575120829,-0.01508650824,0.001089327638,-0.02371911576,0.00699643918,0.00731992954
-1.243761453,-0.003498678477,0.003612051209,-0.004711584727,-0.01591987073,-0.001644583602,-0.02242893103,0.01111481281,0.008697702128
-1.23898966,-0.001645620465,0.004687445518,-0.004049487323,-0.01716374797,0.001108329362,-0.02238946239,0.00949023804,0.008112295498
-1.270272041,-0.003176998661,0.005838187582,-0.00732279149,-0.0154069296,0.0006778257515,-0.02103666474,0.006577753978,0.007115435133
-1.18576427,-0.002847896964,0.00518356948,-0.006513927629,-0.01358832212,0.0001151816281,-0.02422126918,0.0124045681,0.007361549991
-1.234543262,-0.004715122314,0.002293696567,-0.004854238265,-0.01644313347,-0.000757588672,-0.02111709027,0.006475126308,0.007129978053
-1.236826029,-0.004149389531,0.004289004109,-0.004819385071,-0.01673889261,0.0007170062818,-0.02576469628,0.009840027055,0.007426267915
-1.249429721,-0.008487608048,0.0008521167882,-0.006543266157,-0.0149697622,0.0002070269358,-0.02185310229,0.006891702498,0.006434824487
-1.19482545,-0.01459219407,-0.007572713472,-0.008446872144,-0.01766055862,-0.003087425504,-0.02875441559,0.006089113473,0.006023620692
-1.266486714,-0.01154978917,-0.003133700984,-0.008023131447,-0.01755625361,0.001632952586,-0.01924657723,0.01133462828,0.006114521635
-1.262534539,-0.01339053962,-0.005077721132,-0.01080793386,-0.0166022209,-0.003579087405,-0.01337407534,0.002467256546,0.006296808817
-1.206451711,-0.01054368736,-0.001149935816,-0.003063021989,-0.01641966022,-0.0002501391235,-0.04953682968,0.01461210736,0.01121048704
-1.252116658,-0.007567202129,-0.001853024053,-0.01404570677,-0.0164716357,0.003430522232,-0.004012954241,0.009635630129,0.002599358891
-1.23850182,-0.008122658389,-0.00274326482,-0.001140760769,-0.01387532662,-0.001203803004,-0.02335369153,0.001561834489,0.007696964787
-1.226174647,-0.004726726598,0.003223387612,-0.009794452555,-0.01649386107,-0.001832969165,-0.03281116277,0.02100609739,0.01527813424
-1.244213195,-0.003714784422,0.0003743368847,-0.009080074379,-0.01172509745,0.002680245625,-0.01046187188,-0.00116816219,0.003710276543
-1.215082,-0.004352211817,0.008653971199,-0.002618019776,-0.0163888868,0.002815818038,-0.03036237709,0.01557744468,0.007213187768
-1.217876798,-0.003072163757,0.0006639672483,-0.006464779857,-0.01577459685,7.335899393e-05,-0.02031647419,0.009673234059,0.00875393568
-1.235923237,-0.001912374976,0.004843626215,-0.006403470822,-0.01857870512,0.0008867219123,-0.02107065991,0.004177767659,0.009558274215
-1.202458055,0.0004379811742,0.008668992594,-0.0006759985447,-0.007518212034,0.003501637804,-0.02727238993,0.01693295158,0.01017407978
-1.249807793,-0.004959716796,0.004326500096,-0.006958889936,-0.01859819148,0.0009326014894,-0.01597340079,0.006599780439,0.006272358744
-1.210288831,-0.0007922928862,0.00968512949,-0.004019835232,-0.01476071814,0.003572584109,-0.02641509703,0.009003598347,0.008291916443
-1.193647571,-0.0001681955848,0.005814503738,-0.006250525215,-0.01134138746,-0.001857804461,-0.01960935598,0.01114992697,0.01037402074
-1.245486841,-0.002559822461,0.002975930518,-0.007117018078,-0.01565779162,0.001399727699,-0.02137694272,0.009614253817,0.005943193161
-1.258797645,-0.0005579301733,0.007879319273,-0.005423121023,-0.01587618815,0.005406612737,-0.02429666234,0.01551990368,0.009343556782
-1.267992981,0.005524595405,0.01546638275,-0.001230301506,-0.01001064618,0.00210608005,-0.01993139965,-0.001539922114,0.009144042504
-1.22323908,0.01010459521,0.01844226483,-0.005998436515,-0.01120047874,0.004245883254,-0.02511435253,0.02082749706,0.01101790355
-1.234731542,0.008282864905,0.01362693937,-0.002651146308,-0.01547358948,-7.696170201e-05,-0.01985795711,0.01058137782,0.008730458028
-1.196391568,0.008294590952,0.01651923707,0.001559923025,-0.01460029544,0.005869354392,-0.01628394031,0.005020326591,0.007194381137
-1.241509483,0.002675232193,0.01463816006,-0.00620899263,-0.01243093635,0.00411062,-0.02969848743,0.01616011832,0.01137691658
-1.195496269,0.005039639946,0.008739849656,-0.005379916349,-0.01900117931,-0.001318754334,-0.01800834674,0.00535651271,0.008960731866
-1.220744586,0.003372215671,0.01415433868,0.001301093626,-0.01033945711,0.002722220904,-0.01819137637,0.01121520741,0.005839715329
-1.202516158,-0.00101071377,0.008829417895,-0.005032987449,-0.01685929968,0.002130481033,-0.02699402367,0.009152544048,0.008279642739
-1.254428828,-0.001707495168,0.005708535088,-0.008512644013,-0.01901625741,-0.0007531789449,-0.02125122929,0.002856642005,0.006141938272
-1.202727095,0.000628570981,0.006682284242,-0.004480493039,-0.01041616705,-4.275479788e-05,-0.02402467663,0.01425643244,0.009111606461
-1.249841363,-0.004563987776,0.006885590324,-0.00582349248,-0.01632733038,-8.529756122e-05,-0.02296404135,0.007057090007,0.007120762403
-1.095235527,-0.005054388547,0.003138505612,-0.007538848145,-0.01836762558,0.002266093587,-0.02171332074,0.007944858613,0.006812443846
-1.400570581,-0.002535323257,0.005763270946,-0.004520053111,-0.01365826261,0.0002009284227,-0.02436700904,0.01368610188,0.009499258938
-0.9569771503,-0.003852427961,0.005921012259,-0.006096381686,-0.01655504351,7.140468576e-05,-0.02183030549,0.005592021518,0.006621018057
-1.760533212,-0.003678532735,0.004019049084,-0.006917215412,-0.0174575323,0.001285693469,-0.02327071269,0.01188497084,0.00764345354
1.649261928,-0.003809299505,0.004817350667,-0.004149807537,-0.01547967239,-0.001728596279,-0.02180980761,0.008574836704,0.008629808436
5.612916803,-0.003842676602,0.005699718817,-0.006272985692,-0.01614025798,0.0004894667262,-0.02303281632,0.009732848169,0.007791007993
4.737546068,-0.003110457996,0.005314965571,-0.006980695023,-0.01734774849,0.000857064776,-0.02417668182,0.00593407862,0.007878030815
5.207603794,-0.01371876818,-0.004471440179,-0.006873723529,-0.01849502376,-0.002699693479,-0.02187010474,0.008639247526,0.006381260643
4.902740708,-0.01368182573,-0.009116704432,-0.007035947571,-0.01686983576,-0.003259674901,-0.02410643482,0.007873772843,0.00805808849
5.143347254,-0.01061445898,-0.003764948522,-0.01015802361,-0.0147610989,-0.001159293602,-0.02201669339,0.01390514473,0.007252208118
5.029440019,-0.01307599374,-0.006084339916,-0.00953876426,-0.01517921948,-0.001433961712,-0.02343610555,0.002558671516,0.007525634062
5.087233753,-0.008760567765,0.0009400562308,-0.006781186732,-0.0149968198,0.001981693554,-0.02870849337,0.002032465916,0.009291832199
5.059800721,-0.008451589614,-0.001101505269,-0.008310898162,-0.01298495939,-0.0004856370782,-0.02020715656,0.01835059869,0.007780519039
5.109216089,-0.006817238208,-0.005774479043,-0.007221643821,-0.0201745225,-0.002040607475,-0.02166342072,0.004765286491,0.009000573954
5.054583266,-0.003766956675,0.005063362479,-0.006002404815,-0.01643546668,0.004112433981,-0.02667416269,0.005588644024,0.007170918066
5.062945606,-0.004767801492,0.006726824149,-0.008719855242,-0.01047109876,0.002634222575,-0.02034858794,0.01338353903,0.008302382442
5.035831726,-0.002798181057,0.0002157933827,-0.006810557544,-0.01469292529,-0.001755860553,-0.02256498011,0.00799313383,0.009875135936
5.086373483,-0.001747591651,0.007206469163,-0.005996075103,-0.01561551119,0.002431415985,-0.02048002262,0.02489049188,0.008671989732
4.994521684,0.0005500475583,0.004412925314,-0.003914423444,-0.0173474045,0.002342990732,-0.0239473555,-0.007571480452,0.007834732592
5.130075372,-0.002438854809,0.009642437441,-0.005919677739,-0.009181475837,0.003732816407,-0.02503412818,0.01264840434,0.007537485935
4.881979696,-0.0008918938922,0.002035227443,-0.005936260048,-0.01342431366,-0.003398075848,-0.01695252638,0.01492612297,0.01149399306
5.297039481,-0.001161908125,0.001558732404,-0.003337408526,-0.01867339125,0.003194255704,-0.02255744237,0.003059895603,0.007185466865
0.141760123,-0.0005503355031,0.009966900058,-0.005415439762,-0.01261540709,0.006029605572,-0.02567276286,0.01574867811,0.007977576722
-1.568668549,-0.002043499386,0.004721379685,-0.006910489083,-0.01386382473,-0.0005257686452,-0.01999775437,0.004060885583,0.008072073167
-1.03245466,0.002754710268,0.008728460394,-0.003378371183,-0.01373979017,0.00123434466,-0.02298907372,0.02162773991,0.01033206538
-1.367074673,0.01019165057,0.01805287417,-0.001355581596,-0.01393887881,0.005827074177,-0.02017124813,0.002785237566,0.01008543844
-1.181953464,0.008067542053,0.01591446631,-0.008198895825,-0.01189667906,0.00447681912,-0.01817893812,0.0005100545809,0.006743517217
-1.271384849,0.01010625659,0.0150215622,-0.0008452635469,-0.005712203644,0.0003562919309,-0.02819951839,0.02181643667,0.01319220873
-1.24787501,0.006966146727,0.0128899043,-0.004074621584,-0.01611543515,0.003270896712,-0.0185417419,0.005072143468,0.008131679661
-1.275005737,0.001961887895,0.014409559,-0.00289147612,-0.01583441052,0.005509670812,-0.02318065661,0.01817301174,0.006293662409
-1.304680828,0.003967118873,0.01406266176,-0.005288737898,-0.01440107693,-0.002110645127,-0.02656124815,0.004659239193,0.0114429641
-1.271141064,0.001761318887,0.01172127876,-0.002603094453,-0.01212950591,0.002131796764,-0.02069748492,0.0156977647,0.008702556308
-1.241768415,0.002119911693,0.003412585388,-0.00590553818,-0.01987267735,0.0005453875875,-0.01793185875,-0.001468232254,0.007236453895
-1.232399199,-0.001449654046,0.006370196216,-0.001588435999,-0.01271934728,0.0001011234824,-0.02751185696,0.00739868652,0.006841916592
-1.282309485,-0.0001441910422,0.003613942626,-0.009971298844,-0.01557913424,-0.0006162450596,-0.02154315977,0.01596287858,0.008602373858
-1.245663757,-0.003824823111,0.004794100391,-0.00559042544,-0.01443845748,-0.0002165675387,-0.02309736327,0.001252973639,0.005667326425
-1.224339262,-0.005650203108,0.006361738121,-0.004280830221,-0.01672045488,0.001257043684,-0.02368007411,0.02192442635,0.007735189299
-1.292368601,-0.002808103511,0.002634818711,-0.007962951928,-0.01578835829,-0.001942352677,-0.0199414625,0.0007749899964,0.006933615806
-1.25243462,-0.00305280445,0.00759243235,-0.007319946181,-0.01413003751,0.001409391789,-0.02363641432,0.01329967265,0.008842563998
-1.19875484,-0.004417420243,0.005805703347,-0.003791510419,-0.01318823781,0.00121807216,-0.02607342835,0.0007785482698,0.007436337625
-1.267953235,-0.005417201924,0.002439381972,-0.01115500433,-0.02194206768,0.0001070945598,-0.02112794706,0.007937380832,0.006681249615
-1.212689344,-0.002046341153,0.004690521232,-0.005398086001,-0.009381359358,0.00124910173,-0.02312702359,0.01828139011,0.008931378098
-1.29695573,-0.007922140573,0.003618789012,-0.007819181956,-0.01371898819,-0.000103409947,-0.02059328624,0.004380624626,0.006858694989
-1.183070918,-0.01607829573,-0.004111698595,-0.00931967532,-0.02019705882,-0.002203947749,-0.02671128317,0.008676938591,0.006394523813
-1.273687448,-0.01159818687,-0.002486536932,-0.008626382739,-0.01790610127,-0.00281878555,-0.02329985873,0.009580110807,0.007531926336
-1.213156007,-0.01165968885,-0.007635547297,-0.006800054797,-0.01727497071,0.0006680667954,-0.02282489708,0.008553938647,0.006683214838
-1.217811551,-0.00929115673,-0.005582047492,-0.008001779909,-0.01832110212,-0.004136235094,-0.023422608,0.006464344953,0.008557188755
-1.212776029,-0.007031135513,-0.001331213903,-0.004766734437,-0.0147345011,0.004130300963,-0.03119071,0.004837113198,0.008678538184
-1.27389886,-0.009736218537,0.0005525201912,-0.01195415145,-0.01589225842,-0.0005693509759,-0.01692100958,0.003402371602,0.005732094902
-1.264118126,-0.00659363783,0.0002546992926,-0.006905103472,-0.00914823029,-0.007277165765,-0.01745561995,0.02199960684,0.01048033181
-1.245481727,-0.004607829325,0.001431481789,-0.003575087452,-0.0199178169,0.004853436879,-0.02826533125,0.01168061643,0.008222465795
-1.239780728,-0.003716541709,0.01039324469,-0.007182126335,-0.01663173472,0.002414541044,-0.02420805223,-0.008880183783,0.004284299046
-1.249600407,-0.003662832472,0.004060283718,-0.004480711959,-0.007155131781,-0.003072492227,-0.0229057682,0.02042877685,0.01066383377
-1.260535232,-0.002454133496,0.004122091605,-0.004836888332,-0.01853198518,0.0018414179,-0.02296450199,0.01761890689,0.008023355107
-1.258632626,-0.0001835648255,0.00677842602,-0.004242304531,-0.01943239007,0.005886498658,-0.02169804666,-0.00986978708,0.008139482045
-1.2531561,-0.004362608555,0.01042216664,-0.005425370393,-0.006069009188,0.002475910311,-0.0253187765,0.01923848988,0.00901422636
-1.245468907,6.387221314e-05,0.004047036582,-0.01075589291,-0.01327740007,-0.003748849142,-0.01954768048,0.009744347832,0.009957201837
-1.23751141,0.0004333375374,0.006154962308,-0.002973568971,-0.01852114093,0.004987778467,-0.02136932193,0.0125105016,0.007239047347
-1.236112354,-0.001422664987,0.007324728754,-0.002878377446,-0.01421210194,0.002852783526,-0.0231984846,0.008216656401,0.007729791528
-1.251306531,-0.00313636169,0.004408186173,-0.01045892907,-0.01124529816,3.624738514e-05,-0.02347135415,0.008471270388,0.009264424324
-1.262795861,0.00820602729,0.01291116201,-0.004554490133,-0.01217100956,0.003368608016,-0.02120571688,0.01462342148,0.00965193409
-1.203122929,0.0111917167,0.01579456453,0.003088539391,-0.01499658331,0.003755254632,-0.02141528025,0.003485004104,0.007637223444
-1.206482494,0.006876959467,0.01421793361,-0.002587847241,-0.0156191951,0.00263064279,-0.02272690447,0.0130107951,0.009505153425
-1.228677688,0.01007852273,0.01512432922,-0.005410833218,-0.009767327869,0.001621077581,-0.02031310753,0.01350612528,0.008781966638
-1.206264324,0.004829765507,0.01421305337,-4.138170384e-05,-0.01365697599,0.003279151121,-0.02336808438,0.005235882579,0.007406192491
-1.226333734,0.003109642609,0.01232354809,-0.003784405171,-0.0186280484,0.005200788261,-0.01802929955,0.01386787603,0.005998520134
-1.22009726,0.003291606551,0.01215851829,-0.003612596639,-0.01153968105,-0.002620654583,-0.01831171931,0.005555621719,0.00913834204
-1.171032594,0.0007500267235,0.0108972659,-0.002862097641,-0.01162984651,0.005203547647,-0.03421914579,0.01689156761,0.01089477387
-1.254267912,-0.002680168374,0.006995810319,-0.01170611995,-0.01996015218,0.002407757183,-0.01408300496,-0.002490183221,0.003827503761
-1.250019261,-0.003181164196,0.00868727319,0.0001020831734,-0.01554202293,-0.0005443433429,-0.02784553715,0.01371592428,0.007365795093
-1.256383826,-0.001062536223,0.005515961368,-0.009250869808,-0.01597988654,-0.001262372257,-0.02255908797,0.01502995379,0.009669038816
-1.227191293,-0.002811620093,0.003735435251,-0.008616728749,-0.01554669758,-0.0005806825618,-0.01955913811,-0.0009717735479,0.005637075939
-1.226152357,-0.003031393064,0.007213664026,4.210197621e-05,-0.01648687761,0.002303171988,-0.03067835586,0.01588985115,0.007374503082
-1.270745022,-0.003155860917,0.002266155934,-0.006925738113,-0.01858707835,-0.0008210556735,-0.01985365477,0.006792090365,0.006378823906
-1.210794975,-0.003428748381,0.002310102805,-0.005646839451,-0.01659896191,0.0007954023378,-0.0206897007,0.01091705677,0.008876836715
-1.247533277,-0.005038486407,0.005694178847,-0.002526434257,-0.01172382266,-0.001313390873,-0.0294381606,0.01166422475,0.008957420654
-1.234467254,-0.004055282024,0.003093777481,-0.008126621494,-0.02096865425,0.001199653324,-0.01883226604,-0.001446112197,0.004856304306
-1.190793647,-0.003988494072,0.01049659667,-0.005542837489,-0.01408363592,0.001365484608,-0.02144042841,0.01725951302,0.008235126166
-1.246289861,-0.01058511153,-0.007215226708,-0.00749889762,-0.01583076676,-0.0046316588,-0.02508949915,0.01012440268,0.009392994196
-1.192376875,-0.01459959988,-0.007098644604,-0.01174667173,-0.02070694457,0.001027434266,-0.02550157195,0.001445884281,0.004364506596
-1.220992308,-0.01074108026,0.0001165911474,-0.007956544023,-0.01222742993,0.0008752468012,-0.02235388606,0.01217647653,0.007110015164
-1.19517606,-0.01329429542,-0.00634637811,-0.008173189924,-0.01839057347,-0.002590008849,-0.0232051976,0.009033928274,0.008523734358
-1.2133596,-0.007101699948,-0.001158492949,-0.008473768214,-0.01764368539,0.0007646626663,-0.02324818935,0.01106838733,0.009348855945
-1.225512268,-0.009062081463,0.001206979404,-0.005310779795,-0.0141963269,-0.0004070228064,-0.03103238155,0.009055039029,0.008111529308
-1.260120346,-0.008901222442,0.0004576349613,-0.008408936711,-0.01123926689,-0.0004367972209,0.005209481847,-0.002428839298,0.005411171865
-1.206425197,-0.004932791111,0.003434455004,-0.004187333803,-0.01586396284,0.002994097625,-0.009296520169,0.02533006583,0.01167397765
-1.210224479,-0.003941598756,0.0005041170154,-0.006527603,-0.022538375,-0.0004965828562,-0.01929058835,0.0005220889821,0.008240481549
-1.243297872,-0.005081154332,0.005401811219,-0.004070172423,-0.007924586139,0.002344664392,-0.002717615158,0.003617363816,0.00477513827
-1.184567025,-0.003642544245,0.006744249866,-0.007973926387,-0.01229039544,-0.001091444928,-0.02242089116,0.02464801109,0.01115073249
-1.291061799,-0.0003787172866,0.002490139069,-0.007201338779,-0.02207497021,0.003618574953,-0.01272705029,-0.001569371407,0.008011758187
-1.114050064,-5.25943558e-05,0.00797066442,0.0003593536254,-0.01448362067,0.003158949105,-0.0144000853,0.01030958303,0.006764980124
-1.401565733,-0.002646787521,0.009105663704,-0.009001919096,-0.00813213547,-0.0002045208857,-0.02051796644,0.01708354303,0.01064321018
-0.9355711596,-0.0007838829768,0.001189218049,-0.009377673988,-0.01890068226,0.001350213397,-0.009399672534,0.004933336099,0.007242569175
-1.755405159,0.0008159492065,0.01044947467,-0.000323884412,-0.01223114223,0.00596663252,-0.02321152257,0.007527605884,0.009631134293
1.335613488,-0.002719262377,0.007803197689,-0.006298238089,-0.01217874029,-0.0003020857183,-0.01609453277,0.01108333904,0.009892014191
5.60017782,-0.001986645006,0.006180563186,-0.009886785266,-0.01452683501,0.002735379023,-0.0148611028,0.01158507961,0.00774012195
4.774120077,0.01076959588,0.01776272198,0.002437571123,-0.01224439001,0.006585140989,-0.01980015884,0.001030406835,0.01142481311
5.197276585,0.007374624781,0.01986669575,-0.003119339618,-0.009805491386,0.00310812721,-0.01775233484,0.01450230932,0.007957032364
4.916128403,0.007442652361,0.01042727231,-0.006434261468,-0.01290280243,-0.0008106568939,-0.01452588029,0.01141455864,0.009358748154
5.090212426,0.007927295489,0.0159262667,0.0009252640696,-0.01481580716,0.004748372065,-0.01991279122,0.01459769213,0.008955526799
5.011875676,0.003298248759,0.01294925755,-0.000891934796,-0.01466727561,0.004578853565,-0.01901045384,0.001960939831,0.007148838292
5.074634926,0.003627807248,0.01482149075,-0.005380628836,-0.01639873744,0.001623944792,-0.01815015904,0.0164885347,0.009975250021
5.040955012,0.003240966844,0.008540417496,-0.003138661793,-0.01523550464,-0.000236499568,-0.01669010486,0.01157197324,0.008365574671
5.113424586,0.0009351719614,0.005215842385,-0.003760184361,-0.01595469655,0.004968045485,-0.02252444651,0.0002894490606,0.00769861316
5.068514187,-0.0007873029331,0.008773918137,-0.006466175284,-0.01279090867,0.001314157608,-0.02089319436,0.01046148166,0.007327036453
5.047879319,-0.0003493203068,0.005316280342,-0.006578050965,-0.01570464255,-0.0006078601059,-0.01858232325,0.00796828421,0.008877349292
4.990568577,-0.002884561418,0.001475675633,-0.006139612008,-0.0209647761,0.002756130461,-0.01926234579,0.007403717034,0.006580311174
5.089072575,-0.004519017006,0.00550311686,-0.006720865893,-0.01411721911,-3.741970772e-05,-0.02012956189,0.01238028128,0.007712769058
4.971293394,-0.003704757898,0.00584039944,-0.004617927373,-0.01426922905,-0.0007037667663,-0.01842635856,0.003787770996,0.008317820623
5.143243823,-0.004051752648,0.008117463563,-0.005797342713,-0.01534186143,0.0006774806422,-0.02192626209,0.01477359412,0.008013180932
4.840263219,-0.003267249952,0.003719559205,-0.003879964138,-0.018638875,0.0004139709357,-0.02308568258,0.002236493894,0.007898123281
5.422436451,-0.004504915919,0.004910397499,-0.005636189461,-0.0154819415,0.0013847896,-0.02089505652,0.01664382449,0.007956022803
0.7672672071,-0.003282530956,0.003558836033,-0.003926579366,-0.01330303229,0.0004128616126,-0.0194834653,0.00658864342,0.008809014336
-1.692590944,-0.007197897116,0.001852724219,-0.008052161563,-0.01746042373,0.002043499944,-0.02204082908,0.002796010604,0.006979245803
-1.003194359,-0.01432459972,-0.007967325329,-0.009448363383,-0.01603747458,-0.002879024844,-0.02345969945,0.01284710116,0.007319806492
-1.405493993,-0.01298729165,-0.005712285999,-0.009208300859,-0.01782906715,-0.003693448649,-0.02062402018,0.004539576146,0.00772013394
-1.155819456,-0.01198154569,-0.004046602896,-0.0107852969,-0.01544896909,-0.0006206525309,-0.02522629256,0.01015307576,0.007174395652
-1.296572964,-0.01032538874,-0.004041284928,-0.008180304057,-0.01655032268,-0.002382943378,-0.02207664007,0.001343074774,0.007387274157
-1.217643674,-0.009269349338,-0.0009418546118,-0.009346938524,-0.01603867332,-0.0003849369415,-0.02083046064,0.01406659904,0.008171577285
-1.299260663,-0.009907252586,-0.002931281329,-0.008747945086,-0.01778325516,0.0009924041802,-0.02144833504,0.01646688335,0.007873662755
-1.268571074,-0.006714081603,0.0003330510616,-0.00487224843,-0.01622066867,0.001869135474,-0.02054813781,-0.0006296665098,0.006243434504
-1.311802089,-0.005262577106,0.007661972837,-0.005636688344,-0.01184127377,0.002106426895,-0.02442658986,0.01418994688,0.007711527386
-1.268419598,-0.003898311097,0.002893893514,-0.005559243013,-0.01410147118,-6.050746196e-05,-0.02074169403,0.006440421382,0.009553380265
-1.2612745,-0.003366082462,0.003431056593,-0.002799168279,-0.0173682424,0.002230325671,-0.02171377834,0.01070023524,0.007959783633
-1.243410597,0.0001297789638,0.004975670605,-0.005878125835,-0.01379417053,0.002263641971,-0.02387332346,0.005596001886,0.008080602074
-1.234635691,-0.0006457945999,0.006839568902,-0.009476637824,-0.01074425281,0.0007829128692,-0.02105350557,0.01035619763,0.008876123182
-1.257334565,-0.0007615840315,0.005299438714,-0.004525439111,-0.01372626448,0.0003931912166,-0.02222383609,0.01377748038,0.008730376963
-1.283003449,-0.0007832538429,0.005210466606,-0.004595105207,-0.01767318856,0.00097447159,-0.02292894243,0.007697092153,0.008619403744
-1.222198376,-0.0008698758756,0.005817390639,-0.008318511242,-0.01316858313,0.003490389093,-0.02216869995,0.01207342989,0.009682691962
-1.228630529,-0.000479117081,0.007274771056,-0.007559808736,-0.0115315768,0.001157932413,-0.02068202122,0.008324253515,0.00939890639
-1.28137898,-0.001140932639,0.003548678836,-0.00622381145,-0.01591372876,0.001940207102,-0.02136987033,0.007700060811,0.008350266575
-1.244405579,0.003747134027,0.0104291902,-0.003151619445,-0.01220333404,0.003271161945,-0.02146389007,0.008464228853,0.01062499455
-1.297620247,0.009201296891,0.02065283686,-0.001374405736,-0.007539654542,0.003538489164,-0.02023754372,0.01290522339,0.009021408265
-1.236963612,0.006879053455,0.01611156925,-0.003254067913,-0.01391578462,0.002162905431,-0.02142431887,0.01469500602,0.008203103429
-1.24049705,0.008166902378,0.01865825482,-0.0007551383734,-0.01489091008,0.005612489947,-0.02414111074,-0.001497008202,0.009103538447
-1.23248148,0.003617265722,0.01781840695,-0.003498941143,-0.009280741372,0.004112084701,-0.01840407461,0.01911039097,0.008374507225
-1.245484337,0.003847843649,0.00702581368,-0.004148510568,-0.01675355338,-0.003092849828,-0.02059428912,0.006878155794,0.01003438016
-1.2627487,0.004906226943,0.01206519816,-0.002858643933,-0.01632304786,0.006982772268,-0.02444934774,0.006455188654,0.007352926946
-1.288864019,0.002099766168,0.01340280643,-0.006997453626,-0.01139224439,0.0004216897873,-0.01995616571,0.009636300201,0.007646420641
-1.20537044,-0.0005635553954,0.003224288045,-0.006344698945,-0.01822534793,-0.0003308897105,-0.02195594035,0.017668634,0.008187133974
-1.219604876,-0.002226602493,0.005958413989,-0.004510580262,-0.02170585643,0.002724869507,-0.02714369591,0.0005283774488,0.008280364498
-1.247503177,-0.0005026244289,0.0108690435,-0.008157254264,-0.008183180986,-0.005552558421,-0.01925887756,-0.001644219981,0.006081134824
-1.239164606,-0.005450741118,-0.003247102509,-0.006287232672,-0.01627204423,0.001349367605,-0.01892253411,0.0288663725,0.0066095951
-1.208027007,-0.002587409955,0.004029573592,-0.002233140528,-0.02476869141,0.0003534953665,-0.02835564657,-0.006086763997,0.005856723313
-1.236050995,-0.003642865452,0.009399613307,-0.004655550974,-0.01076372886,0.003201644519,-0.02553142846,0.008326489523,0.007541382062
-1.220343567,-0.006344458296,0.004498391873,-0.008340261279,-0.008054172588,-0.001204138684,-0.02060497498,0.02232990542,0.007305591014
-1.261736746,-0.002749293491,0.004450244384,-0.004723274904,-0.02546881956,-0.001744037247,-0.02142626881,-0.001425567845,0.008142654431
-1.216305647,-0.004066219218,0.008489575471,-0.0008353317954,-0.01621005128,0.004094217245,-0.02602327116,0.01395391449,0.007946595785
-1.238006872,-0.004104220255,0.005191702963,-0.01223556717,-0.01206829496,-0.003879218658,-0.02193926923,-0.001527467404,0.007174313495
-1.269633295,-0.01154425686,-0.003472939813,-0.009623027613,-0.01556245636,-0.001414038004,-0.02318378686,0.01671513504,0.008782621059
-1.21687578,-0.01426186759,-0.008490883741,-0.005975670914,-0.02164872715,-0.0001089072678,-0.02170058608,0.008164115375,0.005860423817
-1.298999356,-0.0126443444,-0.003670596449,-0.008283214657,-0.01590947973,0.00112301614,-0.02558181423,0.004198508664,0.005906792651
-1.248891716,-0.0128520551,-0.004825447196,-0.01101310396,-0.01517212862,-0.001203391615,-0.02410210344,0.01696994471,0.007258880237
-1.175837993,-0.007979414455,-0.0001611722707,-0.007305012595,-0.01378784171,-0.003237747879,-0.02164599166,0.001181548541,0.009219541246
-1.244446146,-0.0100652886,-5.054726974e-06,-0.004358055195,-0.01816420547,0.004768989813,-0.0254208911,0.01112281343,0.007159528076
-1.197974336,-0.009287772176,-0.003325847784,-0.007272646046,-0.01697137447,-0.002307679809,-0.02301470844,0.004234004127,0.006293845718
-1.280884595,-0.005079710284,0.00120649389,-0.004925926745,-0.01148133638,7.37151197e-05,-0.02530861247,0.01181939571,0.009017645348
-1.188042052,-0.004469586564,0.00692276256,-0.006460511922,-0.01616174391,0.003121062354,-0.01966758869,0.01405592293,0.007391070116
-1.242998851,-0.004660695484,0.006131020809,-0.007423523078,-0.01730294186,0.0003965081677,-0.0194441853,0.001236607826,0.006914870724
-1.228849612,-0.002846315584,0.006547340727,-0.00340249028,-0.01326874771,0.00223680441,-0.03112438516,0.02516096372,0.009920503562
-1.254192734,0.000124132649,0.004576313956,-0.008617587454,-0.01462163826,0.002629293356,-0.01411000922,-0.00212842564,0.006406015694
-1.200993784,-0.0005642655512,0.007461560139,-0.004230804879,-0.01503614366,0.001658608038,-0.02476856373,0.01274466621,0.007868718443
-1.222841673,-3.327699395e-06,0.004549261622,-0.004996954351,-0.01569635234,-0.000174151133,-0.02530952894,0.01297112278,0.0100332898
-1.239046749,0.0001578960528,0.005482369375,-0.00646352705,-0.01419585002,0.002213895197,-0.01890564073,0.004086700907,0.006842020011
-1.234556637,-0.001335086604,0.007473502418,-0.005652490239,-0.01242077368,0.003331858942,-0.02454924577,0.01601386531,0.008753694071
-1.241667059,-0.002537100657,0.004893294107,-0.006716972701,-0.0127577182,9.621795962e-05,-0.02062635031,0.004331650753,0.008054236094
-1.238111154,0.0006408091883,0.007546134929,-0.005414276741,-0.01518507214,0.001599270898,-0.02181159533,0.01772223352,0.008829866236
-1.238410212,0.008583279995,0.0157778205,-0.0022472368,-0.01345175478,0.004949604501,-0.02290081752,0.005572280584,0.009019170589
-1.188286755,0.00629810472,0.01627461888,-0.001997746918,-0.01289262248,0.004811512368,-0.01995153279,0.009434664584,0.007104432249
-1.252164975,0.007028738251,0.01710779002,-0.00181956721,-0.01181461461,0.002785295865,-0.02102549337,0.01152270818,0.01050003491
-1.229140178,0.007494111207,0.01661828026,-0.00455954374,-0.01530991543,0.001230804344,-0.02058255374,0.007583463137,0.00928147424
-1.197657463,0.003892331873,0.01308959049,-0.002605884456,-0.01370540859,0.00345295464,-0.02217279053,0.01551683039,0.006998708129
-1.259706019,0.005075057075,0.01326881225,-0.002366160915,-0.0127056683,0.00178943722,-0.02072646147,0.006006251092,0.008611689901
-1.234682596,0.003541034162,0.01182939413,-0.005483467697,-0.01447085787,0.002390046786,-0.02281585412,0.01445073053,0.007639432442
-1.234825937,0.0007808403842,0.006124375648,-0.004049982758,-0.01725978198,0.0005801997541,-0.02523709958,0.006552197127,0.008604416591
-1.183457099,-0.0008240723094,0.006516452471,-0.004038697196,-0.01621703274,-8.628705626e-05,-0.02336594996,0.01140047926,0.005510528407
-1.224790847,-0.001834767939,0.006760317202,-0.008227395142,-0.01634087429,-0.00146103608,-0.01778306884,0.001820198414,0.006444214557
-1.266712814,-0.001655830251,0.004569653725,-0.005417531918,-0.0151742622,0.002533603004,-0.03205097688,0.01724719838,0.008131966609
-1.197046835,-0.003174016655,0.001404066507,-0.005795563461,-0.01990282231,-0.0007896979423,-0.0217254769,0.0059608573,0.00713143399
-1.24059218,-0.003123944423,0.008098194795,-0.006046078065,-0.01239009885,3.517662743e-05,-0.01724781344,0.003238466474,0.006667546961
-1.154664715,-0.004558171188,0.006661094782,-0.00711343493,-0.01442241927,0.0009682171564,-0.02725451735,0.02165984056,0.008588377011
-1.316460437,-0.004177003907,0.003745160677,-0.006442134046,-0.02034508303,-0.0005370328365,-0.02079451852,-0.003032780544,0.00624980296
-1.00629467,-0.003841954142,0.006483041435,-0.002709400889,-0.01321950057,0.002628182314,-0.02466138543,0.01450714155,0.007867592408
-1.606518165,-0.004105376131,0.005967230691,-0.006002058544,-0.01281651896,0.0005361690742,-0.02369257081,0.007218838339,0.007590667828
0.2344407663,-0.005640719315,0.001736250386,-0.006604123007,-0.01715553371,-0.0004020276961,-0.0206939984,0.006256842053,0.006133395817
5.299162333,-0.0143545654,-0.005815681779,-0.006353734804,-0.0186224823,-0.0006531102869,-0.02784152264,0.01243312377,0.008073392416
4.875589974,-0.01258532146,-0.004421288744,-0.01107091242,-0.01457319285,-0.001821307461,-0.02071072681,0.00180092308,0.00568439384
5.122269973,-0.01392502655,-0.004597402304,-0.008598987452,-0.01696120496,-4.169025854e-05,-0.02555878295,0.01749757162,0.00920222406
4.998115039,-0.01061586991,-0.006163462906,-0.005731888856,-0.01775112137,-0.001342251462,-0.02438513698,3.043172194e-05,0.008655948145
5.027382113,-0.009593573425,-3.304496926e-05,-0.00687446018,-0.01521505501,0.002142112525,-0.02241152088,0.01255856705,0.006347497702
5.023392308,-0.009362632585,-0.001570575232,-0.008614186644,-0.01538401397,-0.001137376454,-0.02247967179,0.008411563119,0.01036032003
5.053916569,-0.006921624019,0.0002766707679,-0.006479906844,-0.01694617796,-0.0001360479089,-0.02071494372,0.009854360161,0.008961826565
5.019616461,-0.003558054125,0.002972659522,-0.005235089563,-0.01354461117,0.002964130783,-0.02475126373,0.007428890441,0.009485111976
5.077622325,-0.004045026076,0.006582517242,-0.007936218626,-0.01347376275,0.001051037858,-0.0225937007,0.007804890274,0.006647979076
5.08122377,-0.003210880164,0.003300813531,-0.004626525993,-0.01454587586,-0.00107994984,-0.02125567696,0.0152670197,0.009085233494
5.085578535,-0.0008247734274,0.004361862232,-0.006117126813,-0.01751291587,0.001102842063,-0.02496583811,0.001313059082,0.009079382776
5.028562273,-0.0006674005461,0.01080861476,-0.006511384145,-0.01071022212,0.003170478964,-0.02251914058,0.01269957897,0.008509330915
5.109243273,-0.001432657575,0.003146381165,-0.006469174592,-0.01486043316,-0.001001297723,-0.02107193892,0.009691428631,0.01009941866
4.95402995,-0.0008189340579,0.005806909825,-0.00536111223,-0.0156445289,0.002731330016,-0.02217500015,0.0110046322,0.0097065963
5.23745506,-0.002206416419,0.00850680802,-0.005754394691,-0.01388619475,0.004630432309,-0.02209473738,0.01075606415,0.00752402983
4.715190542,-0.001186311699,0.005363566097,-0.007335308348,-0.01345000206,0.0007268200166,-0.0230151882,0.004078522697,0.009396078496
5.582892368,-0.001869729369,0.005080482493,-0.003072318302,-0.01312152088,0.0006017681139,-0.02169065763,0.01714403548,0.009843144746
1.696263114,0.003056191146,0.01107739825,-0.003414843141,-0.01478590047,0.004281002872,-0.02056434232,0.002568753209,0.008681916227
-1.823704176,0.009528968125,0.01890969159,-0.003166590319,-0.01120587774,0.005481668179,-0.02239168847,0.01406320388,0.01035775401
-0.9301477317,0.008634351953,0.0166579701,-0.002397964996,-0.01067411295,0.0007141854375,-0.01965738548,0.01122790388,0.01021699869
-1.371668802,0.009402058234,0.01731608125,-0.002615404378,-0.01339602481,0.002872415302,-0.02114223416,0.01014374985,0.009497213149
-1.165516414,0.005387162506,0.01361475407,-0.005221595506,-0.01474139817,0.003582904932,-0.02243260946,0.01144942636,0.008294838842
-1.329866401,0.004049431381,0.0116877614,-0.004279969476,-0.01180600075,0.002282234897,-0.02099369247,0.004383439784,0.0095116715
-1.242766554,0.005751035036,0.01390692213,-0.004284494437,-0.01442971886,0.002899273035,-0.02088749774,0.01388292382,0.008979337681
-1.334417081,0.002260143172,0.009035734925,-0.00412935743,-0.01574362368,0.0009887240374,-0.02081016539,0.005915949531,0.007338151922
-1.215189898,-0.001548406937,0.00870202934,-0.006158453302,-0.01439133286,0.00136172254,-0.02319824936,0.01143743792,0.007290623684
-1.207072164,-0.001964908133,0.007648389828,-0.005313240547,-0.01564275622,-0.001136744844,-0.02298070144,0.008696863669,0.007774055734
-1.22397039,-0.001199682539,0.006225656305,-0.00549429542,-0.01520638736,6.043803542e-05,-0.02256383403,0.007720063035,0.007940271727
-1.244435723,-0.003704916636,0.004675989378,-0.005828130575,-0.01578474858,0.0007516491761,-0.02442227719,0.00869412975,0.005906261355
-1.247073416,-0.003277408079,0.003973696441,-0.005914047471,-0.0157771518,-0.0005688668364,-0.02270253473,0.006728527872,0.005845756879
-1.255095714,-0.003437723132,0.006239577225,-0.004680277044,-0.01597981692,-0.0004466454832,-0.02295683872,0.01272025541,0.008632774425
-1.25908769,-0.003700059481,0.005340435501,-0.006305664641,-0.01688277586,-0.0004169045015,-0.02438329228,0.006035733715,0.007752993067
-1.237514066,-0.003548244793,0.006176957846,-0.005933743201,-0.01422802122,-0.0001537058328,-0.02331056929,0.009044487262,0.00688316882
-1.227319113,-0.003699770164,0.004092618725,-0.00529448564,-0.01466028438,0.000103977791,-0.02086073727,0.01098395265,0.007058726985
-1.209237729,-0.003699032456,0.006290121414,-0.007292441501,-0.01808060317,0.001136095016,-0.02176495993,0.007242031981,0.007572352167
-1.253868163,-0.009696261014,-0.001716830135,-0.008685789272,-0.0163066152,0.0008728668834,-0.0247063946,0.008628003327,0.006656761366
-1.229025247,-0.01455476166,-0.007616411805,-0.007451123741,-0.01364185634,-0.003338879449,-0.02182116223,0.003917929524,0.007119686089
-1.275120104,-0.01186507972,-0.005653524763,-0.008763039864,-0.01907799833,0.00123142799,-0.0241226295,0.01190328647,0.006955914539
-1.256971174,-0.01282921845,-0.004027111013,-0.007969942403,-0.01818583038,-0.001523384431,-0.0234312582,0.00933707298,0.007067869761
-1.231966923,-0.01083168398,-0.0007357691657,-0.006509302542,-0.01475113547,-0.0007041154557,-0.02284456166,0.007362583961,0.008373529905
-1.282175119,-0.009399561483,0.0004984107979,-0.009737572641,-0.01650416034,0.0008937195544,-0.02446080185,0.0117343229,0.007053881599
-1.269543716,-0.008533970229,-0.001792695808,-0.007091615298,-0.01418691606,-0.001548344498,-0.02275069431,0.003514446412,0.008090997946
-1.214918997,-0.0047255563,0.001095716499,-0.0041576061,-0.01479840861,0.001201945577,-0.02170078749,0.01267430435,0.007215315199
-1.239414943,-0.003244767628,0.005098536048,-0.007444898912,-0.01627690262,-0.0005109430457,-0.02597144901,0.007099689982,0.008277714248
-1.237786889,-0.002576347821,0.004120820422,-0.006363619545,-0.01296010837,0.002883026684,-0.02310563882,0.009605167397,0.008005122903
-1.256584752,-0.001575773463,0.005316764563,-0.004294766208,-0.01212137314,-0.001766319181,-0.02303008685,0.009429288443,0.008772781801
-1.21720919,-0.0002626903509,0.006389598108,-0.007302163919,-0.01633298582,0.003862577052,-0.01845201422,0.02720560298,0.00798194629
-1.280119315,-0.001356786327,0.004404484588,-0.002404569614,-0.02133086833,0.006157279691,-0.03277255905,-0.02209092901,0.008109907778
-1.223680689,-0.001435926061,0.01335294296,-0.007969302828,-0.0003651041935,-0.007884914048,-0.01642292339,0.02403331505,0.00868729102
-1.24934972,0.0008048928907,-0.004584030316,-0.005745452713,-0.01809201843,0.005304965811,-0.01484229527,0.02658654337,0.009745681761
-1.2562869,0.0003968191488,0.009121178292,-0.003052121773,-0.02613922766,0.005185940392,-0.03170241921,-0.01494591485,0.005891566424
-1.255952062,-0.0007293239185,0.01105515291,-0.006475582242,-0.002845294497,0.001429639822,-0.02264215,0.01349486879,0.01067265124
-1.221670759,-0.004187437981,0.004634555377,-0.008614272377,-0.002379902811,-0.004035536992,-0.01621819838,0.02355335097,0.007249035488
-1.205389507,0.009067178114,0.01381764117,-0.001979776057,-0.02748789909,0.005783158178,-0.02266643597,0.01235479639,0.008436899821
-1.221664068,0.01096289323,0.01933937059,0.008992336509,-0.01354279878,0.008537886809,-0.02903834249,-0.006720254836,0.008156285296
-1.212709442,0.005747357478,0.02089876568,-0.01433446365,-0.006082265642,-0.003068840425,-0.01569378513,0.01846009003,0.00873507934
-1.274720721,0.00979693734,0.01222811711,-0.004276349556,-0.01380883197,0.005044568735,-0.02070257585,0.01382470879,0.01120461131
-1.242677936,0.003385772623,0.01242831489,0.007164099422,-0.02266596265,0.002386269648,-0.02080067581,0.007237100445,0.005983545487
-1.23437017,0.003927514349,0.01200207155,-0.004632949498,-0.01250081548,0.001081207412,-0.02458442797,0.003532105517,0.00882198831
-1.221529595,0.001820378535,0.01170789677,-0.01558374467,-0.008790754701,0.002673453351,-0.02075735124,0.01903888436,0.008964870086
-1.23006136,0.001902703325,0.006998060053,0.001942396377,-0.008463064101,0.0001409882485,-0.01997755776,0.002206046467,0.007380573125
-1.219436569,-0.002078727546,0.00565821709,-0.0006887038476,-0.02160364181,0.002208483791,-0.02938044469,0.005218070348,0.006349063811
-1.232353902,-0.002970926773,0.008015367422,-0.01545622881,-0.01195330301,-0.0004213831101,-0.02093759955,0.0152683508,0.005287935974
-1.218402325,-0.002257359012,0.005398034649,0.001629008243,-0.009850650525,0.001649749486,-0.02500113096,0.009118181827,0.009123573015
-1.248970774,-0.004588408912,0.007107196103,-0.004763994403,-0.02920966074,0.002495872273,-0.02162058954,0.01196452371,0.004184038525
-1.2580734,-0.003704835149,0.007347926792,-0.00660703674,-0.02303692327,-0.002377930636,-0.02691847484,0.001975299066,0.008187901517
-1.230787318,-0.002406388205,0.00600608662,-0.004381333111,-0.008775036624,0.00156220751,-0.01744589509,0.01766438964,0.007676597861
-1.240903535,-0.003036886385,0.0001942150679,-0.009917058967,-0.01711725627,-0.00164517593,-0.02023978263,0.00302451309,0.007452042426
-1.210507342,-0.002616496099,0.00466550955,-0.006375183009,-0.02211037428,0.0006285923741,-0.02741132133,0.00920911797,0.007968017402
-1.254654664,-0.002430650481,0.009831384186,-0.004948732352,-0.004333681193,0.001050513449,-0.01872088775,0.01562319529,0.006818939443
-1.236142597,-0.004622311211,0.002199060334,-0.01062697302,-0.01345607533,-0.001214927779,-0.02323872902,0.006062439765,0.007225344157
-1.190211578,-0.01392423055,-0.005117573128,-0.00500043061,-0.01895061013,-0.001769934583,-0.02846624765,0.008840257846,0.006717466386
-1.22631193,-0.01319890076,-0.004334142994,-0.005181733059,-0.01647286774,-0.000823693297,-0.02203096156,0.002488422828,0.006354920898
-1.207883217,-0.01344477925,-0.008214682143,-0.01184008315,-0.02007987135,-0.0007446329994,-0.02291348919,0.01056163681,0.005791464077
-1.18485039,-0.01042120083,-0.006957321878,-0.007008323755,-0.01841567368,-0.001649545255,-0.02824489039,0.0115419553,0.0101773041
-1.21326197,-0.009848303266,0.002858955039,-0.004087639204,-0.01657836593,0.002583745109,-0.01879345844,0.003943377651,0.006293389932
-1.252077982,-0.01166396412,0.001235782698,-0.01213423608,-0.01635232221,0.0003014162208,-0.02067399401,0.008894262221,0.00753750843
-1.222552711,-0.007630384933,0.0005321586058,-0.006543051273,-0.01329360056,-0.001526270854,-0.02749922807,0.01194398006,0.01031383653
-1.222866574,-0.001749508994,0.0004607534397,-0.008183171455,-0.01262833287,0.0004442833116,-0.01707762266,0.007303765197,0.007657027024
-1.242583487,-0.003821218415,0.005189355464,-0.006941475998,-0.01204210731,0.002663962022,-0.02681578972,0.006874558047,0.009839818803
-1.257731684,-0.003281063724,0.006110472333,-0.007438960872,-0.01413347774,0.0008514905221,-0.02532180969,0.01185389346,0.008286129577
-1.255909457,0.0001063429206,0.004193193191,-0.004981831688,-0.01446450889,0.004522938769,-0.02183658458,0.0110162986,0.008568514274
-1.216266862,0.001089045068,0.00699956302,-0.005808377109,-0.01800686759,0.001958645636,-0.0218128982,0.01557943268,0.0095862058
-1.20025934,-0.004214681023,0.005522179786,-0.004377600881,-0.01313758798,-9.864141017e-05,-0.01711691472,-0.0009249248796,0.008687914008
-1.264109609,-0.0006446908408,0.008156604471,-0.005965571085,-0.01535148772,0.003535928365,-0.02753908495,0.01705602268,0.009677909491
-1.172434875,-0.0008979571266,0.001036362811,-0.003285468496,-0.0204904872,-0.001409873087,-0.0241130931,0.005300375572,0.007906309646
-1.294284201,-0.001799634985,0.007645404409,-0.005470642643,-0.008789070646,0.0007859169251,-0.01345600281,0.005131249399,0.008814829547
-1.023541763,-0.002976618068,0.008707539824,-0.005764822142,-0.00671229907,0.002803666064,-0.02650304461,0.02182934741,0.01105372673
-1.568225371,0.002853916978,0.01135094177,-0.008692380044,-0.01858368204,0.003055629434,-0.02275515905,0.002173575526,0.009023334336
0.2588589,0.01045739441,0.02225115467,0.001204576136,-0.008867467535,0.007198367153,-0.01783469419,0.01282838919,0.008011249873
5.326128052,0.006917510871,0.01775311405,-0.002799008044,-0.01077004424,0.004203013747,-0.02514393933,0.0161355442,0.009918049615
4.928142789,0.009870515461,0.0105310399,-0.005513511789,-0.01704210258,0.003484319226,-0.01955473019,0.0004074769334,0.007992514189
5.158736147,0.008893941002,0.01358761741,0.0005825564194,-0.01737413981,0.005489690262,-0.02694279453,0.01710025675,0.01060302994
4.940966893,0.004199698012,0.01237606922,-0.002736059952,-0.01353533227,-0.0001398071463,-0.01572351732,0.007393347899,0.009071619649
5.082116787,0.004626936765,0.011646836,-0.007105686972,-0.01618096678,0.005898901158,-0.02365096553,0.01092008503,0.007839229183
5.047699393,0.001813234928,0.0106089093,-0.003863462616,-0.01370304967,-0.0001601923509,-0.02171833273,0.007379236352,0.009168463431
5.059111718,-0.001393218914,0.009070248384,-0.005896021408,-0.01207166376,-0.003023282778,-0.02148277015,0.0142031923,0.006786441371
5.084107268,-0.001483893557,0.002901646731,-0.007669010751,-0.01731045983,0.0008648091385,-0.02213825856,0.003442580873,0.007767030591
5.064293383,-0.002153492103,0.006712699734,-0.00388165655,-0.0121870032,0.002614081686,-0.02067299491,0.006244956263,0.006475279192
4.991128281,-0.00349327669,0.003401337176,-0.004305435174,-0.0146776278,0.0002169003112,-0.02590616413,0.008794383558,0.008486571399
5.065468542,-0.005422205448,0.007561861762,-0.005405695357,-0.01510055982,0.0002980431866,-0.02384320253,0.008163741442,0.007523345435
5.036019864,-0.002948926919,0.004343018784,-0.002594059328,-0.01769052513,0.0008544951589,-0.01826318124,0.01240533611,0.006187693039
5.126921608,-0.004003450057,0.003130033304,-0.006823485867,-0.01857825587,-0.00169818896,-0.02571027836,0.007278771249,0.008028792571
4.964821983,-0.002154774575,0.00438355382,-0.007200231016,-0.01458320516,-0.001161115543,-0.02171606244,0.009498168775,0.009222483161
5.227731447,-0.005289059144,0.005765809295,-0.005897937224,-0.01210562808,0.0007968066663,-0.02058668107,0.004890405887,0.008485925534
4.767863192,-0.003606823411,0.002476986155,-0.005367593052,-0.01771621936,0.0006503922776,-0.02368081308,0.00983226048,0.007571872434
5.596527157,-0.009016837238,-0.0003215431892,-0.01005176695,-0.01676170037,-0.0006967635375,-0.02194953335,0.01223628591,0.007588304211
1.479361092,-0.01505640373,-0.005092280069,-0.01055415543,-0.01383501888,-0.003227452669,-0.023560655,0.00654882638,0.006027523133
-1.77493802,-0.01321171203,-0.004808156695,-0.007952153232,-0.01548527216,-0.001602594689,-0.02699605336,0.01100642588,0.006934495081
-0.9698335225,-0.01354224637,-0.006726459834,-0.007758841168,-0.01931412319,-0.0007036921005,-0.02281896338,0.005202112455,0.00645092007
-1.427106825,-0.009923161701,-0.001237155851,-0.005274416692,-0.01590247642,0.0005218953095,-0.02506394602,0.01168098879,0.00845641011
-1.151208967,-0.007668882624,-0.002487759373,-0.007697013963,-0.01881603571,-0.001489997397,-0.0227985662,0.007852593959,0.008570287164
-1.320653174,-0.007565424916,-0.001944348516,-0.005187911514,-0.01547491818,-0.001712727661,-0.0229199737,0.006058635374,0.007434091363
-1.167269536,-0.003395869668,0.004328080791,-0.007025494203,-0.01269126908,0.0003458347251,-0.02110951206,0.01361155666,0.008297099013
-1.305452553,-0.004144675848,0.003821979216,-0.008166002788,-0.01336152466,0.0005284510785,-0.02257600931,0.00685300669,0.00861905956
-1.201520496,-0.003053230068,0.005804946828,-0.00658344871,-0.01321611017,5.81354917e-05,-0.0224955301,0.01016989717,0.008327360055
-1.27446665,-0.00174089121,0.007105537995,-0.008013928509,-0.01290013437,0.0005637016259,-0.02314235725,0.0058525215,0.008285514858
-1.212905738,-0.001139118842,0.005320316386,-0.006746695753,-0.01554980517,0.002266040634,-0.02318869088,0.01143423302,0.007612405611
-1.20210449,-0.001512124491,0.005297357924,-0.004630554564,-0.01207486667,0.002264538794,-0.02288670937,0.007983094711,0.009650537262
-1.236501882,-0.001385587445,0.007262513742,-0.006794395415,-0.01349660443,0.002841824235,-0.02265878143,0.009110722524,0.008125663299
-1.243670128,-0.001953494357,0.007033270693,-0.006765113919,-0.0145771408,0.001954346133,-0.01965295933,0.01207918161,0.008620301371
-1.268978142,-0.001389369619,0.006416166858,-0.00168251033,-0.01270584749,0.0009691232307,-0.02360128153,0.009813523611,0.009197610758
-1.269820472,-0.001633736957,0.007419388769,-0.005677674689,-0.01603582969,0.002890043537,-0.02256112452,0.01239204119,0.008811441581
-1.2596682,-0.0005726182772,0.005275652738,-0.005925834816,-0.01617028947,0.001058139865,-0.02349805772,-0.0001096445992,0.008366542374
-1.252606229,0.007535336812,0.01632033481,-0.001697358136,-0.008667346665,0.003003036588,-0.02283377883,0.01456670241,0.008266817156
-1.268447362,0.01048862178,0.01264162262,-0.00357867034,-0.01326506914,0.002210934063,-0.01805311405,0.01212940374,0.009325192923
-1.265884816,0.006873388878,0.01560256215,-0.003879744592,-0.01442255934,0.004690438077,-0.02159911412,0.008099633601,0.008780892363
-1.22922751,0.007617364965,0.02025771326,-0.001529490021,-0.00789984186,0.005838792754,-0.02277062723,0.01496892162,0.007776439682
-1.226672067,0.004572026032,0.01125655976,-0.007347176296,-0.0183583478,0.001118965087,-0.02017224122,0.007571310729,0.007696076419
-1.241198037,0.005580540559,0.01311193287,-0.003120552588,-0.01386312704,0.002187518819,-0.02223819995,0.0135025099,0.00793275396
-1.266539048,0.004662696797,0.01314159442,-0.0008770108673,-0.01215775004,0.001879809191,-0.0214298114,0.00540668218,0.007739906547
-1.295687768,0.0008010949789,0.005465601027,-0.005731711994,-0.01723450874,0.0009646301596,-0.02528074992,0.00478373139,0.007440182453
-1.266057852,-0.0007967940827,0.00547863801,-0.006140546277,-0.01302274085,0.0001955449593,-0.02396185725,0.01465902085,0.008442472635
-1.232928645,-0.002675844638,0.009323204724,-0.003957510125,-0.01187426891,0.0008828570518,-0.02170423774,0.007855729099,0.006642537312
-1.259187479,-0.004042982125,0.006096802413,-0.007404760997,-0.01853679614,0.0005932145564,-0.02650611197,0.01010720286,0.00704731832
-1.239032495,-0.005135269754,0.005835534053,-0.004740181664,-0.01483402722,-0.002915105632,-0.02273276578,0.009043605071,0.007000869971
-1.259832492,-0.003043620055,0.006771020101,-0.004716677389,-0.01473230802,0.000376710841,-0.02252967395,0.005213457017,0.007142110106
-1.231620671,-0.003471861615,0.004498058779,-0.008054841385,-0.01687457957,-0.00106352044,-0.02193348661,0.01741227393,0.007909413967
-1.210333159,-0.003368171534,0.001121046005,-0.005621649667,-0.02108900499,0.00752014515,-0.02055151307,-0.006388393767,0.007658923062
-1.279720598,-0.003170374799,0.01001998031,-0.005154673323,-0.009941132743,-0.007787289281,-0.03388882859,0.00254816936,0.01055204862
-1.238186591,-0.003738468931,0.001811266781,-0.0096072051,-0.01396564836,0.00111546526,-0.009905110113,0.03518537604,0.007471079781
-1.210894796,-0.003326669611,-0.0002113628766,-0.002564436853,-0.02664360196,0.004234023697,-0.02214351231,-0.0001131424924,0.00363635906
-1.233432193,-0.01060586724,0.001927783315,-0.006868488321,-0.01552748887,-0.002068127457,-0.03629184543,-0.002720958329,0.008810421584
-1.257028416,-0.01344347333,-0.005209914605,-0.01544228243,1.368938807e-05,-0.003522130698,-0.01463604483,0.01528503581,0.008479218555
-1.256072699,-0.01277855047,-0.006684570338,-0.007036814449,-0.02532958943,-0.003302827833,-0.02382555107,0.01574258604,0.006444001376
-1.212526828,-0.008390513142,-0.006580800912,0.001552972319,-0.02650577598,0.003620496319,-0.02701521999,-0.006743040127,0.006575635968
-1.231746343,-0.0106173335,0.004226066938,-0.01032139068,-0.007971147972,0.00128611973,-0.023645772,0.009609840339,0.006544595447
-1.225544629,-0.009039538739,-0.003251431373,-0.01755520399,-0.008901603547,-0.006862600215,-0.02497831459,0.01965069603,0.0118055131
-1.287910499,-0.009682559687,-0.000967534228,0.002954791527,-0.02175598997,0.001236630622,-0.0177284689,0.01094417747,0.005940822526
-1.281147718,-0.004314470226,0.006337151699,-0.003716669765,-0.02062195275,0.004507000125,-0.0242580795,0.0005907611419,0.006024199461
-1.262716095,-0.003609286267,0.00460107078,-0.01401616702,-0.008756989734,0.001048306446,-0.02594914165,0.0142391258,0.009577511339
-1.226336633,0.0001461782498,0.0009077256742,-0.006112986062,-0.01206419371,-0.004393722369,-0.01803253392,0.01174414113,0.009640250053
-1.19449147,-0.0006452418972,0.00507732167,0.0001037861935,-0.02057466884,0.003138719719,-0.02594170513,-0.003131506744,0.00764081245
-1.2066834,-0.0005820132235,0.0100134003,-0.01063748024,-0.01754574148,0.004150090669,-0.02269240752,0.01837444228,0.007646221991
-1.238593781,-0.00179837827,0.002700434807,-0.00595742727,-0.003292974866,-0.002386814819,-0.01962883542,0.009501022442,0.01077452516
-1.26868858,-0.0002328352345,0.008116817837,-0.005809284332,-0.01758566085,0.003907295436,-0.02162658356,0.01222050711,0.008511070359
-1.190279637,-0.002738865005,0.008483212934,-0.005400184268,-0.01723885229,0.0008695446315,-0.02206315533,0.002443680372,0.005922932043
-1.226893402,-0.001491219665,0.007259548603,-0.004377258413,-0.009721405638,0.00241059885,-0.01891114074,0.01756257806,0.009168237306
-1.235113275,-0.001354000923,0.002593882382,-0.003529633699,-0.01498811098,0.001443504201,-0.02482485001,0.007744555429,0.01042530239
-1.262119621,0.001719150028,0.01368437936,-0.006852352894,-0.0180451702,0.002672124573,-0.02094582127,0.003504285518,0.006765470248
-1.21570441,0.008307011701,0.02086668266,-5.459062782e-05,-0.008372469059,0.004121642504,-0.02099407893,0.01410237505,0.009807041812
-1.224178483,0.007705257276,0.01653264697,-0.003002288943,-0.01074006133,0.0008569757744,-0.01847137374,0.01974025207,0.01044380463
-1.243141632,0.01112412008,0.01429485794,-0.003083281494,-0.0160303201,0.005076257939,-0.02371111317,0.004671832858,0.009133112078
-1.224462365,0.005824704749,0.01576100704,-0.00123264843,-0.01167157115,0.005210883686,-0.02143998873,0.008916411892,0.006083783134
-1.239731928,0.004448215648,0.01003501202,-0.003150232425,-0.01074556203,0.0003647352781,-0.01965830904,0.01710686333,0.008622229827
-1.232097277,0.005615939868,0.009444442913,-0.00610700952,-0.0188144286,0.0002235544442,-0.02058666842,0.008317949689,0.008965858016
-1.287337069,0.002819002532,0.01079256365,-0.001937429734,-0.01286070221,0.00292963035,-0.02807486801,0.00213158085,0.009747748888
-1.202846574,-0.001670516127,0.009600122534,-0.007109338356,-0.01272864566,0.0007989211838,-0.02100870087,0.007167531033,0.00628504166
-1.238191147,-0.0005937053904,0.0036413381,-0.00737468441,-0.01758738621,-0.001875812392,-0.02202603081,0.01632613481,0.005899231332
-1.238347993,-0.0008916930079,0.006232576992,-0.004372139263,-0.01728716587,0.001380881759,-0.02063117197,0.01145622606,0.007348519036
-1.228743012,-0.006478636263,0.007453505511,-0.006730686403,-0.01253344871,0.00348125009,-0.02426558632,0.002857226727,0.006109723984
-1.232470136,-0.006637815213,0.006755851044,-0.007374289626,-0.0151756486,0.0002407656172,-0.02149604963,0.01328119992,0.006941428492
-1.276100452,-0.002270570151,0.006488612632,-0.0001003079133,-0.01704132508,-0.0006783251609,-0.02113592619,0.01179753623,0.007969488563
-1.195711155,-0.003350527732,0.003927873838,-0.001653158754,-0.01823865139,0.002583645104,-0.02339911032,0.007109707664,0.007308246317
-1.259442414,-0.003263185661,0.006443897169,-0.006630505457,-0.0143202512,-0.00155463401,-0.02483973277,0.007141496514,0.008336294309
-1.122444013,-0.003394378281,0.002787876966,-0.007238510398,-0.01276882591,-0.003139564611,-0.01630677739,0.001328570664,0.009076846586
-1.368007833,-0.001509171699,0.007088112924,-0.003209101279,-0.01634146825,0.005768422706,-0.02913259948,0.02282649692,0.008729034294
-0.9943245124,-0.008279962361,-0.003759266254,-0.00834173576,-0.02409498516,-0.002147552058,-0.02156864498,0.001883691888,0.006199733066
-1.72803761,-0.0158177429,-0.006474395901,-0.01066632077,-0.01172015419,-0.002217585412,-0.02157061112,0.009813714277,0.006972529761
0.8733630976,-0.01292408805,-0.002478818002,-0.01003139181,-0.01262085251,-0.00167098894,-0.02783956299,0.01273233258,0.009237400791
5.48659991,-0.01310837187,-0.00800132479,-0.01114868256,-0.02476494951,-0.0006605966363,-0.02055403003,0.002907810315,0.005361535326
4.84435601,-0.01012641423,-0.003772970585,-0.002950257947,-0.01442908032,0.0014912156,-0.02455365522,0.005564255971,0.008424460302
5.210362571,-0.009631992982,0.001980177076,-0.01018336711,-0.009015364138,0.0007086165366,-0.02375036502,0.007426812069,0.008768480842
4.980768495,-0.01010508668,-0.003342976541,-0.01035990672,-0.01624244578,-0.003020890273,-0.0218663636,0.01427903089,0.006751146013
5.118667545,-0.007013543369,0.002316324867,-0.0002126139563,-0.01964919011,0.002564054321,-0.02589137474,0.007958277348,0.007974302007
5.053463262,-0.004154012603,0.00808385947,-0.005764313111,-0.01206147013,0.003324915041,-0.01641556765,0.01238276122,0.004524460027
5.072356012,-0.003624179883,0.004189151706,-0.008324345918,-0.01394629888,0.001074480286,-0.02578364936,0.00778527607,0.009781142291
5.046974209,-0.002539508474,0.005211152326,-0.005168879559,-0.01720000014,0.00158398505,-0.02307969304,0.00383144394,0.009231283823
5.07351652,-0.001989309685,0.009269943539,-0.002528905906,-0.01526210528,0.002037478022,-0.02215680235,0.01473693975,0.008247021709
5.042935884,0.0001279521279,0.002727521509,-0.006221914566,-0.01576826969,0.0002588647657,-0.02396250776,0.003292677513,0.009385103691
5.058273784,-0.0002291997853,0.005358613403,-0.008873654298,-0.01270325519,0.0006019833102,-0.02069448583,0.0195331774,0.009158745234
5.010839385,-5.640630678e-05,0.004364283854,-0.005179165351,-0.01138170469,0.002115943031,-0.02218558928,0.004427069728,0.01005899178
5.123507209,-0.003719323968,0.01020201033,-0.007713248707,-0.01416726339,0.00367362394,-0.02132449852,0.01413909611,0.006691105117
4.911144002,7.278834846e-05,0.00460001601,-0.003259847542,-0.01539796896,0.002137305105,-0.02177056152,0.01131897654,0.009874587119
5.20700475,-0.001785514211,0.007989863936,-0.003922669585,-0.01488709413,0.00139177361,-0.02403639255,0.004438582782,0.007870105402
4.759867287,0.006818992026,0.01530714574,-0.006577199587,-0.01009764219,0.002191365871,-0.02248875295,0.01297535502,0.009830688699
5.505525798,0.008393978541,0.01703048138,-0.000142856481,-0.01256739641,0.004431876282,-0.02026224878,0.007731995073,0.009898899123
1.044293998,0.008499850954,0.01514793579,-0.001946014963,-0.01416891328,0.004444397508,-0.02174367264,0.01702967306,0.008508455146
-1.79286134,0.007057655602,0.02008088024,-0.005684018878,-0.01090308484,0.002146387363,-0.02226242837,0.006967702145,0.01026809605
-0.9829591018,0.003931881187,0.01581571733,-0.003167729919,-0.01363406286,0.001707903668,-0.02127864631,0.01238192883,0.008374556577
-1.451221426,0.00512297531,0.01011108163,-0.002554025141,-0.01646047301,0.000135679026,-0.0196299789,0.009141041631,0.007348999838
-1.188036996,0.005482587366,0.009105194124,-0.005797048947,-0.01477015425,0.003871042514,-0.02130262062,0.006150389513,0.008024854297
-1.304563847,0.002399106586,0.007405257056,-0.005528636021,-0.01067389385,0.001141395145,-0.02365650108,0.0108511364,0.009921477527
-1.166329662,-7.199224121e-05,0.006160616459,-0.006039986691,-0.01582569857,6.508400803e-05,-0.0236427533,0.006235668955,0.007803516289
-1.284052218,-0.003184455097,0.007741382184,-0.001308945348,-0.01743539258,0.0002504907221,-0.0234856136,0.01378465049,0.005811452625
-1.226121868,-0.003903008906,0.00577571252,-0.005917407631,-0.01574545125,-0.001141112706,-0.02281932915,0.007416022502,0.006147111583
-1.284351295,-0.004167117711,0.002583551048,-0.00658709054,-0.01422619901,-0.001258412453,-0.02346940259,0.007629382427,0.008555946896
-1.232790417,-0.001906525769,0.005749919325,-0.005066931687,-0.01426782157,-0.0001754217439,-0.02264111048,0.006285969825,0.007549450979
-1.233859622,-0.003766599121,0.006541527277,-0.005613744058,-0.0156386528,0.0005781519733,-0.0216287978,0.008759288599,0.006861484876
-1.272258497,-0.005579497608,0.005168770297,-0.005116504971,-0.01499328421,-0.001328912075,-0.02289317591,0.01526299808,0.008062807087
-1.27958263,-0.003421102891,0.00546509639,-0.005747944805,-0.01544776031,0.0004922602121,-0.02314418175,-0.0001690504574,0.006669824377
-1.252083165,-0.002431301355,0.009557681287,-0.004859634481,-0.01220379406,0.001354334705,-0.02402663008,0.01360826359,0.006828498959
-1.25207129,-0.004690651137,0.0008726517539,-0.007363294388,-0.01693551852,-0.003299499768,-0.02013832557,0.01274033557,0.008897022912
-1.234135535,-0.0118254075,-0.007298335395,-0.007362040553,-0.02234647443,0.0004051197726,-0.0252098383,0.006765965737,0.006395835671
-1.274661235,-0.0129203195,-0.003389997433,-0.008811420024,-0.01328702691,0.0004725645467,-0.02501652453,0.005877550388,0.006013665031
-1.292651377,-0.01229089851,-0.003915914187,-0.0107292614,-0.01574456669,-0.003931748183,-0.02393958599,0.00641064675,0.006962816548
-1.233542186,-0.01142204055,-0.005832173624,-0.007683216836,-0.01868149974,-0.001682011554,-0.02433057667,0.01405964626,0.009268349668
-1.1897805,-0.009104533145,0.0003690677487,-0.006117425177,-0.01488512007,0.001794748809,-0.02114587545,0.004170557983,0.005959634598
-1.206920044,-0.01025946212,-0.0008817205978,-0.009671059018,-0.0146442577,-0.0006521232165,-0.02450902371,0.007021970402,0.006976819089
-1.286126721,-0.009118134163,-0.0005636323084,-0.008265932065,-0.0120644207,-0.001665068757,-0.02266789636,0.01239707167,0.008683022272
-1.216225496,-0.004971387966,0.004336211159,-0.004530784807,-0.0156148223,0.00122598354,-0.022386858,0.007778458624,0.008670003291
-1.255442269,-0.004465939403,0.0032330051,-0.00593876255,-0.0170111415,0.002771542557,-0.0254581774,0.007918339732,0.007063596662
-1.280736636,-0.002952891067,0.004330377853,-0.009252672734,-0.01336120353,-0.0003097972682,-0.02237446898,0.007609916678,0.007778760308
-1.252610178,-0.0009829728513,0.006354870179,-0.005246682583,-0.01198345417,0.0008556743818,-0.02195018768,0.01201353638,0.008943526191
-1.256274178,8.332500315e-05,0.004829531067,-0.005557886891,-0.01729255219,0.001642568712,-0.02224048808,0.007509793668,0.008917577021
-1.186654966,-0.001538443233,0.005446506875,-0.005110980646,-0.01335919261,0.002237862608,-0.02107920918,0.009046168999,0.008116935297
-1.259987866,-0.001384005793,0.00696447982,-0.005807255968,-0.01113443429,0.001729540889,-0.02207506914,0.01197420542,0.008134759008
-1.26123982,-0.001712180762,0.006177987939,-0.005670395878,-0.01440949851,0.00145924242,-0.02157754963,0.01135574863,0.008494978906
-1.242611552,-0.000421958669,0.005791601196,-0.005030262997,-0.01659928281,0.003125305484,-0.0226867135,0.005276267622,0.006947281784
-1.226142246,-0.001005743357,0.007276581336,-0.004590198761,-0.009731401673,-0.0009807155932,-0.02289540275,0.0197040882,0.008059782508
-1.257136433,-0.0001527245423,0.006265511989,-0.006692513801,-0.01727980775,0.007829491475,-0.01218932888,0.002276716137,0.006878902584
-1.232090639,0.007727112995,0.02001799682,0.0008033061159,-0.01246588596,-0.0003851321506,-0.03841119763,-0.003922419291,0.01153185018
-1.238936847,0.007950646169,0.01614070611,-0.004625956716,-0.00786084237,0.001263271634,-0.01144833223,0.03755667543,0.009061945331
-1.246149033,0.008396748231,0.009097326492,-0.002710179675,-0.01939493887,0.008213891247,-0.01391311776,-0.002164229302,0.005322566373
-1.20683707,0.006724973555,0.02037526681,-0.001664439179,-0.01492864204,0.002794246975,-0.03798712768,0.01065102844,0.01191401187
-1.225143445,0.003720932848,0.01085758831,-0.007669839745,-0.0004202953717,0.0003274779318,-0.01160089958,0.009659625925,0.01019295687
-1.237498307,0.003524778645,0.01337907079,-0.004554433974,-0.0180338949,0.001698731889,-0.01933433217,0.02233823807,0.005038505568
-1.247738127,0.004815627436,0.007848658202,0.0009672475918,-0.02329028734,0.003443600744,-0.029704495,-0.00356511897,0.007265171488
-1.221404452,-0.001409487431,0.009205532844,-0.003148069035,-0.007944707832,-0.0006247669721,-0.01781943514,0.008436936247,0.004022463252
-1.26422831,0.0001608390088,0.005479246468,-0.01460564934,-0.01135381859,-0.002260442448,-0.02779468219,0.01401620051,0.01228292924
-1.263598759,-0.00420461348,0.00748588293,-0.001311341084,-0.020756638,0.002625673031,-0.02020783515,0.007781519408,0.005469750916
-1.252528604,-0.003008773817,0.006152257864,-0.0006084379546,-0.01849112649,0.0007367904721,-0.02245669608,0.007590254071,0.004746312376
-1.22816724,-0.004698345932,0.005596839743,-0.01272241736,-0.01215521459,-0.00233775109,-0.02567301271,0.009275258745,0.008733022995
-1.252865325,-0.002342928774,0.004623184582,-0.003776187361,-0.01352581837,0.0002021634747,-0.01865838164,0.01118619068,0.006497595559
-1.249701674,-0.003135310346,0.004811710233,0.0006845304488,-0.01991033882,0.002369440139,-0.02486524671,0.000345895829,0.006802046869
-1.277609827,-0.002627449436,0.005415864471,-0.008531220181,-0.0194415825,0.0001529300365,-0.022714653,0.01445757354,0.007867524964
-1.250269489,-0.004356331048,0.0028725498,-0.007651967347,-0.007861748804,-0.0007404902234,-0.02177455952,0.008483675189,0.00972860421
-1.247532631,-0.003063154871,0.005386338953,-0.005075485902,-0.01764337429,0.001891680532,-0.02400235454,0.008343817336,0.006903768759
-1.244253262,-0.009110445088,0.002747646742,-0.007900614377,-0.01949421382,-0.0001489520147,-0.02230192151,0.007254099423,0.00600480181
-1.241512165,-0.01512983422,-0.005070546033,-0.007839607118,-0.01413055743,-0.002696707586,-0.02153846981,0.01381418022,0.007638032106
-1.234693982,-0.01319206179,-0.007634669449,-0.01004302646,-0.01749681733,-0.002328841539,-0.02742857438,0.007922346942,0.009010669663
-1.200645931,-0.0132619819,-0.004314027355,-0.007715798588,-0.01919198422,-0.0006752235122,-0.0238118426,-0.001094953954,0.005165490208
-1.195263842,-0.01191748181,0.0001697974923,-0.004853884683,-0.01213341124,-0.0001064969125,-0.02236629084,0.01547587425,0.007154561647
-1.216088508,-0.00895758031,-0.003538143198,-0.009440438283,-0.01783707256,-0.001144235027,-0.02123511941,0.01148549513,0.007872822929
-1.24139522,-0.00858982243,-0.003531116389,-0.006128420609,-0.01677204413,-0.0002777577787,-0.02730608956,0.005808948912,0.007104088199
-1.24787702,-0.006229895872,0.004227415713,-0.005581449368,-0.01161073993,0.001003312365,-0.02200566675,0.009400334779,0.007539130861
-1.244865877,-0.004998432808,0.003005325746,-0.007736839866,-0.01460740353,0.0008025985973,-0.01981001828,0.01033173519,0.006895453502
-1.258758956,-0.002057638098,-0.000769528629,-0.005898603811,-0.01708153612,0.001216540387,-0.02255584419,0.011578394,0.009297361158
-1.257760152,-0.001255826494,0.005196889743,-0.004507642259,-0.01258809974,0.001668511534,-0.02390434765,0.002977823472,0.008521033002
-1.199833164,-0.001147898591,0.007651373153,-0.007761972167,-0.01193543331,0.001539117839,-0.02199943598,0.0129541558,0.008050294998
-1.267057797,-0.001708673612,0.006168573465,-0.005808001621,-0.01464215762,0.002050721271,-0.02074315177,0.01295669361,0.01018561278
-1.19831049,-0.0009694829595,0.004960605134,-0.003009061353,-0.01473723026,0.002813480189,-0.02197727616,0.009375820365,0.007005890148
-1.264148299,0.0005867791465,0.007862747693,-0.005195717887,-0.01328432298,0.001225971686,-0.02329506334,0.007411531393,0.009043041974
-1.173049944,-0.001069169421,0.007508037922,-0.007575324142,-0.01442064664,0.001911369019,-0.02192706869,0.01193264694,0.008912790922
-1.224050052,-0.000861307326,0.006581483746,-0.001450355462,-0.01491642621,0.001450561621,-0.02054478033,0.007352037368,0.007608989896
-1.211135747,-0.0004495376727,0.004449658828,-0.003934401502,-0.01643738859,0.003001308521,-0.02667617642,0.01254483456,0.008296830832
-1.308846726,0.005159262869,0.0133511236,-0.004621434141,-0.01163298092,-0.001879212832,-0.01897012695,0.009271807837,0.01120779767
-1.039198899,0.01090461407,0.01895435019,-0.002391794247,-0.009146715572,0.006680333873,-0.01829803036,0.004630370379,0.009175112973
-1.539846344,0.006795980633,0.01650361875,-0.0006283939335,-0.01742995305,0.005950565458,-0.02831434315,0.02062695431,0.008534198307
0.01138513495,0.009457907011,0.01161203146,-0.003516009867,-0.01654684065,0.002809506945,-0.01701734584,-0.003250940466,0.00829911281
5.261281936,0.005002374181,0.01662155128,-0.003366583049,-0.006058408244,0.002617970451,-0.01911734503,0.02027098731,0.009850157015
4.906944699,0.004341182512,0.0087720998,-0.005037814729,-0.01290544253,0.0005217356707,-0.02727548623,0.008095796083,0.009053952099
5.142011758,0.004210175816,0.01110413844,-0.004529609794,-0.01844891893,0.004991543896,-0.01804531924,0.003575931145,0.005764945862
4.997127289,0.000231551124,0.01433292473,-0.002723060576,-0.009158397628,0.002183774037,-0.02286664515,0.02039778029,0.008090009873
5.063052688,-0.001689578206,0.004081680701,-0.007484675848,-0.01575336114,-0.0005775734853,-0.02205783615,-0.0002724498613,0.007791415095
5.050192343,-0.0002228609023,0.006004832409,-0.00478086033,-0.01797608846,0.0007563469235,-0.02364196844,0.01453120102,0.006525885559
5.021971173,-0.001150257045,0.007756039792,-0.002749502015,-0.01719880259,0.0001552123834,-0.02352096442,0.002407050536,0.008760266627
5.04431718,-0.004210041587,0.004383025312,-0.008241617647,-0.01603930726,0.001325014085,-0.0205468709,0.01295986846,0.005237168737
5.073482545,-0.001791601216,0.003110553693,-0.008791156163,-0.01611174489,0.0005244464675,-0.02352640926,0.01098910399,0.008446886076
5.041581788,-0.002809992887,0.006675588746,-0.004296428827,-0.01482312305,0.0001055456018,-0.02281152593,0.006831134536,0.007382273284
5.061389171,-0.005001240969,0.006375023871,-0.007594008742,-0.01491457975,0.0004460455179,-0.02121295961,0.01425519528,0.007831088842
5.026060797,-0.002836255862,0.004534016203,-0.00711469866,-0.01563686578,-0.00168654189,-0.0229412801,0.003846063653,0.007081599804
5.086593567,-0.002539056629,0.00242023956,-0.004609420612,-0.01530940414,-9.748187817e-07,-0.02144159739,0.01091178919,0.005891755684
4.909124848,-0.002808844119,0.004643912466,-0.005869904802,-0.0149254436,0.0002691062461,-0.02520884091,0.003209807245,0.008353223471
5.173953686,-0.01207394368,-0.001955614957,-0.008626031088,-0.01602618284,-0.002065083161,-0.02164549387,0.0137384942,0.006967045424
4.752941499,-0.01355769431,-0.007225260231,-0.006074451003,-0.01778985696,-0.002375855395,-0.0228803113,0.01082081517,0.006230101191
5.589931845,-0.01311852512,-0.00237378937,-0.00844323119,-0.01916669607,0.0002023825632,-0.02238639569,0.005226507248,0.005400035599
2.022935255,-0.01298317496,-0.001737071388,-0.009149717454,-0.01332851265,0.001238292292,-0.02611802132,0.003047197795,0.007779104911
-1.775926896,-0.009469743048,-0.003220376122,-0.006955253733,-0.01380187874,-0.003710067526,-0.02128370634,0.005753729995,0.008675870102
-0.9352151055,-0.006894716726,-0.003537199367,-0.006720616553,-0.01661927268,-0.0007865978549,-0.02105038144,0.01299855579,0.008552917698
-1.401437875,-0.007098266487,0.0006762417013,-0.008709284268,-0.01516995561,0.002146082714,-0.02643893278,0.002651462827,0.008402902197
-1.098000175,-0.004370769858,0.005031793302,-0.009129228992,-0.01196148325,-0.002133676203,-0.02129726739,0.02090489606,0.008721240495
-1.354785145,-0.004223783669,0.001616188879,-0.004367803479,-0.01685319646,0.001313329162,-0.02007195494,0.01163407921,0.009356294133
-1.198311656,-0.001692998457,0.007713001141,-0.006529369737,-0.01903531117,0.002684761291,-0.02451375005,0.008629638988,0.009021104788
-1.285371371,-0.0004387832891,0.00300923451,-0.005499039935,-0.01442249859,0.0006460785186,-0.02119220668,0.004363464464,0.009647696016
-1.208923083,0.000920990472,0.004432068168,-0.003407216695,-0.01366178501,-7.471385988e-05,-0.02208286405,0.00757546623,0.009094453081
-1.280111092,-0.0002790975605,0.004999577556,-0.006779874666,-0.0138718605,0.00288160163,-0.02116530572,0.01332786824,0.0085882819
-1.232889102,-0.003810261428,0.004984913821,-0.005373946498,-0.0140439043,0.001822873882,-0.02244841664,0.006803198001,0.007162459792
-1.220576559,-0.00172802068,0.007640645774,-0.00633054365,-0.008090950059,0.003118102185,-0.0245784396,0.01176120284,0.008963346837
-1.287152081,-0.003076192962,0.01124468412,-0.006887176704,-0.01243676696,-0.0001703614896,-0.01898322766,0.01773748944,0.009356253426
-1.27092678,-0.001349973934,0.005713748232,-0.004589486613,-0.01688396936,0.0007127123942,-0.02234765414,0.005733518042,0.008095404526
-1.272331218,0.001926927204,0.009305454743,-0.006476177013,-0.01519292842,0.003793202203,-0.02299087663,0.009397203385,0.008713226588
-1.247724991,0.01067101531,0.01529900399,-0.0009448991524,-0.008961379397,0.00321787292,-0.02134638172,0.004542335086,0.00932312365
-1.255382243,0.009216664277,0.01522720463,-0.001192546983,-0.01243167181,0.003201654534,-0.02207454841,0.01660386649,0.01077066224
-1.249991618,0.008049267881,0.0163215185,-0.001996271814,-0.01540074232,0.004866409694,-0.02107650272,0.01369181943,0.007437886007
-1.22456492,0.007027184885,0.01779131576,-0.003957334269,-0.01201998831,0.003084755639,-0.02182072938,0.008158967703,0.007627481704
-1.256690929,0.005127373314,0.01266616638,-0.004830393841,-0.01124389006,0.0002576786389,-0.02072463258,0.01313227602,0.008394062677
-1.193551258,0.004620990978,0.01083275764,-0.004498167698,-0.01335931889,0.0003704921075,-0.02098058128,0.003945509172,0.008750274945
-1.227563612,0.004354968046,0.009308698404,-0.003342852501,-0.01459447617,0.003096206433,-0.02236778077,0.009213054981,0.006901595799
-1.236717854,0.0008177197748,0.004746827115,-0.004338822982,-0.01589724545,0.001148253345,-0.02328446437,0.006730796636,0.00740114427
-1.22100147,-0.001257897318,0.009490082424,-0.00613365372,-0.01570330985,0.001554761059,-0.02329530158,0.01280427841,0.0078132067
-1.245504434,-0.003690859546,0.007993257841,-0.003108974773,-0.01562002316,0.0001440395081,-0.02332605184,0.01188761794,0.007166286903
-1.285312661,-0.004237601479,0.006585336057,-0.004288906517,-0.01913923889,-0.002099353886,-0.02154541142,0.009378971273,0.006754071089
-1.221404829,-0.002808452748,0.00617226352,-0.005147789531,-0.01812547187,-0.0002972392673,-0.02563620999,0.01059032651,0.006543889087
-1.241494933,-0.002319478456,0.007074937153,-0.007382736416,-0.01276545066,0.00124687669,-0.01947823899,0.0001613594121,0.006203240803
-1.159456313,-0.003854897845,0.004257222779,-0.00593781487,-0.01245383808,-0.001088822822,-0.02451849513,0.005085299182,0.008597867038
-1.230448978,-0.003507587502,0.004581571391,-0.004392679232,-0.01392548564,-0.002245610136,-0.02357332819,0.01330281998,0.009269854923
-1.237248632,-0.003798665199,0.005027578434,-0.006764921771,-0.0131420779,0.002413455883,-0.02069273684,0.008860352645,0.005246974771
-1.238779878,-0.00461045512,0.006928114062,-0.006779312908,-0.01633715737,0.001100034943,-0.02732605289,0.01099812925,0.008442850888
-1.253667739,-0.008238379974,0.004674389257,-0.007121050623,-0.01490058337,-0.002909759313,-0.02368216628,0.01040506106,0.007700492012
-1.251356072,-0.01345277344,-0.007472901415,-0.00909574828,-0.02188480307,-0.001620235575,-0.02294026548,0.007036322385,0.005029827613
-1.2072917,-0.01200928635,-0.006089175953,-0.006815646661,-0.01936058475,-0.000400891982,-0.03038285342,0.01008836764,0.007327374277
-1.241995707,-0.01105333538,-0.009056789634,-0.01009857435,-0.01858814979,0.003196409315,-0.01165025695,0.00328110137,0.005424247394
-1.253078264,-0.009716530841,-0.004101152985,-0.006490226615,-0.0148311231,-0.007126809127,-0.03926366324,-0.002753351063,0.01193280985
-1.245120509,-0.008353693078,0.00239158371,-0.01150253523,-0.008959359269,-0.0008885538145,-0.01479419319,0.03621006988,0.006959987344
-1.187145661,-0.01036470945,-0.005700921746,-0.006853719368,-0.02155837495,0.004619071655,-0.01589119818,-0.001554002798,0.003671016884
-1.196128075,-0.007461818844,0.007148920234,-0.005427175405,-0.01770629355,-0.001752733591,-0.03623194578,0.002704799765,0.009985620744
-1.20685464,-0.002606296677,0.00386987083,-0.006414271432,0.001697998281,0.00106691746,-0.01558635987,0.01141489242,0.009880789848
-1.205767315,-0.004811076117,0.003787016816,-0.003457089362,-0.01865534615,0.0005815508944,-0.02163874693,0.009338920582,0.00556460153
-1.24876771,-0.000349617281,0.002387596201,-0.005383694167,-0.02740181183,0.002540542764,-0.02883068277,0.00647262392,0.008003720246
-1.229636327,-0.002230854347,0.00814811116,-0.008029254384,-0.008126728208,0.001105981415,-0.01764183345,0.006998845324,0.007205005622
-1.269194204,-0.0008641927253,0.009284534118,-0.007254732549,-0.004921041663,0.001164302622,-0.0229857136,0.01758735518,0.01212120092
-1.247777589,-0.002786827069,0.0002683060125,-0.003765803222,-0.02593188245,0.0003473432197,-0.02274661579,0.01517330484,0.007053978167
-1.23665685,-0.0002473989845,0.006296313229,-0.002498849284,-0.01904436429,0.004846107032,-0.01945596247,0.004618983722,0.005716272443
-1.230672366,-3.697074933e-05,0.01121093408,-0.005470995717,-0.00278054571,0.001612649415,-0.02294698139,0.01107059896,0.01108935614
-1.242613195,-3.005400278e-05,0.0005323116447,-0.01111431364,-0.01693864341,-0.001157558878,-0.02471591019,0.002778631782,0.009155898187
-1.210681709,-0.0002949558113,0.00369443438,-0.0007821844852,-0.01305643853,0.00247988299,-0.02465057485,0.01344982423,0.009519242855
-1.221060975,0.004821869321,0.01457957339,-0.002355528453,-0.009093679955,0.005200066808,-0.0173293121,0.01401744712,0.00742856772
-1.276666865,0.009507609967,0.01899690835,-0.006642745708,-0.0108622234,0.004235904117,-0.02508276607,0.01041473698,0.01127332623
-1.252220382,0.007407161384,0.01809304051,-0.002136849578,-0.01687541917,0.003399354405,-0.02421445455,0.01486845167,0.009240245275
-1.21079261,0.00835157626,0.01616387946,0.001416438733,-0.01261463885,0.002812529634,-0.01027110183,0.0007182106197,0.007002641039
-1.180141032,0.005442897516,0.01286100973,-0.00230366359,-0.01448957725,0.002362176608,-0.02767062196,0.02205946209,0.009744502957
-1.210555559,0.00498225953,0.00662251728,-0.005289608561,-0.01739613508,0.003071161324,-0.02809393761,0.001742843956,0.009840884954
-1.27872633,0.004265441771,0.01748963395,-0.006223072142,-0.01042910264,0.004093628364,-0.01454638079,0.007001278451,0.005782618255
-1.252137597,-0.0006397750471,0.01296762152,-0.003647406073,-0.007643736145,-0.0002205364693,-0.02455194977,0.02075784713,0.008446012362
-1.23251006,-0.001179020354,0.002253752413,-0.005484906062,-0.02084079846,-0.001273440399,-0.0206213094,0.009143938395,0.008804213177
-1.169819576,0.0008551793248,0.01003282406,-0.003761964905,-0.01487089531,0.001988832151,-0.02401376151,0.00297957722,0.006736071131
-1.262461581,-0.00261684292,0.008760966577,-0.008415100439,-0.01196036093,0.001011417454,-0.02628405817,0.009226361621,0.007195191211
-1.215492478,-0.004986254746,0.001137463794,-0.00423716386,-0.01886899907,-0.0009763112375,-0.01910685251,0.00763091783,0.00509344157
-1.288626811,-0.001155976091,0.002914339178,-0.001673392352,-0.02063937111,0.001418499734,-0.02684251932,0.009919992965,0.008818883387
-1.174419926,-0.003222383368,0.007000023183,-0.005714642157,-0.01405890826,-0.0006257290314,-0.02303473732,0.00723387629,0.007348953292
-1.247238001,-0.005264466088,0.008218077746,-0.01038202001,-0.01303801903,0.0005466020627,-0.02188766298,0.01075913349,0.006765557194
-1.211631238,-0.002771263116,0.003382053546,-0.000843768477,-0.01717601744,-0.0005592473818,-0.02360708252,0.01013852584,0.007395579023
-1.191465232,-0.002597294565,0.005930879164,-0.005793029676,-0.01845010316,0.0004212721704,-0.01967670671,0.00797999953,0.005459975151
-1.214148691,-0.00287064537,0.005313529275,-0.007953306187,-0.01222544376,-5.097885081e-05,-0.02228037105,0.01004844543,0.008575819241
-1.231522587,-0.01147672161,-0.004034267892,-0.006937821416,-0.0157685593,-0.0004951960026,-0.02657643383,0.006557367715,0.006460643947
-1.245372224,-0.01420092882,-0.00741495466,-0.005393516818,-0.01928589682,0.0003585239227,-0.02682266883,0.0009208226865,0.007468908081
-1.146199247,-0.01328316779,-0.001255476425,-0.0110589568,-0.01738362287,-0.001227336419,-0.02056789584,0.01865657459,0.006184870215
-1.324329485,-0.01230755834,-0.007812440353,-0.00969214385,-0.01444862287,-0.006186560151,-0.02400386859,0.01353519919,0.009013443099
-0.6485675312,-0.008080831361,0.0002538116859,-0.006753961098,-0.01826142145,0.00157849827,-0.02181079997,-0.003279565114,0.007768240085
4.778553526,-0.009549920579,0.004118477555,-0.006674235312,-0.01402094541,0.002312616598,-0.02544000574,0.0142374757,0.006596199947
5.075073215,-0.007938433686,-0.008775139724,-0.007155979067,-0.02052279122,-0.00414655334,-0.02182346532,0.01364115966,0.01143806322
5.030235868,-0.002800956204,-0.001536225317,-0.006183175089,-0.01248747146,0.002434443258,-0.01933226978,0.001666220731,0.007900004972
5.061162333,-0.00426454502,0.009077489748,-0.008601922545,-0.01186492247,0.002941566498,-0.02656365482,0.008443782004,0.009117135281
5.031171152,-0.005710400634,0.00225769113,-0.008628577237,-0.01391964389,-0.0008375860728,-0.02162637698,0.009885848261,0.008076998107
5.070915491,-0.001255723314,0.004537619311,-0.002258531512,-0.01280769312,0.0001981600928,-0.01794529996,0.01538351074,0.008660644307
5.057742274,0.001195070048,0.01013327412,-0.005810225097,-0.01506431045,0.002012746311,-0.02642330582,0.007000576073,0.008606357303
5.051726515,-0.00156945983,0.00748290195,-0.008133966046,-0.01534435576,0.001474431961,-0.02198832186,0.003030564918,0.007503664776
5.051296788,-0.0006997341389,0.006989250008,-0.004199264548,-0.01310795256,0.0009752145322,-0.02076938078,0.01659088385,0.009337024532
5.071078729,-0.001013392248,0.001757142385,-0.004263614432,-0.01622476108,0.002689166416,-0.02027387185,0.006514720014,0.009281489226
5.07958235,-0.0006251968536,0.007670537605,-0.006793983382,-0.01494238314,0.003086857405,-0.02481510486,0.01402955029,0.00881978978
4.976403593,-0.001935207434,0.008066117191,-0.006231127199,-0.0115026194,0.0007870290866,-0.02011294449,0.006089273921,0.008555818456
5.059258598,-0.001096851161,0.007747833098,-0.005402604079,-0.01262435078,0.0004093407264,-0.02072248464,0.01342604377,0.008447364055
4.929339918,0.009053008124,0.01387894904,-0.004302875144,-0.01324907208,0.003850325937,-0.02066514597,0.01079644192,0.009200390728
5.194058035,0.009938206544,0.01726495923,-0.003841413301,-0.01092112316,0.003080018027,-0.02376123631,0.006764506158,0.00897577863
4.781330977,0.007599070868,0.01501907297,-0.002286521287,-0.009080835509,0.002986638778,-0.0221744849,0.01351980777,0.009888875742
5.542581032,0.005112699804,0.01686025046,-0.00282996079,-0.01567784733,0.004118950733,-0.01985165775,0.008764786366,0.008405463048
2.791319757,0.003145434401,0.01216022196,-0.002575857844,-0.0179137674,0.003048375294,-0.02122635663,0.009278851382,0.007113664524
-1.726886997,0.005056634117,0.01357870628,-0.002767226216,-0.01275701893,7.880999397e-06,-0.02316844566,0.01357930776,0.009665215421
-0.9970936638,0.002874994192,0.0114542973,-0.003906021125,-0.01415309034,0.001926533967,-0.01840572794,0.003350959445,0.008834330528
-1.470161684,0.001044898742,0.00977856637,-0.006254475458,-0.01520361892,0.002372701294,-0.02407934368,0.01102226895,0.007853524718
-1.109836317,-0.001205128981,0.003875150544,-0.005168815962,-0.01740867759,-0.001457949636,-0.02232219715,0.01075700955,0.007956916975
-1.288594665,-0.001679903739,0.005580827046,-0.00626750435,-0.01458168749,0.001391751029,-0.02107434596,0.008957380875,0.00683311384
-1.220038424,-0.003722798388,0.009923355865,-0.007276841461,-0.01240279705,-0.0001305785196,-0.02526057381,0.01313103311,0.00711228783
-1.249512361,-0.004932749054,0.002311813789,-0.00717549476,-0.01712633553,0.0003802947055,-0.02422386155,0.002852006612,0.006964579624
-1.248874253,-0.002617425038,0.0041335149,-0.004889236914,-0.01820395841,0.001444089213,-0.02162674775,0.00835590777,0.006622441436
-1.2819053,-0.002208298353,0.005825654647,-0.006265939839,-0.01418123995,-0.002197644037,-0.02394766899,0.01225947896,0.008835323607
-1.238334039,-0.002684298502,0.001878252884,-0.006953598567,-0.01463468058,-0.0003540024068,-0.02166469875,0.00592754425,0.007344360616
-1.227060498,-0.003341650472,0.006184664117,-0.005315682301,-0.01662875157,0.002981884959,-0.02426377695,0.01041576826,0.006756464941
-1.209789301,-0.003314310351,0.007507154205,-0.005270801943,-0.0157918137,0.0005080557302,-0.0218110812,0.009259157237,0.006621149004
-1.268929167,-0.004821719176,0.002299534209,-0.0062799719,-0.01668557631,-0.001045732128,-0.02201013228,0.01078085835,0.007967859007
-1.238348022,-0.01249015157,-0.005853294769,-0.008902818284,-0.01741500355,-0.001346930008,-0.02509845746,-0.001738833015,0.006691415363
-1.267430755,-0.01427636141,-0.003777047043,-0.008746798496,-0.01590708712,-0.002571620386,-0.02560236777,0.01511098522,0.004882311964
-1.235426886,-0.01210457879,-0.008075196556,-0.00878086802,-0.01789328997,-0.003655524257,-0.02323608651,0.004535196927,0.007124600855
-1.253238343,-0.01073920053,-0.001098462399,-0.009430192653,-0.01515902263,0.001426575289,-0.02334598938,0.009713721974,0.00628084401
-1.263156099,-0.008304054171,-1.099120815e-05,-0.006976013935,-0.01286249565,0.001206644763,-0.02493067576,0.01282693847,0.007225067242
-1.242938323,-0.009246499408,-0.001490637761,-0.006940770868,-0.01795969384,-0.0001138372954,-0.0204622278,0.005430691534,0.006869059152
-1.207441073,-0.007122554742,0.000543030123,-0.004490490787,-0.01645869637,-5.486836556e-05,-0.024949359,0.01290818573,0.008585760548
-1.271415973,-0.004593845422,0.0001632355958,-0.006899835824,-0.0158887592,-0.0006539846638,-0.02280817782,0.001252191938,0.006821116731
-1.258097423,-0.002658991167,0.00275618542,-0.006974139013,-0.01233111874,0.001721509047,-0.02294156778,0.01217010005,0.0083656585
-1.226395483,-0.002058681796,0.005954906616,-0.005651904988,-0.01384757776,0.001068237561,-0.0227532509,0.009871415096,0.009922711583
-1.263623994,-0.001575561321,0.005968145717,-0.006622388302,-0.01584504663,0.002201016762,-0.02283007061,0.009974703961,0.007334135056
-1.241736466,-0.001232884033,0.006988332336,-0.006019137886,-0.01372456125,0.001302776194,-0.02254097552,0.01391854489,0.009130158404
-1.284321142,-0.001544155649,0.006199752833,-0.004520106964,-0.01126249128,0.0006892207493,-0.02062192469,0.005447662518,0.008842366132
-1.251592297,-0.001174748951,0.006161292512,-0.00534253647,-0.01467269926,0.002273506432,-0.02205996278,0.01000689901,0.008071616776
-1.247306841,-0.0008484795303,0.004096156644,-0.005016141861,-0.01379751494,0.00145366109,-0.02362764494,0.005563949618,0.008240911418
-1.217011647,-0.001315620854,0.005878356057,-0.005123426385,-0.01406999744,0.0005942699433,-0.020444507,0.01172954138,0.0102225676
-1.193523995,-0.001572305875,0.006331839889,-0.005769002825,-0.01345162882,0.0018932242,-0.02233931434,0.01155099655,0.007931935294
-1.29995167,0.001945123032,0.01255064803,-0.004714551333,-0.01309433077,0.003041804469,-0.02194521606,0.009176489852,0.007571513552
-1.262403285,0.01072837724,0.01940762829,-0.0006281744892,-0.0107367765,0.00402004765,-0.02113574378,0.01500336198,0.009826673899
-1.245156003,0.007901267913,0.01405480974,-0.003087586846,-0.01316349917,0.00176300968,-0.02203555355,0.007095666231,0.008334713209
-1.250621843,0.008548447044,0.01833159266,-0.00168569276,-0.01175027549,0.00581602596,-0.02140897075,0.01271220154,0.008811118213
-1.215772834,0.006266840744,0.01272997873,-0.003349230104,-0.01520368149,0.001096783008,-0.0231768673,0.006847312837,0.008354623164
-1.262065642,0.004137522992,0.01315702802,-0.002046931939,-0.01195679896,0.00463629005,-0.02245853204,0.01258052669,0.008110402914
-1.224951165,0.004054583386,0.01086811287,-0.007933821121,-0.01653316121,0.004418819434,-0.009254806932,0.007797111618,0.006902877107
-1.229158921,-0.0002589551162,0.009984688352,0.00160057309,-0.01370645438,-0.007181445763,-0.04721652435,0.0005112305204,0.01253044864
-1.2166133,-0.0003842524349,0.007083656102,-0.01190953957,-0.01286090367,0.003598958891,-0.004757918496,0.03556692165,0.003849783306
-1.271807957,-0.0015927409,0.005775168538,0.002851826086,-0.01940755576,0.003446307141,-0.02333294877,-0.01582969656,0.003237263488
-1.228970252,-0.002616375667,0.01190851151,-0.008657615324,-0.01710898407,-0.003048006592,-0.03670164914,0.01290108251,0.01043230886
-1.240528943,-0.002633480479,-0.003031998264,-0.009587141221,-0.006084755029,-0.002163770228,-0.01288673031,0.01553695506,0.00704640567
-1.274357086,-0.004718976111,0.009728937691,-0.001693821332,-0.0219008883,0.002760436047,-0.02657861489,0.006311021802,0.005830792629
-1.217555859,-0.00280230064,0.005403293178,-0.002283073462,-0.01573550488,0.004308599175,-0.02703568448,0.005807729497,0.007149190363
-1.223064472,-0.006417326981,0.001903833585,-0.01202418792,-0.01545481334,-0.006102788996,-0.01945488479,0.001686096906,0.01043519219
-1.262558163,-0.00138388217,0.006939256175,-0.003711002124,-0.007419644554,0.0002429550857,-0.02593916459,0.02530928574,0.009511179407
-1.284975161,-0.006125440767,0.002515764157,-0.005368037086,-0.0256218243,0.002208189189,-0.02003856193,-0.0003373137911,0.00411537915
-1.222658544,-0.003020632901,0.006075045954,-0.004221331295,-0.01306365734,0.003316326502,-0.02540664809,0.00757910268,0.005313248662
-1.241727445,-0.008060255144,0.0008506818672,-0.01168563662,-0.009980273398,-0.004140573289,-0.02289162542,0.0174905728,0.01049598864
-1.191593612,-0.01441485119,-0.01178603055,-0.006693209858,-0.01951384319,-0.002597670075,-0.02382027821,-0.002276105774,0.005275406108
-1.277198158,-0.01318604794,-0.002816456922,-0.004191983778,-0.01970218802,0.001823636064,-0.02652711284,0.01220497136,0.006676661556
-1.173938626,-0.01289533697,-0.004336507322,-0.009030796813,-0.009108025549,-0.003045488115,-0.02202872739,0.003487353357,0.007882603507
-1.305096037,-0.009409457535,-0.002037569408,-0.01149889692,-0.01681248229,-0.0006277848697,-0.02444573958,0.01780046914,0.009486419391
-1.229652602,-0.008991300144,-0.001124051177,-0.001642298917,-0.01764736264,-0.0003753940831,-0.02555484628,0.004658855582,0.008643169321
-1.226883285,-0.009830176138,0.0006561165157,-0.008234686881,-0.01550739746,0.001040323516,-0.01863002704,0.006353991697,0.005083537514
-1.242104882,-0.005716359344,0.001834222288,-0.006403911082,-0.009392340799,-0.001765948567,-0.02574743836,0.01657944233,0.01129135526
-1.266947987,-0.004011804613,0.002308462343,-0.006701002975,-0.01780869585,-0.0007494171448,-0.02350607694,0.001205401147,0.009253666993
-1.28156399,-0.002275276666,0.006642404154,-0.003930016318,-0.01551327113,0.003571350163,-0.02435914439,0.009605413288,0.005895089502
-1.263831938,-0.003245329293,0.003737942326,-0.007322355698,-0.01375674802,0.0009787336724,-0.02231411917,0.01043711431,0.007786523657
-1.180422426,-0.0006799341645,0.005372461757,-0.006303257591,-0.01382808111,0.001269955291,-0.02097321327,0.01300026928,0.01046611804
-1.201693712,-0.0003469495289,0.006402419191,-0.003860570621,-0.01367564806,0.002578671862,-0.02501435691,0.006753368499,0.009295209314
-1.23287311,-0.002371978918,0.006609063202,-0.006397733113,-0.01329941801,0.002003429052,-0.02114944296,0.008616352374,0.007020230523
-1.231317284,-0.002274182355,0.0058509412,-0.006069445532,-0.01380101652,0.00171365944,-0.0207834899,0.01846587736,0.008863661771
-1.273031691,-0.0009590460341,0.004280899939,-0.004621407477,-0.01681219087,-0.000394716988,-0.02237743317,0.007353899376,0.01029157693
-1.240451856,-0.00123482436,0.008331581163,-0.004493099966,-0.0137688961,0.004020131261,-0.02667819733,0.005964802597,0.00869050588
-1.236173796,-0.001416465328,0.00995830172,-0.00735561668,-0.01216339199,0.002016595615,-0.02036686905,0.008897815858,0.008096375709
-1.192346625,0.007497068049,0.01293023818,-0.002577229811,-0.01214643784,0.00267236436,-0.01898889309,0.01636482658,0.01047721846
-1.193995542,0.01104837243,0.01615916614,0.001800239744,-0.01483817291,0.003905289642,-0.02190291929,0.007674137437,0.01001486554
-1.191801807,0.00772413339,0.01895382143,-0.003228047747,-0.008976896433,0.003911217188,-0.02360741744,0.007648059501,0.008260157974
-1.218110864,0.007153580425,0.01561118492,-0.006411209009,-0.01159322843,0.002028837996,-0.02020259102,0.0151273516,0.00933212201
-1.296502755,0.005670867753,0.01054227969,-0.0003359929459,-0.01597148669,0.002758123338,-0.02160632518,0.008980278476,0.008544333907
-0.8943673725,0.005321889333,0.01312006228,-0.003093653205,-0.01511272348,0.006413382592,-0.02235962219,0.0120916216,0.007798833547
4.589613819,0.002246025012,0.01137733115,-0.005604001679,-0.01431351003,-0.001663856189,-0.02215505645,0.004957918152,0.008484746851
5.140700155,-8.571446727e-05,0.008582658718,-0.00521393955,-0.01089157594,0.001212712443,-0.02072697919,0.001974255252,0.006937351509
5.057687089,-0.001833610701,0.00738616327,-0.003700634504,-0.01650783084,0.004880410967,-0.02655261849,0.02127485488,0.006706258044
5.100434513,-0.001814837725,0.001027284657,-0.005838074854,-0.02055914879,-0.00226507276,-0.02221888167,0.001977826067,0.006573643309
4.992531994,-0.003538954524,0.007902531387,-0.005661536657,-0.0104414662,0.001036159346,-0.02100734793,0.01095216606,0.006551803604
5.019551422,-0.004442277677,0.007758871345,-0.008176637592,-0.01422642713,-0.0001141275964,-0.02469956621,0.0148386299,0.007466146532
5.060964323,-0.003592115656,0.001829532725,-0.002794493882,-0.02237996613,0.000680162518,-0.02278127311,0.001605710917,0.006651158189
5.066025031,-0.002442531066,0.005984915487,-0.002625368466,-0.01398241635,0.001453278122,-0.02187193226,0.015263455,0.00891694261
5.04975794,-0.003258618469,0.005471997838,-0.006651539107,-0.0117954395,-6.135755717e-05,-0.02393159549,0.004636103121,0.008132547619
5.05101819,-0.002937566868,0.001777374899,-0.006300751286,-0.01856159921,0.0002164886995,-0.02169207129,0.009144212765,0.006727564443
5.052788586,-0.00320207794,0.006170279744,-0.00163101639,-0.01526096564,0.0005884258852,-0.02339044259,0.01129160449,0.009474879615
5.027790756,-0.005185243481,0.003619996489,-0.007155898404,-0.01524583714,-0.0004038158207,-0.02018219807,0.006584844043,0.006509419052
5.083088048,-0.01384225935,-0.007172768303,-0.01013735275,-0.01688870517,-0.001422645926,-0.0248028755,0.01175961736,0.006339475112
4.955464585,-0.0126898983,-0.004282281981,-0.007811385598,-0.01858261755,-0.001620325932,-0.02433845463,0.002770371187,0.009308474983
5.123208553,-0.01432183315,-0.002544631871,-0.008812218067,-0.01690420001,-0.001227848086,-0.02354648214,0.01034282777,0.006772539353
4.803627035,-0.01078189959,-0.006351564189,-0.01018559256,-0.01684856195,-0.0006922278474,-0.02315330209,0.007760071435,0.007716403121
5.440534856,-0.007943258588,-0.001673017619,-0.005618935964,-0.01465465503,0.0006007084815,-0.02431569358,0.00930793363,0.00876867123
3.389325854,-0.009653441677,-0.0004660011418,-0.006986205109,-0.01375283106,-0.0003071845976,-0.0241697364,0.008285788344,0.008436732326
-1.57126608,-0.00859482133,0.000639833187,-0.00699631632,-0.01502879563,0.001054729664,-0.02323782106,0.01012361328,0.007218674385
-1.058029055,-0.004482507977,0.0009265494399,-0.005183014639,-0.01608616265,0.0002259066807,-0.02292219895,0.01146900444,0.007475126442
-1.307798049,-0.001700968488,0.004191418219,-0.005578509416,-0.01464927148,-2.980992825e-05,-0.02268457762,0.006763795482,0.008051480171
-1.145740143,-0.003112479613,0.006519211306,-0.006875027599,-0.01315586608,0.0006832232606,-0.02216079724,0.008894927331,0.009095181633
-1.27811763,-0.001715293395,0.00559595258,-0.00509337903,-0.01437255883,0.002765572834,-0.0244783722,0.002274900039,0.008276926801
-1.234837674,0.0002268239551,0.005452900025,-0.006413324353,-0.01276599682,0.0003524560449,-0.02011003269,0.01515031421,0.009265996439
-1.271095652,-0.002216833181,0.005203740553,-0.005404616662,-0.01386624694,-0.001700513076,-0.02338456598,0.01207576919,0.01064633818
-1.213697582,-0.001348743826,0.005807397915,-0.0061405378,-0.01528637297,0.002920416533,-0.02282287494,0.007616319017,0.007928410177
-1.293874781,-0.001160005021,0.006756996333,-0.005070539727,-0.01200804697,0.002514811593,-0.02147075558,0.01084885969,0.008370355991
-1.211302428,-0.001123323736,0.006247835067,-0.005417963519,-0.01577297939,-0.0003601857297,-0.02165226782,0.008541689937,0.008365032458
-1.224322247,-0.0009667874131,0.006472538062,-0.004721108173,-0.01526710654,0.0009426288119,-0.02425841997,0.01399439814,0.008544729717
-1.247346466,0.003671990416,0.01056857383,-0.002986808419,-0.01429336324,0.002968903036,-0.02120401537,0.002674115173,0.007778521629
-1.279692942,0.01068165732,0.01678491799,-0.003427340665,-0.01048196167,0.003805209724,-0.02163634599,0.01144349684,0.0104623763
-1.252858937,0.008276790987,0.01617636671,-0.003478295591,-0.01210555681,0.001269215698,-0.02046035341,0.01474447532,0.009813816129
-1.259277033,0.006444240906,0.01711401408,-0.001547473578,-0.01265909668,0.004729101723,-0.02217662283,0.007618470424,0.008386996844
-1.283193846,0.00528247306,0.01484560708,-0.004757519813,-0.01383314609,0.002927912008,-0.02319420464,0.01295312618,0.007954614008
-1.280349925,0.00361621085,0.01308328285,-0.004699082616,-0.01292098092,0.0005808903967,-0.0209418686,0.006452282607,0.008944279451
-1.191756805,0.005665741039,0.01113014476,-0.003725356426,-0.01397992713,0.002758332113,-0.02190945128,0.01286321935,0.007900807239
-1.239287359,0.001548606012,0.007468855116,-0.00381562119,-0.01597443053,0.001208118656,-0.02280313039,0.003066799195,0.007918057207
-1.222416473,-0.000579968454,0.007818519721,-0.005767145017,-0.01240332487,0.001377676421,-0.02336821785,0.01036896424,0.007425333064
-1.187813978,-0.002142339237,0.007831729645,-0.005865137122,-0.01525300167,-0.0008254202523,-0.02310064521,0.01079446071,0.007321853155
-1.247093146,-0.00274443407,0.006253364204,-0.005284954904,-0.01678637296,0.0008901412312,-0.02373762654,0.005481249891,0.006640858072
-1.201392725,-0.003733149885,0.003652390653,-0.006899287747,-0.01543739374,-0.0004711128882,-0.02382816138,0.01272188664,0.006415883936
-1.249473684,-0.003522488741,0.005474528378,-0.00591573678,-0.01408787461,-0.001643416401,-0.02273856321,0.004945207415,0.00725856965
-1.255418242,-0.003190336323,0.006086205796,-0.005269499885,-0.01566658017,0.001772209144,-0.02343770386,0.01123844351,0.008962216642
-1.252891922,-0.004884318655,0.004184408336,-0.005852715266,-0.01645014081,0.001634763353,-0.02473814336,0.004657587861,0.007089962222
-1.256004406,-0.004371983485,0.006054052068,-0.006201251984,-0.01307119822,0.0009212469043,-0.02129730294,0.01025916381,0.007473161208
-1.224883589,-0.003511784476,0.004634791297,-0.006495080734,-0.01510227653,-0.001969963261,-0.02248875087,0.01254306498,0.007906108465
-1.222443048,-0.003143850359,0.005955882446,-0.005184758172,-0.01723396308,0.001246526408,-0.02196781098,0.006338777107,0.006292326135
-1.209893916,-0.008907284841,9.651162055e-05,-0.006112010929,-0.01598993625,0.0001542198511,-0.02382592118,0.01079832298,0.004833169947
-1.237183856,-0.01405042725,-0.007521998406,-0.01013249248,-0.01726622864,-0.003144774816,-0.02433116248,0.004353608289,0.007380305887
-1.251838236,-0.01235858169,-0.003031587851,-0.0071875168,-0.01607224315,-0.001172635085,-0.02399433545,0.01060068715,0.008119763639
-1.251278288,-0.01166208428,-0.004491642163,-0.007852120827,-0.0169920181,-0.001043164753,-0.02473790523,0.004400756018,0.006447304035
-1.237376804,-0.01039970072,-0.001366295417,-0.007977267108,-0.01547327978,0.0006263368867,-0.02463720716,0.01034129331,0.006482457742
-1.273935932,-0.0092299039,-0.001598655121,-0.007558916742,-0.01639991728,1.745711432e-05,-0.02331717457,0.01173873996,0.007987925714
-1.250115747,-0.00823786463,-0.0007720915241,-0.006779727588,-0.0138740678,0.000248464245,-0.02182240253,0.007023099765,0.008085765442
-1.248132884,-0.006531205857,0.002892938435,-0.007326101229,-0.01321053468,0.0008410213772,-0.022011717,0.01311945067,0.007707238301
-1.251857873,-0.002974210486,0.002347224301,-0.003869973918,-0.0149276807,0.001510699206,-0.02860364542,0.005711537248,0.008041479079
-1.268465697,-0.003100349914,0.003963892474,-0.008079564798,-0.01548765908,0.00286376706,-0.005181087969,0.01554586151,0.006444712025
-1.25494467,-0.001374742327,0.00587601829,-0.001073247309,-0.01388930681,-0.003913325711,-0.0448016607,-0.002318923666,0.01238556002
-1.234968603,-0.001032023029,0.01032537993,-0.01037431003,-0.01315536114,0.00550754928,-0.01554965619,0.0246674785,0.006467805244
-1.253209421,0.0001747601561,0.002366067707,-0.001558999376,-0.01432456722,0.002751988249,-0.01061678663,0.001773189553,0.005247565057
-1.262464299,-0.001228705594,0.009475856633,-0.001924491077,-0.01567447321,-0.001691346642,-0.03753983544,0.009625580744,0.01316715859
-1.219640147,-0.0003358022477,0.003564369909,-0.01436012405,-0.007853791931,0.002745491913,-0.01498782253,0.01366429371,0.006831640328
-1.194342851,-0.001402328497,0.006345094398,-0.0006681072498,-0.01682142384,0.000555780379,-0.01991745002,0.004969791608,0.005527722558
-1.21556656,-0.0007694222036,0.007161771914,-0.001228133297,-0.01583795547,0.00339019266,-0.02904486634,0.01732931991,0.009140091786
-1.217435508,-0.0007868768404,0.006138711928,-0.01124775001,-0.01547825481,-0.00110384462,-0.01627481521,0.001185653196,0.009118936192
-1.179472305,0.008009901745,0.01783521662,-0.001817763359,-0.007818117675,0.002715714748,-0.02578444411,0.01887489621,0.0115161313
-1.242899081,0.008554742215,0.01528785573,0.0001584371858,-0.01599951195,0.002863971762,-0.01793374646,0.01703575631,0.007609193511
-1.241097172,0.007528729169,0.01663251352,-0.002556829952,-0.01719315937,0.006711673655,-0.02152867027,-0.002405104768,0.006448614672
-1.304132408,0.008448335926,0.01687040986,-0.002643175507,-0.007052794062,0.002695241823,-0.02367562601,0.01909681897,0.01107015872
-1.234110936,0.00467845127,0.005358255748,-0.003613888297,-0.01478193637,-0.001970348738,-0.01786351904,-0.0001448668182,0.01005305531
-1.216172688,0.005439737956,0.01538761351,-0.002872457497,-0.01287712655,0.005211131615,-0.02195335657,0.02128429072,0.006730986287
-1.222127108,0.002643485841,0.01302442785,-0.002737656212,-0.01207827625,0.0006560105309,-0.0213304989,0.003492215514,0.008878040035
-1.27964748,-0.002059358232,0.009109427681,-0.00777021371,-0.01370281995,0.001356078689,-0.02479165369,0.01334338809,0.009270756062
-1.222563496,-0.001570561365,0.007936610778,-0.003143270209,-0.01778368166,0.0004370800287,-0.02563640234,0.01459703512,0.007437962
-1.194993004,-0.002393753192,0.008703031252,-0.002308531951,-0.01938996443,0.001099474761,-0.01675179523,-0.0007130620047,0.004126676041
-1.134227366,-0.004058595964,0.004828895832,-0.004537032914,-0.0157237468,0.001115228265,-0.0260750484,0.01510934548,0.008192900933
-1.221407688,-0.005148176924,0.0005556319301,-0.008919326494,-0.01653735802,-0.002342652182,-0.02632328028,0.002632206906,0.008884067747
-1.225695179,-0.002762538346,0.007899750263,-0.005473865749,-0.01256685358,0.003031472898,-0.01755117926,0.01267956476,0.00612244784
-1.262257675,-0.005983243562,0.004973617448,-0.002656099016,-0.01364628981,0.001082045577,-0.02348230016,0.01061569185,0.00732633535
-1.245194814,-0.004658030026,0.003387353139,-0.007873365018,-0.01771806928,-0.0004151582085,-0.02103495242,0.01270712879,0.007348631267
-1.249541914,-0.001762595224,0.005934285272,-0.00611736705,-0.0132909762,0.001522715626,-0.02597297888,0.002041231915,0.008465041832
-1.229202115,-0.004199942393,0.005618402636,-0.005279098921,-0.01417911044,0.0009084860304,-0.02114172561,0.007436917067,0.005650562989
-1.229876137,-0.004665233607,0.0005538644582,-0.005489771302,-0.01534414675,-0.001428371706,-0.02129079878,0.01470329618,0.007829768861
-1.221539793,-0.01203464381,-0.006809836778,-0.008462346541,-0.02110605708,-0.0009075396134,-0.02311842315,0.005282767447,0.007326179223
-1.200182659,-0.01427859406,-0.001910150486,-0.006579988993,-0.01203797208,0.0004747107874,-0.02665204119,0.01168081235,0.006477607024
-1.257612504,-0.01436531241,-0.003203187125,-0.01033809912,-0.01894136238,-0.00477788531,-0.02131525102,0.004855685499,0.007673684327
-1.171226772,-0.01171239953,-0.004047301569,-0.006689440752,-0.01723129473,-0.00167137511,-0.02396697058,0.01582192145,0.00749975185
-1.393346871,-0.007604320281,0.0003979488475,-0.005284035779,-0.01734019948,0.00221817844,-0.02021875879,0.004038587789,0.006070621844
-0.9920757365,-0.008870093643,-0.001906809854,-0.009225681811,-0.01284576595,-0.001197884567,-0.02785306208,-0.001570603431,0.009315588215
-1.615291044,-0.008283396542,-0.001272952952,-0.008232124909,-0.01253369273,-0.0009442699048,-0.02364782136,0.01949853601,0.01003844965
3.113763193,-0.003916645262,0.002068123584,-0.004900171891,-0.01536798215,0.003072599947,-0.01941011092,0.006430051819,0.005473639185
5.53650124,-0.004225479266,0.005603939257,-0.008674685122,-0.01850182583,0.004628092097,-0.02519391951,0.01899034571,0.007192226967
4.817977817,-0.003249594157,0.004232414672,-0.00823825333,-0.01348231087,-0.002668274753,-0.02642711001,0.01016349376,0.008529145098
5.163618401,-0.0007662897425,0.007768269421,-0.005892144642,-0.01334301279,-0.000313298621,-0.01472326453,-0.004025199981,0.007691267893
4.926724969,-0.0001359690994,0.005880115503,-0.005532022185,-0.01618338725,0.005228867918,-0.02849297634,0.01782244946,0.01049939325
5.106978026,9.342350782e-05,-0.002991399189,-0.003599653678,-0.01869950332,-0.001180284578,-0.02060631012,0.005165625611,0.00946259288
5.04388346,0.0005185264448,0.007089274713,-0.005990599462,-0.00708435626,0.003507199058,-0.01789005969,0.00933516767,0.008389868106
5.051542241,-0.002179878426,0.01057515703,-0.006726410138,-0.008072562918,0.003409534022,-0.0244348524,0.0172448648,0.0113687644
5.072239778,-0.002500685797,0.005365026088,-0.003247575724,-0.01726997146,0.002053619843,-0.02174650602,0.008924933594,0.008040612285
5.085688843,-0.001479733047,0.009756375006,-0.005103908654,-0.01423141899,0.002788844523,-0.01810320272,0.01089023203,0.0089927828
5.071670836,0.002819403305,0.01263594387,-0.002610280201,-0.01193752529,0.00507671558,-0.02575886123,0.009004732914,0.008898782573
5.084432684,0.0105372898,0.01230695989,-0.003237527492,-0.01565808264,0.002837091813,-0.01812074849,-0.0003108044244,0.007590106324
5.057771393,0.009699148935,0.01697572595,-0.00308791658,-0.01168944439,0.002633736047,-0.02289017687,0.01592416328,0.01160739868
5.083680826,0.008299636934,0.01519690819,-0.001780327778,-0.01194361865,0.004301668667,-0.01759733749,0.01296982288,0.009160833502
5.090067699,0.004499639392,0.01401002802,-0.006964300814,-0.01428502318,0.003159886222,-0.02207577153,0.013078981,0.007843859491
5.025879791,0.003493788069,0.0143875134,-0.005023547494,-0.01425163174,-0.0006958846596,-0.02332080698,0.007142586357,0.009644756214
5.118994427,0.005139329264,0.01534778985,-0.003105357984,-0.01185802838,0.0005730365578,-0.01910892739,0.01392223931,0.006611613042
4.53725986,0.003380833551,0.006448819315,-0.004701835221,-0.01611457623,0.0007560985858,-0.02226155425,0.002053095001,0.008773273163
-0.8830941233,0.0009305972365,0.004980420768,-0.005469540706,-0.01376455382,0.0007023037617,-0.02340295502,0.01032845144,0.007096668091
-1.324144106,-0.00113719185,0.005564319395,-0.003937844772,-0.01283977488,0.00321464598,-0.02639441582,0.0005874867551,0.007510598579
-1.24871129,-0.003407949337,0.01005667421,-0.006923721868,-0.01803332437,0.002168947335,-0.0221536828,0.01587303714,0.00685502994
-1.277667132,-0.005339597278,0.003886104716,-0.003046881061,-0.01594870879,-0.0048904408,-0.02111292999,0.0152297085,0.007702013753
-1.228560469,-0.004197540715,0.004933890279,-0.005766361097,-0.01696896425,0.001658136978,-0.02614783108,0.005213235973,0.007005774457
-1.274166933,-0.002355246037,0.009226196689,-0.007617954056,-0.01495762735,0.001729174707,-0.02051740931,0.005739105869,0.005299699247
-1.20453756,-0.003346745109,0.003929380064,-0.003027175511,-0.01431037655,-0.001958000331,-0.02390808349,0.006220366022,0.00973491596
-1.265529215,-0.00378730477,0.002295256562,-0.007529920044,-0.01918040487,0.0005093143809,-0.02271413878,0.0140343278,0.007715229638
-1.245222602,-0.003515468768,0.006420867213,-0.005881687709,-0.01264787382,0.002747726354,-0.02346144489,0.005218436738,0.006059854582
-1.238667326,-0.005414435287,0.006983057955,-0.005650638005,-0.01309214954,0.0008823649231,-0.02331124589,0.01053171911,0.007425025832
-1.224115486,-0.008664601382,-0.002044904646,-0.008001180697,-0.01622334136,-0.002632828279,-0.02268250131,0.01337356156,0.008626007068
-1.278917391,-0.01434381763,-0.00680773161,-0.008436545621,-0.02168333513,-0.0002563752964,-0.02327455113,0.00409424754,0.005947126664
-1.249373679,-0.01213959982,-0.004445663811,-0.006547026973,-0.01554320313,-0.0001868598768,-0.02706083086,0.007813152507,0.00754029217
-1.260721689,-0.01267911163,-0.006547359163,-0.009525478051,-0.0172729253,-0.001870855004,-0.02294337468,0.003312900415,0.007617242268
-1.270944654,-0.009051248558,-0.002825139218,-0.008234482946,-0.0159321268,0.0004326479774,-0.02330145106,0.01198593701,0.007412252532
-1.275812657,-0.008605843086,-0.001000129538,-0.007184159628,-0.01409602119,-0.0007828358357,-0.02305002872,0.009192674857,0.008218148532
-1.244789424,-0.01103807419,-7.17916842e-05,-0.009398735316,-0.01355950376,-0.000395182367,-0.02136944395,0.00853783694,0.007264064388
-1.229481494,-0.005293253868,0.003099227668,-0.007972506693,-0.01305323828,-1.146125781e-05,-0.02272846036,0.01099907776,0.007458523625
-1.254964802,-0.002865397761,0.005567987141,-0.005142672141,-0.01362586355,0.001517564751,-0.02179226216,0.00242130375,0.008632673077
-1.278726815,-0.002658014568,0.002624115749,-0.005528198303,-0.01641894141,0.00153747315,-0.02590664291,0.01230918906,0.007955560332
-1.253685257,-0.002597359817,0.003653146348,-0.008041471928,-0.01460136043,-0.0002151023054,-0.02218960358,0.004718497175,0.007679505733
-1.253555897,0.0003242340101,0.008477812608,-0.00580057269,-0.00919173855,0.00228902745,-0.02150312552,0.01413040833,0.008418079722
-1.235552546,-0.004335401859,0.006039855372,-0.003828271138,-0.01536532935,0.001799574512,-0.02237427724,0.008105207901,0.008939268183
-1.246318907,-0.00284219534,0.006721163004,-0.007209912116,-0.01514289577,0.001239905166,-0.02324543275,0.01050104128,0.008987973899
-1.269792059,-0.001100606614,0.007834720813,-0.004444782148,-0.01115055143,0.001779458613,-0.02095390677,0.01508332856,0.009267067563
-1.238639724,-0.0004976377545,0.005594347606,-0.006212198301,-0.01378209153,0.001357104844,-0.0213333211,0.001369372372,0.007513103261
-1.26467988,-0.0004484604298,0.006534191435,-0.004986550484,-0.01489679851,0.001497978068,-0.02397865747,0.01327308055,0.008728400983
-1.196539404,-0.0002955033332,0.005708091405,-0.005775915181,-0.01212242794,0.0006033141793,-0.02052018224,0.009010052034,0.01001256806
-1.211812389,0.005661127497,0.01346055178,-0.004722042989,-0.01019693551,0.003271848376,-0.02026468831,0.01481003991,0.008920949257
-1.2382964,0.009739201282,0.01894848809,-0.00171625418,-0.01350266273,0.004551456094,-0.02317714192,0.01122489025,0.008078235306
-1.263798277,0.007583545582,0.0173735653,-0.002484789904,-0.01223703347,0.003221373489,-0.01949592366,0.00646200137,0.007516605021
-1.206947566,0.009216903777,0.01636205293,-0.003686587453,-0.01364242017,0.002435572064,-0.02169783408,0.01452870826,0.008015706506
-1.22037934,0.004778867575,0.009724395096,-0.003497746154,-0.01505473735,-0.0004501829214,-0.02237138998,0.004123111416,0.009128213028
-1.237932432,0.005239905485,0.01392031059,-0.002041670066,-0.01165828442,0.004160995556,-0.02295213891,0.01199805598,0.00833502652
-1.233012865,0.003441193451,0.01365396824,-0.005071527294,-0.01290206769,0.001450240056,-0.02234267609,0.009222267615,0.008621727392
-1.1927988,-0.001296381636,0.008121111272,-0.005718368853,-0.01470336272,0.0002801884168,-0.02107419293,0.01169377463,0.007185384436
-1.257578583,-0.0009189980695,0.007222557724,-0.003976327427,-0.01501768138,-0.0002907500994,-0.02323185872,0.01058271274,0.007685404248
-1.262799747,-0.001134782708,0.007871652893,-0.005285209703,-0.01587927499,0.000468815433,-0.02386782948,0.004523708878,0.006971089587
-1.244445355,-0.003431166908,0.00339051775,-0.006300034717,-0.01497108025,-0.001056329245,-0.02236507601,0.008885341233,0.006488846044
-1.223536069,-0.002972606844,0.003583203929,-0.003043430139,-0.01745935594,0.001242697878,-0.02949760173,0.009414741692,0.00841130203
-1.241803167,-0.003164187623,0.004274628979,-0.009364423914,-0.01661722675,0.001727558011,0.0001613564462,0.01187575287,0.006487343341
-1.212746737,-0.004412951329,0.005919656671,0.001828350388,-0.01563013706,-0.003844840206,-0.05410618853,0.003877808709,0.01319763662
-1.257225714,-0.003637063324,0.007233691388,-0.01276251367,-0.01441941023,0.003919171582,-0.01385480409,0.02241860555,0.003992646732
-1.261710742,-0.003707704212,0.0009536274405,-0.002735943402,-0.01264067233,0.0003299679625,-0.005410664384,-0.004417833086,0.002105509451
-1.230572265,-0.003202857411,0.006682648073,-0.003379849194,-0.01735939487,-0.003242492617,-0.04235125026,0.01708798291,0.0160292863
-1.238737564,-0.003325179734,0.000569881819,-0.01447845898,-0.01171747467,0.003817702781,-0.01431142604,0.005325101069,0.005050693396
-1.198936848,-0.01339184709,-0.002249941621,-0.002806531446,-0.01551252712,-0.001555831493,-0.01883683275,0.003322064215,0.001102439612
-1.231872834,-0.01584407714,-0.00461882558,-0.005623651341,-0.01875602976,-0.002769464996,-0.03403344569,0.02410164287,0.01089065462
-1.204727442,-0.01313209336,-0.006876358679,-0.01276906616,-0.02212626869,-0.00340404678,-0.01773767719,-0.006528807091,0.006912110606
-1.175766512,-0.01005666445,0.001032326345,-0.005328316125,-0.01025331043,0.0001622921444,-0.02966071455,0.009886813702,0.008597485895
-1.227280663,-0.01015986204,-0.005040542342,-0.008725966404,-0.01616806879,-0.002787497195,-0.02079420743,0.01577557871,0.007223360058
-1.223544597,-0.009265917139,-0.002236028701,-0.007442348248,-0.02059335251,0.002298061964,-0.02073456769,-0.003430186095,0.004526119511
-1.246814731,-0.004869311854,0.002476447113,-0.005416748442,-0.01051926149,0.00139528185,-0.02727031336,0.01936715384,0.0116704294
-1.180799982,-0.006443098869,-0.001088723581,-0.01149919858,-0.01594795877,-0.003726651083,-0.02042765754,0.005349392056,0.006657101256
-1.239657921,-0.003654703723,0.007736110943,-0.006562593649,-0.01699298313,0.005073169638,-0.0231029613,0.01716517535,0.008509415038
-1.227349039,-0.002495867915,0.007803475978,-0.003373210186,-0.01508654604,0.0001660952388,-0.02221548733,0.007107259751,0.007833272198
-1.252774412,-0.002975876629,0.000258723049,-0.009293967456,-0.01700967777,-0.000208162611,-0.0229131328,0.003352295014,0.008343264161
-1.2268608,0.0004509593161,0.007563287501,-0.004204907114,-0.01159446691,0.0008305526566,-0.02505710142,0.01883734321,0.00959056834
-1.281749489,-0.0006319554721,0.005486183489,-0.001169973778,-0.0152993009,0.002253204478,-0.01788548143,0.002326807111,0.006553355857
-1.237000191,-0.002550338231,0.004743034566,-0.00600160189,-0.0160727432,0.005317715641,-0.02379786004,0.0137644647,0.008491942688
-1.231457542,-0.0005494154287,0.006799581456,-0.009704849259,-0.0113446173,-0.001931038488,-0.02382075552,0.0118510561,0.01176228398
-1.249856658,-0.0004908709049,0.0080111456,-0.004379491607,-0.01065515977,0.0008267480578,-0.01848451089,0.0133361881,0.007830340607
-1.221981666,-0.003213461335,0.003803107369,-0.003882692861,-0.01581003518,0.003995846404,-0.02308152326,0.005666565618,0.007912911128
-1.243985077,-0.0005984355871,0.009382667312,-0.008066996445,-0.01381255142,0.002985133972,-0.02145843614,0.008675643481,0.008174962716
-1.188174087,0.0116371664,0.01513555783,-0.002105790566,-0.008951039293,0.002452715975,-0.02141718961,0.01380549202,0.01181805007
-1.243434233,0.009464475737,0.01396746879,-0.002375265754,-0.01655384913,0.003472974176,-0.02275681698,0.00938229035,0.01038642355
-1.121300172,0.005412057563,0.0187625264,-0.0001323508271,-0.01196074953,0.007082901933,-0.02130402518,0.01061498582,0.008134371255
-1.26448068,0.006919024158,0.01482264024,-0.004819509445,-0.01210997983,0.001592404867,-0.01799807416,0.01093666736,0.009094710048
-1.17432823,0.004037907201,0.01069419179,-0.006254448229,-0.01291394785,-5.215458623e-05,-0.02295322072,0.01858778499,0.01007373727
-1.388699999,0.004148710152,0.01353155037,-0.001507361781,-0.01601061113,0.002037883857,-0.02109400915,-0.00367006069,0.008210248577
-0.9630879953,0.002343179957,0.01255944644,-0.003866567658,-0.009965828717,0.00341464437,-0.02432322536,0.003554295958,0.006775550454
-1.675251184,-0.001237055644,0.003516755998,-0.007992063794,-0.01781025455,-0.001076719052,-0.02091656812,0.0232459187,0.008835729464
2.903414558,4.443195074e-05,0.003485921898,-0.002900392321,-0.01716357009,-0.000467795407,-0.02168521731,0.000135621867,0.007313765192
5.555482514,-0.004796457796,0.01312779416,-0.007166062845,-0.01503314896,0.003513569798,-0.02555213736,0.01333343173,0.005437720848
4.781884899,-0.004846675877,0.002941584031,-0.009792591888,-0.01312625881,-0.003965451485,-0.02154819869,0.007832317074,0.005512727622
5.228469047,-0.003502097747,0.003936573656,-0.003191863784,-0.01830763167,0.00125282484,-0.01923388585,0.0154413847,0.008219569791
4.910372594,-0.001119513033,0.006807757031,-0.002777996464,-0.01791204004,0.0006959089218,-0.02308568453,0.01239449697,0.007971546993
5.144711657,-0.003181667929,0.002901025908,-0.006936393052,-0.01744043795,0.0002875685539,-0.02624980207,-0.02184660535,0.005730916928
5.012817752,-0.002625763365,0.008178553057,-0.005668613674,-0.006765605861,0.003308997765,-0.0232348816,0.03238434434,0.007441574346
5.066460862,-0.003607029393,-0.002736989783,-0.003221773491,-0.02118093276,-0.007460652578,-0.01958293818,0.009513895369,0.008920168388
5.078565203,-0.00374447468,0.00452002212,-0.00618778988,-0.01863343091,0.006527771109,-0.02557658474,0.002496957824,0.004935530256
5.068607773,-0.008494041748,0.009719213259,-0.0105878446,-0.006068444715,0.0004219605151,-0.02319565317,0.01600917221,0.006898865435
5.052583277,-0.01555206925,-0.0109147669,-0.008042650198,-0.01743863542,-0.006738141996,-0.02383596337,0.001803991132,0.0072762108
5.063644023,-0.01364653942,-0.005758557791,-0.005663360192,-0.02459990005,-0.0007082488647,-0.0220349469,0.01467691207,0.006525441944
5.031598736,-0.01030973405,-0.003142448286,-0.006851953582,-0.01420300153,0.00229609925,-0.02540565724,-0.003229305513,0.007185255498
5.061887879,-0.01198850587,-0.005772520048,-0.01000088296,-0.01357644686,-0.003070147685,-0.02090999683,0.01001916755,0.007426837104
5.054097108,-0.006996338877,-0.002025837766,-0.007462923302,-0.01477818047,-0.001686952266,-0.0256653999,0.01712501649,0.01151994297
5.023165774,-0.01071299329,0.002290593128,-0.005706688896,-0.01775017135,0.001156752459,-0.0198754323,0.004787383537,0.005700506182
5.13012157,-0.007690295495,0.001580614002,-0.006844411073,-0.01124008854,0.0009798616361,-0.0254027406,0.01294430104,0.007107588394
4.651943491,-0.003530760057,0.001619667749,-0.0109769156,-0.01674281152,-0.00211379639,-0.02237095092,0.001229958189,0.009951539526
-0.8237474346,-0.002616023649,0.006563145484,-0.004843345375,-0.01096269186,0.0008136201147,-0.0239260695,0.01605452294,0.008657380217
-1.301792008,-0.001133017051,-0.002005858107,-0.008552668892,-0.01743208671,0.0002818216411,-0.0220727708,0.003334013272,0.007630792828
-1.212265067,-0.002758051581,0.008539133317,-0.006863964683,-0.01392502073,0.003698691594,-0.02458797347,0.009551333905,0.007364921425
-1.253442316,0.0005091994707,0.006223318716,-0.005683875265,-0.01030302696,-0.0008662661445,-0.02053346361,0.01595981445,0.01100457006
-1.202994259,-0.004400691481,0.006881977633,-0.004690639018,-0.01506313129,0.0006252024948,-0.02296378206,0.002903479186,0.007201940774
-1.245629204,-0.0007607523656,0.006839684647,-0.003614623909,-0.01703860775,0.002259998085,-0.02087334989,0.01897414668,0.007717499516
-1.227073661,-0.0005425761105,0.004382277491,-0.003984418917,-0.01346776359,-0.0008762866134,-0.01938348523,-0.001266252122,0.008025779601
-1.278755543,0.0008499907012,0.007131048553,-0.008423058017,-0.01029423996,0.002292131128,-0.02385277041,0.0145367114,0.009656530861
-1.24815137,-0.004684427937,0.005740922525,-0.002796695313,-0.01093660955,0.0026441389,-0.02350677677,0.005106271327,0.008321983823
-1.228100345,0.004575554664,0.01121817296,-0.003582556127,-0.01604432564,0.00388961384,-0.01959178657,0.01472923913,0.008666812264
-1.26789096,0.009693106271,0.01945257451,-0.00315382166,-0.01134761374,0.004174606698,-0.02352560798,0.01737971735,0.01087981438
-1.260710803,0.008601844808,0.01779504463,-0.005400998755,-0.01137498351,0.003208916452,-0.01887039892,0.004585366235,0.00947715992
-1.271117381,0.008042338743,0.01406625022,-0.00166793985,-0.01256481399,0.003172308575,-0.02284775968,0.01080868536,0.008674610517
-1.252859731,0.006236353469,0.01094922338,-0.003121495753,-0.01477445317,0.001135802047,-0.02107196292,0.00778696814,0.008570182757
-1.279795167,0.005518072469,0.01067908652,-0.003556054743,-0.01240986321,0.003765436074,-0.02280843671,0.01267019463,0.008494818448
-1.239493601,0.004421659393,0.01199339002,-0.006223117681,-0.01523972797,0.002553682918,-0.02524660294,0.008790051048,0.009143318779
-1.255181603,-0.0002627976767,0.01047700285,-0.002160322785,-0.01346026671,0.0002188058644,-0.02136209751,0.01009251558,0.007612304817
-1.251083526,-0.001975600611,0.009678007175,-0.005367937527,-0.01571800474,0.0006015546644,-0.02218673551,0.01305712791,0.005708561301
-1.253313255,-0.002499693678,0.005810362513,-0.006611540468,-0.01579392326,0.0004720732125,-0.02375120707,0.004643411249,0.006503186654
-1.280007391,-0.003034057701,0.007649926135,-0.00420021607,-0.01552520594,0.0006060253978,-0.02516581434,0.008842652239,0.006225581488
-1.222141149,-0.005049920249,0.004475463708,-0.005981112128,-0.01562262059,-2.201752197e-05,-0.02367466551,0.003718453813,0.006113457971
-1.270115165,-0.004254355265,0.004705908994,-0.005436942342,-0.01579493606,0.001142158217,-0.02262832158,0.01522939577,0.00613077336
-1.211576902,-0.002545833688,0.004546969752,-0.004955512912,-0.0161486221,-0.0001041746859,-0.02180545083,0.007940425398,0.007941166302
-1.269246667,-0.004744076633,0.00630953424,-0.006341670107,-0.01303963908,0.000411007378,-0.02214046901,0.01002771402,0.007415895611
-1.214444783,-0.003183563178,0.006507421735,-0.006959672202,-0.0154068318,0.0009775785436,-0.02359526591,0.01008647028,0.007128572596
-1.209400247,-0.002538949173,0.004742086432,-0.005697144748,-0.01767709579,0.001573659306,-0.02310215085,0.004936025223,0.007501970303
-1.249322015,-0.002858003323,0.004094059377,-0.003950983215,-0.0161749335,-0.001203959581,-0.02336510652,0.01293600772,0.008791175288
-1.248804482,-0.01186157368,-0.005718827964,-0.009958453353,-0.01728246674,4.553741686e-05,-0.02620217452,0.0005494084201,0.00691484232
-1.274057599,-0.01381621293,-0.004339019313,-0.01106219963,-0.0144881327,-0.000928754545,-0.0250429649,0.009396518449,0.006496464373
-1.265818827,-0.0125761329,-0.004837972801,-0.007847694876,-0.01585896115,-0.002129204083,-0.02266351207,0.01083116939,0.007731470818
-1.217238681,-0.01321562763,-0.001886824647,-0.007928429601,-0.01704547904,-0.0006381342627,-0.02239617697,0.01070188592,0.005924092229
-1.253807222,-0.01036060386,0.0007916804087,-0.006590213459,-0.01559738058,0.0001156724565,-0.02488558986,0.008577775427,0.00634114064
-1.254613698,-0.008829993608,-0.001616568857,-0.00697477112,-0.01563731489,0.0004295627673,-0.02424922043,0.004545563311,0.007362556273
-1.215573076,-0.007270642698,-0.0002777504911,-0.008165391598,-0.01616232706,0.0009176086882,-0.02305112012,0.01287005691,0.008340695068
-1.249207793,-0.005505591732,0.002379732206,-0.006895923054,-0.01741469953,-0.0003962052136,-0.02128054923,0.005150401215,0.00804561403
-1.247844058,-0.003341930636,0.004785398323,-0.00604436281,-0.01106371646,0.001561998288,-0.02295227723,0.01211118355,0.007876459151
-1.220521017,-0.00305019802,0.00576460693,-0.007299572377,-0.01420426438,-0.0005813660569,-0.02324915651,0.01177310116,0.008393044362
-1.232664935,-0.002576413998,0.005380286453,-0.004597935258,-0.0158484455,0.0001720147339,-0.02140739921,0.006832255062,0.00740245753
-1.207013965,-0.0007124431071,0.006534425765,-0.005029403944,-0.01350543953,0.002138322518,-0.02280966406,0.01444554353,0.009210920617
-1.258290948,-0.001180136457,0.005518722683,-0.006847589845,-0.01424820151,0.001202444342,-0.02354446894,0.006192804514,0.008794952813
-1.25933985,-0.001035074573,0.007063338779,-0.007077835077,-0.01372359956,0.001141869256,-0.02394004505,0.009920991707,0.00833864256
-1.266704846,-0.0009384566663,0.007887519857,-0.003401059373,-0.01384262796,0.003488166001,-0.02513031834,0.01056880615,0.009147705705
-1.214652189,-0.0002001512739,0.005517034405,-0.009704036725,-0.01408707092,0.0007093265972,-0.004613154973,0.008729815969,0.007203062993
-1.245079926,-0.0004576419384,0.008679997786,0.0009656140717,-0.01251449533,-0.0007453537871,-0.0494892902,0.01298568697,0.01293121527
-1.235426394,0.001350421966,0.01021055222,-0.01013276007,-0.01723318979,0.006170336663,-0.009785044424,0.01246149239,0.004344443603
-1.180732453,0.009251830144,0.01552763811,0.002087171693,-0.009332857887,0.002746073667,-0.01268799336,0.002297511377,0.006406682209
-1.189934025,0.01013731376,0.01650921691,-0.003008074887,-0.01461635123,0.001041132905,-0.03426729302,0.02132163306,0.01535401971
-1.242446522,0.008268686423,0.01367477474,-0.007449892108,-0.009922459947,0.004154804881,-0.01422369867,0.00198459285,0.006072827361
-1.253937178,0.006565108468,0.01721768973,0.0004159853795,-0.01412687409,0.004686343409,-0.02353193969,0.01111768712,0.006584183301
-1.266324404,0.002932348481,0.009141969566,-0.003990957998,-0.01358019171,0.001314428948,-0.02573455463,0.01640725673,0.01032217019
-1.223265396,0.005733467307,0.01036317546,-0.00721193837,-0.01804869527,-0.0007783354276,-0.01560067655,0.004079991748,0.007819340202
-1.234174304,0.003469214381,0.01428578846,-0.001542988905,-0.009964958756,0.00311189196,-0.02831837742,0.01359321781,0.009298077494
-1.263953524,-0.002971546953,0.00549796119,-0.006361132087,-0.01744771334,-0.001455672424,-0.01824848793,0.008711402625,0.005808638974
-1.269053134,-0.002220064884,0.007296160115,-0.005022444566,-0.01729934151,0.001945975869,-0.02404090342,0.004579450204,0.00649562815
-1.206419699,-0.0002356947691,0.007908696394,-0.003933359629,-0.01277227994,-0.0004207269806,-0.02493492764,0.01432453076,0.01097734834
-1.250918271,-0.005573704224,0.002252199648,-0.007665337101,-0.01793004058,-0.001760795354,-0.01964893805,0.00459205008,0.004651072632
-1.22353623,-0.003770299088,0.007498214552,-0.005818852652,-0.01413713306,0.003720407231,-0.0258858311,0.009361665681,0.007701130857
-1.229900288,-0.003886696897,0.008092074741,-0.005088577984,-0.0143229247,-0.0009365971439,-0.0197578456,0.006969330387,0.006799849011
-1.171828978,-0.0044441112,0.0008281592209,-0.00866619357,-0.01579482876,-0.0009026903509,-0.02495644443,0.01083885268,0.009124518502
-1.260773777,-0.001902136115,0.004913469941,-0.005297234667,-0.01611472729,0.0004354696551,-0.02399158647,0.01378881797,0.008033749876
-1.211861555,-0.003894662301,0.005761346938,-0.005151710228,-0.01334245896,0.00295621459,-0.01753363506,0.001472983558,0.005366562086
-1.216171023,-0.004173469363,0.004655232837,-0.006814613094,-0.01661990836,0.001662770472,-0.02583747066,0.01580660274,0.008203163824
-1.227976332,-0.005896603519,0.0007803351142,-0.0076496934,-0.01769438158,-0.002226178002,-0.024802734,0.007973134768,0.008344078016
-1.236089246,-0.01545641543,-0.004882610799,-0.007452227943,-0.01745758447,0.0005026544275,-0.01899340676,0.007015558646,0.0040418049
-1.188620612,-0.01548335028,-0.00559275482,-0.006846315197,-0.0155196641,-0.001294685988,-0.02813410488,0.008459260712,0.007147542275
-1.237642343,-0.01388875127,-0.006379922348,-0.01108933265,-0.01860581911,-0.002630951273,-0.02121996258,0.008595202694,0.007404939497
-1.171988165,-0.008810668494,-0.002250851681,-0.007552243455,-0.01328604693,0.0008512146267,-0.02544915725,0.007943206277,0.006911998488
-1.273452453,-0.009970982677,-0.0006300124353,-0.008817646815,-0.0161301637,3.285513564e-05,-0.02242457647,0.01002191411,0.007926177013
-1.134235324,-0.01103790789,-0.002317963737,-0.006903776281,-0.0141800326,-0.0002968846811,-0.02280967717,0.006967729677,0.007806999528
-1.320849336,-0.005094409117,0.001400360537,-0.00731731377,-0.01478420382,0.000568524868,-0.02423029977,0.01132422498,0.009650231281
-1.031147039,-0.002690427837,0.003754881705,-0.005399421128,-0.01353119443,0.0012380173,-0.02325268967,0.007336702496,0.008266867562
-1.507292518,-0.004580620886,0.004231397879,-0.0077805537,-0.01638463301,0.001901462188,-0.02115866088,0.008882456251,0.008244530615
3.556968637,-0.002385485934,0.004878918318,-0.00620291961,-0.01226787592,0.0002305378205,-0.02387810749,0.008796435798,0.008688319191
5.440094,-0.001067478908,0.00431002223,-0.0067421741,-0.01551188202,0.00283055918,-0.02103327712,0.009772465372,0.01000604663
4.873704948,-0.0003920187126,0.005433621149,-0.005587650602,-0.01224988282,0.001138964109,-0.02236846413,0.008754821141,0.009029579493
5.128421447,-0.001101435624,0.006048973854,-0.004702815086,-0.01585692074,0.002881472091,-0.02251369971,0.0126315505,0.008047935325
5.021525759,-0.00268155611,0.005951684969,-0.004330431563,-0.01218201535,0.002753251232,-0.02325018686,0.005788152909,0.008904870982
5.140818703,0.0006727604673,0.006394353341,-0.00775218023,-0.01339641252,0.0002526877522,-0.01998504541,0.01436788557,0.008649484015
5.031809106,-0.001013764774,0.004391015539,-0.004388063802,-0.01339600368,-0.0008719432586,-0.02341649623,0.01107716014,0.009733610296
5.131922953,-0.001606736313,0.006891472344,-0.006182723847,-0.01571637935,0.005001877153,-0.02468322982,-0.0001982419955,0.007984187507
5.006419923,0.004922150759,0.0147988395,-0.003296722325,-0.01184427099,0.003833975409,-0.02105912843,0.01770957332,0.008904864436
5.043558348,0.01095554659,0.01336705814,-0.002278263857,-0.01356379772,-0.001139606048,-0.02049670878,0.01422067611,0.01148780178
5.073532002,0.009453947059,0.01543308786,-0.003716964688,-0.01400051496,0.005096012492,-0.02148988693,0.005664738436,0.008814148575
5.028767771,0.008121602997,0.02084844435,-0.003298390025,-0.009720116347,0.005992643884,-0.02179059991,0.01260202366,0.007439371123
5.075578345,0.005230843236,0.01116651245,-0.002148382757,-0.01199420701,-0.0007872755507,-0.02107005155,0.01057875622,0.008715379751
5.000709976,0.004689392859,0.0127612336,-0.003516424553,-0.01560536224,0.002899362219,-0.02241383956,0.0113956767,0.008598734636
5.076521436,0.004883569663,0.01449188928,-0.004157650287,-0.01461495466,0.005265025499,-0.02306372202,0.002193401111,0.007399897385
4.926544071,0.0003473254786,0.006238980294,-0.004397031783,-0.01269534149,-0.00188380289,-0.02053181384,0.01773591914,0.007934900973
5.238349814,0.0007412847775,0.005029279944,-0.006134148733,-0.01755219634,-0.0001774977294,-0.02323772341,0.007956584957,0.009181925092
4.262271138,-0.001325218666,0.008872300347,-0.006586268765,-0.01570162587,0.002673105364,-0.02373583534,0.006102837509,0.00559945552
-1.213703209,-0.003707727188,0.005357921404,-0.006671350055,-0.01435121698,-0.003008722926,-0.02354084335,0.01213492551,0.0078226222
-1.194072895,-0.003946499518,0.004310820833,-0.006051323751,-0.01647044861,-0.001899055827,-0.02384176452,0.009680417549,0.007013339285
-1.259218133,-0.001807136784,0.006103032167,-0.005659108815,-0.01584263862,0.002752434525,-0.0227549783,0.008177475058,0.007515440694
-1.251279016,-0.002570691534,0.003151272808,-0.006588181493,-0.01465958428,0.0003721093492,-0.02313811735,0.0006821836432,0.007571634503
-1.271687409,-0.002980858895,0.004132986711,-0.007621630309,-0.01329650258,-0.0008576447793,-0.02182836589,0.01720690237,0.008160369334
-1.226096622,-0.003138324543,0.007134781598,-0.004491485553,-0.015543358,0.0007832418756,-0.02322840553,0.007455654298,0.007700285576
-1.247452021,-0.005797646342,0.006221244815,-0.006572947188,-0.01603173968,0.002191599322,-0.02444106331,0.006352706,0.00631249502
-1.224843364,-0.00411260523,0.004205889722,-0.00603839508,-0.01282754975,-0.001277655362,-0.02379525028,0.01882309984,0.007613476068
-1.25067742,-0.009409551878,-0.00352085764,-0.00767046836,-0.02046630046,-0.001575596584,-0.02188043068,0.0008708338859,0.006013574741
-1.265532573,-0.01329955422,-0.003697892249,-0.009565597713,-0.01715131885,0.0004461293492,-0.02640780641,0.005506958352,0.006227311901
-1.252354677,-0.01337793909,-0.005381626288,-0.00870146691,-0.01422730678,-0.002442544149,-0.02468095842,0.004220969213,0.008351029626
-1.269032482,-0.01181387599,-0.004230552494,-0.007685132197,-0.01315451384,-0.001620400796,-0.02188256778,0.01586993544,0.007234484851
-1.22096763,-0.008645751807,-0.001842849228,-0.007566110035,-0.01674991001,0.001195775593,-0.02447658721,0.01012213464,0.008378979114
-1.236345023,-0.009427049216,-0.0001523067605,-0.008464286202,-0.01431623895,7.346626877e-05,-0.02508904779,0.004632436924,0.006369106392
-1.238787518,-0.00805333916,0.001029769957,-0.00761357461,-0.01220560189,-0.001331654765,-0.01993871985,0.01877131699,0.007407712662
-1.231655233,-0.00423575901,0.00082526134,-0.005560523399,-0.01952723274,0.0001970382495,-0.02150464334,0.003936847058,0.007503857191
-1.215607673,-0.004145773057,0.004161640663,-0.005428246063,-0.01867528921,0.003620466096,-0.02614015547,0.003515685075,0.005922954211
-1.24836512,-0.00201927757,0.002479529656,-0.005856946643,-0.01156039154,-5.853091729e-06,-0.02406725575,0.006844276921,0.007935544087
-1.233272232,-0.001702382469,0.003849888124,-0.007284076449,-0.01323433077,-0.001337502542,-0.01963119174,0.01470483993,0.008271225466
-1.259063016,-0.0017340818,0.007061892395,-0.004515047037,-0.01517597636,0.002054393275,-0.02201998898,0.01240709055,0.009297898403
-1.197631773,-0.004795582955,0.0100363471,-0.005536735026,-0.013764521,0.002502957379,-0.02063717995,0.007185165681,0.006335031968
-1.223359859,-0.001808740405,0.008602601517,-0.0056248984,-0.01106800927,0.001320927169,-0.0228124888,0.01334930469,0.008781902345
-1.240186522,-0.0005310354025,0.005619767343,-0.004036690827,-0.01302026952,0.001629336825,-0.02030288015,0.006430565333,0.009674644972
-1.248181908,-0.0005702415706,0.006090446808,-0.002317680561,-0.0160990102,0.001901792141,-0.02320709862,0.009474068881,0.008520794626
-1.241571136,-0.0004838622887,0.004878719564,-0.004923002492,-0.01446996124,0.003218383412,-0.02305967576,0.001896669885,0.008787701732
-1.270079097,0.0001883116389,0.008477724127,-0.007398612194,-0.01100146114,0.002704035779,-0.01957642262,0.01860344825,0.009013520523
-1.255953699,0.008336492936,0.0155665844,-0.001645502162,-0.0127395176,0.001853967839,-0.02212077336,0.009591394154,0.01117216924
-1.259408387,0.008366207855,0.0191194642,-0.002753648382,-0.01208855057,0.003841554944,-0.01921751065,0.009921782501,0.008706913783
-1.21977283,0.00770022376,0.01569289957,-0.004022439458,-0.01047781394,0.002435722918,-0.0206258548,0.02050223559,0.008978222864
-1.246279711,0.007931480749,0.01107969782,-0.003415908658,-0.01727551456,0.003547077822,-0.02030946565,-0.0002698948939,0.007550653232
-1.242387493,0.005375763908,0.01315064686,-0.001853140983,-0.01140192169,0.005787390648,-0.02277529178,0.006761326299,0.009246879334
-1.249096802,0.004432673941,0.01193223557,-0.003556355679,-0.01157586596,-0.0003450697044,-0.02258113092,0.01681186965,0.009909399893
-1.304062279,0.002021488501,0.009227912491,-0.004761127572,-0.01710187823,0.001366949603,-0.02059737878,0.008909707755,0.007314063803
-1.253429076,-0.0003457759234,0.01185316416,-0.001644466404,-0.01284708473,0.002991414617,-0.02348724011,0.01511518202,0.007021383239
-1.256210944,-0.002207135734,0.009110207215,-0.006023339218,-0.01757905906,-0.001183648463,-0.02466298207,0.00528341748,0.007530837764
-1.228311241,-0.002306368838,0.005946335768,-0.005939338723,-0.0178369,-0.001006031228,-0.01970666434,0.009737465206,0.008029328826
-1.251255192,-0.00208432492,0.004286814227,-0.005023551632,-0.0156231472,-0.0001275528873,-0.02223426714,0.008743446566,0.00835628513
-1.271099848,-0.004295906244,0.002038180964,-0.00523176876,-0.0137864281,0.001117039082,-0.02341054418,0.002718907698,0.006427846134
-1.22450078,-0.002154057388,0.00501749586,-0.007246058419,-0.01429379081,-0.0002018154487,-0.02457468806,0.01224234823,0.008712078753
-1.213512375,-0.003585801972,0.005768047837,-0.00559259697,-0.01256510981,-0.00258287293,-0.01959932421,0.01056995359,0.008414859368
-1.263074139,-0.004089207889,0.005920909677,-0.00556013483,-0.01703895755,0.001333363302,-0.02555202056,0.01494364665,0.008074752748
-1.214453697,-0.004897972568,0.005630807006,-0.005462196247,-0.01789223577,0.001256858048,-0.02132743755,0.005069522609,0.006045411058
-1.24746414,-0.003587778836,0.006410653532,-0.004698221951,-0.01604531137,-0.001045208415,-0.02895409109,0.006594351656,0.008216136994
-1.223022321,-0.003603410868,0.0001755917163,-0.006117859407,-0.01555502698,0.001740309134,-0.01749381584,0.01019392303,0.00677025948
-1.267077624,-0.01392714511,-0.00899466152,-0.01331836443,-0.01700443393,-0.006270594057,-0.008166460159,-0.001364116944,0.007047901373
-1.20245149,-0.01443179666,-0.00328780609,1.859075641e-05,-0.01761620975,-0.0004947590849,-0.05930859889,0.02422823711,0.01252463349
-1.212080491,-0.01380620953,-0.004231795066,-0.01855522753,-0.02100965441,0.001715370237,-0.001387168022,2.332306076e-05,0.0008398633173
-1.246460133,-0.01097778558,-3.349515934e-05,-0.001109729049,-0.008748268256,-0.003493056503,-0.02238809197,0.007186569658,0.008078270279
-1.263576889,-0.008102494367,0.0001990403809,-0.01074488065,-0.01934051541,-0.002474685117,-0.0359064162,0.0234124405,0.01476249845
-1.226376268,-0.008055119576,-0.006461332448,-0.008466316945,-0.01624934284,0.001469858408,-0.01144528697,-0.01198047365,0.001455884323
-1.241791563,-0.005353219603,0.004471264163,-0.001953794558,-0.01459366901,0.003593483022,-0.03087652291,0.01796821417,0.007776124295
-1.243394609,-0.004307649485,-0.0004810725326,-0.01094860244,-0.01278806923,-0.001526209048,-0.0234822989,0.009655233869,0.008011381892
-1.254379564,-0.002828381885,0.001968725205,-0.006792458885,-0.02102114524,-0.0004839069961,-0.01653658371,0.008503899833,0.009561395803
-1.249667505,-0.003828890979,0.01061998451,1.436338672e-05,-0.009524425259,0.0009920845873,-0.02861832155,0.01373682305,0.01032587897
-1.250385959,-0.00550176683,0.005888920453,-0.01138989486,-0.0176238029,0.0009895260173,-0.02096540155,0.006483981497,0.004929059839
-1.203065656,-0.000388330644,0.005462372495,-0.006290446516,-0.01333276473,0.002820345557,-0.02203635028,0.009718615611,0.008504417557
-1.211183265,0.001378527819,0.004359021266,-0.002703391495,-0.01139997283,-0.002475530734,-0.02191544474,0.00654269687,0.01106659745
-1.256701191,-0.003016963124,0.005216259869,-0.008133319744,-0.01504858328,0.003224263286,-0.02221524919,0.009968014202,0.006042918954
-1.215433773,0.0007382875571,0.00664364234,-0.008918435948,-0.01406975556,0.003720422239,-0.02298279253,0.01055816108,0.008136609135
-1.22225351,-0.0006180721307,0.008049665447,-0.0005843077204,-0.01069965546,0.0008073352273,-0.02064092303,0.01377877366,0.009426519205
-1.239915271,-0.001737935437,0.00693373609,-0.0073365017,-0.01807045394,0.001308378884,-0.02344294034,0.009392079969,0.01008038772
-1.263327286,0.00307361489,0.01427949833,-0.005130197246,-0.01407585377,0.002590394723,-0.02319212391,0.007336939973,0.008423908949
-1.257398134,0.01151555981,0.01646497633,0.0004871720778,-0.009349860816,0.003079792128,-0.0146773297,0.009110861137,0.007675598516
-1.18897038,0.007376444659,0.01307350433,-0.003750748032,-0.015064762,0.004071431864,-0.02625139873,0.01089850104,0.01025787278
-1.213250927,0.008854847749,0.01477331,-0.00360123484,-0.01238837073,0.004106399834,-0.0234260043,0.01413817804,0.01101533636
-1.227544476,0.004410823141,0.01445237426,-0.001161227595,-0.009751125911,0.002227045383,-0.01700405905,0.007403800392,0.007163295194
-1.170382846,0.002023235887,0.01402172372,-0.004932257473,-0.01277372755,0.001049265932,-0.02427534067,0.01802418515,0.009165357208
-1.223023732,0.003229708678,0.0125284099,-0.003715586489,-0.0167040268,0.002564554042,-0.01985420484,0.005177321518,0.007142781255
-1.060252988,0.003951194265,0.01217709496,-0.001442891721,-0.01300212693,0.0008476064541,-0.02258963726,0.007824627803,0.008303905634
-1.347933153,-0.00206529283,0.004209764564,-0.007394559293,-0.01678512677,0.0004083174002,-0.02408290495,0.01191674073,0.008897658643
-1.02744123,-0.001500825924,0.005841525369,-0.005247120744,-0.01564449758,0.001516154968,-0.02155240421,0.004357364082,0.006085089887
-1.617197571,-0.002538406052,0.007521714694,-0.003406770178,-0.01618276872,0.0008072451635,-0.02362967674,0.01485509497,0.008244501254
3.270761302,-0.003206472784,0.003086332348,-0.008094130879,-0.01617161003,-0.001138259642,-0.02428018301,0.008351238833,0.008571240942
5.499853438,-0.003296776201,0.004648826088,-0.007964962747,-0.01552335168,0.0007068851741,-0.02244707015,0.01267337694,0.007531197516
4.78034184,-0.003058269057,0.00643792325,-0.002539678869,-0.01338485684,0.0003369857479,-0.02519709938,0.006070215658,0.007710545291
5.208288944,-0.004949036123,0.002761084717,-0.008208662669,-0.01819888805,-0.0003942728184,-0.01954779187,0.00299817408,0.00651884384
5.028168525,-0.002774539247,0.005626191328,-0.004611157026,-0.01313933814,-0.0002464944609,-0.02599882102,0.01515953666,0.009738070288
5.079276373,-0.003467559379,0.004470247844,-0.004939810994,-0.01550364786,-0.0009858889391,-0.0206181177,0.007443548586,0.00675364207
5.053215019,-0.003970679824,0.004729001965,-0.004866081235,-0.01406964106,0.001753247033,-0.02311767927,0.01232560488,0.006648398305
5.049055198,-0.01126497577,-0.0006323470758,-0.009400487544,-0.01737236833,-0.001573338045,-0.02420776633,0.009667193606,0.008974430291
5.04870446,-0.01592740736,-0.006798328443,-0.007644315289,-0.01732915398,-0.002875733091,-0.02153086824,0.01483835427,0.006911360385
5.108449641,-0.01073788144,-0.00554631604,-0.00970579127,-0.01964260409,-0.0004184373748,-0.02654731346,-0.006527064351,0.007215528695
5.023571398,-0.01264366673,-0.003821036022,-0.008068171812,-0.01402224522,0.0006960866074,-0.01841626131,0.03360938304,0.007631342896
5.054268766,-0.007596346173,-0.004268831499,-0.009378942169,-0.01543462838,0.003192098618,-0.001223872166,0.1105624094,0.009445715916
5.084173695,-0.009522490046,-0.002215648885,-0.007168586129,-0.0158692681,-0.001035832158,-0.02166527741,0.02805430619,0.007511052907
5.00281967,-0.007247311797,-0.0009787972033,-0.00778187594,-0.01503826419,0.00351487771,-0.01503795596,0.04310946375,0.006984390578
5.072442568,-0.006624331048,0.005522636513,-0.007610904345,-0.01195905179,0.002532313152,-0.01850674448,0.02835088424,0.008075711359
4.954149797,-0.003111318564,0.004174327738,-0.006091121059,-0.01494588639,0.0007903949515,-0.01512014372,0.03629381585,0.009164470428
5.146824778,-0.002742869331,0.003065229803,-0.002632551995,-0.01818572677,0.00195595535,-0.01959713345,0.02369377103,0.007163430559
4.579983816,-0.001092808355,0.004081278418,-0.006887997886,-0.0154540165,0.002295003412,-0.01760515477,0.03266308131,0.007555753021
-0.8967634971,0.0001574596639,0.004734776873,-0.005260988198,-0.01235987449,0.001392075289,-0.01884293128,0.0266504919,0.009717327768
-1.286229766,-0.001645181203,0.007223409714,-0.004857488132,-0.01386125285,0.002226773642,-0.01734617911,0.03280814182,0.008226225205
-1.246113115,-0.003313540352,0.007431679543,-0.006423330017,-0.01395629035,0.002092360602,-0.01865123731,0.02641999077,0.008053207089
-1.259354986,-0.001284682843,0.007595353184,-0.007376306425,-0.01428108648,0.001603659526,-0.01893009815,0.02731807513,0.007597424968
-1.256267393,-0.000660125777,0.005675918658,-0.004240445892,-0.01189801012,0.001833884984,-0.01890942014,0.02288437808,0.008064994975
-1.251104417,-0.0007331548978,0.006865803761,-0.006425458229,-0.01413177167,0.002416968949,-0.018885037,0.01877494948,0.008732719046
-1.25604035,-0.001240570663,0.005564257974,-0.004602319488,-0.01409828563,0.003386360121,-0.02178647394,0.02517392549,0.008431026097
-1.22662612,0.006554153801,0.0138880404,-0.003428680457,-0.01218501964,0.002890095941,-0.01246018011,0.02367837196,0.009738487655
-1.2467929,0.009183270346,0.02003886552,-0.001255069451,-0.0111498066,0.005302093511,-0.02108482631,0.02297880481,0.01025334305
-1.252894047,0.006233822249,0.01812597491,-0.002556248137,-0.01237149282,0.003217691007,-0.0223375547,0.01985761345,0.009511216078
-1.230886937,0.006983819518,0.0149356428,-0.001337209637,-0.01363023012,0.0008025789311,-0.01866039326,0.01957880447,0.007616264665
-1.219978838,0.004566223866,0.01097499228,-0.004207845886,-0.01380107527,0.0003824664122,-0.01790660014,0.0230704328,0.008076026136
-1.220423608,0.005725716155,0.01098205646,-0.005203605702,-0.01394136205,0.002246504365,-0.02072179931,0.01433093861,0.007808128629
-1.256534444,0.002478002808,0.01386546609,-0.004173272051,-0.01399952715,0.003180018258,-0.02224972152,0.02042878562,0.008850649623
-1.177971884,-0.0004403965214,0.009628852863,-0.005117696469,-0.01478566755,0.0006983462503,-0.019211021,0.0190827867,0.007580468631
-1.271159061,-0.001954561111,0.006252361875,-0.006446476749,-0.01625204346,0.0003334257749,-0.01883219971,0.0195250945,0.008343777992
-1.261510546,-0.001534600975,0.006138085337,-0.005708392643,-0.01663175455,0.0002256122053,-0.02334768739,0.01280032265,0.007179157142
-1.266332244,-0.001874898932,0.004589323877,-0.005741872395,-0.01507214455,-0.0001318033084,-0.02042999023,0.0122898515,0.007550828106
-1.261984361,-0.004366737963,0.005179100785,-0.005323882267,-0.01514798925,0.0010549982,-0.02151721145,0.0191240565,0.007974573294
-1.234867473,-0.002185990783,0.002955910008,-0.0061133981,-0.01492210675,0.0008482673012,-0.02161478827,0.01301024373,0.006618173927
-1.249590007,-0.004331813509,0.006193841652,-0.005486620843,-0.01516638828,0.0003236422839,-0.02269438455,0.01529860656,0.008375051504
-1.258413556,-0.003868969312,0.008000348444,-0.005459894923,-0.01235153974,-0.000213932632,-0.02058204424,0.01337056239,0.00673399891
-1.250763389,-0.004822066973,0.005036085703,-0.007419518129,-0.01653474417,-0.0003440774832,-0.02061907673,0.01663325828,0.006741016555
-1.253401147,-0.001899190639,0.003078133544,-0.004134687883,-0.01770306521,0.0002041298838,-0.02342791818,0.01127125458,0.008171484469
-1.227577034,-0.003936521863,0.004936021587,-0.006683417276,-0.01559568429,0.0003914721628,-0.02276348655,0.01190379094,0.007679014093
-1.213836141,-0.01429676005,-0.004940561816,-0.008954485824,-0.01608796809,-8.234021746e-05,-0.02456984673,0.01339455428,0.006868433057
-1.277339389,-0.01440853732,-0.004819123684,-0.009627311576,-0.01723366224,-0.003051660974,-0.019754037,0.01092474296,0.005842950366
-1.277852158,-0.01213750066,-0.005889689341,-0.007007799264,-0.01653902723,0.0008447450818,-0.02322849043,0.0248385558,0.007043900521
-1.287300435,-0.01242198697,-0.004099064456,-0.007706936057,-0.02039463988,0.0004022542491,-0.02871976913,-0.01224840425,0.006953721011
-1.270500591,-0.008404036903,0.002586768274,-0.007598845459,-0.005171279807,-0.007847235681,-0.01384057938,0.03217771653,0.008508951849
-1.245266669,-0.008319413461,-0.009410495492,-0.006290700384,-0.02131613712,0.002908939468,-0.02278411687,-0.0008872056035,0.008460306371
-1.235882311,-0.006833902542,0.007427913994,-0.0079403611,-0.0183110616,0.002674173506,-0.03026640493,0.008197923801,0.00592776772
-1.25398554,-0.003679725759,-0.001542713273,-0.006306808142,-0.008657395519,-0.002752351545,-0.01720483937,0.02314843377,0.01100006405
-1.246434125,-0.005246647334,0.002941275674,-0.008211870358,-0.01261238683,0.0003796216518,-0.02082505173,0.00930636699,0.005803920783
-1.191658531,-0.002641613084,0.008843376569,-0.005260798347,-0.0202408123,0.003460872058,-0.02449593797,0.01663197053,0.008093760525
-1.2801706,-0.002951809916,0.004105178804,-0.001978754922,-0.01357161017,0.001035591893,-0.02341699161,0.003393259057,0.007483107663
-1.2238381,-0.001492714926,0.008777176866,-0.008707642833,-0.01326918158,-0.002059437126,-0.02004066445,0.01651357683,0.01005611183
-1.237984244,0.0006835752617,0.00495504131,-0.004555757838,-0.01373489231,0.002763249363,-0.02365521015,0.01068180122,0.01050085945
-1.249256793,-0.001885466132,0.002593972346,-0.002821280634,-0.01880242704,0.00192224341,-0.02044379989,0.003335638474,0.005793372085
-1.235754589,0.0004208807082,0.007068544768,-0.006736244046,-0.008940959592,-0.0006388296729,-0.02422087287,0.02403146493,0.01071404155
-1.240929865,-0.001905586319,0.006206864207,-0.009133533084,-0.01468135938,-0.001047946599,-0.01874760911,0.007338897361,0.007630783836
-1.24669217,-0.001866560542,0.007403042643,-0.003300531373,-0.0150049545,0.003596768767,-0.02439040954,0.01401142162,0.006840106564
-1.265592521,0.001830826734,0.009270142433,-0.003690538639,-0.01757630432,0.0006646263169,-0.02227502125,0.005897905067,0.008307836929
-1.245919659,0.01183755985,0.01822029217,-0.004010027135,-0.009495321769,0.003184046299,-0.01980377209,0.01393919165,0.009262151913
-1.233855997,0.009805544574,0.01243980065,-0.002903903779,-0.01292442603,0.003783951603,-0.02377843758,0.01152473915,0.01089919392
-1.225835812,0.007123159376,0.0175236743,-0.002645282104,-0.01393046447,0.005642516767,-0.01443681521,0.007562584255,0.00700927695
-1.236984381,0.005175174227,0.01521331102,-0.003716699444,-0.01126657856,-0.0006660837985,-0.01997580737,0.01641267651,0.01130325059
-1.195244147,0.001380150017,0.01462213126,-0.003028194956,-0.0149490258,0.00170759725,-0.03340120472,0.01593776655,0.009881014521
-1.2293407,0.003751944607,0.01189752233,-0.003514518242,-0.01652622773,0.003525794144,-0.008433025864,0.00361530298,0.00465223897
-1.21662929,0.002718896961,0.01098203723,-0.0008091162563,-0.01315182492,-0.0006808802131,-0.02684745614,0.0139550109,0.008668589661
-1.215218415,0.0009481578063,0.007750403702,-0.009785536718,-0.01761725385,0.0008215593312,-0.02399339443,0.00918928541,0.01031675649
-1.249730038,-0.00117896144,0.006340695022,-0.003831741691,-0.01542017368,0.003892210844,-0.02117088466,-0.001230544058,0.005930821459
-1.215277347,-0.002162664767,0.007404423029,-0.004717987943,-0.01629659461,-0.002199518981,-0.02712472485,0.01640659297,0.007593825095
-1.2150891,-0.004797557707,0.002805850748,-0.007648190857,-0.01614954376,-0.002010087149,-0.01956742151,0.0112379227,0.006375294196
-1.249912247,-0.00244833926,0.0041859921,-0.006597999847,-0.01614113615,0.002029001455,-0.02431940921,0.008450602188,0.007848183308
-1.236856234,-0.002940386909,0.004852004501,-0.006320662688,-0.01332764151,-0.0007051069772,-0.02325628138,0.01136305542,0.007405948382
-1.24824541,-0.005365312282,0.002945960847,-0.00602047949,-0.01761104786,-0.0001226920001,-0.02139711421,0.008418741685,0.006432851198
-1.214709366,-0.001901026354,0.006847578452,-0.003966844235,-0.01492648067,0.003086233519,-0.02461247087,0.01041577023,0.01005412403
-1.240105127,-0.004069260065,0.002519625849,-0.004667198069,-0.01736570775,-0.0005923856747,-0.02386873849,0.006358693744,0.008088447758
-1.239244462,-0.004025353707,0.004598197676,-0.005277203576,-0.01515527091,-0.001353284782,-0.02171704465,0.009904294106,0.007307350152
-1.241120247,-0.00833842711,0.003871646447,-0.007274410608,-0.01348911487,-0.00110767426,-0.02289551608,0.0128960438,0.007417251696
-1.243549538,-0.01525058111,-0.008186142358,-0.008462448958,-0.01889536307,-0.001100788834,-0.02354531001,0.003214074222,0.006736554727
-1.209481334,-0.01267787448,-0.002869961567,-0.009229121269,-0.0147105302,-0.001235456193,-0.02743094297,0.01265422238,0.008717372866
-1.269448322,-0.01188946734,-0.003806047461,-0.009712409163,-0.01557729678,-0.002338131058,-0.02199954797,0.00931478414,0.007203567454
-1.219994396,-0.008797476167,-0.003486230108,-0.007808125415,-0.01575254133,-0.0005555052218,-0.0183290748,0.001430436058,0.006509027938
-1.168753138,-0.008921717617,-0.003349120764,-0.00744369209,-0.01715903633,0.001115421937,-0.03140509053,0.01714742763,0.008939444401
-1.167801807,-0.007016394265,-0.001906222262,-0.009169696049,-0.01728826076,-0.002186993208,-0.02292725607,0.00596629449,0.008181588088
-1.234761623,-0.00528944545,0.00330563146,-0.005689290655,-0.01074389618,0.0007443328362,-0.01820507629,0.006569179031,0.006655206048
-1.111890985,-0.004188642812,0.004098567575,-0.006095422575,-0.01419849131,7.34762969e-05,-0.02718400879,0.01731505695,0.009439841679
-1.367513279,-0.002043128517,0.001441438922,-0.006977920423,-0.01845908541,0.0008139687169,-0.02010393604,0.002355970429,0.007902079314
-0.9537449326,-0.00177710296,0.007355314624,-0.00264560279,-0.01395024084,0.001800540283,-0.02419513938,0.01343052694,0.008083692097
-1.754266134,-0.00225508614,0.006547310733,-0.007793790169,-0.01263509117,0.002121458872,-0.02128738694,0.00784858125,0.008679109528
2.347003025,-0.0007610415918,0.005598090686,-0.006296653161,-0.01414168936,0.002299402666,-0.02274354024,0.009082959923,0.00895360821
5.635004048,0.0007640923973,0.00772511862,-0.002819008639,-0.01518009905,0.001214016986,-0.02423316076,0.01322637888,0.009913945406
4.770241446,-0.001466333748,0.007719912237,-0.006192442698,-0.01272320189,0.001654674505,-0.02302117625,0.007099519149,0.008460450783
5.217124304,-0.0004208934726,0.006377694324,-0.005971732181,-0.01263041685,0.003000208317,-0.02158521376,0.01370499439,0.00757887249
4.937342702,0.001446686963,0.005060958315,-0.003697721082,-0.01337663625,0.0009302903311,-0.02233521407,0.005817637676,0.01054193792
5.134389584,-0.002636821763,0.005053932248,-0.00661481515,-0.01487173746,0.001801315798,-0.01973208123,0.01329639111,0.008598457573
5.00279893,0.006028336562,0.01316199512,-0.004920576872,-0.01257879011,0.003819172778,-0.02181167346,0.01041006698,0.009931706413
5.075384849,0.009806744418,0.01811385186,-0.001191034394,-0.01209298143,0.004458209097,-0.0203862534,0.007060740415,0.008874546273
5.065551934,0.007208876396,0.01592457027,-0.001765145965,-0.01297621361,0.004761724617,-0.02322513857,0.01244031553,0.009455426095
5.057155125,0.007569713104,0.01575149643,-0.003533137072,-0.01394736493,0.0004475774906,-0.0190847323,0.01381049197,0.01021956507
5.077384702,0.004296639331,0.01147408384,-0.002619492892,-0.01395914416,0.002534853335,-0.02215354249,0.008911696164,0.008058946571
5.072818774,0.004590313663,0.01518291194,-0.005369656263,-0.01446393109,0.004714388021,-0.02316917343,0.008216630515,0.006224966774
5.077812916,0.004166750165,0.01340711926,-0.004082089785,-0.01427498323,-0.0004459914931,-0.02206857911,0.01014247228,0.008340265829
5.055684449,0.002151454455,0.006124466016,-0.003649767602,-0.01692234547,-0.0004861339378,-0.02244592592,0.01026939899,0.01009083078
5.02880625,-0.000111957099,0.008579550759,-0.004157298146,-0.01587776632,0.001152227789,-0.02312034493,0.007831241738,0.006162577252
5.04897671,-0.0004022850888,0.007083444268,-0.005654604911,-0.01545639695,0.0007688817945,-0.02335284789,0.005678094918,0.006966732391
5.061944705,-0.001713267706,0.005767703345,-0.006679398265,-0.01492053323,-0.001047849339,-0.02346377148,0.009722581174,0.007648078955
4.974355883,-0.003663350597,0.003939597506,-0.007715049389,-0.01523741229,-0.0003918272568,-0.02116814917,0.01195118612,0.007555644852
-0.4653946319,-0.002844644518,0.00435688117,-0.005418120323,-0.0173262966,0.001609675246,-0.02443309636,0.004113136268,0.005422545684
-1.416087636,-0.002952795392,0.00675319192,-0.005196000221,-0.01487079912,0.00015170672,-0.02386193489,0.01191822342,0.007559436553
-1.168812627,-0.004349711489,0.005163584496,-0.006721833595,-0.01573708561,-0.0008410148501,-0.02268702715,0.006123591071,0.008613873605
-1.281024893,-0.003162515984,0.004832065053,-0.007944628187,-0.01717273638,0.0014634467,-0.02334994135,0.01134969893,0.007689470052
-1.182237138,-0.004700703691,0.004768682722,-0.003701019135,-0.01449419793,0.0004295092859,-0.0238080386,0.008075500418,0.008041367256
-1.291397979,-0.004219104033,0.004863962313,-0.006970196921,-0.01385090406,0.0002126380643,-0.02262114181,0.009090041334,0.007091261734
-1.20301803,-0.01361858641,-0.006325042177,-0.008272716834,-0.01745920946,-0.001134595942,-0.02664441808,0.008666048602,0.006729242232
-1.293531674,-0.0143929184,-0.005208735928,-0.00723217063,-0.01878801506,-0.001088675399,-0.02430427571,0.006429611627,0.006465680374
-1.201184565,-0.01198352866,-0.002856460819,-0.01102959645,-0.0174279312,-0.001784774447,-0.02353642725,0.01088926859,0.00770735717
-1.308041624,-0.01210463222,-0.004346066004,-0.009288163405,-0.01523339489,-0.001457794129,-0.02340338541,0.006252831622,0.008741762273
-1.215461982,-0.006298255223,-0.0003876388595,-0.007043674808,-0.01398038663,-0.0002041172866,-0.02338159864,0.01000090969,0.009428832923
-1.312227395,-0.008664082671,-0.0006495637553,-0.009828435503,-0.01636350516,0.0002531606715,-0.02339077114,0.007594751004,0.006544868869
-1.228386823,-0.007007768599,-0.000572816073,-0.006792548567,-0.0151624918,0.001257720304,-0.02281161582,0.009611923053,0.008381161358
-1.27060691,-0.005421742045,0.002653352154,-0.006142064433,-0.01539811518,-0.0002186547975,-0.02155541848,0.009975722837,0.008104292021
-1.245577573,-0.002159658067,0.003381585156,-0.006464387712,-0.01517369007,0.0004848115987,-0.02363468197,0.0070822878,0.007875855279
-1.247581216,-0.002770557122,0.004955343234,-0.005120734127,-0.01291017267,0.0001062156683,-0.02192219087,0.01121870614,0.008665651618
-1.242218143,-0.002292589537,0.005943694952,-0.006855309692,-0.01369671468,0.001997608627,-0.02295599573,0.00903395111,0.008439503026
-1.243145463,-0.001260032741,0.007700603274,-0.005743892287,-0.01561214215,0.001597168636,-0.02266900227,0.01225595626,0.009274654756
-1.258665024,-0.001053533501,0.006201266549,-0.003849398128,-0.01447187147,0.001762817196,-0.0236859456,0.001892493882,0.007930255224
-1.255741411,-0.001301225387,0.007481509012,-0.006718371295,-0.01293205668,0.003154152586,-0.02208376478,0.01077939234,0.007114696997
-1.226922664,-0.0009000841282,0.003478515741,-0.005856618297,-0.01352176421,-0.001634289917,-0.02114027901,0.01494151731,0.01004910919
-1.288971461,-0.0001395351151,0.006285081027,-0.004266758221,-0.01460180385,0.002709050276,-0.02296327875,0.005730597789,0.008541342216
-1.246117522,-0.002020853826,0.009539693509,-0.008175139274,-0.0134904387,0.004075264535,-0.02334937276,0.0124776177,0.007370903955
-1.239161587,0.003394781643,0.008854844469,-0.005744637703,-0.01324160712,0.001264998375,-0.02170725707,0.009138949025,0.009290035849
-1.209924729,0.01095288511,0.01816212182,-0.001030232783,-0.01156230216,0.004165962495,-0.02131465509,0.01567813976,0.009435176981
-1.276183658,0.00921372935,0.01720815614,-0.002571212721,-0.01232903996,0.003585794551,-0.02057646438,0.00653049608,0.008346332224
-1.245208107,0.007483014594,0.01623278552,-0.003959491015,-0.0128911861,0.002868755573,-0.02369881767,0.006488168471,0.009298221033
-1.197411384,0.007074545242,0.01604706083,-0.004413768329,-0.01026083486,0.002654687193,-0.02051844876,0.01749479931,0.007770715385
-1.272428188,0.004446533381,0.01124910085,-0.002963477164,-0.01548798367,-0.0001619863648,-0.02306072661,0.003652622126,0.008213293233
-1.250543031,0.00397042427,0.01326660127,-0.003624181704,-0.01374006428,0.006526200207,-0.02112950409,0.02521709552,0.007269206744
-1.229452809,0.002622704447,0.009632270737,-0.003784365941,-0.01626788187,0.002251167668,-0.02483741219,-0.01517817867,0.007447211896
-1.261998793,-0.0002761998212,0.01351310563,-0.006690114773,-0.006109830198,-0.006040457646,-0.02335447815,0.02026791478,0.00722275322
-1.224626806,-0.00088134987,-0.0009397248231,-0.006518594686,-0.02072969437,0.003841447892,-0.01380751312,0.01913484628,0.007755327013
-1.257290244,-0.00198882573,0.009559508608,-0.00295875475,-0.02323438042,0.001155779696,-0.03028849727,-0.01254744085,0.005450808952
-1.224970753,-0.003043161856,0.008316819456,-0.00831052563,-0.005809039521,0.001793788087,-0.02735175003,0.01978042087,0.00916398903
-1.225280031,-0.005818715166,0.003599039612,-0.007080317191,-0.01172343539,-0.004557285452,-0.01551333942,0.01029481208,0.007044477068
-1.24639589,-0.002049454173,0.006439914298,-0.00278566417,-0.02541978435,0.003419269893,-0.02405957695,0.009655196524,0.006329418954
-1.286795992,-0.003508773376,0.005841189143,-0.0006979080121,-0.01437602499,0.002877350876,-0.02611578852,0.0008173121395,0.006542585013
-1.264021571,-0.00424623147,0.005831039369,-0.01393339628,-0.0113038263,-0.004383695727,-0.01916180198,0.007203438488,0.009158721736
-1.24225329,-0.002289692185,0.002830932128,-0.004308659573,-0.01373412797,0.0007093081957,-0.02513821205,0.02215800259,0.01004466773
-1.245916334,-0.003284618171,0.005273358569,-0.0001532899573,-0.02426549409,0.0009145486713,-0.02109026869,-0.005529931799,0.004117586133
-1.210363118,-0.008284408827,0.003762020905,-0.009378916839,-0.01219558784,4.251809812e-05,-0.02514831975,0.01838695582,0.007694239189
-1.190656495,-0.01562045864,-0.00728412047,-0.01195158073,-0.01613853064,-0.005049028546,-0.02185049581,0.009130407415,0.007445437508
-1.206997391,-0.01222046603,-0.005599708283,-0.003373744856,-0.01760713213,0.0008820130528,-0.02218369881,0.0008377643317,0.005774728481
-1.226430015,-0.01313371175,-0.006240439516,-0.008748283621,-0.02214570166,0.0005575082112,-0.0255213737,0.01013601032,0.007637471656
-1.258870416,-0.009438845629,-0.002730329792,-0.009909713152,-0.01094736388,-0.00514710574,-0.02103908781,0.007793874032,0.008298000453
-1.204330497,-0.00728440695,-0.002165787511,-0.005614586,-0.01408451751,0.001736893854,-0.02589383261,0.01731893052,0.008950142688
-1.204936139,-0.009874364354,-0.0005830234023,-0.008150356003,-0.01997421607,0.002368266009,-0.022554336,-0.00256667279,0.005642496282
-1.232562955,-0.007616581952,0.005019132621,-0.007611857834,-0.0120295103,0.0003151009662,-0.01952876455,0.01619700621,0.008979545105
-1.175488715,-0.00400672486,0.003067556307,-0.005862379797,-0.01349536321,-0.002592685254,-0.02739768408,0.01478988476,0.0102578929
-1.25277331,-0.002624555563,0.001821165222,-0.007724263687,-0.01899251041,0.001877616853,-0.01955719578,-0.001698909418,0.005587597506
-1.285754705,-0.003165110076,0.008427095775,-0.004114877249,-0.0103884763,0.002209857821,-0.02515233835,0.01251827885,0.006791636775
-1.248898805,-0.0009987653912,0.004640558294,-0.006387429167,-0.01238981467,-0.0017296876,-0.02046308199,0.0123794517,0.01037167131
-1.216021276,-0.001371354021,0.003710248376,-0.005302108498,-0.01719733364,0.002845629491,-0.02271174552,0.01149734929,0.009578568399
-1.204827783,-0.00158540029,0.008051228408,-0.004648615456,-0.01350226918,0.002703078976,-0.02292916253,0.005232215237,0.007727275315
-1.212997089,-0.001319178896,0.006414249356,-0.007324460062,-0.0120546319,0.001463476551,-0.02060517292,0.01154935817,0.007564753558
-1.236313101,0.0006680190549,0.002606080091,-0.004349516575,-0.01570551532,0.0009690161446,-0.02123077779,0.01208399103,0.009766831805
-1.2644135,0.0008308611287,0.006927731654,-0.003189975957,-0.01362254488,0.001505417129,-0.02402606535,0.00294394164,0.009555038672
-1.243048166,-0.002862800918,0.006754730547,-0.007822690355,-0.01263567553,0.003052116527,-0.02005284833,0.02441775076,0.007088650783
-1.222665933,0.007293598987,0.01406868355,-0.002357411419,-0.01661681016,0.00488269106,-0.02573904534,-0.009501889956,0.008765381172
-1.197841586,0.01106153641,0.02232706076,-0.002231998148,-0.007596658484,0.002716799455,-0.0211837081,0.0175868757,0.009421743576
-1.272139603,0.007989479184,0.01066075669,-0.003365278913,-0.01105729339,-0.000917595429,-0.01556511309,0.0172576869,0.01037302897
-1.21290439,0.007722322018,0.01668658652,-0.001993239642,-0.0173349245,0.006738497403,-0.02341076068,0.005316579912,0.008073247261
-1.222396831,0.005970693562,0.01636455936,-0.001953926092,-0.01240066045,0.004163358606,-0.02524864566,0.007010159838,0.00915485287
-1.236284583,0.003882148272,0.01175862336,-0.005434030527,-0.009229635656,0.0007731879702,-0.01955628611,0.01389837932,0.008835315302
-1.240255072,0.004375918537,0.01118785983,-0.003031316749,-0.02047182357,0.001432947003,-0.02084609101,0.02386296709,0.007935034962
-1.162330451,0.0002153011094,0.0116417573,-0.001902448133,-0.01743533298,0.001341694351,-0.0178813833,-0.01763599053,0.007328191865
-1.291741921,-0.002110433254,0.009186981153,-0.006307426821,-0.01006128142,0.004486281041,-0.03528292775,0.02713079155,0.008332855671
-1.095615689,-0.0006228126056,0.0007187138571,-0.01007548631,-0.0190547564,-0.006841888885,-0.01798161682,-0.0006840716701,0.007414069183
-1.391265766,-0.002577306469,0.004959822795,-0.001937328633,-0.01434546159,0.002061904423,-0.01742451329,0.01037976503,0.004854957854
-0.9475429937,-0.005309073041,0.004861389236,-0.005028040455,-0.01363490764,0.00207051883,-0.03079501898,0.01794048901,0.009994541003
-1.753441857,-0.003640195967,0.005588521896,-0.01218054966,-0.01595843573,-0.001727152396,-0.0187223557,-0.004469844992,0.006588042723
2.273654274,-0.00225782077,0.009673043686,-0.001240302164,-0.01351146788,0.002775346119,-0.0247145353,0.02108430203,0.008431726554
5.569674519,-0.00394018314,0.003782090842,-0.004468972062,-0.01529360499,-0.002625220849,-0.02265887886,-0.0001087334659,0.008376368102
4.760242835,-0.003855277088,0.001962647094,-0.008326097993,-0.01672244209,0.002366370174,-0.02274446381,0.00840700989,0.006901946949
5.202343408,-0.001496065953,0.005572263247,-0.003736415949,-0.01554064885,-0.0004974586914,-0.02762442801,0.01690671547,0.01008263003
4.976530514,-0.004285934874,0.004679774622,-0.005139659789,-0.01640696363,-0.0001199966115,-0.01908368674,-0.00150570991,0.005791946505
5.131159818,-0.01348838158,-0.001690800241,-0.009183804907,-0.01992547844,0.00342009251,-0.0277625754,0.01771082583,0.005415299019
5.0080489,-0.01367662232,-0.008506076516,-0.009462763342,-0.01469413465,-0.00826804754,-0.01799302814,0.004409554119,0.007793431204
5.066137369,-0.01371871018,-0.00424530022,-0.007451393735,-0.01710516015,-0.001861129558,-0.02775792744,0.01587719004,0.007665983886
5.010276752,-0.0124321764,-0.003320877905,-0.0110211613,-0.01721413914,0.003565660851,-0.01996553266,-0.008987707546,0.00548466322
5.076550638,-0.009302821927,-0.0006617416108,-0.006432976897,-0.01095672848,-0.002170469688,-0.02056508127,0.015066555,0.008041043376
5.028729212,-0.007807780308,-0.007075416768,-0.005425067516,-0.01988850904,-0.006980654668,-0.03240406808,0.0195163682,0.01373367722
5.107471177,-0.008731912432,0.003976513528,-0.009398566321,-0.01750290175,0.006837526559,-0.01663460033,0.005582379433,0.003060688994
5.02466698,-0.005383248459,0.005877897439,-0.002847363827,-0.01775767564,0.002758061835,-0.02319970444,0.007719740297,0.006379687942
5.092610138,-0.003237099356,-0.000786725408,-0.006137993613,-0.0149012079,-0.005139438207,-0.02713990866,0.006160647845,0.01129910219
4.979002748,-0.001621205833,0.005155349589,-0.008552416295,-0.01225577383,-0.000365951709,-0.01262895875,0.01553418822,0.009448296929
5.07262222,-0.002956725881,0.007018651788,-0.004378551765,-0.01034619399,0.00244045397,-0.02497392716,-0.004724121481,0.006614939909
4.870106354,-0.001476765509,0.004833697833,-0.006736405909,-0.01419127741,0.001530334454,-0.0214840407,0.02040613864,0.008071768185
5.208479876,-0.0008530136681,0.008905761578,-0.006828939016,-0.01164301088,0.0002152973834,-0.02240622464,0.008705165317,0.01017704869
-0.07107277623,-5.898664681e-05,0.01069474338,-0.004980868614,-0.009816424038,0.001796457154,-0.01964520493,0.01447257023,0.009341810574
-1.505072794,-0.004464309969,0.002469037755,-0.007252282687,-0.01890517958,0.001959841823,-0.02372055952,0.00804003697,0.009378448249
-1.119709261,-0.0008226677115,0.008386099383,-0.00256440974,-0.01575540177,0.002383954326,-0.02170863212,0.002184266766,0.006545735995
-1.332129155,0.0006583847099,0.004884545139,-0.006916003514,-0.01455156447,0.002470809842,-0.02317445778,0.01702104657,0.01012295534
-1.149975609,0.000995194856,0.001438203789,-0.00864115299,-0.01666932641,0.0002898036767,-0.021858013,0.0008090862514,0.008830442589
-1.233922275,0.009925944143,0.01996823,-0.000381067777,-0.007985646705,0.005492851819,-0.01993457197,0.02082159734,0.009176782066
-1.248679793,0.008469180578,0.01777327513,-0.002903723951,-0.01192742212,0.003728729488,-0.01951241381,0.007894710164,0.009024469363
-1.276469106,0.007474842547,0.01691389857,-0.005007300911,-0.01411735212,0.003595278768,-0.02260357998,0.01068672963,0.007968335243
-1.227876637,0.006971160169,0.01564035106,0.0003678100623,-0.01081580652,0.002354288686,-0.0226150816,0.01097041312,0.01034922272
-1.198507266,0.00383026361,0.0122295015,-0.005343027612,-0.01542065577,0.00107662483,-0.01900929864,0.003024619312,0.00657743269
-1.298971691,0.004351341421,0.01211240994,-0.00400966759,-0.01414023105,0.003873963217,-0.02380623797,0.01682446207,0.008443336226
-1.248646124,0.002901481845,0.009512979506,-0.00293095946,-0.0138602831,0.001344797718,-0.01907134662,0.00242979801,0.008910692412
-1.269165423,0.0007159722592,0.009600447509,-0.005120671249,-0.01579370085,0.002486827244,-0.03017399595,0.01606673422,0.007938539269
-1.232690014,-0.004071776588,0.008417636249,-0.007782384073,-0.01649186732,-0.003263666861,-0.006228646581,0.009560175536,0.006659152595
-1.250995112,-0.003366579588,0.008625156891,-0.001665051752,-0.01433955329,-0.0007105810631,-0.03287812912,0.005806627007,0.007951482182
-1.233226929,-0.003737750615,0.004855900372,-0.007810363967,-0.02029020743,0.0009784842517,-0.03261067604,0.009054491463,0.006832191355
-1.239595663,-0.003717842817,0.0006913580667,-0.008234906468,-0.0132826285,-0.0008167910686,-0.009966504249,-0.01094063054,0.004364202549
-1.266524481,-0.003363563445,0.008621148927,-0.003715022352,-0.007305977668,-0.0002678660045,-0.02800293306,0.03338748292,0.01286202828
-1.231344231,-0.003092899284,-8.676541153e-05,-0.01066381588,-0.02042259887,-0.001923745031,-0.02387410245,-0.001964920836,0.008549182421
-1.235756838,-0.004594354812,0.01033667642,-0.003289663976,-0.01579223172,0.005466786941,-0.01941324723,0.009553729488,0.003488520713
-1.23842333,-0.005972489688,0.009203251059,-0.005138266978,-0.01176757521,-0.001300113018,-0.02774587252,0.01997590668,0.009314684311
-1.240956363,-0.003273926007,-0.003036085494,-0.007727371486,-0.02364101587,-0.002366259977,-0.01730580209,-0.004263419177,0.007371118259
-1.204246833,-0.004040770098,0.004232210987,-0.001552809896,-0.01714075146,0.002557584642,-0.03024634843,0.01453231184,0.007337545463
-1.207926176,-0.01459295287,-0.006697422529,-0.008999033604,-0.01601378499,-0.005503354763,-0.02173300941,-0.00589807093,0.006789535488
-1.250666709,-0.01473588157,-0.005498804191,-0.01265553469,-0.01513558865,0.001167572643,-0.02306232411,0.02133961794,0.005437982505
-1.189169708,-0.01054289661,-0.00482606837,-0.007238197895,-0.0145022888,-0.001869457867,-0.02610497083,0.006369241968,0.0100065915
-1.253505306,-0.01224738321,-0.0005003442198,-0.007121497056,-0.01585399948,0.00111857918,-0.02269525303,0.007674046801,0.007171467951
-1.270206846,-0.009380523349,0.0008743309675,-0.009959560286,-0.01531088945,0.001425099612,-0.02272370523,0.01445064839,0.008441017734
-1.244529783,-0.008533562286,-0.002287460482,-0.00709122696,-0.01586064548,-0.001382271646,-0.02273953547,0.002268271675,0.008200358512
-1.218599552,-0.004113826391,-0.00147843392,-0.004903791112,-0.01895742333,0.003373892247,-0.02297097847,0.01211707402,0.007639860271
-1.227689409,-0.003865609459,0.003694878781,-0.007745003256,-0.01450168191,-0.003164255062,-0.02845836949,0.001967920109,0.009602033524
-1.26824881,-0.004321343245,0.005243263859,-0.007366244882,-0.01258580405,0.007720630154,-0.01327752879,0.02636577458,0.006394376839
-1.247947468,-0.003340712251,0.004075163035,-0.003838416738,-0.02080698032,-0.0007546995024,-0.03337042589,-0.01937703636,0.008812023384
-1.23243685,-0.00341649974,0.01189530163,-0.006771089337,-0.007703487521,-0.007251720357,-0.02134069578,0.03293338861,0.0101504099
-1.237487044,-0.0005509085825,0.001250374089,-0.0072446828,-0.01542278758,0.004924670134,-0.009781932677,0.01381731865,0.007903093593
-1.201817986,-0.0001958882443,0.009397225723,-0.005640049682,-0.02230385628,0.002220580654,-0.03184231142,-0.01187582647,0.006896415283
-1.257463075,-0.0002566473007,0.005902998603,-0.00848433391,-0.003649747681,0.002542659014,-0.02190061337,0.01636292631,0.0128872703
-1.230866368,-0.002614662348,0.003768910431,-0.004710729277,-0.008185815819,-0.002160603156,-0.01765657415,0.02146351683,0.00705772156
-1.222330302,0.001352626491,0.005296363855,-0.002148172868,-0.03010075618,0.006374179914,-0.02591828986,0.004075116807,0.007846070278
-1.292115747,-0.00222389243,0.01046612966,-0.002141414539,-0.008027289817,0.003184903787,-0.02277091982,0.002765057188,0.00816395747
-1.230937098,0.004464369508,0.01434807639,-0.01205660537,-0.007371510911,-0.002981772717,-0.0217103088,0.01914472223,0.01342925555
-1.247884398,0.01099079948,0.01380448,0.002266947819,-0.01571571867,0.004886910644,-0.01885670147,0.01424835792,0.00850702271
-1.248067717,0.009123573103,0.01742208927,0.001147319292,-0.01889254765,0.006776068085,-0.02002711227,-0.002292861181,0.005868578662
-1.221916291,0.007492775804,0.01771061281,-0.007232699453,-0.00539382676,0.001775738171,-0.02473110363,0.01919256341,0.01180102647
-1.240437406,0.00433740589,0.01069527888,-0.007836919521,-0.0142448504,-0.001975164904,-0.01827992373,0.007916091927,0.01036953222
-1.206259943,0.002979633562,0.01409814201,0.003611056343,-0.01315679174,0.004724885725,-0.0237177002,0.006185518232,0.007414281627
-1.209160546,0.002834750925,0.01344358428,-0.007840755589,-0.01757739998,0.001759085945,-0.02228417742,0.01288171434,0.007818309424
-1.264199597,0.001389802165,0.00741513358,-0.003895789163,-0.01000349893,-0.001930479047,-0.02256011434,0.007981214909,0.009674565528
-1.240319001,0.0008317452061,0.006534123552,-0.004915238339,-0.01769842165,0.002216681422,-0.02392288087,0.01238999976,0.008133677049
-1.247230239,-0.002721922779,0.006970010569,-0.005879416471,-0.02010745643,0.0003144110036,-0.02425019661,-0.002873281287,0.005445068126
-1.227256412,-0.003108435243,0.005357939289,-0.005201776497,-0.01544187867,0.0004277153591,-0.01933382197,0.0216004316,0.00740679188
-1.248415471,-0.002554728669,0.002298904929,-0.005863921491,-0.01234095589,-0.002126851102,-0.02221096776,0.004429708307,0.01000801486
-1.214388283,-0.003449199793,0.006630265129,-0.009175101376,-0.0202250567,0.002968238386,-0.02390711151,0.005013017691,0.007453189642
-1.25160705,-0.00450391821,0.007346188262,-0.002362083965,-0.01043610028,-0.0003085563861,-0.02467438116,0.008951931041,0.008245894438
-1.270628313,-0.003405876751,0.00292061574,-0.005819071119,-0.01491939083,-0.001478929383,-0.01886297111,0.01244202139,0.006904048211
-1.262399331,-0.001874272151,0.003163972657,-0.005808877958,-0.01646134636,0.001872954517,-0.0258905773,0.009834530244,0.009304674642
-1.224950654,-0.00383505948,0.005986822521,-0.006145391514,-0.01456727649,0.0012727058,-0.02416073817,0.0003656789195,0.007528772429
-1.277733993,-0.004527402051,0.005593019043,-0.005070347273,-0.01419544403,-0.001098128749,-0.02444086663,0.02064490504,0.00745712248
-1.249197566,-0.01227140327,-0.004437121534,-0.008292695703,-0.020698683,-0.005599370012,-0.01220802722,0.004444488781,0.007123319632
-1.247463034,-0.01559208898,-0.004359660443,-0.006481600933,-0.01529720665,0.003388100315,-0.03615596988,0.00474094191,0.00832334705
-1.207158751,-0.01267267251,-0.003422789757,-0.01056965725,-0.01607801618,-0.002490683994,-0.02502874788,0.006969875973,0.006353765902
-1.252894472,-0.0115747542,-0.008065283641,-0.008380678915,-0.01339918008,-0.004128545838,-0.0140991878,0.005203915025,0.006556268347
-1.253256406,-0.009123494875,-0.0009579354397,-0.005867182544,-0.01719670271,0.001749449156,-0.02544705467,0.02203003025,0.009319518343
-1.245460584,-0.007831640769,-0.003505733088,-0.008742818663,-0.01842192599,0.0002912707378,-0.02888235103,-0.003378627673,0.007380624747
-1.232932087,-0.01065814739,0.003129281101,-0.008076183989,-0.01257418266,0.001551243237,-0.02027044669,0.01164585577,0.006041605989
-1.235805079,-0.005988940128,0.006103767187,-0.005913894085,-0.01346306337,-0.002269532068,-0.02471375297,0.01799408263,0.009774056727
-1.159676443,-0.003190923586,-0.003792910834,-0.007942804943,-0.0201640076,0.002408563001,-0.01956872652,-0.002532252224,0.007730927598
-1.257144842,-0.001124544317,0.00492271414,-0.004665576283,-0.01230440163,0.004802378323,-0.03082988469,0.02190316545,0.008589952066
-1.138854667,-0.001400690459,0.006041288468,-0.008387602396,-0.01288881316,-0.00664967614,-0.01040161857,-0.01012075522,0.008383176105
-1.336134134,-0.002192192084,0.01110761665,-0.006857982658,-0.01231057494,0.01271089298,-0.02679034359,0.02178401877,0.00704516677
-1.055018466,-0.0009736163406,0.001033419346,-0.00206238088,-0.02230531308,0.0002376961775,-0.02956354539,0.01413857245,0.01142619728
-1.591272286,-0.0004050130292,0.003482239503,-0.004615069396,-0.01144237245,-0.002781023916,-0.01155110004,-0.002999309183,0.005678466827
0.3285980972,-0.00273400983,0.0102224939,-0.008311170066,-0.005301794539,0.002396639737,-0.025762141,0.02791704369,0.01043138697
5.328188971,0.0002401004132,0.005424445747,-0.007766154148,-0.02007614319,0.00162930236,-0.02429246134,-0.001974724684,0.007527481039
4.873609264,-0.00138961821,0.005403569568,6.704463177e-05,-0.01797231855,0.004072897805,-0.01628265987,0.006864997111,0.007333309712
5.163877354,0.0005792794115,0.01152658445,-0.005301636183,-0.008101335014,0.00138995845,-0.02821932334,0.02226658803,0.01239400226
5.01127601,0.008424659127,0.01290680888,-0.009936403286,-0.01514667573,0.003202790912,-0.01634409383,-0.003613326865,0.008557334587
5.095971364,0.01082616062,0.01826435151,0.0009196321937,-0.0147437918,0.005288532688,-0.02600281281,0.02415519679,0.009369024047
5.021209551,0.007922500816,0.01704402354,-0.0005092364443,-0.0122799696,-0.0003560575826,-0.01843791922,-0.001553381997,0.008995311164
5.078775592,0.006201783038,0.01547633685,-0.008895773311,-0.01148523553,0.00555456338,-0.02100427045,0.03409796349,0.008787423217
5.047805511,0.00626913496,0.007785096917,-0.001114609594,-0.01674592677,-0.0007455806507,-0.02228834278,-0.02063862729,0.01042626117
5.073771544,0.004732719749,0.02181806733,-0.002958913738,-0.008844081515,0.007579702104,-0.02528613772,0.02186005157,0.007172066469
5.064380672,0.00251484075,0.005012280026,-0.005598106332,-0.01898434493,-0.004223575309,-0.02136088804,0.02078991776,0.01082207282
5.067610789,0.001667180212,0.002925544705,-0.004524689562,-0.0180036604,0.002328629854,-0.01919192805,-0.008919461337,0.005422929926
4.956873205,-0.00260893147,0.01453743908,-0.003001957988,-0.005340490924,0.004597081443,-0.02514446352,0.02478086554,0.008507966795
5.123217596,-0.00257939323,0.005142537479,-0.009050862037,-0.01946640672,-0.002170649332,-0.02201008901,-0.001078116683,0.008455248795
4.957482515,-0.005799001081,0.005383379039,-0.002937407044,-0.02464410973,0.000317952656,-0.02063651865,0.01447754346,0.00647836058
5.195109874,-0.002172307076,0.004719809273,-0.00202213595,-0.008594235912,-0.0004012162377,-0.02802067494,0.009524970404,0.007498850598
4.774002465,-0.003751028977,0.00190543592,-0.01169298967,-0.0179216335,-0.001465741717,-0.01774707339,-0.006214152672,0.00670015872
5.606833692,-0.002777279907,0.007766618684,-0.006454931209,-0.01220696486,-6.911550619e-05,-0.02824391836,0.02721084658,0.01026148045
1.628521139,-0.004427515154,0.004748891948,0.0003183252423,-0.0141556988,0.0001129526552,-0.01610005751,-0.005315531081,0.007767258045
-1.746989948,-0.003746771749,0.006048961705,-0.01046083476,-0.01851677803,0.003612911833,-0.02755391844,0.02280772675,0.005285844095
-0.9356580464,-0.003162779357,0.005284249518,-0.008604156344,-0.01497445619,-0.003744142856,-0.0210358745,0.001899053187,0.01019100258
-1.428848592,-0.005290695128,0.005423937985,-0.003210985316,-0.01162809289,0.001223647298,-0.02124808731,0.01388414619,0.006713440537
-1.128954416,-0.01424272683,-0.01188242395,-0.01269373588,-0.02229531452,-0.001391788624,-0.02423160729,0.003175639973,0.006831420129
-1.318950753,-0.01301732599,-0.00323761212,-0.008231652391,-0.01605915597,-0.001776309998,-0.02646723561,0.004875830115,0.006464263741
-1.202570932,-0.0118885281,-0.004770334342,-0.007057165122,-0.0124328398,-0.001694197318,-0.02059703658,0.01783239754,0.007964585704
-1.238876897,-0.01314471978,-0.001955897818,-0.009018734207,-0.02069431228,-0.0005545553948,-0.02522110114,-0.001213133919,0.007352749129
-1.262070513,-0.008949384037,-0.0001373778503,-0.004323410098,-0.01415296695,0.001687098582,-0.02247413099,0.01671473185,0.006828397573
-1.28777373,-0.008042470867,-0.002801368375,-0.008453555057,-0.01367238357,-0.002486230184,-0.02128971809,0.005971219005,0.008482765098
-1.219568932,-0.004880482591,-0.0002793682985,-0.01033282609,-0.01574439238,0.002489787574,-0.02462969961,0.008858643299,0.008567778273
-1.255469517,-0.005671896225,0.005447446229,-0.005394928789,-0.01409743697,0.001657003608,-0.02255880132,0.01155662672,0.008589046032
-1.232354389,-0.003029343019,0.00262640682,-0.006597615354,-0.01571149897,-0.001414517166,-0.02219960495,0.003324818894,0.00846578067
-1.254215195,-0.003880072196,0.006128230903,-0.007410860959,-0.01491950279,0.003558724733,-0.02622162885,0.01027727562,0.007789640374
-1.276181108,-3.689284866e-06,0.007222660559,-0.007608898093,-0.01036837363,0.0004482498627,-0.01845006096,0.005534657754,0.007603739608
-1.209190542,-0.001369985212,0.003980548132,-0.004877629679,-0.01263105807,-0.0007546720498,-0.02135527116,0.01824317726,0.009260033673
-1.23441412,-0.0009155772278,0.005860050106,-0.007102731829,-0.01675808225,0.004382575106,-0.02254136501,0.007059472359,0.007700377888
-1.238666783,-0.0008932749283,0.009887443865,-0.005500082323,-0.01072112927,0.003421285955,-0.02164622544,0.0078454773,0.006874882375
-1.206907998,-0.000999669779,0.004633798454,-0.003324445806,-0.01372826615,-0.001495800969,-0.02386241854,0.01370495041,0.009660359284
-1.266091537,0.000255605833,0.006516908374,-0.004794522327,-0.01675166176,0.0009375133155,-0.01935914181,0.009455277288,0.00727733416
-1.237637101,-0.0004796329448,0.008437328915,-0.003803426774,-0.01619845264,0.004341160823,-0.02355646777,0.006999901109,0.008377697414
-1.248338493,0.004262164625,0.01077253365,-0.004279759171,-0.01024330936,0.001075997899,-0.02202977819,0.00815729809,0.008098846678
-1.280548834,0.01059704757,0.01770204667,-0.002651142655,-0.009664199116,0.00269904366,-0.01945692813,0.01494591475,0.01121747162
-1.24475256,0.008255065366,0.01776210252,-0.002245741357,-0.0143227579,0.005450839022,-0.02189432653,0.008904579624,0.008926430002
-1.273107776,0.006936948513,0.01472595414,-0.002284511857,-0.01384984056,0.004091792016,-0.02076302268,0.0124366713,0.007652450932
-1.289881854,0.006834360908,0.01144117013,-0.005446073048,-0.01375958801,0.001233893286,-0.02204265372,0.01040211631,0.009218753943
-1.259929725,0.006180962753,0.01397465329,-0.004514879725,-0.01059551106,0.002280713475,-0.02112277065,0.008546586205,0.008417445091
-1.232904875,0.005008791365,0.01200976511,-0.004275329478,-0.0166051436,0.002171788383,-0.02109087222,0.009599661183,0.008707080562
-1.209747836,0.0005317267403,0.008829348642,-0.005552676787,-0.01541322214,0.001556212884,-0.02409333728,0.007900550179,0.007118901584
-1.258688737,-0.001161574057,0.007907242245,-0.004278282381,-0.01121825834,0.0007223497194,-0.02088990273,0.01395772052,0.00711957064
-1.198325221,-0.001063821278,0.00601224947,-0.004567454796,-0.01800220102,-0.00170710353,-0.0268541969,0.005302435805,0.007132688428
-1.230088137,-0.002495456505,0.005724252053,-0.006081458667,-0.01701048065,0.0004358514327,-0.02161645734,0.01236967478,0.005292772672
-1.22808754,-0.004620957369,0.005708077418,-0.005405884591,-0.01451612722,-0.002411628672,-0.02446545828,0.006010201474,0.007115059308
-1.225711969,-0.004330951154,0.005336899359,-0.00600647383,-0.0138580321,0.00285379362,-0.01817171417,0.02104159129,0.007008909293
-1.269156827,-0.004024118936,0.002144875124,-0.006221409263,-0.02095807002,0.003099673143,-0.02280806136,-0.01487406055,0.008166481492
-1.228093915,-0.002950643025,0.01015180357,-0.002611272085,-0.009646940596,-0.007927037056,-0.03755910203,0.01985323285,0.0109003014
-1.292802322,-0.001253802638,-0.00146380111,-0.01048137488,-0.01498730735,0.004177159794,-0.001223968127,0.02373796397,0.004619346272
-1.259525178,-0.003962085848,0.004038853963,-0.002746186116,-0.02535269967,0.003823710361,-0.03207020279,-0.006548217812,0.004624923542
-1.217449016,-0.002872534885,0.01088069318,-0.009120899798,-0.009767335687,-0.002214491053,-0.03100279379,0.01023200997,0.01232658072
-1.236342645,-0.01122597747,-0.005971367391,-0.009045728936,-0.005931296413,-0.00307785276,-0.01092550557,0.01781146002,0.004615067073
-1.239099382,-0.01426824911,-0.006359222336,-0.006641606394,-0.03201468947,-0.001695106298,-0.03107899587,0.00860246712,0.006519273729
-1.283845559,-0.01138368385,-0.004717480703,-0.002291469942,-0.01714487408,0.0004458380105,-0.02642634555,-0.007227938822,0.005637037608
-1.244982598,-0.01494141489,-1.561964637e-05,-0.01810434779,-0.008770194498,-0.004076629775,-0.02207939576,0.01387694816,0.008674174514
-1.221183356,-0.008426661084,-0.004401071438,-0.005559827498,-0.01098614138,-0.002382479933,-0.02281481779,0.01771311409,0.01004410202
-1.225779127,-0.01120936679,-0.0005381066662,-0.0009097959656,-0.02693298296,0.003270946115,-0.01979258521,0.003032762915,0.00450579912
-1.213079001,-0.008376442049,0.004740844251,-0.009674390789,-0.01039513856,0.0015932448,-0.02820913487,0.008449446783,0.007568436847
-1.219745397,-0.006885600895,0.0021199058,-0.01060882412,-0.01198085312,-0.003275517483,-0.0213566099,0.01540299021,0.01104172869
-1.206269812,-0.001721456968,0.0005452885567,-0.001806700956,-0.01707921663,0.0002086738442,-0.02166991523,0.005065102905,0.006418499446
-1.186062972,-0.000969186423,0.004579909147,-0.004119962134,-0.02022308049,0.004297704289,-0.0257320809,0.007586109268,0.0088337905
-1.249967537,-0.002064715394,0.005019851908,-0.009861555532,-0.009247903336,-0.001540391096,-0.01925787294,0.00960342611,0.007898054351
-1.207740254,0.0009208574191,0.004771932127,-0.005353988221,-0.01038178976,-8.3661662e-05,-0.02457117186,0.01498407703,0.01209827158
-1.238064117,-0.001767909219,0.007095637605,-0.001871905799,-0.01922171232,0.003855670053,-0.02395095033,0.006838287427,0.006630505497
-1.201813661,-0.001478226815,0.007503590473,-0.007727595923,-0.01461251403,0.003244756571,-0.02004359077,0.01109856206,0.006353993132
-1.226578764,-0.0006462662842,0.004433071151,-0.006229510509,-0.009433571491,-0.001283885613,-0.02109610566,0.01411383219,0.01079698666
-1.214753543,-0.0006064672159,0.004663674152,-0.006068684538,-0.01653132891,0.001707654001,-0.02219958403,0.003818063609,0.007835490878
-1.248134115,-0.001698394718,0.009195374629,-0.003761732689,-0.01517130283,0.002394926286,-0.02369748006,0.007143965323,0.006998934659
-1.183134437,-0.001026948293,0.007534248301,-0.006012059543,-0.01110356423,0.001219660799,-0.02045054855,0.01463855215,0.009720658033
-1.239720857,0.008742294552,0.01570160348,-0.003439452205,-0.01250178923,0.0001780741278,-0.02111476527,0.013897001,0.01056672311
-1.219759522,0.01000128696,0.01909095573,-0.001109991354,-0.01217770334,0.004020656969,-0.02269568876,0.006699973859,0.00863637272
-1.238304072,0.007579662172,0.01795802007,-0.001879110031,-0.01146218456,0.004816983387,-0.02011400714,0.01173162865,0.006818998577
-1.195280641,0.007431072422,0.01165183676,-0.004724887325,-0.01515597981,0.002041768157,-0.01808988906,0.01438419981,0.0093994692
-1.247592976,0.006385492758,0.01168943465,-0.003352296591,-0.01519771502,0.001832420441,-0.02217727554,0.009212750587,0.01107950486
-1.245508379,0.004983813636,0.0139426345,-0.0030551386,-0.01159983981,0.004685342585,-0.02399209048,0.00600241243,0.007135086247
-1.26440863,0.001786411087,0.01138120172,-0.006625108159,-0.01676172612,0.0005085433452,-0.0213268054,0.01160986649,0.008581309056
-1.270883373,-0.0003937635589,0.008886612429,-0.003732559107,-0.01487939184,-0.0004014809759,-0.02029358486,0.01315273017,0.007852781348
-1.263635398,-0.0005619381838,0.006404096443,-0.005445936153,-0.01529035181,0.002393438323,-0.02210366864,0.00716622884,0.007809892472
-1.206028389,-0.00280096575,0.007740670102,-0.008549225337,-0.01520269424,0.0002687226049,-0.02475705563,0.002703194591,0.007172035816
-1.266563299,-0.003938970066,0.006173444091,-0.005920663702,-0.01573044165,-0.0007200424717,-0.021731639,0.01543818079,0.006288702876
-1.195186526,-0.004344658837,0.002626188078,-0.00334301527,-0.01658620805,0.001208226973,-0.02340329714,0.004309060335,0.007265841711
-1.288942885,-0.0009787102552,0.005050484896,-0.007924454096,-0.01643576632,0.002335236568,-0.02562992913,0.02055895985,0.00818683204
-1.105153068,-0.003660689446,0.005007826402,-0.006414556676,-0.01338530584,-0.00817349932,-0.01631796155,-0.004659676089,0.007894781296
-1.470752574,-0.003336852261,0.009910784501,-0.004771529684,-0.01229346018,0.009996627961,-0.03237954672,0.004957892428,0.007247267459
-0.1804111285,-0.003838323655,0.001899775525,-0.008544522107,-0.02177724688,-0.004541108444,-0.02151399258,0.02356281541,0.007736954219
5.081753035,-0.001367977476,-0.003871557092,-0.003171060666,-0.01645570289,-0.003811974875,-0.01666223272,-0.002174138242,0.008379420128
4.967779549,-0.006367283008,0.009503370967,-0.006088800602,-0.0120374265,0.006901491335,-0.02602889284,0.01936287107,0.006252220074
5.117582042,-0.0143666168,-0.005923980487,-0.01433465466,-0.01809773272,-0.00371958412,-0.02406204682,-0.001708120517,0.00506692868
5.019867577,-0.01417046549,-0.007936438898,-0.005571810418,-0.01998365186,-0.002117763288,-0.02135255032,0.01508032985,0.008697415773
5.070731022,-0.01315396775,-0.001451219791,-0.005150867978,-0.01522035692,-7.896362309e-05,-0.02478931499,0.01642233756,0.007449691162
5.029678724,-0.01040253134,-0.007041584135,-0.01128337391,-0.02133755296,-0.0005845951497,-0.02287590255,-0.01592087778,0.005539972121
5.072225234,-0.007913278391,0.0006079505149,-0.00673324213,-0.01136457398,-0.0006153691729,-0.0262918651,0.02881589524,0.008177847675
5.069785024,-0.008163642727,-0.004134649552,-0.007262025551,-0.01519427017,-0.002167062386,-0.01805065265,-0.0002879832122,0.009515340874
5.09838489,-0.007865367056,0.001707052616,-0.007414945824,-0.01497950457,0.006381647573,-0.0249782493,0.01762330206,0.005441575433
5.070648116,-0.003658435893,0.001226294355,-0.007558029364,-0.0144908193,-0.001704040382,-0.02229426836,0.007774242994,0.01019453642
5.060755249,-0.003677906761,0.008760995788,-0.008863039788,-0.0118154236,7.836519245e-05,-0.02135532525,0.006574407954,0.00816373328
4.980898284,-0.002343778388,0.003557972078,-0.007532196971,-0.0165165282,0.002717969665,-0.02135290238,0.01419988418,0.007622077069
5.134036812,-0.001023155935,0.001131805357,-0.004248763501,-0.01734881624,-0.0008969270845,-0.02282573849,-0.003569999922,0.007684038509
4.955000042,0.0009862855299,0.00639204157,-0.005740465435,-0.009936480906,0.002836036379,-0.02134620182,0.02058102429,0.01055047217
5.208763115,-0.001501704556,0.008454333902,-0.00855506776,-0.01174618206,0.001649774262,-0.02266053215,0.003343818475,0.01010502079
4.762398794,-0.003387204002,0.007598945611,-0.002176907756,-0.0188176872,0.00374501638,-0.02024363932,0.01331170624,0.007136897928
5.591351358,-0.001244973065,0.005747320158,-0.004389647126,-0.01252997725,-0.0004714724808,-0.02348185423,0.01222239908,0.008591641715
2.239842498,0.0004180480675,0.005952770773,-0.008540092956,-0.0115867033,0.0006821176551,-0.0188311091,0.005969284447,0.00949105173
-1.817871074,-0.001266934961,0.006283639301,-0.003212659635,-0.01389837075,0.0027178267,-0.02547122014,0.01116571844,0.0101839279
-0.9596381016,0.002450736794,0.009785116736,-0.003262149079,-0.01666400739,0.002397224749,-0.02214896809,0.001890119056,0.009594349926
-1.420523029,0.009851936801,0.0198995771,-0.00379651542,-0.01141391993,0.005565545981,-0.02116448912,0.0206081225,0.009852318077
-1.144563538,0.008310648625,0.01571757891,-0.003452561533,-0.01096912676,0.002316650917,-0.01979216508,0.007252190824,0.009483943842
-1.307777842,0.007154166933,0.01710673118,-0.002699729713,-0.01369374769,0.003438649735,-0.02196012753,0.01176154534,0.007965962829
-1.229756447,0.005862011671,0.01402631981,-0.003966101466,-0.01528955109,0.002944691426,-0.02026086737,0.01123607558,0.008818025607
-1.263357068,0.00351828437,0.01123213934,-0.004111145537,-0.01421616455,0.002842812659,-0.02019214537,0.006478063519,0.00812583741
-1.208955094,0.004250838432,0.01053305568,-0.003473057579,-0.01405205956,0.002779934103,-0.02270985983,0.01298819712,0.009793431843
-1.267909225,0.001566457528,0.009978320441,-0.004244356946,-0.01522069803,-0.0008551627578,-0.02203384216,0.00570996239,0.008476646649
-1.221682972,-0.0001305343238,0.010321155,-0.004518542275,-0.01344825218,0.003026163069,-0.02502434986,0.008125941472,0.006292344803
-1.247914164,-0.00282585907,0.004511491331,-0.006751570357,-0.01501401645,-0.001188914217,-0.02186885366,0.01331908218,0.006486335344
-1.28615734,-0.002308106552,0.004322274774,-0.005171671799,-0.01566443875,-0.003570725063,-0.02322153671,0.007839709714,0.007985059341
-1.211462592,-0.004149927473,0.007127206644,-0.0063132651,-0.01576141846,0.002106489188,-0.02272933432,0.005893009458,0.006714863462
-1.265080187,-0.004009026222,0.004553067251,-0.007331901772,-0.0137899739,0.00223755817,-0.02243196143,0.007744328117,0.006559154808
-1.267197865,-0.001959948511,0.001264413381,-0.004987520453,-0.01690126117,-0.001171805278,-0.02193470119,0.01070178175,0.007682018959
-1.239003972,-0.002870226856,0.005298678633,-0.005588844067,-0.01506469416,0.0006924783987,-0.02256273314,0.01052399405,0.008228627915
-1.259993777,-0.003100587319,0.007078148055,-0.005002804531,-0.0177653612,0.000484856838,-0.02304765051,0.004881964255,0.007744597226
-1.244755666,-0.004558951444,0.003923091818,-0.006863837144,-0.01396046642,-0.001069508831,-0.02366343374,0.01153655264,0.006754709721
-1.257185778,-0.002484050115,0.00460223373,-0.007048899689,-0.0174202466,-0.0003725977264,-0.02202011725,0.01139200877,0.00828465899
-1.259479082,-0.009282658674,-0.0008411492237,-0.006472035317,-0.01538925336,-0.001627237701,-0.02399593076,0.006124768105,0.005945391175
-1.255543852,-0.01582296646,-0.009545878022,-0.008411721333,-0.01848534052,0.0008390149538,-0.02338155738,0.01966727308,0.006885737455
-1.207778379,-0.01183870064,-0.003411942047,-0.005863775106,-0.01922850507,-0.002452607418,-0.03190743442,-0.019677879,0.008431922171
-1.219924639,-0.0134348094,0.0006178666282,-0.01228701465,-0.007623940907,-0.00478374074,-0.01609175846,0.02905833679,0.007078406314
-1.240166839,-0.009522637551,-0.01078844603,-0.005735737575,-0.01960346686,0.001354918766,-0.01891046888,0.01151690623,0.008629535218
-1.240023261,-0.008399262332,0.002738712813,-0.005880985378,-0.02353164769,0.002978308172,-0.03193158538,-0.004504201192,0.006813505748
-1.226156174,-0.007143929047,0.002830062212,-0.01057434566,-0.00302851617,-0.0004674092583,-0.02222476528,0.01592804353,0.008678391232
-1.226158977,-0.006760313468,-0.0002591094589,-0.006912470135,-0.01477789365,-0.003170282601,-0.01721602242,0.01701917131,0.008223516595
-1.286714975,-0.0005741851942,0.002385686397,0.0008240345436,-0.026053379,0.002447554946,-0.02693556639,0.008901242743,0.008165188299
-1.214154853,-0.002013782753,0.007364060336,-0.005840616906,-0.01233475451,0.003342715408,-0.02329350445,-0.004428296887,0.007325447089
-1.271408128,-0.003758825612,0.007909996343,-0.01372570093,-0.004723437514,-0.0006772299398,-0.02316055134,0.01604339685,0.009122632124
-1.240734769,-0.000191525385,0.001390096671,-0.003218749549,-0.01502092153,-0.0009448980323,-0.01824462568,0.01523146059,0.00997166521
-1.207770222,-0.001077329556,0.003977664555,0.001298329663,-0.02252669383,0.003468913074,-0.02481124864,0.00247333691,0.007610660162
-1.243395008,-0.002686818588,0.0106628948,-0.008427700554,-0.006828767091,0.003909161129,-0.02017787863,0.01935316299,0.00889639082
-1.235748523,-0.002901242757,0.006458795316,-0.007575146062,-0.01205723242,-0.004378152566,-0.02847226331,0.004365841367,0.01009742725
-1.241301937,-0.0002050732125,0.00730973453,-0.006472073135,-0.01639017314,0.007251863059,-0.006269848021,0.01871785168,0.005589438368
-1.227631961,-0.00045768961,0.004811685254,-0.0005828594113,-0.01866135596,-0.0007340159189,-0.03572234048,-0.01885791191,0.01126684796
-1.215378743,-0.00155456546,0.01229123333,-0.005002690509,-0.006450631481,-0.006799981923,-0.03102359191,0.0366600903,0.01166875633
-1.233471392,0.01015152366,0.003316684472,-0.008442714254,-0.01565638167,0.01175614435,0.004440209149,0.01356147182,0.004259031511
-1.266848147,0.009778613078,0.02475517202,0.006279278072,-0.02134919958,0.003051949373,-0.03936338673,-0.01158231767,0.009003903759
-1.235934874,0.007697160385,0.01872589495,-0.007152746251,-0.001555687827,0.002458458382,-0.02719548207,0.02572567159,0.01371039108
-1.235541799,0.005522820777,0.01030917125,-0.00812426804,-0.00904589825,-0.001275737787,0.005105467894,0.01589351483,0.00530278998
-1.215082942,0.006309614468,0.01539453382,0.005174915161,-0.027091545,0.003581465535,-0.04935291615,0.001860988712,0.01001941021
-1.185689469,0.002210252506,0.01383190459,-0.002389773886,-0.007639575955,0.01045518095,-0.003690021529,-0.001995292929,0.003641559583
-1.277223311,0.003277399275,0.0087485367,-0.01275328187,-0.008186863133,-0.01028301242,-0.0217288044,0.005739089485,0.0136555536
-1.250722038,0.001344755088,0.009350474339,0.003437471195,-0.01468678914,-0.00130911365,-0.0424597612,0.04707920003,0.015109108
-1.268090053,-0.004337314053,0.005548782015,-0.006916839396,-0.03092137675,0.01279924631,0.001372913895,-0.01978949615,-0.006834155483
-1.241249312,-0.002905590114,0.01577763012,-0.0001705360826,-0.01076688195,0.0009739907656,-0.03286527252,0.009142690804,0.006764894811
-1.235970713,-0.00205589421,-7.979848992e-05,-0.01478566885,-0.01353158236,-0.01072301536,-0.03201735893,0.02344589711,0.01720087925
-1.242529991,-0.002111798431,-0.001872774012,-0.004689956844,-0.01687573162,0.002244443844,-0.001850170074,-0.008153420531,0.001812533364
-1.256265251,-0.001876090548,0.009588239909,0.001814104265,-0.0194063782,0.005192391585,-0.04296133187,0.007620875938,0.007117128742
-1.207776212,-0.004530685842,0.002435753699,-0.007414040904,-0.005500917452,-0.002105875707,-0.01523258413,0.01328161752,0.006106210131
-1.238874554,-0.001919637069,0.003982878794,-0.01347794617,-0.01706906869,-0.003525581573,-0.01657199004,0.01151852609,0.01275660904
-1.234723119,-0.002329748662,0.009659927592,0.004190950422,-0.01534951908,0.002587521602,-0.03226684018,0.01665194873,0.009340070374
-1.271280119,-0.007660503499,0.004156494251,-0.008353460548,-0.02259513174,0.001895058681,-0.01469617125,0.001610442504,0.001487447616
-1.257433477,-0.002986046158,0.006132876019,-0.005339349497,-0.009566932042,0.0004293632797,-0.02496326078,0.004777460481,0.009713582819
-1.210464211,-0.0108564646,-0.009434473468,-0.01017393007,-0.02252575162,-0.005898206955,-0.02708356195,0.01496270345,0.011465764
-1.215774891,-0.01441456446,-0.01087099197,-0.004645493061,-0.0172716116,-0.001503310746,-0.02056467304,-0.006206180477,0.00391286116
-1.224365458,-0.01264912167,-0.0008222457306,-0.01076046898,-0.01553959227,0.002755190953,-0.02611429455,0.02514215886,0.007699169496
-1.202915464,-0.01223351496,-0.003466369367,-0.00818813825,-0.01114308392,-0.002402621659,-0.01874060587,0.00272399912,0.007621333218
-1.249025107,-0.008069303461,0.0006660674193,-0.009040011717,-0.01971218304,0.0002670722555,-0.02566113946,0.01272295218,0.009257756558
-1.223591794,-0.01011667547,-0.002195097677,-0.002101946647,-0.01409549226,-0.000375120951,-0.02656812193,0.00327762413,0.007338295979
-1.218745354,-0.00650788136,0.002348562039,-0.009501858474,-0.01688019124,-0.0005921044553,-0.01525336103,0.0118130999,0.0055390691
-1.224442092,-0.002820028486,-0.001294179137,-0.006756939518,-0.01464196677,0.00335357132,-0.02595132982,0.004264243386,0.009653818176
-1.191795511,-0.003831452788,0.003351939773,-0.006057260976,-0.01701662058,0.001117690632,-0.02685321828,0.008482247778,0.008524652381
-1.210207198,-0.002203740335,0.003501616296,-0.00459964676,-0.01458121439,0.002036715582,-0.02140736509,0.01195650247,0.006657930798
-1.12352392,-0.002634889824,0.009323545069,-0.01071063964,-0.01580493283,-0.002537647739,-0.007759466408,0.01529699747,0.008828291346
-1.271486428,-0.001626778161,0.00673783688,-2.297398113e-05,-0.01397296328,0.002543013902,-0.04233022337,0.01385457099,0.0125638151
-1.149549352,-0.001658369068,0.006963204379,-0.0104272661,-0.01629002543,0.004470968377,-0.01793345883,-0.008006696797,0.004613939857
-1.318145682,-0.001716641283,0.004854388214,-0.00454258421,-0.009143402398,-0.001804048447,-0.01369881729,0.01435966634,0.007114991013
-1.076983187,-0.001588177843,0.003706203653,-0.003306379852,-0.01468594498,-2.757189102e-05,-0.02911398759,0.02021431122,0.01520983982
-1.543173079,0.001389029878,0.00413981563,-0.009444055173,-0.01566228333,0.006221544575,-0.01870550398,0.00187067208,0.005507503412
0.09377229413,-0.004824143068,0.01272218231,-0.004066268339,-0.01172458819,-0.001113345644,-0.02172230561,0.003931843473,0.008252700523
5.282851081,0.001607729786,0.01260814243,-0.004583645091,-0.009735720304,0.002882014803,-0.02090426848,0.02285460846,0.01146011295
4.920941712,0.009792975332,0.01322923271,-0.002655159068,-0.0253063946,0.002624210325,-0.0198441407,0.009763027209,0.007999016434
5.121417326,0.01163243795,0.01538308288,0.002708806308,-0.01313102631,0.004779017994,-0.02330427406,-0.002397490006,0.009486316135
5.030818284,0.005215960418,0.0171265761,-0.005169105753,-0.00382938939,4.36258409e-05,-0.01764547,0.01723743055,0.009497182186
5.100095576,0.006228751195,0.01088124939,-0.009345328218,-0.01787517277,0.002331127681,-0.02268940532,0.011921495,0.009453774483
5.030629015,0.004359622194,0.01206727049,0.003866152494,-0.01649757997,0.005680256044,-0.02063963479,0.007623861177,0.008680082857
5.062993577,0.003646654816,0.01676612095,-0.003753497005,-0.008387091207,0.001595266691,-0.02174497103,0.01627889645,0.007864102083
5.046666714,0.0002081889734,0.009323316285,-0.01097556827,-0.01361202727,0.0001027522149,-0.02210736614,-0.001424539295,0.008804218316
5.045741737,0.003817035888,0.007951227648,-0.00374030512,-0.01857520383,0.0009815936741,-0.02195872122,0.01626452282,0.00581865135
5.058482675,-9.879942527e-05,0.004233408115,-7.673325302e-05,-0.01936613161,0.001044810106,-0.0241924654,-0.003234953477,0.007868787424
5.068834241,-0.003430990224,0.007539491088,-0.009651999617,-0.01413111614,0.001553499064,-0.02290649516,0.01433853946,0.005975761408
5.018749457,-0.005633387033,0.002328295644,-0.007107618162,-0.01501851762,0.0005926581957,-0.02302935433,0.008629370472,0.007438547345
5.143749034,-0.005174594618,0.007373170182,-0.002072197304,-0.01920421349,0.001925412904,-0.02381665994,0.01191061212,0.008915296986
4.919235596,-0.0059093011,0.007587619474,-0.007547227437,-0.01645793474,-0.001590987988,-0.02057622372,0.01003301165,0.006960695963
5.230424418,-0.003592642436,0.005098442818,-0.006184246283,-0.01340977811,5.125045986e-05,-0.02425994636,0.005658481261,0.008552808028
4.799821618,-0.001118527947,0.001657761421,-0.004800003688,-0.01263066349,-0.00068154216,-0.01961052741,0.005177326404,0.006828320829
5.572809714,-0.004743943935,0.005362297359,-0.006045525868,-0.01677775448,0.0005903644554,-0.02624911267,0.005902790824,0.00699220738
1.654351598,-0.002365387574,0.00430218497,-0.005548466496,-0.01849742848,0.001069029364,-0.02584793547,0.014399274,0.00814730785
-1.758517039,-0.008716700792,-0.001112501855,-0.006992323431,-0.01452306673,-0.0006479214211,-0.01750443685,0.008010121385,0.006288882065
-0.9291968684,-0.01437058582,-0.005821382718,-0.01014406002,-0.01585690898,-0.00281003252,-0.02739759343,0.008282601177,0.008244716896
-1.391170915,-0.01337718257,-0.001225280288,-0.009758213287,-0.02147549361,-0.001876839306,-0.02489875168,0.01057712272,0.007471553806
-1.159011802,-0.01168743943,-0.006632965349,-0.006117662512,-0.01743666544,0.000272846632,-0.0218730786,-0.00147836146,0.006567815962
-1.293054111,-0.009035597423,-0.0009490902114,-0.009931291943,-0.01490166244,-0.001376360032,-0.02454455076,0.01667150997,0.007945495679
-1.194400644,-0.006995436545,-0.003522447548,-0.01014123031,-0.01394947598,-0.002867486075,-0.0237030958,0.0002971514877,0.007372986864
-1.255491948,-0.009766753542,7.79301731e-05,-0.00610864332,-0.01451648558,0.003030772052,-0.02379812972,0.007750248013,0.007085832422
-1.243597569,-0.006620093438,0.0007993049475,-0.009293909128,-0.01586191811,-0.00252485154,-0.02047455918,0.01741855882,0.007683922137
-1.247162641,-0.004176743303,0.005062469588,-0.003391539172,-0.01295568585,0.001158991754,-0.02379905598,0.006366667113,0.009217739171
-1.252625537,-0.002055651555,0.009911843181,-0.007332649928,-0.01462177525,0.003602922002,-0.02335755639,0.00944516331,0.008706442754
-1.235086186,-0.002993339268,0.002645988191,-0.008090415972,-0.01655644539,-0.0009778436252,-0.02318791128,0.003985732744,0.007278898254
-1.261103727,-0.0006795541401,0.005778255551,-0.002110272138,-0.01504037367,0.0004512934685,-0.02158792307,0.0177488032,0.00938857809
-1.230383569,0.0006624481437,0.007336751323,-0.00507072759,-0.01426960128,0.002372989588,-0.02118520587,0.008409011002,0.008315696871
-1.220138734,-0.00232292948,0.007087640078,-0.00652517275,-0.01501291861,0.002230045922,-0.02454963667,0.005811752961,0.007977023528
-1.245109855,-0.002270929215,0.00733870794,-0.004907412523,-0.01045265759,0.001103096562,-0.01971768463,0.01546163196,0.008883705755
-1.218211974,-0.001736601415,0.005523440724,-0.007999157844,-0.01511409745,0.0007136255221,-0.02224208544,0.007921062476,0.00854138782
-1.239425404,-0.0004807491549,0.004766636309,-0.005073189854,-0.01581633833,0.003701435794,-0.02509296886,0.01085729864,0.008422584243
-1.227177179,-0.0002413923615,0.005786202868,-0.006008024407,-0.01105213721,-0.0008502778297,-0.02204520654,0.005065736588,0.00927000909
-1.216372209,0.008225532528,0.01724015233,-0.004616100091,-0.01218240815,0.00465960123,-0.02356225031,0.01333740481,0.008404871597
-1.276999204,0.009235835239,0.01614822369,-0.0007101092015,-0.0168451571,0.002875835747,-0.02156631442,0.01407637095,0.009036412611
-1.281773448,0.00601515667,0.01665320352,-0.002244798764,-0.01116581044,0.001980903276,-0.01094550517,-0.005451129486,0.009286134012
-1.30652718,0.007572358178,0.01861429626,-0.001270070574,-0.009533030661,0.006640332494,-0.03437237532,0.03038460205,0.0111788694
-1.243948358,0.004393475754,0.007862826356,-0.00538230743,-0.02102355095,-0.001625432579,-0.01649226472,-0.004914923161,0.006911686883
-1.216497286,0.004934765577,0.01537053314,0.000431530734,-0.008784218864,0.00456042928,-0.01645941082,0.009858370531,0.005874962146
-1.267241229,0.0033321043,0.01238822355,-0.005051857774,-0.01409745848,-8.857232691e-05,-0.02664962215,0.02149891023,0.01003179445
-1.223560798,0.0007650938303,0.005811624704,-0.00676937871,-0.0207036422,0.0002150094571,-0.02038241119,-0.006873615467,0.006273624077
-1.228453382,-0.001105017765,0.01330001342,-0.0002985175606,-0.01074639634,0.004025141529,-0.02228999469,0.01983913137,0.006721384553
-1.194703637,-0.003840024982,0.006735510923,-0.01018247141,-0.01555423059,-0.003488987308,-0.02594578085,0.003919942126,0.007390490858
-1.251864489,-0.00174553728,0.000831552694,-0.007583599119,-0.0201669087,0.0006429098971,-0.02059536567,0.009058405392,0.006220670778
-1.236462606,-0.003656663055,0.005949208929,-0.001094880391,-0.01208348686,-0.0001740990296,-0.0283088788,0.01035267523,0.009159421281
-1.201701209,-0.003462470838,0.004607097633,-0.009209639251,-0.0149439193,0.001057387594,-0.01872985098,0.001557404215,0.005528763278
-1.237395019,-0.004201168005,0.005676205899,-0.006737966276,-0.01672550508,0.002812868714,-0.02551773555,0.01731988944,0.007144616179
-1.248819545,-0.002415285002,0.003482529877,-0.002454268694,-0.01650852945,-0.003158516251,-0.01941054956,0.002144189986,0.008774176637
-1.232271968,-0.005733035778,0.007834628048,-0.007435050435,-0.01538427954,0.001180741041,-0.02570880499,0.01547826283,0.006489259345
-1.218161959,-0.002848806118,0.003687709247,-0.008398071767,-0.01468411635,-0.002284968765,-0.01960717079,0.005259038036,0.007047736498
-1.234502742,-0.004567174897,0.005319464895,-0.0008283276959,-0.01479724374,-0.0005913208687,-0.03035001071,0.006822277557,0.007880598132
-1.201158733,-0.01267104409,-0.007411836128,-0.01378346502,-0.01799750834,0.004662041734,-0.00432607669,0.01882767713,0.005287050486
-1.250205894,-0.01531603151,-0.004414538564,-0.005186059466,-0.01976476594,-0.009044675786,-0.04637454772,-0.01647003729,0.01126173661
-1.213971861,-0.01127628164,-0.001019650665,-0.01184506719,-0.009971028107,0.001922239317,-0.01879427416,0.03562399033,0.004564185032
-1.2645614,-0.0118842123,-0.01167117495,-0.007572040815,-0.02219379467,0.0002159055866,-0.005121562316,-0.001341055692,0.002811426759
-1.185007737,-0.007611590489,0.002878305144,-0.001028237835,-0.02017512571,0.000777684713,-0.04451802078,-0.0008983212573,0.01268627363
-1.257679748,-0.009362560087,-0.001536451411,-0.0156255347,-0.005778785686,-0.002050317978,-0.01479414419,0.03458183257,0.009291235055
-1.229213577,-0.008113467891,-0.002991687979,-0.007948676049,-0.01690281957,-0.002655650029,-0.01440231368,-0.02992344116,0.004396693235
-1.235659518,-0.005251325201,0.01147107566,-0.0002634889853,-0.0156641012,0.0115194811,-0.03947162333,0.03497936785,0.007688499603
-1.267153034,-0.004314673971,-0.005350127273,-0.009873632777,-0.02060733851,-0.01204956118,-0.008144988196,0.003575003544,0.009059043521
-1.255623543,-0.00128626404,0.000251035026,-0.008225337073,-0.01248647546,0.004262704986,-0.02806289253,0.0007438635417,0.00922856844
-1.21867607,-0.003744240848,0.01561792488,-0.005681068023,-0.006971870369,0.002815473861,-0.02180361257,0.03400051185,0.006633353176
-1.211962663,-0.001488574258,-0.000553719005,-0.003187147939,-0.02059330296,-0.0008624584898,-0.01781211083,-0.02043326209,0.005713755034
-1.235599759,-0.002235673957,0.0134408552,-0.002904170944,-0.01182150251,0.004139773735,-0.02733970659,0.04042464598,0.01241452351
-1.24583896,0.001110340487,0.001837233127,-0.007368443173,-0.01474176817,-0.003576864437,-0.01983298558,-0.01265213769,0.008540533683
-1.25116423,-0.00338167233,0.006343112315,-0.004316348682,-0.01398516546,0.00566182449,-0.02483305992,0.007145252223,0.004877670211
-1.23412415,0.001728517368,0.007946085219,-0.001760198132,-0.009382774321,-0.0007143671614,-0.0210574998,0.02680494084,0.01075926906
-1.211412498,-0.002585651015,0.004237588414,-0.007670168564,-0.01656977824,0.0008422357639,-0.0182038152,-0.009609404421,0.00943512632
-1.284971118,-2.468543406e-05,0.01299906986,-0.006452027819,-0.01314504241,0.008918255772,-0.02956679735,0.0367741873,0.008239768943
-1.214130646,0.0101429385,0.01612954094,-0.0001669614575,-0.01112056542,-0.001516220823,-0.01404508951,-0.0175796834,0.008830499996
-1.237887354,0.006949216303,0.01966251195,-0.00351986817,-0.01569787345,0.007270401592,-0.0226444047,0.03606902914,0.008056370661
-1.214010175,0.01011199992,0.009597468294,-0.004206731861,-0.01285369934,-0.003072094881,-0.02329226174,-0.005332220579,0.01327017342
-1.248700514,0.006942006788,0.01454993371,-0.002632508308,-0.01207605687,0.006191914376,-0.01862012598,0.009102162613,0.006024997865
-1.145281866,0.004267771874,0.01343561652,-0.002567113539,-0.01218388649,0.003436928095,-0.02511448084,0.01974508596,0.008378160733
-1.225711763,0.0009450211646,0.01323900193,-0.004253329545,-0.01782457147,-0.0002950831969,-0.01654808314,0.001560430056,0.00828621823
-1.221035243,0.00118391141,0.01114503829,-0.0009264389256,-0.01240171891,0.00415727459,-0.02593831898,0.02555964457,0.008334864778
-1.214270083,0.001537221304,0.004737515392,-0.007340661598,-0.01701682086,-0.004771500477,-0.0203962997,-0.009734571708,0.006843283336
-1.269159134,-0.001320410622,0.009145835707,-0.006577043688,-0.01522658291,0.002967157405,-0.02257906662,0.02683021462,0.005881580422
-1.196368218,-0.003082246015,0.005420061374,-0.004254304154,-0.0174617473,-0.001483251111,-0.02358807624,-0.004414167733,0.008869157486
-1.231445727,-0.001820412879,0.002308833908,-0.005385418148,-0.01653089643,0.001679731154,-0.02658038914,0.005321090037,0.006655755279
-1.171122361,-0.005237743374,0.007135747787,-0.008284109565,-0.01577124643,-0.0001919058677,-0.02368357977,0.01317982069,0.007933136556
-1.288334212,-0.00376614566,0.004754981438,-0.006795080565,-0.01422413291,-0.003003413388,-0.01753171621,0.004970746201,0.007301925757
-1.158125703,-0.004724337862,0.001906331691,-0.004262768472,-0.01837565126,0.00268566721,-0.02411737901,0.02212763787,0.006057200463
-1.267298666,-0.001136228787,0.005852511349,-0.00859925071,-0.01485547012,-0.0003587109688,-0.02296261895,-0.005875952236,0.007007359404
-1.077903563,-0.00574133284,0.008691245693,-0.005256160606,-0.01147661632,0.001151085229,-0.02327814915,0.01989684123,0.009231738826
-1.435450085,-0.003553502439,0.002888593567,-0.00235489032,-0.01915721163,-0.001150481257,-0.02471265235,0.003272331983,0.007920041884
-0.249887893,-0.008108409194,-0.001013456735,-0.005945566026,-0.0212638414,0.00171172781,-0.02156070918,0.003703899868,0.004603044468
5.120012024,-0.01363269985,-0.007489408995,-0.009039954295,-0.01522127607,-0.0006426699234,-0.0278842711,0.01522890707,0.008123835513
4.990193768,-0.01453130265,-0.006079216756,-0.01242389105,-0.01388990723,-0.007844599592,-0.01733107498,-0.003272960458,0.007470308898
5.136823329,-0.01312280282,-0.001894816576,-0.008108975418,-0.01612334229,0.004702701385,-0.02746372388,0.01826151428,0.006359527058
5.016740815,-0.01033920089,-0.0030753584,-0.007784344595,-0.02250096089,-0.001527237386,-0.02390338848,0.004823670743,0.007404291016
5.01141076,-0.007723224693,-0.002358890642,-0.007051928575,-0.01483270683,-0.001331719872,-0.02296185258,0.01194956639,0.009357845827
5.069491623,-0.008301213859,-0.001064607023,-0.008982018435,-0.01218373497,-0.0006193959074,-0.02242734161,0.006199215415,0.00893334935
5.05563947,-0.005235799937,0.001901399889,-0.008166203443,-0.01364069586,0.0008160973548,-0.02296202107,0.006246538526,0.0083129221
5.08136394,-0.003454394623,0.001675122378,-0.005142532326,-0.0182896332,0.0001242810078,-0.02141006063,0.01153317785,0.00918312264
5.085135534,-0.004104090934,0.006882063513,-0.006856223704,-0.01167294238,0.0005805736938,-0.02324813775,0.009517196049,0.008592378261
5.044124911,-0.003704647109,0.004724191294,-0.007780332367,-0.01485980211,0.002951522894,-0.02245503086,0.01084544148,0.007478771972
5.062067973,-0.001775187142,0.006053344308,-0.003953126699,-0.01610385878,0.001152839893,-0.02278316643,0.005596814701,0.007168284618
4.98654697,-0.001072513416,0.007711988444,-0.00421248196,-0.0139854348,0.001365751236,-0.01999419658,0.01281299442,0.00847341271
5.127261138,-0.003822951507,0.004908914109,-0.007873573256,-0.01331091184,0.00272849681,-0.02122384023,0.009055671298,0.007950021485
4.952574136,-0.001553582838,0.00510069312,-0.006855878051,-0.01580539991,0.001525265384,-0.02351332342,0.00908812219,0.009178777952
5.231746908,-0.002326782064,0.007432639993,-0.004077472032,-0.01232872611,0.001296539354,-0.02455505713,0.0101793768,0.009050638408
4.736028136,0.0008169560744,0.006483930114,-0.006805285253,-0.0140354801,0.000787500926,-0.02044145308,0.01139649786,0.008345006529
5.511126724,-0.0002486921374,0.003747616713,-0.005802396396,-0.01638770261,0.001865633361,-0.02320637467,0.01013863681,0.008601477387
2.434457774,0.007349913796,0.01410019059,-0.003620384461,-0.01183354826,0.003687976266,-0.01914088495,0.008714021409,0.008865389045
-1.726787862,0.01139669448,0.01900226793,-0.003759894835,-0.01001947834,0.003790648411,-0.02164311857,0.0089582565,0.0108982029
-1.002001674,0.009100691041,0.01536567483,-0.00162601556,-0.01300007665,0.003049116229,-0.02034982845,0.01451991028,0.008775118624
-1.395674545,0.007762729209,0.01569503626,-0.001151567306,-0.01455401062,0.001524748437,-0.02229895989,0.006657921998,0.008503122649
-1.141115851,0.003651025696,0.01401081741,-0.006441471108,-0.01360588101,0.00413357949,-0.02189797391,0.004245500471,0.008664902638
-1.292370677,0.002931797337,0.01378321773,-0.002829397487,-0.01024566378,8.905359719e-05,-0.01969877933,0.01638623568,0.008347606294
-1.174656939,0.003447619655,0.008464922653,-0.00256632499,-0.01682723511,-0.0001187060479,-0.02132633046,0.0075412408,0.008826420475
-1.266375856,-0.0005849098149,0.01133564478,-0.007504669214,-0.01624924079,0.003803687146,-0.02284542409,0.006007269577,0.0064561592
-1.230584611,-0.0009394820447,0.008844551565,-0.006898552705,-0.01240159103,-0.0006948492132,-0.02267582178,0.01024787414,0.007778564384
-1.289531853,-0.002616286895,0.003748639936,-0.004192945444,-0.01649588424,-0.001288256065,-0.02284281578,0.009722379886,0.007926984245
-1.245079859,-0.0005544603267,0.005236092168,-0.004226891151,-0.01704612833,0.002764595202,-0.02204098798,0.01096797947,0.006543829555
-1.244630287,-0.003490430386,0.005506093356,-0.007233802787,-0.01643984409,3.727597341e-05,-0.02318506004,0.001373644988,0.006532523498
-1.259654765,-0.002717528672,0.00459086315,-0.006810014978,-0.01432771235,-0.001504307236,-0.02330561072,0.01258112756,0.008105500028
-1.262615172,-0.002345400343,0.00590294096,-0.003811085092,-0.01682365847,0.000217318559,-0.02171253121,0.007316953063,0.00784424856
-1.256332706,-0.003662414928,0.005578752521,-0.006188061773,-0.01809408149,0.001552511872,-0.02355074148,0.007776910691,0.005858439642
-1.205546703,-0.005077950506,0.002706400961,-0.007705477289,-0.0143112855,5.065598704e-05,-0.02210054486,0.01027490019,0.008506555199
-1.229007197,-0.003862817506,0.004928474567,-0.006032482216,-0.01418208007,-0.001322927456,-0.0227863597,0.006195453621,0.008120829151
-1.288857585,-0.003812125256,0.005973936789,-0.00663011714,-0.01697990076,0.0001708673185,-0.02191190432,0.00982574111,0.006304657956
-1.263817463,-0.01363361968,-0.004535835514,-0.006805390914,-0.01873400211,-0.002119175472,-0.02382077075,0.004779692803,0.005658800936
-1.250100913,-0.01387790561,-0.006400420184,-0.007653532731,-0.01557923507,-0.001891317716,-0.02267248432,0.01206530555,0.00709117665
-1.261634829,-0.01114546354,-0.005454134574,-0.008594039904,-0.01634519579,-0.001198548927,-0.02481267596,0.00696279771,0.007897513515
-1.228364819,-0.01277564776,-0.002571850546,-0.006612326321,-0.01800183572,0.001270173004,-0.02392268807,0.00753640873,0.004940398149
-1.247522169,-0.008894161383,-0.0003843296647,-0.006537619297,-0.01395505106,-0.00113502865,-0.02179594072,0.01060784349,0.006728441895
-1.269332965,-0.007227974713,-0.001951498976,-0.009535595219,-0.01563952526,-0.001580403585,-0.0228486285,0.007786001488,0.007569560993
-1.252842749,-0.008709687596,0.0005178841797,-0.007596463376,-0.01442349855,0.001021520341,-0.02438540705,0.008355432549,0.007643586253
-1.262082617,-0.004949675604,0.002930228694,-0.005605998981,-0.0153141023,0.000548676739,-0.02346244749,0.006324753849,0.008829041002
-1.324284939,-0.002396725662,0.003362174114,-0.00688161816,-0.01526800039,0.0004526245221,-0.02232748122,0.01251652597,0.007663279546
-1.20007747,-0.002819227873,0.003562454404,-0.006969656991,-0.01412849942,0.0004346391035,-0.02163213568,0.00913668882,0.008827157372
-1.194012729,-0.002192267703,0.006926286425,-0.005597964356,-0.01326133705,0.001695752012,-0.02237443333,0.005576407254,0.007832605908
-1.245483593,-0.00109128705,0.007801890594,-0.004410137508,-0.01407015648,8.394100013e-05,-0.02132936507,0.01150714788,0.007885326907
-1.238657391,-5.090475015e-06,0.005479025103,-0.004295278873,-0.01366610282,0.001448114832,-0.02155622501,0.009214897663,0.007954267191
-1.239003188,-0.0008880842349,0.005309204344,-0.004374733818,-0.01394827402,0.002378474162,-0.02160712177,0.0130969051,0.008317500285
-1.25152396,-0.001702985017,0.007232996812,-0.004456631936,-0.01376826188,0.002205907882,-0.02379807007,0.004604184646,0.009686726467
-1.241297966,-0.00167344505,0.008974135856,-0.00623835736,-0.01170778779,0.003115726014,-0.02085105536,0.0106964266,0.008538760784
-1.226734819,-0.001384169598,0.004234169975,-0.006115542954,-0.01251111754,-0.0002491445241,-0.02396381405,0.01260569433,0.00870562982
-1.240857753,0.001647061438,0.006622418367,-0.005293517347,-0.0146269508,0.001173266916,-0.02060932073,0.006857897146,0.008565189616
-1.214938881,0.009858598932,0.01879573735,-0.001658013469,-0.009239599153,0.003985139945,-0.02429223945,0.01224926009,0.01007591109
-1.284594608,0.007779853206,0.01678715446,-0.003609390664,-0.01220530572,0.004385536927,-0.01550546101,0.01301596083,0.008781907846
-1.236011589,0.008090260311,0.01531952211,-0.001334528941,-0.01579437622,0.002275164865,-0.0300396946,0.007114580423,0.009183957834
-1.254891343,0.007429067039,0.01598849022,-0.003315786709,-0.01139277053,0.006227359176,-0.008106243731,0.01701461564,0.007722743592
-1.233761021,0.004249910569,0.009311381804,-0.004558690701,-0.01356074307,-0.002513322456,-0.02113563508,-0.002089362755,0.00948705995
-1.271059123,0.003907594693,0.01555447377,0.0003312174957,-0.01496505468,0.0006775414826,-0.04655125415,0.01699849303,0.01091400264
-1.206644625,0.001662855161,0.009030467186,-0.01098086426,-0.01498180908,0.004893486303,0.005223922412,0.01200045278,0.0003284521414
-1.255431607,-0.0005691433212,0.007603320723,0.003808641879,-0.01715155183,-0.001526992072,-0.03404631567,0.001508492672,0.009221191078
-1.208976499,-0.001856776907,0.008543357189,-0.01098989058,-0.01516372332,-0.001008230923,-0.02894279432,0.01710996967,0.01137567671
-1.219798459,-0.001825169718,0.005381068344,-0.007043016324,-0.01062100656,0.001168587915,-0.008468616382,0.0005385155867,0.001392075264
-1.2395134,-0.005238327111,0.0073649046,-0.002222921479,-0.02257098938,-0.0004984789534,-0.0362090434,0.01487093504,0.008199002694
-1.235743937,-0.003564098608,0.000537452228,-0.004912597073,-0.0132581406,-0.0003435960536,-0.01747357599,0.006208102374,0.006701022939
-1.213295214,-0.001486676853,0.006487453109,-0.009714759965,-0.01662960507,-1.352409616e-05,-0.02522327155,0.001230170254,0.01021069117
-1.242798086,-0.002308792651,0.006408582374,-0.003090190358,-0.008563322202,0.000594037229,-0.02407221143,0.0207353344,0.006832658328
-1.260388766,-0.006153031015,0.00210433088,-0.005034525814,-0.02371294237,3.53624997e-05,-0.01584358264,0.001677431515,0.005080469565
-1.265676101,-0.002572024527,0.006903727498,-0.003664408053,-0.01127060643,0.002093335598,-0.02952335764,0.01088601211,0.008636015424
-1.233723998,-0.002666067194,0.002982950401,-0.009234112613,-0.01287327362,-0.003814847509,-0.02230924124,0.01152046752,0.008787249837
-1.233400672,-0.008449038883,0.001503815635,-0.006043143577,-0.01706566738,-0.0003915260538,-0.0242618696,0.002644416582,0.005144163927
-1.218154328,-0.01553886791,-0.004790208613,-0.007534603074,-0.02013999394,0.0008511804361,-0.02472902513,0.01539427673,0.00675640668
-1.248949605,-0.01366785528,-0.007258262476,-0.009187662866,-0.01414724872,-0.004582169779,-0.0216111682,0.000626908927,0.00739476578
-1.21765191,-0.01348281041,-0.00412852568,-0.01069977806,-0.01554173922,-3.471421506e-06,-0.02882417549,0.01775038525,0.009354130098
-1.212078441,-0.01067575744,-0.003381817706,-0.00532426645,-0.01729968504,-0.002812634992,-0.02108406847,0.001355683798,0.006111304982
-1.230007662,-0.008895457477,0.0001570118803,-0.005403618523,-0.0179451297,0.002077850508,-0.01908185179,0.01109344411,0.005955204588
-1.278846428,-0.009518635897,-0.002839603582,-0.007760965829,-0.01375664554,-0.0009765179279,-0.02983727388,0.01280460783,0.009743266046
-1.240365364,-0.004972662037,-0.0007491935584,-0.009421116834,-0.01565020106,-1.003698548e-05,-0.01841552599,0.003321156931,0.00667855212
-1.190234514,-0.003742518337,0.006724589098,-0.002239069828,-0.01040783692,0.001882539679,-0.02296494905,0.01438204665,0.006054271353
-1.213153403,-0.003148740896,0.003228917799,-0.009201669843,-0.01757174886,0.001476454775,-0.02372680587,0.002291219298,0.007566869903
-1.224962033,-0.002170517123,0.004898204846,-0.006321057309,-0.01407896288,0.001357939422,-0.02302497367,0.01417647542,0.008377054634
-1.191758104,2.627835728e-05,0.005576815847,-0.004542982843,-0.01224838449,-0.002569304496,-0.02191300832,0.008708955822,0.008938981036
-1.240736966,-0.002124715902,0.005783474862,-0.006596699594,-0.01616745869,0.002584897343,-0.0223944598,0.009777672435,0.007332457579
-1.233096293,-0.002018184845,0.007081612766,-0.005172628664,-0.0152701667,0.003805039373,-0.02067522566,0.01137977376,0.008513704817
-1.217997185,1.148455172e-05,0.004309767531,-0.004199591836,-0.01207611823,-0.001114972933,-0.02317408649,0.008368191839,0.01194998771
-1.245303845,-0.00167586899,0.006390148717,-0.006974059959,-0.01517268747,0.002816341967,-0.02215187326,0.0133344206,0.008228915395
-1.166335823,-0.0007467727938,0.00789240841,-0.004132489585,-0.01525125199,0.002064910601,-0.02230524347,0.002070525068,0.008763388569
-1.248261232,-0.002649075571,0.005168552905,-0.003770706009,-0.01095414558,0.002009331214,-0.02123142973,0.01466874627,0.007522361423
-1.171790905,0.005018656805,0.009624969061,-0.005367085561,-0.01286840587,0.0007565027625,-0.02191018333,0.01104915907,0.01021572319
-1.205684898,0.01007913901,0.01895902738,-0.002677482674,-0.0107629704,0.002749089261,-0.0204309129,0.005610270637,0.009069575445
4.129350735,0.007740980562,0.01681275552,-0.00317774,-0.0125692276,0.006677406432,-0.01985378934,0.01853207556,0.008590130452
5.320839333,0.008285310889,0.01440812256,-0.002846783255,-0.017308325,0.003985164839,-0.02308962204,0.002125782663,0.009528262714
4.931917647,0.004794180618,0.01407664907,-0.002841652949,-0.01252839587,0.001616045221,-0.02209741804,0.01814855388,0.01003672873
5.115445851,0.00298953763,0.009289156694,-0.002698633766,-0.00973507587,-0.002797391715,-0.02074466994,-0.002877835348,0.009511432777
5.023860979,0.004017321646,0.01355248965,-0.006081511645,-0.01375301931,0.006403231406,-0.02386490134,0.009817995859,0.006215879687
5.096946354,0.001139976597,0.007967490121,-0.003611456101,-0.01783709175,0.0006077668685,-0.02248281569,0.01940247715,0.008165172494
5.036254735,-0.001213397024,0.00510147516,-0.00446880323,-0.01644396325,-7.238830167e-05,-0.02200829903,0.000285886119,0.007345830581
5.096298453,-0.002394017051,0.01182680305,-0.007695668476,-0.01089533163,0.004019506979,-0.02425391463,0.01445024072,0.006483892465
5.031309473,-0.002125811457,0.003635416581,-0.005432842455,-0.01638377891,-0.0002861077034,-0.02233734761,0.005457526707,0.007002612125
5.046885884,-0.003802891375,0.001958486478,-0.002773363734,-0.02143159991,-0.001822732037,-0.02148471961,0.008094936252,0.007956957818
5.043146224,-0.002476700174,0.009114691493,-0.006049172349,-0.01205967718,0.002057579713,-0.02277225527,0.01268994812,0.007539717764
5.040355837,-0.003900906664,0.003239674649,-0.007108561277,-0.01680105613,-0.0003302854544,-0.02362594438,-0.0008210484132,0.007195576551
5.097335551,-0.003080566648,0.005583796021,-0.00544230808,-0.01525145576,-0.00168691674,-0.02286386415,0.01674598796,0.00835195692
4.991004315,-0.002838078374,0.005798156078,-0.004714899025,-0.01377655735,0.0002952937455,-0.02054263349,0.00613869962,0.008927551425
5.190930054,-0.005226334454,0.005616450753,-0.008790938484,-0.0148701154,0.002421245487,-0.02278956288,0.009567658205,0.006319646956
4.884514152,-0.003006621078,0.001513035082,-0.006244236592,-0.01764657553,-0.0006529930147,-0.02345253076,0.008888371991,0.009119605297
5.33414029,-0.01104502736,-0.0006701508691,-0.005136657438,-0.0168176983,-0.002805555035,-0.02334797547,0.006039786711,0.006945260969
3.806564481,-0.01473255176,-0.006303052526,-0.01118113299,-0.01732424077,-0.001612935641,-0.02160527443,0.01443752703,0.00562728113
-1.404377041,-0.01229190307,-0.007887773272,-0.008444404076,-0.02006759592,-0.0007651955018,-0.02995108168,-0.004053405696,0.00779138925
-1.147665869,-0.01085869954,-0.0003233911705,-0.007016445437,-0.01425143473,-0.0002511638569,-0.02137587524,0.02012439372,0.007339503299
-1.311977132,-0.0103785232,-0.003156798229,-0.009340801589,-0.01520716616,-0.001382796051,-0.0125022711,0.001511601081,0.00718922015
-1.231699061,-0.01012081318,-0.001862299809,-0.006128114219,-0.01562985151,-0.0004279661331,-0.03503609856,-0.0006758600625,0.009454987704
-1.298329521,-0.00784713223,0.0005301348977,-0.006643399462,-0.009627223365,-0.001461423573,-0.02412247319,0.02723804505,0.008186071072
-1.190874465,-0.0048753533,-0.001163510718,-0.008743787282,-0.01818546076,0.002678431687,-0.007983503322,-0.006087499308,0.004923256945
-1.265482124,-0.00405415308,0.01191555222,-0.006111836367,-0.01316280814,0.001076775123,-0.03685314858,0.01917252981,0.009904230445
-1.267183372,-0.002141234194,-0.0006237076998,-0.00801182131,-0.01500233358,-0.0007015000835,-0.02110346438,0.005730821246,0.009878361557
-1.246721381,-0.0033101066,0.006312185004,-0.005111193811,-0.01834688822,0.002278297104,-0.01554304253,0.007472195837,0.003520125144
-1.225864776,-0.0007672555237,0.008437823803,-0.002030642407,-0.01440851208,0.002026213625,-0.03070959873,0.01226621433,0.009769617202
-1.27574729,-0.002105693381,0.0006551648591,-0.007911948145,-0.01555759102,-0.0004336591619,-0.01934304954,-0.001866929999,0.007583111108
-1.268440775,0.001027076676,0.005581476435,-0.00801753003,-0.008606378707,-0.0002525022207,-0.02088570196,0.01921553085,0.009778915488
-1.225132147,-0.002085246416,0.007550146261,-0.004246355093,-0.01028112377,0.001001771793,-0.02362105837,0.008904671764,0.008633624755
-1.205998662,-0.002672720917,0.007290651694,-0.007240222013,-0.0166817024,0.004565420506,-0.02155124223,0.008040116186,0.006712034329
-1.247696705,0.001479032917,0.007288591477,-0.004498138906,-0.01084741869,0.00126718641,-0.02579141119,0.008907877487,0.01195478448
-1.212212927,-0.000156918196,0.006271075615,-0.005540546477,-0.01339059863,0.0001905414705,-0.0198443983,0.009388369359,0.008227338275
-1.210973754,0.01051344775,0.01467219595,-0.002065580907,-0.01399588204,0.004927225014,-0.02119040622,0.009307532582,0.009013506395
-1.244229069,0.008464739859,0.01733309949,0.0007523890518,-0.01505855218,0.004987439402,-0.02441412986,0.006618409934,0.00984743147
-1.245128962,0.008434829179,0.01689101018,-0.004692887097,-0.01351398092,0.002920508067,-0.01823551295,0.01640269998,0.008064189974
-1.233931047,0.005289384712,0.01654318868,-0.005139454348,-0.01233113618,0.001311629902,-0.02060344755,0.007805951602,0.01000100077
-1.235423208,0.004485332731,0.01673063694,-0.000763125088,-0.01212543324,0.002603047344,-0.02181835291,0.01479447462,0.007129475623
-1.264169601,0.004848764482,0.009782791895,-0.004766037293,-0.0164355475,0.0007402039894,-0.0209304306,0.002404139868,0.007705621617
-1.218800991,0.004023047725,0.01078927543,-0.005824007426,-0.01311810066,0.0009786631195,-0.02396863125,0.01193696516,0.00889316086
-1.262468185,0.0004842805537,0.008914666305,-0.002112384131,-0.01259080984,0.001448073707,-0.02557813225,0.005433130287,0.006658926463
-1.231916751,-0.001045133972,0.005403084718,-0.00675982153,-0.01902092356,0.0002332373348,-0.02026421,0.005663496034,0.006227716711
-1.221128134,-0.002789620502,0.005950087179,-0.006403051131,-0.01461792838,-0.002238687527,-0.02046203981,0.01886976307,0.00776819152
-1.231287047,-0.004426511534,0.006652461028,-0.005469740156,-0.01788014374,-0.0009286871219,-0.02756666105,0.004504505701,0.007124880251
-1.24903556,-0.004015751056,0.003611437875,-0.007278044413,-0.01868266274,0.001818747898,-0.02121451186,0.008280540804,0.004502834116
-1.247783396,-0.003981257326,0.005113552131,-0.00371619652,-0.01515387443,-0.002961870247,-0.02134909626,0.01033919516,0.009219349365
-1.217830836,-0.003167306356,0.005643747336,-0.005995625351,-0.01552666012,-0.0002122523786,-0.02412212718,0.004130114879,0.00868125584
-1.26045862,-0.002610593149,0.005126880025,-0.008229761167,-0.01653764446,0.002028917366,-0.02352787922,0.006001913484,0.007148689466
-1.234274545,-0.004587740632,0.004307555265,-0.005204728096,-0.01241681129,-0.002188981203,-0.02259247314,0.01106400004,0.007781137363
-1.274277521,-0.00322018038,0.006069338563,-0.006023059719,-0.01262023862,0.001092906043,-0.02177228368,0.01342374329,0.007450209205
-1.260342173,-0.006055278156,0.00371080619,-0.006966013873,-0.01643652875,0.0004051049512,-0.02372348622,0.007180957315,0.006443867348
-1.31326397,-0.0135630784,-0.006192293787,-0.0079807551,-0.01912655595,-0.002816980885,-0.02657581857,0.007122471657,0.007189268697
-1.231566253,-0.01277295753,-0.003435346017,-0.007768425856,-0.01817625004,-0.00289114925,-0.02218033217,0.006316968584,0.005296560669
-1.212536575,-0.01147957172,-0.00677483185,-0.008174387668,-0.01783039401,-0.001197247204,-0.02248638228,0.006120139073,0.007179736108
-1.22915737,-0.01016767494,-0.006122655612,-0.007472332836,-0.01688315804,-0.000956318996,-0.02725246816,0.007379897741,0.007979180606
-1.208059116,-0.009226549141,0.0007000918146,-0.007337857156,-0.01466126167,-0.0007756275665,-0.01963832972,0.01281822742,0.007917851539
-1.218147071,-0.01077216103,0.0006020601632,-0.008430796846,-0.0148216851,0.000312576979,-0.02763046152,0.01164384448,0.007821860907
-1.208012097,-0.007756360676,0.001320925721,-0.006417332889,-0.01527693321,0.001897427545,-0.01556746904,0.01032937875,0.006245514471
-1.229461754,-0.004531067718,0.002155396672,-0.005588538627,-0.01475375351,-0.002256272326,-0.02039404752,0.004043403223,0.009160051279
-1.278685896,-0.002593998074,0.005864722338,-0.005161425617,-0.01551661053,-0.0008461391859,-0.03998440615,0.01133318508,0.01036944347
-1.246219419,-0.00152189798,0.001860514451,-0.01193046766,-0.0131384548,0.004065409382,-0.007045448289,0.008697678748,0.002960317993
-1.198505282,-0.002207537312,0.00428926793,0.0004739360554,-0.01478315453,0.0003522988074,-0.02722374709,0.004248002522,0.009356473858
-1.229981797,4.657728183e-05,0.008036565819,-0.008927998918,-0.0151715867,8.736376669e-05,-0.02829069237,0.01946101203,0.01103712531
-1.24864593,-0.002720412603,0.006936293735,-0.006848078471,-0.01030091527,0.003048773221,-0.01278293087,0.006098420745,0.005084455113
-1.263580235,-0.00239689406,0.01000110202,-0.002675814649,-0.01762726444,0.00151621707,-0.02548963873,0.0122301302,0.007198352707
-1.227289471,-0.0003583650574,0.004702049367,-0.005485070359,-0.01461474388,0.0006263260071,-0.02336331535,0.01080195113,0.007436748495
-1.244086445,0.001363239657,0.005952294004,-0.006624592678,-0.01527820541,0.002574816004,-0.02283237629,0.002296284723,0.009513946778
-1.261264431,-0.001867654324,0.005765631886,-0.00412245345,-0.008486226387,0.002349673688,-0.0242708622,0.01409573277,0.008404275541
-1.252936774,0.001537835465,0.008791334064,-0.004814440142,-0.01568721183,0.003427278797,-0.01903758514,0.01005104297,0.009177086638
-1.24360944,0.01152886217,0.02224153495,-0.0007080654925,-0.01106214137,0.005234701673,-0.02120255306,0.01254597715,0.009555561132
-1.182663094,0.007608591374,0.01554088903,-0.004751967923,-0.01231314156,0.00211370089,-0.02053622065,0.01289069749,0.01050661276
-1.220196248,0.006722906595,0.01632992381,-0.002171981304,-0.01342510155,0.001737760338,-0.02089953365,0.007223729697,0.007059424663
-1.175081493,0.006687928691,0.01582316195,-0.00190977426,-0.01323762259,0.00468257798,-0.02291338184,0.01033148064,0.008010688154
-1.196075301,0.004410000455,0.0100706198,-0.003416736577,-0.01521582908,0.001253811326,-0.01990105254,0.007282094892,0.008950043407
-1.228378748,0.00477458022,0.01119772131,-0.005940845955,-0.01404087088,0.002115437807,-0.02549494355,0.01329734412,0.009819122935
-1.222908435,-8.000116178e-05,0.01230093271,-0.003274001906,-0.01325557424,0.003063492609,-0.02204089231,0.00655563595,0.006670941492
-1.28392996,-0.002032808937,0.01003336159,-0.00863034939,-0.01299644305,-0.001019114922,-0.01110109029,0.00668803056,0.005396892248
-1.205991684,-0.00151080203,0.004438587147,-0.002970105024,-0.01591713457,-0.0006790377132,-0.03678578507,0.02145959897,0.0123114182
-1.244527452,-0.001112802337,0.006397576037,-0.007215979125,-0.02079958474,0.0005049138586,-0.01747670402,-0.002281426422,0.004762481488
-1.188756705,-0.004339324043,0.006486206659,-0.00415530409,-0.009886053801,0.0001573212791,-0.02138877294,0.007462502632,0.0042259109
-1.254911261,-0.00533835922,0.003342351356,-0.00636930553,-0.01844915091,-0.00289969584,-0.02760245149,0.01642876451,0.01009324205
-1.205875781,-0.002850196782,0.003479170897,-0.005472239285,-0.02018566395,0.001893231046,-0.01999993261,0.00149028109,0.006983971176
-1.223963646,-0.004342246954,0.006973939695,-0.002499725282,-0.01477705932,0.003425738539,-0.0248566377,0.01068964163,0.007794882073
-1.215984866,-0.004780186259,0.003495730549,-0.009023787618,-0.01387613231,-0.002665755431,-0.02315070229,0.009577401205,0.007879828026
-1.251453243,-0.002694294533,0.002554895548,-0.008136952455,-0.01660185398,-7.218451981e-05,-0.01797202878,0.01013132359,0.008261438543
-1.14341163,-0.001836971519,0.007870139254,-0.0006553354981,-0.01498721596,0.002774296954,-0.02929674452,0.01044919277,0.007751967638
-1.260566429,-0.01127946466,-0.002616199852,-0.009725232488,-0.01690147244,-0.003147028057,-0.01557810526,0.003204106234,0.004988325953
-1.147634638,-0.01441016368,-0.004831651409,-0.0123170337,-0.01377275153,-0.001999186422,-0.02404639789,0.01194882228,0.00801574278
-1.312774896,-0.01151144259,-0.004016145237,-0.004585716124,-0.01952999403,-3.6916086e-05,-0.02914720858,0.01145113058,0.009038185597
3.928010433,-0.014048619,-0.005847754823,-0.008799317993,-0.02028062396,0.0004744749696,-0.02150365849,-0.002979576879,0.004785922146
5.348671423,-0.00970097976,0.001489895258,-0.007360585138,-0.009460576197,-0.002844993399,-0.02227708696,0.01521602459,0.01002868988
4.917369821,-0.008085217636,-0.001514282904,-0.005960285917,-0.01658641928,-0.001464274039,-0.02334359184,0.01209279549,0.009107824023
5.126595395,-0.007506614289,-0.0008664112437,-0.006886805641,-0.01971972021,0.004454431371,-0.02487384151,-0.0009464487317,0.006081380555
5.016780053,-0.006195871963,0.006123120903,-0.006609411085,-0.01148588756,0.0005702363597,-0.02409712141,0.0168986431,0.007806045385
5.109700781,-0.004016403309,-0.0001631213117,-0.007968550186,-0.01032635636,-0.003145239109,-0.01773242963,0.007123676269,0.008835631058
5.010698563,-0.002349753848,0.003548328993,-0.007450749372,-0.01920342409,0.003588428144,-0.02686606698,0.002032955079,0.007558969461
5.113609351,-0.003457478376,0.006977441482,-0.005002599039,-0.01376487912,0.0007392947051,-0.02295005943,0.01327219651,0.00880453967
5.055808968,-0.0003820573582,0.003109920142,-0.004961594026,-0.01212603581,-0.001443994929,-0.01915699472,0.01064669469,0.008165175548
5.081605663,0.000491828552,0.006627450077,-0.007991119815,-0.01450105355,0.004135911585,-0.02319235341,0.008297854124,0.008774371665
5.069974554,-0.002289907474,0.008094973989,-0.00571665171,-0.01561324076,0.003820548211,-0.02274679553,0.01093527632,0.008095240153
5.025818418,-0.0008866314648,0.004794959649,-0.003698929957,-0.01278556678,-0.0003132157565,-0.01978326137,0.009149182936,0.008850705248
5.105436217,-0.0006171989508,0.008303402769,-0.005074497743,-0.01278865429,0.001355247667,-0.02122527035,0.01532718565,0.008485255681
4.987542149,-0.0004129108147,0.006350485526,-0.005472254248,-0.01682411308,0.002928556848,-0.02210587124,0.00362342725,0.008254173968
5.092043133,-0.0009080053801,0.008511983501,-0.006383773317,-0.01392912743,0.001245399856,-0.02228510935,0.008565676971,0.009012831398
4.895165318,0.008556001177,0.01732237601,-0.003764781543,-0.009787855314,0.003064208513,-0.02072638908,0.01050181983,0.01075042517
5.308073493,0.009673350543,0.01573279297,-0.003575867584,-0.01435066068,0.005305960767,-0.01987564789,0.01248254688,0.00818475753
3.976356769,0.007488679767,0.0133900528,-0.002186238062,-0.01342422047,0.001894526964,-0.02181825827,0.009038693381,0.01089973665
-1.350033364,0.006995468953,0.01898162118,-0.004346180003,-0.01094178332,0.004088949849,-0.02257450415,0.01532319167,0.009019163725
-1.193543481,0.003788040951,0.01225997613,-0.003969830062,-0.01600882554,0.0003201829152,-0.01978663402,0.009386694446,0.00865793334
-1.283013215,0.003925669863,0.009775807489,-0.002641529568,-0.01269254423,0.004175464834,-0.02068093397,-0.009040876094,0.007369326713
-1.223782648,0.002753428959,0.01271451375,-0.004915800958,-0.01211514703,0.001905669705,-0.02708369545,0.03055052243,0.009794985369
-1.246606955,0.0007563727099,0.002514691522,-0.002900708368,-0.01787639221,-0.001246429609,-0.016466081,-0.003179353862,0.007366249252
-1.229282121,-0.003029062725,0.01202898687,-0.005696442773,-0.01371495439,0.004810985111,-0.02245240155,0.01089453073,0.004794220667
-1.212258716,-0.002956533425,0.008057937698,-0.009470635845,-0.01299373833,-0.001636425709,-0.02601379311,0.01249165343,0.008306953521
-1.183140925,-0.003718558999,0.004635557354,-0.003073663028,-0.01709039375,-0.001866481819,-0.01916589357,0.005950414575,0.007022522841
-1.249932334,-0.00417115522,0.007221963858,-0.005350115127,-0.02046241522,0.001838792844,-0.02509169723,0.01605556463,0.008388884004
-1.252213906,-0.00262155571,0.003501673305,-0.008053560838,-0.01643947524,0.0008963347954,-0.02619335898,-0.008362790457,0.007031118263
-1.270227838,-0.003540571018,0.004613065497,-0.006368959306,-0.01130789113,0.0001013995905,-0.02120563807,0.02068860945,0.007787612786
-1.267043757,-0.003016546941,0.00425389108,-0.004293249791,-0.01586911464,-0.001720780975,-0.02308112673,0.003773241365,0.009351495472
-1.255210426,-0.004989067649,0.004846136774,-0.00592861287,-0.01929703251,0.003043601552,-0.02256344971,0.01109332987,0.005332049414
-1.22908881,-0.003187795839,0.007489012283,-0.007937999223,-0.01260215353,0.001388214124,-0.02241125165,0.01207764993,0.008140561974
-1.230766562,-0.005883479648,0.003699212962,-0.007214818543,-0.01579960648,-0.002429599191,-0.02173501638,0.006582999455,0.007374597241
-1.268495013,-0.01486954485,-0.006987429276,-0.007882593612,-0.01877994278,-0.002342396146,-0.02531786346,0.01077731743,0.006445224151
-1.268949713,-0.01184831857,-0.006658263352,-0.008516521924,-0.01651462135,-0.0006004865478,-0.02349655963,-0.001995760547,0.006380427306
-1.261494922,-0.01277359401,-0.005750655192,-0.008573102163,-0.01485285957,-6.603449351e-05,-0.02520173897,0.01532503863,0.006397708271
-1.251000888,-0.01294082349,-0.002547278366,-0.008038998875,-0.01733874988,-0.003142641058,-0.02265205423,0.005569431252,0.008830705048
-1.223376583,-0.009520488743,0.003446446031,-0.005179329976,-0.01566143814,0.001479188208,-0.02357200464,0.01046279509,0.005796222871
-1.269482077,-0.009185983255,-0.0005394084644,-0.00886986462,-0.01551439765,-0.001224193142,-0.02324184061,0.01274599271,0.007541451162
-1.26411848,-0.006138078206,-0.0004791895575,-0.007378265884,-0.01542850508,-0.001431944292,-0.02140647664,0.004924430866,0.008374793265
-1.205781902,-0.003638410259,0.003773798345,-0.004577785559,-0.01430746389,0.001930958238,-0.02485199437,0.01090204696,0.007418614015
-1.270642723,-0.002841408125,0.002473923921,-0.007643894263,-0.01549250155,-0.0008379226485,-0.02330877917,0.0007882058491,0.00633202986
-1.220340765,-0.002566685099,0.004404399522,-0.006169903847,-0.0138225385,0.002640948885,-0.02391765493,0.02178784789,0.008106770865
-1.218875306,-0.001462975402,0.006126806948,-0.005636563656,-0.01546243672,-0.0005518793575,-0.02252671706,0.002139809454,0.008787513825
-1.244543146,-0.0006633029116,0.008772932125,-0.006311457858,-0.01202134494,0.002386517349,-0.02245953988,0.004966846792,0.008110064541
-1.221047094,-0.002520630813,0.004070695552,-0.006456664185,-0.01245718071,0.0002390663063,-0.02027528923,0.02193879943,0.008878748163
-1.214378348,0.0007856928641,0.002875681115,-0.003967755012,-0.01833637749,-8.345086284e-05,-0.02242316693,-0.0001343725134,0.008444826779
-1.247393635,-0.0007012216353,0.008772832204,-0.006011302614,-0.01307207187,0.004455193197,-0.02383868071,0.0111252644,0.007287407493
-1.252778201,-0.0007105760859,0.009096128151,-0.006107632828,-0.01089915641,0.0006422075358,-0.020505765,0.009514971048,0.00809960959
-1.261003765,-0.002039156321,0.003762250141,-0.004241533706,-0.01726738658,6.392004595e-05,-0.02389895069,0.01314499336,0.008127958086
-1.246854445,0.003341505606,0.01298091727,-0.002914469204,-0.01448498503,0.0042333341,-0.022955261,0.01139327602,0.008614046592
-1.230537294,0.009407116367,0.02027872568,-0.003884320567,-0.01178349982,0.004997770264,-0.02133329817,0.005980908491,0.00885953441
-1.239878168,0.008243498957,0.01551481307,-0.003112063068,-0.0110681217,0.002303146515,-0.02216196706,0.01222808885,0.00975973165
-1.231450243,0.008359150695,0.01546293061,-0.002983625406,-0.01344095394,0.002167744161,-0.01931351458,0.007849945058,0.008734410007
-1.231273308,0.004957057818,0.013147465,-0.004858694826,-0.01295701698,0.004618555369,-0.0215839886,0.0110097525,0.007778984003
-1.195248,0.005071590125,0.01075801017,-0.003887438291,-0.01318816958,0.001479876075,-0.02320199673,0.008167493222,0.008552761423
-1.253300842,0.004581350681,0.01454419716,-0.003456568685,-0.01326495772,0.001673194063,-0.01974633326,0.01127160179,0.007653606672
-1.278162243,0.0005538056102,0.00859357202,-0.004743512806,-0.01751947524,0.001113259458,-0.02509207554,0.01083494782,0.008547681429
-1.252972387,-0.001367278616,0.005964753012,-0.005497829128,-0.01609753862,0.0008092317045,-0.02096996382,0.004876051893,0.006156335147
-1.244718831,-0.001299880651,0.006465656288,-0.004213769636,-0.01380206765,-0.000712317297,-0.0314284931,0.009566513197,0.007480257999
-1.250254679,-0.002373258784,0.005695665961,-0.008532905311,-0.01633653862,0.002216528966,-0.0113681863,0.009523776465,0.005246272629
-1.212726666,-0.003643711873,0.003998628507,-0.004910791686,-0.01555095135,-0.002666333919,-0.02425688455,0.005141652708,0.006619727217
-1.261800486,-0.002516786953,0.006098636117,-0.002743998299,-0.01706238385,0.0008592852657,-0.03951256263,0.01851202806,0.009178513033
-1.263314732,-0.002605370509,0.004977463804,-0.01130259484,-0.0144975083,0.002276115262,-0.001867732986,8.78880503e-05,0.002535942897
-1.291350245,-0.004730856963,0.006435732613,0.0007403961839,-0.01361139417,-0.001808781888,-0.03094579698,0.01257512085,0.01042611502
-1.228962209,-0.003558910439,0.00421700609,-0.01088641267,-0.01881225613,-0.0008936399333,-0.02619534926,0.01080428415,0.008407120408
-1.266721597,-0.003320396005,0.003422197353,-0.00453229258,-0.0160520202,0.002919069254,-0.01452225298,0.001910125963,0.005146644468
-1.223867349,-0.003286772436,0.007448040227,-0.002907005887,-0.0160188608,0.0001879215918,-0.03007033046,0.01703408618,0.01010616196
-1.273357507,-0.01058956025,-0.004113381465,-0.01072090691,-0.01473788875,-0.003332765612,-0.01808257939,0.004115178759,0.005036739647
-1.215112643,-0.0153079462,-0.005358314371,-0.009286190636,-0.02105959746,-0.001220188629,-0.02699163978,0.007670914067,0.007747854251
-1.257586178,-0.01352540085,-0.004038264191,-0.005628037174,-0.01385618888,-0.001861816786,-0.02440658801,0.01079414876,0.006549574878
-1.233834447,-0.01445387702,-0.005836348041,-0.009375026607,-0.02050434459,-0.001481221233,-0.01893703172,0.007238857423,0.004783270505
-1.223126823,-0.008842274895,0.0006065613436,-0.006008668355,-0.0131934003,0.0009489094607,-0.02761680406,0.007927346389,0.007029522632
-1.227978919,-0.008472371976,-0.003134848038,-0.008984533419,-0.01655521579,0.0002831141046,-0.02372622977,0.006658477991,0.008640109253
-1.198277466,-0.01113834722,-0.000725861233,-0.00791287312,-0.01517363023,-3.030682385e-05,-0.02354318241,0.01011777769,0.006721419049
-1.264014634,-0.006275058201,0.002531393991,-0.006193838609,-0.01467111514,0.001185592235,-0.02241204222,0.01143429304,0.007643795115
-1.221365964,-0.003953383892,0.004281463497,-0.007235400506,-0.01517301376,-0.0004546531692,-0.02186702254,0.008011436157,0.007589104036
-1.185419295,-0.001749918302,0.003748953942,-0.008510766779,-0.01516987794,0.001943458832,-0.02703774465,0.01151064373,0.01058214581
-1.207921885,-0.001764576427,0.006844134703,-0.004966924866,-0.01406997122,0.0002709059953,-0.01935985724,0.01024553753,0.007035040751
-1.198815691,0.0007499933759,0.005702372302,-0.004909677209,-0.01386720168,0.002531332247,-0.01928447886,0.005827929374,0.007149528092
-1.252209667,-0.0001979703883,0.004675409801,-0.004669930723,-0.01576597869,0.002949289896,-0.03103922986,0.01214849725,0.01072882741
-1.284569276,-0.0005729732349,0.007914228423,-0.006188190041,-0.01329026858,-7.209825823e-05,-0.01886196405,0.006158633378,0.007160128624
-1.254874888,-0.002642437087,0.00701760796,-0.003785586667,-0.01059148096,0.002808445889,-0.02099016554,0.009281759531,0.00776330358
-1.284155785,-0.003611079219,0.006785274533,-0.007229412408,-0.01542109101,0.001583266823,-0.02329077399,0.018466683,0.01009874663
-1.213869942,-0.001489881856,0.006287444999,-0.005066410855,-0.0153161972,0.00290151388,-0.02014740821,0.00160545236,0.008914490427
-1.304081444,-0.0007042186786,0.008371536753,-0.004627527637,-0.01232011617,0.003735098888,-0.02338739624,0.01548829105,0.008400207554
-1.081170214,0.006467135057,0.01282040313,-0.00470584545,-0.01357876614,0.002026580889,-0.01978265582,0.007265198252,0.009280630519
-1.43117366,0.01017313361,0.01623373305,-0.002775301739,-0.01316159862,0.004949551561,-0.02023030452,0.008903978655,0.008742859259
-0.9336656717,0.01019219696,0.01550937797,-0.001527181373,-0.0117564667,0.002927290223,-0.02314308692,0.01186255795,0.01142128181
-1.737446896,0.008068393898,0.01670694792,-0.004532326646,-0.01312459097,0.003445486796,-0.01850126345,0.007479586275,0.0085233585
2.348251649,0.00349992784,0.01298448462,-0.003239143919,-0.01315290745,0.00220771375,-0.02304398298,0.01495538465,0.009618226708
5.629346473,0.005408932082,0.01314719503,-0.001719693125,-0.0150821457,0.002431439961,-0.02039715868,0.006255995257,0.008748332323
4.803439636,0.002098470885,0.01051264505,-0.005399845978,-0.01353047869,0.00166464912,-0.02241005726,0.01239959426,0.008144910315
5.217435831,0.0002551583657,0.007808243024,-0.005647571003,-0.01478171986,-0.0002986743792,-0.02348164404,0.006973525937,0.00949614595
4.978452671,-0.001788846957,0.006366473574,-0.003530172241,-0.01697489427,0.0007716982711,-0.02189881854,0.008454830131,0.006094184628
5.180046352,-0.002993857504,0.004587147008,-0.004180319446,-0.01680026414,0.001379376017,-0.02365943639,0.00908140344,0.00814382991
5.088630358,-0.002910866658,0.007969136587,-0.006968461126,-0.01620395817,-0.0003513153434,-0.02294057515,0.008104779868,0.007529236382
5.09699241,-0.004676736234,0.004944037658,-0.006139564941,-0.01522109289,-0.001982438491,-0.02189674157,0.01281643899,0.007176099699
5.065631001,-0.003345491082,0.006659028753,-0.004247846676,-0.01623632593,0.004673876724,-0.02380771727,4.884341749e-06,0.00653318408
5.068204101,-0.003603355827,0.006067919464,-0.007882376932,-0.0147664572,0.01010605202,-0.0215193234,0.01305565575,0.007434107356
4.982820068,-0.003508241697,0.001016467264,-0.005666548984,-0.01587645307,-0.001004162942,-0.02295900539,0.009744835245,0.009780274614
5.073057711,-0.003310980632,0.005624817365,-0.006581613886,-0.01632993399,0.004911280719,-0.02174936708,0.007972051851,0.006721160453
5.000832418,-0.003703600758,0.007447156827,-0.006049672871,-0.0139078135,0.004441480224,-0.02394422962,0.008173257227,0.006963747262
5.118401214,-0.005393213136,0.002392142037,-0.005177154539,-0.01479951569,0.001288748162,-0.02225645113,0.006237242854,0.0089246696
4.976041655,-0.01437313132,-0.004453530173,-0.008680260721,-0.01776475042,-0.001561122641,-0.0218878116,0.01695064215,0.006667356855
5.131242276,-0.01353391139,-0.006680732498,-0.008546962305,-0.01849345869,0.002585184507,-0.02461922323,-0.0001817210821,0.005507035815
4.899553029,-0.01358224904,-0.004657005317,-0.009759169334,-0.01571063793,0.0007969951487,-0.02302796943,0.009465459141,0.005150096259
5.179333029,-0.01046986196,-0.004716763161,-0.00798665977,-0.0153177998,-0.001020636118,-0.02380278301,0.01083380766,0.008407993688
-0.1129824814,-0.008454845488,-0.0004208584685,-0.005626529541,-0.01766042116,0.001834930611,-0.02239933184,0.00950693077,0.007943466953
-1.562741409,-0.009037295967,0.0002076777703,-0.00666048448,-0.01757739191,0.002571066549,-0.02488935177,0.01063525236,0.006222491102
-1.082687522,-0.007091769844,0.0003654677773,-0.007014499773,-0.0166529261,0.0009211747705,-0.02331359388,0.004938207104,0.007190293867
-1.396583417,-0.002863789642,0.002475481247,-0.007133677953,-0.01102165804,0.001762467297,-0.02130613193,0.01366901227,0.00834492135
-1.206912071,-0.001847899575,0.003592778904,-0.006990565961,-0.01504275759,0.001895707501,-0.02241735551,0.004105728295,0.009566381819
-1.254005849,-0.00240664507,0.005163981554,-0.007025630346,-0.01496961347,0.002519915937,-0.02226556774,0.009016695804,0.007026929455
-1.183845623,-0.001434578729,0.007065890765,-0.00645427416,-0.01290035351,0.001662779366,-0.02231165921,0.01309646167,0.00880518485
-1.252406276,-0.001205271805,0.007331283911,-0.005320087095,-0.01363842615,0.002501513687,-0.02317086237,0.007869904149,0.009542130572
-1.232832787,-0.00181258087,0.00480544717,-0.005568089743,-0.01532027199,0.00294580189,-0.02143473451,0.01145581813,0.007998880043
-1.245816283,-0.002559799143,0.008182057754,-0.00516050664,-0.01344980419,0.001568834777,-0.02196930252,0.006440551668,0.009499939318
-1.240033404,-0.00202749065,0.005617161697,-0.005827326484,-0.01273393091,0.003348887934,-0.02215628663,0.0126591464,0.008017357489
-1.247341334,-0.0008211328681,0.005548768198,-0.004018292109,-0.01452497294,0.003205770085,-0.02388491387,0.007248703904,0.008029711411
-1.254469208,-0.002036021092,0.006996162599,-0.005104705804,-0.01493140519,0.002840375592,-0.02253792091,0.01010937276,0.008134043324
-1.300582429,0.001990804677,0.00972367969,-0.005506196591,-0.01180536154,0.0008794745447,-0.0218656827,0.01324707129,0.008573784554
-1.257132766,0.01168631449,0.01730552078,-0.003242746496,-0.0124953057,0.004064045206,-0.01989692021,0.00907097452,0.009630654585
-1.23449312,0.008949794212,0.01573594967,-0.003117920721,-0.01408447826,0.00505740781,-0.02150863041,0.01140058283,0.008025986201
-1.261161831,0.008154479812,0.0151054487,-0.003551525552,-0.0122783606,0.002969656428,-0.02071033793,0.009105637725,0.009858545952
-1.237921975,0.006724319364,0.01357507542,-0.003028417067,-0.01307302136,0.003548584519,-0.02187828785,0.01253382011,0.008941517955
-1.263033364,0.00453251119,0.01271889493,-0.00514070114,-0.01559699028,0.002700989712,-0.02265430928,0.007713477163,0.008500920216
-1.238405812,0.004500394489,0.01331060303,-0.004016844663,-0.0154759968,0.002116841682,-0.0205827307,0.01018673275,0.007769714374
-1.251768054,0.001483377982,0.01118250504,-0.003994841819,-0.01100865215,0.002046885813,-0.02180717202,0.01258130591,0.007369438669
-1.21196987,-0.00152300666,0.00705179072,-0.007259593664,-0.01719263697,-0.0003259346791,-0.02352155562,0.00715696681,0.00815934908
-1.239702456,-0.001752291028,0.007173838586,-0.004360172648,-0.01798962582,0.0006215078396,-0.02487493878,0.008372091899,0.00726478484
-1.25786106,-0.00299765558,0.00772642892,-0.004808664478,-0.01364082385,-0.000816214036,-0.02090718732,0.01156840025,0.007083914569
-1.261361518,-0.004141643258,0.005018044901,-0.007074080237,-0.02135176136,0.004461468493,-0.03014085411,0.006018627101,0.005912761821
-1.229815043,-0.003236538761,0.005414660855,-0.006323949216,-0.01328896651,-0.005220922047,-0.02109268447,-0.006256221417,0.005868318186
-1.187105056,-0.003343630638,0.005490376397,-0.005606353909,-0.007377944222,-0.002965307602,-0.01490316656,0.04041398267,0.009352336413
-1.187850208,-0.002879308761,1.109289396e-05,-0.005208574585,-0.03065269213,0.01006244649,-0.03227363669,-0.01736362507,0.006710639885
-1.208561005,-0.003541126078,0.01643396094,-0.007422371883,-0.007228401211,-0.005985411883,-0.02128063851,0.006430881989,0.004943959272
-1.249114061,-0.003145499699,-0.003737995464,-0.003998512753,-0.006860629223,0.001314902815,-0.01755422773,0.03431985804,0.01206855941
-1.241873357,-0.003872169093,0.004503072017,-0.007654151443,-0.03300399077,0.003686731139,-0.02737832534,-0.00364546485,0.00397962416
-1.241122414,-0.004884706772,0.002320190501,-0.003237904903,-0.01616169887,0.001988069227,-0.02570193312,-0.005842967087,0.007130375015
-1.256665252,-0.01765720536,-0.005958730576,-0.01076679557,-0.003193957748,-0.00482864696,-0.02228667938,0.02371579218,0.00770521433
-1.290169876,-0.01150088127,-0.008968869421,-0.0125048506,-0.0252510215,-0.004774783186,-0.02246769942,0.008126307234,0.006960073425
-1.223645656,-0.01172225896,-0.002985156064,-0.0002892414771,-0.02135801203,0.004312058785,-0.02835282775,0.0002693050547,0.006648891635
-1.246914282,-0.0115118663,-0.0001067457994,-0.008473940094,-0.008310149521,-0.001402055642,-0.02328343694,0.011810647,0.006435786535
-1.188856584,-0.008547394441,-0.002811280283,-0.01526840184,-0.01577504062,-0.004379060113,-0.0206399967,0.01285859336,0.009420277786
-1.205904974,-0.008278862872,0.0009766650045,-0.001717881453,-0.01974191774,0.002690750273,-0.02296776578,0.008037665599,0.007042220131
-1.263252662,-0.005576927542,0.003448407132,-0.003228648645,-0.0138860325,0.001560719184,-0.02474094001,0.0005106484149,0.00710765359
-1.208620213,-0.005636093834,0.001797709413,-0.01311839582,-0.01396515541,0.0001398203653,-0.02268996387,0.01177836007,0.007140321828
-1.234050691,-0.0008253076615,0.002763190232,-0.004985242453,-0.01432493766,-0.001101978013,-0.02102569449,0.01372527163,0.00883352457
-1.197012312,-0.003537851315,0.003921049113,-0.001192038685,-0.01838113368,0.001951755031,-0.02369804367,-0.0008346572895,0.007184805326
-1.262287301,-0.002100230075,0.007875018916,-0.009616879323,-0.01463391673,0.004061340966,-0.0240424536,0.01738155108,0.006916509947
-1.229256306,-0.001076476984,0.005425217486,-0.007257105739,-0.009195148227,-0.00254844662,-0.02062897454,0.00651977262,0.01090480608
-1.231805612,-0.001935925557,0.007669894629,-0.002877572793,-0.01583085909,0.004361215512,-0.0205399067,0.01693148685,0.008779363498
-1.221435329,-0.00246998155,0.006505976983,-0.006627935144,-0.01889108194,-0.00202426018,-0.02158334228,0.000743136826,0.006473268383
-1.292143826,-0.0001321249976,0.00804793611,-0.007006309981,-0.01072135478,0.007217415171,-0.02400314627,0.01333654828,0.008344182896
-1.217433786,0.00049255865,0.006000521531,-0.002912478747,-0.0135636688,-0.004258074401,-0.02692868136,0.005928268585,0.01101243572
-1.240779643,-6.046054468e-05,0.005741461991,-0.005044839352,-0.01307866147,-0.001188963381,-0.01881633115,0.01147734656,0.007037090766
-1.250619468,0.005898376355,0.0134505514,-0.003539580124,-0.01620982286,0.01041369111,-0.01466893807,0.02411266011,0.005598320556
-1.257739024,0.01199418403,0.01761710483,0.001869403392,-0.01595131983,0.001229320516,-0.03212279053,-0.008245539017,0.0116029756
-1.234743232,0.007844227394,0.01712955795,-0.007381561371,-0.006393925456,0.003656672233,-0.01687704688,0.02230523218,0.0109383434
-1.204621768,0.003798990995,0.01739077567,-0.002365096481,-0.01055729272,0.001991083472,-0.01720150055,0.008058306255,0.006327949356
-1.26484196,0.005415267611,0.008401072483,-4.825775065e-05,-0.02277629146,0.004824920782,-0.02880850091,-0.002350608083,0.008637743647
-1.279292948,0.00353617171,0.01234024179,-0.004843734185,-0.01101494428,0.0003246737526,-0.02058509322,0.02036728536,0.01007255092
-1.267098889,0.005811774321,0.01139174583,-0.007786649547,-0.006327895942,-0.002336212115,-0.01949088796,0.001466585513,0.009374004932
-1.201416511,-0.003016107226,0.01196800782,-0.001813658668,-0.01945927899,0.008631291334,-0.0237933492,0.02527793134,0.00462334304
-1.208736014,-0.0009736944976,0.006018682832,-0.00481821904,-0.02389732109,-0.00226669015,-0.02106327546,-0.009308473349,0.006071098279
-1.208888576,-0.001015855353,0.01095076698,-0.006249739376,-0.008318901835,-0.0001515915995,-0.02418666003,0.02435944961,0.009146280467
-1.297518447,-0.00207544251,0.002919456715,-0.01029126664,-0.01960950042,-0.003036416907,-0.02136613691,0.003887545094,0.006067707473
-1.234571976,-0.005706719652,0.003570354313,-0.003094200804,-0.01880981817,0.002320593812,-0.02619706428,-0.001441313468,0.0061754758
-1.23768639,-0.002447526489,0.007185490349,-0.003869880493,-0.01412677035,0.002088568874,-0.0240521925,0.02319185369,0.009496746757
-1.24034518,-0.003730156086,0.002565677924,-0.01077515747,-0.01217792622,-0.003538035428,-0.01945791887,-0.0008975003478,0.007523956507
-1.265731065,-0.00388597818,0.006791587692,-0.006373315215,-0.0162360137,0.003085168083,-0.02104205694,0.01772839928,0.007135847893
-1.214307966,-0.005118956803,0.005335922116,0.0008866483381,-0.01555267525,0.0003052265088,-0.02862953845,0.002054628727,0.007493431133
-1.262485812,-0.003470429134,0.004537338333,-0.01086682718,-0.02007041363,0.0005937735356,-0.02148184664,0.01573287766,0.006327420076
-1.14845673,-0.002714913538,0.001009104924,-0.006622470923,-0.01249563992,-0.0004398009795,-0.01701949423,0.00182787647,0.006943163754
-1.288821896,-0.01218116306,-0.006577470903,-0.004412882826,-0.01571280019,-0.0009582169122,-0.0360822822,0.007830992041,0.007563864413
-1.174646145,-0.01554040364,-0.005434517584,-0.008954558514,-0.0203412142,0.002210439524,-0.01441986537,0.01055459294,0.004571643205
-1.371495873,-0.0118905518,-0.003521685768,-0.01158618,-0.01710234023,-0.006761095957,-0.009568230862,0.002836954929,0.008827874131
-0.9590642115,-0.0128871791,0.0002227396234,0.0007625395036,-0.01488458932,0.001723560956,-0.06263371031,0.02810160489,0.01208571495
-1.790837868,-0.007800266213,-0.004020151281,-0.02015766522,-0.02170432532,0.00238194671,0.007343429964,-0.01180548407,-0.001559868944
1.595110885,-0.008274300017,-0.001368798202,0.001444676537,-0.00823910776,-0.003225102694,-0.02767547216,0.01096760427,0.009149918902
5.586690188,-0.007559337382,0.0005139300844,-0.0103480638,-0.01589710001,-0.002624423925,-0.03476493448,0.02328385508,0.01683160081
4.758325075,-0.004323730546,-0.002824605882,-0.0115986345,-0.01559686534,0.005146967731,-0.007592371797,-0.01864686656,0.0001241644619
5.213590081,-0.005252058787,0.01160639551,0.001671872575,-0.01438187062,0.002719552589,-0.03424333691,0.03015583527,0.009835246249
4.957710109,-0.004834337791,0.003507851626,-0.007165038199,-0.006987195251,-0.004249622364,-0.01662380955,0.008792045151,0.01031487749
5.120358523,-0.001251953314,0.004494703554,-0.01123811403,-0.02411909699,0.00272691796,-0.02276715506,0.0053243991,0.007810330461
4.993828778,-0.0007056803456,0.009060059237,-0.0002925174662,-0.01204371859,0.001994214674,-0.02875187838,0.01544715415,0.009345586148
5.081586945,-0.00550919783,0.005696844988,-0.004606561537,-0.01395299483,0.0002627050086,-0.01319960915,0.003002173897,0.004662962024
5.028658205,0.000370120028,0.006307476222,-0.00952542211,-0.01426174075,0.007900902854,-0.02716989737,0.01674592378,0.01129707388
5.099674713,0.001840946015,0.0024522073,-0.004296740979,-0.01457632504,-0.005376644293,-0.02261920501,0.0004472727451,0.0109916773
5.088508781,-0.004043971231,0.008064225049,-0.00593061824,-0.0116194652,0.01850022799,-0.02001995494,0.01360452619,0.005634987993
5.021216502,-0.001188160826,0.00855798795,-0.009603357813,-0.01082901136,0.08333809171,-0.007076257358,0.01983889258,0.009683926037
5.01829421,0.0009981175653,0.006453204294,-0.002857994684,-0.01695105042,0.01364232613,-0.01176391582,0.007558775106,0.008432904149
5.103725144,0.01047875598,0.019101639,-0.002173229149,-0.01027110074,0.03044081474,-0.02101761363,0.01273546802,0.01064122419
4.944621158,0.008018130547,0.02032060934,-0.005165049856,-0.01371421723,0.01887813184,-0.01619839349,0.01049015051,0.008202690175
5.151355119,0.008181128665,0.01418092017,0.0008526120039,-0.01333444092,0.02358755457,-0.01473892414,0.01448357616,0.007139572621
4.872599267,0.008688466984,0.01255572158,-0.00217835135,-0.01572719879,0.01818202715,-0.01887699673,0.009941242245,0.01028664766
5.287367526,0.00290938987,0.01546266243,-0.006543850544,-0.01480970232,0.01856671752,-0.01866309187,0.009329036732,0.008810037374
0.1534350403,0.004520477919,0.0127000826,-0.001277444264,-0.01189936235,0.01826069642,-0.01745365442,0.01332145613,0.007421643481
-1.598286234,0.001197627289,0.009782791634,-0.004428864496,-0.01402662344,0.0143193535,-0.01040017289,0.004646165516,0.007814443999
-1.064098458,-0.0004913368572,0.006749152838,-0.005464203267,-0.01633346727,0.015457447,-0.02765166114,0.0162775149,0.009119930321
-1.320702997,-0.0005572055443,0.005772009655,-0.007569723686,-0.01642633956,0.01355259948,-0.02062437115,0.004680827135,0.007330109235
-1.120352347,-0.003069433985,0.006854035077,-0.007187412897,-0.01275679318,0.01084151327,-0.01407341218,0.006560858034,0.005154830473
-1.259686131,-0.004092346698,0.004673874805,-0.004476606932,-0.01585658545,0.01060614877,-0.02676066764,0.01621380882,0.009734707716
-1.256247363,-0.00417889133,0.003960197087,-0.009434513586,-0.02024005121,0.01024140232,-0.01696826153,0.002955448913,0.006806094045
-1.27144411,-0.002546069677,0.00829475125,-0.002658871276,-0.01411420551,0.01185224055,-0.02079501699,0.01167307106,0.007394832778
-1.24919331,-0.005520829034,0.006131885406,-0.009465656101,-0.01602371664,0.006897852191,-0.019241422,0.008189469975,0.008242533055
-1.251016104,-0.00219848006,0.004220086667,-0.005408467664,-0.01557152147,0.01031376887,-0.02034278929,0.00776349717,0.007757324651
-1.276044349,-0.004692261975,0.003722687367,-0.002977854482,-0.01689514466,0.008475865297,-0.02190702904,0.01065152578,0.007773581421
-1.211318387,-0.003564706685,0.006134722876,-0.0076493653,-0.01449639124,0.007728079471,-0.02015760375,0.007762157887,0.007636831541
-1.246864315,-0.009970688769,0.003498346925,-0.006824862335,-0.0138952235,0.007842015371,-0.02152472748,0.01098477956,0.007104025149
-1.216532083,-0.01490718155,-0.008315211053,-0.006273368902,-0.0177392566,0.004630557385,-0.02411199564,0.004849045198,0.00709763915
-1.27282766,-0.01196255646,-0.006509445062,-0.0102226197,-0.02184262087,0.004797888632,-0.0220900206,0.008973706309,0.007146023247
-1.256343006,-0.01207989241,-0.004574619745,-0.007222147647,-0.01307134776,0.004672405765,-0.02224001314,0.008369257287,0.007647251221
-1.277754023,-0.008428640791,-0.003509199509,-0.007894618116,-0.01661495362,0.005379215683,-0.02040097564,0.01096362905,0.007101198222
-1.232119245,-0.007950925002,-0.0004754312099,-0.007409035795,-0.0172640614,0.006220491527,-0.02407609976,0.006320803759,0.006319836041
-1.277496788,-0.008173293106,0.001250663484,-0.007759208161,-0.01400650366,0.003931901061,-0.02066087579,0.01260762112,0.007806889993
-1.277058202,-0.007605603883,0.001598345299,-0.006815737586,-0.01315883438,0.004860016858,-0.02144010063,0.01143499716,0.007285388431
-1.232426713,-0.003534615045,0.00290159365,-0.00546355166,-0.01609275318,0.006715840178,-0.02428408773,0.001146918571,0.007479733512
-1.22570282,-0.003767574146,0.008443141851,-0.00587333567,-0.01199217936,0.005297533511,-0.0233050937,0.008484793626,0.008838448994
-1.256264451,-0.002055593439,0.00233503363,-0.005943090069,-0.01505166238,0.002659971339,-0.0223470246,0.01791303358,0.007864542174
-1.210903568,-0.0005305889509,0.004939812852,-0.006056180708,-0.01704127447,0.005603538423,-0.01676138944,0.0006827249209,0.006844869614
-1.247019998,-0.002280733035,0.01263283544,-0.00613313791,-0.009621676065,0.008644170556,-0.02469823089,0.009939241713,0.008178687452
-1.238921147,-0.001940302986,0.003776007761,-0.003654103081,-0.01453243229,0.001558093132,-0.02620490707,0.01771538655,0.01007992056
-1.240731546,0.0003242068144,0.003114080891,-0.007196158951,-0.01877452721,0.004638401502,-0.01456999815,0.000765868753,0.006225155893
-1.25835909,-0.0006469237369,0.01066169449,-0.003262941561,-0.007937825375,0.002684612686,-0.02093334151,0.02243109479,0.009281345306
-1.210384876,-0.0001700130133,0.001505547125,-0.00780928848,-0.02110006887,0.01018110615,-0.02670033811,0.004712081583,0.007247899088
-1.210808204,-0.0002408307844,0.006613697091,-0.003405142847,-0.01384940447,0.0003861094139,-0.02517218754,-0.0150754626,0.00900961977
-1.205242927,0.005972067599,0.01711392957,-0.005785365856,0.0008344923553,-8.280011603e-05,-0.009031070152,0.04570523904,0.0100681093
-1.265088879,0.009848844715,0.007626049695,-0.002753176121,-0.02504089559,0.01151112425,-0.02248649157,-0.0005549015316,0.008676476882
-1.218718052,0.006722430106,0.02442949846,-0.002420763906,-0.01768213311,0.006966623709,-0.0307256433,0.001152219688,0.008249943426
-1.231200663,0.00928365568,0.01836513926,-0.0007846713884,0.006491238497,0.004438596963,-0.01808516664,0.01852289635,0.01077360813
-1.244742116,0.001172155474,0.01092110372,-0.008084172073,-0.02036467219,0.0001472131594,-0.01364120737,0.01801866102,0.005700661397
-1.22638319,0.008044920454,0.008082458563,0.003324417366,-0.02395005599,0.007039728101,-0.02684925648,-0.005516110497,0.008798709478
-1.257004247,0.002044013525,0.01812622918,0.0009715198215,-0.007154217438,0.005209172756,-0.02574930022,0.01037538077,0.007416987952
-1.221114262,0.000379319219,0.007601744669,-0.01682530979,-0.008428738768,-0.001951605797,-0.01751905811,0.01192991079,0.008720075574
-1.225429244,-0.0009743120662,0.005620651726,-0.0008164476609,-0.02006778047,0.002449317074,-0.02135390438,0.01688554883,0.007075374691
-1.222958816,-9.917819966e-05,0.007450943167,0.001364426036,-0.02037009886,0.003321583697,-0.02517956361,0.002655279024,0.005195606858
-1.209718291,-0.004218781111,0.008433687721,-0.01455406693,-0.01261665732,0.002902364767,-0.0238433953,0.008792882321,0.006253652233
-1.235478162,-0.004295742433,0.00299870817,-0.007008800452,-0.01360945819,-0.001627416558,-0.0216972048,0.01070160732,0.008991739416
-1.232844647,-0.002236193399,0.00308828863,0.001199150953,-0.01583087017,0.002621532529,-0.02241430547,0.004934578119,0.007418635181
-1.230179699,-0.003893012275,0.004145344714,-0.008569681237,-0.02240876214,0.001052657495,-0.02369413154,0.006550248269,0.006578562534
-1.242112441,-0.00387525004,0.005785139024,-0.009157338382,-0.006906446896,0.002911580312,-0.02325047098,0.0176653371,0.007344827335
-1.290695401,-0.004084942811,0.004310832707,-0.003007626151,-0.01596922873,-0.003803489087,-0.01991302593,0.009363847336,0.00715155185
-1.202646808,-0.00472921676,0.008023375564,-0.00830230506,-0.01692922234,0.005402145545,-0.01525774351,-0.01046348012,0.003469312718
-1.202985516,-0.004619626819,0.007513863182,-0.00424808105,-0.01387982799,-0.0005914489828,-0.03315363034,0.03714097298,0.01081983808
-1.253779769,-0.01207365065,-0.01178555775,-0.005472710755,-0.02305296669,-0.00572092742,-0.02145695505,-0.00855604458,0.006565186423
-1.19198782,-0.01598223945,-0.001895592697,-0.01006177784,-0.01332507417,0.005953213423,-0.01543003253,0.002890563154,0.0006748481975
-1.231856871,-0.01335675293,-0.001399265753,-0.008733772297,-0.01550677895,-0.003722012885,-0.03489972492,0.02001893693,0.01150782303
-1.192724889,-0.01218559808,-0.01050147859,-0.006588175019,-0.01921354479,-0.003126359782,-0.01587815934,0.002771480211,0.007132216307
-1.242599492,-0.008404358327,0.004788839551,-0.006492034957,-0.01574546869,0.006293752971,-0.02494157259,0.02068933774,0.006343895131
-1.204063569,-0.01036809697,0.0002785732237,-0.01052606807,-0.01697946435,-0.0006802200332,-0.02710615555,-0.0117161984,0.006069019917
-1.218768069,-0.006197804254,-0.005868153918,-0.007050946845,-0.01183811237,0.0007068196378,-0.01969420045,0.02330749484,0.007205076843
-1.232263049,-0.002165808578,0.0001128721818,-0.002139675135,-0.01799105113,-0.002253098661,-0.02476838095,0.005662445983,0.01213304815
-1.254148071,-0.004275914263,0.005243860105,-0.01067079301,-0.01537578808,0.006705055077,-0.02300021307,0.004835076772,0.005438010519
-1.233665724,-0.005963352866,0.004301359645,-0.005191166194,-0.01271871343,0.002534039116,-0.0229707464,0.01119839485,0.007162027033
-1.201503445,-0.000780355441,0.007558844248,-0.00384028618,-0.01487231659,-0.003193380701,-0.02338396144,0.008026716662,0.01013409394
-1.291234952,-0.001493155261,0.005794952933,-0.00589986078,-0.01734942953,0.003522585166,-0.02091727895,0.01717445398,0.007398452136
-1.251575532,-0.001915967357,0.00630974778,-0.006695213925,-0.01063928193,0.001701393475,-0.02225134934,-0.003052805957,0.006880258913
-1.270378524,-0.002479289788,0.006306420376,-0.005468371024,-0.01276919865,0.004460005714,-0.02133888372,0.0145748155,0.007841724495
-1.259530438,-0.000569655622,0.004535065457,-0.005560311037,-0.01849919633,0.001119994422,-0.02294167569,0.006648918135,0.009703530592
-1.250706394,-0.002108795369,0.007063248246,-0.003671108477,-0.01376095933,0.002935983591,-0.02187435219,0.008247469188,0.008001187914
-1.212916047,-0.001265623702,0.006434196394,-0.004993225053,-0.0093345886,0.001478413711,-0.02393923033,0.02101304678,0.007420433815
-1.271095331,9.271916133e-05,0.006581183085,-0.008242005584,-0.0143135886,-0.001376131812,-0.01386032538,-0.00651721567,0.008055183089
-1.204911808,0.00968313375,0.02258084562,-7.524135599e-06,-0.01153327742,0.01079017724,-0.02846340035,0.02829832307,0.01047359907
-1.306175976,0.008573708843,0.01033878554,-0.001385715227,-0.01837049698,-0.003082778817,-0.01616823979,0.006565714394,0.008418856848
-1.093214112,0.009377682198,0.01529789042,-0.001766761374,-0.009657860774,0.008299672631,-0.02260191767,-0.01482634505,0.007405205392
-1.429130438,0.005357878454,0.02148116534,-0.003407245184,-0.007610495829,0.001701231219,-0.02253410481,0.04219381526,0.01120836452
-0.931917673,0.004473576026,0.001988049974,-0.004710101127,-0.02146509612,-0.003824455996,-0.01615186791,-0.00789093957,0.008020684479
-1.746467576,0.003799214794,0.01574920324,0.0003628770448,-0.01538253636,0.01053443362,-0.02438574659,0.02041359256,0.005785306669
1.992684777,0.002179806948,0.01783835214,-0.00791017911,-0.004517781698,-0.0003589217914,-0.02218936878,0.004756147968,0.008692046611
5.647136939,-0.001060441735,0.001160458633,-0.004936903532,-0.0160289768,-0.001983995442,-0.01913644479,0.006746766336,0.008774905792
4.804794644,-0.001754597678,0.01151551278,0.0007384833041,-0.02205639759,0.004457863728,-0.02827044509,0.02041451266,0.007597533505
5.223305589,0.000853017378,0.003625758726,-0.006000960814,-0.01609398017,0.0003291530651,-0.01929749825,-0.01618537395,0.004812522427
4.985169085,-0.004710372214,0.004201916736,-0.009785221437,-0.009872894866,0.001246020654,-0.0241537426,0.03055043372,0.007630994818
5.134916674,-0.002481254602,0.00132387284,-0.003757633674,-0.01311383526,-0.004521886053,-0.02135090456,0.001484207547,0.01099996076
5.00295346,-0.0059709314,0.01224187223,-0.001471681578,-0.0214783606,0.007215858961,-0.02425268828,0.003761854707,0.003786792481
5.093216313,-0.004400632874,0.004245844299,-0.01057680135,-0.01377594832,0.0002796168365,-0.02338971741,0.01561218913,0.007153346961
5.0833615,-0.003572910767,0.002542857056,-0.006075689689,-0.01355724021,-0.006191702073,-0.02058714392,0.009333735571,0.00956339356
5.055503929,-0.0007074439585,0.002538039929,-0.006791572149,-0.01636455178,0.003792509459,-0.02428277979,0.00775344118,0.006864027026
5.054460465,-0.005142267064,0.006942224118,-0.006814574646,-0.01522509069,0.001026752841,-0.02250354214,0.001144728209,0.006718654275
5.030209177,-0.009156964554,-0.0002608817538,-0.004095653549,-0.01656460561,-0.00125853188,-0.02227700751,0.01819242122,0.008123381942
5.053173193,-0.01434888766,-0.007205310246,-0.009411168793,-0.01816331092,-0.0003808695049,-0.02549049702,0.00144467115,0.007299338736
5.083657218,-0.01414668829,-0.0009025482957,-0.007349235047,-0.01855443476,-0.0004646088288,-0.02278932677,0.009352782471,0.005070538824
4.989312112,-0.01254899039,-0.006615517456,-0.005064250461,-0.01394402554,-0.005341776281,-0.02335107631,0.008995178853,0.007727269419
5.069058038,-0.008422999333,-0.00334661019,-0.00973423811,-0.01742509009,0.0001184888207,-0.01958092464,0.009785939739,0.007390778464
4.959764737,-0.008925324264,0.001331099568,-0.008314896157,-0.01479211433,0.003860864913,-0.02610900215,0.01050933294,0.007711144473
5.135694639,-0.01087836657,-0.002487466499,-0.006533724575,-0.01374046474,-0.0004978004415,-0.02313612485,0.003410362493,0.00890937826
-0.14155431,-0.006102886573,0.003515671663,-0.007645281723,-0.0150758422,0.0004939452664,-0.02421557384,0.01750759149,0.009158191201
-1.561352729,-0.003968846121,0.003254664078,-0.005636704214,-0.01868573763,0.0005120309264,-0.02208680501,0.004451848776,0.007063742899
-1.051325125,-0.002469736193,0.002737672099,-0.006393079322,-0.01387736583,-0.00128316332,-0.02196415355,0.009457062043,0.006927973346
-1.327871742,-0.003204174254,0.004006999859,-0.008175534017,-0.01070410813,0.0002298977909,-0.02334209701,0.008645332028,0.008033113269
-1.172736071,0.001401879471,0.008144634721,-0.004758316932,-0.01540092158,0.002846449834,-0.02120695953,0.009514407071,0.007742430998
-1.271081696,-0.002529212881,0.005012684539,-0.004958571405,-0.01625192844,0.003591946312,-0.0246436636,0.009746446355,0.008988843478
-1.180570759,-0.003671229006,0.006866944099,-0.006082943844,-0.01508374577,0.0002522341417,-0.02232373245,0.01012425644,0.008683836372
-1.232894395,-0.000110446926,0.006736742618,-0.00520474736,-0.01192439609,0.001893427765,-0.02086008654,0.01216240664,0.008355435887
-1.245986271,-0.001344838677,0.006037193224,-0.005656413925,-0.014944959,0.001757448411,-0.02255729826,0.006492108433,0.009465885601
-1.285123377,-0.000646428744,0.007339532013,-0.006063772466,-0.01290713598,0.001749432431,-0.02349960249,0.01111536602,0.009074383004
-1.263258388,-0.0004260295857,0.005614401991,-0.006450917543,-0.01456527795,0.001803602286,-0.02169284252,0.008951875102,0.008192000363
-1.255523005,0.005067428629,0.01364071495,-0.002827477502,-0.01377563383,0.003775999903,-0.02248528749,0.0101701465,0.008404497341
-1.234475803,0.01021546648,0.01696440978,-0.00320255735,-0.01245019153,0.003724975371,-0.02055085563,0.01203429819,0.008812009514
-1.241317935,0.008746938733,0.01443289593,-0.002973427017,-0.01193258541,0.002531421429,-0.02007280773,0.009997219795,0.008507772041
-1.280507001,0.007391639078,0.01671911781,-0.003867807785,-0.01421732642,0.003810759553,-0.02119934836,0.01220465362,0.009554315171
-1.216195987,0.005566070384,0.01476622307,-0.003564478306,-0.01264765706,0.002664828145,-0.02339816985,0.008174743474,0.008086438373
-1.259302103,0.003595505694,0.01343302626,-0.004779576901,-0.01405802987,0.001175076322,-0.02147465792,0.01204232784,0.007474603274
-1.227334127,0.004494978163,0.0115999184,-0.003709646169,-0.01558151448,0.001271051405,-0.02343492527,0.004118461023,0.008288645183
-1.257974168,-0.0002829208747,0.01004177566,-0.005238460174,-0.01271233017,0.001471555307,-0.02120627217,0.009612857016,0.006959150448
-1.226812211,-0.001816346787,0.004912084501,-0.006065165741,-0.01641523954,-0.0008348917701,-0.02099124181,0.0126329548,0.007147448066
-1.29154236,-0.002331728717,0.007292363422,-0.003899147778,-0.01796706438,0.000746343273,-0.02426507993,0.007623778931,0.005925163787
-1.238790414,-0.00367353276,0.008421218303,-0.004715629922,-0.01400924866,0.001622443219,-0.02360405431,0.008039875709,0.005946113194
-1.252252837,-0.004495732874,0.004464804144,-0.007611106152,-0.01737974853,-0.002522143555,-0.02463835159,0.006727929358,0.007018681517
-1.251992307,-0.001617922256,0.005139860863,-0.003526222673,-0.01671675192,-0.0003313809356,-0.02312025033,0.01452468409,0.008229348158
-1.269876573,-0.001582984363,0.006591639026,-0.00397603855,-0.0162803322,0.001152826077,-0.02191612047,0.004480920956,0.006663854124
-1.247946003,-0.003771410522,0.00362829288,-0.007240673997,-0.0149379534,0.001124390671,-0.02426455471,0.006992324591,0.006386494863
-1.233336721,-0.003722346789,0.005423403,-0.005517613115,-0.01282469919,-0.000681962341,-0.02209435656,0.0126197899,0.008664815238
-1.257000653,-0.00437560149,0.005761176907,-0.004939357542,-0.01504457861,0.0002211884165,-0.02311525664,0.009215359588,0.00739126462
-1.273777011,-0.00349126566,0.003990913197,-0.005711427111,-0.01963984199,0.001822695663,-0.02571211023,0.007683094313,0.005284170194
-1.26764407,-0.01170247794,-0.001926824863,-0.009699297319,-0.01188742551,-0.005989139703,-0.02327750327,0.01140947047,0.005718116729
-1.233501344,-0.01433890053,-0.006359924557,-0.008733643656,-0.01900270772,0.003749205827,-0.02094230577,0.01293227601,0.007742745452
-1.205267649,-0.01241213878,-0.002840741413,-0.006589372209,-0.02130970598,-0.004144348457,-0.03599461067,-0.02386594895,0.007519845407
-1.244513522,-0.01415643198,-0.002094348048,-0.009933114308,-0.006780382884,-0.006226706415,-0.01457200067,0.03863916013,0.007796882675
-1.220514361,-0.00793701857,-0.01050116603,-0.006655454886,-0.022606475,0.002911428635,-0.01836388024,0.002974520184,0.006091097767
-1.269143002,-0.007751426788,0.006677605244,-0.005105516427,-0.02134225785,0.001907406672,-0.03612681527,0.002096075458,0.006769064137
-1.246517002,-0.007939543097,0.0002874299724,-0.009103983275,-0.004916948504,-0.0002193879735,-0.01961883385,0.01271747095,0.01070586882
-1.206974594,-0.008268469861,0.004293238399,-0.01108307345,-0.01373347353,-0.004819580887,-0.01498103341,0.01795530778,0.004448965738
-1.262804969,0.0004803024649,-0.0002596837893,-0.00160576832,-0.02647506151,0.0031177239,-0.02989706851,0.006188979864,0.008596870378
-1.266994454,-0.003172308823,0.006566271215,-0.001103992344,-0.012701414,0.00418321606,-0.02542449751,-0.007883358734,0.006815546105
-1.239954823,-0.001652096905,0.006388248866,-0.0157342231,-0.007409210149,-0.0025749348,-0.02036613223,0.01989789037,0.009115160339
-1.232147813,-0.002633355842,0.003753383803,-0.003956268371,-0.01613220321,0.00182934699,-0.02092340555,0.01811411048,0.00903484785
-1.213408893,-0.0005673752899,0.005877365576,0.001919667691,-0.02178179918,0.003375210448,-0.0222891409,0.002955640166,0.00573230659
-1.219385151,-0.002676466447,0.01067795826,-0.009271188955,-0.009496721801,0.0003605122969,-0.02646205782,0.01350815009,0.008761069932
-1.211186162,-0.001775470899,0.005277035003,-0.0109273701,-0.01201733941,-0.002151583492,-0.01734255996,0.01024997492,0.009665572558
-1.240560096,-4.581182675e-05,0.005360028172,0.003513913692,-0.01459468242,0.00262303263,-0.02557198495,0.006897214214,0.007807596264
-1.214877196,-0.001036886392,0.005956242912,-0.004227490044,-0.02054063239,0.002401206191,-0.02299449963,0.006254268617,0.008721770559
-1.22970192,-0.00132061936,0.006953950621,-0.009930708317,-0.008352347604,0.001035514814,-0.02248861052,0.01183186968,0.01066148553
-1.22733726,0.009615252357,0.01710016387,-0.002592503918,-0.007551687317,0.006625033478,-0.02089235413,0.01716641582,0.01020858636
-1.229566482,0.008395006551,0.01847384311,0.0006820125528,-0.01768077676,0.002533523938,-0.01856045219,0.004049443857,0.007116973831
-1.263286447,0.006040021981,0.01765671992,-0.003486217861,-0.01291680258,0.001324284238,-0.02373505138,0.01500391074,0.009787346347
-1.268479195,0.007717544895,0.01521316541,-0.004249291525,-0.009373696278,0.003415469727,-0.02286045624,0.01163087055,0.01004816136
-1.262798923,0.004854710002,0.009423621596,-0.002713959013,-0.01567207645,0.002669068919,-0.01875538665,0.001524778896,0.005634055121
-1.182947857,0.004053457153,0.0138986238,-0.001485487246,-0.01494103009,0.002271347672,-0.02520061583,0.01154146363,0.0103153367
-1.201805695,0.002296393122,0.0108842166,-0.007217655379,-0.01347469678,0.0004857621473,-0.01933799657,0.01358796685,0.009617241483
-1.233701013,-0.0001004112227,0.006060966722,-0.005340852462,-0.01651935355,0.002279136725,-0.02421358134,0.008473275581,0.006365144674
-1.244929677,-0.001884542868,0.007600241558,-0.002879593384,-0.01608851365,-0.001130577203,-0.02442055704,0.00568794196,0.00579718885
-1.259438163,-0.002528141776,0.008722254339,-0.007060927076,-0.01429089712,0.0003692107385,-0.02142387083,0.009220022569,0.006330584912
-1.264135078,-0.002380566737,0.00331552552,-0.006633219942,-0.01780783541,0.0001776491963,-0.0224407928,0.01150939859,0.009034106078
-1.29045367,-0.003670554887,0.0008373792666,-0.00519745536,-0.01650828933,0.0002735539523,-0.02535103734,0.002219618517,0.008927496821
-1.229759787,-0.002211100227,0.00753187645,-0.006443012953,-0.01419218802,0.00121817877,-0.02176751761,0.009467692284,0.007723587334
-1.252619444,-0.003991675601,0.004683538567,-0.006689279154,-0.01419703294,-0.001484983584,-0.02153170765,0.01208479829,0.00837196356
-1.214311822,-0.00403326917,0.003409436082,-0.005119326679,-0.01778638009,0.001036249251,-0.02308151187,0.01174435494,0.006728028172
-1.239855512,-0.003998878645,0.004944964362,-0.005448833702,-0.01566286451,0.0001779367393,-0.0234446965,0.007974110114,0.007747421903
-1.239722052,-0.003760207541,0.008605725888,-0.007203033278,-0.01315966819,0.0007248258418,-0.02148830712,0.006325959297,0.005991986353
-1.188417531,-0.006224254598,0.0002103610382,-0.00710332542,-0.01901278747,-0.0001630080791,-0.02097044144,0.008472444334,0.006865474928
-1.292994559,-0.01482819454,-0.008429842888,-0.006717444133,-0.01779902623,-0.001766053031,-0.02818071607,0.009293014228,0.006736251412
-1.158726854,-0.01362207373,-0.005151259068,-0.009876557786,-0.01642196088,-0.004085114054,-0.02071546106,0.006657787241,0.005714592692
-1.26378456,-0.01430082596,-0.003466795599,-0.01140642398,-0.01306624723,-0.001187889693,-0.0241888497,0.001956833318,0.008239578418
-1.194281597,-0.01172393525,-0.002305076432,-0.006779604567,-0.0189220861,0.0005059434896,-0.03016079078,0.02078711266,0.007896688779
-1.436154217,-0.007105938207,-0.004398503568,-0.006510706951,-0.02042269362,-0.001666751441,-0.0185365908,-0.001713465933,0.006835895943
-0.9457386281,-0.009692159901,0.00193551953,-0.00764216899,-0.009748477038,0.0008486537081,-0.02237443116,0.0141800268,0.007085302339
-1.75436546,-0.005757191532,-0.001790866802,-0.008648807348,-0.01410390035,-0.0003855605009,-0.02555019792,0.007566524416,0.008353682964
1.98355089,-0.003885519666,0.0003499461873,-0.005267948794,-0.02084448434,-0.0003520257152,-0.01900073962,0.004494878632,0.006634137835
5.625260197,-0.004737034094,0.007286413969,-0.002739142921,-0.01337687777,0.003349880155,-0.02570013213,0.01615342391,0.009086249103
4.778571888,-0.005208363285,0.004858501395,-0.0113489924,-0.01190967435,-0.003878741977,-0.01584311857,0.005248315544,0.006975931659
5.194635733,-0.001419531767,0.00444374391,-0.005243580924,-0.0174818102,0.005276857851,-0.0304617432,0.01584103729,0.008943554048
4.925877511,2.267897924e-05,0.01014594197,-0.002115320348,-0.0150046274,0.0008156807615,-0.02359564752,-0.01810617163,0.00840975988
5.137917326,-0.002593131557,0.008039761976,-0.009281311984,-0.004208118251,-0.006077847575,-0.01107620852,0.03996048917,0.008046767567
4.994332677,-9.962545457e-05,-0.006200011187,-0.005090907169,-0.02685066627,0.007385894055,-0.03064493636,0.002616777037,0.01228474538
5.082709149,-0.0009469774321,0.01540625496,-0.006169938447,-0.01379263212,0.004421261535,-0.02166102146,-0.005560778602,0.006014649108
5.082952853,-0.001411585507,0.007547695488,-0.004649411521,-0.001268899408,-0.0001618921246,-0.01979541326,0.02544184497,0.01189022938
5.067413558,-0.005236405867,0.003383843644,-0.009782425527,-0.02196435219,-0.002203839461,-0.02105987541,0.01330991653,0.007837024939
5.036295748,0.008099781861,0.011048882,-0.001094554794,-0.0219145995,0.006543056452,-0.02196611903,-0.0006124177905,0.006769495879
5.045959563,0.01102599135,0.02268406203,0.0009935184692,-0.002279284851,0.004243589422,-0.02440353718,0.007612150509,0.009812889076
5.051164294,0.007202340122,0.01030401555,-0.009548833516,-0.01036596571,-2.542671735e-05,-0.01664177859,0.01851791802,0.009930277848
5.106744683,0.008285059862,0.01288575573,-0.002571148243,-0.02149177427,0.007481016758,-0.02403749456,0.01007329838,0.008352275404
5.006234177,0.006625704278,0.01685883148,0.001174966573,-0.01004085243,0.003420689254,-0.02119605494,0.008195099414,0.00702587161
5.136797165,0.002235058061,0.01332134081,-0.01096789789,-0.01140228548,-0.0004902217182,-0.02250410266,0.01523062601,0.009353041917
4.870406774,0.003053892217,0.0143382668,-0.005002337383,-0.01816759967,0.002268400286,-0.02214876187,0.004794776927,0.009060785989
5.275511112,0.00191889869,0.01155895192,0.0005650713522,-0.0119973771,0.00286489791,-0.02217786599,0.007498789788,0.006648316009
0.1674069246,-0.001778171191,0.002979761046,-0.008788545196,-0.0187667984,0.0001303982781,-0.02329321745,0.004751576585,0.007467620864
-1.563792343,6.126766453e-05,0.00716443462,-0.007792002925,-0.01213491832,6.096353851e-05,-0.02285428827,0.0156883676,0.008913673785
-1.060070652,-0.003574853835,0.006574492513,-0.002949279548,-0.01302988162,0.001292368079,-0.02123694037,0.004434328401,0.006293201037
-1.38911313,-0.006287327269,0.003859248197,-0.008283115345,-0.02491666165,0.001165552676,-0.02514149588,0.01006159232,0.004316438518
-1.194873277,-0.002668134942,0.007000134082,-0.003003057909,-0.01139151784,-0.002849045628,-0.02238223368,0.01146058737,0.007716748081
-1.259638605,-0.002840142009,0.0059633114,-0.005873538776,-0.01314891108,0.001463562053,-0.01736983698,0.006928318857,0.008018138381
-1.228780985,-0.004196587699,0.0009267250689,-0.007600233376,-0.02096662778,-0.001257546669,-0.03041033523,-0.0003557048721,0.007084407237
-1.242907738,-0.002722643979,0.006461751852,-0.003926589784,-0.01465019856,0.001988551877,-0.01460433459,0.02369248472,0.005487871663
-1.264947765,-0.003301202794,0.0007143033005,-0.007027004948,-0.01755607136,0.005327322582,-0.02357328566,-0.01145326757,0.008821115443
-1.292416739,-0.004275096342,0.01036878883,-0.005928282033,-0.01029605169,-0.008563242236,-0.03910227743,0.01480864605,0.01089402299
-1.255255428,-0.01112553631,-0.008995486197,-0.01151132404,-0.01220381747,0.0003645913461,0.0009195042369,0.02423229368,0.003029714505
-1.257333388,-0.01415525565,-0.005243617993,-0.003186487463,-0.02896153223,0.001678040014,-0.03132855402,-0.003534302853,0.00464995338
-1.216227537,-0.01177329187,-0.0006166170828,-0.01160743662,-0.01651899414,-0.001593814564,-0.03573583216,0.009680699668,0.01134137388
-1.205001867,-0.01313676906,-0.007644438283,-0.01105137197,-0.002007207428,-0.003877059909,-0.008139957433,0.009626094205,0.004310839499
-1.287809954,-0.008695084553,-0.001510186699,-0.00394373729,-0.02619365513,-0.003870173556,-0.03105339158,0.01416045046,0.009987650318
-1.23029666,-0.008012232675,-0.003445394165,-0.002525654987,-0.02476474755,0.006848879002,-0.02943120647,-0.006608096209,0.006602798409
-1.232113159,-0.009016860281,0.003574274622,-0.01458122788,-0.007713205393,-0.003636137703,-0.01711663265,0.01089640833,0.006353844364
-1.210561365,-0.003146597009,-0.0008761870536,-0.006402649856,-0.002883707377,-0.004960804026,-0.02237714088,0.02329369983,0.01360290513
-1.216503857,-0.006584848765,0.001108085838,-0.004599140334,-0.02944150117,0.006125686336,-0.02164135875,0.003583484892,0.004264930179
-1.219479364,-0.002174636857,0.009585904492,-0.004603804173,-0.01321665018,0.002999158901,-0.02646723853,0.002668197187,0.00649970791
-1.243453658,-0.003450937489,0.002656580958,-0.004932030264,-0.007637261314,-0.001921789832,-0.02240835303,0.0200890381,0.01134182652
-1.23403111,0.0007928206998,0.004427259061,-0.008556109619,-0.0202402352,-0.0001522149223,-0.01836427227,0.003934308347,0.00798603881
-1.245037203,-2.109812577e-05,0.008281849041,-0.003275623931,-0.01867038009,0.005688869409,-0.02892745226,0.001774353537,0.009701938632
-1.25529566,-0.002076984702,0.006365820155,-0.002442542206,-0.007203235243,-0.001048214491,-0.01897481062,0.01655400228,0.007098190475
-1.240059748,-0.001689928236,0.002990966422,-0.01219455306,-0.01298894705,-0.0005878551165,-0.02042870487,0.01070883394,0.009896855413
-1.250282078,-0.00060932812,0.008278730906,-0.00478558192,-0.01961941769,0.005640876327,-0.02750409853,0.01095051945,0.007353015219
-1.240784666,-0.0004638167943,0.007965312355,-0.002814398186,-0.01102895089,0.001772403765,-0.02063531591,0.003582978318,0.007354802928
-1.24724026,-0.0003557132461,0.007884504852,-0.005546366389,-0.01172157111,0.001605242921,-0.02123272164,0.01823225166,0.009468697574
-1.231497248,0.01020070466,0.01214033884,-0.005029471877,-0.01677954961,0.001963413404,-0.0202808957,0.004877780196,0.009857970834
-1.243067145,0.009214602183,0.01855606848,0.002146788352,-0.01139291625,0.007642043634,-0.03297300551,0.005827932967,0.008689718452
-1.250725124,0.007361471856,0.0156447013,-0.01010475276,-0.009214277817,0.002162425522,0.005907831655,0.01193237223,0.007367674749
-1.248980461,0.007661749079,0.01473097906,0.003139942292,-0.01300336412,-0.006922790956,-0.04896809152,0.01923583348,0.01482498254
-1.260763613,0.003262799623,0.01304794808,-0.005500575158,-0.02083363088,0.01421930164,-0.01427962143,0.02384654047,0.003697671087
-1.275468868,0.002919996271,0.01138372259,-0.003670973367,-0.01278381881,0.003416197856,-0.01046631151,-0.03585558217,0.0009878525298
-1.241836281,0.003908565356,0.01662614491,-0.002388390355,-0.007618493796,-0.01069306519,-0.04367917951,0.05384106288,0.01823056983
-1.248920082,0.002038273187,-0.005406287986,-0.009780475778,-0.02165783306,0.005151597837,-0.002752530256,-0.004357373882,0.006560983438
-1.241298677,-0.001898682804,0.01541857805,0.004087309265,-0.01823552815,0.00569958434,-0.03354874275,-0.01130150139,0.0006382474589
-1.248609227,-0.003691490845,0.009660643069,-0.009272964922,-0.003829418261,-0.003357054192,-0.03178114956,0.03071627499,0.01294234304
-1.247652863,-0.00347016838,-0.0007875113515,-0.01316687388,-0.01234357275,-0.006790708963,-0.002704292432,0.008450874388,0.005227382867
-1.199288569,-0.00225276409,0.01240134379,0.002252521567,-0.0262928203,0.007811794213,-0.03948396035,0.008072433331,0.008168393235
-1.285287897,-0.004956276372,0.004523536796,-0.002266354443,-0.01147239031,-0.002249366932,-0.0174453643,-0.002078798406,0.004153705675
-1.254724277,-0.00553325063,0.002734921897,-0.01546406724,-0.01866707503,-0.001110967461,-0.02076488413,0.01401121634,0.006649601861
-1.243082781,0.001343739393,0.004115875147,-0.001776814954,-0.01295077667,0.002399628452,-0.02775980274,0.01665607004,0.0134228503
-1.225439248,-0.00568790981,3.740327186e-05,-0.0002205498206,-0.022167422,-0.001676326814,-0.01736767567,-0.007716618074,0.003075943304
-1.218957221,-0.00659489427,0.01034212845,-0.01086420146,-0.008628567756,0.001408606285,-0.02725957422,0.02359547679,0.008873497544
-1.24915828,-0.006302080446,0.005417763697,-0.009228394204,-0.01288035213,-0.005013401818,-0.01761027763,0.01429860019,0.007650091842
-1.231801026,-0.01359071536,-0.007561687819,-0.001364813599,-0.02242177603,0.0009176046392,-0.02487444524,-0.004969169935,0.005822861154
-1.236218923,-0.01417208128,-0.002752605527,-0.01084880792,-0.01872412815,-0.003487437152,-0.02965383149,0.01149607821,0.007425829877
-1.217467843,-0.01200826038,-0.005716333382,-0.0106751877,-0.007096663592,-0.004632677733,-0.01695635334,0.006397042038,0.006295632845
-1.186581322,-0.009617556443,-0.005991625101,-0.005232199369,-0.02095675954,0.004054303413,-0.02849135608,0.01538329374,0.007051148599
-1.264186138,-0.00923043889,-0.0003023098403,-0.006705918385,-0.02069767309,0.001733511289,-0.01934168398,-0.003162697661,0.006339018846
-1.225579989,-0.01140592821,0.003102745339,-0.008808494033,-0.01027750283,-0.002779845444,-0.02080435111,0.01950407548,0.008682453833
-1.237729376,-0.00572602206,-0.001928612803,-0.004054187877,-0.01729314111,0.001299203046,-0.03091635263,0.01727212697,0.01154185935
-1.232424531,-0.005539457918,0.002935694279,-0.01076232277,-0.01877534541,0.000312340091,-0.007111565828,-0.009410199135,0.003452116987
-1.20718907,-0.002796947206,0.007854702298,-0.0008156426658,-0.009458752099,0.00347795922,-0.04069181697,0.02087683574,0.01061485528
-1.224827454,-0.002997069135,-0.00195757206,-0.01531391444,-0.018483843,-0.001623261641,-0.009740376835,0.004999887888,0.008055673979
-1.19585223,-0.00140779123,0.003602543031,-0.0004038733806,-0.01030223503,0.002684288971,-0.02398839482,0.008953734968,0.007750217141
-1.26240887,-0.0009562947256,0.01126383797,-0.007826033843,-0.01569597525,0.001729929485,-0.02819741664,0.01524063126,0.0107417326
-1.183212656,-0.004027297002,0.005034569518,-0.007787070817,-0.01211496801,0.0006641634445,-0.01572830551,0.002455119414,0.005384766327
-1.23609963,-0.0007985604825,0.007568567273,-0.001805038308,-0.01905818974,0.002233412219,-0.02483952205,0.02143084673,0.01009951477
-1.266970052,-0.0001773216226,0.003454260892,-0.00294126452,-0.01190976382,-0.0008247795183,-0.02219957252,-0.002706213701,0.00805266066
-1.248334523,-0.000331348257,0.007650227836,-0.0111473687,-0.01549396659,0.004869605998,-0.02100390495,0.01314381736,0.006557495269
-1.181424926,-0.0006986276639,0.006293344574,-0.001699546228,-0.008892679786,-0.0009694215661,-0.02383088546,0.008429309705,0.009545931613
-1.231576424,0.00219008086,0.009101926411,-0.004727853361,-0.01718971948,0.001671195462,-0.01734761556,0.01313622787,0.008113131213
-1.189135755,0.01015466579,0.02030631058,-0.003586926089,-0.01076748791,0.005816444878,-0.02587998844,0.01161608822,0.008621227127
-1.230405661,0.007948317582,0.01621977121,-0.004825200188,-0.009648880108,0.002936694559,-0.01927077787,0.01022131827,0.01024674262
-1.129243547,0.006379900981,0.01653571491,0.0004003459172,-0.01228523553,0.001682545948,-0.02200548784,0.01041918619,0.01137031021
-1.290605293,0.007447548008,0.01352646007,-0.005625734752,-0.01793801731,0.004924924299,-0.02411008264,0.007724148851,0.007917372593
-1.145255829,0.003160169716,0.01220219919,-0.001777352333,-0.01296374863,0.002225974666,-0.02006989227,0.01521530861,0.00632076405
-1.325622081,0.004499417226,0.01193041395,-0.004582025837,-0.01132984648,0.0006472903541,-0.01814814441,0.0005435244569,0.007183318758
-0.9787328178,0.001334669148,0.0126582659,-0.004745854291,-0.01622415549,0.004915036064,-0.02747691571,0.0180278526,0.009352642835
-1.63627844,-0.0006338152075,0.004982603433,-0.004793814597,-0.02000778336,-0.001606306151,-0.01957834419,0.01168236861,0.006716577066
0.5370910728,-0.002642646485,0.005678046486,-0.004410470759,-0.01191414829,0.000698510195,-0.02054218083,0.001458171122,0.005898218055
5.429251747,-0.002128476993,0.009760537502,-0.010279488,-0.010857185,0.002459694471,-0.02683807043,0.009864620354,0.007735837798
4.829278643,-0.003691230344,0.002767005016,-0.005820518966,-0.0165151459,-0.003186878067,-0.02398522672,0.01146022984,0.007018197034
5.142303124,-0.003717837481,0.001660543375,-0.004019878476,-0.01671846576,2.705276473e-05,-0.01046067271,0.003200540241,0.005520418515
4.981903,-0.004439894517,0.009845272809,-0.006200670264,-0.01166036925,0.004784632226,-0.03583123166,0.01640864663,0.007308794682
5.129795706,-0.002405249495,0.002736390759,-0.006972636935,-0.01914029696,-0.00196242976,-0.01959057045,0.005111256031,0.006988061378
4.99349931,-0.003345132751,0.005987742982,-0.003152082848,-0.01249388927,-0.0003832729133,-0.0168215995,0.007025614316,0.007680553003
5.088779872,-0.004598455795,0.007544232251,-0.005094634164,-0.01821586848,-0.0002308935248,-0.02726961998,0.01959341094,0.009065724565
5.057709213,-0.00181754198,-0.000333194551,-0.009055700878,-0.02032453361,0.0008561047504,-0.02275753427,-0.004744795149,0.006130777996
5.057212125,-0.008355930087,-0.000704735293,-0.005548570982,-0.01114944928,-0.002800068557,-0.0217020728,0.01180158316,0.008609021436
5.035191553,-0.01571223997,-0.005337203179,-0.01146785547,-0.01535332706,-0.003606682899,-0.02867300838,0.01304942667,0.007087108411
5.07979064,-0.01380143777,-0.008147279167,-0.01001535018,-0.02152346516,-0.0004283139184,-0.01753747233,0.0008307639511,0.00483563164
4.985057934,-0.01215008505,-0.002823070698,-0.007188602043,-0.01534428809,-0.0009986526636,-0.02714408924,0.01720227767,0.008810515742
5.100457984,-0.01062790939,-0.002313228758,-0.00848774173,-0.01427661802,-0.0006244926517,-0.02178768221,0.003340502379,0.007305473028
4.912204555,-0.01039392174,0.001543111605,-0.009052927478,-0.01767384352,0.001467913741,-0.0220292183,0.01049739282,0.005321934919
5.227642437,-0.007624486772,-0.003038606794,-0.002247634422,-0.01592637763,-0.002168540468,-0.02429897925,0.002334630697,0.008979837992
4.780260708,-0.007185767384,0.002949099774,-0.01033259377,-0.01552041468,0.0004231100075,-0.02104879413,0.01555363809,0.006846800405
5.560402419,-0.003025130071,0.004175522656,-0.005873624611,-0.01389029995,0.001059789936,-0.02179103189,0.004389021774,0.009312570844
1.552863438,-0.004489263902,0.006156526237,-0.005464213268,-0.01585067314,0.001805158453,-0.02425059272,0.01114115428,0.008322700086
-1.787462166,-0.003417815347,0.002366756579,-0.007697536672,-0.01466111575,0.000746526726,-0.02034308886,0.008601543445,0.00849954901
-0.9769486187,-0.001648115146,0.008934523494,-0.005565167336,-0.01296659604,0.0005344205183,-0.022681286,0.01147186403,0.008750726071
-1.431626764,-0.001671431284,0.005898811112,-0.005687476124,-0.01089675397,0.001519598513,-0.02194941519,0.007207461668,0.00908721765
-1.054386249,-0.0008291255149,0.003759661852,-0.007192598854,-0.01732344352,0.002256437231,-0.02458867701,0.00870896462,0.008403839626
-1.314639805,-0.0002179370174,0.005246426092,-0.003986803214,-0.01220616517,0.0007887421751,-0.01932875894,0.00829163372,0.009570098673
-1.175638821,-0.002002039892,0.007210731706,-0.005280405044,-0.01386172428,0.004564391551,-0.02652969231,0.01851067556,0.009838168232
-1.226136353,-0.0005440740926,0.0041332536,-0.006031681315,-0.01767668195,-0.004048215572,-0.01792457364,-0.001068943839,0.008600380569
-1.231433084,-0.001217714388,0.01273986306,-0.005587790919,-0.008129612724,0.005338269541,-0.01895258841,0.007100507489,0.007276997084
-1.24328512,0.007719092643,0.01501838512,-0.002455046663,-0.01399235758,0.0033347642,-0.03506976673,0.02671590922,0.01152429753
-1.252093713,0.009913112419,0.01080127452,-0.004030723189,-0.01720384097,-0.0004847101069,-0.007246675081,-0.005752149483,0.006710911917
-1.262303077,0.00757587523,0.02142945747,0.0009067841078,-0.003419508511,0.006333655471,-0.02583803465,0.01768438207,0.009032197681
-1.301424577,0.007066696044,0.01528964502,-0.009730393624,-0.01803161534,0.001812448566,-0.02647425816,0.01089122554,0.009119130274
-1.229820229,0.003610046591,0.01115367621,0.0004502968929,-0.0147161188,1.590794688e-05,-0.01349546787,-0.0002570210455,0.007128623872
-1.271151185,0.005037908596,0.01843571456,-0.0008665652573,-0.01109761872,0.003946379618,-0.02536082353,0.02631089301,0.01025961341
-1.253502186,0.004065470838,0.007989077983,-0.01111354464,-0.0154989678,0.002587376574,-0.0212320546,-0.009759195124,0.006397972621
-1.23811554,0.0008057432385,0.007130011894,-0.000169155272,-0.0132405991,0.002035825389,-0.02331737005,0.02237076639,0.008076819351
-1.226815848,-0.0001338232821,0.007285378914,2.174445277e-05,-0.01554082551,-0.004433697675,-0.02534967788,0.0003991449474,0.008685095136
-1.252330442,-0.002402064717,0.006756448536,-0.01162203778,-0.02185627379,0.004310595171,-0.02107710458,0.01431398465,0.003798329475
-1.221929021,-0.003301718342,0.005894975177,-6.395012858e-05,-0.01173002175,-0.0001169029655,-0.0252407589,0.00633166746,0.008907117986
-1.238594237,-0.005252088665,0.006420021381,-0.007019895698,-0.01528089335,-0.003123866224,-0.0210364785,0.008239497861,0.006699768099
-1.200952488,-0.004220405873,0.00444032977,-0.008179291281,-0.01647422,0.00187286693,-0.02445425286,0.01440222411,0.006778565622
-1.284343082,-0.002191485811,0.004441067412,-0.004882794234,-0.01326028689,2.861372223e-05,-0.02156979298,0.001062490646,0.007183644628
-1.255667773,-0.003562479383,0.002287093646,-0.00422835732,-0.01529317259,0.00192866791,-0.02384283338,0.01089096501,0.006156742534
-1.25181165,-0.0035261296,0.005616169947,-0.01027332035,-0.01934187905,-0.0003086825301,-0.02561772184,0.007707299737,0.008458425752
-1.188726945,-0.004085356162,0.007667343961,-0.002256204614,-0.01249267335,-0.0005434744519,-0.01903702636,0.009366472112,0.006910090262
-1.253179379,-0.003713029701,0.001344847771,-0.00726812632,-0.0169298489,-0.0004461205153,-0.02351512964,0.0132943484,0.006963746085
-1.241257364,-0.01376727782,-0.005741729094,-0.01047700647,-0.01844902633,-0.006045818054,-0.02477802619,0.0007709137195,0.006803472121
-1.269595304,-0.01328106681,0.0006217492521,-0.006510164196,-0.01415376892,0.002797474061,-0.02452456541,0.01865603492,0.006694551266
-1.204780085,-0.01380361133,-0.008690912202,-0.008540687031,-0.02085151456,-0.006263300695,-0.02373991677,0.003879024758,0.006637339861
-1.260053657,-0.01041044608,-0.003896685204,-0.008528891231,-0.01696962276,0.00452457536,-0.02731927359,-0.005176973229,0.005769013513
-1.264175778,-0.009835104098,0.003598132752,-0.007521727682,-0.01045232858,-0.002596655591,-0.02246294205,0.02831958184,0.008524979192
-1.240095445,-0.009772931776,-0.01111237737,-0.008078035363,-0.01957554702,-0.003917889727,-0.01893039813,-0.003338345726,0.007663620717
-1.238625354,-0.008866193817,0.003477012724,-0.006114481224,-0.01541196946,0.002093509066,-0.03016511302,0.01470098173,0.006311941561
-1.262025722,-0.00410260893,0.007489687194,-0.008253220454,-0.008186786087,0.00443214189,-0.01222205753,0.0218323515,0.005899264325
-1.225923815,-0.003722876935,-0.003275016564,-0.004492577255,-0.02366615171,-0.00185338401,-0.03247048146,-0.02171175103,0.01052006915
-1.260900976,-0.00253310749,0.01263047222,-0.004643522362,-0.006572933979,-0.002229319422,-0.02913798187,0.04161441722,0.01015599593
-1.245072019,0.0008531748779,-0.004230167393,-0.009013459373,-0.01891150881,0.00699879828,-0.003962596329,-0.006013933757,0.002673825485
-1.251472944,-0.003107606003,0.009365556303,-0.0005079907669,-0.02010436874,0.002946499481,-0.03694954271,0.006705355492,0.007599695801
-1.243357827,0.001166483833,0.004063545449,-0.01031878911,-0.004388782394,-0.004773900608,-0.02037044848,0.0169206734,0.01657571129
-1.231362865,-0.004826283025,0.00905446237,-0.006322352685,-0.009117423143,0.003783176011,-0.01382819793,0.01290089336,0.005067360791
-1.274133464,0.0002199502405,0.007186921445,-0.002658390463,-0.0245096758,0.004733246333,-0.03184622568,0.009053674723,0.007409141564
-1.218382689,-0.0008253319539,0.00495316191,-0.002301013342,-0.008489804533,-0.001467629703,-0.01749366013,-0.0001009735412,0.008749283801
-1.235421196,-0.002108532484,0.007159661046,-0.01241041423,-0.008996990681,0.0002671804553,-0.02343905676,0.02410399593,0.01068480093
-1.223507636,0.001870605488,0.006758443471,-0.003094778267,-0.01267357289,0.003720744758,-0.02131425334,0.002070511072,0.008445016727
-1.245389305,0.006782121144,0.0182462928,0.004487175172,-0.02066000958,0.007479469418,-0.02015463936,0.01096177617,0.005812446301
-1.219726797,0.008084456879,0.01846508386,-0.005958624651,-0.005564196313,-0.00161759136,-0.02391915528,0.01705847641,0.012128248
-1.195637034,0.005825507945,0.01791478687,-0.006337202499,-0.01297086567,0.002768423588,-0.01721387561,0.008884267207,0.009937733953
-1.182010077,0.009016169417,0.01382794997,0.002724727483,-0.01398554757,0.00343582046,-0.0231302082,0.006757508432,0.00600149044
-1.204629312,0.004642482607,0.009732981047,-0.006387479217,-0.01757527472,-0.0002894800764,-0.01935911216,0.00535071925,0.008832648612
-1.231554549,0.00602274653,0.01306078048,-0.004408603299,-0.007221848747,0.002225452568,-0.02138739574,0.01860255578,0.01043024749
-1.29320803,0.00260142716,0.00621409694,-0.003416928709,-0.01661008949,0.003394111304,-0.02356566274,0.002006876576,0.009617434554
-1.254212956,-0.0003708058546,0.0100438404,-0.004500810075,-0.01980628191,0.001868954315,-0.02594701031,0.009755989325,0.003800798297
-1.200026051,-0.002205142201,0.01115526326,-0.005334037228,-0.01132609526,-0.001509430761,-0.01834876618,0.01495971635,0.006952329075
-1.20977435,-0.0020776745,0.005129885965,-0.009190943886,-0.01679802323,-0.001223554213,-0.02399570936,0.00769553784,0.008982068084
-1.214173786,-0.003159456061,0.001890182205,-0.004520026501,-0.01949522897,0.0008713385329,-0.02607678918,0.005390862319,0.005383288833
-1.285685215,-0.002700362902,0.007891053371,-0.004712289819,-0.0130216291,-0.0003674365494,-0.02208986832,0.00328500454,0.005634335703
-1.192175501,-0.003833676169,0.002650324698,-0.006801615573,-0.01527238961,0.000550916521,-0.02190052931,0.02043165311,0.008575921141
-1.24189246,-0.004401170483,0.003149184291,-0.005895509633,-0.02048065524,-0.0001006127456,-0.02344963451,0.003502768496,0.008422837905
-1.204112396,-0.003652313138,0.006791093656,-0.004233216234,-0.01318103196,0.001639812136,-0.02389327987,0.008971214331,0.006564068565
-1.227060873,-0.005140430947,0.005196457728,-0.008894003502,-0.014254161,-0.0004298099946,-0.02206652611,0.01199938722,0.006665095227
-1.212713592,-0.00372470271,0.004015183557,-0.006519242411,-0.01593085732,-0.00100181999,-0.01969848993,0.01018690782,0.008343254044
-1.23640031,-0.007130032782,-0.0007475245504,-0.004490072871,-0.02038975266,0.000480086071,-0.02768689499,0.007204460259,0.007620236904
-1.220551124,-0.01306300795,-0.00627705556,-0.0101733679,-0.01546334296,-0.002701289403,-0.02534357654,0.00098664697,0.006300055619
-1.245038263,-0.01245932432,-0.003926288785,-0.01004404839,-0.01721038385,-0.002054023252,-0.02137754565,0.01638558039,0.007190745655
-1.249679873,-0.01167839589,-0.008137697112,-0.006366587278,-0.01753311328,-0.0001588474855,-0.02342862244,0.005132119054,0.008073899089
-1.191582999,-0.01017341914,-0.001083904166,-0.008618905862,-0.01530597917,0.0004019721811,-0.0251965015,0.01027908435,0.006829043378
-1.284705218,-0.009357335869,0.0007980647155,-0.009967325586,-0.01312088584,-0.0005074676556,-0.02375279354,0.008299805149,0.007940191517
-1.128059566,-0.009330177447,-0.000864896132,-0.006639867729,-0.01701398541,-0.000367715306,-0.02253778974,0.01368527846,0.007652104936
-1.329904741,-0.004859844053,0.0001204797954,-0.004011373303,-0.01657109323,0.005078514851,-0.02614942046,0.003829153463,0.00831706716
-1.104237769,-0.004301011085,0.004021197157,-0.009422897708,-0.01506328848,-0.001298459269,-0.02181977934,0.009802426457,0.00860699756
-1.491694211,-0.003491833471,0.003651184875,-0.008795509826,-0.009382791299,-0.002802340485,-0.01700179999,0.001445712675,0.008987262503
-0.01030211576,-0.003130610112,0.005425191054,-0.004710990814,-0.01511805513,0.00476861067,-0.02699869825,0.02413715113,0.008204080682
5.187466076,-0.0006368720908,0.004059668334,-0.003433708799,-0.02200634436,0.0006373119039,-0.02229574734,0.001536901892,0.006988309422
4.989884097,-0.00014972496,0.007383373577,-0.006750070297,-0.009415549398,0.002928918643,-0.01818850745,0.00987388248,0.0086314765
5.138990739,-0.001448107002,0.006316795566,-0.004518192406,-0.009068026932,0.0005269263838,-0.02375444725,0.01801819167,0.01045292337
4.986799646,-0.0010005204,0.00425088465,-0.006603107175,-0.02216080946,0.002020477981,-0.02148344665,-0.0004490279468,0.006384113279
5.078450635,-0.0005888913819,0.007009565278,-0.003133064771,-0.01321787738,0.004191300748,-0.02248603091,0.01353339949,0.008038241562
5.024620434,-0.0006333085367,0.008974540773,-0.006794509781,-0.008725670431,-0.0009035450221,-0.02273429459,0.01180005618,0.01021428634
5.043301621,-0.001058575506,0.003266073893,-0.007727178284,-0.01565175113,-0.0003916172761,-0.02131124799,0.006507942862,0.008485119318
5.066188436,0.006452236032,0.01563216797,0.0002679811337,-0.01505634661,0.004058041686,-0.02278569634,0.01491485673,0.009712477384
5.094289821,0.009230390226,0.01768409116,-0.001883833639,-0.01035051298,0.002854509711,-0.01769073294,0.00811278769,0.008176319532
5.033933531,0.008181903848,0.01550100242,-0.004459638402,-0.01270479559,0.004287619006,-0.02155443823,0.01500359836,0.009643910969
5.070270512,0.009104112838,0.01471505096,-0.002750514842,-0.01390644931,0.002078065527,-0.02235830425,0.006959035874,0.009876355406
4.991247992,0.003420466968,0.01445274351,-0.003074607131,-0.01305648947,0.002636262076,-0.02168147746,0.008621664821,0.008067095629
5.088526822,0.004098677057,0.01134465325,-0.00406619437,-0.01220980461,0.001218401146,-0.02056542841,0.01380716868,0.008743949365
4.924032172,0.004702303262,0.01045760137,-0.003638880307,-0.01591288404,0.001799767583,-0.02147201571,0.01072474223,0.00800151258
5.192491015,0.001202564291,0.01105370669,-0.004628762072,-0.01432820321,0.001446133622,-0.02379238812,0.009311065007,0.00863129824
4.767851611,-0.003431938605,0.009061572028,-0.006172459327,-0.01363764667,-0.000963937521,-0.02277257207,0.007018022641,0.006316279589
5.59314297,-0.001822021351,0.003401737013,-0.004771876477,-0.01732457042,-0.001248867455,-0.02176000665,0.01141836858,0.006540095507
1.871691063,-0.001964615465,0.004032190029,-0.004840911553,-0.01537510613,-0.000736726154,-0.02447869146,0.007126023228,0.007775014307
-1.775840427,-0.003973808963,0.006389771972,-0.007672520082,-0.01616754379,-0.000501103855,-0.02363337041,0.00767365161,0.006954838225
-0.9828915841,-0.003565571256,0.005568860811,-0.006394556895,-0.01481820789,0.0008119537038,-0.02207080629,0.009092859822,0.008292496541
-1.446576585,-0.0021722656,0.004268848609,-0.004934413302,-0.01656746915,0.000124470805,-0.02084247972,0.01276205417,0.007727343712
-1.116725426,-0.003185744854,0.006163432798,-0.005940448314,-0.01468545145,0.0007385928059,-0.022000282,0.006284652493,0.007591773337
-1.311400106,-0.003126975142,0.004481765448,-0.007330118343,-0.01492115433,-0.0006332038714,-0.02159809488,0.01004258344,0.007529163803
-1.241191509,-0.004130360167,0.00312792661,-0.004321111446,-0.01437538267,-0.0006715647504,-0.02371068931,0.007647340539,0.006858122308
-1.276944987,-0.002617008372,0.004143035476,-0.006667789328,-0.01730529563,0.001502233234,-0.02140296041,0.0123583214,0.006429781709
-1.240468908,-0.01308223079,-0.005401155585,-0.006801153353,-0.01730119496,-0.001420929358,-0.0264655974,0.002057462244,0.007203752955
-1.247688586,-0.01339936146,-0.004567384499,-0.009953232537,-0.01705856506,0.0002108089301,-0.02420232478,0.003911434184,0.005105861585
-1.286848405,-0.01163953924,-0.004775842887,-0.008609823376,-0.01585726622,-0.004225660599,-0.02236653108,0.01652732281,0.00724377064
-1.281579955,-0.01196919955,-0.00465981448,-0.00767233546,-0.01758372062,-0.003126551121,-0.02273003848,0.005955412269,0.007603364696
-1.23945328,-0.009084674717,0.002387827851,-0.009368248052,-0.01486332605,0.003879493202,-0.02457815472,0.007737329054,0.005610618683
-1.241187726,-0.009062289283,-0.002400685085,-0.008132119775,-0.01539060169,-0.002058907254,-0.02388289328,0.008124601636,0.008482752242
-1.245442798,-0.007487892397,-0.0008343676827,-0.004229097686,-0.01357026726,0.0002782590804,-0.02172651177,0.01095675304,0.007647920793
-1.223147004,-0.004954617693,0.002486903317,-0.008027797495,-0.01606363028,0.001625602886,-0.02400228391,0.01118892973,0.009047704428
-1.252468981,-0.003568410822,0.003984350611,-0.006434354492,-0.01596507981,0.0008738610153,-0.02490240792,0.001347979689,0.008186721461
-1.243385252,-0.002990446807,0.005710773079,-0.008497884795,-0.01101108525,0.0003096818425,-0.01942083606,0.01750097477,0.01018316759
-1.217288967,-0.001502035952,0.006013368408,-0.008325216472,-0.01453283575,0.0006057938032,-0.02317543194,0.006617833858,0.008914332173
-1.245310011,-0.002129889834,0.007220674472,-0.004944280463,-0.01436434094,0.003777005428,-0.02257353858,0.0121495292,0.006563716156
-1.230493777,-0.001129698818,0.00385321073,-0.005583526706,-0.01348979132,-0.0003915025115,-0.02287514147,0.009325684737,0.009226206445
-1.232353233,-0.000743427223,0.007586477242,-0.008039258726,-0.01371682047,0.001486552827,-0.02250306016,0.00994502578,0.007750508006
-1.253268827,-0.001571679146,0.006412875356,-0.005351984225,-0.01421931812,0.002396278963,-0.0223228539,0.01126735717,0.009294840848
-1.273703229,-0.0005920328195,0.005573046569,-0.005315184738,-0.01539016235,0.0007436242357,-0.02154319654,0.006814194924,0.008538557434
-1.26273417,-0.0004881208496,0.00578914974,-0.007142303036,-0.01122206727,0.001647278658,-0.02072644868,0.01536802594,0.008557197883
-1.2415278,0.00221769973,0.009591518454,-0.005252121438,-0.01136641432,0.001347613733,-0.0220467411,0.00648197589,0.009118314814
-1.264187569,0.0104716717,0.01941081962,-0.002082703659,-0.01438285756,0.003378487584,-0.02113457481,0.009845238477,0.008387837543
-1.246283986,0.009680156541,0.01619407386,-0.002786242088,-0.01254631831,0.001769127032,-0.01992439992,0.01178942147,0.008981484911
-1.238425177,0.007620790156,0.01511288039,-0.00299302095,-0.01139813562,0.003169939915,-0.02007229234,0.009338425843,0.008730248498
-1.25057082,0.005960462046,0.01358393811,-0.003478532696,-0.01279166602,0.003870815588,-0.0234812115,0.008508747561,0.009144701359
-1.206058303,0.003067259078,0.01269105443,-0.004721597213,-0.01452620087,0.0009291497224,-0.02252499966,0.008515621521,0.007766363681
-1.24967317,0.004349672954,0.01456204327,-0.003142812042,-0.01294047699,0.002161040154,-0.02146040055,0.01502210559,0.008451662729
-1.248324858,0.003456045111,0.009280464257,-0.005004844422,-0.01453891193,0.0006974072429,-0.02271734641,0.008223190288,0.007804821734
-1.292461254,-0.0007349246547,0.006102107436,-0.003211135022,-0.01612455456,0.0009414628628,-0.02441631618,0.007106143895,0.006800630969
-1.263597253,-0.00126238647,0.005810391455,-0.005973963376,-0.01569677651,0.001250269229,-0.022135718,0.01067616005,0.006987441797
-1.274155808,-0.00160399504,0.006309404351,-0.004745030494,-0.0157851577,-0.0004779065135,-0.02798074711,0.005499095637,0.009039379769
-1.234375577,-0.003854883843,0.004362972346,-0.009119172813,-0.01464827426,0.004244224491,-0.008285032601,0.01808031928,0.004701213077
-1.218889412,-0.003707880888,0.005615070625,-0.002547641493,-0.01963954157,-0.007315446005,-0.04251050219,-0.01418537347,0.01122229068
-1.212356939,-0.00318832038,0.01095651467,-0.008870112937,-0.007728727043,0.0007259445314,-0.01835522623,0.03354462352,0.007081098694
-1.224419699,-0.002617319096,-0.00252080842,-0.00619281217,-0.02224069491,0.008403993938,-0.01150610975,0.008055197466,0.004258553047
-1.231349424,-0.003178345229,0.008421286934,-0.001260128718,-0.02164356094,-0.006260575711,-0.03898265257,-0.01634746949,0.01111780428
-1.214419685,-0.004121348224,0.006503410898,-0.01239154285,0.001367190217,-0.001929817311,-0.011129551,0.03629341084,0.008302215218
-1.279572768,-0.003280410351,0.0003266567047,-0.002557649978,-0.02222253447,0.002523525815,-0.02029876414,0.0003612596718,0.006261512674
-1.237911232,-0.007300537007,0.003850034182,-0.004620008911,-0.02755614316,0.00281729439,-0.03524914188,0.0002528544937,0.006108678306
-1.269522202,-0.01504863491,-0.007602542959,-0.01084496061,-0.00419848659,-0.005695711402,-0.01727018804,0.01214993554,0.006916742507
-1.248697371,-0.01243407703,-0.004151707679,-0.01268682488,-0.01278436736,-0.004738296748,-0.02579442283,0.01252979677,0.009545723775
-1.269976223,-0.01057298197,-0.009602631953,-0.003319086371,-0.02895958397,0.003420355211,-0.02452093801,0.01070810219,0.006291450524
-1.250279434,-0.01258375495,0.001621871445,-0.005477249187,-0.01615148041,0.000659169402,-0.02293830179,-0.006083611987,0.004724543346
-1.192086455,-0.008299896548,0.001836193019,-0.01438293443,-0.005961083077,0.0005920144756,-0.02190875185,0.02879144878,0.01040691861
-1.231935889,-0.009266222541,-0.009159482822,-0.005600715375,-0.02266588612,-0.004099290195,-0.02334732675,-0.003016734202,0.007427038185
-1.213576136,-0.004873321464,0.002173196242,0.0001575132757,-0.01790053091,0.004076076751,-0.02556426552,0.007764079025,0.00655518557
-1.222860853,-0.005082195554,0.009078399621,-0.01443440753,-0.009286114102,0.001019358594,-0.01914240673,0.01517197274,0.007513525978
-1.258612546,-0.002720957809,-0.001716533717,-0.007894584051,-0.0144957683,-0.00154053775,-0.02161362469,0.004931250238,0.009685573543
-1.232117414,-0.002305274798,0.006163266323,0.001074442991,-0.01717297387,0.002048858593,-0.02846617288,0.01282447939,0.008960336432
-1.270729765,-0.001461801097,0.006517916766,-0.005993690466,-0.0154475933,0.001851394396,-0.02020446642,0.000721535942,0.005892713707
-1.228818372,-0.002408676082,0.005857861179,-0.006254558634,-0.01216414073,0.002331244866,-0.01869213485,0.02218110566,0.008265330038
-1.279900969,-0.0008734870051,0.002312765426,-0.004824486407,-0.01547653439,0.0004025352333,-0.02872930513,0.003794840374,0.009977924635
-1.192884157,-0.001924288824,0.01035090364,-0.005119004361,-0.01503771293,0.004237792099,-0.01898319011,0.00480773825,0.006160226322
-1.20318041,-0.003122204933,0.007594980483,-0.005782498951,-0.01054237012,-0.001749499757,-0.02526319381,0.01592516968,0.008816317402
-1.210317968,-0.00197586074,0.001458950772,-0.005858978231,-0.01796790856,0.001286104048,-0.01790084878,0.0120123496,0.009862156974
-1.169670854,0.0009957909616,0.008122638819,-0.003962530097,-0.0155851897,0.002246159897,-0.03127323862,0.005216793613,0.008708562001
-1.251089857,0.006431098184,0.01592947198,-0.006034591136,-0.01098789058,0.005971046101,-0.01230889557,0.0156125217,0.008076889984
-1.23528109,0.008341971284,0.01388338991,-0.000399858908,-0.01388672474,0.004379673224,-0.02686308991,-0.004982331569,0.01160864073
-1.247070654,0.009164462828,0.01801464615,-0.002638399534,-0.01014235855,-0.004095615464,-0.02560569725,0.02563909126,0.01132189986
-1.223104861,0.008766241191,0.01031728483,-0.003601998824,-0.0137968459,0.008396194786,-0.007650730429,0.00901012423,0.005073916715
-1.224331982,0.004835013506,0.01697505453,-3.40847891e-05,-0.02150880529,0.002743049277,-0.0296972027,0.007474515512,0.00650342679
-1.217954831,0.005615925252,0.01272380704,-0.005602407993,-0.009526877002,-0.001184020714,-0.02688594171,0.0111215171,0.01260067515
-1.218634081,0.002692456149,0.01027502295,-0.004672194099,-0.01196070182,0.003950430199,-0.01141562993,0.0109362544,0.004271037755
-1.234581809,0.001218607431,0.008141863918,-0.004092272829,-0.02380247493,0.0003640577952,-0.02777367057,0.01015163974,0.008800045251
-1.241614224,-0.002007300677,0.004177912135,0.002021922951,-0.009225792335,-0.002543199597,-0.02271143188,0.001162555198,0.007518608787
-1.193731912,-0.002310653236,0.007727964507,-0.01362205411,-0.01243315988,0.001502833902,-0.02209932517,0.01535299853,0.005957652047
-1.228323631,-0.001461148431,0.005304069089,-0.008397604269,-0.01316206395,-0.0002587728587,-0.02284242448,0.007889325218,0.008190528132
-0.9512054734,-0.00671200018,0.007120380975,0.0008822234676,-0.01883579766,0.002659914945,-0.02163576991,0.01820217067,0.005115767714
4.438743259,-0.002085355058,0.007949435937,-0.006559021618,-0.01565829305,-0.004052165447,-0.02054010112,-0.005588260288,0.008620210151
5.240188311,-0.001798490374,0.004785600527,-0.01125346854,-0.01720064579,0.00595481407,-0.02710561632,0.01286675784,0.007916319657
4.97502362,-0.001187712396,-0.001706595507,-0.0003544394621,-0.02038419404,-0.003557834639,-0.02358201912,0.01117954289,0.007782414176
5.115412955,-0.00275507853,0.003155788372,-0.003254635348,-0.01826329378,-0.001272503987,-0.0196835242,0.0005787645091,0.007118600413
5.041832665,-0.005104371034,0.008226328074,-0.009598530447,-0.01183134602,0.0028855887,-0.02359342618,0.0214968376,0.008786796701
5.066207784,-0.003914613115,0.000592323998,-0.0100202133,-0.01653561768,-0.001680230391,-0.02482332241,0.005027043325,0.008573850673
5.027780794,-0.01426073954,7.729512667e-05,-0.0004568621376,-0.01794490131,-0.0008614871536,-0.01996955297,0.008113776225,0.006139814327
5.05797263,-0.01366467187,-0.004729619226,-0.009132655307,-0.01475919105,-0.001843597378,-0.02456712896,0.009409902514,0.00660089515
5.07586168,-0.01121095672,-0.008518476368,-0.01051473911,-0.01802205443,-0.001397544384,-0.02405505246,-0.001150464446,0.006726471543
5.049458584,-0.01095617106,-0.006718661695,-0.00698394845,-0.01465639252,-0.002382643849,-0.02333980388,0.01573484393,0.007717100144
5.116469939,-0.008298898227,0.0007693242583,-0.002373922673,-0.0184253055,0.00202625695,-0.03071334124,0.001181938122,0.008305380117
5.038984479,-0.009886039514,-0.0002172803754,-0.01649514101,-0.01697217128,0.0005806614557,0.000769225545,0.01979717596,0.004905815766
5.059723947,-0.007308243937,-0.00117163967,-0.001102178321,-0.01480142291,-0.004827980281,-0.04829194971,0.0105761378,0.01383040876
4.990971651,-0.003986444194,0.006310662012,-0.01113162073,-0.02017132762,0.004779331072,-0.01657247138,0.0124164532,0.003401560895
5.148107336,-0.005173753025,0.001528342967,-0.006010092877,-0.009356953038,-0.0006796694897,-0.00779255592,-0.007533998337,0.001978367299
4.855066676,-0.003039840085,0.003569837738,-0.005948661026,-0.0120080897,-0.00369286048,-0.0394351723,0.02260141308,0.01689360723
5.430425818,0.0002456724236,-0.001996681961,-0.01127912006,-0.01309384469,0.003284429028,-0.01641106783,0.003247123528,0.006275527052
3.466975437,-0.0004850953799,0.0117509573,-0.00288748557,-0.01419732228,0.005161022175,-0.02082502844,0.000921824467,0.005712850253
-1.548154442,-0.00548817371,0.01141308197,-0.003030989993,-0.007610729525,0.0003132411181,-0.0274489162,0.03023136483,0.008425271651
-1.090466767,-0.0003147650871,0.00177937494,-0.009357371134,-0.02141043622,-0.00255530599,-0.0142539945,0.0009800967376,0.008908742038
-1.36830603,0.001489827127,0.008883898403,0.0003823582453,-0.01259543579,0.00521130041,-0.02995073297,0.009863933716,0.009663891435
-1.150852482,-0.003660245597,0.007603691823,-0.00587912935,-0.01575578084,0.000335593071,-0.02008585519,0.0117266744,0.007581112322
-1.273258263,-0.002860098295,0.00235045923,-0.007345022966,-0.01776983172,0.001742585138,-0.02035253919,0.002388137219,0.006929890587
-1.234227215,0.00436592077,0.01034750908,-0.002090345435,-0.008393459663,0.005259931634,-0.02848870759,0.01122129601,0.01166881891
-1.234472763,0.007139057512,0.01537001716,-0.008516207522,-0.0114382924,0.0001595130692,-0.01472912354,0.0119828051,0.008199450918
-1.290788299,0.008271415181,0.01712526579,-0.003160228591,-0.009640365876,0.003406510817,-0.02239267043,0.02014278181,0.0101279668
-1.281192455,0.009220156514,0.01727166645,0.0006826960078,-0.01340572855,0.006127160057,-0.01990020203,0.006719480545,0.007466635399
-1.245107873,0.006451726706,0.0182664526,-0.005439957142,-0.01444045705,0.005483989256,-0.02199698785,0.004348601394,0.00732021482
-1.240949523,0.004452028062,0.01166720382,-0.00147831895,-0.01326077333,-0.0018089481,-0.02577684671,0.01352768634,0.0114547304
-1.245423636,0.004272973893,0.01062685931,-0.001106452612,-0.01586250935,0.001530577078,-0.01775587229,0.006483565424,0.006484652901
-1.235601859,0.003714327863,0.009272890067,-0.002822257125,-0.0221354213,0.005746634266,-0.02603833628,0.009869371346,0.007970867084
-1.250046,-0.0007317512615,0.007488030336,-0.005800507931,-0.01234486566,-0.001160952876,-0.02161364004,0.007977639171,0.008765289705
-1.234162169,-0.001656536938,0.008685737888,-0.006981564923,-0.01406075192,-0.001630346289,-0.02462033287,0.01818916835,0.007594006122
-1.215942017,-0.003016731271,0.008070076393,-0.006465356489,-0.01834073081,0.00343682744,-0.01874742809,-0.00109374956,0.00616791322
-1.25630017,-0.004332604939,0.006870278201,-0.008138258902,-0.01305262644,-0.002258153427,-0.02267212385,0.009782746251,0.006008287413
-1.234453695,-0.001441628215,0.002295324277,-0.005569104113,-0.01640899524,-0.0007508141816,-0.03359623356,0.01051336476,0.008792891625
-1.268414982,-0.0005954994726,0.003051139863,-0.01053281458,-0.01527547646,0.0008150441196,-0.01231147621,1.285131314e-05,0.004734622883
-1.224905769,-0.00514745082,0.007128589739,0.0004146883497,-0.01007844309,0.003397297589,-0.02785483201,0.01849689896,0.007943241801
-1.286501895,-0.005459985685,0.005300679731,-0.01003745704,-0.02016693119,-0.001997827532,-0.02303176503,0.008316730844,0.007903897424
-1.26699727,-0.00450359126,0.005399870149,-0.004539472876,-0.01386542093,0.001308596578,-0.02102885964,0.008151434245,0.00594412712
-1.257377639,-0.003879352823,0.008513215274,-0.002878873348,-0.01797769376,-3.667925644e-05,-0.02477564804,0.01127220541,0.007018745727
-1.229111706,-0.00628194912,0.001016167846,-0.009095104196,-0.016305461,-0.002806988134,-0.02139983336,0.002475857254,0.005906259368
-1.246611121,-0.01353377589,-0.007245538165,-0.01063486732,-0.01694691228,-0.001617435708,-0.02582108461,0.0112543069,0.007924625192
-1.22689723,-0.01320128075,-0.004823383512,-0.004879405848,-0.01246181951,-0.002807457472,-0.02337439824,0.00165001718,0.00676372848
-1.255423888,-0.01519011091,-0.00422928508,-0.01335402831,-0.01869047226,-1.178827421e-05,-0.02306446591,0.01333216724,0.006342601623
-1.217704812,-0.0110649054,-0.001215671291,-0.005502576887,-0.01317572362,-0.0002004355236,-0.02554370695,0.007940552387,0.006806080307
-1.20392367,-0.007679917817,-0.00116081771,-0.007543513356,-0.01668123687,-0.0001726365687,-0.02050094847,0.01297724423,0.008512683782
-1.255665512,-0.009082617811,-0.002863502077,-0.00856599112,-0.01739512313,-0.0001369882608,-0.02500825663,0.003930226354,0.0070204409
-1.195652761,-0.004807339644,0.001765555999,-0.006614386519,-0.01402007222,0.0005922989096,-0.02258179792,0.009672173868,0.008262080215
-1.257062002,-0.003741380563,0.001592847502,-0.004649123779,-0.01281678436,0.001233522939,-0.02200846792,0.008607479491,0.007881893076
-1.263114154,-0.001666894141,0.003391619802,-0.008039227641,-0.01716325636,0.002088870803,-0.0249666811,0.01027979639,0.008374716641
-1.202038886,-0.004061581579,0.006426791222,-0.004742964343,-0.01157384019,0.0007137116153,-0.02247849255,0.01114746756,0.008322419133
-1.244369185,-0.002049566618,0.007123985773,-0.005931183022,-0.01362772697,0.002753331596,-0.0232458209,0.009019061514,0.008071799699
-1.23508744,-0.001887624819,0.00569678489,-0.007220788816,-0.01330532443,-0.001127615498,-0.01912786012,0.01045836762,0.007856948896
-1.276698862,-0.001918332808,0.007827234243,-0.003700845838,-0.01295702552,0.001180892897,-0.03290958031,0.00839126317,0.009119818539
-1.234394757,-0.001270465981,0.005921230915,-0.006595755271,-0.01399296387,0.005576302983,-0.005072508937,0.01845946116,0.005251023759
-1.233441367,-0.002188636975,0.003726145768,-0.003374170583,-0.01584478699,-0.003999054853,-0.02933998056,-0.01468432929,0.01126618185
-1.243264976,-0.001696538985,0.01308675608,-0.003657164563,-0.009045919903,0.004050489462,-0.04319377449,0.04104734508,0.01015064123
-1.248504264,-0.002393681574,-0.001920956818,-0.009958808193,-0.02189980735,0.004119079421,0.008556302478,-0.00294732455,0.0002250726229
-1.240798318,0.005427199282,0.01794670143,0.006509165756,-0.01177975999,0.0001024122138,-0.03687081422,0.003292695659,0.01169578
-1.206846145,0.009916447976,0.01921337894,-0.01112240436,-0.007435897227,0.003318591456,-0.02800506002,0.02924530556,0.01547526303
-1.261011395,0.008177784235,0.010489385,-0.004732617523,-0.0164335073,0.004014465195,-0.001933124961,-0.008139345552,0.001698433995
-1.258848211,0.007450333692,0.02076530842,0.006640096963,-0.01264963774,0.005472022227,-0.03480099217,0.02324336599,0.01097947916
-1.220293546,0.004397223562,0.01069561803,-0.007521300661,-0.01446062979,-0.0002782495567,-0.02067105914,0.005512474778,0.00909007613
-1.288873981,0.00420606592,0.0122702001,-0.01208642243,-0.0150616663,0.001110020956,-0.01646686371,0.002459522566,0.007651426498
-1.184431901,0.004195378193,0.0160168792,0.008179785758,-0.00735448533,0.002122642613,-0.03007119918,0.03267340929,0.01019788383
-1.218165508,-0.000777728312,0.00822159752,-0.007676334994,-0.02430225642,0.001094073957,-0.01273571996,-0.013851552,0.003211219221
-1.253731354,-0.001024442306,0.0114978996,-0.004874005454,-0.008265547129,0.00430714952,-0.02969454525,0.02160209191,0.01005275108
-1.241197384,-0.0004323804149,0.002385537515,-0.005211022468,-0.01514124931,-0.006042151206,-0.02267272836,0.004354003498,0.009439512967
-1.25596818,-0.004241536426,0.005311139803,-0.006282014502,-0.02063125064,0.002778972266,-0.01974393405,0.007599633049,0.002861175522
-1.219711205,-0.003128271729,0.007118550998,-0.003332894691,-0.01612534714,0.001182453183,-0.02614015737,0.01458666746,0.008166794033
-1.233047614,-0.003607970999,0.004249323763,-0.006500551141,-0.01005521557,-0.003145563512,-0.01902298278,0.001325801695,0.00759414461
-1.254558329,-0.002520243277,0.005342771101,-0.0100063038,-0.01809127526,0.0007120666665,-0.02549751437,0.01829150744,0.008425293476
-1.193895041,-0.004357626974,0.008911320296,-0.001921177475,-0.01606837594,-0.0002769795093,-0.02517055844,-0.0004549811337,0.006524123752
-1.217266766,-0.004740033028,0.004100611607,-0.00525129365,-0.01725276854,0.003807507963,-0.01743296112,0.0157426469,0.004105882657
-1.212425245,-0.004810640185,0.0001466065599,-0.006928862921,-0.01473788655,-0.002368735341,-0.02907261682,0.008555870128,0.01068788604
-1.218801924,-0.001373938227,0.00895190195,-0.008477978643,-0.01643594885,0.002493077873,-0.02017396312,0.006958395867,0.007924141121
-1.209956772,-0.01283998445,-0.001250203639,-0.003988847484,-0.0164501725,0.0009372318685,-0.02793532096,0.01825940491,0.00479842669
-1.243552932,-0.01471009962,-0.009247544889,-0.01103335502,-0.0210183931,-0.005642628876,-0.01739628455,-0.01026510781,0.006280246816
-1.277802001,-0.01083319401,3.359890379e-06,-0.006372867143,-0.008416799514,0.001980867833,-0.03055653652,0.02584443694,0.009078224511
-1.202391715,-0.01154196408,-0.009134011069,-0.009352840523,-0.02197754209,-0.006355862508,-0.02346776357,0.002075898637,0.009325800086
-1.287248343,-0.01080963742,-0.001777423347,-0.007581713636,-0.01619670927,0.003943701962,-0.01970594478,0.0003000389367,0.003038447837
-1.221467008,-0.009702408755,0.003267724722,-0.007401019423,-0.01024220491,0.0006874056513,-0.02659078157,0.02580676082,0.009863454975
-1.20866473,-0.007077587866,-0.009057392013,-0.01101528999,-0.0180345892,-0.001283821389,-0.02119617708,-0.005549111213,0.008686860986
-1.18085086,-0.005951705442,0.008837772458,-0.002529528745,-0.01643211844,0.00206057636,-0.02248393535,0.01986949942,0.007803818594
-1.256365066,-0.004066809631,0.004758104504,-0.004219633473,-0.01271810427,0.001095188922,-0.02443413535,0.001864619317,0.008534185139
-1.169260062,-0.003592548565,0.001588117425,-0.01127891782,-0.01704450338,0.001955260595,-0.01821678029,0.01023834559,0.005338774962
-1.303906109,0.000771859432,0.003140637607,-0.002269216265,-0.01181451175,0.0002599368239,-0.02856058272,0.01589271072,0.01274906025
-1.076051652,-0.002108471669,0.01064098932,-0.003741689175,-0.01279447952,0.002441162646,-0.01993653408,-0.004435689429,0.007949779439
-1.46391376,-0.002241898945,0.004432357171,-0.008976250388,-0.01640222272,0.004943475207,-0.02618473139,0.02600998104,0.006826318655
3.727328548,3.205960457e-05,0.003161618097,-0.002397428573,-0.01256988087,0.001024744478,-0.01870692466,-0.005254541215,0.009325158364
5.400781342,-0.002465414596,0.01044867939,-0.004183783028,-0.0106572827,0.003474196921,-0.02243801801,0.03266085862,0.007479730406
4.900196123,-0.0009525869558,0.003263301549,-0.01037112194,-0.0167108292,-0.005018105691,-0.02133110924,-0.0209295003,0.01077333458
5.178238854,-0.0005741589948,0.01268529907,-0.003892477643,-0.0093129474,0.01076170474,-0.02411839351,0.0226795895,0.005462842146
4.970367262,0.000405963779,0.003334714794,-0.001542308817,-0.01767010596,-0.003751196981,-0.02115569204,0.01595541822,0.01137061689
5.095242704,0.008847479307,0.01293573364,-0.006170443485,-0.01679614953,0.002199937808,-0.01909623134,-0.005814819609,0.009659627559
5.007871766,0.00852716903,0.02247780268,-0.002739298806,-0.003505609631,0.00836667904,-0.02216039055,0.0289086433,0.009255739331
5.069822114,0.008137536433,0.01200843635,-0.003602273782,-0.01234652703,-1.619082306e-05,-0.02085651187,0.001315417508,0.008507697435
5.013747955,0.006255590033,0.01598509142,-0.0004260205386,-0.0195074278,0.004261260764,-0.01930180982,0.01185799255,0.008901657133
5.065079518,0.004815995357,0.01684057627,-0.004067731326,-0.009100527746,0.004933179182,-0.02349706062,0.02068086026,0.009728580649
5.0621481,0.004751116547,0.007704186929,-0.003847953099,-0.01667636531,-0.001595910204,-0.02157763773,-0.01698127068,0.008228238474
4.971176871,0.002535726326,0.0142130837,-0.004513984139,-0.01229714781,0.005131791902,-0.02512562194,0.0258789415,0.008945335172
5.051753251,-0.00102577708,0.007628991237,-0.005203616712,-0.01802648466,-0.005745109685,-0.01871960834,0.006582211234,0.009789808354
4.99638826,-0.002695315227,0.004897914315,-0.005162530679,-0.01635565696,0.006082490124,-0.02463075146,0.01130390238,0.004149422846
5.14956574,-0.002103231247,0.01068430568,-0.00871538568,-0.01457126357,-2.270339892e-06,-0.024245859,0.01120046755,0.00878463879
4.957514325,-0.003994367607,0.006403877981,-0.006943243326,-0.01475532368,-0.003052569724,-0.02283597762,0.006184220628,0.00821034837
5.27304879,-0.004700219479,0.001957479993,-0.003357500374,-0.01684922114,0.002236965533,-0.01932089567,0.01352637144,0.006246750447
4.11293279,-0.0003498726595,0.004522780251,-0.005417032068,-0.01436821761,0.0007145119474,-0.02567658332,0.001627343038,0.008167719105
-1.199213056,-0.002341767164,0.002669063647,-0.006847254033,-0.01738519342,0.0001103477892,-0.02194206455,0.005277932872,0.00772002726
-1.191864056,-0.004126707682,0.005368602013,-0.005392485535,-0.01037094474,-0.0008699358713,-0.02114991091,0.02298244723,0.009808280745
-1.238353891,-0.005881257766,0.004618559241,-0.00272991465,-0.02024961401,0.002870427093,-0.02473865139,-0.007491172738,0.006458465861
-1.225724933,-0.004874153699,0.007465314259,-0.007711746502,-0.01517311909,0.00243104003,-0.02277501373,0.01756213097,0.004103271369
-1.250010798,-0.005935816258,-0.0007883572658,-0.007125555448,-0.01404734086,-0.008734150295,-0.02046134258,0.007643700121,0.01135037675
-1.262396901,-0.01449912996,-0.005948066657,-0.00928618869,-0.01903084018,0.002307160003,-0.02642071697,0.008005574974,0.005724453427
-1.247671596,-0.01270079047,-0.005512245035,-0.01010055955,-0.0164346846,0.001265636843,-0.02365446216,0.001244820884,0.005373471034
-1.255334972,-0.01314641449,-0.004642004056,-0.008079902,-0.01544678043,-0.003827915479,-0.02503907293,0.01342876599,0.008537041395
-1.244047371,-0.010736768,-0.004135251448,-0.008616876997,-0.01529540167,-0.0005119853324,-0.02162020883,0.01636626865,0.007409825847
-1.278073416,-0.007929921283,0.0008000129471,-0.006479286106,-0.01861184813,0.001463745857,-0.02422055499,0.0005733558714,0.006474013331
-1.226942338,-0.008674049813,-0.003177105133,-0.007565606065,-0.01528472688,-0.0001757791235,-0.02332910536,0.01089625086,0.007048253969
-1.231078374,-0.00688377643,0.0002145333691,-0.006893448862,-0.01194835042,-0.002293835461,-0.02275126448,0.01033819269,0.009229585422
-1.289210953,-0.003458443715,0.004443597767,-0.007027792278,-0.0170597876,0.003571821482,-0.0231223004,0.008228564486,0.008342071643
-1.285630057,-0.004911711234,0.004492481816,-0.005339486878,-0.0153875835,0.002391105111,-0.02361413758,0.008966398087,0.007107988181
-1.236807215,-0.003762671364,0.00384000187,-0.007062906762,-0.01221198392,-0.003020626682,-0.02295295732,0.01157678603,0.009831767875
-1.225540999,-0.001712602442,0.007649746092,-0.006304647305,-0.01194932004,0.002796901025,-0.02359690989,0.009798815742,0.007822368007
-1.254986701,-0.0006698898367,0.005108687986,-0.006887949861,-0.01750425989,0.001855220329,-0.02103402506,0.006956103679,0.007036347127
-1.235433411,-0.00260811101,0.006148651799,-0.003164463016,-0.01168957203,0.0004894932659,-0.0226358347,0.01030546772,0.009864369392
-1.285840684,0.0007369756797,0.007871552946,-0.007448018906,-0.01164139031,0.001644619414,-0.0234499836,0.01209667444,0.009145695269
-1.278233463,-0.0009138532862,0.00418704976,-0.005942305642,-0.01537652274,0.00295701826,-0.02331687681,0.005351730691,0.008306821492
-1.249146214,-0.0007755293263,0.009367467087,-0.003255456377,-0.01270478497,0.001661390101,-0.02313751518,0.0136696953,0.00827807996
-1.233741074,-0.0009295038944,0.006218004921,-0.005373154012,-0.0137332907,8.553474493e-05,-0.01875455495,0.009728212571,0.008542332032
-1.220842427,0.003818295046,0.01196376929,-0.005856779407,-0.01429908896,0.00422318064,-0.0235739017,0.009974564262,0.009067331555
-1.256936971,0.008547635672,0.01732145735,-0.0007760912187,-0.009709951074,0.003348130067,-0.02086035455,0.00852822018,0.008735626657
-1.285079518,0.007974918162,0.01745460856,-0.003896724224,-0.01337678223,0.001994224481,-0.02140741768,0.01026940307,0.008266114694
-1.2646144,0.008115839058,0.01534672126,-0.00313853067,-0.01303222916,0.004090102625,-0.02254421976,0.01223055484,0.008994683155
-1.220203819,0.005489869937,0.01381426853,-0.003570458921,-0.01411945324,0.001175898143,-0.02194445771,0.00936551561,0.008998483507
-1.223791844,0.004062867679,0.01252550598,-0.004276251382,-0.01218904973,0.001690941182,-0.02120701659,0.01038938036,0.007516934108
-1.269282021,0.004233103392,0.01210920975,-0.004919510142,-0.01384375499,0.002276666539,-0.02169975019,0.01052691793,0.008909393266
-1.229080566,0.001648260807,0.01001874554,-0.004578789871,-0.01578489739,0.0008244919912,-0.02208747436,0.01132987542,0.007310418839
-1.229017973,-0.0003647687389,0.006426322637,-0.004458016943,-0.01757752726,0.001195616284,-0.02485166669,0.00685201628,0.007468972835
-1.218201469,-0.0001849883139,0.006281553344,-0.006531907174,-0.01644519419,0.0006268544878,-0.02279361997,0.007535976133,0.006230211055
-1.246736103,-0.002900447675,0.007101148132,-0.005446139006,-0.01396739214,2.567628679e-06,-0.02360263671,0.0119781981,0.007257772686
-1.255646562,-0.003721999211,0.003046598224,-0.007437778838,-0.01661763403,-0.0004218975351,-0.02418846492,0.007703836359,0.008149923044
-1.217253356,-0.004440793207,0.006414022035,-0.007016927005,-0.01598850119,0.0002839372206,-0.02543548704,0.00896072934,0.007222936648
-1.272748331,-0.004280463117,0.006370806102,-0.006187640412,-0.01422419482,-0.0002704723519,-0.01965687438,0.01026386042,0.006546086967
-1.220659646,-0.003596351209,0.004386746665,-0.004382064995,-0.01702355399,-0.0006069768324,-0.02611705372,0.009428730776,0.007645709594
-1.233727278,-0.002445359904,0.004893117361,-0.005686082619,-0.01663277935,-3.04565522e-05,-0.01928333394,0.009489497457,0.008074861269
-1.259332657,-0.004875423404,0.004745934671,-0.002458138137,-0.0159545399,-0.001279011851,-0.03386927671,0.003382268226,0.008204151294
-1.295762753,-0.00277563567,0.00376877389,-0.009541754912,-0.01401787844,0.003999342969,-0.004960214528,0.01780177407,0.005266268255
-1.219131339,-0.01136781827,-0.005682920278,-0.004079208265,-0.0181083205,-0.005982448466,-0.03211383446,-0.003078880763,0.008248090541
-1.237477011,-0.01327151153,-0.00115112007,-0.007528870684,-0.01574430137,-0.0004059639123,-0.03981263265,0.0203913187,0.007365215498
-1.249235497,-0.01279804998,-0.007989654386,-0.01594595228,-0.01510280601,0.002268004234,0.003172099931,0.003079696075,0.000967006293
-1.252067869,-0.01251643772,-0.004942453152,0.0009309772453,-0.01746040284,-0.004254409689,-0.0403760004,0.006423692205,0.009533794742
-1.262478497,-0.007988567033,-0.0001588175135,-0.01671411178,-0.0143237302,0.0007148569404,-0.02509155562,0.0123257938,0.01066744255
-1.228673442,-0.008623498259,-0.002347096964,-0.007652899476,-0.01316727553,0.0006008247057,-0.01100849254,0.001333297798,0.002290323084
-1.251458045,-0.009163262667,0.00231014544,-0.001169708355,-0.01880037804,0.0005936167646,-0.03482167259,0.01878298189,0.009690926665
-1.284855659,-0.005583656964,-0.001336001974,-0.006901920914,-0.0152052417,-7.373431355e-05,-0.01564957712,0.006145331234,0.007046866685
-1.223570983,-0.002531707566,0.007015507324,-0.007918677971,-0.01794012172,0.001294185911,-0.02898436927,0.004276343047,0.008720630585
-1.188272401,-0.002665779963,0.004935450023,-0.002198471891,-0.00910747735,0.0005271498398,-0.02211348076,0.02283787515,0.00832041847
-1.1957087,-0.00445993498,0.003026823774,-0.006084194676,-0.02178364961,0.000690723011,-0.01705055549,-0.002438910594,0.005524156411
-1.224785685,0.001606771743,0.0104262291,-0.005789763022,-0.009247519802,0.005617272515,-0.02986961314,0.01553342775,0.009732924968
-1.264751077,-0.003175493389,0.001112583399,-0.008428419957,-0.01360460453,-0.001991357612,-0.01977665327,0.006629565301,0.009300923131
-1.280971829,-0.002707305749,0.00526676459,-0.00310496917,-0.01428141085,0.003065757335,-0.02124831398,0.01111663944,0.005960274632
-1.227403181,0.0001191956621,0.009201488858,-0.004079396076,-0.0146786273,0.003974116816,-0.02219483774,0.01484441807,0.009831326967
-1.250076727,-0.002448210693,0.004980567368,-0.006212133196,-0.01424915636,-0.0008290023042,-0.02080139191,2.558518562e-05,0.008459378206
-1.209990763,-0.0001693223136,0.007338804575,-0.007133767039,-0.01323669813,0.00205342831,-0.0256891846,0.01942432752,0.009978297328
-1.22158019,0.0006239066651,0.007650933419,-0.002555601534,-0.01379928944,0.0006495021426,-0.01877103455,0.003249014837,0.006895598163
-1.228897789,0.008212783085,0.01360283787,-0.001369943093,-0.01507409408,0.006753866354,-0.01914932596,0.01415765676,0.007659367906
-1.231817555,0.01080576852,0.01552277991,-0.003024547958,-0.01088810147,0.001244165855,-0.02591877959,0.01158105673,0.01252195232
-1.220496885,0.008272392675,0.01644126368,-0.003733423671,-0.01491821428,0.004494210468,-0.01783047702,0.005760844816,0.00798209886
-1.234567563,0.007950152198,0.01688545724,-0.0002496197636,-0.01059924622,0.006848088764,-0.02329351074,0.01324311422,0.006348493385
-1.216501116,0.002658541566,0.01039690579,-0.00436916114,-0.01661459335,-0.0008139729806,-0.01866238585,0.01203283829,0.009709922389
-1.227955678,0.006276663339,0.01354547444,-0.003346660256,-0.01313949293,0.003247081864,-0.02379501205,0.01105892284,0.00770066967
-1.220770013,0.003831455563,0.012000862,-0.005986745287,-0.01470496565,0.002718163222,-0.02421123917,0.008244403717,0.00885550758
-1.258532501,-0.002363744369,0.00588889916,-0.003423937106,-0.01612915558,0.0007880798705,-0.02201156265,0.00719164633,0.006824231771
-1.188456933,-0.002445227765,0.007848530496,-0.003820421659,-0.01780851798,0.0002750964708,-0.01992225964,0.01326975891,0.007726211387
-1.233632647,-0.001056585458,0.00710096767,-0.005182332077,-0.01503989613,-0.0005066058289,-0.0243801687,0.005629336449,0.008840895188
-1.159399962,-0.003151612783,0.005486119412,-0.008037995558,-0.01805940904,0.0008951081672,-0.02373735498,0.005981850976,0.005605205558
-1.31026751,-0.004611215964,0.003364428216,-0.003699245142,-0.01265321568,-0.002213910921,-0.02255809019,0.00995729819,0.008682858856
-1.014586349,-0.003439418445,0.004698514144,-0.004544776038,-0.01625109151,0.002721636867,-0.02103713897,0.01154852737,0.006829617189
-1.461279737,-0.002471727727,0.001238144177,-0.007143910948,-0.01691081113,0.0008878923062,-0.02539327025,0.007100700954,0.008310473844
3.621452767,-0.005370726271,0.007523873086,-0.006003132413,-0.01208084231,-0.0004151773627,-0.02339784595,0.008239544523,0.008749771269
5.436840606,-0.004575442723,0.006323931788,-0.004626546139,-0.01555404957,2.951275027e-06,-0.02175436651,0.01162296222,0.006366877582
4.887180823,-0.003978150888,0.002701803753,-0.006915762262,-0.01896065633,0.00119239018,-0.02424084056,0.00657690462,0.007899171023
5.171142917,-0.005168847347,0.004304288348,-0.004680159089,-0.0136686284,-0.001701845071,-0.02184437881,0.01676930374,0.007378478008
4.996398622,-0.01294856647,-0.005626937813,-0.007753767352,-0.01549390342,-0.004616322764,-0.02530902303,-0.006421251201,0.007838127496
5.075783678,-0.01423991136,-0.002200653401,-0.0105411592,-0.01898930287,0.003972800462,-0.02457677828,0.0109204296,0.005664581667
5.015243296,-0.01190846733,-0.00831970713,-0.006920612436,-0.01928285189,-0.006084281987,-0.02208639705,0.01948801585,0.007174539942
5.0768407,-0.009383225176,-0.007320970285,-0.00876041377,-0.01744641977,-0.001115934482,-0.02319924615,-0.001748319647,0.007496457805
5.083294836,-0.008675640518,0.005638584429,-0.009789356292,-0.01014823014,0.002858185823,-0.0237059477,0.01518394709,0.008049852882
5.063220377,-0.01064223454,-0.003604031051,-0.006865529384,-0.01517823236,-0.002163715111,-0.0234137913,0.004193138042,0.008294161229
5.028569411,-0.006954273064,0.001547426092,-0.0045124772,-0.01747995081,0.0007518160445,-0.02168532095,0.01295775924,0.007928182256
5.042765549,-0.002323311122,0.00559561185,-0.006533442397,-0.01399593353,0.003370665638,-0.02417478956,0.007436533522,0.008729218724
5.068302867,-0.004910878942,0.00164163276,-0.007873450498,-0.01362836572,0.0006643587481,-0.02322722607,0.000548625338,0.008405053358
5.005634117,-0.002511976983,0.00436515707,-0.006118417109,-0.01488252176,-0.001353860947,-0.02245088147,0.02100398525,0.009063803984
5.171079045,-0.002475384292,0.007168713878,-0.005486036174,-0.01679403572,0.002189648444,-0.02078121724,0.004465916368,0.00791809934
4.919998943,-0.001640350392,0.007741345748,-0.006992239725,-0.01518559458,0.004221259102,-0.02203045399,0.01520525962,0.006497503634
5.225999161,-0.002206434083,0.004574438247,-0.006013469869,-0.01248808935,-0.003076307122,-0.01974256481,0.01220679293,0.009715033523
4.016834116,-0.0002471642752,0.006402841771,-0.005238200111,-0.01665843303,0.006659374883,-0.02715875587,0.005968942086,0.007302009992
-1.253310145,1.741007048e-05,0.006078564694,-0.007113523717,-0.01275833472,0.0009645643677,-0.0213227823,-0.003111324446,0.008167314869
-1.115336614,-0.0008704091526,0.003969485377,-0.004876276891,-0.007770146046,-0.004388672029,-0.01879047069,0.02147583512,0.01136218864
-1.285657419,-0.001112961172,0.001738399619,-0.004870620584,-0.01817717193,0.003554742567,-0.02440436274,0.01080768956,0.009024068976
-1.204783786,0.002075716383,0.01504736541,-0.005305711042,-0.01482185389,0.005790013969,-0.02210045156,-0.003131507562,0.005772155517
-1.244081307,0.0080384556,0.01762418116,-0.001269460243,-0.005652159963,0.002894980159,-0.01966569643,0.02501618687,0.01084801426
-1.256939196,0.007775687342,0.01572460586,-0.0004452242365,-0.01739340567,0.000488149608,-0.01929569797,0.01297731727,0.008875912723
-1.233942922,0.008768083599,0.01855306849,-0.001872238883,-0.02042167872,0.007764220659,-0.02143604019,-0.000691482787,0.007803559543
-1.289854064,0.003698364042,0.01492757936,-0.003255098723,-0.00986224389,0.001500913513,-0.0244774895,0.008014671984,0.009167079074
-1.297028801,0.004504332083,0.00864123564,-0.004997754659,-0.01096064371,-0.0003769679199,-0.01831776852,0.01373751286,0.01002316662
-1.249941514,0.003767803398,0.01342923244,-0.001272766631,-0.01826153175,0.004427089411,-0.02380073448,0.009636739429,0.008397279378
-1.257753099,0.002179039337,0.008994590921,-0.006065641268,-0.01533256633,0.001298298576,-0.02141995427,0.005525456433,0.006541090703
-1.246393899,-0.002447405147,0.007564703587,-0.009309876819,-0.008844261612,-0.001062731336,-0.02131626539,0.01943719999,0.007798295919
-1.271943361,0.0003393348179,0.008216278186,-0.004855285741,-0.01584898549,-0.001258666613,-0.02339332422,0.004514409173,0.007284153992
-1.241710106,-0.002063666901,0.007127173006,-0.00490153424,-0.02010443923,0.001257554964,-0.02340780394,0.003680399777,0.00510858787
-1.27772769,-0.003126354565,0.003856740197,-0.008645136524,-0.01423602624,-0.001552403075,-0.02463527785,0.008478010304,0.007618527578
-1.244818002,-0.003433955454,0.004694427545,-0.003822221268,-0.01219244221,0.0006415228866,-0.02140877333,0.01031374706,0.007720296414
-1.234377754,-0.001509400427,0.004265793128,-0.004792383824,-0.02271338721,0.00221889556,-0.02393122567,0.009535145587,0.007616749903
-1.193994451,-0.006716405391,0.005837802926,-0.00673141949,-0.01609254981,-0.000176413857,-0.02536476487,0.006630201125,0.006834189698
-1.29147061,-0.003356893545,0.00851620341,-0.005688198169,-0.009738600496,-0.001547081758,-0.0206761974,0.01814265946,0.009610671323
-1.241267895,-0.005022472583,0.004196971792,-0.008174270838,-0.01933727613,0.0003390816822,-0.02235498768,0.0001541930431,0.005829877459
-1.228601069,-0.003424495355,0.007425695355,-0.005343279945,-0.014903249,-0.00104154143,-0.0280677921,0.009820436162,0.007961416698
-1.273013129,-0.008902934646,-0.002714466177,-0.007733370338,-0.0132730829,0.002969232827,-0.01482865785,0.009340749605,0.005936896678
-1.276970912,-0.01467168793,-0.008696587,-0.009584665363,-0.01892326199,-0.003516423987,-0.0379436485,-0.005693240227,0.008787223909
-1.229881629,-0.01261047517,-0.001151775644,-0.007322256705,-0.01386728177,-0.005602926565,-0.01980363408,0.02696439016,0.007652790049
-1.261605254,-0.01181282028,-0.008782060389,-0.009084656434,-0.0192088427,0.003193110573,-0.01348067881,0.00398938581,0.004276943298
-1.231877078,-0.01039224071,0.004104739991,-0.004278113131,-0.02182355576,-0.0005103930758,-0.03615971244,0.01449184793,0.008211785688
-1.243256189,-0.00667573102,-0.002702477191,-0.01052808659,-0.01552085233,-0.001713658311,-0.0200681965,0.004585086127,0.009253117621
-1.279381518,-0.01163737239,0.0008598589742,-0.006052065517,-0.01324051476,0.0003040917269,-0.01635172606,0.01493684889,0.005420659403
-1.191199982,-0.002862122034,-0.002373770672,-0.006106369622,-0.02088513469,0.003374920625,-0.03175401555,-0.001524787975,0.009688731418
-1.26973422,-0.005670077171,0.002272504117,-0.00309102947,-0.01259854341,0.001366524801,-0.02095241153,0.0005602676445,0.007857129493
-1.235570106,-0.002376817991,0.00479155889,-0.01208724979,-0.00432509347,-0.003684668562,-0.02033379933,0.02417265546,0.0108850368
-1.245805733,-0.003127250049,0.004450530966,-0.004091570881,-0.01268627905,0.002913409402,-0.02335847311,0.006452965808,0.006250363855
-1.215349616,-0.00107790984,0.01159327548,-0.003602206285,-0.02193523859,0.006845146633,-0.02355608484,0.009941476187,0.00499064854
-1.235788106,-0.001074777751,0.006958270514,-0.005025281101,-0.01051021667,-0.0003387445339,-0.02181900916,0.01266364231,0.01145416814
-1.196418924,-0.001863946412,0.003199425414,-0.008749054475,-0.01975529851,-0.002409019192,-0.02178501179,0.00880723562,0.009147443336
-1.216098559,0.0006315568422,0.00603672238,-0.00278132131,-0.01442849519,0.004246268646,-0.02202050722,0.00467761328,0.007261025596
-1.244512261,-0.001489823773,0.005257352507,-0.002480632912,-0.01920449637,0.001869398404,-0.02690195397,0.007566712155,0.008508908341
-1.256469167,-0.00191671521,0.006574749411,-0.008864039593,-0.009749242738,-0.0004869129351,-0.01635550559,0.01602830769,0.008135080735
-1.248801711,-0.00263209288,0.007396351877,-0.00742392873,-0.01140862689,0.0009504100843,-0.02426693893,0.01470603321,0.01067132512
-1.21104149,0.006270334105,0.01593462149,-0.002340551531,-0.01303375962,0.004679309649,-0.01701431145,0.008398112805,0.005456308713
-1.228175215,0.0100866849,0.02012218079,0.0003171299775,-0.01149925118,0.003803217244,-0.03465563505,0.008817600384,0.009642881131
-1.227231083,0.008904638146,0.01547310412,-0.004845922603,-0.009279763656,0.00480741548,0.004341126739,0.01312664245,0.007230251394
-1.214628363,0.008128258048,0.01159261827,-4.23935767e-05,-0.01504300792,-0.004491202468,-0.03734877443,-0.00073212215,0.01158769776
-1.238247793,0.004215704916,0.01507487735,-0.0003962758031,-0.01884641126,0.01102370563,-0.04652791507,0.02432813115,0.01041746014
-1.225669932,0.003447782642,0.01145203754,-0.01273199534,-0.008743282136,0.0003449777641,0.02721890388,-0.00336382696,-0.001847545137
-1.227071311,0.002227555522,0.01374939825,0.01137700932,-0.01293743275,-0.003033568212,-0.06386795751,0.02496889745,0.0201132574
-1.234163081,0.002128452643,0.007224785414,-0.02221752687,-0.02484244391,0.002809690945,-0.01268091528,0.009668020962,0.005118621426
-1.246614743,-0.0005763506865,0.008587594989,0.002382186743,-0.005593144656,0.002253640444,-0.001598590621,-0.01287269622,-0.0008639041145
-1.271487937,-0.002400116555,0.01240152194,-0.006454616163,-0.01423014728,-0.001726069046,-0.04992489929,0.03175065348,0.01611133218
-1.226653729,-0.00188521603,-0.007142449106,-0.009624117273,-0.01703272251,-0.002872998846,-0.008581996089,-0.009680384793,0.004929803636
-1.235477998,-0.002348172505,0.00674541891,-0.003950680849,-0.01808985462,0.003571530593,-0.02756821783,0.006965498241,0.005881580197
-1.275580602,-0.004211203414,0.009426311704,-0.003105923689,-0.003398594125,-0.0005599555123,-0.02800760035,0.03205270757,0.008377274704
-1.239887527,-0.006431183706,0.0001892242259,-0.01051246145,-0.03015208099,-0.001526745744,-0.01140227944,-0.00742002103,0.004452886682
-1.265632152,-0.0001727282254,0.01315269686,0.005191843497,-0.008882872081,0.005318753656,-0.03403934873,0.01760235352,0.007965651354
-1.171840119,-0.00422709282,-0.0004697203925,-0.008818253414,-0.02394801051,-0.007449453999,-0.01874093051,0.005227286481,0.008049325895
-1.22634574,-0.006178629718,0.004186622782,-0.0095152084,-0.01584497277,0.005624020495,-0.02032533999,0.005132297222,0.002039974231
-1.287325599,0.0001810986922,0.004400591269,-0.001692460887,-0.01104366068,-0.00137131394,-0.02802320497,0.0197342581,0.01321390351
-1.251099885,-0.01673755499,-0.007201677217,-0.007976710338,-0.014816728,-0.00321528421,-0.02100434577,-0.01078109384,0.004055764328
-1.20979193,-0.01433457766,-0.002316773517,-0.01741949579,-0.01786192709,0.001901484748,-0.02736887216,0.02899027883,0.00942268294
-1.217767212,-0.01238277241,-0.003311518538,-0.002500770881,-0.01413946365,-0.004083993078,-0.02041333002,-0.0009135585115,0.005705545075
-1.231184877,-0.01155856314,-0.004250621145,-0.007472150888,-0.0187332047,0.005363375465,-0.02133674558,0.01186858831,0.006236375026
-1.216226232,-0.008497739224,-0.001299275034,-0.01049185353,-0.01458364,-0.003214328085,-0.02999928113,0.004486580452,0.01064967631
-1.236981275,-0.006869355037,-0.003193930841,-0.007044151383,-0.01669673324,-0.002031019254,-0.01771993436,0.01172739472,0.007527851679
-1.256227616,-0.008987815631,-0.001051635791,-0.001655555118,-0.01635180666,0.004868203093,-0.02420670998,0.01263519323,0.006738926799
-1.258019936,-0.005105658381,0.003932245589,-0.009880261817,-0.0193077207,-0.0005443171118,-0.02215425513,0.002834444841,0.008322439388
-1.225209574,-0.00593661802,0.00565309265,-0.002768857233,-0.01081944107,0.001894986622,-0.02431095041,0.01511579966,0.007773258681
-1.177091918,-0.0005819928382,0.004026987032,-0.009931827793,-0.01128011581,-0.002169623355,-0.0132552594,0.006968552435,0.008904438292
-1.262266811,-0.002148640975,0.007257193412,-0.005842531515,-0.01819374933,0.002199664776,-0.03078377724,0.01294017488,0.006708327932
-1.174020836,0.0008969823935,0.007400031862,-0.002090563924,-0.01218076691,0.003425014743,-0.02164940961,0.005638805563,0.008285322762
-1.262899359,-0.0003029890042,0.004317857809,-0.0104025278,-0.00872684793,-8.746591738e-05,-0.01849756114,0.00673814029,0.009502160032
-1.120057106,3.268326336e-05,0.007027058618,-0.005583329396,-0.01359387054,0.001840728909,-0.02908257507,0.01984878789,0.01059765243
-1.35549595,-0.001713431267,0.006048163486,-0.004141728598,-0.01754822252,0.002300093213,-0.01775095954,0.002007985931,0.007299075782
4.027686626,-0.000147600749,0.007965050768,-0.00310282684,-0.01317527355,0.003403371158,-0.02327174814,0.01236066614,0.008075345635
5.346893788,-0.001208632017,0.003747942359,-0.009597003033,-0.01427374014,-0.001854707482,-0.02276713881,0.01117190765,0.009321212941
4.953837765,0.003969377244,0.01059706411,-0.001863382584,-0.01294484764,0.001985908318,-0.02029082872,0.004618044087,0.008436871115
5.168490353,0.008921845047,0.01891479785,-0.001221056576,-0.01425591779,0.006785924602,-0.02269604529,0.01457917607,0.009283699863
5.052409241,0.007464846538,0.01368694119,-0.003153750172,-0.009643520072,0.001711444472,-0.017237782,0.00463741201,0.007851998038
5.110697416,0.007216810255,0.01769806818,-0.005263832461,-0.01114852358,0.004741838431,-0.02080122339,0.02348325865,0.01052232975
5.024186679,0.007124374044,0.01434754446,-0.0001298741939,-0.01405241753,-0.001764655588,-0.024202921,-0.007268172616,0.0102019134
5.048374165,0.002692861958,0.01477556679,-0.005141525534,-0.01589137496,0.05336783615,-0.02062869673,0.02038673081,0.006799987344
5.103064758,0.004645441559,0.01055883049,-0.003117439725,-0.01365620033,0.01689245321,-0.02101907637,0.03307174642,0.009296647294
5.082432051,0.004631803329,0.002300188928,-0.004460199302,-0.01940479463,0.008540606528,-0.02104226496,0.003831044296,0.008869838777
5.076035906,0.0003429357534,0.01219935631,-0.005903513115,-0.01309792896,0.01755105648,-0.0244091164,0.01587191916,0.00631749168
4.997917161,-0.002360734016,0.007502328924,-0.00766118175,-0.01495741994,0.007330563855,-0.02128734354,0.01206343341,0.008514487162
5.086669774,-0.002947504986,0.005918724218,-0.003932564959,-0.01708693888,0.008222353744,-0.02006352574,0.01768266633,0.007482039575
4.983534448,-0.002921587705,0.007174548827,-0.005273445399,-0.01850975695,0.01143836204,-0.02391238488,0.01171868777,0.006828686654
5.143065357,-0.004265041993,0.003834693089,-0.005949729656,-0.01380784694,0.008911827118,-0.02538024891,-0.00864121332,0.006246184381
4.844431468,-0.004775231215,0.006448876072,-0.008576279787,-0.01033330552,0.007684911378,-0.02305066269,0.03305627714,0.008463087972
5.304900997,-0.003965029678,0.0006945775056,-0.003327099426,-0.01834723781,0.004850373337,-0.01911316812,0.003447326546,0.008694543241
3.927888773,-0.0048566787,0.009242710564,-0.005742304353,-0.0165130067,0.01242816055,-0.02168780241,0.01034670538,0.004979069329
-1.365414929,-0.004756249669,0.006510404266,-0.004821664165,-0.01381375293,0.00599271182,-0.03370793218,0.02111366363,0.008977758241
-1.183966479,-0.003288465965,0.002286806727,-0.007754759258,-0.01857150931,0.002681451493,-0.01167289729,0.000826905048,0.005909733549
-1.344229055,-0.007531461228,0.001165736334,-0.0001932214884,-0.01356165681,0.006614818015,-0.02768386458,0.01961898808,0.008256270562
-1.196069665,-0.01423169941,-0.008644437331,-0.01504170321,-0.02354952827,0.003375505834,-0.02631264535,-0.005400519203,0.005518643891
-1.278466931,-0.01285626748,-0.006539232141,-0.00748855754,-0.01195045221,0.004934468117,-0.02102503427,0.01630701046,0.005803572467
-1.24612668,-0.01227462672,-0.002134770615,-0.006993692255,-0.01271896994,0.002667442933,-0.02309192179,0.01666137766,0.009674484183
-1.264520936,-0.01087946013,-0.001148978347,-0.01041537658,-0.01960636725,0.005791344493,-0.02537135433,0.001515819852,0.0053812159
-1.241172946,-0.008969295633,-0.0002481712941,-0.00816329952,-0.01605399343,0.00487288175,-0.02244004583,0.02112105261,0.008200084989
-1.267246939,-0.008274351936,0.0002651094756,-0.004555420525,-0.01152747557,0.001232213675,-0.02047752773,0.0002176183712,0.007632502116
-1.297091785,-0.00644467863,-0.0003253182115,-0.01104233592,-0.02066123053,0.0076663709,-0.02454749716,0.01541538713,0.007124988145
-1.264972889,-0.001834511857,0.001645595804,-0.0001098114673,-0.01324270021,0.004432231505,-0.02489037477,-0.001334483579,0.00888710355
-1.239545912,-0.003854396833,0.005643130992,-0.009287299308,-0.01465531867,0.003947841393,-0.02028977042,0.02116443074,0.007505737144
-1.240723717,-0.003522276562,0.003212424494,-0.005891948965,-0.01413444108,0.004315397676,-0.02416010419,0.01098299114,0.007803176834
-1.23933785,-0.000185903909,0.009920020365,-0.003782180505,-0.01528241507,0.006279533913,-0.02024732858,0.009691420953,0.006231932294
-1.280874779,-0.0004886829504,0.0063857518,-0.005097334157,-0.01329009809,0.003865421138,-0.02274416202,0.01154667121,0.009525016614
-1.251900771,-0.001328975401,0.005894009879,-0.008861271477,-0.01331625373,0.0017971053,-0.02176257341,0.007045191259,0.008872551144
-1.260802774,-0.000506153901,0.005753713349,-0.003247534025,-0.01221624828,0.005258596401,-0.02486651375,0.01137611607,0.008754158252
-1.270031805,-0.001310946116,0.003783248835,-0.007306076259,-0.01724434806,0.004961835355,-0.02487756837,0.004712059727,0.009809929448
-1.238723922,-0.00122690265,0.008354499584,-0.006910422441,-0.01300587907,0.003030137228,-0.02224202987,0.01594748888,0.00967950659
-1.25668922,-0.001972074728,0.008835406716,-0.006496125947,-0.01100194725,0.003382161434,-0.02152917081,0.01377700856,0.008868158459
-1.236678485,0.00498148613,0.01255910857,-0.002143166224,-0.01558112719,0.005641274548,-0.02270617401,0.01076554698,0.008603952523
-1.235050971,0.01001500418,0.01925775291,-0.00310611772,-0.01279053525,0.004914348166,-0.01687609048,-0.002142619005,0.007392474002
-1.259271794,0.008439810234,0.01749131217,-0.001962533148,-0.007587056237,0.004928159507,-0.02463403221,0.02483780077,0.01072997097
-1.222464974,0.008292290149,0.009141689013,-0.003792060437,-0.01981514794,0.002017191463,-0.01978294246,0.003256571811,0.009048519079
-1.226499053,0.004104477105,0.01465884933,-0.003197251454,-0.01076740869,0.006114542654,-0.01990460959,0.007178113571,0.007101986595
-1.233438677,0.004184344225,0.0156664758,-0.005246720774,-0.01161657587,0.005478115534,-0.02646680798,0.02351187992,0.008933692562
-1.219186189,0.001766707087,0.009827936663,-0.00581555843,-0.01742235459,-0.0004394393954,-0.0186827683,-0.006547748312,0.007331260959
-1.21649544,0.001233356707,0.0116041969,-0.001486327519,-0.01091473658,0.0006586557579,-0.01852717885,0.02469324293,0.007591493675
-1.22433608,-0.002092631731,0.004755636494,-0.004639656298,-0.01960558513,0.002330881872,-0.02773938642,0.005951741588,0.00670775286
-1.202887804,-0.0009459138211,0.004724790909,-0.008096994955,-0.01926730512,0.001394058445,-0.02295513604,-0.0006987122206,0.005135060788
-1.275779187,-0.0007021865898,0.008491285614,-0.004102907027,-0.009082292806,0.0007420391672,-0.02411314478,0.01882871766,0.009908023431
-1.264406035,-0.005279828062,0.004713569837,-0.008108323029,-0.0198464133,-0.001815514801,-0.02005787804,0.006792183681,0.00545328927
-1.233378161,-0.003910253799,0.004950328999,-0.004186339746,-0.01974816389,0.002955491996,-0.02428936624,0.01085074768,0.006809961987
-1.212308222,-0.002441836072,0.008361453726,-0.002791841061,-0.01185165959,0.0006378127752,-0.02329331363,0.006782482213,0.007003101573
-1.215953057,-0.002935040023,0.006474466273,-0.009088626358,-0.01445451747,-0.0006286643765,-0.02160198983,0.009319692599,0.007780636343
-1.198591364,-0.003542598905,0.002999636656,-0.005386657754,-0.01797829501,0.0007112895881,-0.02270354858,0.01171076943,0.008210374916
-1.281911098,-0.005004369307,0.003366666224,-0.003375315753,-0.01763929872,0.000680399808,-0.02193076307,0.007460091677,0.006202597492
-1.23827051,-0.004630010585,0.005712805755,-0.007187979607,-0.01422337885,0.0006776645627,-0.02464116821,0.01009857469,0.006611842723
-1.247749168,-0.01433688911,-0.003450008547,-0.0113335186,-0.01821419728,-0.002947684908,-0.02364731788,0.009719246302,0.007861896583
-1.260878231,-0.01430186002,-0.005926994769,-0.006804622606,-0.01836974195,-0.003242838729,-0.02232151258,0.006569630776,0.005611242453
-1.250974403,-0.0125407667,-0.004793032427,-0.006886312623,-0.01815502462,0.001392986151,-0.02420717938,0.01218297136,0.006608438117
-1.254488182,-0.0109425025,-0.003321137003,-0.009688868167,-0.01386696238,-0.000381644608,-0.02240979107,0.001613611161,0.006262245262
-1.272243276,-0.007538255846,-0.0009006299713,-0.005297018361,-0.01680216542,0.001387542129,-0.02945695463,0.01775314858,0.007457669581
-1.249936349,-0.008655215094,-0.003164387637,-0.009114065622,-0.01668802334,-0.001217155719,-0.008172799706,-0.0005543830312,0.006762190858
-1.215703934,-0.008797749761,0.004385135751,-0.004221837499,-0.01255734581,0.002871397425,-0.03502864764,0.01310871677,0.009420153293
-1.199181452,-0.005515264414,0.002916902586,-0.008885414218,-0.01860389776,-1.274817537e-05,-0.02761414254,0.01837961148,0.009857923292
-1.266031087,-0.003560447627,-1.000173961e-05,-0.006008525764,-0.01264155274,0.0007965642894,-0.005033067516,-0.0106097224,0.00379746905
-1.180505556,-0.002836970563,0.01112040202,-0.002209661659,-0.01323045449,0.002337807393,-0.03549441335,0.02522458299,0.01319523107
-1.226876609,-0.0003916522299,0.0002862206611,-0.01315901611,-0.01600794976,-7.461922731e-05,-0.01690482525,8.791664227e-05,0.008888649186
-1.261538746,-0.00145473757,0.009295758618,0.001064565798,-0.01160921021,0.003222733709,-0.02046280706,0.0154942737,0.005838014311
-1.209609038,-0.002998241525,0.008050082844,-0.005592567987,-0.01508685997,0.003521592852,-0.02786370776,0.01467721669,0.009760612499
-1.27131959,-0.002869961425,0.004381492122,-0.01039562675,-0.01871438581,-2.699612401e-05,-0.01717453937,-0.0006104455735,0.007861765417
-1.215143058,0.0005372350105,0.008226125859,-0.001936064317,-0.009605542548,0.002698477072,-0.02615683418,0.02306872095,0.01147836868
-1.243149562,-0.001309751481,0.005429442253,-0.004880567149,-0.01595352545,-0.002132631959,-0.01802588043,-0.0002789641691,0.00692514218
-1.23334481,-0.003080916859,0.006973748287,-0.007528906298,-0.01798269355,0.007894167807,-0.02745161657,0.004336813728,0.006255010818
-1.212553977,0.002388806927,0.01034345725,-0.003708468234,-0.007231146177,-0.0009306187444,-0.02020759368,0.01411271222,0.0116572692
-1.246318736,0.009992588451,0.01370215224,-0.003965786578,-0.01204721865,6.981465004e-05,-0.02013006756,0.01786774448,0.009786354467
-1.224530488,0.008595803272,0.01777778476,-0.004237962275,-0.0158880619,0.009270010253,-0.02305514633,0.008320573735,0.008143183998
-1.197681555,0.007569102544,0.02214871367,-0.001881054082,-0.008307501016,0.004113214152,-0.01832712898,0.008256114671,0.007125772947
-1.227583932,0.005413622552,0.01121673156,-0.002771342553,-0.0146035863,-0.0004428921184,-0.02152401044,0.01250082218,0.01246073332
-1.218759825,0.003956191573,0.01183920088,-0.006422258436,-0.01770878385,0.003219803498,-0.02633212781,0.01125277817,0.008222370596
-1.211758598,0.006011047738,0.01353242628,0.000761982175,-0.01256984836,0.005151884065,-0.01793772966,0.001711563795,0.005809723786
-1.246521878,0.0008452862476,0.00981612324,-0.004748205951,-0.01194514747,0.0008097270056,-0.02040180662,0.01022032028,0.008161249979
-1.214759776,0.0002466896705,0.006235503598,-0.007508312065,-0.01775974254,-7.548900273e-05,-0.02870386296,0.01756311999,0.009896111553
-1.221076014,-0.001866323977,0.01128560834,-0.001980747924,-0.01548789058,0.001043754374,-0.01762683284,0.003612627367,0.004822371477
-1.243632248,-0.003629906559,0.006946578446,-0.003488961795,-0.01129666504,-0.0001308007016,-0.02280094427,0.008740486613,0.006864604686
-1.235664713,-0.005480661699,0.003142099286,-0.01014453827,-0.01939574136,-0.001587694699,-0.02630281777,0.01099995247,0.009450945663
-1.239359324,-0.001915923134,0.005971575023,-0.004211141552,-0.01466129688,8.610773447e-05,-0.02171785342,0.001341732159,0.007574225439
-1.128996231,-0.002974702325,0.004204837016,-0.003636137804,-0.01637130111,0.002223470621,-0.02530389341,0.01006390594,0.00695494285
-1.301797197,-0.004793998717,0.005125957238,-0.01054303064,-0.01591592353,-0.0006414029124,-0.02192161178,0.009112096284,0.006797520793
-0.9504716673,-0.002040772357,0.008034777227,-0.004086451204,-0.0139598238,-0.001131791375,-0.0215199641,0.01135618281,0.008351050967
-1.66395014,-0.004782805905,0.00509374754,-0.002299644006,-0.01635620695,0.0009651760649,-0.02481921832,0.009170469707,0.008091804657
2.916592043,-0.003466571079,0.004238275566,-0.008524974024,-0.01935599046,-0.000147087971,-0.02062169411,0.006225723103,0.006890200065
5.580457072,-0.005972147842,0.0003790155141,-0.00589147824,-0.01247305668,-0.001235755372,-0.02377822516,0.008251406813,0.007645006035
4.817162385,-0.01488870782,-0.007919176586,-0.007981864401,-0.01606123494,-0.001013242851,-0.02402077018,0.006130044334,0.006603142566
5.210141199,-0.01386917939,-0.005071858929,-0.01007800804,-0.01811576889,-0.0006948609228,-0.02564179742,0.005023086221,0.005776228071
4.977712486,-0.01331192517,-0.003313292524,-0.007565117438,-0.01422592596,-0.002172132876,-0.0222814927,0.01310706925,0.007205195381
5.110740523,-0.0111536675,-0.0004109946359,-0.006999158884,-0.01581783857,-0.001447376762,-0.02124863879,0.009933412148,0.007520283325
5.023944493,-0.008737627428,-0.0002762671362,-0.008971483303,-0.01910297126,0.0009893969179,-0.02507374191,0.005989374324,0.007387349401
5.101277157,-0.008948671686,-0.001125499652,-0.007878671368,-0.01466635213,-0.0005199751802,-0.02166776987,0.01104544558,0.007770700568
5.047678143,-0.00448974501,-0.0002131232329,-0.005905747533,-0.01477107881,-0.0005269018484,-0.02168415011,0.00608899305,0.008763981874
5.05230866,-0.002605124846,0.002780621995,-0.006337648653,-0.01585218149,0.004475520158,-0.02399632338,0.004857118092,0.007249707396
5.081569306,-0.002825588647,0.004689631129,-0.007087059764,-0.01439658188,-8.849641663e-05,-0.02119528335,0.01498439087,0.009052305108
5.010843316,-0.002784550011,0.005157913734,-0.005709725315,-0.01294347727,0.0008855560311,-0.02402394487,0.004117817543,0.009685310092
5.065996951,-0.002798492705,0.009709767945,-0.007560226571,-0.01401247435,0.003037250539,-0.02078787029,0.01636617656,0.006917919014
5.029293431,-0.0007317677632,0.004591858174,-0.004708066429,-0.01436632932,0.001410209083,-0.02168869263,0.007858030386,0.009334780578
5.020927625,-0.002249700153,0.007216203353,-0.005994864841,-0.01371443319,0.001796073355,-0.02315059095,0.009292869313,0.008307188426
5.035778235,-0.0009646087137,0.008321184434,-0.006235268034,-0.01400290092,0.003354374998,-0.0218504251,0.01197373984,0.008214773228
5.044411344,-0.001514243759,0.004524596251,-0.004076549914,-0.01779206592,0.001092950544,-0.02485650066,0.003083455246,0.007943285008
4.863664192,-0.001007955181,0.007012342815,-0.003744032532,-0.01260039556,0.001054616854,-0.02043974376,0.01879602476,0.009424084347
-0.5200432265,-0.0003727780554,0.006699492165,-0.007018615371,-0.01514973879,0.0002339050257,-0.02120628282,0.004154307718,0.009588167208
-1.388435404,0.004869768092,0.01417460668,-0.00446507667,-0.01178736067,0.003755195935,-0.02193981251,0.01364295567,0.007361945623
-1.159105537,0.01140007807,0.01622634146,-0.00198355151,-0.01245438935,0.003005572719,-0.02010863758,0.01182397165,0.01028414484
-1.296158687,0.007864886232,0.01535381495,-0.003957172366,-0.01370304314,0.002997671583,-0.02195096875,0.007659062819,0.00880702221
-1.22049494,0.008358071984,0.01573044105,-0.003077467958,-0.01218301994,0.00373611546,-0.02139656356,0.01243498509,0.009831024063
-1.221270563,0.004939482466,0.01308531386,-0.006249279253,-0.01502176053,0.0005093850546,-0.02140882177,0.003320403308,0.008454219779
-1.244966998,0.003500539686,0.01389661358,-0.004266780257,-0.01240850382,0.002428862904,-0.01997032737,0.01610464556,0.009866492193
-1.219785733,0.002838503597,0.01200599481,-0.003448278496,-0.01472708011,0.001559844393,-0.01982462026,0.00591734222,0.009249513941
-1.226198886,0.0009020227746,0.008732908872,-0.00482375926,-0.01612530507,0.001852393973,-0.02372998499,0.01008104531,0.00642318127
-1.236970735,-0.001642405536,0.008402676688,-0.003937846607,-0.0151951676,0.001218829723,-0.02363315258,0.01119036063,0.007583874226
-1.24361845,-0.002279801888,0.007134282801,-0.006343959661,-0.01762435884,0.0004074109315,-0.02111106468,0.004236831726,0.006604603285
-1.312354173,-0.003567096947,0.00321741532,-0.006420430072,-0.01609883648,0.0007284085998,-0.02353341433,0.01317562094,0.007593579271
-1.216005977,-0.004087848993,0.002927017534,-0.005866744701,-0.0138693566,-0.00228897121,-0.0239464509,0.00379102805,0.006823024479
-1.297251952,-0.002136750854,0.007233726315,-0.006195520032,-0.0149453607,0.0007510643028,-0.02347219534,0.01220905036,0.007715332746
-1.202462967,-0.0033138521,0.005359983798,-0.005333536304,-0.01655402966,-8.889088356e-05,-0.02223035948,0.007870141575,0.007186722119
-1.263110253,-0.002387775927,0.005620465133,-0.00568601178,-0.0165241829,0.001155204146,-0.02165946671,0.008302054153,0.007208116891
-1.244868233,-0.003292832277,0.004667680567,-0.006751320765,-0.01632028208,-0.0004891659795,-0.0231350664,0.01050984989,0.009336780749
-1.196346936,-0.004251899441,0.003082399462,-0.006910978479,-0.01515956893,0.0001607823318,-0.02096705109,0.005276568381,0.007225966502
-1.269694971,-0.004635398577,0.006195262289,-0.004939811794,-0.0153445825,0.0008069352346,-0.02353566833,0.01275854217,0.006334499553
-1.249184965,-0.01284058476,-0.005720359106,-0.00882340288,-0.01706863624,-0.001813349571,-0.02415390205,0.005283501145,0.007795335351
-1.22448058,-0.01606003304,-0.004707706283,-0.008859545623,-0.01649595878,-0.00145345242,-0.02384188208,0.01248626463,0.006171826608
-1.232429326,-0.01314574756,-0.00153591323,-0.007724832807,-0.01756414651,-0.002331185831,-0.02398149954,0.004891066823,0.007516851496
-1.277467373,-0.01357159285,-0.002999096377,-0.008644310768,-0.01605251481,0.0004924348484,-0.02474415334,0.005282502619,0.005436591678
-1.263653529,-0.00777468489,-0.001543527839,-0.007839859287,-0.01544002699,-0.001484804185,-0.02307943046,0.01155669376,0.008048068951
-1.239948337,-0.008549022763,-0.003475493469,-0.00689311386,-0.01443104933,-0.003616237599,-0.02386106979,0.008099537934,0.009259026107
-1.232745052,-0.00883147572,0.0001738539087,-0.008062976534,-0.01672782337,0.003212465171,-0.02523625117,0.009288292208,0.007045272046
-1.267437098,-0.003437986078,0.004591258278,-0.008355457731,-0.01378771449,-0.0008242402316,-0.02181973067,0.008856511102,0.007497410088
-1.226158254,-0.00340111466,0.003026365678,-0.006071244658,-0.01536863178,0.002670399486,-0.02292289226,0.01855241217,0.007999900212
-1.237507564,-0.002380408082,0.004171207249,-0.005380406102,-0.0183974489,0.0007447738467,-0.02722905234,-0.01079411776,0.009295973477
-1.209829481,-0.00279926076,0.008162524752,-0.006997728761,-0.008922285592,-0.00390267135,-0.01707503946,0.01879611025,0.007519370328
-1.289526163,0.0001675250814,0.001649473896,-0.003881084657,-0.01825680601,0.004554283085,-0.02037135818,0.01741281651,0.0082930148
-1.297630546,-0.001436037215,0.008108652167,-0.004467507673,-0.01893104516,0.001580754577,-0.02850858717,-0.004416106016,0.007556292588
-1.267397364,-0.0011693858,0.008893504413,-0.006453574894,-0.004173462524,0.003042840056,-0.02258533581,0.01702537682,0.01047244912
-1.256164771,-0.004157192997,0.006710731354,-0.006899218214,-0.01201749671,-0.001272775102,-0.01898977204,0.01637150677,0.007324169154
-1.253707954,0.0006373511601,0.005663361819,-0.003184077023,-0.02241674137,0.003597993931,-0.02363988321,0.004839697803,0.008975035955
-1.222847397,-0.0009021238818,0.008628932264,-0.002313788666,-0.01212851344,0.003752769899,-0.02553637308,0.005611009052,0.00733502685
-1.257134138,-0.0002689977638,0.007705893322,-0.01096769512,-0.01035820362,-0.002583106851,-0.02075330914,0.006885411987,0.00934374833
-1.239667701,0.008733581477,0.01646099353,-0.003410653971,-0.01226356582,0.00490571129,-0.020070865,0.01947625549,0.01087933375
-1.199033007,0.008720373709,0.01688511714,0.001001929425,-0.018196307,0.005583532292,-0.02154164377,0.007804911104,0.008474053656
-1.236384366,0.007557034563,0.01923621,-0.004821468692,-0.01081274458,0.001693432296,-0.02184516436,0.01007608135,0.008805198311
-1.221422295,0.007546760483,0.01595654733,-0.005739050206,-0.01096657612,0.0003472276489,-0.02079258888,0.01519361433,0.009936193979
-1.253399617,0.005182389471,0.01224120114,-0.0004734674148,-0.01441216372,0.0007676830571,-0.02095452024,0.00533659226,0.007713476108
-1.207384803,0.004883992576,0.01151900984,-0.0020668328,-0.01843259232,0.004304853724,-0.02360330658,0.009350529039,0.007863045685
-1.187542262,0.001504822894,0.01031936898,-0.006547082961,-0.01164598921,-0.0008622211083,-0.02180789049,0.007861442837,0.007725263898
-1.234657076,0.0003284936027,0.006873737425,-0.003690353768,-0.01279204243,0.001942348835,-0.02525089381,0.01374338327,0.008068029024
-1.19472102,-0.002446267013,0.007553064785,-0.006712401483,-0.01859735302,0.00123404438,-0.01515881007,0.00619024292,0.006335010867
-1.205184977,-0.003447762423,0.008835681263,-0.00618348956,-0.01452292815,-0.002771098398,-0.02731128539,0.01104715308,0.007258622335
-1.227404993,-0.003747772527,0.006363943372,-0.005628045252,-0.01733456705,0.001745665348,-0.03026480736,0.01256306931,0.007555278021
-1.222319533,-0.00222531904,0.003518607095,-0.007179970328,-0.01371376818,-0.0006985609832,-0.01214858586,-0.0044274927,0.003727593846
-1.238099833,-0.003400143117,0.006107662685,-0.0006147967766,-0.01537652063,0.001597925956,-0.02956765743,0.01696416521,0.009608577402
-1.262888015,-0.002784667582,0.003291939974,-0.01153749063,-0.01796007621,-0.001776233963,-0.02184997761,0.0087620816,0.00729346485
-1.212064018,-0.002441155578,0.004826649052,-0.003393464786,-0.01436127597,0.001652489357,-0.02421463587,-0.0007300151256,0.007491147215
-1.253979443,-0.005649517144,0.008577749187,-0.00546316831,-0.01291487649,-0.0006952173157,-0.0227847247,0.02257705703,0.006048363984
-1.2510867,-0.001363771771,0.001000060335,-0.007835532209,-0.01967231233,-0.001373284908,-0.01975102674,0.005292954265,0.006879285006
-1.198130804,-0.006530583327,0.004658729059,-0.005732873683,-0.01768972356,0.001476147137,-0.02677891345,0.009401505533,0.007270454912
-1.213739235,-0.01479030103,-0.006184722701,-0.008004322369,-0.01348040245,-0.004303587018,-0.02308176829,0.004399478637,0.007093957909
-1.239258578,-0.01401185577,-0.006232811218,-0.01012682336,-0.0224120803,-0.001016882054,-0.02322692405,0.008536707451,0.006883733575
-1.222729707,-0.01148666986,-0.003102676847,-0.005709952125,-0.01599112447,-0.0007110800019,-0.02452379752,0.008044514361,0.007387260668
-1.258809312,-0.009970187927,-0.00301694368,-0.00735906455,-0.0156084101,-0.001588043026,-0.02230079882,0.006367712034,0.008164414677
-1.227100362,-0.00994221663,0.0004031915265,-0.0110440481,-0.01231872625,-0.0004729820829,-0.02340836725,0.01137788812,0.0072973351
-1.219552617,-0.00879476484,0.0009659464293,-0.00652063763,-0.01459710117,-0.0007542472378,-0.02129178703,0.01048638007,0.007874960579
-1.26050955,-0.007569101693,0.0009087855621,-0.004275955175,-0.01708563994,0.002629134251,-0.02226435794,0.004934429296,0.007042854208
-1.258526702,-0.002928606495,0.002879007901,-0.009948535629,-0.014064945,0.002140839113,-0.02846251839,0.01348548707,0.009336981996
-1.270186046,-0.002702806699,0.002193203715,-0.006219909606,-0.01219159268,-0.001757730181,-0.01840614095,0.001861922397,0.00888137085
-1.207748466,-0.002584739592,0.005624249328,-0.004221827505,-0.01203820766,0.001777013146,-0.02161135074,0.008496179123,0.008222047252
-1.26150597,-0.002540423685,0.00586908663,-0.007150054736,-0.01935589556,0.0009838147894,-0.03282001031,0.01781689353,0.01018351454
-1.207848151,-0.001404136965,0.006205541454,-0.007848066955,-0.01499456001,0.001503641704,-0.01208815582,0.001658460328,0.00661448924
-1.29289597,-0.003031563677,0.00924250915,-0.00191275294,-0.006025991658,-0.0008220592304,-0.02432135827,0.01411069311,0.01003409976
-1.146011323,-0.002671970204,0.005759716464,-0.008782684696,-0.01630908913,0.002937932388,-0.02354792193,0.01402324143,0.008403224347
-1.408763716,-9.183366362e-05,0.002575577938,-0.003911076098,-0.01964939375,0.005245441465,-0.02261936615,-0.003554419964,0.006526623398
-0.9023469015,-0.001294966193,0.01167052485,-0.001248026469,-0.006706928119,-0.004288259884,-0.02494027403,0.01806948894,0.01150976152
-1.741691724,-0.002845545476,0.003240973317,-0.01265085915,-0.01672859555,0.003168121087,-0.01439527619,0.01451659763,0.007882260596
2.218298261,0.005164066044,0.0137284772,0.002593581789,-0.0197926568,0.006162058738,-0.02733138556,0.004652798915,0.007819946062
5.606444571,0.01112001224,0.02117740635,-0.001706397242,-0.01178213461,-0.000755756664,-0.01810614646,0.01086446988,0.01210569686
4.7810218,0.006528016842,0.01516306127,-0.005099722353,-0.01203676688,0.002843298741,-0.01946704247,0.01863312335,0.009063320379
5.233452767,0.008424424221,0.01609266056,-0.006125856464,-0.01496755399,0.006751497623,-0.01734604663,0.008459302441,0.008370734196
4.956649596,0.006122374425,0.01079793968,0.001086258316,-0.009945989129,0.002980195862,-0.02326306433,-0.004305824884,0.008266833353
5.065292773,0.001979989174,0.01258208422,-0.007120588044,-0.008664723457,-0.001108364978,-0.02636113989,0.01776717029,0.01234131111
4.976335957,0.00508989866,0.01309864674,-0.004076536261,-0.007482743514,0.00156254643,-0.01325616062,0.01403714641,0.007093595986
5.090294371,-0.001204646036,0.008977581145,-0.000584384426,-0.0263453105,0.002334883258,-0.02670285752,0.006442124519,0.005389823172
5.036177711,-0.0001856655112,0.01345716218,-0.007760845638,-0.01234146814,0.000743310976,-0.02856544445,0.003561407278,0.008762013699
5.054957869,-0.003886679665,0.008506260351,-0.006589094313,-0.01384718866,-0.001874478217,-0.01676865429,0.01692108728,0.007088487757
5.068208593,-0.001221862711,-0.001347125269,-0.003324733185,-0.02528655275,-0.003204220485,-0.02334135551,0.008133904527,0.006779521379
5.07928246,-0.005073693966,0.002757307167,-0.007473707876,-0.02205398578,0.00431776231,-0.02899390198,0.001884729046,0.006744610881
5.054339491,-0.002671768985,0.009560918787,-0.008243113362,-0.007478951633,-8.365579786e-05,-0.01762182927,0.01276766439,0.007294671687
5.105923624,-0.003338810682,0.0004688727986,-0.007999456053,-0.01612584436,-0.004513261715,-0.02035241665,0.007205977872,0.01026887853
4.980228263,-0.004901748714,0.006962586623,-0.006934561743,-0.01640748667,0.003647248009,-0.02517663365,0.01515556771,0.007563409297
5.085299645,-0.004201270129,0.007388435676,-0.004767014617,-0.007116940831,0.002757587439,-0.01907932822,-0.001794687078,0.004025235247
4.985251656,-0.002599756959,0.002838162979,-0.00664398067,-0.01406698909,-0.002485776909,-0.02520080687,0.01328159621,0.00813404292
5.098165784,-0.00425884394,0.006619466893,-0.0004212902692,-0.01728501319,-0.0008665227159,-0.02122498312,0.01097460046,0.007278055121
-0.2499304156,-0.01142073963,-0.0005830685814,-0.008603482303,-0.02021095835,0.003313020453,-0.03104860704,0.0008648451304,0.005345970147
-1.544792839,-0.01567107248,-0.009479273714,-0.0139281072,-0.01916978182,-0.002553130932,-0.00839367904,0.01852808082,0.005147594633
-1.106975291,-0.01174743559,-0.00184533176,-0.001597107113,-0.01532268218,-0.003495755245,-0.0343656764,-0.001110864115,0.01284599735
-1.325751096,-0.01191981857,0.0005320946403,-0.01479040086,-0.01879105642,0.002147045675,-0.0255669444,0.01533386014,0.006100329029
-1.135110963,-0.009492417621,-0.00669783281,-0.01169170906,-0.01774890052,-0.001123449136,-0.01529174659,-0.0002406409101,0.003830346032
-1.242148614,-0.008523938678,0.001360333913,-0.001447617587,-0.008892766716,-0.002901950437,-0.02592777908,0.01501016412,0.01248531131
-1.19647188,-0.006223555839,-0.0006990899658,-0.01618137772,-0.01038429453,0.0007447731897,-0.02877398617,0.005850260721,0.01093797695
-1.294399662,-0.005202427666,-0.003034427228,-0.002763972612,-0.01385050273,0.003962499625,-0.01928606391,0.003301362538,0.004580959009
-1.242822845,-0.004251171131,0.007099142708,-0.005308963804,-0.01293952527,0.0002389297992,-0.02119030841,0.02141534199,0.008085677924
-1.249411948,-0.002658913544,0.00447037136,-0.008909866579,-0.02066582043,-0.002774768945,-0.02223288936,0.002924712876,0.01070655979
-1.204975098,-0.00299661675,0.008587186315,-0.002206828712,-0.01574247213,0.003434379368,-0.0268574254,0.01102134402,0.007838940001
-1.231901771,-0.002235527825,0.003419550252,-0.001630063191,-0.01358938187,-0.0016032578,-0.01844821034,0.005858646352,0.006788683267
-1.229595178,-0.003991318463,0.006992588392,-0.01002885334,-0.02234824239,0.001179139466,-0.02289310888,0.01295734024,0.007260322057
-1.23397907,0.001640405081,0.008024435713,-0.004843609018,-0.008000643386,0.003447750159,-0.02146145332,0.01102369649,0.01189963004
-1.253126447,-0.00457942676,0.007352700849,-0.009208011645,-0.01557495554,0.002365875718,-0.0243722085,0.004319463544,0.007647755784
-1.221800318,-0.001651019276,0.007350093132,-0.007103121194,-0.01117425452,0.001025321153,-0.02192712495,0.01513226012,0.008224595382
-1.234347163,-0.0002214713836,0.008303335636,-0.00328205775,-0.01133804719,0.0007270071775,-0.02182612294,0.009830667937,0.009105418078
-1.270515458,0.001083327188,0.00400070483,-0.00581173367,-0.01730065787,0.004915569168,-0.02329018327,0.007390906583,0.008588488533
-1.265369822,0.009197816598,0.01713984342,-0.005002299385,-0.01398414007,0.001645944907,-0.02282747498,0.01607244807,0.009672798519
-1.245989508,0.009445341489,0.01943546496,0.0002680846298,-0.01036749111,0.004354974335,-0.01942030969,-0.00298536625,0.007887875635
-1.238001883,0.006991144606,0.01878458643,-0.00543202783,-0.01354753646,0.004464162164,-0.02242298606,0.02054282163,0.008257043655
-1.210562386,0.007508078988,0.008669389398,-0.001530303376,-0.01794026154,-0.004592486521,-0.02184651082,0.006797854544,0.01113996644
-1.227624735,0.00352236633,0.01642843207,-0.003463638892,-0.01229514611,0.003939037049,-0.02525605507,0.01337093769,0.005924546047
-1.223500516,0.002947848111,0.01604678434,-0.007253166088,-0.009772806016,0.00423204019,-0.01784731572,0.003645567916,0.00696832295
-1.269556672,0.001743568981,0.009666165722,-0.005342247472,-0.01537637833,-0.002810850747,-0.02195957457,0.01125415297,0.009398351741
-1.242702727,0.0003266421791,0.007428078465,0.001222278667,-0.01541500884,0.001612490549,-0.02780427746,0.01210585443,0.01057258326
-1.27300754,-0.0005295837168,0.01039895854,-0.008175237005,-0.01555546766,0.001939639565,-0.01797079265,-0.001095578384,0.003581653313
-1.256732284,-0.00106608081,0.006072847539,-0.005221828723,-0.01354951445,-3.300814284e-05,-0.0271798559,0.01051237197,0.007429860155
-1.248149759,-0.001232675918,0.005866064314,-0.007622668949,-0.01424622629,-0.005926425095,-0.02073709396,0.02511092873,0.009486839211
-1.19286591,-0.003969641584,0.00528808917,-0.002023909012,-0.02378387884,0.01008427031,-0.02215451472,-0.0006380612721,0.005150559271
-1.198375142,-0.005889072023,0.01150533077,-0.006027874229,-0.01639593598,-0.006179015248,-0.0297729798,-0.01034748146,0.007557018899
-1.226897204,-0.004237757754,0.00205198705,-0.009273614412,-0.00598317644,-0.006736559893,-0.0111763305,0.04203891129,0.007706142374
-1.269710469,-0.001483624081,-0.0005584343536,-0.004507655018,-0.03043371616,0.007895560706,-0.02464694162,-0.002338222723,0.006443231154
-1.278877772,-0.006110355413,0.0117104709,-0.004534598288,-0.01552340924,0.0009387752333,-0.03137319678,-0.006892329693,0.005778970301
-1.243300853,-0.007237926115,0.003303445198,-0.01107294182,-0.0002290253307,-0.002293314035,-0.01753526916,0.02470716993,0.01049796689
-1.256215555,-0.008720911466,0.0002611468592,-0.00738982753,-0.01661100248,-0.004107139791,-0.01747817103,0.01631538562,0.005205642376
-1.247642853,-0.01038054798,-0.003788613152,0.0001782461762,-0.03367376524,0.005102873657,-0.02839034098,-0.005594390488,0.004384380662
-1.28376149,-0.01580835766,-0.001829233288,-0.008774890293,-0.009628736527,-0.00249927597,-0.02702587913,0.002545693401,0.004576742818
-1.261865432,-0.01052154698,-0.008171172287,-0.01806949428,-0.009969087845,-0.00816434904,-0.01642603921,0.02031972849,0.01010156472
-1.234454092,-0.01032130579,-0.003983111873,0.0005610060035,-0.02413283643,0.003361396665,-0.02586750283,0.007890489728,0.005998883373
-1.212985997,-0.007326610151,0.002427780363,-0.006928520275,-0.02229501989,0.00156958341,-0.02318325361,-0.001720918847,0.005334222534
-1.24862972,-0.009525634862,0.001362321254,-0.01583996955,-0.008706001982,-0.001350482218,-0.02501037344,0.01762687591,0.008084533717
-1.235676289,-0.0049265557,0.002549979558,-0.008326878651,-0.01331568247,-0.003175581692,-0.01949972709,0.01120657962,0.008674512484
-1.260344245,-0.00422949942,0.003894133813,0.0008716417763,-0.01904627932,0.003988901796,-0.02537066306,-0.002457254989,0.007337194866
-1.244792904,-0.006129437402,0.005076392019,-0.01148793548,-0.01545947729,0.0003389456623,-0.02581255895,0.01306171648,0.006802437753
-1.208659088,-0.0002687078052,0.002814846606,-0.008203395987,-0.006687165086,-0.0003808956364,-0.0208999409,0.01259989936,0.008869781922
-1.259710744,-0.0007790891398,0.005613973771,-0.003470373487,-0.01728355255,0.002977364854,-0.02092042082,0.009029399203,0.008796183429
-1.235088885,-0.005123661381,0.01031002921,-0.004194611369,-0.01982662986,0.003157927252,-0.02774743235,0.005551535353,0.007583300676
-1.216570596,-0.001871245146,0.007789439553,-0.007492814417,-0.01054193883,-0.001380341243,-0.01389368069,0.01190678567,0.00701288893
-1.22471155,0.0003944197735,0.004417818197,-0.001056045384,-0.01263490353,0.0009067203211,-0.03074155339,0.01573801627,0.01099786722
-1.22703284,0.0001468915188,0.003355672788,-0.009021592716,-0.02181305204,0.0006304246042,-0.01898804826,-0.001367525811,0.005924281614
-1.256404094,-0.0006493478764,0.008972451928,-0.001938898958,-0.007228692437,0.00226742121,-0.02438489873,0.01317304172,0.008143318442
-1.201157843,-0.001134963769,0.006097982758,-0.01016046612,-0.01371905215,0.001261710734,-0.01996952152,0.02064219246,0.009845314189
-1.218177256,0.004884351206,0.009788144204,-0.00399864703,-0.01536089312,0.0035624963,-0.02179328171,0.002000296856,0.006793788337
-1.217904374,0.01040466726,0.02252126086,-0.001260556558,-0.01085884131,0.005130188811,-0.02259969048,0.01381794985,0.00917611369
-1.214395495,0.008717965411,0.01410588851,-0.003556551973,-0.01107780447,0.0008193628075,-0.01992609606,0.0101194875,0.008341573446
-1.241465605,0.00845745324,0.01385404289,-0.00352116974,-0.01938156248,0.003369319801,-0.02033543532,0.01048040224,0.009639526662
-1.267766065,0.005513974165,0.01632157628,0.002659659786,-0.01014536133,0.002161222862,-0.02580196232,0.003249885084,0.009273171549
-1.247467967,0.001679645447,0.01268404436,-0.008315552667,-0.01398186246,0.003589600483,-0.01823641451,0.01322240402,0.007231479306
-1.262386453,0.002950740378,0.01316640037,-0.002334775651,-0.01294227038,0.0005200844781,-0.02039906838,0.01151862017,0.007917271544
-1.20199203,0.00132526982,0.01168225063,-0.002286067864,-0.01631589572,0.00262363836,-0.02163730721,0.011544008,0.007893080524
-1.220275282,-0.002915932994,0.007930189958,-0.007970210293,-0.01737122966,-0.001176598412,-0.02209492146,0.003004504456,0.007347506353
-1.22329727,-0.002397258361,0.007728808336,-0.007106195162,-0.01549222128,-0.0005707513038,-0.02369021874,0.01175601383,0.007989358384
-1.23727357,-0.002259368792,0.005930054485,-0.001763077786,-0.01665456827,-0.002462956439,-0.01993213231,0.004314365717,0.00764586849
-1.222957111,-0.002586260809,0.004388886783,-0.008003434573,-0.01818919887,0.003952155068,-0.03002218745,0.01064824093,0.007429815424
-1.214604043,-0.003826579383,0.00470852596,-0.009677269694,-0.01897521954,-0.00455558311,-0.01829062922,0.009462397571,0.007997393832
-1.169686058,-0.002328952894,0.006540642708,-0.007191670189,-0.008557780241,-0.0004323960388,-0.01337540775,-0.003017939164,0.006375512131
-1.263281376,-0.004190135604,0.005877483168,-0.001049620347,-0.01900117856,0.00727347192,-0.04375976161,0.03648732556,0.009017942361
-1.091599313,-0.0008991787713,-9.007437392e-06,-0.00990420627,-0.02461766506,-0.005684974872,-0.006025997555,-0.02423818118,0.004813173217
-1.364889137,-0.004857879718,0.008798503646,-0.0007695240251,1.140229684e-05,0.003202484051,-0.02511870843,0.02370018362,0.006659560436
-0.9241358429,-0.003539314002,0.003561439735,-0.01036160838,-0.02204142824,-0.001434022841,-0.0298457714,0.01725995502,0.01047358108
-1.785741382,-0.01047769802,-0.005016439936,-0.007057412944,-0.02654606749,-0.001651022315,-0.01554238525,-0.0164249478,0.002112856663
1.583779164,-0.01571867863,0.002487420608,-0.002686523674,-0.007141674506,0.002740325994,-0.02917830718,0.02843238348,0.008926998783
5.623984926,-0.01494507194,-0.007986170634,-0.01577091577,-0.01419423105,-0.007754755758,-0.02402599847,0.002988395516,0.006929743858
4.776340652,-0.01033808056,-0.009169332448,-0.00758106391,-0.0263934564,0.002355763423,-0.01894732666,0.005131277628,0.005382165322
5.228888906,-0.007698721467,0.007209285567,-0.001237615449,-0.0106714717,0.001317283312,-0.02891737665,0.0117080561,0.009862098667
4.935948202,-0.01086019937,-0.004860509361,-0.01298142897,-0.015143697,-0.0008062385706,-0.01647964262,0.006925158864,0.005312137746
5.096219414,-0.008011740152,-0.004773023335,-0.008055471889,-0.01959001266,0.0009057625411,-0.02855326815,0.01059849019,0.008663476959
5.03769348,-0.001692622148,0.005750882785,-0.00451841848,-0.01086603948,-0.002808972306,-0.02134820771,0.001594104087,0.009625508807
5.134312603,-0.005735918596,0.005292349945,-0.007298372585,-0.01443590092,0.001453501014,-0.0241344603,0.02056299128,0.006231175506
5.040666025,-0.0009414814967,-2.963840545e-05,-0.007209405755,-0.01806913925,-0.002028932919,-0.02068427577,0.0005714779814,0.008648995204
5.072189759,-0.001168471364,0.007975536433,-0.004663828865,-0.01344773284,0.00368254689,-0.02333247794,0.01360375547,0.009519394802
5.057842624,0.000188343241,0.006265576405,-0.007541117478,-0.01190143979,0.002363583228,-0.02145201929,0.005344683751,0.008080125989
5.071731517,-0.002782915903,0.007501322525,-0.006203570985,-0.01708555559,-0.0003279731622,-0.02151482556,0.01044754704,0.009179972526
5.002595215,7.441319952e-05,0.003601056471,-0.002218800035,-0.01296042768,0.001284322341,-0.02068470892,0.01205720614,0.008090117455
5.120779062,-0.0019359394,0.008111243942,-0.008644880027,-0.01290427488,0.001669300355,-0.02122546823,0.005540761445,0.008236569591
4.972300449,-0.0005000299457,0.009356758811,-0.006907250137,-0.01088512597,0.002186169893,-0.02312890916,0.01287014862,0.00985951391
5.187189096,-0.001771481084,0.005987376752,-0.0002379118913,-0.0167145065,0.001067447492,-0.0216682932,0.007554758695,0.00806613945
4.832861727,9.190576374e-05,0.008124212859,-0.005554334318,-0.01473627873,0.00220671824,-0.02370161761,0.009267935287,0.01048504854
5.350169011,0.00884634932,0.01877796642,-0.006669185645,-0.01087941164,0.005278706812,-0.02240203697,0.01773200892,0.008018489704
0.5318494182,0.01223187266,0.01600460406,-0.002358016345,-0.01456573828,-0.002301730895,-0.02045013702,0.006379257827,0.00994130262
-1.675102387,0.007414661279,0.01645562657,-0.001238049755,-0.01235296313,0.007403429103,-0.0209239254,0.0008259778066,0.008855888773
-1.054840985,0.006163481601,0.01830460115,-0.005955908867,-0.0109235749,0.002611298043,-0.02346823395,0.01900359723,0.009685152143
-1.406247573,0.004278937912,0.005599890882,-0.002327453937,-0.01845950725,-0.002252577321,-0.0197908901,0.004084720068,0.01015030239
-1.158517495,0.005569054533,0.01590182472,-0.002445259146,-0.01645753251,0.00463918539,-0.02260310937,0.006645615515,0.007956115993
-1.277335266,0.002000361727,0.01253277021,-0.00880220008,-0.009332577869,0.003053539567,-0.02029818405,0.01302545022,0.008609013164
-1.190033148,-0.000408261478,0.004050616341,-0.002359258508,-0.01505320363,-0.003048596058,-0.02055058274,0.01350507591,0.007955772181
-1.267312365,-0.0008589135455,0.009799359331,-0.003265642952,-0.01575358517,0.002779123737,-0.02122046738,0.008862566005,0.006575531333
-1.242705577,-0.001815610112,0.01284841078,-0.008544304969,-0.01745031488,0.003925277517,-0.02506121961,0.002213202117,0.005508755064
-1.220182161,-0.004252054148,0.003227105416,-0.002115270923,-0.01197394336,-0.00193139141,-0.02222916031,0.01134700681,0.006490756456
-1.239648785,-0.002068021639,0.002726612102,-0.003304441874,-0.01926016135,-0.003260000381,-0.02178115151,0.009114751592,0.009389691215
-1.210097218,-0.001149279889,0.00668466999,-0.006409184554,-0.01991643876,0.003413592354,-0.02585060655,0.003647383463,0.0072432286
-1.24205464,-0.004398979891,0.006883313285,-0.007092720369,-0.01293319932,-0.000764878238,-0.0219882595,0.009998418341,0.008447064178
-1.255363138,-0.003479253385,0.005155481527,-0.006730062287,-0.01340255922,-0.001765971878,-0.0223511211,0.01378766421,0.008955034381
-1.209621648,-0.003928564852,0.004540038985,-0.007714371999,-0.0210113678,0.001656760785,-0.02320497252,0.007576401996,0.007638717894
-1.230677839,-0.003079151754,0.004946455926,-0.006347361623,-0.01433742021,0.000502051179,-0.02123606463,0.008456060404,0.00624508374
-1.26450166,-0.005243325752,0.001670820084,-0.00660244323,-0.01654611346,-0.002238373112,-0.02362412566,0.007041097499,0.008484756883
-1.233142676,-0.01315893246,-0.007265430481,-0.00960251183,-0.01697561316,0.001533919345,-0.02633645955,-0.002128319839,0.006194184457
-1.248168189,-0.01377799747,-0.003506333645,-0.008188673211,-0.01474183309,-0.003948057491,-0.02163992535,0.01441215024,0.007685962167
-1.20513426,-0.0128483715,-0.007478078811,-0.005920251649,-0.01719985177,-0.004144471698,-0.02581283449,0.009617225082,0.008485159782
-1.255339108,-0.01204800842,-0.0007087666808,-0.01002340129,-0.01715616387,0.002283308776,-0.02268816756,0.01030288999,0.003966983155
-1.277611659,-0.009394450393,0.003621232928,-0.005511122617,-0.01357042422,0.0009296199224,-0.02351551228,0.007594440858,0.007789395753
-1.2458783,-0.01101986595,-0.002018206173,-0.005757820406,-0.01795898774,-0.002771893353,-0.02061295831,0.0100197019,0.008092169119
-1.278795452,-0.005664000091,0.0003609224068,-0.004994547307,-0.01778293365,0.002766977607,-0.02337926839,0.007821920481,0.009235415456
-1.239033334,-0.003993515199,0.005784527026,-0.006432656061,-0.01335905426,0.001373227976,-0.02489431096,-0.001016398998,0.008142111507
-1.252747238,-0.004153820049,0.003055644243,-0.008067656144,-0.01121649435,-0.0009612143916,-0.02245733583,0.01466660652,0.009192889407
-1.268241934,-0.001952704869,0.002789557426,-0.009464289925,-0.01511955815,-0.001147256259,-0.02073005476,0.01105673902,0.01023702051
-1.252293217,-0.0008001297466,0.008995026299,-0.005265459294,-0.01287410946,0.00382038545,-0.02363727488,0.01171724287,0.006737477684
-1.275673454,-0.001141658773,0.006626088413,-0.005315297359,-0.01363078148,0.000601148352,-0.02147865816,0.008361453121,0.009570074929
-1.25507317,-0.001824275505,0.006152758237,-0.006243442899,-0.01435845786,0.002091426524,-0.02136624221,0.009579176999,0.008342784228
-1.242066658,0.00121350355,0.004618714537,-0.002310655362,-0.0159245335,-0.001443804355,-0.02404315936,0.01380486471,0.008770618489
-1.253320861,-0.002930451194,0.004456114474,-0.00542076667,-0.01674578915,0.008603415025,-0.01822785382,0.006180924059,0.007196191437
-1.219398688,-0.002767200548,0.008099038006,-0.005145412215,-0.01395537927,-0.002421734884,-0.03303476964,-0.01017619168,0.01024820157
-1.246124409,-0.004960652545,0.009210376386,-0.007420485465,-0.004828147382,-0.005149000945,-0.0166319798,0.0385824013,0.01026348117
-1.26130356,0.002767001642,0.004181422579,-0.003122120811,-0.02143337498,0.008191459408,-0.0101625046,0.00428672907,0.00588132928
-1.225572517,0.009073568428,0.02816109136,-0.0004890495272,-0.01773398245,0.004827063386,-0.03500427963,0.005867999212,0.008459560581
-1.23807435,0.009305832762,0.01480370879,-0.005404732364,0.0001491090323,0.002072313598,-0.01760798076,0.009283431581,0.0120552818
-1.226137577,0.005849285333,0.01435394264,-0.005549067257,-0.01331522619,2.957851698e-05,-0.01379267906,0.02130490993,0.006723191564
-1.211291696,0.01105953665,0.00749912297,0.001700731868,-0.02569769871,0.005897577471,-0.03077646354,-0.001708057285,0.009097310275
-1.296977374,0.004270902286,0.01639021464,0.0002120904526,-0.01052526596,0.003673391378,-0.02019713801,0.006929466242,0.007266196888
-1.232266892,0.007396534996,0.01326493074,-0.01349825611,-0.006890899771,-0.004339167351,-0.0223566306,0.01757085867,0.01211093599
-1.278424119,-0.0002114981086,0.007418745025,-8.96400064e-05,-0.01680379625,0.002813688348,-0.02192698352,0.0152980237,0.006742453166
-1.222750374,-0.001342566103,0.01073774045,-0.00101428887,-0.02199231801,0.002996402587,-0.01942696149,0.0004304922861,0.003381068266
-1.256366922,-0.002868884744,0.009120540242,-0.007897970233,-0.01186583498,-0.0007283274824,-0.0263639533,0.01205929906,0.008041058266
-1.269412202,-0.004255083405,0.003860956665,-0.008115419671,-0.01630060828,-0.003525920529,-0.01966039053,0.01079367846,0.007065678451
-1.210963785,-0.004927193139,0.005429372546,-0.004669480239,-0.016277733,0.000385941525,-0.02500069435,-0.00270006801,0.006660450101
-1.158342005,-0.005271252163,0.006808148082,-0.004046410386,-0.01770953508,0.001809050935,-0.02539860254,0.0121778076,0.005532135659
-1.197572126,-0.003003401179,0.003487143648,-0.006358588526,-0.01316304906,-0.003614486142,-0.01926190354,0.01405958923,0.008320862349
-1.174086609,-0.003073122664,0.004337801207,-0.007052661521,-0.01427644655,0.001309778938,-0.02597140917,0.01139782294,0.008587178517
-1.256160794,-0.003282446836,0.007390874558,-0.00379256875,-0.01777232604,0.0009985222525,-0.02320019589,0.005499268563,0.004225486264
-1.250391538,-0.003365786425,0.003906687678,-0.003966167694,-0.01728485088,-0.001159193189,-0.02078209752,0.008906638955,0.006288946522
-1.21400095,-0.001695173916,0.004324330114,-0.007758531882,-0.01205826603,0.001574615626,-0.02566410414,0.01277656295,0.0104139206
-1.20507956,-0.009264069842,-0.002592346793,-0.008361711254,-0.01709726906,-0.0001854220086,-0.02175993856,-0.0006713359235,0.004825979705
-1.221133974,-0.01632059053,-0.005779740275,-0.007875687985,-0.01753278804,-0.0005127503389,-0.0269521147,0.006078504324,0.00577254001
-1.208262868,-0.01355310043,-0.003148432132,-0.009801823701,-0.01441918049,-0.003171619534,-0.02101373262,0.01604068352,0.00785517615
-1.224790851,-0.01190458725,-0.004573381003,-0.0097023812,-0.01806870662,-0.0003683351456,-0.02247712405,0.004900699684,0.007221537445
-1.216363493,-0.0107598,-0.001190572851,-0.005255708994,-0.01550125126,0.00210454314,-0.02732187994,0.006884028505,0.005840763366
-1.258658881,-0.009700926168,-0.001379105217,-0.005577221976,-0.01490406058,-0.0005256377881,-0.02293970263,0.006439445116,0.007313178001
-1.216688003,-0.007328839293,-0.002393902429,-0.00819845341,-0.01764530552,1.631593515e-05,-0.02309914455,0.01304468807,0.008852937034
-1.232112258,-0.0040873775,-0.0004251261101,-0.004720484468,-0.01650581951,0.0009339182596,-0.02576352716,0.005728695061,0.008966439582
-1.22576866,-0.003575076485,0.004608238268,-0.006836450015,-0.01341019029,0.001452029461,-0.02263275681,0.007985706532,0.006705649433
-1.218512161,-0.003473580023,0.006440313283,-0.007504977179,-0.01129392448,-0.0009520121721,-0.02200548146,0.01325069222,0.008911759965
-1.23546859,-0.001531765901,0.003247073388,-0.006330636409,-0.0177509253,0.001690249896,-0.02071240918,0.01128249157,0.007972100546
-1.296926349,0.0003146831982,0.005482196696,-0.003867984789,-0.01519063092,0.001496935907,-0.02399923497,0.008728689034,0.009267360338
-1.225539829,-0.001736530257,0.009651520861,-0.006336199725,-0.01306252461,0.001606125339,-0.02208573962,0.007301140007,0.008371373398
-1.272058827,-0.0014031106,0.005413916187,-0.006765492379,-0.01609202537,0.0003007514284,-0.01959843975,0.009664627851,0.008088471314
-1.150918651,-0.000964696851,0.005367269377,-0.004647583535,-0.01508335819,0.004711758426,-0.02450443943,0.01383109144,0.008177286876
-1.235806785,-0.002641198457,0.007501856223,-0.004038245653,-0.01458095172,-0.0004440241861,-0.01988849357,0.00831055382,0.008868280385
-1.13720519,-0.002853992433,0.00965476074,-0.007122416216,-0.01077022189,0.0008359793359,-0.01850209042,0.003433031509,0.007205604731
-1.339447065,-0.001402783279,0.008799864789,-0.003756844886,-0.01407150616,0.005283966387,-0.03232901036,0.02590702139,0.009806709265
-1.025078641,0.007744801534,0.01224636902,-0.001646917001,-0.01829420092,0.00102894609,-0.01625186468,-0.005274941708,0.007205034894
-1.577732712,0.01014515519,0.02122001139,-0.001311138186,-0.006671192023,0.004308786196,-0.01978813749,0.01553775422,0.008320425732
0.3946691814,0.007028581853,0.01501743496,-0.007550821421,-0.01041157414,0.001287956739,-0.02378873003,0.01547327423,0.01193214287
5.378377334,0.008093547706,0.01416786191,-0.001852674086,-0.01691533187,0.002532187883,-0.01862164134,0.002640999455,0.006910560557
4.858309612,0.00485605011,0.01517086439,0.0001927044697,-0.01326301211,0.003645167949,-0.0241390691,0.01545111847,0.009588418403
5.188830394,0.002610172438,0.01363167942,-0.009052385798,-0.01259332177,0.001672178262,-0.02083665159,0.002143975337,0.007829382695
4.950995533,0.004459887276,0.008312510372,-0.004093060218,-0.01459981855,-0.0002485124567,-0.02099233557,0.01627956838,0.008244187618
5.131715806,0.001671377956,0.007751194261,-0.0005741674789,-0.01702666097,0.0002125491246,-0.02453418656,0.00580934566,0.00880018567
5.041988988,-0.001181444135,0.009071989509,-0.00896167384,-0.01556531815,0.004213806683,-0.01968193762,0.007947274693,0.003658792188
5.074963765,-0.003175732025,0.006510713262,-0.005985786465,-0.01437003714,-0.0001330931144,-0.02476709219,0.01349044516,0.008740258514
5.056319146,-0.002815731682,0.005084190702,-0.002584629759,-0.01500984894,-0.003009934111,-0.0234855413,0.004961521887,0.008660029619
5.09318084,-0.005272203754,0.006519533238,-0.007969115311,-0.01525082686,0.00300436291,-0.02335128261,0.009968657899,0.006435973427
4.987104008,-0.004020053574,0.004704293217,-0.006699922362,-0.01477120086,-0.0005006103296,-0.02171965542,0.004673121764,0.007631710817
5.083716296,-0.003424529654,0.0037183522,-0.004622547333,-0.01410475753,0.000644801978,-0.02085713571,0.0122314891,0.007744106463
5.010735663,-0.002188761432,0.006013750697,-0.007434759277,-0.01619131787,0.002266124571,-0.02490538911,0.008292530099,0.008498073718
5.093598209,-0.005526698986,0.007403550556,-0.005432579099,-0.01633812187,0.0009531171424,-0.02334479457,0.006392341628,0.007194130035
4.991443472,-0.003635163565,0.001873393856,-0.004373781701,-0.01519595593,0.0003145726897,-0.02257081656,0.01415875726,0.00769401585
5.248052497,-0.004313271888,0.004089826917,-0.006975312981,-0.017847137,-0.001250906328,-0.02199070179,0.006446542384,0.007174350124
4.783170714,-0.01072603134,-0.002202461004,-0.0102243519,-0.01659606411,-0.001090092298,-0.02401039441,0.008173356775,0.007398961854
5.617730977,-0.01391629598,-0.00608826176,-0.007806560267,-0.0152368281,-0.0007833237104,-0.02384954715,0.004931994491,0.006781657317
1.50789253,-0.01265972471,-0.005225331441,-0.007600330917,-0.01786014813,3.61748429e-05,-0.02379433086,0.01033332558,0.007307790536
-1.751008114,-0.01118479909,-0.002319456244,-0.008387984597,-0.01691035199,-4.576595481e-05,-0.02431108282,0.007844517887,0.006103735488
-0.960932634,-0.008440154934,0.001267372679,-0.00649331084,-0.01337477436,0.0004012893408,-0.02364641149,0.009633016982,0.007176779369
-1.370819472,-0.01006563659,-0.001146423325,-0.006975599913,-0.01562748283,-0.0008307359426,-0.02256672643,0.0105048136,0.008259778816
-1.10103022,-0.007519927685,0.001328913191,-0.00767318723,-0.01575914549,-0.0001391681177,-0.02134906099,0.00818683978,0.008141942584
-1.304434664,-0.003767549058,0.003046484554,-0.006484277702,-0.01421703758,0.0007756126744,-0.02376179856,0.008968146223,0.009802268986
-1.196088512,-0.002693094298,0.003041410154,-0.008513222511,-0.01543139854,-0.0003046700376,-0.02345574166,0.007764834793,0.008484698623
-1.294094246,-0.002726266596,0.004828637059,-0.005009006933,-0.01494491185,0.00220298273,-0.02414761224,0.01039405367,0.008809766692
-1.229394864,-0.00149387067,0.006241296897,-0.00626348195,-0.01447636742,0.001365096218,-0.02097808478,0.007635071168,0.007308287275
-1.239334727,-0.001423268763,0.005289200193,-0.004844624658,-0.01226546489,0.001043720875,-0.02146214844,0.009772815733,0.009373077114
-1.269373465,-0.001752375868,0.006434544545,-0.006670993412,-0.01378709738,0.0002800308895,-0.02157564541,0.01189329946,0.009346604115
-1.250327578,-0.0008013149449,0.007575876832,-0.004438754657,-0.01336356935,0.004388375202,-0.02382709938,0.005027923224,0.008095168007
-1.219732126,-0.001988571777,0.006713443642,-0.005722792844,-0.01335126514,0.0004699941597,-0.02071142803,0.01278891383,0.008456573631
-1.262470967,-0.0005119673298,0.00484032178,-0.00507937683,-0.01373972653,-0.0002550365443,-0.02168034839,0.009324726953,0.009970686707
-1.227721074,-0.001188955522,0.007743839871,-0.004889345683,-0.01511087321,0.005064019552,-0.0238293008,0.008458656735,0.008328203573
-1.28477547,0.001433928661,0.01172106979,-0.00563341547,-0.01179442007,0.0008385817649,-0.02053479092,0.01280810353,0.008218774108
-1.202687353,0.009189554257,0.01627674224,-0.001725582174,-0.01201187906,0.001754579519,-0.02054938601,0.01168366187,0.01054889898
-1.281218519,0.007927474086,0.01778827822,-0.002275912102,-0.01561180622,0.006280739096,-0.02249073198,0.01121844609,0.00725727213
-1.23123816,0.008674964753,0.01562052402,-0.002365665821,-0.01175733559,0.003969911173,-0.02132328719,0.003317398261,0.00913765706
-1.230842512,0.005367232958,0.01431550744,-0.003394729111,-0.01026352962,0.002739707504,-0.02193694704,0.01741791822,0.009090673272
-1.237792109,0.006278291756,0.01142203684,-0.004432166917,-0.01574892189,0.002863464317,-0.02046077659,0.008563599025,0.007707359954
-1.255651758,0.003633292679,0.01413194688,-0.002265698124,-0.01584990152,0.002789245196,-0.02234301511,0.003786880461,0.007326327678
-1.280241337,0.0008005263909,0.00935499754,-0.004808353649,-0.01110299065,-0.0005757406813,-0.02269844323,0.0148270571,0.008427649104
-1.215842229,-0.0008418796606,0.008925751764,-0.007949999525,-0.01743192117,-0.0003019391218,-0.02188576087,0.007325722702,0.007895712892
-1.271277579,-0.001867100988,0.009356406327,-0.003435668715,-0.01731507233,0.002955849466,-0.0243934433,0.009299316008,0.005893912293
-1.224249482,-0.002614464963,0.005941691612,-0.007419225293,-0.01515624705,-0.001900820771,-0.02184923516,0.004491984665,0.007923210529
-1.233460059,-0.004346137163,0.004776902445,-0.007619245314,-0.01536590558,-0.001397388693,-0.02424816634,0.01034629604,0.006883436983
-1.276329738,-0.003312474316,0.005120992151,-0.005589223139,-0.01544043782,0.0003140988629,-0.02284470784,0.009499549445,0.007136197165
-1.257262228,-0.004596500752,0.005128392722,-0.003983736455,-0.01637944223,-0.0007640452152,-0.02363971396,0.006067412277,0.005761032772
-1.213416453,-0.004548638794,0.005065993642,-0.007145479712,-0.01454290227,5.96889632e-06,-0.0211342877,0.01599406549,0.008010660553
-1.253447053,-0.002173098914,0.003659656342,-0.005737787981,-0.01438135825,0.003157131804,-0.02333811164,0.003818227462,0.006966589633
-1.196313534,-0.004137973883,0.005443361852,-0.003678402695,-0.01646672224,-1.521501137e-05,-0.02673356694,0.006206907921,0.008333017955
-1.235398018,-0.002162309745,0.005079722758,-0.005600711351,-0.01493638114,-0.002257587122,-0.01899413975,0.01956791527,0.007906239394
-1.234583683,-0.008347273234,-0.001047489905,-0.007539020251,-0.02214262092,0.005314444196,-0.01566987685,0.001191321359,0.004675360893
-1.258921478,-0.01617179734,-0.003477503676,-0.005278520218,-0.01910262191,-0.008087400357,-0.04407850298,-0.004766138854,0.0101538953
-1.262020247,-0.0143514337,-0.003781592311,-0.01214601519,-0.01034444391,-0.005615718794,-0.01287157918,0.03146666713,0.0056010364
-1.255321686,-0.01211781639,-0.008441898802,-0.009240204162,-0.02116150783,0.004375990641,-0.01385238014,0.004476933127,0.003204368824
-1.227742876,-0.01001724632,0.004029868488,-0.002679400425,-0.01927379114,-0.0002534944526,-0.04285940967,-0.0004277712221,0.009185551423
-1.227227454,-0.009210380797,-0.001345113817,-0.0127717242,-0.002467196341,-0.002116526781,-0.01658870639,0.01071656531,0.00850323372
-1.229351145,-0.009619425797,0.0001000185924,-0.004866365293,-0.0143012288,-0.001163473462,-0.01692785021,0.01942115503,0.005212955296
-1.239835072,-0.003710231365,-0.0005754150709,-0.002875736968,-0.03052757097,0.003861397008,-0.03268954624,-0.002432191515,0.008878356347
-1.269296602,-0.004375972106,0.005363394634,-0.006522690757,-0.01150094967,0.001177270765,-0.02030663831,0.005876754034,0.006968978988
-1.230115512,-0.002442851452,0.006088374853,-0.01124621204,-0.005779004155,-0.002749178552,-0.02394579086,0.01723589011,0.01040611213
-1.22565012,-0.003832885761,0.002091940137,-0.005242078184,-0.02018764457,0.001088687668,-0.0181097596,0.01341577566,0.005921308534
-1.231320246,-0.001134690771,0.008004826728,-0.003341666769,-0.02122898384,0.004853031704,-0.02382579044,0.004151952778,0.005961285386
-1.231318406,-0.000701668069,0.007943671173,-0.006950951681,-0.005989756804,0.001031662523,-0.02421503085,0.01061517825,0.01003627512
-1.260178816,-0.001639521885,0.005142900644,-0.01200615018,-0.01557540852,-0.001197568508,-0.01893905076,0.01152210365,0.008052914147
-1.242386786,-0.0007607159885,0.004697342911,0.0008812748061,-0.01404216925,0.00310381352,-0.02532389361,0.002584225131,0.007866488953
-1.207800167,-0.00251384019,0.008121562169,-0.001518693951,-0.01462976217,0.002118552192,-0.02253160635,0.01553990187,0.00779313317
-1.24833379,-0.0007215445444,0.003754755444,-0.009312284742,-0.01423414132,-0.00067363922,-0.0212443547,0.007929907476,0.009133527336
-1.255353097,-0.002102357302,0.01169998286,-0.001489636637,-0.01384824401,0.004040317718,-0.02511896538,0.01238616503,0.008529297893
-1.255374112,0.005113340267,0.01746527645,0.001656053442,-0.0165321016,0.006911248982,-0.02651732171,0.006746172507,0.00702418069
-1.247612236,0.009304450198,0.01691883513,-0.009772945002,-0.01342493643,-0.001261066124,0.003966553907,0.01432717384,0.00698101048
-1.220677182,0.008733728652,0.01530630068,0.003975226624,-0.01128173708,0.002031904462,-0.04841732688,0.01033930557,0.01746456992
-1.273950561,0.007346395255,0.01931022509,-0.01072200077,-0.01706946537,0.004546565056,-0.01173543091,0.004841166027,0.003366632473
-1.258122088,0.005143907912,0.008308522611,-0.001382006128,-0.01122108872,0.003502707715,-0.01715285356,0.004165077469,0.005593283102
-1.260404878,0.003619347271,0.01380405653,-0.0004020485646,-0.01455938515,-0.000793488238,-0.02936881469,0.02796887998,0.01447553005
-1.216091828,0.005609918618,0.01045470513,-0.008620558922,-0.01066190101,0.003620661558,-0.02043205614,-0.004079596657,0.007474581981
-1.241152576,2.97142929e-05,0.00875806393,-0.002985508463,-0.01485402227,0.002907746471,-0.01799267072,0.01164740626,0.004457103294
-1.247144825,-0.002090514674,0.009626259824,-0.001965614908,-0.009831115419,-0.002825485682,-0.02715833066,0.01447406628,0.008379175425
-1.234335378,-0.001033643428,0.003438388064,-0.009311713506,-0.02658804382,-0.0006645718601,-0.01463879043,0.003795084097,0.007905452489
-1.216108107,-0.003126762191,0.008332707361,-0.003925656749,-0.0137966735,0.002164803411,-0.03423688101,0.00668149842,0.006476813696
-1.271271133,-0.00526022259,0.003180160081,-0.002561898401,-0.01281900956,-0.003005281516,-0.01471576782,0.009932616174,0.00680538214
-1.278780544,-0.005488351785,0.008915867543,-0.007698917781,-0.01883845824,-0.0005001790268,-0.02352132272,0.01166841086,0.006471903053
-1.265503231,0.001132098483,0.004046039812,-0.004081499852,-0.01577582126,0.001786099472,-0.02467210088,0.0109573293,0.01041451716
-1.255518456,-0.005200709324,0.005590878721,-0.005796509321,-0.01344284466,-0.000103259209,-0.02375145747,0.004670819656,0.005607118591
-1.172381444,-0.003326562078,0.005951201013,-0.008666003368,-0.014474467,0.001342565837,-0.02324481211,0.008549815941,0.007202291142
-1.227114409,-0.003336256573,0.004269517602,-0.003473484793,-0.01592565693,-0.0002715180063,-0.02177476526,0.0116401837,0.007211337748
-1.134003661,-0.002499433932,0.0001548712446,-0.005677095824,-0.01677350819,0.003099397006,-0.02182795866,0.007509300848,0.006744002216
-1.349115478,-0.01252974188,-0.002663523492,-0.01094290227,-0.01797242839,-0.004690794066,-0.0264853377,0.01429087897,0.008611807173
-1.010677341,-0.0149765516,-0.002891703069,-0.007136033382,-0.01461453396,-0.003922800545,-0.01673079202,-0.003046128029,0.006768398467
-1.548688304,-0.01425449283,-0.002792374801,-0.005702763308,-0.01972365597,0.004021067216,-0.03417701734,0.01761451483,0.00821842685
0.188268992,-0.01105036984,-0.00925395615,-0.01143494533,-0.02159472349,-0.005975588664,-0.02129439079,-0.003271894456,0.008381469055
5.316638832,-0.008433218005,0.00157293521,-0.006845566897,-0.009454219003,8.970435642e-06,-0.02019884047,0.0189176431,0.005901941445
4.93707707,-0.00927133428,-0.003052718323,-0.00849680337,-0.01245494798,0.0009935978023,-0.02085712962,0.004005782724,0.007042462362
5.155929821,-0.009384587237,0.002299276596,-0.009483389902,-0.02012702119,-5.891623573e-05,-0.02597459939,0.00445277172,0.005987942152
4.957203771,-0.003933008799,0.00363575834,-0.001220160625,-0.009661618424,0.0005138112526,-0.02462594565,0.01923816076,0.01070216801
5.117072891,-0.005766799004,0.005236600643,-0.007462033689,-0.01588095321,-2.117897959e-05,-0.01856283034,0.003410260257,0.006266882012
5.032827144,-0.00231772188,0.003401168937,-0.00655350712,-0.01763565594,0.002363539615,-0.02615053308,0.008623857941,0.006911913382
5.052889085,-0.0007045810167,0.004919493069,-0.004779591535,-0.01661602571,-5.124568239e-05,-0.02623849616,0.008852059998,0.01004678347
5.045187752,0.0008226211367,0.004650516054,-0.005464144672,-0.0110626049,0.0002960655945,-0.01441077583,0.008963069311,0.007538273916
5.084746164,-0.003064086532,0.008423203426,-0.008012388912,-0.01413035322,0.003728836814,-0.02453466443,0.01646279782,0.007629144306
5.038405928,-0.001296676905,0.006588798707,-0.004316484496,-0.01416301498,0.001648582469,-0.02243161378,0.006715837764,0.008484664495
5.085213765,-0.002847806044,0.00788760484,-0.005620522905,-0.01474806529,0.003088451677,-0.02191229519,0.01325211826,0.009169536361
4.990613164,0.0003485427213,0.003833798794,-0.005004202884,-0.01257214604,-0.001139125578,-0.02263951763,0.006845675073,0.009030306142
5.086533668,-0.001969243048,0.005984412309,-0.004817573331,-0.0142072891,0.002672831097,-0.0212897191,0.01118907764,0.007649977399
4.910181981,0.001511288873,0.007440807117,-0.004686026476,-0.0132414844,0.00314359374,-0.02312307331,0.006745611757,0.009592885962
5.20875783,0.009640174604,0.01799293994,-0.00148818541,-0.01178413322,0.003692109929,-0.02176708457,0.01321953787,0.009789355952
4.748736801,0.009712420036,0.01686827375,-0.0008493688118,-0.01329324102,0.002652441392,-0.01901127895,0.01267415689,0.009069250987
5.537678903,0.007623803474,0.01655791557,-0.003306051602,-0.0158254357,0.002211996378,-0.02099184899,0.0120318113,0.008164615805
1.551890044,0.00611965365,0.01526366913,-0.002922402551,-0.01167800508,0.001743100976,-0.02158338092,0.009725721863,0.009529017223
-1.823310422,0.002907471506,0.01182409808,-0.00410234937,-0.01298232233,0.002331132232,-0.02176143193,0.006006327152,0.008770304911
-0.9628036103,0.005946367332,0.01158437543,-0.005252470447,-0.01611170794,0.002196986258,-0.02409481213,0.008553498238,0.007340605931
-1.451637077,0.001266078706,0.008827553223,-0.003111491809,-0.01454122551,0.002543238261,-0.02245355502,0.01010204219,0.007770121379
-1.127606611,-0.0001947863146,0.009216789434,-0.006576404727,-0.01173151434,-5.500239207e-05,-0.0219111624,0.0113084401,0.008584074745
-1.322239055,-0.004037462618,0.006584090098,-0.00612447591,-0.01528412791,0.001096665911,-0.0248036476,0.01038074868,0.006846004769
-1.247661674,-0.001446881118,0.006338087247,-0.004179659767,-0.01572458027,0.0002668059922,-0.01854500261,0.006043091073,0.00618410633
-1.265407169,-0.0044027494,0.005240765212,-0.004601297075,-0.01584565473,-0.0009493530414,-0.02537591347,0.00943181722,0.007418932878
-1.261775513,-0.004094075496,0.004857976897,-0.005172543125,-0.01824536717,0.001374569551,-0.02645799802,0.007175595319,0.007280483589
-1.280254103,-0.00341990343,0.0065055383,-0.004403457505,-0.01560845323,-0.0006494889454,-0.0196694721,0.008178798869,0.006811570772
-1.25104877,-0.004752344056,0.005264711003,-0.006173857706,-0.01607988839,8.826575999e-05,-0.02424538367,0.006909425408,0.007721506479
-1.251649325,-0.003359980955,0.006619178923,-0.007450289765,-0.01519231335,0.000617680399,-0.02439739431,0.0115370781,0.007357806415
-1.275041337,-0.004460754263,0.004764994223,-0.006191763596,-0.01574601373,-0.002099105253,-0.02088811152,0.01030370313,0.007896007897
-1.2329999,-0.003911912944,0.006045571386,-0.006380568711,-0.01349038395,0.0007353197063,-0.02346048098,0.006903651863,0.006258469904
-1.254415151,-0.007593060769,0.002536737856,-0.008032804855,-0.01606537768,-8.17127995e-05,-0.02471373954,0.01155877904,0.006642314465
-1.261324273,-0.01492624422,-0.009422057967,-0.006939710789,-0.01764319683,-0.003438017422,-0.0250225898,0.001448330739,0.006295705345
-1.242629047,-0.01182866841,-0.003624395471,-0.008916914932,-0.01549583009,-0.0006252600884,-0.02302464091,0.01407171421,0.00635360962
-1.237451461,-0.01276222842,-0.002503081755,-0.01017409857,-0.01619539564,6.602476462e-05,-0.02374502378,0.004474198464,0.007522150464
-1.244697806,-0.0135795568,-0.001393070006,-0.006574356868,-0.01583990188,-0.0008229266172,-0.0231540133,0.006355686426,0.007789008965
-1.257291074,-0.009146674869,-0.001312465006,-0.007340667685,-0.01455366133,-0.002375395125,-0.02352455349,0.01345550059,0.007835798385
-1.242159485,-0.008318019406,9.675735592e-05,-0.008518537226,-0.01596486786,-0.0005343116822,-0.02248648566,0.00603510065,0.007259317931
-1.22520702,-0.005037794667,0.002078785589,-0.006609635679,-0.01399604421,0.001865286655,-0.02346659743,0.0100578709,0.007952599066
-1.248379923,-0.00383440488,0.004041416541,-0.00667379913,-0.01651805887,-8.762830442e-05,-0.02187324019,0.005326740875,0.008482553589
-1.2560198,-0.002982550895,0.005889703832,-0.009020762371,-0.01503698314,0.000419044637,-0.02352385482,0.01322979346,0.007785044254
-1.207432913,-0.003112929709,0.004656050798,-0.004395421203,-0.01377021631,0.0007810193743,-0.02233267334,0.007736306057,0.007978856649
-1.277119552,-0.001159321374,0.005781561404,-0.005460125499,-0.01457063288,0.0003977930854,-0.02356740194,0.008846021063,0.008854564597
-1.274706245,-0.0007904863748,0.005891334614,-0.005767942669,-0.01481023078,0.001494939237,-0.02151447086,0.0100162886,0.009424180709
-1.238967457,-0.001405804587,0.007246131818,-0.004258690961,-0.01159570526,0.002980122366,-0.0236175623,0.01262967796,0.008014746192
-1.226306294,-0.0008611346494,0.005228448933,-0.005997004226,-0.0161517977,0.001395524315,-0.02141113075,0.009427966218,0.007626687656
-1.205500608,-0.001708250441,0.007802920724,-0.006861537349,-0.01203343595,-0.00049381449,-0.01964418795,-0.002342578139,0.008766497687
-1.251462038,-0.001750238455,0.008465984355,-0.00368715794,-0.009967708329,0.004015423404,-0.02561972285,0.02410969134,0.009342352231
-1.21487138,-0.001060723896,0.0002283055532,-0.005650767554,-0.02017696609,-0.0006869665775,-0.02290903556,0.0003173096447,0.007217389931
-1.239583549,0.004876339471,0.01667395926,-0.00163597372,-0.01002393579,0.003956235982,-0.01668219035,0.009042474698,0.008831872066
-1.246664741,0.009418721316,0.02059222203,-0.002827210106,-0.007636149735,0.004633256267,-0.02933154364,0.02026638866,0.01107308668
-1.250061203,0.006238916592,0.01442031635,-0.003268819215,-0.01848868745,0.003557253891,-0.01558778938,0.01554455741,0.007717373561
-1.201146323,0.00881883191,0.01609174592,-0.002853325248,-0.01487201174,0.005884823722,-0.01086840495,-0.003300070373,0.009012976896
-1.256719415,0.002860379647,0.01976463872,-0.0008617651538,-0.006306888758,-0.005187787609,-0.04590652739,0.009409612669,0.01269455142
-1.248862469,0.005861016497,0.005205623312,-0.01307019844,-0.01731190685,0.007213033458,-0.000732174014,0.03190347608,0.004279207433
-1.263934567,0.004768637701,0.01018187117,0.007418471055,-0.02046492952,0.002446757653,-0.02672153737,-0.01713303402,0.00766778446
-1.21780416,0.0008150114012,0.01747288635,-0.00750209313,-0.00896925354,-0.001137562113,-0.03534428059,0.02073024861,0.01250932572
-1.25388339,-0.001921152731,0.001199902367,-0.01413794402,-0.00555516009,0.0001524323196,-0.007260236602,0.0107608435,0.004705297827
-1.280755574,-0.001152929091,0.006422312785,0.0007553683799,-0.03056575092,-0.000101852725,-0.02935562417,0.009594118826,0.007262140942
-1.28187702,-0.00166805583,0.008938881068,0.001918170045,-0.01251110227,0.002889541131,-0.02558383581,0.002589677612,0.005148213964
-1.247454895,-0.006431744481,0.004300255687,-0.0187772207,-0.01471645047,-0.002900775588,-0.01993317897,0.00575651488,0.006154433448
-1.265133272,-0.001392870211,0.002377948601,-0.0007040120612,-0.01258182258,-0.002594680098,-0.02770225673,0.02027090931,0.0128562495
-1.266297628,-0.006101423543,0.005165120673,-0.001787720656,-0.02296575395,0.0007776124248,-0.01647130778,0.004505304675,0.00433331771
-1.263481677,-0.003837766358,0.01019560739,-0.009712667347,-0.01234910883,0.00483774928,-0.0254815641,0.003344529589,0.006047732094
-1.269948684,-0.00357043784,0.005163819596,-0.00845910311,-0.01327913857,-0.003168754926,-0.02428996182,0.02118835528,0.01062214586
-1.264025742,-0.003646858455,-0.0006962625496,0.0004742409206,-0.01826019933,-0.003246726702,-0.01945679428,-0.0007670209636,0.006238220987
-1.235479954,-0.003404339308,0.007845174822,-0.007173208581,-0.02087157064,0.005823028449,-0.02818710321,0.01272534045,0.006604638268
-1.196652242,-0.01249997072,-0.003700084838,-0.00902652205,-0.01198830565,-0.005838656462,-0.01870050934,0.01228113492,0.005019576694
-1.233502982,-0.01335164742,-0.009816605148,-0.008635878055,-0.01814258905,-0.00357294159,-0.02509180252,0.001905697157,0.009521806887
-1.266516875,-0.01127913267,0.002575421144,-0.008302064894,-0.01813626988,0.003079641687,-0.02957091205,0.007621795904,0.006547571189
-1.239391347,-0.01441856196,-0.003947921147,-0.009516507232,-0.01714270425,-0.004302052221,-0.0175706359,0.009738388464,0.00514984156
-1.258040282,-0.007975593449,-0.006239535599,-0.004971560033,-0.01381320709,-0.000939759661,-0.02171994883,0.004803198902,0.008282089258
-1.185342248,-0.007404198003,0.002118084839,-0.01287862968,-0.01578456078,0.002964940941,-0.02691937701,0.01049079546,0.00821450998
-1.207425473,-0.008237714824,-0.002622201813,-0.006896028781,-0.01568910332,-0.001302616138,-0.02161351038,0.007799447508,0.007542116442
-1.216568776,-0.007105436325,0.001063723279,-0.003065298737,-0.01241342553,0.001218786259,-0.01946032874,0.01566094883,0.008740185492
-1.186625316,-0.00393372429,0.01027622882,-0.00492651631,-0.01480892553,0.003153730976,-0.02572453838,0.009752304528,0.007359073495
-1.243050199,-0.002403814255,0.005515297225,-0.007984576436,-0.01844498378,-0.000177517001,-0.02395055579,-0.000781675968,0.006771507801
-1.183218189,-0.001368529538,0.005549196427,-0.003604797376,-0.01006076592,-0.002423263932,-0.02297209595,0.01619610192,0.009742535831
-1.24398729,-0.0008154240072,0.006027577081,-0.004712308921,-0.01515186299,0.001593497613,-0.01880227544,0.006195883053,0.006544027534
-1.242473413,-0.0008844561232,0.005101148947,-0.006148776993,-0.01569980846,0.004275234435,-0.02494200686,0.007855327555,0.008250476679
-1.211402982,-0.001214585696,0.002962030375,-0.008033897459,-0.0130998607,-0.0005905182979,-0.02325613173,0.01349831249,0.009829415728
-1.204312173,-0.001415676411,0.009262118734,-0.00792841125,-0.01207604771,0.001266581755,-0.02127311024,0.01219296567,0.009178284409
-1.246294177,-0.0008385398085,0.00696569513,-0.005893407769,-0.01677344767,0.003493710892,-0.02192850601,0.01142921367,0.006869927853
-1.159854346,0.001099686119,0.004600402226,-0.006236816128,-0.01527330344,0.0009609595679,-0.02303522469,0.002785152171,0.008853789541
-1.256127159,0.001712609855,0.008331859884,-0.006433525702,-0.009109226909,0.0005764110565,-0.02054836541,0.01610582066,0.01062865612
-1.131334118,0.008733010078,0.01655457405,-0.002484985827,-0.0111679957,0.002184446863,-0.02176238495,0.006108317082,0.01006491186
-1.365797716,0.00838222579,0.01693968589,0.001200473711,-0.01502525403,0.008672923046,-0.02372471818,0.002040921331,0.006469448323
-0.9938950503,0.007579646165,0.01687272578,-0.005170532732,-0.01031744474,0.0006967313467,-0.01907142578,0.02553511778,0.008636661378
-1.652131732,0.007175452124,0.01374177895,-0.001065205682,-0.0119554961,-0.001797954043,-0.02222534849,0.009813268304,0.01226416485
0.6625969022,0.001691208501,0.01617344267,-0.004409070442,-0.01544212347,0.0073147726,-0.01680756456,0.006324116207,0.004933482084
5.497189934,0.005016789404,0.01500046366,-0.002414311103,-0.0131269288,0.004377244709,-0.0288523132,0.005395752489,0.007551794512
4.870647154,0.002791589804,0.006898586116,-0.004029147956,-0.01805081197,-0.003536911246,-0.01852551489,0.01280552691,0.008493656845
5.203156389,0.001645739288,0.006885949725,-0.004050497633,-0.01569399954,0.0006455236275,-0.02165917511,0.008027253377,0.008079672443
4.97647927,8.172986497e-05,0.008041794248,-0.007096431294,-0.02080682452,0.002954576682,-0.02731319222,0.004328910899,0.006930489028
5.117055083,-0.001741999163,0.004760146437,-0.007514175631,-0.009676891685,-0.0001124237198,-0.02080059536,0.01340773346,0.007093032362
5.053128947,-0.00214499984,0.005365345564,-0.007269834598,-0.01385286245,-0.002509338301,-0.02014021806,0.01284746665,0.009710076417
5.087633944,-0.004959664883,0.00558885848,-0.006155841489,-0.01825798277,0.002381635201,-0.02557559365,0.009311488156,0.005352844252
5.045280725,-0.00230075262,0.003606439214,-0.005430176426,-0.01814612838,0.0008411750106,-0.02180141321,0.003197128758,0.004560408769
5.061616429,-0.002987135397,0.007007376519,-0.002601457541,-0.01315346375,-0.001392999477,-0.02511401789,0.01180912341,0.008868881238
5.028705939,-0.002446114507,0.002717650341,-0.006539397248,-0.01571390099,-0.0006823886629,-0.02121661573,0.008997213124,0.009224904232
5.066516525,-0.005984142356,0.005812519696,-0.006025548814,-0.01893667612,0.002762088379,-0.02312489968,0.005414660436,0.006473579558
5.042929423,-0.00299802017,0.008826874667,-0.004926137343,-0.01338072341,-0.001486151587,-0.0232983229,0.01305668376,0.008949772647
5.125947116,-0.009137034491,0.002536645208,-0.00926823007,-0.01786147274,-0.00217657213,-0.02007458031,0.007928050982,0.007291408798
4.933821768,-0.01491174145,-0.007580543777,-0.008948061092,-0.01996737602,-0.0008100150924,-0.0249344179,0.008332851725,0.007049542062
5.171450793,-0.01127300999,-0.006514675501,-0.009614528669,-0.0137846158,-0.002795897304,-0.02487086308,0.003124015333,0.006471597447
4.777208062,-0.01152544041,-0.003794871383,-0.009631487567,-0.01571413385,-0.001229794985,-0.02288987739,0.007715828526,0.007315624688
5.537486184,-0.01079426686,-0.003399921719,-0.008473013898,-0.01813736997,-0.0004396057243,-0.02438491633,0.008706280006,0.008539182363
1.004477082,-0.009040710491,-0.001347552077,-0.006021993469,-0.01399202043,0.0009035672489,-0.02283815044,0.008376506409,0.007605080365
-1.751990608,-0.008777959949,-0.001947306073,-0.007981461795,-0.01502833781,-0.0001380211811,-0.02371832688,0.0121440311,0.007430803605
-0.975781451,-0.006049153838,0.001023581257,-0.007894673091,-0.01600516459,-0.001010812742,-0.02222841482,0.008596533817,0.008887334715
-1.424399852,-0.005782196682,0.003762164469,-0.006212291731,-0.01520676692,0.002817053432,-0.02340493287,0.009601955441,0.00713622118
-1.155937847,-0.003228979756,0.004457848727,-0.006804854943,-0.01576851343,0.0003950944021,-0.02402952056,0.006157085212,0.008599924397
-1.267597032,-0.003307214601,0.0051526326,-0.005866659556,-0.01304445285,0.001625006036,-0.02194707209,0.01036455485,0.0079725598
-1.22611085,-0.001496923593,0.00725208144,-0.006512307634,-0.01300095422,0.0002000025308,-0.02147683118,0.01469381353,0.009264282148
-1.281164594,-0.001250948742,0.004584949609,-0.006688055025,-0.01664415312,0.002398205724,-0.02402102363,0.001621828564,0.008412048504
-1.28265437,-0.001737415889,0.008605567584,-0.005521945918,-0.01315921103,0.002569583959,-0.02196686856,0.01417763084,0.007691280931
-1.278331547,0.0001114179124,0.005306023837,-0.005331634944,-0.01276906228,-0.002171218759,-0.01984462269,0.01398786322,0.009891749272
-1.246784884,0.0007542032019,0.004861761915,-0.005033499355,-0.01680396528,0.003559974539,-0.02462061918,0.006696972426,0.007620625159
-1.260723252,0.0001227540722,0.008875098175,-0.007116222572,-0.01415076653,0.004119439564,-0.0225609535,0.008105359999,0.00561031565
-1.280943697,-0.002520642127,0.005139648774,-0.006152469647,-0.01200909754,-0.001332402389,-0.02193954676,0.01056061372,0.01052410589
-1.292389473,0.004533872594,0.01242415619,-0.00307122268,-0.01290051212,0.003346950068,-0.02058453556,0.0144002301,0.009381919496
-1.229023646,0.0100874459,0.01962616264,-0.003960007299,-0.01326749246,0.004945374675,-0.02081092481,0.006737120819,0.009397419775
-1.241221625,0.006160170283,0.01657767878,-0.003893042205,-0.01165324864,0.001942739842,-0.02081726294,0.00762196819,0.008672204185
-1.264156601,0.007586035422,0.01589155507,-0.003750260918,-0.01035649276,0.002085475634,-0.02138190606,0.01479405074,0.009260901974
-1.234053297,0.005119530959,0.01301154102,-0.004368246685,-0.01587696171,0.003377491846,-0.02160693746,0.006700975237,0.007000336802
-1.287093005,0.003578752516,0.01361096374,-0.001492813937,-0.01372203089,0.004368906366,-0.02363880295,0.01084125325,0.00778415709
-1.211965067,0.004311076279,0.01393402752,-0.00486779719,-0.01282760817,0.0005112497503,-0.01996558786,0.01045866363,0.009745512099
-1.231930829,0.001944334807,0.009903066023,-0.004706080566,-0.01555120459,0.001214174273,-0.02285030096,0.009905582311,0.008664820734
-1.221805475,0.0009116362174,0.005974179966,-0.005682379497,-0.0183860066,0.0004099562237,-0.02277960911,0.009698018046,0.007212908666
-1.261189298,-0.001502796171,0.00684730324,-0.004930628395,-0.01509370952,-0.00151850179,-0.02374549588,0.00514607842,0.006969667219
-1.291143005,-0.002034169616,0.004888483977,-0.007731040022,-0.01642931929,-0.0002174100013,-0.02299341523,0.01435473868,0.007912275848
-1.244624172,-0.003763056652,0.005851849054,-0.005613746124,-0.01596146054,-0.0003730316919,-0.02423938499,0.005115879323,0.006240048842
-1.242444677,-0.004493925389,0.006816752869,-0.005421425906,-0.01632479016,0.002240394743,-0.02242788538,0.01070340621,0.008061161139
-1.236337367,-0.005180846838,0.005615312554,-0.008288011216,-0.01463239503,-0.001551167062,-0.02269286571,0.007022231702,0.007248867141
-1.234341716,-0.003728234815,0.005727267216,-0.005757024326,-0.0133325329,-3.677282745e-05,-0.02173267625,0.01172978367,0.008387289784
-1.179716348,-0.004564229558,0.006156507253,-0.003879676062,-0.01505496631,0.001523447034,-0.02422434267,0.007011015349,0.007514267278
-1.251236021,-0.004442546524,0.003673217324,-0.007006832464,-0.02076459039,-0.001217276852,-0.02279727677,0.005785351574,0.006838422312
-1.3018781,-0.002201172076,0.005480768769,-0.003610756844,-0.01358779638,0.0006072763803,-0.02214501637,0.01378790119,0.008264967329
-1.249397632,-0.00998162887,-0.00221321368,-0.008785769756,-0.01592568083,-0.002037773284,-0.02402819337,0.004883210513,0.006679611589
-1.266225448,-0.01465031078,-0.00514682119,-0.009644561452,-0.01748226044,-0.0007796839065,-0.02531049189,0.008709685807,0.006461293525
-1.248565432,-0.01308512306,-0.003559617684,-0.007464643618,-0.01721138051,-0.003283128148,-0.02274982171,0.009912930536,0.007121541109
-1.22446388,-0.01204481504,-0.004884236144,-0.008605697617,-0.01523191754,-0.0002360185061,-0.02401324308,0.01046465686,0.007288841203
-1.234205261,-0.007852490215,-0.002005591853,-0.007824278908,-0.0180541206,-0.002139830144,-0.02682980797,0.004872214617,0.008659501326
-1.241094478,-0.008876884387,0.001205347067,-0.005457684396,-0.01354475872,0.00162678868,-0.02242626245,0.009373521852,0.008686931788
-1.220591613,-0.007684743633,-0.001051865198,-0.01077372533,-0.01787494524,0.0005782819247,-0.008343628366,0.01137643729,0.006762254957
-1.240143552,-0.004843345365,0.001416114089,-0.001272572604,-0.01690589126,-0.005979127995,-0.0496043853,-0.003840174786,0.01139547131
-1.225859087,-0.004307535588,0.005605192043,-0.01480619125,-0.01065771619,0.004549641538,-0.00253540693,0.0337738066,0.004711363581
-1.179458821,-0.003055179561,0.000569559986,0.002309490402,-0.01838899915,0.001575930693,-0.02274866332,-0.008358085023,0.005905413445
-1.226756955,-0.0009790129167,0.01079729122,-0.007886701302,-0.01782663554,-0.001409837454,-0.03837172693,0.01449973153,0.01177013335
-1.256180403,-0.00153666437,0.005343293955,-0.01080654729,-0.002434106367,0.003472958489,-0.009998819452,0.01125688516,0.007020307475
-1.23854157,-0.002917085457,0.007565900306,-0.003873753683,-0.02108558127,0.0001200149339,-0.02519403308,0.007855543863,0.006545695509
-1.220031433,-0.0005955341997,0.005877875987,-0.0007810195295,-0.01473321509,0.004776737291,-0.02839222999,0.01099594272,0.009470906279
-1.238554131,-0.002744720498,0.00520606772,-0.0104537737,-0.01561945406,-0.001229738348,-0.01875982447,0.00225152551,0.007902934141
-1.228300415,0.001167672413,0.006894197124,-0.006309658236,-0.007601431838,0.00154529233,-0.02567706497,0.01789907035,0.01069110005
-1.199173138,-0.002478994441,0.005184902828,-0.002684434738,-0.02076449021,0.002341825671,-0.01799279553,0.01303339478,0.006567774614
-1.236221133,0.0008681298553,0.009678811182,-0.003947702557,-0.01450307093,0.003719828394,-0.02439067257,-0.0024791632,0.006288925959
-1.228800232,0.009675177959,0.01950329356,-0.006350804488,-0.008162827363,0.001875346431,-0.02398397129,0.02566561908,0.01460512501
-1.248752453,0.008436959365,0.01067240192,-0.002996395188,-0.01463628934,0.000767083659,-0.01700324716,-0.001033519239,0.007446938819
-1.194183167,0.00782432211,0.01848188158,0.0008147448657,-0.01569312876,0.007733814897,-0.02536647557,0.01673411393,0.008542086336
-1.247709386,0.007801166391,0.01705077091,-0.002244863113,-0.009952708176,0.001272609355,-0.01757033951,0.004918440519,0.008724643527
-1.218852287,0.00401379659,0.01182685458,-0.00839561186,-0.01384929554,0.000456029133,-0.02247965575,0.01258716213,0.009793599412
-1.259564753,0.005148116758,0.01440660358,-0.00183085132,-0.01687688036,0.001432372313,-0.02339558034,0.01206803194,0.007316974001
-1.265670882,0.001143725163,0.01316682098,-0.003214655441,-0.01751831684,0.002707165009,-0.01749571805,0.002035827128,0.005347553522
-1.237280479,-0.0004649462386,0.007334828459,-0.004983605112,-0.01288508173,0.001487146449,-0.02513813131,0.01975868061,0.008369596247
-1.222245135,-0.0004154064574,0.004590169894,-0.006583362876,-0.01661300483,-0.002986489475,-0.02375408937,0.002827880113,0.008905043224
-1.274247845,-0.001905962448,0.009330753847,-0.004073778144,-0.01803605848,0.003491434267,-0.02264301678,0.008380420123,0.004946764801
-1.274754098,-0.005320419972,0.00577770236,-0.007387349764,-0.0153960066,3.203048654e-05,-0.0247412277,0.007986932826,0.007059091484
-1.233046846,-0.004207070132,0.002984214438,-0.006731043638,-0.01585482215,-0.002008917928,-0.01905125636,0.009620207946,0.007133067401
-1.211349601,-0.001022501232,0.005966484579,-0.002496647656,-0.01602635097,0.0009609295234,-0.02673205631,0.009281141805,0.007491684485
-1.222924498,-0.003061292321,0.004376906455,-0.00607216377,-0.01938616943,0.001953642187,-0.02407406301,0.003566139963,0.00565223012
-1.252415137,-0.00394703247,0.006391353257,-0.005325429418,-0.01264492261,-1.144881837e-07,-0.02013520216,0.01340045832,0.006936292107
-1.269897917,-0.003124950734,0.003065689827,-0.006111856352,-0.01693138963,-0.001348494912,-0.02194413712,0.01458107417,0.008423522842
-1.250092812,-0.002530139468,0.00441943272,-0.004417006701,-0.01759436088,0.0005613340368,-0.02588969423,0.001954504796,0.007427026806
-1.180281354,-0.007063525976,0.006632264254,-0.006264470429,-0.0140364298,0.001223259623,-0.02353682773,0.003361286876,0.006213339566
-1.325149626,-0.01624348207,-0.007286619314,-0.009828695582,-0.01389316633,-0.004055480164,-0.02066018417,0.01820210243,0.006764380978
-1.126103662,-0.01122286627,-0.007704903317,-0.006752881903,-0.02323191457,-0.001823312672,-0.02428493608,0.006024235805,0.007518874169
-1.294736199,-0.01240450881,-0.002155859024,-0.007791692851,-0.01540856678,0.001913432848,-0.02472639956,0.001712054082,0.006549964175
-1.081030732,-0.01311899832,-0.0004831040798,-0.01005524237,-0.01116575222,-0.002042229734,-0.0237299886,0.01486186294,0.007786343245
-1.474417535,-0.008812304839,-0.004407296713,-0.006502988699,-0.01843401683,-0.0004435909094,-0.02296934579,0.007110231911,0.008340437019
-0.05615947859,-0.007210298765,-0.0007053267681,-0.004990042244,-0.01856753589,0.004992521836,-0.02371715208,0.01605664915,0.007975179021
5.222565517,-0.007863714196,-0.0005759655803,-0.008156741958,-0.01370157776,-0.005120580726,-0.02186045125,-0.00293580328,0.007268235075
4.907648708,-0.005255425363,0.004069381065,-0.009482260864,-0.0093514247,0.002309527411,-0.02194592508,0.00938490339,0.008193734491
5.18754548,-0.003201778704,0.002826409475,-0.003364359767,-0.01837733815,0.0009570761261,-0.02715093527,0.02032160917,0.00944078935
5.022312377,-0.001980039846,0.0009534610878,-0.006793154048,-0.0198528062,-0.0005384827384,-0.01925030622,-0.003133771346,0.006329899209
5.07316746,-0.002077081458,0.009405298868,-0.008069561802,-0.006045180189,0.003790135999,-0.02305247687,0.01897134191,0.008487679061
5.022595447,-0.002036659528,0.008018573411,-0.00695171446,-0.01314961952,0.0005578736719,-0.02233412309,0.01040886467,0.008962013311
5.001668323,-0.002831454591,0.001174481919,-0.002107754339,-0.02097230496,0.00293687555,-0.02168276354,0.001609460501,0.007203635334
5.030334667,-0.0001265197979,0.009784193712,-0.005292965981,-0.008994419353,0.005487861162,-0.02161726143,0.01832669714,0.008870084104
5.066313476,-0.001557016599,0.004601322063,-0.008122556758,-0.01148001593,0.0006551988318,-0.02389187584,0.002094450888,0.008039416783
5.084834166,0.000484261556,0.004003601875,-0.006612613655,-0.01711078081,0.0007949037979,-0.02248112633,0.01374559642,0.00848457411
5.036599008,-0.001221041388,0.01031506134,-0.001789283169,-0.01347722257,0.001323624885,-0.0229309442,0.009655230625,0.008654298822
5.027504489,0.003689025846,0.01155044859,-0.005490998751,-0.01623024069,0.003447407503,-0.01991850321,0.01161130902,0.008167360577
5.113349201,0.01110694048,0.01396360124,-0.003926199084,-0.01513368086,0.002128972141,-0.02095304298,0.01522295308,0.01119186585
4.932898068,0.007772808822,0.01709689872,-0.002097533278,-0.01018225507,0.003995316695,-0.01937901719,0.01062026966,0.009183336649
5.227590805,0.006358167881,0.01676353185,-0.004161360512,-0.01162879535,0.007005417244,-0.02255299877,0.003135388979,0.008868270458
4.737448376,0.004551569909,0.01293589577,-0.005329312125,-0.01161622218,0.0006892219769,-0.02524433663,0.01299997888,0.01019269909
5.583075536,0.005799735948,0.01118122543,-0.001749883832,-0.009434257138,0.001214655789,-0.0180068665,0.01127879787,0.007369546153
2.126144989,0.00379874936,0.01639194438,-0.004051094985,-0.01499585216,0.004703021513,-0.0236027678,0.009453596813,0.007041059937
-1.796791319,0.002064345551,0.0107321774,-0.00486479106,-0.01745052936,0.001268954129,-0.02546437246,0.004499729896,0.006993383877
-0.9259969812,1.901244201e-05,0.007102601054,-0.005965422426,-0.01548933645,-0.0008430547341,-0.01847713955,0.01445817911,0.006233981209
-1.366335342,-0.001508246252,0.005300026746,-0.007310407477,-0.01849701731,-5.972825136e-05,-0.02182899147,0.01180539945,0.007810908095
-1.12213882,-0.00243749315,0.008331794384,-0.005580001551,-0.01845618028,0.0006792747253,-0.02561861191,0.008165720661,0.006674867701
-1.291298744,-0.004236765319,0.004501591591,-0.006996491357,-0.01704869614,0.001975640605,-0.02629753209,-0.001890545079,0.00754883579
-1.241591196,-0.003058368438,0.005733561204,-0.01075884955,-0.0125567191,-0.001866809308,-0.01745588944,0.01629082348,0.008349278127
-1.242422871,-0.002213773492,0.001625422134,-0.003744557052,-0.01293957004,-0.003153537652,-0.02155155421,0.008955659984,0.009306320501
-1.263250002,-0.004418531109,0.007284780853,-0.006553265706,-0.01826886701,0.00440544043,-0.02381445345,0.004254104324,0.005991368119
-1.261080028,-0.003063465289,0.007129828191,-0.003962430451,-0.01239373017,0.0009114069192,-0.02348219831,0.01207814931,0.00666599956
-1.201897521,-0.00479753622,0.002907683454,-0.004409180418,-0.01394526682,-0.00129633383,-0.01980101816,0.01122647755,0.008275034122
-1.277621193,-0.0032488919,0.006573085458,-0.004705287046,-0.02060628867,0.00195465176,-0.02434771209,0.01078835025,0.007349338479
-1.255141457,-0.01144151079,-0.002052138593,-0.006629784913,-0.02101198503,-0.002078040134,-0.02206906284,0.00399110572,0.00587949168
-1.215794037,-0.01371140191,-0.007134395093,-0.00851701886,-0.0159060063,-0.003534114136,-0.02128880074,0.006270211998,0.006856814076
-1.284508818,-0.01183233341,-0.003846677053,-0.01209417477,-0.01711132144,-0.001383508765,-0.0289870492,0.009970207466,0.00919527342
-1.192526957,-0.01244127324,-0.004879403667,-0.01049023433,-0.01637569952,-0.0004781106211,-0.0211295936,0.00821715188,0.006968357098
-1.276638895,-0.008816345684,-0.001274229794,-0.006594727032,-0.01543342056,-0.0001485995226,-0.02236736461,0.01020535635,0.008304661293
-1.240253379,-0.008128213179,0.001664469283,-0.01252400577,-0.01239812588,-0.002125107767,-0.02797562701,0.00752973911,0.008613880465
-1.198682984,-0.007381120523,-0.002526114189,-0.006341403658,-0.01106520028,0.001822893888,-0.02182552573,0.01014066536,0.005580565935
-1.264927662,-0.00508195712,4.424753154e-05,-0.004292624678,-0.01637248982,0.0009333708391,-0.0201703239,0.008377056026,0.00709580871
-1.279864865,-0.003887820825,0.00459514909,-0.006530679747,-0.01625863024,0.0005475327336,-0.02562921335,0.008819221657,0.008648631834
-1.178346518,-0.003234816187,0.005133165389,-0.005412546094,-0.0147007442,0.001496647668,-0.0219117328,0.00959315971,0.007049864353
-1.271804212,-0.002036889196,0.005527783584,-0.003043924638,-0.01738650595,-5.411999615e-05,-0.02236002148,0.006520277039,0.007423899792
-1.297944515,-0.002301426637,0.008837428819,-0.004710309958,-0.0194562089,0.001390109442,-0.02254048847,0.01523899561,0.007857075205
-1.281276901,-8.16151677e-05,0.007558586357,-0.007214925967,-0.009075665043,0.0003326660984,-0.0198223228,0.006691890176,0.009649662471
-1.210696991,-0.002582644718,0.005338731782,-0.008200457052,-0.01253024208,0.001396933087,-0.02378751602,0.009610340567,0.008696475661
-1.229723191,-0.001943709945,0.005448849489,-0.005179372762,-0.01340812805,0.002130078302,-0.02283366357,0.008945740381,0.008003242289
-1.237318699,-0.001053526263,0.006906835325,-0.004974817395,-0.01098260217,0.00365697792,-0.01985779246,0.01023484909,0.007989719399
-1.256042064,0.0009002526846,0.004170224041,-0.006730121296,-0.01241882807,0.001541083225,-0.02480300248,0.01329673292,0.008912271867
-1.225292122,4.65302392e-05,0.006846828751,-0.006951117451,-0.01410715383,0.0006498184855,-0.02178998464,0.006245997203,0.008394959686
-1.214595044,0.007342942523,0.01957631448,-0.000786185988,-0.01153888755,0.004125328648,-0.02025706377,0.01273075637,0.00684352886
-1.257219634,0.008693267679,0.01789740108,-0.002606725336,-0.01494941612,0.003200173807,-0.02081201911,0.01173737577,0.009214411881
-1.224939455,0.00772769702,0.01519725436,-0.002696846328,-0.01485935804,0.002755964452,-0.02167254711,0.01067268933,0.009783800879
-1.25219447,0.007200286633,0.01701215433,-0.002389171509,-0.01357577282,0.002949664831,-0.02288891194,0.009298705838,0.008718315353
-1.233551604,0.002734743277,0.01399755867,-0.004560722248,-0.0131350042,0.004991023421,-0.01956504586,0.006480420788,0.006313457002
-1.236296427,0.004343953333,0.01152995048,-0.005215936535,-0.01447678999,0.0004732477841,-0.019371615,0.01207672256,0.007804374188
-1.206817675,0.003138267072,0.01083344236,-0.002240737814,-0.01190986529,0.0003714096054,-0.02338052847,0.01174671552,0.01002544952
-1.290770879,0.0006400556755,0.009248645386,-0.006657528958,-0.01659069739,0.001315425082,-0.02776807307,0.005268966771,0.005639512655
-1.285155406,-0.001025169735,0.006649278278,-0.003040483596,-0.01296933315,0.003883043651,-0.02078850917,0.01112419212,0.004825334494
-1.22202636,-0.002074100735,0.003812743123,-0.008540339116,-0.01796815168,-0.001379995824,-0.007942169226,0.01255305169,0.007313615693
-1.270918956,-0.002003784657,0.006138478983,0.002928098218,-0.01905393477,-0.004508713647,-0.05605986019,0.0007886743451,0.01186304278
-1.22727895,-0.005723532958,0.007696719985,-0.0168234225,-0.01533511492,0.005948395189,0.004171293317,0.01647325737,-0.0007612542422
-1.27575669,-0.004434285909,0.001372538669,0.002678842323,-0.01421276547,-0.0005714460476,-0.0243673316,-0.001216587905,0.008519119298
-1.182016528,-0.00372723106,0.008810957043,-0.008037268957,-0.02179153069,-0.003598837309,-0.0362420245,0.01876807557,0.01456153152
-1.236201725,-0.004146735688,0.002135846895,-0.01070899258,-0.006235871177,0.004412036726,-0.007985163118,0.001754783444,0.002799894394
-1.221734143,-0.005605539506,0.008970869743,-0.003765208463,-0.01824592508,-0.001081026874,-0.03139841394,0.01581556998,0.007374116157
-1.206138094,-0.004657190365,0.004733277655,-0.001758943074,-0.01197550319,0.002227836853,-0.02137478344,0.008081086828,0.007013000131
-1.250971889,-0.00238629477,0.002271301306,-0.008699184247,-0.02209348122,-0.001183979495,-0.02249257139,0.003630213156,0.009247727867
-1.249544966,-0.0123677174,-0.003538729553,-0.00647374224,-0.0109747484,-0.0005792552669,-0.03000883041,0.01153474657,0.007150778143
-1.213830857,-0.01419394257,-0.009525679331,-0.009649978438,-0.0217356641,-0.002047482647,-0.01592561191,0.01326982683,0.005461923493
-1.236077956,-0.01055692366,-0.002661452732,-0.005014956263,-0.01873331572,0.0004963352735,-0.02694834522,-0.0004954157695,0.007031163759
-1.187272805,-0.009112565441,-0.00142522519,-0.01226730465,-0.01501373721,-0.0009932058283,-0.0247485473,0.01926540743,0.01071408888
-1.206359468,-0.0103218877,-0.005595779427,-0.009631191955,-0.01629269035,-0.003004273195,-0.01976784306,0.0007176024578,0.005952692171
-1.274272773,-0.007304497603,0.00166661093,-0.006292483513,-0.01647029054,0.003213941865,-0.02767307614,0.0180064949,0.007280107445
-1.256062883,-0.00877041371,0.00195845902,-0.004003391548,-0.01074023289,-0.0006501040055,-0.01921643139,-0.001405799389,0.006742723703
-1.198269586,-0.007089040911,0.004386664602,-0.01295796944,-0.01582493678,0.002573876776,-0.02865144294,0.01359801145,0.008971424136
-1.250192024,-0.003500388169,0.004039185275,-0.005681125154,-0.01294655718,-0.000214910658,-0.02211122778,0.01183718805,0.007293737048
-1.280935972,-0.003403604664,0.006950248008,-0.002577161304,-0.01254969572,0.002700689315,-0.01584237978,0.004119365991,0.00591407605
-1.220230942,-0.002650485269,0.005867089544,-0.006675792075,-0.01523261588,0.002973198175,-0.03046938948,0.01640755474,0.009977178537
-1.249969566,0.0003407178888,0.002629882053,-0.008393314401,-0.01660738529,-0.001218632581,-0.02131915765,0.003541412906,0.008435721531
-1.246243806,0.0003912162015,0.00725008519,-0.0007301064484,-0.01250469158,0.004193855166,-0.02074989235,0.01336749872,0.007134121058
-1.23131429,-0.001562565344,0.00723894545,-0.007130988707,-0.01651919755,-0.0003581015262,-0.02400363203,0.01248023418,0.009498198244
-1.210364514,-0.0016803581,0.004145822737,-0.007533109508,-0.01634588714,0.001674176768,-0.02418059784,0.002412051082,0.008744612744
-1.231802936,0.001256448287,0.009264009752,-0.005971115324,-0.009321416588,0.001254767033,-0.02227923657,0.01424404023,0.008646728303
-1.233184965,-0.001516135521,0.003212009611,-0.009001569526,-0.01451460237,-0.001290698208,-0.01939588917,0.01000371737,0.008522588898
-1.212912252,0.001599790061,0.009618585327,-0.003334499918,-0.01407440942,0.005243916251,-0.02382621357,0.01357158224,0.008994314056
-1.158919265,0.01106799764,0.01967778229,-0.001252106993,-0.01007747957,0.005704011574,-0.0198372578,0.007727408992,0.009724113563
-1.218917012,0.008184724313,0.0153237656,-0.003719078746,-0.01121943499,0.003327573664,-0.02132624175,0.01105283345,0.009921286571
-1.229934142,0.006509357343,0.01639183442,-0.002958080047,-0.01572941742,0.003239647779,-0.02163649976,0.0144821829,0.008419606119
-1.253641008,0.006703164425,0.01511503417,0.001926117696,-0.0132549934,0.003845851332,-0.02111358871,0.006377909038,0.007945263114
-1.145720496,0.004148458032,0.01141568975,-0.005943752584,-0.01531578593,0.002600663629,-0.0230723036,0.01169848847,0.009170028776
-1.338985423,0.005373940365,0.01382871094,-0.003986791338,-0.01030895796,-0.0006037181312,-0.02103045994,0.009376481424,0.009847100672
-0.5439205466,0.001100402608,0.01268097902,-0.00291438182,-0.01538237751,0.001957265258,-0.01939577076,0.01278307426,0.008978547853
4.904281704,-0.001773705978,0.007587356688,-0.004702341024,-0.0174606855,0.001535514952,-0.02566350337,0.004810912267,0.00710798536
5.119188065,-0.001731135619,0.005793661413,-0.009503204935,-0.01588005079,7.254010874e-05,-0.02094637114,0.01292098645,0.00794476171
5.038058073,-0.002546989035,0.007446271669,-0.005089560751,-0.01168919698,-0.002923944707,-0.02394498242,0.008335952609,0.007889476199
5.041876515,-0.00466601334,0.003392088797,-0.005300380862,-0.01965077945,0.000944209445,-0.02510865978,0.0001533092027,0.006769470088
5.055920548,-0.004534710147,0.005586303299,-0.00498489814,-0.01484994605,0.004604145453,-0.02407211421,0.01190432758,0.005733601285
5.042236373,-0.001273751694,0.003571397836,-0.005508974255,-0.01500160224,-0.002355128414,-0.02294044633,0.01757241304,0.008579569207
5.016307385,-0.004163079006,0.003061160282,-0.006052482709,-0.01716725297,0.00233342607,-0.01849150181,-0.003079169888,0.006026263334
5.101005377,-0.003327356699,0.01068432739,-0.006503839622,-0.01076199752,0.002322133301,-0.02523316144,0.01464822676,0.006623506078
5.064390442,-0.005143549479,0.0005227329759,-0.005741866153,-0.01619179918,-0.002209239028,-0.02421990483,0.009248261138,0.008773477445
5.036299867,-0.003002234818,0.005424555204,-0.003676155608,-0.01738756846,0.0002734742526,-0.01920838917,0.008401319046,0.007008407497
5.15745129,-0.009851739227,0.003644396785,-0.00726996294,-0.01441191676,0.000151316967,-0.02299675673,0.002130889894,0.006859897452
4.966970605,-0.01619981092,-0.007256684921,-0.01075139452,-0.01692600061,-0.001721032801,-0.03075833463,0.0142739883,0.006727168253
5.110500897,-0.01287288565,-0.007247526143,-0.007499373512,-0.02170678542,-0.003303667835,-0.02223093745,0.01319032688,0.008832548093
4.96645165,-0.01233918624,-0.002709361782,-0.00826521852,-0.01341746782,0.001717531306,-0.01854668629,-3.678617328e-05,0.005493370489
5.218989456,-0.0119266664,-0.0005655536174,-0.0102120362,-0.01486206816,0.0004751082075,-0.0281324351,0.01875935632,0.008160412432
4.750092867,-0.00728612667,-0.004507699647,-0.008520203136,-0.01924888579,-0.003253094308,-0.02530403748,0.002930085773,0.009654797286
5.537321251,-0.007520506954,0.00210536288,-0.005972508218,-0.01396707884,0.001707032817,-0.01786071475,0.01067535664,0.006625321827
2.548575763,-0.005758191784,0.002072512374,-0.008316467281,-0.01052703261,0.0008714718073,-0.02681591621,0.01345037817,0.008908562826
-1.730673457,-0.00404863608,-0.000811364927,-0.007115015903,-0.0169153261,-0.0002221695579,-0.02097465139,-0.001120455149,0.007538097997
-0.9386052357,-0.001070404575,0.008699091462,-0.004246253322,-0.01116139908,0.002207111875,-0.02352210659,0.01649389604,0.008819560138
-1.319070189,-0.004199138158,0.005316232106,-0.008597106532,-0.01418488532,-0.0001544515776,-0.02122176392,0.004815264365,0.008292533602
-1.167897729,-0.002110671421,0.007138313096,-0.005194084784,-0.01603930132,0.002121983598,-0.02188552676,0.01518194354,0.005889611203
-1.342502611,-0.0004223658752,0.006758536332,-0.002053514895,-0.01316580754,0.0004603266485,-0.02209614741,0.005580601712,0.009148016053
-1.161267467,-0.002753899933,0.006455241461,-0.008916056553,-0.01503673976,0.001314332657,-0.02079967127,0.01085000566,0.00740958866
-1.292475995,-0.001606757333,0.00500510798,-0.004040750018,-0.01388154141,0.003227630669,-0.02129667752,0.009702114991,0.009046756494
-1.225931034,-0.0007310343439,0.006565531184,-0.005366043029,-0.01548916035,0.001580899607,-0.02251226351,0.006911478409,0.008733665307
-1.245414228,4.768969624e-05,0.005098269608,-0.006165111001,-0.01500143326,0.0009300826666,-0.02189247035,0.01193580472,0.009841966905
-1.247499806,-0.001876204278,0.007752700684,-0.007862748626,-0.01041283088,0.002415722418,-0.02188295355,0.008841814145,0.008916103026
-1.266722069,0.007685785629,0.0120704155,-0.001780483896,-0.01162125812,0.0004730610075,-0.01879929318,0.01728282669,0.009023488693
-1.232147605,0.01010287488,0.01613269532,-0.002563060269,-0.01780684392,0.00635660309,-0.0200163034,0.002266930923,0.01011009052
-1.242863593,0.007510604379,0.0198577117,-0.004113914793,-0.01014816308,0.005153973989,-0.02448303729,0.01185107451,0.009230549545
-1.251866081,0.006999339345,0.01538762396,-0.002501622281,-0.01336601503,-0.00110976456,-0.01983064327,0.01066506869,0.009211414742
-1.279284203,0.004675584029,0.008030160586,-0.002247992734,-0.01658347698,0.002833008315,-0.02020811574,0.001210967401,0.0067325113
-1.201255131,0.004120103154,0.01627095006,-0.005406450433,-0.01145771067,0.004244409786,-0.02453262859,0.02073581527,0.008738291806
-1.243533824,0.002905633151,0.009181596875,-0.004785278889,-0.01245763846,0.0001800266737,-0.01875297201,0.005453561867,0.007982738702
-1.218661997,-0.000581805339,0.01258920398,-0.00354510079,-0.01462069021,0.003732135524,-0.02252680866,0.01585923139,0.006969238046
-1.269087063,-0.0007622292328,0.00903329025,-0.004631338829,-0.01834656973,0.001586214313,-0.02357831864,0.004256259981,0.006283336533
-1.226288344,-0.002095988015,0.005241470359,-0.001969188786,-0.01525626087,-6.982214917e-05,-0.02186803374,0.003694907499,0.006236114022
-1.201480225,-0.000954554934,0.005743825204,-0.005447215429,-0.01557401262,-0.0009970910435,-0.02443094318,0.01149413937,0.007275972099
-1.263233693,-0.004570226354,0.0029215641,-0.008941646154,-0.01974921818,-0.0008958191054,-0.02211622055,0.0001831432384,0.00586744574
-1.244965908,-0.003951571819,0.004084837623,-0.003826215639,-0.0127597401,-0.0005700757016,-0.02336062561,0.01360139157,0.008095115582
-1.236057807,-0.003591735337,0.005514443881,-0.005335379827,-0.01204249481,-0.001550854383,-0.02137082656,0.009965385394,0.007746414647
-1.246857738,-0.002987825345,0.006251929633,-0.009022139742,-0.01842238603,0.0008526408831,-0.02410621882,0.01290801427,0.007314859254
-1.313337093,-0.003648667016,0.004803025889,-0.00651061872,-0.01883318904,0.001296202439,-0.02301208228,0.008632750256,0.007059604788
-1.248352786,-0.004329912382,0.003299456215,-0.004733744841,-0.01203950305,-0.0001655148215,-0.0219577415,0.001617068683,0.007659182202
-1.256173109,-0.002932528981,0.002293297804,-0.006285840373,-0.01447791565,0.0003998466165,-0.02589727524,0.01126448937,0.008527971238
-1.254946075,-0.01350573503,-0.005745250951,-0.008788675728,-0.01579452503,-0.001803444815,-0.02308071861,0.004689549501,0.007331939533
-1.245178621,-0.01532080697,-0.002376012148,-0.007788610538,-0.01706215197,-0.002279423244,-0.02560998926,0.01442505327,0.006336215261
-1.196152386,-0.01364508382,-0.002782264483,-0.007565925686,-0.01459762046,6.842550752e-05,-0.02579391384,0.0006145188139,0.006208234535
-1.22727222,-0.01198762925,-0.001983303915,-0.007949298133,-0.01496893583,-0.002856274111,-0.0193241228,0.01928164173,0.007613976207
-1.264131657,-0.007986596589,-0.004294422697,-0.006732402784,-0.017662732,-0.00235457629,-0.02457276407,0.003835955363,0.007596910634
-1.277475197,-0.009974612397,-0.0006692701268,-0.01064419729,-0.01646351086,0.003451152925,-0.02379543299,0.003416752986,0.005479687599
-1.275680645,-0.007567061568,1.247654075e-05,-0.006440780508,-0.0124906724,0.000526791298,-0.02603327338,0.01438750878,0.009140543035
-1.261941379,-0.003723414941,-0.0007448443404,-0.00723705573,-0.01792883218,-0.002457045277,-0.02116868911,0.002958714376,0.009309208262
-1.214773044,-0.003057127452,0.005931949903,-0.00789195288,-0.01178161581,0.001204035867,-0.02416894042,0.01852922167,0.00859044628
-1.247011669,-0.003259257159,0.00431677041,-0.005455430263,-0.01489051554,0.001108210189,-0.01812643936,0.004088795003,0.006681385893
-1.228264246,-0.002859710073,0.004744325331,-0.006234927411,-0.0143412034,-0.000549525118,-0.01926227272,0.009672979296,0.008227607507
-1.19982295,-0.000307227027,0.008426828999,-0.005690318069,-0.01213153191,0.005036900577,-0.01469030331,0.01783352073,0.009309008182
-1.285414281,-0.002922756091,0.0045513996,-0.004198695883,-0.01696898114,-3.968647965e-05,-0.01273008175,-0.007221766316,0.00687980841
-1.260489958,-0.001449649977,0.007646921518,0.0002195319939,-0.01636695994,0.000130446808,-0.04819725715,0.0215448135,0.01361503252
-1.245226505,-0.001855904449,0.007790867296,-0.01397230773,-0.01314871346,0.003473750375,0.002751729362,0.01107148043,0.003208236749
-1.300463023,-0.001297810406,0.008054564813,0.001545161183,-0.0121168866,0.0006740854328,-0.0244046038,0.00373520765,0.009411846237
-1.244679407,-0.001714583679,0.008552885827,-0.008847497574,-0.01819435432,-0.002158930121,-0.03245930957,0.01725004496,0.01415536675
-1.244424811,0.001981283357,0.008866420074,-0.00820364677,-0.007025140958,0.004236053417,-0.005142286986,0.0001846657294,0.003670633435
-1.184380336,0.01009984454,0.02210086391,0.0009179146396,-0.01417037426,0.006256668653,-0.02872031315,0.02096939554,0.008974937477
-1.256197145,0.009469804798,0.00826732376,-0.002095004262,-0.01476833408,0.002775601806,-0.01807240715,0.001260565193,0.00971764319
-1.265633479,0.008911931372,0.0143731762,-0.006256830131,-0.01427686073,0.003189938325,-0.02000468205,0.01076683535,0.01051898939
-1.232262228,0.008212161727,0.01880817492,-0.002826605767,-0.006593870108,0.002089758341,-0.02176438253,0.01624612709,0.01022574645
-1.23449485,0.0005384425268,0.008539298506,-0.005074602662,-0.02304459149,0.003222931078,-0.01416371553,0.007972474047,0.004390901977
-1.272846021,0.004972024771,0.01437998158,0.001342897577,-0.0107411375,0.003599348682,-0.02572687264,0.008761978227,0.008346983972
-1.22997025,0.003409415788,0.01146252516,-0.009061901157,-0.01230811916,0.0004491213494,-0.02077249894,0.009718759886,0.0101320173
-1.243405225,-0.002472231066,0.003524483903,-0.004919909179,-0.01612871288,0.0001193563355,-0.0209269123,0.008125150133,0.004050199519
-1.243475161,-0.001228843659,0.008816321799,-0.002531077601,-0.01775416743,0.002110772249,-0.02155096513,0.01121579262,0.007225298973
-1.227258006,-0.00318055632,0.007184172608,-0.005505458181,-0.01277373544,-0.001587620191,-0.02006719488,0.005234559578,0.006426726378
-1.251322069,-0.004189533213,0.005413234534,-0.01041841759,-0.01616755068,-0.001004726088,-0.0276525484,0.0157667197,0.009003451851
-1.278663531,-0.00310319586,0.005935688392,-0.003007547794,-0.01473201935,-0.001423037012,-0.02021306597,0.009557597531,0.007231386164
-1.225478962,-0.002801765994,0.007058924948,-0.00379530892,-0.018699461,0.002141496524,-0.01934614997,0.005579379465,0.005784764261
-1.279412504,-0.001330860859,0.003951384483,-0.007873559432,-0.0151053058,0.001116542083,-0.02576029051,0.005586000157,0.00805534521
-1.201565142,-0.002384749097,0.001556786564,-0.008459034003,-0.01524946647,-0.003295572991,-0.02023309777,0.01257942397,0.01014837149
-1.238401954,-0.003777976666,0.003613960916,-0.001508213333,-0.01361278702,0.0007149226406,-0.02225594065,0.006256928463,0.007203022098
-1.234332385,-0.004663428074,0.008078988147,-0.007227031481,-0.0174235127,0.002894420607,-0.02194464075,0.0129847549,0.006957691008
-1.229608864,-0.009759250587,-0.0001059358758,-0.008779002946,-0.01520941848,-0.002170049526,-0.02313388208,0.006688333381,0.008186696988
-1.246401738,-0.01455249417,-0.00568041425,-0.007520942513,-0.01665086204,-0.004136720101,-0.02373637742,0.01062233403,0.008236652702
-1.198727098,-0.0129574064,-0.003415711892,-0.007500505009,-0.01952982208,-0.001149303583,-0.02298171757,0.004894322567,0.005783084432
-1.243364013,-0.01325266312,-0.003481473055,-0.00834767454,-0.01796883577,-0.0003234703351,-0.02388402919,0.002835215089,0.006645160403
-1.18229615,-0.008675284038,-0.003807927825,-0.007922083226,-0.01205508857,-0.002206608624,-0.02301498686,0.01313262136,0.009930714196
-1.226765027,-0.00827511189,-0.0001808534011,-0.007361366481,-0.01562255367,-0.000753150035,-0.02224094086,0.007641730166,0.00789857905
-1.130719254,-0.01046041375,0.001052691708,-0.006871016689,-0.01627351503,0.001985524253,-0.02309017704,0.009560091992,0.00751495383
-1.348701188,-0.005304716849,0.002020765641,-0.00797397787,-0.01371020518,0.0005844135068,-0.02071704229,0.01106106358,0.008023801341
-0.6307955016,-0.001048383966,0.001900632924,-0.008159406239,-0.01527963147,-0.0004641417512,-0.0224701361,0.009011409386,0.009268694785
4.867317711,-0.002536417705,0.004522166927,-0.006071081372,-0.01420825801,0.000122729124,-0.02380847045,0.004573137379,0.008207725596
5.063266599,-0.002616692664,0.005163489844,-0.005796745486,-0.01550772909,0.001521242758,-0.02261561859,0.009557207071,0.007718986099
5.028478795,-0.0001529467796,0.004877075635,-0.005235978584,-0.01465764442,0.00243952077,-0.0224541129,0.01162043448,0.009095733985
5.072223706,-0.0008716214103,0.007449592284,-0.00567046339,-0.01487717539,0.001716344615,-0.02154147073,0.01439639415,0.008969313456
5.044918665,-0.004307260071,0.007740721938,-0.00471544018,-0.01305026205,-0.001090491946,-0.02092623049,0.007160438517,0.009273290148
5.049519525,-0.002214251985,0.007765321106,-0.005975932459,-0.01303532883,0.003119958147,-0.02349702843,0.002656373895,0.006623753153
5.05964245,-0.001837096957,0.007696644657,-0.00533900099,-0.01370652673,0.001202926993,-0.02173466869,0.01948447792,0.008060200584
5.048835686,0.001658039759,0.001939590921,-0.004114768575,-0.01610122696,-0.001919173694,-0.02198257966,0.005025046355,0.009505535514
5.037816449,-0.001916986301,0.007564874293,-0.005755849918,-0.01204414637,0.004060063853,-0.02260995138,0.007203706874,0.008104405747
5.019425858,0.00664621417,0.01595692445,-0.005662491716,-0.008873256178,0.005313070163,-0.02188853724,0.017093102,0.008925630324
5.053353648,0.009822499366,0.01562290848,-0.00265790558,-0.01545740616,0.002365458168,-0.01881252026,0.007717653279,0.009821512752
4.988739423,0.007814273683,0.01913813022,-0.002604870145,-0.01143424398,0.004592193649,-0.02123990706,0.01719696856,0.009019946088
5.104378441,0.00856172818,0.0148861809,-0.003192797424,-0.01250741194,0.003468151779,-0.0219200213,0.001029812529,0.009349022724
4.963931221,0.004333093679,0.01125136556,-0.003809273569,-0.01503138232,0.0004092190927,-0.02200223381,0.009424453908,0.008756382858
5.209126799,0.005335458704,0.01117695736,-0.003640538056,-0.01297577764,0.003228041731,-0.0206458706,0.0144565415,0.009831700312
4.816300205,0.003480617788,0.01452712049,-0.004669556436,-0.01528820543,0.003245329797,-0.02029558632,0.005847831263,0.00662275792
5.496861439,0.000410877249,0.007760015294,-0.005734977511,-0.01454111097,0.001559948028,-0.02542018839,0.00928277475,0.0077184769
2.933264152,-0.001930011018,0.00978618354,-0.007153050127,-0.01518516433,-0.001219240871,-0.0215336197,0.00984387285,0.007759396805
-1.70606405,-0.001868943255,0.005813323488,-0.004336687188,-0.0151038027,-0.0001690018433,-0.02169157426,0.01293054882,0.00662215026
-1.034546879,-0.003224668621,0.00499474437,-0.006885349466,-0.01764168255,0.001743198745,-0.02372375264,0.001786401705,0.004911041719
-1.371817743,-0.004139256314,0.004277424466,-0.007749573978,-0.01392194201,-0.000476506123,-0.02308624838,0.008706151296,0.007010416587
-1.146375698,-0.004385013931,0.004996301316,-0.005758283914,-0.01467284678,-0.000736364168,-0.02224519144,0.009993197155,0.009261307762
-1.289678067,-0.004679195031,0.005987626631,-0.00471431051,-0.01607772007,0.001688675657,-0.02222652791,0.01094939991,0.006115537497
-1.193725593,-0.004224809365,0.00628102672,-0.004089073993,-0.01764014121,0.001303806801,-0.02330756416,0.01044232627,0.006491133104
-1.242006214,-0.003036443378,0.006336419811,-0.008915648777,-0.0125014218,-0.001592468235,-0.02095804749,0.007572933491,0.006555625565
-1.180018787,-0.004616627274,0.005076083662,-0.005064662026,-0.01513529676,-0.0003046819121,-0.02231008418,0.0118643666,0.007166490345
-1.228191479,-0.003000210094,0.002942233037,-0.005623506329,-0.01822659432,0.001324549656,-0.02305188714,0.002502481303,0.00588871406
-1.171760909,-0.01153512453,-0.004550019041,-0.008724276786,-0.01686542258,-0.001249022147,-0.02442711145,0.01245913097,0.006502468822
-1.256941906,-0.01298716207,-0.005124304271,-0.01003820609,-0.01598668772,-0.003046008261,-0.02438216383,0.008216876598,0.007219849792
-1.287012671,-0.01309130239,-0.003210261586,-0.008695414128,-0.01810804548,-0.002004212865,-0.02412307589,0.007262202654,0.006019468109
-1.22656366,-0.01196805482,-0.003355487965,-0.007057452882,-0.01702817522,-0.001301752421,-0.02391101094,0.00971575785,0.006538541777
-1.267811336,-0.008183581739,-0.0006042348265,-0.008380509491,-0.01313767336,-0.0007999806426,-0.02192524366,0.006570822358,0.007065772124
-1.228055073,-0.008955785473,-0.0009523813358,-0.008133881327,-0.01576517884,0.0009077251546,-0.02564459816,0.01186851229,0.009435289823
-1.19169054,-0.008275530886,-0.0005170019262,-0.006012804473,-0.01611110253,0.001638630258,-0.02306977816,0.00446340215,0.006619108804
-1.232593407,-0.005303743331,0.003458252614,-0.006521765017,-0.01375654205,0.001898384263,-0.02261163187,0.01152695625,0.007598838495
-1.24798822,-0.002780212354,0.002982470294,-0.007587045578,-0.01408906668,0.0006332438666,-0.02124673054,0.008595434712,0.008455924196
-1.216450073,-0.002676434624,0.005058865295,-0.005729747349,-0.01410838817,0.001119180569,-0.02225151056,0.008081198351,0.008111422515
-1.231548404,-0.001660371552,0.008586497015,-0.006275206095,-0.01334689358,0.001379232849,-0.02356295254,0.008596279188,0.008046862558
-1.217283137,-0.0007108784733,0.0061812217,-0.007602184659,-0.01524544671,0.0007629262428,-0.02161245972,0.007186384962,0.00888211294
-1.23229967,-0.001270627059,0.005166181181,-0.004255727088,-0.01315253492,0.002426504812,-0.02230118283,0.01467099299,0.008137470311
-1.242068314,-0.001691289097,0.005548698378,-0.004870912561,-0.01386557231,0.001759350914,-0.02202364523,0.001703625586,0.008001331517
-1.250734261,-0.002106834202,0.006758550301,-0.006142044153,-0.01432470589,0.0003924497705,-0.02077465787,0.01784390924,0.009119786745
-1.277970929,-0.0009489193431,0.005585943943,-0.003758560785,-0.01578616267,0.003421412758,-0.02480272222,0.006933174828,0.009536809045
-1.240569579,-0.00288762964,0.00866658567,-0.006044307406,-0.01131459802,-0.002345199113,-0.01923351398,0.003858245015,0.007640886394
-1.211452652,0.001959658175,0.008757328332,-0.004672924229,-0.01048570594,0.002035625027,-0.0221939128,0.02124743091,0.008690319474
-1.20171208,0.009758215728,0.01681338456,-0.001978194323,-0.01777162369,0.00571865894,-0.02293098354,0.001539057537,0.00875984357
-1.248454806,0.008813825231,0.01881998,-0.002565216282,-0.01069933415,0.003810732971,-0.01998776227,0.00949262693,0.007347142153
-1.221506676,0.00709861155,0.01499715581,-0.004254562164,-0.009064469561,0.0002715078839,-0.01942749172,0.01730812017,0.009837957997
-1.264150781,0.006519398489,0.01496456511,-0.00338857043,-0.01638343851,0.002230203128,-0.02166851935,0.008810473209,0.007558676459
-1.208497722,0.004292240485,0.01453069536,-0.002160699225,-0.01626332225,0.004349347176,-0.02369913478,0.006112883449,0.008792363553
-1.226198216,0.00343981446,0.01469832421,-0.00397828636,-0.009973168405,0.0002056148584,-0.02166746413,0.01178535618,0.008573533175
-1.242949435,0.002905218042,0.01030886131,-0.006043679887,-0.01650321999,0.001054982874,-0.02048772432,0.01210270456,0.008861609848
-1.20635294,-0.0002592863082,0.006985470397,-0.004450575107,-0.018057506,0.0008666149897,-0.02380280807,0.004026603263,0.006890468068
-1.210165879,-0.001889696423,0.006436932657,-0.006277819305,-0.01420983442,-0.0018576264,-0.02299441398,0.008238528831,0.009981049861
-1.236248199,-0.003148935471,0.006755227903,-0.008131768483,-0.0150016858,0.0004484545026,-0.02300414309,0.0106084704,0.00582366963
-1.253018248,-0.003903699691,0.003708747815,-0.005372233043,-0.01760101731,0.0001134135003,-0.02220803701,0.008647720082,0.006297661118
-1.232760991,-0.005855217624,0.003821962555,-0.005647386435,-0.01670972359,0.001345463946,-0.02543945219,0.007689771684,0.006916883264
-1.208181501,-0.002375796187,0.006758378807,-0.007033073463,-0.01242361386,-0.001236074636,-0.02452784617,0.004840011252,0.008642455017
-1.179520796,-0.003693432531,0.004484400617,-0.007124109597,-0.01489637924,-0.003067205501,-0.02143152552,0.01585138216,0.00640298695
-1.227798217,-0.003308328735,0.003865841122,-0.002419099094,-0.01831071449,0.004167256648,-0.02874790145,0.001130753809,0.007239313585
-1.241952077,-0.005041563977,0.007070935359,-0.009082337184,-0.01591392771,0.001322578472,-0.001443295663,0.01682066871,0.005233459934
-1.243136464,-0.002756182116,0.003999441502,0.001064496321,-0.01719174431,-0.006219560469,-0.053679881,0.00516026452,0.0148471583
-1.215067945,-0.006686844724,0.005714980513,-0.0128209786,-0.02205300429,0.005593025634,-0.01006887483,0.01538462026,0.0008315766172
-1.255427652,-0.01449735412,-0.008549159092,-0.003148097535,-0.01762934603,-0.004058258255,-0.01197542704,-0.0001339980342,0.002723630662
-1.2323141,-0.01300096758,-0.006352136135,-0.008884730824,-0.01397143819,-0.006721623666,-0.04058405618,0.008885326752,0.01380617602
-1.250931797,-0.01071367663,-0.0078460468,-0.01449466217,-0.01637617654,0.005534337758,-0.01170373429,0.01312105361,0.003438574473
-1.233113536,-0.01114341631,0.0001745318347,-0.002340420017,-0.01044630755,-0.0006812473182,-0.02751890967,-0.006170691658,0.006043777996
-1.260316536,-0.01040409982,-0.0001677060185,-0.007050528134,-0.01004249111,-0.0002571997606,-0.02873928394,0.02525909732,0.008584700287
-1.172748853,-0.008572088171,-0.00677092276,-0.01183528175,-0.0180395064,-0.004399451698,-0.01311011658,0.001412997494,0.008581696615
-1.234930813,-0.004763641967,0.006215485595,-0.002195992341,-0.01591943299,0.003608252214,-0.03262127836,0.008320370835,0.008609242209
-1.227048496,-0.006106231992,0.001621985508,-0.008959892741,-0.01718511666,0.001238858304,-0.01943394383,0.01677723811,0.00588427555
-1.205237999,-0.003285280867,0.004409483348,-0.006472109891,-0.0204475267,0.001372695823,-0.01998682401,-0.004328763466,0.006349218117
-1.209900798,-0.001028591582,0.003615999436,-0.004983698409,-0.01262755035,0.002153890958,-0.02709253794,0.02928146263,0.01237707835
-1.283736622,-0.002200169242,0.001763967219,-0.00904436209,-0.02006414894,-0.003895701176,-0.0169017674,-0.004370371333,0.004980874235
-1.182120371,-0.0002875512232,0.01066856633,-0.007467907424,-0.01175469568,0.006975790484,-0.02879705442,0.01496069587,0.008199957362
-1.231948878,-0.001133182926,0.007311807491,-0.006177404582,-0.01148187502,-0.0006966605633,-0.01760500143,0.008577748342,0.009199574178
-1.239984641,-0.001316000821,0.00285707362,-0.004564397479,-0.01137037618,-0.000486964395,-0.02215274919,0.006267354917,0.008184628121
-1.208421842,-0.001131186777,0.007686689939,-0.004151036734,-0.01288569175,0.005729857746,-0.02763100322,0.01812634294,0.008210157236
-1.199215757,0.0005033163105,0.007567796447,-0.003929371223,-0.01375036524,0.0008729068634,-0.01594301838,0.0005567788554,0.006114400633
-1.228869978,-0.002396822062,0.007552005819,-0.004352440285,-0.01774986588,0.002529222734,-0.02558298277,0.01935340588,0.009467550868
-1.247274056,0.003795808112,0.01309571789,-0.003682793789,-0.01891335222,0.002729377929,-0.02898998823,0.01091282903,0.01042864335
-1.217658759,0.009694566246,0.019340028,-0.0009443694249,-0.01394597892,0.005751928546,-0.00745158033,0.0005918859589,0.006772426141
-1.210258008,0.007031892007,0.01532924597,-0.001588509597,-0.007974518263,0.001724089106,-0.02922647161,0.009826469179,0.01203152636
-1.185944355,0.006151756078,0.01387330802,-0.01058366036,-0.01324537599,-0.001219506581,-0.01687098639,0.01265093102,0.009345090938
-1.182608039,0.007190172264,0.01417134359,-0.002206692614,-0.007943864802,0.005991121803,-0.02139467836,0.007108335017,0.007429047363
-1.25677189,0.00326475267,0.01657925663,-0.003540037826,-0.01578473321,0.002223765324,-0.02245320524,0.01524408463,0.008542285175
-1.159347309,0.004449645495,0.01313520028,-0.001464124554,-0.01081269907,0.001192026944,-0.02745597927,0.005002337555,0.01007898431
-1.275480399,0.002502624942,0.008260991354,-0.006898305552,-0.0193119658,0.00325973052,-0.01625653942,0.01497120999,0.005759316993
-1.102377431,0.000846197106,0.004467402683,-0.006113401856,-0.01751835708,-0.001088826177,-0.0259292029,-0.001387940685,0.00732006094
-1.388115611,-0.002141884876,0.005892137005,-0.0002413801663,-0.01975174462,0.0006353285689,-0.0253776368,0.01329983213,0.007464358774
3.755902314,-0.001529304533,0.005384271636,-0.006607702904,-0.01753131717,-0.001345036744,-0.02112771191,0.004163472498,0.005326850932
5.394643306,-0.005310273123,0.003621997405,-0.008031133861,-0.01978289144,0.001988585428,-0.0217848575,0.01389665149,0.00792639922
4.916240441,-0.004584562599,0.007607089618,-0.005182623564,-0.01094421673,-9.543953589e-05,-0.02275083604,0.01215344618,0.008470828208
5.189168251,-0.002702868847,0.006955470677,-0.005567484246,-0.01329662229,-0.0006409044831,-0.02035311434,0.004441116748,0.007394941189
5.048177237,-0.003392481398,0.006133110097,-0.005377231866,-0.01537408724,0.000657204589,-0.02514755922,0.01291043745,0.006717424486
5.066339556,-0.003408308661,0.0008634217638,-0.007997398999,-0.0145710296,0.001744702519,-0.02045249952,0.004842448852,0.006893703655
5.005300505,-0.002237130826,0.004310592906,-0.005360288341,-0.01561609582,-0.0002846396294,-0.02363906377,0.01176672956,0.00736193796
5.092149595,-0.002469572136,0.003865406869,-0.007394587414,-0.01507899451,0.00244294775,-0.02691556446,-0.0020085434,0.008525436481
5.088164375,-0.01396313929,0.0006598808889,-0.01181843185,-0.01791009176,0.0003919487017,-0.02071516361,0.01729352175,0.00581017448
5.067885264,-0.01354421375,-0.009866726157,-0.006987365483,-0.0201383653,-0.004953738346,-0.02425599093,0.01414463746,0.006704063577
5.008942946,-0.01135859805,-0.005210696649,-0.008947123225,-0.02323403582,-0.000114124673,-0.02439682819,0.001782629604,0.006715653481
5.092834768,-0.01409527898,-0.0001630424707,-0.01076792719,-0.01213106439,0.001875465636,-0.02169844059,0.01275510089,0.006994125229
5.082215783,-0.009470567893,-0.005593606208,-0.006905976067,-0.01562113665,-0.005266322064,-0.02357735297,0.00622027578,0.009252348571
4.961542487,-0.007613710353,-0.001976277538,-0.006878373754,-0.01596586025,0.001563560158,-0.02338175114,0.007530076567,0.007224971035
5.145441692,-0.005974808883,0.002794926788,-0.007757691005,-0.01528783602,0.002889607516,-0.02139075877,0.008228345664,0.007333682151
4.920363724,-0.006148908402,-0.0006976190657,-0.006605874138,-0.01225962486,-0.002296465784,-0.02363849005,0.01021189165,0.00753674793
5.300125314,-0.002705927211,0.002718839019,-0.006000432674,-0.01308090181,0.0009612384475,-0.02334153965,0.01346108806,0.008298008999
4.02734934,-0.001369203404,0.008592047029,-0.005069036416,-0.01807406169,0.002702993138,-0.02264746346,0.002753754899,0.00750735968
-1.322587452,-0.002912184145,0.00512491954,-0.007911259746,-0.01730763682,-0.0009540357779,-0.0228037124,0.01511904279,0.008555793758
-1.199068111,0.0001887352034,0.004862443232,-0.003262942138,-0.01294762128,-0.0006980746721,-0.0226411948,0.009095910007,0.008379534462
-1.295239111,-0.0005651314099,0.008076767571,-0.009448531975,-0.01398883539,0.003146558185,-0.01857092167,0.006075185117,0.007570948882
-1.211640103,-0.001732594154,0.005267944037,-0.006936284189,-0.0124365472,0.002347485742,-0.02498890828,0.01005449788,0.01031521144
-1.259402555,-0.002965174983,0.005922056269,-0.006060435814,-0.01328362225,0.001355957111,-0.01797237498,0.01292549535,0.009252783285
-1.23396042,-0.0002761659312,0.006695753745,-0.0059938776,-0.0122667604,0.003564620349,-0.02430410434,0.008862695918,0.008386951438
-1.231007769,-0.002513769987,0.006719261691,-0.005940875962,-0.01413436104,0.002414590926,-0.02314533561,0.008470311262,0.008671481531
-1.240701698,0.0003386856296,0.008098382052,-0.002152700144,-0.01127653287,0.0006632308085,-0.0224506476,0.01378301132,0.009381825893
-1.265448172,0.01090126472,0.01523916396,-0.003531171114,-0.01738531106,0.003552324532,-0.02018448847,0.009326589515,0.008814806264
-1.245787047,0.009429399921,0.01659430465,-0.0008052635162,-0.01329867854,0.004767904104,-0.02072801033,0.009492003406,0.009354448885
-1.266092974,0.007805179767,0.01671747644,-0.004285131937,-0.01196612237,0.001144030737,-0.02119616262,0.01038233799,0.0097217581
-1.254496856,0.007546659363,0.01586319274,-0.003982494994,-0.01108835341,0.001793749224,-0.02229062783,0.01437207632,0.00890464931
-1.28862863,0.004016920522,0.0135160828,-0.004853364706,-0.01650955188,0.002261775523,-0.01988449044,0.01031615913,0.006895597787
-1.26983077,0.003872998383,0.01200666672,-0.004213970607,-0.01270715675,0.002908453459,-0.02210503361,0.007023770057,0.007620909808
-1.229249375,0.003496450599,0.01270642732,-0.004534953202,-0.008907339704,0.001694830816,-0.02256306334,0.01044380772,0.00801084399
-1.23479091,-0.0004253066459,0.00910399708,-0.0062475116,-0.01491368815,0.00106073944,-0.02174628538,0.007489751899,0.007152535835
-1.193878465,-0.002454908953,0.007520809734,-0.006956980948,-0.01751203018,0.0003308656174,-0.02327222511,0.009112403364,0.006625470807
-1.230680262,-0.003206656251,0.007528039301,-0.004668145291,-0.01240461621,0.002090742035,-0.02573915307,0.00936288454,0.006026810337
-1.216859978,-0.004042124681,0.003981440311,-0.006067410193,-0.01840618929,-0.000840709021,-0.02272162092,0.008369137371,0.00753303688
-1.252571207,-0.005231959155,0.003491787403,-0.005885446992,-0.01853451437,-0.001997469996,-0.02200603242,0.008234095684,0.006648570487
-1.275471596,-0.002760776132,0.007135087283,-0.003961358305,-0.0135047361,0.001182504326,-0.02256494577,0.01107915658,0.007050430776
-1.244580365,-0.003106748601,0.00551449426,-0.007169637809,-0.01820370723,0.0003901668242,-0.02239491231,0.003280416065,0.007105915933
-1.230333186,-0.004312702399,0.004896659326,-0.00598590497,-0.01477411879,-0.001757759904,-0.02286545854,0.009867302226,0.008001851315
-1.236283008,-0.003120190614,0.001605625878,-0.005948134137,-0.01370828122,0.0003951768413,-0.0250322172,0.01039165572,0.008355241171
-1.249191084,-0.002055761348,0.004705705162,-0.007025838001,-0.01516026586,0.001811753463,-0.01875132445,0.003202903764,0.006372683125
-1.220956158,-0.00588872683,0.002949549951,-0.007852801467,-0.01517821451,0.0003224929683,-0.02487356287,0.0220143349,0.007792370608
-1.210116027,-0.01495350999,-0.0079336023,-0.008474915025,-0.01994507302,0.0003271792419,-0.03010560605,-0.009026541159,0.006252224693
-1.22773839,-0.01249976233,-0.001248836044,-0.010159718,-0.01016549233,-0.005925327271,-0.01713793204,0.01549379351,0.004655300751
-1.222884289,-0.01227199114,-0.009817459678,-0.006530810199,-0.01820049006,0.0005876651309,-0.02358493125,0.01836422297,0.007609745917
-1.238189669,-0.01110307862,0.0006255909786,-0.006674455802,-0.02138700605,0.002979651267,-0.02733344431,-0.005079215401,0.005762960608
-1.244618149,-0.008005013529,0.003287181829,-0.007035805962,-0.007693304559,-0.0005766509663,-0.02416642716,0.01139237702,0.01013346785
-1.198659327,-0.01134266451,-0.001865776202,-0.008607798312,-0.01161806729,-0.002597030226,-0.02098380681,0.01496943634,0.007392652687
-1.254962374,-0.005591313314,0.001761333851,-0.006509922866,-0.02209485273,0.0009509876154,-0.02172638211,0.004967242732,0.007971271507
-1.237298599,-0.003467422187,0.004279032494,-0.004020952981,-0.01386983886,0.003727270874,-0.02626719664,0.005252410967,0.009319394536
-1.260253226,-0.004526479926,0.005918321841,-0.01100245311,-0.01009274087,-0.001022475309,-0.02278727814,0.01259231559,0.007569669728
-1.236389589,-0.002222379578,0.002833975062,-0.007187328503,-0.01658837422,-0.0005785315773,-0.02016094855,0.009576042754,0.009584833483
-1.237519561,-0.001373983112,0.007585018578,-0.00226077505,-0.01776419957,0.002420467511,-0.02357123031,0.01478687744,0.007891839444
-1.241278733,-0.0008056697169,0.005929513617,-0.007467597569,-0.01243453069,0.0004184363856,-0.02245310329,0.002707599143,0.008815758573
-1.234862262,-0.001171044171,0.006363124824,-0.007624624215,-0.010908154,0.002722827349,-0.02355941537,0.009695331289,0.009583839916
-1.23068916,-0.0001818617354,0.005389175051,-0.005405869065,-0.01562199547,0.001392904059,-0.02255836695,0.01340975051,0.008147952793
-1.260167983,-0.001455040694,0.003737688544,-0.003470377471,-0.01702432456,0.001748895697,-0.02230691713,0.006664517594,0.006776908272
-1.261935705,-0.001126962053,0.009214534616,-0.00618949302,-0.01245499234,0.002463223338,-0.02111417081,0.01480281496,0.009048854845
-1.235953973,-0.002094976971,0.007342865506,-0.007576435386,-0.01190972848,-0.0001338464108,-0.02613116438,0.002797796432,0.01011932039
-1.213511262,0.00251807451,0.01470842995,-0.0007033714453,-0.01505215695,0.005851965666,-0.02034631029,0.01354032703,0.007693704393
-1.225747058,0.01029461375,0.01748448862,-0.002335429596,-0.01237262868,0.0004758355039,-0.007235610903,0.005776226235,0.009066365779
-1.23004022,0.008240789115,0.01556495958,-0.0009416027759,-0.01462469252,0.0007941890673,-0.04543199512,0.02318155858,0.01325023165
-1.230644215,0.008408991935,0.01494363254,-0.006451503717,-0.0140838691,0.007746499816,-0.01270029724,0.002140801428,0.004457628664
-1.241267323,0.004879042132,0.01792688693,0.0006886589644,-0.007064469383,0.0008802554361,-0.01494002624,0.003509447844,0.005025798039
-1.204282347,0.002829081008,0.00901278087,-0.006125618766,-0.01969504094,0.0004918868117,-0.03329956849,0.03107839463,0.01488439362
-1.220054908,0.005702535204,0.01040647918,-0.004950824299,-0.01711555908,0.003742751588,-0.01296209156,-0.007644315294,0.004494257796
-1.232083736,0.002109208439,0.01400588485,-0.001384688459,-0.01164989401,0.003557266153,-0.02555786403,0.01108642479,0.007800498014
-1.284228573,-0.002075436566,0.00401286163,-0.00939396284,-0.01353116411,-0.004266388198,-0.02679788484,0.01521537548,0.007451698248
-1.221096303,0.000315065066,0.002329954663,-0.005592086268,-0.02134192647,0.001321407427,-0.01608286989,0.0004581790209,0.006340429706
-1.236415219,-0.001447409049,0.009018137809,-0.001423902167,-0.01306106017,0.003399221541,-0.03079337958,0.0147742667,0.008325676697
-1.266247336,-0.007228461657,0.002471401609,-0.01199367551,-0.0171484863,-0.001426338379,-0.01834160177,0.001197471042,0.004080976956
-1.228911215,-0.003648949357,0.008007306167,-0.003059430309,-0.0128601296,0.001938033375,-0.02080045133,0.01692576071,0.006906656754
-1.179272395,-0.0005183797671,0.004841408016,-0.003004060553,-0.01757765853,-0.002628634916,-0.02399281375,0.00617039954,0.009726975057
-1.203672391,-0.003805295027,0.003195337814,-0.00876709199,-0.01829818719,0.0006612422619,-0.022575754,0.006541415444,0.005301813984
-1.20907351,-0.003907613328,0.008090493081,-0.004876833376,-0.01063453523,0.001722716989,-0.02254779657,0.01251535016,0.008382289198
-1.24783744,-0.003449363026,0.005918369993,-0.001687524062,-0.01653617957,-6.839993713e-05,-0.02184243571,0.005000200688,0.009067532489
-1.227701472,-0.00397794697,0.002455368691,-0.006379270551,-0.02017935013,8.924239267e-05,-0.02360770124,0.01405483959,0.007859147838
-1.27540429,-0.009642604671,-0.0008678484473,-0.008823293602,-0.01348738669,-0.0006332379617,-0.02579766393,0.00782585261,0.006600471407
-1.279930869,-0.01460741765,-0.006386815662,-0.005911689339,-0.01536384054,-0.002695426292,-0.01915879144,0.0107654192,0.004245829386
-1.252222744,-0.0118928764,-0.006697639583,-0.009002589641,-0.01987347441,-0.002863179601,-0.007234818231,-0.01038368127,0.007860986325
-1.212594649,-0.0129750909,-0.001011145487,-0.007696636403,-0.01412555737,0.001158706345,-0.02608472221,0.02721393223,0.008989838263
-1.210005707,-0.00757127267,-0.006272945632,-0.008499804219,-0.01833522851,-0.004395080247,-0.01016974716,-0.002092259997,0.005879386326
-1.206684519,-0.009792035139,0.001470074744,-0.005242160435,-0.0121295699,0.002891580452,-0.02207864896,0.005072068776,0.006884080428
-1.271634788,-0.009620387772,0.002976978982,-0.01172373198,-0.01469022557,0.001327085546,-0.02191409147,0.0219489141,0.009171028533
-1.131253939,-0.004596268804,-0.001429206293,-0.006818694259,-0.01699250389,-0.004152531678,-0.01185580876,0.001904137409,0.007523177425
-1.320332088,-0.004303311468,0.005749037469,-0.003509601142,-0.01538509558,0.00593609322,-0.02193040135,0.02050812227,0.007571950352
-1.053839533,-0.004071845919,0.009339557902,-0.008502358497,-0.01404428861,0.0008620248498,-0.01915700026,-0.007464144467,0.006670214647
-1.503626073,-0.002026967269,0.003182331926,-0.005216335858,-0.0138280402,0.001982565831,-0.01943272108,0.01668964094,0.00831301845
3.530107405,0.0007058394733,0.006325711874,-0.001475219658,-0.01544570725,-9.102964529e-05,-0.01907253961,0.01427533634,0.009664640865
5.452007417,-0.001021641809,0.006476325744,-0.006984943449,-0.01668077325,0.002733488307,-0.01833127037,0.0008094675564,0.005859982975
4.873384533,-0.002483275047,0.00737997329,-0.007338633592,-0.008617600698,0.002206262648,-0.02334848127,0.01416039861,0.009404393972
5.19651299,-0.001064272546,0.005703548807,-0.005820693154,-0.01129146603,-0.002349854324,-0.01727085622,0.007319259028,0.01031632945
4.950748798,-0.000450711551,0.005997303997,-0.005590393143,-0.01998582961,0.005719455131,-0.01936714608,0.01686981018,0.009335470241
5.115595351,-0.0002067129758,0.004730012809,-0.006786639876,-0.01649169041,0.0006034259684,-0.0229324297,0.001262634575,0.008255266287
5.0122301,-0.0007335809086,0.005922509,-0.003829176125,-0.009442395078,0.005387126182,-0.01813788587,0.01289194206,0.01019888165
5.05426097,0.009143409701,0.01649005834,-0.004388629495,-0.01334896377,-0.0007480301437,-0.0245146421,0.005254488666,0.01118154155
5.094324437,0.00895951907,0.01949009924,-0.002049676912,-0.0146960743,0.01075676559,-0.01113575302,0.01950861265,0.009036160058
5.018990612,0.007909597063,0.01688163245,-0.002003077273,-0.01055280757,-0.00957369561,-0.0345502717,-0.009599862459,0.008394153609
5.088808574,0.007095108398,0.01815680469,-0.004746024245,-0.008899739263,0.1987138155,0.03740459126,0.09128861653,0.007967570484
5.060666926,0.004145694303,0.01171613337,-0.003064883021,-0.01581568713,0.08148534081,0.03358797878,0.08798360819,0.007745847271
5.099038485,0.003051602364,0.01159149553,-0.004308099996,-0.01610547162,0.04365147313,-0.009293173688,0.03191218327,0.008031264251
5.042393552,0.004230517963,0.01085979609,-0.001643729677,-0.01321385419,0.05947693171,0.003788862061,0.04360284703,0.008050324958
5.112972401,-0.001321206078,0.01398210031,-0.00641750732,-0.01564882995,0.04515117635,-0.007500794498,0.02778916192,0.006546745275
4.934852749,-0.001856422134,0.00753294049,-0.004128626336,-0.01626222284,0.04363607252,-0.002979327981,0.04366315799,0.009734653644
5.258193119,-0.002184357611,0.004720826406,-0.004489506876,-0.02029658642,0.04054589138,-0.005935927535,0.02669086917,0.006809253108
4.042383829,-0.002271794637,0.005665816295,-0.008630214274,-0.01652153894,0.040220835,-0.007871731865,0.03206636641,0.00569014897
-1.264964131,-0.00376594113,0.001601169475,-0.007255753967,-0.01218834072,0.03244562364,-0.006863194335,0.03076021718,0.008874160666
-1.168299809,-0.003276792074,0.006829701707,-0.004592937167,-0.01398183238,0.03693758422,-0.00729027607,0.03228060985,0.006894041319
-1.29136288,-0.00476901473,0.00901601895,-0.005959431889,-0.02250763784,0.03387554319,-0.01135938083,0.02769519125,0.005757204724
-1.227857865,-0.005408221366,0.005347651826,-0.004203740885,-0.01617456509,0.02817492318,-0.0118180648,0.02369344314,0.007464603839
-1.291159246,-0.003421518714,0.00499104143,-0.006573246851,-0.01164995435,0.02744446187,-0.0108526238,0.02684300222,0.009222388497
-1.237689068,-0.002341642704,0.004239979618,-0.006838508412,-0.01613240605,0.02891373799,-0.01367256943,0.01778082362,0.007392590846
-1.2530249,-0.006527141317,0.002587285767,-0.006654817849,-0.01854545725,0.02594708137,-0.01204752007,0.02535842418,0.006005302401
-1.256173352,-0.01493079861,-0.007208741669,-0.009070913918,-0.01500225305,0.02110966683,-0.01460845426,0.02343776106,0.006984840265
-1.264281503,-0.01361843785,-0.003338622853,-0.008945813396,-0.01635431129,0.02096734824,-0.01481649434,0.0190854811,0.006995924113
-1.281447973,-0.01365441415,-0.003117093493,-0.006643877336,-0.01714673253,0.01941771697,-0.01811935979,0.01965174562,0.006171415517
-1.298614931,-0.01119064861,-0.004860485645,-0.008185459692,-0.01740798412,0.01654548847,-0.01403474992,0.01779058254,0.007391309417
-1.22188355,-0.00701652596,-9.475929341e-06,-0.007566384545,-0.0141179185,0.01812062273,-0.0160919313,0.02023364911,0.006531256268
-1.231552241,-0.00897301142,-0.003752043864,-0.008104305447,-0.01641051388,0.01644401333,-0.01693019757,0.01235174324,0.007053421283
-1.300096887,-0.007801414881,0.002582776777,-0.004697116882,-0.01501222536,0.01625794042,-0.01889168589,0.02015012999,0.008359453808
-1.215383433,-0.004871073936,0.003616178457,-0.005957990373,-0.01204409642,0.01565919131,-0.01399630816,0.02126020051,0.00786282509
-1.450103118,-0.003894057286,0.003972230458,-0.006931965463,-0.01736121292,0.01615212983,-0.01841150893,0.02127019608,0.007835525777
