Tachometer,Motor,B1_Z,B1_Y,B1_X,B2_Z,B2_Y,B2_X,Gearbox
-0.7750509573,0.003935222768,0.006974307217,-0.00459981491,-0.01138426802,7.581314582e-05,-0.01348873122,0.007364063299,0.007187875652
-1.318222987,0.004646273062,0.01716296249,-0.004139618445,-0.01377933813,0.003338270392,-0.02263749564,0.01052800017,0.01188080532
-1.13266297,0.004234603792,0.01697911014,-0.001347666775,-0.01179656574,0.003321912723,-0.01809484551,0.01089812639,0.007369231522
-1.216262538,0.002090718112,0.006168974707,-0.005805866771,-0.01852114206,0.0012940484,-0.02415795884,0.01346405954,0.007926306851
-1.132325521,0.000254629248,0.009659392374,-0.00332755192,-0.01216999383,-0.0002472657463,-0.01971422923,0.008730724334,0.009098237459
-1.191163804,-0.002129336263,0.01129143756,-0.007199227321,-0.01740876075,0.001103429428,-0.0239186617,0.007096138031,0.008977185655
-1.144221327,-0.002798872181,0.006652188883,-0.006197216315,-0.01805131645,-0.0002065564014,-0.02338244462,0.01001872074,0.006690592356
-1.192785001,-0.001881821806,0.004272306218,-0.004272475715,-0.01400367119,-0.0004882285924,-0.01925846748,0.011893603,0.008168012522
-1.216171037,-0.002442501259,0.007913036773,-0.007773657548,-0.01811766819,0.001823732346,-0.02536772866,0.008186533209,0.009046249519
-1.176601688,-0.002136230266,0.006781158871,-0.007565592131,-0.01463764178,0.0004426923882,-0.0231516289,0.00810925662,0.008962108655
-1.155698411,-0.002363335075,0.00545751275,-0.004653423483,-0.01475470981,0.00138781657,-0.01947736182,0.01130232231,0.007981575723
-1.205571038,-0.003380751844,0.005713635263,-0.005485898387,-0.0190484056,0.00197317809,-0.0212136871,0.01049990811,0.008637578846
-1.143615497,-0.002489540998,0.006199334139,-0.004247406655,-0.01205314219,-0.00204602264,-0.0265520162,0.01087484159,0.009009290418
-1.19199136,-0.001404288216,0.004016546835,-0.007115090457,-0.0167057784,0.001618242176,-0.01644995502,0.01075351664,0.009098665077
-1.049603586,-0.01226054295,-0.002669116941,-0.007833889911,-0.01880472616,-0.001322668797,-0.02663380648,-0.002479474288,0.007347442139
-1.199000933,-0.01319626165,-0.0009731387791,-0.008644139424,-0.01399070311,-0.006532035696,-0.03071959136,0.02470665011,0.007435806861
-1.082641855,-0.008374488991,-0.007777193156,-0.009930608537,-0.0184094051,0.002716481219,-0.01058524326,0.000928191661,0.006454101302
-1.346565636,-0.01327769112,0.002328466428,-0.006801930264,-0.01457659858,-0.001787144902,-0.029951966,0.007635383899,0.009534686876
-0.9123169186,-0.007871039345,0.00149814702,-0.009672714272,-0.01361960423,0.0005066816127,-0.02567615909,0.01210060702,0.01085766996
-1.760884913,-0.007664136337,-0.002607961355,-0.006865205238,-0.01580137143,-0.001137144857,-0.01084500446,0.009383656899,0.006629883775
1.553073279,-0.006777722046,0.001399997855,-0.004227888546,-0.01557656782,0.0006020590524,-0.02945574755,0.01422588935,0.01037253197
5.637781877,-0.003025649639,0.0046493469,-0.01102381422,-0.01763578582,0.0009015723074,-0.02493746375,0.002188230861,0.01055244377
4.832529447,-0.003533738763,0.003948916327,-0.0074340024,-0.00801453988,0.0003797195408,-0.01827278521,0.01326099741,0.008585911843
5.284365326,-0.002553603809,0.007963493098,-0.001131306614,-0.01645068163,0.0006820317117,-0.0227775259,0.01357603141,0.009629057146
4.952670761,-8.585977043e-05,0.005360642363,-0.00937376283,-0.01894539477,0.002869423894,-0.02059308628,0.007903109223,0.008308852676
5.176932627,-1.902554531e-05,0.008482871922,-0.006684895246,-0.006922401195,-0.0005209989543,-0.02216456319,0.009653637968,0.01149234134
5.105408878,-0.0008653815897,0.006639917384,-0.006609640343,-0.01386180302,-0.0003835983277,-0.0211604622,0.01310400028,0.01038946777
5.092040538,-0.0003994949431,0.007072184019,-0.00505622632,-0.01913620847,0.004283629689,-0.01875682116,0.01082362208,0.007647103984
5.126342226,0.0006204476304,0.008316525947,-0.003196373962,-0.01346220142,0.001188408937,-0.0223294142,0.008388271501,0.008949010903
5.07890422,0.0008977549568,0.006282977056,-0.008484824003,-0.01157519779,9.534738993e-05,-0.02242220474,0.01389465396,0.01050151459
5.120595914,-0.0004823749142,0.007894779085,-0.004405788098,-0.01762076667,0.004248699106,-0.01945926899,0.01063154886,0.009241388955
5.064783684,0.002005877876,0.01404682431,-0.00174408551,-0.01295560819,0.002950881518,-0.0221925294,0.008494080514,0.008241445088
5.127619367,0.01266495799,0.01588958564,-0.006533998564,-0.01049096083,0.003839306504,-0.02013258553,0.01387798629,0.01134995325
5.029667693,0.009470012726,0.01736413702,-0.001794671049,-0.009158902445,0.0008393672996,-0.01927860692,0.01415846004,0.01091079613
5.123432244,0.00837894878,0.02004972082,-0.0002122618331,-0.01540966822,0.006460137633,-0.02059574431,0.008969926587,0.009495720273
5.083812599,0.007474550393,0.01489516501,-0.004805422262,-0.01755101495,0.003649614468,-0.02184093401,0.01071638369,0.00921889638
5.119027339,0.003899501508,0.01150761134,-0.00218622657,-0.0108863305,0.0005076167654,-0.02081846105,0.0115196709,0.01056155328
4.732438529,0.006529843279,0.01681958712,-0.002565294011,-0.01403908697,0.002710348491,-0.02134280859,0.01297416873,0.01086102636
-0.7050060426,0.003610597165,0.01135808373,-0.006372792354,-0.01695405423,0.002538278054,-0.02212375635,0.006809510901,0.007591890698
-1.288531255,0.001318499722,0.009155892519,-0.003833754153,-0.01028195264,0.001288158014,-0.02228515631,0.01924286199,0.007670379894
-1.140601774,0.0002696965454,0.006292026209,-0.008783872986,-0.02078225338,0.008127903084,-0.01174201429,-0.0003317473686,0.007287411807
-1.217594243,-0.001216205037,0.01206122284,-0.001503031289,-0.01176129037,-0.01144892165,-0.04414914618,-0.002134467598,0.0132888063
-1.182389768,-0.0001260839513,0.006424760621,-0.01024485031,-0.01290102373,0.00213761786,-0.01393607035,0.03722187753,0.004631251301
-1.202286814,-0.003926392288,-0.001281384521,-0.004451737551,-0.02533715065,0.008954550256,0.0008493065666,-0.01083132091,0.003271610693
-1.186923705,-0.002705354387,0.01240383054,-0.0004305936336,-0.01222573577,-0.008539135278,-0.05916378381,0.01064524544,0.01630646872
-1.193461992,0.002500782285,0.006998325994,-0.01444587164,-0.005937021522,0.003593972964,-0.01157444129,0.02652710095,0.007553640167
-1.134084871,-0.00655456069,0.00529442649,-0.003494005868,-0.02456910327,0.00251496299,0.001693671127,-0.001243402317,0.001876798359
-1.163356656,-0.003477846173,0.009675553801,0.00114530725,-0.01823686265,0.0007286643867,-0.04955894497,0.01213115918,0.01337323227
-1.17453408,0.005619886553,0.0002302695695,-0.01699582953,-0.01318895735,-0.0001619399764,-0.01837175667,0.008938420563,0.008042106145
-1.204871299,-0.01288597003,0.004326246469,-0.005951039659,-0.008712893418,-0.001652162419,-0.006386356172,0.002257491441,0.006169542757
-1.188661306,-0.01609186768,-0.001834175856,0.0006049442175,-0.0220766029,0.0003570647048,-0.03653068518,0.02319322279,0.01086430744
-1.174139943,-0.003950300593,-0.007106795962,-0.01818787227,-0.02594176963,-0.001642281303,-0.02773180078,-0.00065171076,0.00754606299
-1.180614242,-0.01449597063,0.000765001632,-0.004867129968,-0.003405183891,0.001028416961,-0.01358406753,0.01005274584,0.007558053111
-1.204847208,-0.01471357627,0.000427424086,-0.006766116568,-0.02113881907,-0.002008654001,-0.02324872973,0.01928305689,0.009328459992
-1.190918589,-0.00148885776,-0.003428395175,-0.01035116275,-0.02397988318,0.0008569714983,-0.02897285213,-0.001203878089,0.009395763009
-1.18629242,-0.00788790366,0.004978372565,-0.006154758114,-0.005250197007,0.001326078617,-0.01828900852,0.01753986682,0.007518248635
-1.170583438,-0.01004605602,-0.001516570069,-0.0090889412,-0.01877537314,-0.001696495879,-0.02092661968,0.002255704008,0.01016856687
-1.181048467,-0.002087602545,0.003884458731,-0.003516492054,-0.01920575992,0.002390542018,-0.02544304503,0.01478869011,0.009900754812
-1.189848558,-0.0001837948198,0.007111809413,-0.006096112174,-0.005980516923,0.001622752004,-0.02028847952,0.008025433299,0.008466697363
-1.196096506,-0.005088094401,0.004110497543,-0.01160213434,-0.01756281626,-0.0007196115016,-0.02010235452,0.009608873464,0.008958485322
-1.171536775,-0.0005692109095,0.009664865491,-0.001260915632,-0.01180264289,0.001561872498,-0.02488465301,0.01924806048,0.01009184919
-1.168116439,0.0009330566445,0.01223319678,-0.002783200943,-0.0151115694,0.004341881242,-0.01718255868,0.0006333803834,0.007632250207
-1.155103326,-0.003146653712,0.005260868854,-0.01120727682,-0.01670698056,0.003005359203,-0.02464820921,0.0137843298,0.009470715753
-1.193119212,-0.0004061785949,0.006591185857,-0.003316289836,-0.01023996669,-0.002537776369,-0.0240466863,0.01165634916,0.01216834931
-1.144060963,0.0007922663304,0.009759366422,-0.004209243483,-0.01399230775,0.003337611468,-0.01874615156,0.005359546128,0.008258985854
-1.157187976,-0.002507901861,0.007576782257,-0.006987451582,-0.01828448727,0.004474505682,-0.02433531571,0.01376778882,0.00889683036
-1.188076555,-0.001158046897,0.008728509458,-0.002812584724,-0.01134334626,0.0007246817785,-0.0217115764,0.01020325357,0.009877982397
-1.217584218,0.007892139039,0.0155844442,-0.004756690689,-0.01251795537,0.003691300847,-0.01729570169,0.01384801672,0.01008102411
-1.190508003,0.008202683505,0.01921896787,-0.002174590792,-0.01125495861,0.00382168928,-0.02377103411,0.008104450139,0.009937060363
-1.182473317,0.008432665103,0.01566021877,-0.0003109171046,-0.01227784205,0.004211402815,-0.01814589798,0.01436228519,0.009094647092
-1.178862143,0.01254396542,0.01601335228,-0.005942484218,-0.01571151999,0.003713222645,-0.02008156557,0.008354147377,0.01081018171
-1.21191602,0.005213135581,0.0142183974,-0.002417962851,-0.01052587999,0.0007101458857,-0.02702950971,0.0158390311,0.01108597055
-1.16773521,0.004148214904,0.01355262618,-0.005014027619,-0.01559692404,0.00618979571,-0.009429278328,0.009361279196,0.008649616845
-1.197952992,0.007319307262,0.01637175952,-0.002484447124,-0.01745857657,-0.002866198422,-0.03070739409,0.005270018799,0.01144531273
-1.185454171,0.001166459207,0.01118026338,-0.005868736286,-0.01183153726,0.002680952391,-0.02586931663,0.02774873515,0.009067016704
-1.197158178,-0.0003486292801,0.006755809064,-0.005356648269,-0.01710819702,0.00590694786,-0.006915306308,-8.691623222e-05,0.004363871776
-1.163152795,-0.0002336822236,0.01115969994,-0.004704069627,-0.01369660242,-0.005700411835,-0.03331939417,0.006811549223,0.01426082057
-1.195207643,0.0009978818647,0.006231813184,-0.01112395142,-0.01350439053,-2.765326935e-05,-0.02277786188,0.007926689129,0.009255370421
-1.201673972,-0.0055410724,0.00504798314,-0.003348142196,-0.01633954982,0.003160745155,-0.01717629635,0.0124917718,0.005310609722
-1.20963061,-0.003204117149,0.005914842113,0.001018417925,-0.02168557853,0.0005243479959,-0.02770624259,0.009577347196,0.009896880818
-1.198552623,0.002016460305,0.007177374434,-0.01176340289,-0.01316669499,-0.0009458587076,-0.01779162569,0.007242660775,0.008818914936
-1.125713404,-0.00502097429,0.008968562937,-0.00530932685,-0.00804107338,-0.0009788173927,-0.02405940364,0.01550998949,0.009228681482
-1.188065452,-0.004140209909,0.004985033483,-0.0002848704102,-0.02706686805,0.001515245323,-0.02183131298,0.007649518852,0.007295933914
-1.20787333,-0.0006984010898,0.007382269029,-0.008898769952,-0.01532052159,0.002987919227,-0.02103448094,0.009024065112,0.006751672269
-1.188448105,-0.002483820752,0.006472922617,-0.007406409933,-0.009286150739,-0.00228787226,-0.02428898531,0.006690488262,0.01052007701
-1.154866111,-0.0107374937,-0.005357130487,-0.008718159075,-0.02146487358,-0.003541497154,-0.0236672516,0.00949251489,0.00848681124
-1.175996632,-0.01215221659,-0.003103892052,-0.007281840495,-0.01934201331,-9.042242499e-05,-0.0214275584,0.009901027776,0.007028469573
-1.228391261,-0.01141128689,0.0007593649393,-0.009915828995,-0.01513843359,-0.0004783826744,-0.02355468376,0.009696555743,0.006312358921
-1.164947735,-0.01239912689,-0.006468230208,-0.00952549931,-0.01902673082,-0.001394891089,-0.02347583845,0.01270225855,0.009890960382
-1.155487882,-0.006509469115,0.00248391771,-0.004739677531,-0.01583053228,-2.192339353e-05,-0.02193557068,0.007992109818,0.009432888744
-1.208774448,-0.007592229543,0.002333964696,-0.009987825944,-0.01707582018,0.0004105100457,-0.02341610334,0.008291626785,0.00664181544
-1.212824102,-0.007491573534,-0.001966613077,-0.007076118385,-0.01390404028,-0.0003306289214,-0.0214457767,0.01077148213,0.008637871228
-1.163839883,-0.002758281901,0.004122288457,-0.005853275179,-0.01427741609,-6.636895696e-05,-0.0218777132,0.009906977726,0.01027018124
-1.182186747,-0.00501329698,0.008171409622,-0.009566934885,-0.01659496078,0.002649781892,-0.0247627872,0.008677927227,0.009956596871
-1.160044967,-0.004173877763,0.00637538953,-0.005687089922,-0.01352593941,0.0004201921685,-0.02240688988,0.01274961135,0.00828276447
-1.185219194,-0.0007182137584,0.006771197897,-0.005062729175,-0.01522006315,0.0004740158925,-0.01711671986,0.01311552094,0.007922691557
-1.186191759,0.000627622199,0.008662525937,-0.007439287059,-0.01536951,0.003080988476,-0.02377631907,0.009855494406,0.01085398617
-1.201796821,-0.001305343522,0.006810296985,-0.007087405777,-0.01287605123,0.002228529967,-0.02518113942,0.008816986282,0.009996310955
-1.217859013,0.001099219732,0.006300991294,-0.005320677172,-0.01166495229,0.0006267255278,-0.01896508536,0.009525449016,0.009859514151
-1.10669392,-0.0002432019141,0.008834988413,-0.003633731447,-0.01510772232,0.002768398672,-0.0209438742,0.01508591427,0.00953577949
-1.177815202,0.0002005263104,0.01015595175,-0.006193891924,-0.01484636187,0.001646942687,-0.02474324297,0.008654759267,0.01038267293
-1.211011476,0.0007566866803,0.006911807131,-0.008930072169,-0.01155526865,0.002260616661,-0.01543598925,0.01833407021,0.009561019236
-1.176524742,0.001207526818,0.007806593228,-0.005535410542,-0.01436701947,0.003370074515,-0.02192438361,-0.004834620385,0.009275617476
-1.137608273,0.01076601911,0.02437667175,-0.001715661689,-0.01087015662,-1.376003278e-05,-0.03091645244,0.02412302057,0.01176989699
-1.142344421,0.01177703853,0.0116222738,-0.002735139308,-0.0154256088,0.007565443796,-0.00622321827,0.0098319212,0.007752512493
-1.166869223,0.009786304803,0.01712956421,-0.000893672665,-0.0124439923,0.002881881097,-0.02431738346,0.003350978673,0.009423757244
-1.229643943,0.006975019514,0.01946656879,-0.0047234425,-0.01048154307,0.002418098455,-0.02992175777,0.01761274139,0.01361217439
-1.129107041,0.001388420477,0.01053826268,-0.002915705233,-0.01224510155,0.0004276087302,-0.007760026641,0.008309019479,0.006424247195
-1.294115006,0.004849723899,0.01546579509,9.53677219e-06,-0.01450660406,0.005413474636,-0.02374514586,0.01984080238,0.00846124786
-0.9776961685,0.006029621681,0.01090111604,-0.006708823959,-0.02142250863,0.001967623234,-0.02705006983,0.0003940563992,0.009707693872
-1.469484559,-0.0005785846451,0.01071528859,-0.009278674922,-0.01022698055,-0.001324656781,-0.01607348826,0.01020803627,0.008565526023
3.568216938,-0.001147042518,0.009155259064,-0.0008358856811,-0.01337983233,0.0005482831609,-0.02322526734,0.01491650711,0.009134853693
5.481157385,0.001444565107,0.003945890063,-0.006325723417,-0.02296117968,0.003103013654,-0.01975950551,0.004967871037,0.006552923162
4.91451855,-0.003099948482,0.008033443179,-0.006449831421,-0.01109401642,0.0004545718315,-0.02527547152,0.01083863116,0.009629594362
5.264405522,-0.00403755321,0.008834893611,-0.006929047687,-0.01544232864,-0.001026800365,-0.02325775019,0.01200086471,0.008908767777
5.053257238,-0.001521120547,0.005116382209,-0.00522642838,-0.01535531489,0.00358020185,-0.01850652631,0.01039558155,0.006902463938
5.179015726,-0.00167284468,0.00502603188,-0.002259836166,-0.01610277175,-0.0003883042576,-0.02483004744,0.006516147191,0.007221415908
5.031073119,-0.001439563077,0.005051824012,-0.009354669231,-0.01486176119,-0.0002355451603,-0.02469507928,0.01114089669,0.01030313624
5.103414191,-0.003002331753,0.008536020511,-0.00584872714,-0.01403851756,0.0005232824437,-0.01667329141,0.006940365898,0.008112220718
5.104177879,-0.002299723194,0.01025243845,-0.002853272342,-0.01531440659,0.00230256642,-0.02402787989,0.01372582593,0.007408571717
5.13405148,-0.005399388145,0.0002187539352,-0.008291039809,-0.02053844981,-0.0003984263941,-0.02273884533,0.008981083466,0.008606052337
5.151940954,-0.01488591229,-0.005085192904,-0.01070251192,-0.01163898357,-0.003752756938,-0.02086479341,0.007711219937,0.008288302916
5.027558716,-0.01098177294,-0.0008378771017,-0.009802661757,-0.01692969593,-0.000515501563,-0.02294167876,0.01125819694,0.008752000543
5.141967956,-0.01129549017,-0.004358519001,-0.006316808949,-0.0213283864,-6.714039229e-06,-0.02395985453,0.00275430018,0.005381997735
5.033398484,-0.009922692717,-0.001936182218,-0.007412939829,-0.01352939655,-0.001319152143,-0.02280003905,0.0146640134,0.008916242987
5.234589754,-0.007643199171,0.001342791389,-0.009151981251,-0.01495577247,-0.001741360983,-0.02449411014,0.009433861609,0.010776887
4.899013033,-0.009143304162,-0.001178342391,-0.008046749988,-0.0146765675,0.0007208511022,-0.02229375652,0.01125065168,0.008879109429
5.442889693,-0.004890528736,0.003669176912,-0.003798211265,-0.01565103539,0.0006422025711,-0.02276341178,0.009696986509,0.008186867499
3.484758843,-0.003138041984,0.002527109264,-0.01016030209,-0.01646987043,0.001105608538,-0.02202947157,0.01032518666,0.009510524251
-1.542588816,-0.003246619277,0.005724751064,-0.005863015829,-0.01206178175,0.001047521083,-0.02294375632,0.01138458737,0.009893948342
-0.9722439943,-0.0006522904389,0.005319110437,-0.005035820515,-0.01530320982,0.001798864826,-0.02282364223,0.007808439331,0.009100404045
-1.289078355,-0.001635833403,0.006500144101,-0.007855101481,-0.01723596602,0.004145136259,-0.0186538265,0.01149773302,0.007885134209
-1.111955871,-0.001786947706,0.007781460843,-0.003605651075,-0.01259618347,0.002592455787,-0.01704879218,0.01189810191,0.01032708362
-1.22048541,0.0005117933856,0.008366735006,-0.004889896285,-0.01510998877,-0.003720976249,-0.03083048724,0.003956935179,0.0127608827
-1.175121191,0.0002586559452,0.009936114425,-0.00839248296,-0.01471327421,0.002922613929,-0.02114628924,0.02182446808,0.007472341049
-1.231552713,-0.0006109115184,0.004439185538,-0.004237279236,-0.01717997291,0.005245133673,-0.008543407981,0.008153531209,0.006828828535
-1.164397475,0.001610544381,0.006918742538,-0.004462090619,-0.01121520281,-0.001558064652,-0.0338953965,0.001558044,0.01198260823
-1.175420837,0.0007160547677,0.008103320825,-0.01025764228,-0.007403540517,0.00389472638,-0.02086988117,0.02222134239,0.01118107914
-1.188161678,0.002051259524,0.01460255155,-0.0009170935229,-0.01629775789,0.003415828597,-0.01319376144,0.003992233182,0.006907332649
-1.149467902,0.01162113653,0.02193513538,-0.001717650301,-0.01594728051,0.007635879146,-0.02677258037,0.02147048683,0.01059884175
-1.185527085,0.0105628729,0.01397924217,-0.00706894777,-0.01251097715,0.00133347457,-0.01817850909,0.001716522476,0.01307780421
-1.153798223,0.006250894197,0.01910870234,-0.001474849494,-0.008164624487,0.002573001352,-0.02130427744,0.00358441647,0.01104169014
-1.191190756,0.004615308525,0.01434589494,-0.001605360335,-0.01862196433,0.00349373861,-0.02412802956,0.0316217251,0.009701685688
-1.189060767,0.007181756291,0.008524029873,-0.006560879506,-0.01866499137,0.00367095421,-0.01465349045,-0.008208503954,0.005508363226
-1.189193857,0.005057501465,0.02042563169,-0.002001367793,-0.002892803212,0.004551503848,-0.02492151736,0.02248768978,0.010899216
-1.195317563,-0.0006578469885,0.007556445035,-0.006558276925,-0.02125392683,-0.0009850331466,-0.02256845748,0.005033578869,0.01071260853
-1.214989366,0.0002589192231,0.01044034252,-0.00310722732,-0.01249710226,0.003353498539,-0.01926714306,0.01319297658,0.005516160869
-1.177344709,0.0007667618017,0.01096139017,-0.005949210089,-0.01675147797,0.003411823022,-0.02135764662,0.01529985731,0.008226236455
-1.202557132,-0.0005840908551,0.003654756564,-0.007218744715,-0.02069862589,-0.00247458325,-0.02502252814,-0.005763719452,0.00840594025
-1.149282826,-0.003006049807,0.006425759661,-0.004188840292,-0.01151491415,0.0009240340926,-0.02286388869,0.02601495052,0.009599277932
-1.205395816,-0.002961565587,0.00785320237,-0.006585097674,-0.01755120996,0.001471161501,-0.02074229815,0.001382980767,0.006634776904
-1.202682844,-0.003686904162,0.005937375859,-0.006792673364,-0.01782461496,0.002338486945,-0.02088876407,0.01849503781,0.008450725617
-1.213326988,-0.001572574856,0.00870020789,-0.002991474765,-0.01144920655,-0.001763285783,-0.02525233114,0.006085662867,0.01078776033
-1.197568331,-0.003327450094,0.008526205455,-0.009589982339,-0.01799120925,0.001718075348,-0.02060770596,0.008710271543,0.007329206256
-1.206340326,-0.003881728372,0.004420832427,-0.005230627122,-0.01425905072,0.00285570679,-0.02135379245,0.01278610538,0.007511792032
-1.213324635,0.0001116081144,0.006666907925,-0.004109796532,-0.01626164358,-0.001853132682,-0.02213318637,0.004358556864,0.009253696203
-1.179932285,-0.01084747137,-0.002681493971,-0.01087415258,-0.01820906551,-0.0002681092394,-0.02456947604,0.01283325841,0.009679907579
-1.198986964,-0.01618773748,-0.003750316116,-0.009523571505,-0.01650692803,-0.001284846624,-0.02288870124,0.006211624547,0.00861396907
-1.189053757,-0.01036762639,-0.0009674311351,-0.00757996648,-0.01629624335,0.001326810056,-0.02292008858,0.01213026651,0.006884827269
-1.199244675,-0.01191589631,-0.005729661791,-0.006869403307,-0.0186362969,-0.002838538605,-0.02602965861,0.009439725375,0.009598401945
-1.167316466,-0.008379813748,0.0004532690173,-0.008618633958,-0.01388112352,0.002231204013,-0.01545608708,0.01126239002,0.008590294629
-1.203493436,-0.006955377176,0.0005435390635,-0.006429219479,-0.01781110178,0.0006522946445,-0.02992423512,-0.002608641531,0.008610012421
-1.179598731,-0.006848237066,0.00210387253,-0.00910918492,-0.01387141409,-0.002983918831,-0.02574041994,0.02399730504,0.008583839305
-1.174391907,-0.004746881456,-0.0007918371098,-0.005916081186,-0.01480004985,0.004368344318,-0.009538958541,0.004108971023,0.006998608565
-1.160018741,-0.004996290293,0.009512202973,-0.006852607419,-0.01507056018,-0.000515356636,-0.03134359636,0.007747437862,0.01103980968
-1.196347169,0.0004748618697,0.003603915417,-0.01000651651,-0.01342651335,0.001529458749,-0.02386110328,0.01424252819,0.009787666186
-1.179634611,-0.003575163135,0.007462624583,-0.003233074934,-0.01476024939,0.0009474120056,-0.01603966376,0.009445893903,0.006192098754
-1.125942657,-0.001055846892,0.008265812834,-0.003177464125,-0.01652806929,0.0037581633,-0.02411191519,0.01234829292,0.01079027908
-1.184441548,0.001532666396,0.005221102166,-0.007291367288,-0.01579042457,0.001145582902,-0.02415930325,0.005551678907,0.008865941577
-1.170719267,-0.002803869707,0.008543100693,-0.00511275564,-0.008939888151,-0.001779007204,-0.01945164756,0.01214873158,0.01067739116
-1.134578848,-0.002267892907,0.01020855617,-0.003195982521,-0.01582045264,0.004476353367,-0.01907483899,0.007958489358,0.009698359861
-1.216027783,0.00113217595,0.007499983716,-0.006176087174,-0.0187512077,0.005711396505,-0.02349278755,0.01910376328,0.008242703109
-1.157459378,0.001064751189,0.006398745364,-0.002741562121,-0.01331924786,-0.0007162388709,-0.02145690883,0.005558135103,0.01168222917
-1.171079644,0.0009946536871,0.01162509348,-0.009773632195,-0.008986319529,0.001235537946,-0.0196978182,0.01201197878,0.008655426731
-1.186691428,0.009466906861,0.01829606011,-0.001845578405,-0.01409102069,0.006979854064,-0.02217394976,0.01400251973,0.01000502128
-1.165929649,0.01192160062,0.01727453866,0.001663011137,-0.01604999315,0.003913847899,-0.01810951154,0.00556101715,0.00902961513
-1.20165669,0.008382226805,0.0179766514,-0.005467313557,-0.01076165712,0.004163089518,-0.02276480606,0.01667451884,0.01062720266
-1.18677132,0.007015993632,0.01872771267,-0.002363698158,-0.01469228217,0.002037343808,-0.02348213207,0.008430825539,0.01113652451
-1.148565848,0.005651587425,0.01363652021,0.000982537762,-0.01482609967,0.003861395077,-0.01786462559,0.01347403375,0.007480745548
-1.13079893,0.005852252032,0.01392188943,-0.003849634932,-0.01569579983,0.001987731466,-0.02041574632,0.00697285767,0.009287476424
-1.173179658,0.002480159427,0.01340279066,-0.005876064009,-0.0105861882,0.0008724347107,-0.02140172651,0.01288005155,0.01013799641
-1.153474896,0.001900044968,0.01015514256,-0.004689132035,-0.01645818358,0.003566978768,-0.02120718648,0.008101640444,0.00884414386
-1.176427959,-0.0006300295839,0.007913653494,-0.006005777954,-0.01812486585,0.0004544344654,-0.02408995732,0.006691635604,0.006759070148
-1.119994522,-0.001670659544,0.00710617863,-0.005955988417,-0.01212962587,3.617322013e-05,-0.02075606407,0.01483358651,0.008281394368
-1.141566424,-0.001645813442,0.006247838779,-0.004729417942,-0.01541277115,-0.0002592203607,-0.02146935942,0.00592061807,0.008834340986
-1.140116412,-0.002708202941,0.004877462195,-0.006627651609,-0.01803698517,0.001796423831,-0.02441232924,0.01008197493,0.008452817102
-1.153177489,-0.001158960517,0.0078187008,-0.00566933951,-0.01742864222,0.00165223655,-0.02332563389,0.007255274932,0.006445392536
-1.206668014,-0.001560666482,0.005458379257,-0.005360823375,-0.01443736633,0.00139144169,-0.01842930492,0.01144838011,0.00731942918
-1.222849102,-0.0009959694634,0.005279595181,-0.003305531661,-0.01351095617,-0.001638862039,-0.02649402483,0.009388086653,0.009793064221
-1.142603168,-0.003527288456,0.006897267207,-0.009077092839,-0.01522324772,0.001909939498,-0.01743143506,0.01594766805,0.00741957357
-1.148786589,-0.002867376474,0.006949704781,-0.005330937652,-0.01639913667,0.001487653286,-0.02077713084,-0.007504133581,0.008430059299
-1.148727958,-0.006583621901,0.009211309504,-0.005193792802,-0.01307157261,-0.004538039948,-0.03415402061,0.02669064059,0.01006541245
-1.163056635,-0.01287155233,-0.01176455953,-0.009799681538,-0.02227482833,0.002929501497,-0.008100666383,0.007527889805,0.004461306119
-1.216356547,-0.01303571624,-0.0003070009511,-0.00557603836,-0.01571099323,-0.001956673961,-0.02571409974,-0.002300631248,0.00795434106
-1.12638175,-0.01019844956,-0.003631944273,-0.01338118649,-0.01308143861,-0.002189942015,-0.0345992802,0.01951246574,0.01136037507
-1.179128833,-0.009939761695,-0.004998000905,-0.009098662873,-0.01519325168,-0.001943212064,-0.008953902749,0.002381993855,0.004318945243
-1.117375326,-0.008109642543,0.004831126867,-0.001748324575,-0.01422520773,0.004883523293,-0.02468729008,0.01727855385,0.007293088594
-1.259518637,-0.007546984661,-0.001678469966,-0.01079267107,-0.02340747918,-0.0005594255198,-0.03069208282,0.002337096298,0.01089739347
-1.072741562,-0.004019169136,0.0003012682621,-0.01028896877,-0.008225188824,-0.001446292251,-0.0168842405,0.008227367744,0.008541751545
-1.355038261,-0.005718847815,0.007796496818,-0.002125136499,-0.01037993882,0.0008124048861,-0.02276855723,0.01707892506,0.009951648354
-0.9122962449,-0.001434068384,0.0016552827,-0.008683718547,-0.02513298066,0.003551045727,-0.0202360199,0.00602991233,0.006496006274
-1.642920305,-0.0003113908257,0.006015216899,-0.005501206902,-0.008568628101,-0.0001039646946,-0.02441254751,0.01088209372,0.009964819151
2.828814822,-0.001675422863,0.01012092868,-0.008651320851,-0.01336069686,0.0003324241346,-0.02187246181,0.009806778214,0.0109565633
5.62746229,-0.001252382139,0.006948519179,-0.005939255816,-0.01746651296,0.005634204293,-0.0181863791,0.01275010147,0.009262664896
4.876778301,0.0002610558666,0.007679268859,0.001037582278,-0.01208178855,0.0002179481078,-0.02039543672,0.009720453562,0.009964814979
5.209578487,0.00123356544,0.006696539374,-0.009789093358,-0.01322494457,-0.00011429269,-0.02338440438,0.01008635245,0.01145975678
4.987656081,-0.003258616759,0.00788095746,-0.007607840132,-0.01383436533,0.001685602813,-0.02107836283,0.01155988014,0.00967796958
5.174107597,-0.0007649668577,0.01127015924,-0.0008531223585,-0.01080616446,0.003148068034,-0.0199397856,0.006845408588,0.00824661572
5.075067002,-0.0008451970205,0.004220778896,-0.008237676593,-0.02022524147,0.00167650034,-0.02210986105,0.01216620267,0.00904927827
5.124081884,0.004713461098,0.01279004307,-0.004069109673,-0.007683074686,0.000433530601,-0.02301418079,0.01223076058,0.01162597506
5.089497832,0.01095485795,0.02266369267,-0.002495427527,-0.01095820233,0.00502817562,-0.01834610547,0.01027508869,0.01039441429
5.060287226,0.008221498103,0.01566713477,-0.003193754564,-0.01637694279,0.004387248692,-0.02202228985,0.0095416658,0.008090337054
5.102962221,0.01028865434,0.01616006429,-0.00131272133,-0.01062751668,0.00164792652,-0.0192288816,0.01564982117,0.01109999896
5.013430042,0.006775901925,0.01418380917,-0.005180102422,-0.01333403907,0.002193286008,-0.02082607912,0.01024322098,0.009796386152
5.111995725,0.004343163662,0.01419763465,-0.004452099379,-0.015202329,0.002901797549,-0.02214738801,0.01133558668,0.008144527417
5.06176081,0.006935848954,0.01541098913,-0.0001773663609,-0.01454025505,0.002411682387,-0.01978823582,0.009871052013,0.008198176715
5.106154403,0.002082446485,0.01109052911,-0.007062042622,-0.01500503847,0.002074535178,-0.02034529532,0.01336902337,0.008301889302
4.954540962,-6.093614084e-05,0.007458442666,-0.004388097764,-0.01335331892,-0.001153088149,-0.02544190849,0.00889353375,0.009791342631
5.272603178,-0.001191988573,0.009915656904,-0.00493397745,-0.01594202477,0.001381206562,-0.02209109818,0.01181026547,0.007059897768
4.191169405,-0.001225017744,0.008023175537,-0.00870815883,-0.0177052946,0.004658485897,-0.01558093687,0.002561210571,0.006469939461
-1.161874372,-0.003558972609,0.004922493966,-0.004397302509,-0.01429500019,-0.00669517222,-0.03408272127,0.01263684411,0.01063686884
-1.170249118,-0.000515077606,0.004000909488,-0.008387376991,-0.0152239477,0.001805754558,-0.01420094173,0.01672154892,0.006276997746
-1.233625681,-0.003384891124,0.006660592051,-0.004168315328,-0.01830485339,0.002984617478,-0.01928206946,0.001415054029,0.005278195517
-1.166901686,-0.00449547039,0.00925725406,-0.006437246487,-0.01417254716,-0.0005340498015,-0.03208936497,0.01439434131,0.01076856391
-1.21805836,0.00103231344,0.003053816532,-0.006812799384,-0.01282993843,4.059324955e-05,-0.0192765713,0.007910476999,0.006983354595
-1.102489665,-0.004521977281,0.007762638438,-0.006329580166,-0.01700019663,0.004273140753,-0.01095862691,0.01762897986,0.007300042226
-1.235691645,-0.001680984469,0.006573036616,-0.002964672234,-0.01537234739,-0.001154749827,-0.03200660464,-0.002872840271,0.01112408135
-1.224759251,-0.007860794375,0.0001566815413,-0.01219013542,-0.01636321722,-0.004809758756,-0.03425087785,0.01204921756,0.007544056516
-1.187815115,-0.01466760631,-0.005909206867,-0.007936521897,-0.01243061131,0.003283458904,-0.002914010013,0.01809440809,0.003866776667
-1.204899472,-0.01218686386,-0.004818344432,-0.004152919728,-0.0287589357,-0.003226422,-0.03138128986,-0.001317239799,0.01016051383
-1.17595858,-0.007723546944,-0.0006987697886,-0.01624785041,-0.008953320163,-0.0004817714626,-0.0314354669,0.01580056614,0.0108946709
-1.173530268,-0.009055213851,-0.001470790765,-0.006801448425,-0.01092074672,4.483011007e-05,-0.008224738975,0.005747451618,0.006607348807
-1.169969454,-0.01094066565,0.000759107397,-0.002741756423,-0.02263738745,0.00144629929,-0.02972464959,0.01262397797,0.00842169665
-1.237233425,-0.004612978057,-0.0004721874131,-0.009941878064,-0.01771838374,0.001417392223,-0.02274912193,0.010357974,0.009823619873
-1.167058951,-0.003664053452,0.003784429339,-0.008760432726,-0.008188603909,-0.001302311827,-0.01974550183,0.0001638384734,0.007806322445
-1.152492688,-0.006015755295,0.005339412648,-0.001800850889,-0.01737922533,0.0001058626095,-0.02581192642,0.02324272545,0.01006297125
-1.184153642,0.0001063201146,0.00532777931,-0.007187815534,-0.0188225326,0.004794349804,-0.01720128416,0.002999375948,0.006329788979
-1.164899311,-0.0006487968,0.007822489744,-0.007441387163,-0.00610285718,0.001820322372,-0.02273292746,0.01123629822,0.009950839881
-1.199904808,-0.001173554741,0.007038209682,-0.007561637437,-0.01784325423,-5.359035968e-05,-0.02596998896,0.01335273737,0.01244029396
-1.167726146,-0.0002945857259,0.008922118287,-0.005152100084,-0.01049280707,0.002766239675,-0.01992271204,0.007133012414,0.007846456039
-1.180101333,-0.0007463811482,0.01122224728,-0.005242495097,-0.01275033535,0.004310367788,-0.02250773964,0.01383426936,0.008795054663
-1.21153934,0.0008739815063,0.001486061572,-0.007775820033,-0.01855166205,-0.0001101773277,-0.02344085012,0.006366776095,0.01204211101
-1.175246069,-0.0004289319396,0.009600946942,-0.003191430546,-0.009998847291,0.002755353848,-0.02125077605,0.01429021928,0.01081492412
-1.212013114,-0.001294305171,0.01116876123,-0.004968751925,-0.0124309138,0.003134620032,-0.02105891248,0.009257663538,0.008580216894
-1.167046716,0.0002253241595,0.00623396223,-0.007232040107,-0.01746261542,0.003878800233,-0.01798594189,0.01141858609,0.007826198862
-1.203169765,0.01056212179,0.01608356165,0.0002944049206,-0.007613336701,0.002587275081,-0.02510730631,0.01368541009,0.01161827253
-1.148571682,0.00975016924,0.02023346487,-0.004472807222,-0.01383382645,0.004665506598,-0.01833414505,0.00829491729,0.01054835976
-1.179568158,0.007197105988,0.01734356465,-0.002291175488,-0.01119381948,0.003630636696,-0.02227813396,0.01290109035,0.007812511367
-1.212265167,0.009859760931,0.01670600565,-0.002667860821,-0.0137913509,0.003795063496,-0.01593044938,0.01705727939,0.01039304412
-1.183078107,0.005801709731,0.01123061437,-0.004240355599,-0.01525496162,0.003511760281,-0.02558351228,-0.002414878974,0.009202839513
-1.159180634,0.002876373509,0.01913251072,-0.005916520765,-0.01101498041,-0.001342395321,-0.02780408032,0.02170380857,0.01081359345
-1.168540172,0.00679657135,0.01094569667,-0.004003125005,-0.0153845139,0.006398140533,-0.008278495664,0.00894755854,0.00615542559
-1.207757067,0.001065005705,0.01012744481,-0.003930151997,-0.01815936026,0.000988550507,-0.02826302917,0.00819835778,0.007493715634
-1.225512557,0.001025151295,0.008535285735,-0.009077158795,-0.01333582517,-0.0005912313918,-0.0274519135,0.009883383216,0.009697243004
-1.203693811,-0.0008644188893,0.007282351146,-0.005171075926,-0.01405612952,-0.0006125697705,-0.01465851227,0.007811289002,0.006399835991
-1.178205884,-0.002643894915,0.008874322386,-0.002047560169,-0.01757749802,0.001409951444,-0.02705413322,0.01397289954,0.007988160937
-1.215128645,-0.001767350385,0.003151558141,-0.006489959053,-0.02338294867,0.001079733981,-0.02385380643,0.004636872844,0.007116162634
-1.19039277,-0.00258956489,0.007829573758,-0.006660743443,-0.008495212347,-0.001234698028,-0.02041306921,0.01165899795,0.008827896679
-1.181663444,-0.003376826415,0.00749522483,-0.004778645901,-0.01516269924,-1.463237565e-05,-0.02264441929,0.01329241303,0.009927950554
-1.185792805,-0.001712699184,0.005505487491,-0.007061806881,-0.02117476676,0.003938661417,-0.02072476839,0.008249256886,0.006257029338
-1.18601954,-0.002616502826,0.008055094207,-0.006670802879,-0.01210562085,0.00214114911,-0.02217492524,0.006594334042,0.008004404909
-1.119434145,-0.001670140403,0.005102434599,-0.006693589233,-0.01471447524,-0.0007153724618,-0.02237017806,0.01653122554,0.01022086424
-1.206721527,-0.00407754634,0.001895115179,-0.003694878019,-0.01543972405,-0.003235545163,-0.02063802561,0.0006493089026,0.008428423575
-1.180901462,-0.01202080365,0.0005971634478,-0.008853443204,-0.01753278899,0.001375987698,-0.02346782182,0.004981807716,0.004858063326
-1.149968584,-0.01143355203,-0.007024165278,-0.009820363097,-0.01980007296,-0.0004531370068,-0.02916217674,0.02316094011,0.008892293205
-1.209019659,-0.01019642395,-0.005354460443,-0.005438064343,-0.01687387529,-0.003074725624,-0.0194988646,-0.003496802429,0.008898725817
-1.200898553,-0.01177807412,0.003211383179,-0.01113605387,-0.01090194603,0.001312017825,-0.02031296524,0.01751310695,0.00658206639
-1.190958372,-0.008571793499,-0.001723434113,-0.009621272254,-0.02057188661,-0.0002074232378,-0.02594105681,0.008171683311,0.008711918578
-1.179741419,-0.006825479762,-0.000307111203,-0.003346025132,-0.01345245877,-0.001270627481,-0.01981300745,0.007885672372,0.008206462981
-1.125998924,-0.007451093872,0.004517766969,-0.01018068143,-0.01587368876,0.002654532643,-0.02152588368,0.01318390007,0.01020441426
-1.138106548,-0.005743468629,0.003060551123,-0.00738519691,-0.01601975117,-0.001261659855,-0.02571346608,0.003737954295,0.008399341611
-1.142930104,0.001232406001,0.004152641656,-0.0029713858,-0.01405620805,0.0008312789755,-0.02027950882,0.01866607204,0.009714230864
-1.195362468,-0.002943198667,0.00680600665,-0.007983470004,-0.01729284295,0.002124369019,-0.02167675015,0.002839008818,0.009189842238
-1.253530852,-0.00277192503,0.008525733024,-0.006741691376,-0.01301236172,0.002023498632,-0.02299613704,0.01742284748,0.009710433292
-1.177671202,0.001437646429,0.006820226223,-0.003738960394,-0.01474371451,0.002189566387,-0.02140991641,0.006423647171,0.008643929504
-1.161429074,0.000330993715,0.007267346514,-0.008586705669,-0.0158170969,0.002245131955,-0.02219367159,0.01281326322,0.009633916911
-1.170520533,-0.001124355379,0.008075289589,-0.005397854887,-0.01064518603,0.002798491918,-0.02550866733,0.008713709804,0.00902877167
-1.204038724,0.0007515632061,0.006611065022,-0.006989386564,-0.0133006639,0.001613519676,-0.01737020598,0.01609978812,0.008469894789
-1.129558858,0.001028281858,0.006456158314,-0.004971015723,-0.01700081109,0.006527840151,-0.01607371174,0.001221627586,0.009624738644
-1.180905903,-0.003942924026,0.01364572003,-0.003402687363,-0.01178309498,-0.004989501297,-0.03799849436,0.01486276525,0.0115529503
-1.165286777,0.003276463028,0.01099881931,-0.008208618374,-0.01419349626,0.008028651373,-0.01349595398,0.02655103787,0.007451344694
-1.174918546,0.01152862317,0.01644040709,0.001720222079,-0.01564387161,0.00574856201,-0.007912739969,-0.006082253046,0.006956858464
-1.175841212,0.007083573762,0.0223108529,-0.004521380276,-0.008151100095,0.001129365051,-0.03690822541,0.01950096905,0.01335019004
-1.178780683,0.01025066031,0.0154191646,-0.007223947626,-0.01204995773,0.003422235554,-0.02096043224,0.01174952251,0.01013682924
-1.165731811,0.005676122083,0.01468949556,0.0004141424496,-0.0119029281,0.004236736471,-0.00728729784,0.006546987367,0.005806005166
-1.200936559,0.0052432203,0.01556590179,-0.0001741177332,-0.01741286582,0.003191259403,-0.03121599327,0.01489945361,0.01191631463
-1.16836405,0.008022612932,0.01315888177,-0.01144680395,-0.01666429181,0.001081790739,-0.02462075751,0.007779697695,0.01007504933
-1.119317644,0.001878628058,0.01292462909,0.0009018002276,-0.00410069912,0.001845280382,-0.01265744056,0.01050701916,0.008744047336
-1.201747528,0.0007477729152,0.01073805769,-0.00506068851,-0.02163093665,0.0008728575001,-0.02616592912,0.012004526,0.007728097668
-1.060740573,0.00102808767,0.005894841436,-0.008998305294,-0.01725050395,0.001704172042,-0.02592622885,0.01157750528,0.006260457094
-1.328197902,0.001086104093,0.008232445139,-0.003696612859,-0.01160096107,0.0002442760779,-0.01552777465,0.003121327688,0.008818407177
-0.9374744194,-0.003192347775,0.006386770019,-0.009051046246,-0.01706805458,-0.001833948945,-0.02719537721,0.01089647752,0.009374903253
-1.670465156,-0.002316942416,0.00605591604,-0.004892859191,-0.0188956283,0.00249464179,-0.02453668121,0.01583527919,0.006674748255
2.752694253,-0.000414878867,0.008437406168,-0.002761946049,-0.01307886933,0.00160727807,-0.01801047256,0.003108597409,0.007038973035
5.518431238,-0.002972565685,0.006217935441,-0.009002143066,-0.01693990895,-0.0008126849314,-0.0254650051,0.01261244769,0.01072891517
4.824504896,-0.002755258816,0.008856356992,-0.00533073831,-0.01384145104,0.0004913245077,-0.02629714729,0.009687127108,0.009346302001
5.266509447,-0.002472662785,0.006140165981,-0.00435914746,-0.01501756529,0.001303304719,-0.01738957582,0.00862029122,0.006691213541
4.957869451,-0.002038873821,0.005121483443,-0.007615244355,-0.01740049168,0.0004596827386,-0.02300500521,0.01223668697,0.009020314137
5.182943125,-0.007791124397,0.001973827323,-0.007963251308,-0.01357755403,-0.001118674696,-0.02350113514,0.008671237349,0.009359081394
5.079491241,-0.0149755734,-0.003636787489,-0.01003272104,-0.01818477206,-0.0002511839302,-0.02226105511,0.006432304523,0.007196320307
5.143127267,-0.01276288438,-0.00410929556,-0.006670978838,-0.01843506152,-0.001115395408,-0.02420826185,0.01210972015,0.007437915539
5.107963042,-0.01206578387,-0.003588426382,-0.008009361732,-0.01568301173,-0.001752117641,-0.02307091375,0.009893145939,0.00744706171
5.107629066,-0.007892976959,0.001171939346,-0.01072087826,-0.01578221631,-0.0007995649336,-0.02403948306,0.00740339932,0.00958805624
5.103135848,-0.007652745411,-0.000524870245,-0.008358289094,-0.01481864884,0.0007592412454,-0.02368458293,0.01226291937,0.007629358577
5.098056909,-0.008381285749,-0.001649976163,-0.007210649933,-0.01487173505,0.0008729369414,-0.02077237447,0.009159778604,0.007142475184
5.161604191,-0.003821142027,0.004931573829,-0.0076150355,-0.01475017413,0.001404610423,-0.01994586569,0.009536958815,0.009200594887
5.053322764,-0.004631666633,0.003776363071,-0.006049228265,-0.0145858771,-0.0008678732588,-0.02641175063,0.01301438997,0.01077640189
5.173401779,-0.00238217989,0.005689391195,-0.008504007729,-0.01625683466,0.004454873257,-0.01579264963,0.008981663511,0.006064538465
4.939888228,-0.001787624663,0.008729529538,-0.004045088129,-0.01483605155,0.002889496129,-0.02577863542,0.003016897568,0.008423120784
5.32584302,-0.000709958345,0.007941375753,-0.005683480355,-0.01267091445,-0.00274471376,-0.0262460792,0.0207644297,0.01041702286
4.057290765,0.001310170486,0.004820854072,-0.006625365919,-0.01498341543,0.00483454051,-0.009909558161,0.006081407883,0.00795435069
-1.2780815,-0.002404664463,0.01131029257,-0.005235326434,-0.0158843125,0.003166694891,-0.03062903235,0.009440246975,0.01002956718
-1.115520126,-0.0001490481014,0.006117431929,-0.00806189221,-0.01015340949,0.002977468149,-0.0204566407,0.01203589982,0.009561953432
-1.252700038,1.464552785e-05,0.007304366449,-0.00425929847,-0.01066926214,0.0001933114038,-0.01391041886,0.01175175183,0.01009565072
-1.112493847,-0.000749032315,0.00907483474,-0.00542283217,-0.01699903743,0.002358376129,-0.02850175958,0.01242563989,0.01091756065
-1.199334663,-0.0007139222061,0.006788415491,-0.008140202122,-0.01621615479,0.002654331071,-0.02135751891,0.006939185074,0.009132398502
-1.177893406,0.008376492431,0.01676546087,0.00049033118,-0.005178516464,0.001889608353,-0.01814326455,0.01157236925,0.01107779934
-1.171266246,0.01104611826,0.0182236011,0.0004145934609,-0.01708649604,0.002852830923,-0.02143096503,0.01822954267,0.01182422337
-1.158484869,0.008190933018,0.01463987197,-0.006809321073,-0.01591328016,0.005873553374,-0.01396169241,0.008594704237,0.00928976352
-1.196063536,0.009204336985,0.02203616731,-1.846497418e-05,-0.00477036023,-0.0009698712614,-0.02997744355,0.008043844723,0.01247314736
-1.193939505,0.004972313848,0.01375304911,-0.007600217275,-0.01593163294,0.005017235102,-0.01983124843,0.01881125382,0.007748618999
-1.183738988,0.004548381719,0.01169359331,-0.001088982132,-0.0145620341,0.003409923885,-0.01033490234,0.005065242304,0.006693825116
-1.216285487,0.00755410264,0.01567603397,-0.002942642953,-0.013690189,0.0003083370785,-0.03276755369,0.009609431837,0.01281027013
-1.210383249,0.001701972868,0.008801540096,-0.01135948198,-0.01436990152,0.002779654781,-0.02028673058,0.01223901226,0.009058760563
-1.186329421,-0.002609039365,0.01059177489,0.001474111104,-0.01507497968,0.0009526626627,-0.0150312875,0.007018500514,0.006007985506
-1.177585021,0.0005628854999,0.01140151031,-0.005888745117,-0.01780643542,0.001956938821,-0.02743118817,0.01485877724,0.009485785712
-1.207862639,0.0005311726881,0.003368839151,-0.01255475672,-0.01711258522,0.0009187092218,-0.02074346124,0.005599332639,0.008382355203
-1.229260214,-0.005596978126,0.007887156478,-0.002497708306,-0.0100544994,-0.0007992860858,-0.02282604378,0.009450586423,0.00876866663
-1.220683179,-0.001804494521,0.008253924353,-0.007140731692,-0.02126409504,0.002329618742,-0.02238170508,0.01192572272,0.007784725006
-1.220437941,-0.001088054971,0.004824686293,-0.007622792603,-0.01538681607,0.001592440846,-0.01966956733,0.006405276698,0.008156950465
-1.190826946,-0.002424315678,0.006632336521,-0.004009911333,-0.01205901909,-0.001469427226,-0.022552159,0.01174831973,0.009898671519
-1.175411123,-0.003521819083,0.006071765813,-0.008217332407,-0.01990929172,0.0006241824996,-0.0249636509,0.007456789262,0.009422062815
-1.241024407,-0.003555345194,0.007821948256,-0.004545317708,-0.01286651583,0.002456424467,-0.0195833074,0.01040797396,0.007601606543
-1.214587884,-0.002616109838,0.003985150686,-0.004649064462,-0.01557259656,-0.000745393969,-0.02376300055,0.01093146425,0.008815894436
-1.205273229,-0.01130989737,-0.007628220206,-0.01034681859,-0.02237092027,-0.00172852221,-0.02364901646,0.007675041282,0.006852985823
-1.181174536,-0.01368238564,-0.001674083131,-0.006180193229,-0.01152656596,-0.001530583011,-0.02916971726,0.007747181323,0.008293058334
-1.201093087,-0.01204214434,-0.001083328388,-0.009647188791,-0.01787041506,0.0008538251822,-0.01266266518,0.01380955664,0.005953865166
-1.222319286,-0.009870573199,-0.006185266054,-0.008090166362,-0.01855691874,0.001440029434,-0.02150866534,-0.002077872832,0.009535628082
-1.194464979,-0.007446380026,0.006047409654,-0.004191175508,-0.01070153872,-0.005113800067,-0.04396019781,0.0227147627,0.01290811252
-1.171974422,-0.007944276561,-0.004072284067,-0.01262669283,-0.01929990027,0.004594568678,-0.003547069717,0.005435170857,0.003402523326
-1.192726986,-0.009028732533,0.00309553883,-0.003803476635,-0.01157041805,-0.0002331134927,-0.02071281251,0.008135178652,0.00905793027
-1.162045102,-0.00232429538,0.004902305382,-0.009311595392,-0.01768440477,-0.0007220207755,-0.03805922672,0.0144799461,0.01201056513
-1.156938626,-0.0008702627766,0.002002807304,-0.008701732522,-0.01298979385,0.004045911105,-0.008253654356,0.002970890439,0.005180695213
-1.13688607,-0.007782142404,0.01134164737,-0.002557130882,-0.0108350266,0.001482070783,-0.0229831338,0.01734401377,0.00897507277
-1.160262954,0.001443948775,0.005552500024,-0.006863052282,-0.02579119269,0.001400563567,-0.03214286132,0.006727596745,0.01188430693
-1.173696149,0.002972823227,0.004920337989,-0.008232981059,-0.007633653396,0.003816120039,-0.01437495444,0.009193126378,0.008266894949
-1.188205511,-0.004236992231,0.0115841185,-0.003836985337,-0.008693669303,-0.0001905590338,-0.02399186013,0.01256595094,0.0121676748
-1.19514487,0.0008383218075,0.006105987222,-0.008333955449,-0.02369308337,0.004711239012,-0.02346897412,0.01467816888,0.008366823204
-1.201660722,0.002618288014,0.009733806991,-0.002366892659,-0.006333773038,0.00385381639,-0.01942465856,0.003804770233,0.007980614292
-1.23671366,-0.001434168371,0.009273374884,-0.007999048346,-0.01758561978,0.0004696497587,-0.02234396384,0.01350723855,0.009077597353
-1.178597718,-0.0005973289804,0.003989755687,-0.006251879675,-0.01188312484,0.001739544877,-0.02373734971,0.0136561362,0.01029799113
-1.195551611,0.005654813109,0.01343537222,-8.697315372e-05,-0.009793296955,0.002621750363,-0.016908624,0.0098357034,0.009413521907
-1.187159624,0.01116615381,0.01720126761,-0.006044861609,-0.01710589553,0.005296959518,-0.02588756277,0.01188877022,0.01181168656
-1.166788895,0.007800674623,0.01738779662,-0.002435465114,-0.01192705908,0.003516096305,-0.02090408755,0.01354816779,0.01026337146
-1.168288488,0.01054746715,0.02033320801,-0.0004988577255,-0.008279280578,0.004329667191,-0.01715118538,0.01385546756,0.009733089985
-1.118834116,0.007338130196,0.01271326434,-0.007570965505,-0.01719076959,0.003599795525,-0.02265122029,0.005004981325,0.008604492499
-1.188198753,0.003560651946,0.01420252315,-0.00224036716,-0.009155844401,0.002816754145,-0.02237462908,0.01225956594,0.00878931931
-1.19197313,0.007565007432,0.01444315774,-0.004664001288,-0.01701701078,0.00405849506,-0.0187756439,0.01421264085,0.009576078493
-1.197137369,0.002622925632,0.009420738496,-0.00553241679,-0.01728561817,0.0006304128185,-0.02391231342,0.002865444386,0.007947971049
-1.192439021,0.0003177983705,0.01154535927,-0.00596730639,-0.00875273931,0.001838297213,-0.02044080704,0.01795587855,0.007873941917
-1.180620631,-0.0007697163713,0.00815001539,-0.006370286471,-0.01883510911,0.0009713576661,-0.0225141187,0.002488467285,0.007846539995
-1.175661485,-0.00118213648,0.008782018225,-0.003451430141,-0.01658970347,0.0007824427513,-0.0236794973,0.01442057867,0.008059988564
-1.165314614,-0.004303398505,0.008046105745,-0.006700484172,-0.01544984514,0.001339489787,-0.02196341673,0.008488532471,0.006474564063
-1.199515025,-0.002355595096,0.004776264725,-0.006605495887,-0.01801910062,0.001450665737,-0.020573824,0.008795118826,0.00640053831
-1.159989253,-0.001135968756,0.006612505465,-0.0025142687,-0.01450785723,-0.0001677218563,-0.02621072933,0.009540530671,0.008977925768
-1.175180293,-0.001635359494,0.006997933719,-0.00851940483,-0.0153267648,-0.0005730310584,-0.02217265146,0.01425120189,0.008232429403
-1.190528889,-0.002238908076,0.004993678561,-0.007628939699,-0.01700068008,0.005450594438,-0.01368943491,0.005386992689,0.006288277799
-1.186175116,-0.002403884046,0.00989404713,-0.002648833675,-0.01605090943,-0.004597854681,-0.03584396418,0.009625296413,0.01124197674
-1.222022002,-0.001415279225,0.005742607513,-0.01066265346,-0.01547382159,0.003749300681,-0.01760694291,0.02255045888,0.007175799269
-1.145056843,-0.007845339539,-0.0008830697472,-0.006093211857,-0.01655816624,0.0009397935582,-0.01095095996,-0.008995373466,0.004714059203
-1.174651836,-0.01443376754,-0.00264498172,-0.01052514395,-0.01592371278,-0.004975064893,-0.03726380977,0.01479129227,0.01144721569
-1.207171058,-0.008214187973,-0.007227164275,-0.01063112259,-0.01662334569,-0.0006109789254,-0.02123441748,0.01186734576,0.008618779911
-1.158921639,-0.01451345594,-0.0006740751633,-0.005420591665,-0.01580844165,0.001904173493,-0.01381991684,0.005503669005,0.003574487285
-1.202248705,-0.008954453951,0.002792918299,-0.00748131178,-0.01795102982,0.0007456163237,-0.03264198021,0.01362945993,0.01059020723
-1.168064353,-0.004799530125,-0.003698322391,-0.01188248975,-0.01866071196,-0.001996328303,-0.02195954948,0.00434650701,0.009053712306
-1.188971329,-0.01038679802,0.002196154157,-0.002507175908,-0.005454910043,-0.0005750689306,-0.01654098001,0.0133581674,0.008081717961
-1.135245161,-0.006637502412,0.004601310464,-0.008832430996,-0.02244597387,0.002650816808,-0.02720774774,0.009745481185,0.01018533351
-1.174083655,-0.001416713651,0.001677332774,-0.009442588988,-0.01617897847,0.0007654244214,-0.02400034224,0.007639016269,0.008467221437
-1.123850675,-0.00199224095,0.006914999834,-0.004793588833,-0.008894215867,9.774581494e-06,-0.01951291506,0.008538170206,0.009879908756
-1.176593091,-0.004080145602,0.005471539815,-0.01085944956,-0.01810668867,0.0005545721762,-0.0251063672,0.01329682588,0.01024341366
-1.053161359,0.001595732968,0.005460247338,-0.002351889123,-0.01434533996,0.003657463498,-0.0200660228,0.01167645643,0.009135753443
-1.280911686,0.002460410597,0.009748044823,-0.00526258447,-0.00964130799,0.000842177566,-0.02026517209,0.006393518327,0.008405001454
-1.022356339,-0.002729519385,0.006961587235,-0.009994246904,-0.01771616423,0.0008658272014,-0.02550354095,0.01466983008,0.01110508722
-1.466501428,-0.0004156122265,0.008482603651,-0.001693947512,-0.01115913534,0.003203459652,-0.02089848329,0.01017368217,0.008849369132
3.613988694,0.002145057621,0.006698876068,-0.005996939321,-0.01606495658,0.002169955605,-0.01943765569,0.009332489639,0.009600337763
5.486921207,-0.00078617083,0.006001773888,-0.007258260035,-0.01524288024,0.001559607903,-0.02477342587,0.01253972421,0.01034295206
4.868324497,-0.001551505149,0.01292005787,-0.004273439358,-0.008584778477,0.001305768336,-0.01909929244,0.01114160618,0.01134383273
5.205679682,0.007043634937,0.01749621889,-0.003265073574,-0.01680151418,0.004741238092,-0.02093213477,0.009573807039,0.01023523294
5.009730628,0.01081630367,0.01701201506,-0.001836185345,-0.01382123117,0.00406773905,-0.02289354391,0.015201482,0.01064202958
5.134567115,0.008573351803,0.01788256108,-0.002717954274,-0.009967844332,0.003811261322,-0.02021969606,0.01018710872,0.01030567713
5.069569484,0.009824512145,0.01813509898,-0.00428134582,-0.01349981092,0.003415900217,-0.02062665157,0.009698097843,0.0115662205
5.097940418,0.004478804922,0.01306277303,-0.003544020011,-0.01445082652,0.001773064842,-0.02237962016,0.01178511835,0.008499723384
5.083616193,0.005357256404,0.01345954192,-0.003376901677,-0.01463977937,0.001402938598,-0.01833711299,0.01168116846,0.008456993712
5.139208491,0.006202060027,0.0141463409,-0.003958936051,-0.01248740573,0.003211987158,-0.02246949144,0.009614177497,0.01081608366
5.074380017,0.0006115640583,0.01145088128,-0.00308710609,-0.01650949716,-0.0001885391296,-0.02404236502,0.01680527312,0.009154000837
5.039751336,0.000476987321,0.00819467309,-0.008205375728,-0.01742164351,0.005031684249,-0.0143193583,0.001067159949,0.006863769565
5.098589486,-0.001501339514,0.01054586572,-0.004435114878,-0.01335629358,-0.004976967015,-0.03357515542,0.01012751333,0.008445604916
5.00320664,-0.000846923379,0.006244584335,-0.007622806469,-0.01524800768,0.0008113856377,-0.01794574317,0.02236042046,0.006600205975
5.205725566,-0.003064802706,0.005173570527,-0.004728597344,-0.01840303377,0.00508767693,-0.01414235981,-0.002969417415,0.005244552892
4.888056226,-0.004004785842,0.01180177939,-0.006433829279,-0.01578062252,0.0004740250253,-0.03574689143,0.01534371364,0.01100504198
5.544631076,-0.001366524867,0.00338983079,-0.007948060263,-0.01221398952,-8.355488326e-05,-0.01464562098,0.01075538767,0.007604982592
3.406205393,-0.00494182039,0.007855085226,-0.002197382463,-0.01534027639,-0.0005397567338,-0.01835611817,0.01178594107,0.008288511104
-1.540827763,-0.001563218997,0.008270814299,-0.007244295194,-0.01712958752,0.002295332136,-0.02799766131,0.009285187487,0.009854812138
-0.9972892591,-0.001452874286,0.003217874198,-0.01075041,-0.0153440112,-0.00091575116,-0.01892874259,0.004222700718,0.007486612119
-1.30384398,-0.004646166441,0.007370474633,-0.002180106312,-0.009439701593,-0.0005242575429,-0.02289959917,0.01596652956,0.01088032737
-1.138021892,-0.01226809619,-0.00377781467,-0.009692802339,-0.02642922961,-0.0003793106794,-0.02418753357,0.008036737845,0.007252935823
-1.260955251,-0.01233399435,-0.006220522411,-0.01224261167,-0.01379323803,-0.0001433265908,-0.02254409862,0.00758716359,0.005719753291
-1.137179391,-0.01164100085,0.0008519324484,-0.006947974006,-0.01247475736,-0.004398804678,-0.02473752723,0.01191917925,0.01042106702
-1.203798032,-0.01349292656,-0.006088471162,-0.01163859841,-0.02195382469,0.001196019246,-0.02220543719,0.008444995699,0.008073357691
-1.192665288,-0.006805329583,0.002335589796,-0.004430669859,-0.01248920096,0.0005077859669,-0.02429138687,0.008516906428,0.006928421534
-1.258060856,-0.00517529347,6.517894784e-05,-0.008824669934,-0.01626261759,0.0002847061128,-0.02360156113,0.008621935812,0.008907002709
-1.18748202,-0.009335955813,-0.001262964822,-0.009923317815,-0.01762809144,0.0006014279674,-0.01315397303,0.01053513516,0.009562484547
-1.229333278,-0.004696971783,0.008493920076,-0.0008177414254,-0.01205204724,-0.001151677121,-0.0375916638,0.008716754201,0.01081768527
-1.161815018,-0.001575014987,0.004456885778,-0.01251645816,-0.01733770916,0.006003798105,-0.0160057581,0.0152718697,0.005966709865
-1.205501796,-0.003075501675,0.001775951972,-0.003870419186,-0.01326782948,0.0003355280263,-0.01406342621,0.007045799781,0.009383883633
-1.158541662,-0.001222017672,0.01067915078,-0.005158537383,-0.01172725955,-0.0008239839336,-0.03612109302,0.01304874335,0.01385996361
-1.18317443,0.001532960176,0.008346507306,-0.01177687348,-0.01706355837,0.005206552319,-0.01513802159,0.007928301506,0.006210150056
-1.187812247,-0.002797043737,0.00636954597,-0.00183558034,-0.01187654486,0.0004367234652,-0.01841671535,0.007125548476,0.007913216263
-1.191190747,0.001146548872,0.007754033454,-0.004185065763,-0.01455852517,0.000299382276,-0.02753105695,0.01953907905,0.01309342098
-1.19462169,-0.0004033614151,0.006181062722,-0.01079737318,-0.01526749907,0.003804110972,-0.01630237168,0.001414061269,0.009699670938
-1.237948768,-0.004225221494,0.01063405154,-0.002528929201,-0.009447799394,0.002632720593,-0.02394108373,0.01309856688,0.009691117003
-1.184837713,0.0008343574417,0.004616291516,-0.005935160517,-0.01957627465,0.002002972843,-0.02193552861,0.01535026873,0.007963993553
-1.18956842,0.003872641863,0.009020518713,-0.00654032036,-0.01298281397,0.004296733762,-0.01764230759,0.003954688813,0.007883548249
-1.173306133,0.01026525452,0.02244270214,0.0008758956067,-0.006567440886,0.001280839618,-0.02732440485,0.01653154612,0.01341224968
-1.149755372,0.01058988672,0.01201903168,-0.007887919251,-0.02031001291,0.006495762063,-0.0118324552,0.007318669962,0.009224620896
-1.222064245,0.008377030915,0.01969525175,0.001076033036,-0.009458761571,0.002044945663,-0.027373805,0.005442173064,0.01115575637
-1.18365565,0.007255752694,0.01913478787,-0.004638158494,-0.0109424856,0.00176336865,-0.02593196161,0.02567876139,0.01094596443
-1.217787859,0.005052272643,0.006306799123,-0.006180932552,-0.02020882176,0.00615277502,-0.005808705849,0.002962894526,0.006950227463
-1.217093167,0.006070795633,0.02225539053,0.0005892698201,-0.009203328859,0.0005823591925,-0.03492591305,0.01273805357,0.01219480206
-1.180939458,0.005225588673,0.01178626976,-0.01014965016,-0.01874012633,0.0039651601,-0.01891893047,0.01062831324,0.007684953937
-1.214139219,-0.0008436202335,0.008463162314,-0.003409027221,-0.01233842109,0.0008803856671,-0.01451991355,0.008933110229,0.006101124873
-1.200959659,0.0002945866583,0.01135596035,-0.001469925868,-0.01350053262,0.001178381211,-0.03218424961,0.01381827942,0.01143079717
-1.218134594,0.001210383186,0.004032869248,-0.01117166162,-0.02563110455,0.002243575424,-0.01935643495,-2.320883331e-05,0.006194088601
-1.183048907,-0.006060609189,0.009410667894,-0.004248086613,-0.004373422112,-0.00134030378,-0.02068820302,0.01483676327,0.008600411311
-1.245763514,-0.003480451797,0.005863639321,-0.006170597396,-0.02189588509,0.0001618921529,-0.0248903241,0.01288993369,0.009217471004
-1.179950663,0.0008858721362,0.004090264146,-0.007459738381,-0.01959806553,0.004209777177,-0.02115126041,0.002941039622,0.005264620965
-1.23316389,-0.003921421403,0.01179326749,-0.003712657948,-0.008929813016,-0.0007433176327,-0.02404112465,0.01276407225,0.01058107363
-1.184298814,-0.001667612463,0.004647422587,-0.01153587718,-0.02158243075,-9.992640725e-05,-0.0214895608,0.009730331081,0.007893891566
-1.194676407,-0.002588695884,0.005375510971,-0.002921859226,-0.01144971621,0.002149112797,-0.02040982358,0.01165759685,0.006629890513
-1.157025283,-0.002172223355,0.008552377581,-0.004203267885,-0.01628851647,-0.0004052243061,-0.02490367655,0.007174393951,0.01055533743
-1.192779911,-0.007011243557,-0.000109400138,-0.01213933616,-0.01825529087,-5.567637306e-05,-0.02450110763,0.01015524474,0.007612936878
-1.175405473,-0.01360744192,-0.001929541856,-0.003940651408,-0.01275155882,-0.0007634555886,-0.02214752088,0.01084712103,0.007470448792
-1.189966482,-0.01149151342,-0.002077207059,-0.008991161987,-0.02161479366,0.0007889177142,-0.02271812717,0.006154680751,0.006124134284
-1.165736629,-0.0121875536,-0.005528972416,-0.01068999661,-0.0184473512,-0.001536438229,-0.02453613274,0.01108347825,0.008890447072
-1.206566183,-0.008891794321,0.001947775333,-0.005022344859,-0.01090038436,-0.003166319024,-0.02139572978,0.01080646857,0.008580778512
-1.176746339,-0.008024203717,0.001713077397,-0.01002545849,-0.02183638155,0.002613931988,-0.02121494048,0.005687855153,0.009069214027
-1.187416124,-0.009590165253,-0.0006211243425,-0.007188111187,-0.01370718225,0.0007520606234,-0.02395351044,0.01379109212,0.008431947706
-1.161064288,-0.004282173343,0.00279999545,-0.006676142793,-0.012922618,-0.0006241722339,-0.02083444954,0.01355817389,0.009863081207
-1.183984539,-0.002559190692,0.005237431076,-0.00814569721,-0.0182978705,0.001216100669,-0.02565103189,-0.002991130797,0.008668105623
-1.229604661,-0.002676415019,0.007970475108,-0.007163528594,-0.01274526068,0.003291667846,-0.02147628341,0.01882498905,0.007084358258
-1.135599213,-0.0004417712899,0.0007403556149,-0.005219874418,-0.01717293751,-0.0005539020283,-0.02017488442,0.007712032089,0.009454469065
-1.184003854,-0.0001267729458,0.006031167552,-0.006902891327,-0.01468275691,0.003026571486,-0.02210805312,0.007920552775,0.008182505365
-1.205326025,-0.001606013992,0.01039904515,-0.006706764818,-0.008073026289,0.002879440826,-0.0253738369,0.01559311684,0.01037036204
-1.186280281,-0.001448208607,0.007360098999,-0.00698716466,-0.01820834303,0.002071413257,-0.01533055286,0.007664306408,0.0082295704
-1.147093299,0.0004267329635,0.009519856028,-0.001368541916,-0.01451959398,0.003827947781,-0.02544523149,0.006722408618,0.009608882117
-1.165314699,-0.001309809851,0.01247144576,-0.005402274057,-0.01305414191,-0.001350089649,-0.02745577138,0.02019800808,0.009453694608
-1.154847873,0.001539768438,0.002074289447,-0.006286322727,-0.01520826255,0.005818578437,-0.008188155802,0.004088040766,0.006041625789
-1.168805236,-2.549688318e-05,0.01011207008,-0.003226095948,-0.01137638218,-0.001265503154,-0.02844727998,0.007564946389,0.01223789265
-1.168151877,0.006466158497,0.01637496668,-0.008005406831,-0.01038555636,0.003117962516,-0.02790555483,0.01527166158,0.01160621661
-1.167013072,0.00904768421,0.01712075766,-0.001321014896,-0.01195470756,0.006095286557,-0.007833663689,0.01375447685,0.007197976056
-1.161727895,0.009896331881,0.01904615057,0.0007323676283,-0.01459325183,0.004097993928,-0.02540482739,0.01246368963,0.01119317552
-1.15769206,0.01193805572,0.01760991699,-0.009109753015,-0.01703808313,0.004315227806,-0.02513780976,0.006569098001,0.01087232474
-1.152454113,0.003470688647,0.01416431479,-0.004213652962,-0.006744406892,0.001031698047,-0.01511213838,0.009109009538,0.008371789797
-1.218134962,0.004880850498,0.01305955849,0.001202814409,-0.01514388473,0.001556787637,-0.0229792304,0.01476951008,0.009428335557
-1.178820765,0.007671531653,0.01160978231,-0.007475180512,-0.01913369409,0.004017961982,-0.02237396112,0.008720299187,0.008129195805
-1.194116186,0.0005132802996,0.0125531513,-0.004317804104,-0.006690941393,0.002174756148,-0.02057700259,0.009759512181,0.01066570566
-1.170365048,2.60882607e-05,0.01005520508,-0.006322640616,-0.01846448152,0.0001006587854,-0.02287147653,0.01144896922,0.008522920034
-1.200936889,-0.0001303713587,0.007636473241,-0.00336228944,-0.01710354399,0.001178504837,-0.02101152671,0.009643684417,0.006994260836
-1.150921479,-0.001920714801,0.009652184301,-0.003445319356,-0.01318285363,0.0003088139399,-0.02116634727,0.00715009058,0.007009411867
-1.123056513,-0.002601167996,0.003168441506,-0.01059690485,-0.01939039947,-0.0003082696522,-0.02665210721,0.008854043438,0.009072549497
-1.232785554,-0.001867971138,0.006263268983,-0.001744315556,-0.0142821527,0.001870503524,-0.02265455355,0.01136585702,0.009985869257
-1.108892154,-0.002659748834,0.008328729861,-0.004093630003,-0.01518853354,0.002448444338,-0.01882040228,0.008844082444,0.006224088312
-1.297223946,-0.003248977679,0.003538541484,-0.00834113176,-0.01838149812,0.0008757024637,-0.02389296495,0.01278314134,0.009914142057
-1.027520755,-0.002451387975,0.007460453067,-0.004737404926,-0.011294968,-0.001535054766,-0.02164075572,0.009834960007,0.009741680647
-1.471628555,-0.002965429166,0.01031038765,-0.007418395137,-0.01756615478,0.00126878234,-0.01936468847,0.004945391615,0.00699873983
3.538167588,-0.003856485937,0.005274005448,-0.004995598293,-0.01713911197,0.001229843087,-0.02330780574,0.01087584843,0.008335066809
5.461438287,-0.00946655662,-0.00363262204,-0.007459203822,-0.01556660026,-0.003180277154,-0.02320218278,0.009324306601,0.007928063498
4.901961377,-0.01267792921,-0.003996630268,-0.0111591517,-0.01627799292,-0.0007806938297,-0.02569467399,0.006020170115,0.007654992968
5.209307419,-0.01265108807,-0.0002281644765,-0.008599289927,-0.01616799764,-0.001589218253,-0.02437109542,0.01132347954,0.007742816186
5.040442129,-0.01195642386,-0.003513884843,-0.007094242015,-0.01715555697,-0.001095566248,-0.02146335207,0.01049359826,0.007305411444
5.150582827,-0.006898094461,0.001344822816,-0.007102999767,-0.0170378224,0.001768487159,-0.02267451686,0.01147833318,0.009012325504
5.024876167,-0.008744425814,-0.0003075643474,-0.005661950124,-0.01422015893,-0.0009123851109,-0.02625376305,0.006295153381,0.008848587704
5.147602008,-0.006579949748,0.0008684498165,-0.008703895507,-0.01417710363,-0.0001061859617,-0.01977171709,0.01384716744,0.007383955768
5.134036215,-0.003177565878,0.00262952379,-0.007709993124,-0.01616355338,0.003664701898,-0.01760818555,0.002255820377,0.008764133256
5.085189744,-0.003768652937,0.008064061377,-0.004081970581,-0.01400579203,-0.0049658657,-0.03298621003,0.0166485774,0.01082890699
5.121652775,0.0006400487971,0.003002873329,-0.009415498123,-0.01561988104,0.005342167502,-0.01537023014,0.01558827427,0.006764773034
5.057255881,-0.002317472395,0.009782049006,-0.004761131291,-0.01586095237,0.003358393898,-0.0189318655,-0.003634492784,0.006532874931
5.143222645,-7.103169247e-05,0.008902063387,-0.005466117327,-0.01161399019,-0.001268056146,-0.02920511974,0.02179226565,0.01241515705
5.034291154,0.002445932572,0.001818175195,-0.007205646275,-0.01277265091,0.002258020043,-0.01334635697,0.01294287842,0.008538225416
5.176684778,-0.001680792849,0.01162450714,-0.004281899945,-0.0133636535,0.003890036265,-0.02347645002,0.006692679006,0.008028941304
4.909445682,-0.001020950752,0.008700450502,-0.007213563948,-0.01541669495,0.001457410484,-0.02655626097,0.01130776133,0.009894825268
5.473409003,0.0001597411509,0.00644490396,-0.00717696311,-0.01170559642,0.0007626464222,-0.01674204536,0.01043754296,0.009796526649
3.441613322,-0.001498976814,0.009647540345,-0.002116454765,-0.01422254231,0.004217739821,-0.0229299801,0.01615644385,0.01048587522
-1.486304165,0.0006565815166,0.006459813798,-0.006737052556,-0.01950540826,0.004495666725,-0.02273908775,0.003642673694,0.007587739683
-1.018532152,0.01156024712,0.01982282065,-0.00440408504,-0.002400502499,0.00235092876,-0.02044327501,0.01265456331,0.009537023056
-1.31930372,0.009966068771,0.01969430267,-0.001990858902,-0.01221137235,0.002664917771,-0.01931389635,0.01713219374,0.01205425688
-1.160703101,0.0077198067,0.01571449304,-0.003693133005,-0.01704636779,0.005024177926,-0.01969382876,0.008099655549,0.008590407838
-1.236381958,0.009890377691,0.01910418693,-0.002632108332,-0.00856337791,0.00453251674,-0.02252925659,0.01239930728,0.009195062994
-1.137582865,0.004140616915,0.01329488146,-0.00644999896,-0.01430579151,0.001380191488,-0.02132473826,0.009250979299,0.01045537818
-1.230370714,0.003836158595,0.01483319625,-0.001942593673,-0.01728823981,0.003944348243,-0.01841782229,0.01236548214,0.00921699886
-1.196850712,0.005816147991,0.01362179848,-0.002270897023,-0.01321693987,0.002254228385,-0.02172592652,0.008600355149,0.009656012277
-1.215112666,0.0009229770077,0.00898013242,-0.008158467527,-0.01573320119,0.0009783855026,-0.02247644078,0.009463969156,0.007879670502
-1.215386619,-0.000798476116,0.008925236351,-0.004170708473,-0.01355945991,0.002350134725,-0.02463139053,0.01363360874,0.009290165979
-1.185453367,-0.0009659836977,0.009930887309,-0.004108507797,-0.01544357625,0.002127123423,-0.01967919338,0.007846919551,0.0077811259
-1.190798449,-0.001899411735,0.005231684194,-0.0092666258,-0.0188052941,-0.001004753143,-0.02086063202,0.009436907113,0.007027701886
-1.264148462,-0.002150509536,0.004976659761,-0.004518668221,-0.01405850738,-0.002716916261,-0.02769691507,0.011803803,0.009917459455
-1.212328779,-0.000848084568,0.009449260978,-0.005563828194,-0.01564982013,0.004548952678,-0.01889503924,0.009010141959,0.005782723697
-1.164136319,-0.002901444469,0.006615450129,-0.006416394267,-0.01686053576,0.001847056564,-0.01901457709,0.007075723444,0.008231133762
-1.22081464,-0.0006893864384,0.005048721322,-0.005469688927,-0.01539096968,-0.002506903314,-0.02824896499,0.01143177542,0.01050480475
-1.196306118,-0.001912520092,0.00463500585,-0.007190260091,-0.0144581446,0.001205011529,-0.02005206419,0.01238642155,0.008215122893
-1.190911849,-0.003427894518,0.007650607593,-0.005253924221,-0.01535664164,0.001649700537,-0.01949640549,0.006462477514,0.005925521313
-1.191947666,-0.004017562339,0.003960047507,-0.003639959128,-0.01471876619,-0.002581033707,-0.02854862632,0.01459598874,0.008832069479
-1.200840225,-0.01286592806,-0.008896178293,-0.01351466499,-0.02224871187,0.003066760508,-0.01318424021,0.007918504876,0.007526280668
-1.181671207,-0.01429733576,-0.0005988174162,-0.004769846149,-0.01434718189,-0.005009147364,-0.03256748822,-0.00312009658,0.01010049563
-1.245349511,-0.01346211309,-0.0009700873801,-0.008913921415,-0.01520935011,-0.0008221030478,-0.03031920238,0.02939040582,0.00847892304
-1.215930837,-0.008163120338,-0.006763218542,-0.01107517118,-0.02063784218,0.004414579198,-0.003939340628,-0.002077442739,0.001811629396
-1.181700945,-0.007900186962,0.006114062271,-0.005304788818,-0.01127626896,-0.003503997756,-0.03228975305,0.007627244342,0.01241752061
-1.184215978,-0.008481385235,-0.002281849093,-0.01269306904,-0.01730677635,-2.726444356e-05,-0.03207232355,0.01811567521,0.01242402261
-1.171147676,-0.007271129068,0.002750172216,-0.006394136871,-0.0139156781,0.0008614844151,-0.005776095652,0.002330711477,0.002155140454
-1.17871231,-0.003544252293,0.007591168698,-0.001257764993,-0.0146915359,0.003082008197,-0.02818320762,0.01506740654,0.009370401495
-1.203190514,-0.0001275847054,0.001113089863,-0.01169618512,-0.0248206593,-0.001433930519,-0.03107858367,0.005278973173,0.01136409211
-1.201809931,-0.003143599838,0.008572393332,-0.006445260722,-0.004208261616,0.001031838984,-0.01493568591,0.009246864238,0.007653666169
-1.172396617,-0.004081930659,0.01027085885,-0.004027565773,-0.01525120114,0.001560563138,-0.01853721886,0.01360066057,0.009636782621
-1.214956054,0.00208049336,0.003567500585,-0.006563688064,-0.01986958933,0.00367981586,-0.02599689271,0.01065789955,0.007775163938
-1.131895971,0.0004817331559,0.009706886656,-0.004123144299,-0.01119201563,0.003066298542,-0.02385662946,0.01182106265,0.01157433981
-1.200991166,-0.002832389087,0.008327923101,-0.008308928809,-0.01547097501,0.0007526715744,-0.01769283844,0.005519122815,0.0102769361
-1.169402181,-0.0008785654306,0.006608999357,-0.004971787641,-0.01464300683,0.001684340946,-0.02084009481,0.01868138951,0.008733844095
-1.235888315,0.001886276836,0.01027189407,-0.002445034668,-0.01496118391,0.00427627888,-0.0226709072,0.006539513357,0.009587274927
-1.221129087,-0.001277487126,0.005468173782,-0.009078888285,-0.01511118608,0.002235472245,-0.02181833807,0.009831252178,0.01038479076
-1.216895848,0.003615252706,0.01587970972,-0.002246611092,-0.01050022664,0.001863506208,-0.02260335102,0.0143866112,0.01188667015
-1.185296997,0.01213411501,0.02129522846,-0.0006793107886,-0.01130741186,0.005435501064,-0.0181665469,0.01359258586,0.00908323945
-1.172965509,0.00841709181,0.01458770377,-0.005833402908,-0.01654861838,0.004157312652,-0.02124051837,0.0132401401,0.00931951948
-1.239278637,0.009351337943,0.01704776115,-0.002354026079,-0.01018905667,0.001770450474,-0.02182191807,0.008664811628,0.01173900684
-1.24248105,0.006675977838,0.01695382131,-0.005870325891,-0.01128704406,0.003629486849,-0.0193515172,0.01246027036,0.00810660053
-1.178701087,0.003940102975,0.01168606795,-0.003918023634,-0.01681503502,0.003233235932,-0.02286764953,0.00950844852,0.007897857817
-1.218010573,0.00641765227,0.01354717481,-0.002003557613,-0.01516523444,0.002276366088,-0.02053385956,0.01512282863,0.00936471897
-1.202899699,0.00219338832,0.01124404681,-0.006202893146,-0.01198071623,0.001230834326,-0.02192548065,0.006249024302,0.00948017979
-1.204710898,-7.26893646e-05,0.01098549905,-0.006852246719,-0.0134314992,0.0006325893391,-0.02302431205,0.01281895078,0.00759863901
-1.154781348,-7.719923077e-05,0.007721887536,-0.003285060017,-0.0188907159,0.0008222323179,-0.0218590964,0.009355713798,0.007040881122
-1.217715203,0.0007155013815,0.007842300941,-0.006758187768,-0.01788242112,0.001919245777,-0.01971243523,0.01052045277,0.006793344663
-1.199925372,-0.003634789575,0.006523525409,-0.004305841225,-0.01262463415,-0.002283895213,-0.027803276,0.01304199229,0.008661385586
-1.184461926,-0.002000714035,0.006166146329,-0.006834962866,-0.0177036379,0.00327243139,-0.01837962321,0.0009566899803,0.007975698134
-1.2039785,-0.001550409154,0.009308973541,-0.005292009875,-0.01583496795,0.003236646822,-0.02324372279,0.009754871888,0.007741460751
-1.135371767,-0.002806430412,0.004887928587,-0.00364093978,-0.01614414386,-0.005040601583,-0.02854483606,0.02123659857,0.01016902276
-1.174590431,-0.001377071705,0.003438817108,-0.007203737115,-0.01564835945,0.003461797249,-0.01248093139,0.003280195939,0.004698041124
-1.20222327,-0.004250238648,0.009201647296,-0.005228677356,-0.01472701255,0.002317679871,-0.02510675448,0.01062480852,0.0081003248
-1.189617982,-0.002739433892,0.006092421342,-0.005789124709,-0.01468360475,-0.002337588631,-0.03067682334,0.006431506494,0.009719700435
-1.131309301,-0.009089134556,-0.000307367596,-0.007534279812,-0.01554718834,-0.001681314215,-0.01459977672,0.0165220208,0.006581772132
-1.210869738,-0.01503226206,-0.006392904058,-0.006198774022,-0.02084978322,0.001424592733,-0.02414308372,0.003065716998,0.006595931321
-1.204402292,-0.008829677376,-0.003234573076,-0.01025962565,-0.02067540214,-0.001686308273,-0.02821886478,0.006586365205,0.007977547606
-1.175085388,-0.009975004918,-0.003435291612,-0.009696837672,-0.0102165376,-0.001033862443,-0.0203260699,0.01113482765,0.008620112385
-1.212463687,-0.009804018244,0.001367470999,-0.005678153525,-0.01957065962,0.000173167897,-0.02242008823,0.01000322844,0.008366352725
-1.145407038,-0.008259058942,-0.001688172468,-0.008388811348,-0.02122156121,0.003594573586,-0.0244505522,0.01400493253,0.006441922712
-1.164535464,-0.006808654844,0.002903622238,-0.008721871761,-0.008494324888,-0.0003815684104,-0.0225186466,0.004407151939,0.008125298197
-1.160631373,-0.005530565035,0.004930452514,-0.009259447034,-0.01305842629,0.001260387073,-0.02297997795,0.01448864904,0.01074660018
-1.151456173,-0.002909896164,0.002294735942,-0.005956400695,-0.01805123435,0.002060801633,-0.0206919875,0.007631092834,0.007940843784
-1.205336268,-0.0009728822755,0.004862120168,-0.006545180017,-0.01445772602,0.0007468786943,-0.02181996736,0.00901960778,0.008169894861
-1.172368107,-0.0008654406547,0.006171775092,-0.009538722836,-0.01425674266,0.001201962041,-0.02419310426,0.01327703883,0.01048644323
-1.174644278,-0.001282002442,0.008844505807,-0.003968079128,-0.0154904145,0.002584466545,-0.02020793638,0.01085991943,0.009601973348
-1.175443978,-0.001072087189,0.008888237465,-0.004807515471,-0.01396870649,0.003640104352,-0.02039430464,0.01291660996,0.007923568827
-1.158249122,0.0007174511977,0.007449681783,-0.007499549667,-0.01600697462,0.0019818552,-0.02136378872,0.00973145087,0.008540650114
-1.181612789,-0.001388871416,0.007040717111,-0.004466558043,-0.009832760749,0.001363226385,-0.02253576976,0.01368735272,0.01094795913
-1.146771471,0.0006155894502,0.009404791933,-0.007691000564,-0.01536412738,0.003633677286,-0.02244858672,0.005123053109,0.008953929373
-1.194051074,0.0004248446534,0.006628900955,-0.00524629519,-0.01377790586,0.0031034129,-0.02106779067,0.01124222527,0.008820879201
-1.12187862,0.0004727612066,0.007197447686,-0.004707158119,-0.01347227521,0.001305370428,-0.01994658165,0.01505299487,0.009367552454
-1.138414158,0.01125639302,0.01895386611,-0.002331144414,-0.0123043536,0.004884996008,-0.02106603421,0.009605270679,0.009887268257
4.305245578,0.009296433376,0.01992963303,-0.002587849,-0.0123923892,0.004869675267,-0.0208105729,0.01431753497,0.009968185591
5.315997835,0.007177871609,0.01776980446,-0.004096199357,-0.01232896169,0.003652592897,-0.02011882198,0.009238310418,0.008598881487
5.010419631,0.01008832843,0.0154941041,-0.002881408851,-0.01389169634,0.003902905527,-0.01913124155,0.01564191256,0.008670690949
5.17149778,0.005619562024,0.01050535073,-0.001946512315,-0.01341101507,0.001830914027,-0.02436308367,0.004363982496,0.01030553933
5.064482264,0.005655207354,0.0158715972,-0.006464978866,-0.01210971485,0.002705316937,-0.02103322969,0.01639695297,0.008796023205
5.169266686,0.004594460631,0.01157889376,-0.004977560311,-0.01495791703,0.005920172022,-0.0143874552,0.001601159426,0.008234318295
5.085192788,-8.739215404e-05,0.01316438419,-0.001868044385,-0.0134988311,-0.004739895749,-0.03320861303,0.01350215913,0.01107671165
5.059828196,-0.0001529079519,0.007662108016,-0.007477157795,-0.01677069367,0.00447351253,-0.01600143969,0.01978444827,0.008158291265
5.181442417,-0.001981505892,0.007496159686,-0.004449275023,-0.01957502458,0.003318229093,-0.01708092587,-0.002075676928,0.005906010928
5.085873242,-0.001825815179,0.008416490736,-0.006975700911,-0.01479538288,-0.0002255718191,-0.03554686231,0.01539345271,0.01070698452
5.107773058,-0.0007791912892,0.003039886751,-0.007495532615,-0.01266198761,-0.0006640441925,-0.01341712062,0.006645265373,0.008309890913
5.013286868,-0.003227657182,0.009832614619,-0.004020147385,-0.0170670536,-0.0003817619622,-0.01758063407,0.01502488885,0.007079516605
5.173517191,-0.001888277415,0.006716134423,-0.004850709063,-0.02067098408,0.005439026831,-0.03219002051,0.004961948272,0.009644162278
4.973095184,-0.0008356461006,0.006207176681,-0.009505300345,-0.0114560868,-0.002407404534,-0.01862429353,-0.001977461002,0.008540062532
5.285945408,-0.005560474654,0.006969961705,-0.003705060692,-0.008505047157,-0.003515911771,-0.01922117544,0.02758035925,0.01173968697
4.836465626,-0.00156248963,0.003295688918,-0.004055015958,-0.02676853628,0.005985260619,-0.02392801475,0.004829062843,0.006819090911
5.622835193,-0.004252115032,0.007361384643,-0.01030128926,-0.01085259158,0.003557624095,-0.02364695515,0.006781049064,0.004174581826
2.406218696,-0.01416137242,-0.005753017607,-0.01035561666,-0.01418313164,-0.00538710847,-0.02403250888,0.006208944968,0.009979052491
-1.684143948,-0.01248132502,-0.003515761323,-0.006796745134,-0.0196504001,-0.002635069126,-0.02089655128,0.01899644843,0.008961006671
-0.9674386054,-0.009003333656,-0.003373598386,-0.004857653606,-0.02078769182,0.002756269207,-0.02118331173,0.002402099531,0.007427586415
-1.315915238,-0.01000418865,-0.002905306724,-0.01341118299,-0.01335126396,-0.001995068563,-0.03078798723,0.002595150503,0.007680796971
-1.077847864,-0.007409177279,0.00132712616,-0.008250194958,-0.01191240796,-0.001127483476,-0.02069195152,0.01984371673,0.01070681581
-1.258374749,-0.009351808853,0.001778600204,-0.003411099902,-0.01605305536,0.001754537585,-0.01834197588,0.00559405253,0.006789694173
-1.151219276,-0.004913646162,0.0007028909002,-0.01050869482,-0.01995472027,0.004101914273,-0.02574722201,0.01576822882,0.008066404005
-1.216956106,-0.003446510036,0.004804357761,-0.008145529496,-0.01210378657,-0.0005258213124,-0.02282791397,0.007850112922,0.009650446784
-1.172733973,-0.002774030161,0.007172845399,-0.005416863093,-0.01196486502,0.0008017622547,-0.01896854749,0.008241004915,0.01005362119
-1.209912726,-0.003838009991,0.005795090937,-0.006447306024,-0.01953229363,0.003626964112,-0.02312673889,0.01230074284,0.009464875314
-1.154833492,0.0009987956796,0.004001549293,-0.008380507514,-0.01432545724,0.0001858717261,-0.02364660735,0.007211315275,0.008817584687
-1.184556152,0.0008464422245,0.007386794082,-0.005042097165,-0.01001552141,0.001095353734,-0.02119226739,0.01307873711,0.01023383953
-1.179238487,-0.00402170981,0.0100127386,-0.005034594232,-0.01520458909,0.00472635084,-0.0227204481,0.009493558496,0.009622865953
-1.185862101,-0.0007076794553,0.008898374032,-0.006155131607,-0.01407509555,0.004315334711,-0.01686260005,0.01115976876,0.008262489521
-1.226759128,0.000770056277,0.006405939086,-0.005366749537,-0.01345386074,0.0002481649254,-0.02080600042,0.01255591844,0.009660299299
-1.20458801,-0.0004100843925,0.008242164288,-0.005395968224,-0.0167055059,0.002056936847,-0.02718151357,0.01117812221,0.009811043026
-1.171236293,-0.001941514263,0.01032778456,-0.004108836924,-0.01307680523,0.004329246803,-0.01799403302,0.006798562419,0.00752819363
-1.195303352,0.006652991722,0.01187328977,-0.007149036418,-0.01420151523,0.005633721129,-0.01146736174,0.0129511959,0.009121026806
-1.192627485,0.01232465194,0.01711463353,-0.00142055776,-0.01426754521,2.852499584e-05,-0.03304096735,0.007333294505,0.01357650128
-1.197190584,0.007679035935,0.02073402058,-0.004104679128,-0.009075395502,0.00500726064,-0.01990900014,0.02133548167,0.008879515202
-1.1740211,0.008819916816,0.01788838479,-0.003453935235,-0.01351027865,0.01060667876,-0.005081618717,0.008671272147,0.005593449367
-1.214794864,0.006388961502,0.01493886149,-0.003519165074,-0.01717945122,-0.003356721532,-0.03289930508,0.005883162367,0.01284004491
-1.228971217,0.006547632391,0.01134401286,-0.007260726079,-0.01041419605,0.001986382769,-0.02368456772,0.01962383406,0.01172288381
-1.166935348,0.004377219649,0.01595748312,-0.002159152135,-0.01359687393,0.003902330948,-0.01038972531,0.002647989795,0.004302115854
-1.198531033,0.001607360031,0.01314619523,-0.0005653460847,-0.01451630893,0.002805733707,-0.02926318364,0.01521485368,0.01035797822
-1.202553426,0.004440391739,0.007216142567,-0.008618299405,-0.02105582352,0.001163245821,-0.02281760024,0.008415050932,0.008535674449
-1.193737917,-0.002601903445,0.008956068684,-0.006603216275,-0.009713483101,0.0008728309765,-0.01860411385,0.005667290817,0.007556277067
-1.236728459,-0.004027751625,0.0100086823,-0.002840588316,-0.01705931203,0.0006679732054,-0.0257206342,0.01984559176,0.008785687218
-1.196254309,-0.00109581917,0.004764267159,-0.006672247024,-0.02011894526,0.0003133538538,-0.02224708533,0.0005223786762,0.006364031763
-1.183458725,-0.002676900542,0.00825428106,-0.005986337187,-0.01242613221,0.001905485213,-0.02229466265,0.0106098895,0.009988231861
-1.191550137,-0.002909536308,0.005479208683,-0.007515145554,-0.01668940349,-0.0006445422799,-0.02564736398,0.01015246848,0.009542044072
-1.175255228,0.0001809110288,0.003832802854,-0.003724567196,-0.01415171647,0.0007723389913,-0.01847266651,0.007012348856,0.007552560868
-1.17686543,-0.001617929631,0.009043968402,-0.004616117447,-0.01360873309,0.001080127689,-0.02120665005,0.009593623441,0.008019044439
-1.212971807,-0.003261226508,0.002760001905,-0.009337814815,-0.02144947436,0.002080183083,-0.02743287335,0.01182331825,0.008909291527
-1.171581317,-0.001161632831,0.007070362496,-0.002224631723,-0.01439756182,0.00278855211,-0.01989149057,0.01169268768,0.005965952861
-1.16978711,-0.008457024444,0.0007329964305,-0.007523241001,-0.01660479511,-0.0006476902585,-0.01967221278,0.006498621085,0.006931415869
-1.183066229,-0.0143509747,-0.00685364693,-0.01361745942,-0.01879495617,-0.002155920201,-0.02662523453,0.01357543242,0.008222996604
-1.179369955,-0.008202786584,-0.003275874195,-0.006016830367,-0.01429596369,-0.001378640414,-0.02256210916,0.003697904784,0.008271307183
-1.179683718,-0.01173748063,-0.003125886952,-0.009276366965,-0.01671203194,-3.159615013e-05,-0.02273097207,0.009227347898,0.007348476101
-1.178744102,-0.01202083703,0.001101447326,-0.008099026027,-0.01626998678,0.0002886403024,-0.02567838423,0.0120322658,0.007833519052
-1.205041279,-0.005855557468,0.000833122444,-0.005176613398,-0.01497654478,2.62732792e-05,-0.02094410723,0.01021804643,0.00984838923
-1.202110914,-0.006871003633,-3.071770746e-05,-0.009292952222,-0.01758810991,0.0008222719752,-0.0242762001,0.0102200312,0.009245017075
-1.227023065,-0.005079948001,0.003844461334,-0.007985988933,-0.01377137446,0.0004756745885,-0.02232435762,0.00951535738,0.009984925949
-1.175046405,-0.0022667758,0.005987945087,-0.005566576197,-0.01111712619,0.0009038617467,-0.01951773742,0.01248132496,0.008830496969
-1.155213682,0.0002468327705,0.002896228759,-0.008418045383,-0.01860489847,0.001556347933,-0.02330543617,0.005235517205,0.009066789205
-1.149015567,-0.0004909036403,0.00723960349,-0.005653954845,-0.01305663862,-0.001221749779,-0.02561834875,0.01529975956,0.009113304418
-1.151995681,0.0007667059074,0.00782950644,-0.008063480545,-0.01380211698,0.005491071165,-0.01208513838,0.009374408729,0.008704548933
-1.193477118,0.0003886880434,0.008139191648,-0.003187843518,-0.01384912969,0.0007592350532,-0.03004901713,0.004717491655,0.01065711719
-1.13653382,-0.001453483761,0.007382793644,-0.006127068578,-0.01513755644,0.0008892159173,-0.02611901369,0.02712773152,0.0103340803
-1.198880755,0.0003557398122,0.004289530858,-0.005145801199,-0.01422823794,0.006095504266,-0.007917806416,0.0006471963795,0.006498577284
-1.138086655,-0.0008270908583,0.0128227458,-0.006422530099,-0.0113404005,-0.0006039882455,-0.03136300167,0.01404895063,0.01138545989
-1.180990756,0.0008879221027,0.004789449738,-0.00767311007,-0.01484242911,0.003414181133,-0.02656221227,-0.004701863171,0.01069936472
-1.198621621,-0.0002951589563,0.01119410812,-0.004880768906,-0.01038111452,0.001208869375,-0.006669414977,0.03206443465,0.006879698968
-1.2285551,0.01011371343,0.01377792072,-0.0002409553024,-0.01641826166,0.002899426206,-0.02781527274,0.001943581246,0.01301859252
-1.186737273,0.01148297681,0.0226663569,-0.008785350829,-0.01531021045,0.007025750341,-0.02318116121,0.01504967402,0.009255699395
-1.172017439,0.006937100185,0.01688608669,0.0003005082555,-0.004985172519,0.00276881283,-0.01700160778,0.0101182088,0.009737231479
-1.165215598,0.008991274873,0.01870428549,-0.00127110308,-0.0181976633,0.0007278779786,-0.02194305806,0.01400444836,0.01044980481
-1.171774882,0.006447050015,0.0125873546,-0.006536771046,-0.01267430597,0.007462293083,-0.02283417285,0.01811578115,0.008629212427
-1.160343877,0.004699139487,0.01590506205,-0.003688570238,-0.01474945366,-0.0001729502125,-0.01667384596,-0.01109570351,0.009634658753
-1.191549791,0.004681562064,0.01270589678,-0.002276213239,-0.01057900048,0.0005377707645,-0.02560932609,0.02956425971,0.0110881073
-1.168008775,0.00095915451,0.008295049832,-0.004876650418,-0.01895380351,0.002416027305,-0.01926626257,0.001939874126,0.007994825837
-1.152254136,-0.001918536535,0.01128788735,-0.005362744753,-0.01521563139,0.003158249253,-0.02054489541,0.01524873116,0.005576054067
-1.15363,-0.0003692737256,0.005198574933,-0.007529911448,-0.01876065309,-0.0008243657937,-0.02615298159,0.01001338149,0.01044707753
-1.172115947,-0.001426091903,0.01066329122,-0.005827851276,-0.01322591168,5.579511012e-05,-0.01940405714,0.006916866447,0.007478836388
-1.173682896,-0.00409945512,0.006735275865,-0.005665737647,-0.01647840908,0.003237572406,-0.02078026744,0.01309048773,0.007247987445
-1.181619702,-0.001318505899,0.003814971099,-0.00820124088,-0.02054317766,-0.001408427953,-0.02314049754,0.0006654935645,0.008250233331
-1.190749196,0.0001915534594,0.006218579239,-0.005802517566,-0.00923161509,-8.626865129e-05,-0.02270618876,0.01944695822,0.01088208887
-1.150815149,-0.004124277166,0.009687158078,-0.005657475966,-0.01833887414,0.00300569883,-0.02181637572,0.001367757497,0.007662394508
-1.233129516,-0.004499861571,0.005702967841,-0.005979360817,-0.01874406447,0.001173974807,-0.02220641051,0.01675338337,0.007484642496
-1.080166326,-0.001265295395,0.005128616777,-0.005123140966,-0.0182231201,-0.0002705208329,-0.02075943818,0.007314108914,0.008959673052
-1.286938439,-0.00414712336,0.006998481127,-0.009284822077,-0.01251845348,0.000639234508,-0.02056917216,0.008957193692,0.008352478281
-0.9854318868,-0.01584458856,-0.003504387334,-0.007885774095,-0.01788111375,-0.001032380483,-0.02512075085,0.007683009998,0.007269062806
-1.522740496,-0.01091354392,-0.005171209473,-0.007224083221,-0.01850207918,-0.001681189286,-0.02422667957,0.004458210942,0.007048176613
0.3239984617,-0.01031971716,-0.002582090137,-0.009635613173,-0.01440365494,-0.0005179369202,-0.02327150971,0.0149080327,0.00900523534
5.433181652,-0.01293908727,-0.0008379386079,-0.009650220169,-0.01632924764,-0.004106583122,-0.02597897654,0.00838821058,0.007400968289
4.934311883,-0.007051026711,0.0008516195492,-0.006616449249,-0.01578480939,0.005770359683,-0.0168630184,0.01253625875,0.008078681887
5.170133431,-0.007206096211,-0.00154165528,-0.007312238003,-0.01808141028,-0.001200974824,-0.02773397382,-0.006711056081,0.008754609164
5.022510741,-0.007881781827,0.002724830303,-0.01099330138,-0.01054646775,-0.005033671594,-0.02713068329,0.0316374743,0.01123737483
5.133525086,-0.001600601245,-0.0007758152679,-0.004590093221,-0.01855281503,0.008330773357,-0.007381992894,0.001648079586,0.006325656143
5.079730884,-0.00418839202,0.01053442009,-0.005410906989,-0.01776089479,0.0007331716333,-0.03274725174,0.003211523151,0.009489819444
5.139543285,-0.001425532406,0.004640227914,-0.01237402379,-0.008244529446,0.0008785934651,-0.02613306538,0.01609127982,0.01226329412
5.086937163,-0.002534745118,0.008238164111,-0.004771397619,-0.01098487637,0.000275497604,-0.007848285362,0.0108032586,0.006528054109
5.100732359,-0.0006434636681,0.01051733205,-0.001494682893,-0.01718116295,0.005361487431,-0.02869635349,0.01390039227,0.01068750474
5.101473045,0.001060212424,0.005953141626,-0.006976305002,-0.0214962281,0.002757083656,-0.02473315544,0.001150425048,0.009635985092
5.125079774,-0.0002483773089,0.007714214549,-0.008319405375,-0.003926625564,-0.0008281415866,-0.01893300028,0.01335401178,0.009045485523
5.044392643,-0.0006215295246,0.006395188454,-0.001689111101,-0.01634079028,0.002906479756,-0.02191961993,0.0167562748,0.01062834516
5.118445085,0.0008085810852,0.006784340796,-0.004153951744,-0.01884748078,0.004709888906,-0.01966248491,0.004131357206,0.007256407291
5.034712214,-0.001991952068,0.01197754763,-0.007446133593,-0.009675473148,0.000876666947,-0.02196450796,0.02138439057,0.01224606919
5.19470296,0.004318578108,0.009433577146,-0.00718676253,-0.01568990904,0.00653377983,-0.02457160656,-0.0003888812217,0.009968394162
4.881351289,0.01130819512,0.02120308322,-0.0003059356829,-0.00800727461,0.00160936335,-0.01905221918,0.01300907076,0.01046320735
5.419554784,0.009827653275,0.01366560447,-0.001784840985,-0.01207351178,0.002852513361,-0.01661582438,0.01919634822,0.009930598171
0.4020643871,0.01014321835,0.01448134132,-0.00621849526,-0.01745100886,0.005739018854,-0.02296407388,0.005528796551,0.0104621759
-1.58451686,0.005546463935,0.02002879326,-0.001076831051,-0.01083904001,0.005261781809,-0.02432087111,0.01357615316,0.01064523517
-0.9859436024,0.002975905715,0.01402509079,-0.004919447643,-0.01269214684,0.001848016001,-0.0186136678,0.01011023826,0.007854143931
-1.304873631,0.004400454848,0.01427481909,-0.00237237797,-0.01803252604,0.002571844992,-0.0189144799,0.0215548654,0.00844625437
-1.11039891,0.004938539057,0.00971152157,-0.001757863386,-0.01715998666,0.002163292071,-0.02287070559,0.001997754975,0.009163263094
-1.252364946,0.0004575970453,0.01030055688,-0.01152449239,-0.01332880941,0.002382665874,-0.02473872902,0.004075311845,0.006375911298
-1.148008455,-0.00205611925,0.009010448307,-0.004586972561,-0.01201177285,-0.001074614858,-0.02244276011,0.01322188141,0.009039934647
-1.171178429,-0.0001833922751,0.006461302461,-0.004216116771,-0.01547288837,-0.0003165357059,-0.0195367818,0.009490706405,0.007424965608
-1.225905969,-0.002279500559,0.004875835424,-0.01041165778,-0.01853377515,0.001602715683,-0.02544673598,0.01274864071,0.007861158507
-1.210542718,-0.005014267674,0.008897862441,-0.006701445027,-0.01381887947,0.0001496320315,-0.02431613663,0.006232970736,0.008287668685
-1.183870484,-0.001781404725,0.008643888819,-0.004372562311,-0.01532332238,0.001470752498,-0.01953681226,0.01241511461,0.007147292676
-1.199335412,-0.001703290718,0.003843198006,-0.005359622031,-0.02127964493,-0.0002962758218,-0.02167395887,0.01105403453,0.008045147785
-1.199544705,-0.000639419267,0.004975182807,-0.006272836774,-0.01364729696,-0.0004240605169,-0.02653834599,0.006802291383,0.008588499508
-1.234936142,-0.003588753684,0.005197787615,-0.007806991039,-0.01263852865,0.001414952441,-0.0215346832,0.01431687211,0.008832153837
-1.20528578,-0.003079790591,0.008430793641,-0.004459733903,-0.017397789,0.004001158214,-0.0183021069,-0.0001937171705,0.006534041601
-1.196953151,-0.009544002024,0.001265702852,-0.00672887881,-0.0138031963,-0.00594823672,-0.03035905233,0.0189786861,0.008368307487
-1.211393608,-0.01241651442,-0.008582225847,-0.01192541671,-0.01862936349,0.0006475276213,-0.01830634341,0.01376141407,0.006764772955
-1.206905923,-0.01265511018,0.002047016487,-0.006099284772,-0.01574050036,0.001027561485,-0.02304382876,-0.0007821620216,0.00615977464
-1.202643011,-0.01239710781,-0.0008041860989,-0.009611887213,-0.01879787859,-0.0008314722293,-0.02760326802,0.007784989194,0.009198025181
-1.132084029,-0.00713656826,-0.003629716287,-0.009770136237,-0.01565145298,-0.001212308122,-0.0171165214,0.01466292093,0.008169743417
-1.223530598,-0.007608651322,0.0005250537745,-0.006350380486,-0.01379263902,0.0003639325233,-0.02250887855,0.01227991394,0.009951944062
-1.228786811,-0.0101610581,0.0002429829909,-0.007645335523,-0.01965184759,0.001189853726,-0.02528085838,0.005092126435,0.008484322182
-1.203092015,-0.006297247883,0.004787783648,-0.008644195459,-0.01278044364,0.001237666355,-0.02081822956,0.009602866742,0.007741239972
-1.200934929,-0.004044686951,0.006231709188,-0.00581446467,-0.01037938357,0.001091220068,-0.0200800067,0.01638582342,0.0103297331
-1.219352002,-0.002063619464,0.001658030581,-0.007481435276,-0.01908690939,0.002839253158,-0.02177813343,0.008670523748,0.008420824775
-1.22167064,-0.001174457263,0.007981248956,-0.005161955604,-0.01216735212,0.001168276124,-0.02635554942,0.005386748676,0.01043857173
-1.214249764,0.000277689859,0.01059622153,-0.007954075449,-0.01376431496,0.0009949789124,-0.0218914812,0.0131427977,0.009247886087
-1.183349603,-0.0003393771135,0.005145953078,-0.005646431736,-0.01515561565,0.002490280455,-0.01956728867,0.01234959615,0.009699036829
-1.17350538,0.0004575940599,0.006533968421,-0.002250468621,-0.01435354979,0.0015381685,-0.02308788746,0.01148333886,0.008498751861
-1.175520405,-0.001057878824,0.008447825397,-0.009137330152,-0.01416408342,0.001974059186,-0.02383042042,0.007764008859,0.0101020638
-1.132781272,-0.001435566233,0.008978579283,-0.006157873934,-0.01356093398,0.002830932129,-0.02012857048,0.01340479125,0.009604977386
-1.169618623,0.00200682346,0.008363148653,-0.003718285754,-0.01478984647,0.003517437515,-0.020548114,0.01063437881,0.007024255752
-1.196487164,0.001138319836,0.007319656461,-0.005388993252,-0.01549960526,0.003108798573,-0.02339329934,0.01155532117,0.01031321552
-1.191406542,0.007120849574,0.01794745614,-0.004446207894,-0.008993222967,0.0009944797103,-0.0184403556,0.008789500935,0.01163119602
-1.199660995,0.01061401811,0.02209805408,-0.00435578394,-0.01044265128,0.005519212316,-0.01885705034,0.008212367975,0.01028581738
-1.209781083,0.007847104316,0.01617317831,-0.0001789881575,-0.01689795048,0.005444070666,-0.02580545049,0.01747651723,0.01033988824
-1.221297298,0.009214963041,0.01540146482,-0.0008773663262,-0.01386619936,0.0003495539747,-0.0158935932,0.005255964472,0.01060145563
-1.187418904,0.004320172419,0.01520297798,-0.00660948973,-0.007935003636,0.002560494683,-0.02083677203,0.01761727148,0.009557697099
-1.187593685,0.004816485504,0.01495152126,-0.005449698954,-0.01623697409,0.002983071896,-0.0260120598,0.007181912392,0.009006097603
-1.203718049,0.00741455673,0.01511519332,-0.0002690208599,-0.016867393,0.003458791807,-0.01693564212,0.006887343234,0.007408750715
-1.194937503,0.0001998933043,0.01061746368,-0.006583034837,-0.01243576357,0.00108029345,-0.0224534603,0.01497361816,0.009353285017
-1.14644973,-0.0001408016142,0.008227610018,-0.009146593481,-0.01338858453,-0.0007543819823,-0.02433259456,0.009269512706,0.009394284369
-1.188382377,0.0008093981749,0.009597275202,-0.00312474612,-0.0146965478,0.002496220624,-0.0227243382,0.006672944275,0.008421478141
-1.202755368,-0.002924763811,0.009839391072,-0.009374577559,-0.01775448094,0.001972136269,-0.0211165811,0.01568632119,0.006850615811
-1.181079186,-0.002957741673,0.002619535911,-0.00702076865,-0.01758573645,0.001186980803,-0.01846064679,0.002032433924,0.008006932414
-1.173108414,-0.0006861320508,0.01083569146,-0.002928248345,-0.0123606601,-0.00325127007,-0.03286726873,0.01273007051,0.0111536056
-1.170500768,-0.001663878992,0.004100619408,-0.01044315061,-0.01980654758,0.002102197593,-0.0138706801,0.01230977216,0.007366977939
-1.180303156,-0.003295843027,0.00751941165,-0.004102792235,-0.01241748669,0.001242125456,-0.01978010283,0.002832985215,0.006965949139
-1.239632192,-0.001088284026,0.00791249825,-0.00880215322,-0.01547824075,0.001155953091,-0.02754257387,0.01654612312,0.01084583364
-1.167248313,0.0008701583486,0.004511453087,-0.005733509711,-0.01234721979,-0.0004221578149,-0.01758663408,0.005252953898,0.00745483395
-1.187145576,-0.006108565826,0.01128434222,-0.005420898932,-0.01468189387,0.002267207187,-0.02311752849,0.01705516332,0.008814985013
-1.206741263,-0.01108704676,-0.005045043081,-0.009019379263,-0.02526707166,8.225147932e-06,-0.02548034722,0.007496862443,0.007908751723
-1.176762184,-0.01226439284,-0.006206785631,-0.008196974115,-0.01426335314,-0.003231261416,-0.02141421526,0.004345821039,0.006180377302
-1.12956594,-0.01165512655,-0.001734748051,-0.007131885844,-0.01301237083,-0.001683609757,-0.02793634366,0.007271096368,0.01087159414
-1.188838659,-0.01094921963,-0.004797334599,-0.009809956351,-0.02073533492,-0.0007221028532,-0.02221477636,0.01669648361,0.007684711225
-1.154471752,-0.004441795677,-0.000239388234,-0.006919651463,-0.0132144576,0.001286468224,-0.02197955405,0.007138178804,0.007414929074
-1.219971749,-0.007856683069,0.003337668289,-0.008876897783,-0.01777938017,0.001356655779,-0.02329713492,0.01274295668,0.008599309128
-1.180094104,-0.009441334598,0.003877634526,-0.007096446819,-0.01269844572,0.0001218564897,-0.02408290848,0.01073005716,0.009532312734
-1.200838719,-0.002714429221,0.004415968806,-0.005105213869,-0.01519177686,0.0007358064307,-0.0204302485,0.01081615207,0.008954122982
-1.19588749,-0.001652515006,0.005551579076,-0.007837418545,-0.01702681744,0.002589861579,-0.02378278611,0.009052171217,0.008617355961
-1.1677707,-0.004158043415,0.003914141854,-0.005690024712,-0.01518297602,0.001569471173,-0.02154992402,0.006271592416,0.008853526313
-1.214524786,-9.893655042e-05,0.006720035699,-0.005590918045,-0.01049936619,0.0001569915973,-0.02293075207,0.01465108389,0.01050095122
-1.16722566,-0.0007300371938,0.00839823485,-0.006152367324,-0.01490949681,0.00366122083,-0.02093445255,0.01169201226,0.009643072925
-1.198857074,-0.003996656024,0.01066890086,-0.006181034001,-0.01343671735,0.002230878976,-0.01915534644,0.01335629952,0.008185754916
-1.181789217,-0.000920618521,0.008440220593,-0.00640419409,-0.0145924545,0.001850717624,-0.02094485121,0.0101597324,0.01078399514
-1.18412068,0.0006535056764,0.007353732048,-0.006531198362,-0.01256497111,0.002235900328,-0.02351684138,0.01079583698,0.01000156468
-1.168072357,0.000620148443,0.008067842594,-0.005132755624,-0.01232455563,0.003805386193,-0.02188916032,0.008481816238,0.009396997172
-1.132358885,4.542598489e-06,0.007512524968,-0.005004481601,-0.01501174747,0.001369140675,-0.0229039382,0.007000071167,0.009657077498
-1.232932817,0.003941423676,0.0102567402,-0.005160288139,-0.01318208086,0.0004803882809,-0.02081492702,0.01720765044,0.009927651305
-1.108801827,0.0115302429,0.01946109152,-0.002528136751,-0.01141602862,0.006881447851,-0.01800768798,0.01167002965,0.0103446284
-1.263647877,0.008191012291,0.02071348949,-0.002383095888,-0.01379260289,0.005233633489,-0.02279532671,0.01622298351,0.01032399152
-0.9725894183,0.009608509454,0.01672420225,-0.002270603268,-0.01376583473,0.002326310503,-0.02111795045,0.002102074417,0.01032316502
-1.455724175,0.007323847711,0.01826208075,-0.004081058963,-0.006617484947,-0.0004809796132,-0.01782955116,0.02315203193,0.01037222943
-0.02737198392,0.003780104758,0.008677151174,-0.005232345028,-0.01900673423,0.009380183942,-0.01696462065,-0.002721945038,0.008460942206
5.195317048,0.007861063723,0.01799109251,7.743502353e-05,-0.01216263765,-0.003220143077,-0.03637920756,0.006571192601,0.01098522022
5.026740189,0.003488227653,0.01108041263,-0.007919811869,-0.01136862622,0.001659767468,-0.01318485805,0.03047912742,0.009479676892
5.16807553,-0.0002718028703,0.007784292752,-0.003529205526,-0.01991642326,0.004357439211,-0.01004715226,-0.002508585048,0.005551931683
5.058822665,-0.002958106896,0.01409857984,-0.00589432056,-0.01842399763,0.0002944213011,-0.03954430216,0.01981436517,0.01039163559
5.126062736,0.0008077895924,0.004605376157,-0.0103798329,-0.01440540092,0.0001376314574,-0.01955190249,0.001434172044,0.008101109913
5.087871277,-0.005299638457,0.005768864988,-0.004759000508,-0.01124802281,-0.001529863985,-0.01315733157,0.01561907004,0.00494160903
5.119284101,-0.002013350405,0.005216897698,-0.004047966409,-0.02045689296,0.002244616652,-0.02908332926,0.007907251717,0.01149509228
5.135956327,0.0008666168255,0.003630258856,-0.01040521481,-0.02125107464,0.00122565214,-0.0238635073,-0.001447753954,0.007997246938
5.152963427,-0.005060977246,0.01008456251,-0.005902799623,-0.002992271162,-0.002374388907,-0.02075387671,0.01885632965,0.009413016074
5.110015549,-0.005206334159,0.009382604912,-0.005396752449,-0.01948309141,0.002590483607,-0.01967684894,0.01320775298,0.008219711023
5.103062929,-0.001508749159,0.002776161421,-0.005681424442,-0.01967192554,0.002232385101,-0.02280111923,0.01248332148,0.007345519257
5.060154974,-0.002190136441,0.007540836196,-0.003586396624,-0.01578732937,-0.001309547098,-0.02612555818,0.004647420896,0.01076592953
5.13958747,-0.00769296091,0.001386611662,-0.01259866014,-0.01571674854,0.000156339081,-0.02177552631,0.01200456236,0.006153123085
5.023639897,-0.01408101306,-0.007132813911,-0.006197481612,-0.01878671827,-0.0003815715979,-0.02175044639,0.006837098022,0.006792391906
5.211668207,-0.008206074023,-0.002175156687,-0.006722350436,-0.01678530964,-0.004116265678,-0.02623968195,0.009722328267,0.008814595223
4.829796488,-0.01232850034,-0.006114225069,-0.01514954152,-0.01881201918,0.00150685369,-0.02030556293,0.01760899968,0.008481937437
5.553131099,-0.01051000382,0.003660732788,-0.005015039055,-0.0133133202,0.001992432802,-0.02580344064,-0.0128612541,0.008588711522
0.9971508952,-0.006390694379,0.005546457223,-0.006782390602,-0.00893075237,-0.00503073452,-0.02426593317,0.02931148098,0.00950130291
-1.706564344,-0.00902726341,-0.0102161902,-0.01215288902,-0.02283352983,0.002229972742,-0.01363840415,0.00700648542,0.007710605416
-0.8904031354,-0.00581733535,0.006594036629,-0.003252850126,-0.01371914748,0.001707330907,-0.02670110456,0.005279612849,0.008689476666
-1.3437616,-0.00240885842,0.005507688514,-0.01011882544,-0.01389551965,0.001976693257,-0.03008355128,0.009734281674,0.01161108792
-1.070569417,-0.004747757724,0.005722178641,-0.009488478538,-0.01600649412,-0.001273363563,-0.01540553746,0.01400447627,0.006474476091
-1.237404164,-0.002756546756,0.006295223498,0.00227823617,-0.01843637261,0.00319554355,-0.02050938047,0.020811222,0.0103626735
-1.132509344,0.001687983656,0.005673382603,-0.009930240179,-0.01692438199,0.004133885407,-0.02759628987,-0.003595999327,0.008941510661
-1.218250785,0.0003197442588,0.006186762734,-0.01093228131,-0.006042556926,0.00037156587,-0.0222364839,0.01131954251,0.009149607771
-1.173162066,-0.002527200892,0.01138322446,0.002117142628,-0.009732449596,0.0007117588464,-0.01745752659,0.01548573185,0.009362651135
-1.223623282,0.00172580271,0.00360250881,-0.01080251762,-0.02145466514,0.005127923878,-0.02087706017,0.01007330622,0.008032740372
-1.206558865,0.0009564476539,0.006481567855,-0.005535251962,-0.01451561048,0.0007623925664,-0.02897466202,0.01295576112,0.01210306245
-1.197690381,-0.001879919551,0.01255526128,-0.006755667392,-0.008947042035,0.001805658646,-0.01324986471,0.009674200335,0.0110893803
-1.210775043,-0.00173911369,0.007434110406,-0.00664729025,-0.01903945405,0.002315168902,-0.02388697803,0.006983840001,0.009551108778
-1.202034339,0.009842995816,0.01509364739,0.0002191654503,-0.01270739191,0.001041928905,-0.02623326174,0.02046776024,0.009048879256
-1.158872011,0.01376499202,0.01408795888,-0.006385753472,-0.01071904682,0.006710243262,-0.009226451072,0.004921157059,0.00844769095
-1.215744283,0.003629323509,0.02043261784,-0.004890458009,-0.01231581086,0.00384355726,-0.03236108905,0.01006298564,0.01288284633
-1.211456746,0.009345705031,0.02008583233,0.0002590489317,-0.009999202503,0.006246876119,-0.01935438065,0.01282713033,0.009016439998
-1.203183365,0.006402138443,0.0110625217,-0.005059565078,-0.01266448153,0.001730225035,-0.00608306603,0.009070079383,0.007042062157
-1.205714631,0.002341976012,0.01382408881,-0.003100282203,-0.01517423772,0.0005256000013,-0.04118989817,0.02275819032,0.01316949279
-1.222317358,0.005956759952,0.01675548176,-0.004828643208,-0.01841596832,0.004738424575,-0.01761313021,-0.004119657702,0.006960093641
-1.184454496,0.00133120738,0.01289508661,-0.00545601283,-0.01117184992,0.002384492276,-0.0144496948,0.009022878547,0.005494186294
-1.194039505,0.0008124210971,0.006130895693,-0.00545323089,-0.0207547395,-0.003629358349,-0.03258190906,0.01923807291,0.01130765577
-1.193774402,0.00209537946,0.005070909724,-0.00699614724,-0.0149588582,0.002752575182,-0.01472711179,0.005063892724,0.00739942118
-1.195075946,-0.003483724714,0.01175077905,-0.006323334172,-0.01107100941,0.002927631543,-0.022847656,0.009718209782,0.007620175829
-1.200245955,-0.003976808201,0.006479351811,-0.009008486266,-0.02052908255,-0.001416809669,-0.02749510305,0.01013382722,0.008332387623
-1.197787058,0.000298869523,0.005509959721,-0.00677093731,-0.01433477893,0.002242943598,-0.01429645679,0.01432185077,0.006711228239
-1.220174301,-0.001154825746,0.006591712983,-0.004565164588,-0.01522761553,-0.001005595411,-0.02632314647,0.003959348259,0.008830466884
-1.128534168,-0.003734005241,0.006678465374,-0.007160551143,-0.01741176979,0.0007040915135,-0.02721241512,0.01144534031,0.008450317558
-1.173926329,-0.002404954264,0.009470710896,-0.005215870336,-0.01450771783,0.001818978597,-0.01611577381,0.006623106625,0.006772234454
-1.234337644,-0.002818547318,0.004917153631,-0.005666948252,-0.01682521211,0.000947230128,-0.02424236139,0.01342143446,0.008851560053
-1.190038743,-0.003284518699,0.001450317198,-0.007213457981,-0.01970549217,0.0002486466273,-0.02170819417,0.01231965189,0.00898485708
-1.241075975,-0.01349553759,0.002694807793,-0.007433755894,-0.01322251825,-0.002027216586,-0.02241304527,0.003983068057,0.008006319242
-1.174974204,-0.01268878466,-0.003091888556,-0.0109286239,-0.0190393755,0.0007709165267,-0.02572668785,0.01361334801,0.00787896904
-1.169631532,-0.009679221769,-0.006771805811,-0.008779018389,-0.01936980664,-0.001398343034,-0.02068907612,0.005059289356,0.007052844542
-1.151189108,-0.01012601594,-0.002800719489,-0.006889213787,-0.01087480237,-0.001323829942,-0.02446205942,0.01547606994,0.009450021229
-1.179904494,-0.006992911267,0.0004655467758,-0.009788722295,-0.0160517492,-0.0003952398193,-0.02286541507,0.004733559861,0.008491440362
-1.185195978,-0.008893992026,0.00197452698,-0.009776812107,-0.01314549265,0.002240898239,-0.02082368227,0.008684121735,0.007476810334
-1.238507867,-0.006570781234,0.0006192603439,-0.004670040611,-0.01671797449,0.002053616396,-0.02603976332,0.01749160802,0.009133232864
-1.192345674,-0.0032349366,0.0006377614979,-0.008655639172,-0.0205928422,0.001058979847,-0.01816406716,0.006171911738,0.009535832139
-1.162913749,-0.003888277703,0.005788796315,-0.007644438528,-0.004048986716,0.001671874337,-0.02265666527,0.01261395954,0.008291280381
-1.185442657,-0.002348930507,0.007516260651,-0.007596508673,-0.0185507486,0.001936642202,-0.02390343906,0.01667121448,0.009806788475
-1.201041667,-0.001616951243,0.004054287685,-0.0048120922,-0.02024112038,0.00681798926,-0.01493627274,-0.005014519453,0.007415208616
-1.179698632,-0.001449099784,0.01510571357,-0.004291761206,-0.004720681435,-0.003065351374,-0.03355344995,0.02095753362,0.01252467604
-1.198632092,-0.0007490260534,0.002221549801,-0.01112068155,-0.01724956543,0.004317737758,-0.01354143411,0.01421846199,0.008771677655
-1.188383654,0.0003032048266,0.009108819087,-0.00140567504,-0.01233567698,0.004075978278,-0.01663023919,0.001278174877,0.007221106478
-1.180555365,-3.268454671e-05,0.01063282999,-0.009476452805,-0.01224242936,0.002060418891,-0.0359290363,0.0172565134,0.01368745526
-1.173482093,0.001849800406,0.001601483436,-0.007927241938,-0.01341393452,0.001482882896,-0.01260728094,0.008100677644,0.007771438047
-1.231420644,0.0002238279344,0.01057176677,0.0006130472889,-0.01075004014,0.004048607651,-0.01800292681,0.01678881795,0.008362645542
-1.146212399,0.003004684715,0.01234675592,-0.008205916866,-0.02256043769,0.004456355346,-0.03027569891,0.007545156623,0.01230441998
-1.158648002,0.01108303961,0.01677229419,-0.005490372576,-0.007988203547,0.003093972933,-0.0153026945,0.01173476237,0.009877253134
-1.173938626,0.009218255564,0.01878004044,0.001027342615,-0.005213580801,0.001662151966,-0.01686617361,0.01608999705,0.01110743354
-1.200941613,0.008693136034,0.01630703884,-0.006099294714,-0.02186471015,0.006344961946,-0.02491642019,0.01222976662,0.009123357937
-1.154061837,0.009805691212,0.01974651386,-0.001860217572,-0.006052239102,0.004117281547,-0.01992046755,0.009357337976,0.009266262233
-1.194679505,0.003718549364,0.01364013507,-0.005504748097,-0.01510443989,-0.0007887566634,-0.01777029279,0.01066525622,0.01013651076
-1.183343465,0.005285191236,0.01231911994,-0.003159474483,-0.0157424102,0.004481148538,-0.02507835054,0.01403325008,0.009872996182
-1.168846741,0.005172092342,0.01510641239,-0.002761569288,-0.01214386191,0.004871790204,-0.02024463387,0.008111826773,0.007038634611
-1.219855477,0.002184651503,0.007546952563,-0.00939442992,-0.01807578172,-0.0003352199282,-0.02119040288,0.008346167098,0.009944161397
-1.148171774,-6.353941026e-05,0.00891663565,-0.003759678833,-0.01625207246,-0.0007943822882,-0.02403280224,0.01281600109,0.009435042269
-1.177417914,-0.001365916114,0.01229925945,-0.005999530585,-0.01579331349,0.002282653599,-0.01995097761,0.009848388084,0.005872978664
-1.173001844,-0.0009817335492,0.004360426385,-0.007275965051,-0.01745504285,0.001691289039,-0.02421170947,0.008098991058,0.007023346271
-1.169009857,-0.001856727823,0.004752751915,-0.005458486772,-0.01100182608,-0.002297275904,-0.02660119554,0.01384809395,0.009566301236
-1.200288661,-0.002016168569,0.009683379273,-0.008103203723,-0.01378153197,0.002181273569,-0.01794700852,0.006287716388,0.007716153309
-1.186190442,-0.005308955073,0.00570462417,-0.006149913759,-0.0192658492,0.00290522878,-0.02225045789,0.007794500601,0.007186101561
-1.205567123,-0.0008266750815,0.004929015397,-0.003366128638,-0.01677104077,-0.001707657498,-0.02377340766,0.01466185997,0.009767458265
-1.180520013,-0.001404017884,0.007044435352,-0.007450182824,-0.01572966597,0.001944606604,-0.02078917135,0.005313818856,0.008108819473
-1.204370101,-0.004922842243,0.007072997197,-0.006085528301,-0.01419590424,0.001743642799,-0.02340718767,0.01324479955,0.008780317883
-1.175815582,-0.005571328173,0.0004205277985,-0.007537128734,-0.0190411265,-0.001260335807,-0.02048973107,0.008184570025,0.008658849373
-1.15841478,-0.01241042052,-0.003999842048,-0.009130281059,-0.01497658342,-0.001660797287,-0.02351911987,0.01186116514,0.006604685964
-1.201736897,-0.01313146526,0.000244680099,-0.01010909843,-0.01643012948,0.001294033345,-0.02695528295,0.008077757745,0.008621113665
-1.147143171,-0.01181920511,-0.004008272436,-0.00871011749,-0.01697657178,-0.001723400873,-0.02588940243,0.009962967489,0.007859007506
-1.224282405,-0.0085963308,-0.002015053648,-0.01016389012,-0.01570529257,0.002677670015,-0.01264460115,0.007973507863,0.008076084327
-1.083313113,-0.007668192391,0.002872136352,-0.006155616151,-0.01420574637,-0.005177007317,-0.03289095729,0.002242434606,0.01125981525
-1.432304245,-0.008552600275,-0.001748416088,-0.01043717361,-0.01749617132,0.0007874889827,-0.0228055396,0.02819181294,0.008900063229
-0.1888053443,-0.003899997623,-0.000755656662,-0.004769994137,-0.01597951619,0.004531931702,-0.009367757337,-0.005598604049,0.00539330383
5.08871426,-0.005420117201,0.0115511339,-0.008446938647,-0.01190448783,-0.00105629877,-0.03378464619,0.01574209091,0.01062311067
5.041092369,-0.001543368886,0.00051672452,-0.008647295363,-0.01385551645,0.001300354259,-0.02219880009,0.01600859474,0.01235357261
5.150888013,-0.001970445152,0.007405487462,-0.003594045639,-0.01274348062,0.001840433297,-0.01107478264,0.004839044175,0.005306889613
5.130137876,-0.0001465787133,0.01023320918,-0.004462274056,-0.01494538044,0.005380738823,-0.02978259798,0.01410974875,0.01084672708
5.148707729,0.001866249544,0.004765382408,-0.008854933589,-0.01857554335,-0.0001787056521,-0.02265954961,0.004579040256,0.01063886382
5.088199964,-0.001445059528,0.007868727397,-0.003827654102,-0.004329564974,0.000942686268,-0.01641917052,0.01473886062,0.01035368013
5.130426394,-0.002939132801,0.007699084695,-0.004674944244,-0.0201638874,0.005137515856,-0.02399960995,0.01351264977,0.009642120193
5.095792639,-0.0006812958522,0.006765512773,-0.006749249444,-0.01478789053,0.002636472763,-0.02204084707,0.009614591338,0.007755431248
5.122823904,0.0003207264537,0.009842071443,-0.005412302395,-0.01114612043,0.0008805520038,-0.01939998946,0.01095867651,0.01230313538
5.089272547,-0.0008425074643,0.006078778145,-0.009664990586,-0.01745488813,0.001885881935,-0.02450937024,0.008775620827,0.01002684468
5.109476619,0.00682014733,0.01522287941,-0.0008762741019,-0.0109701985,0.005018056913,-0.01857419037,0.01300747858,0.009187789298
5.058415477,0.01380481757,0.02004249811,-0.0004913782183,-0.01185866814,0.004287698514,-0.02026106964,0.008272697383,0.01145753803
5.139699803,0.008750028379,0.01496310957,-0.006734816027,-0.01317174906,0.003237082823,-0.02208373766,0.01446820859,0.01248102052
4.973156522,0.009474643835,0.01911779112,-0.0008299997703,-0.01224276574,0.005537853455,-0.02007102745,0.01486859331,0.00955900353
5.294848172,0.006651792896,0.01588326412,-0.002883242874,-0.0154051571,0.002878316698,-0.02005512011,0.007718257631,0.008909427008
4.816346281,0.004110798903,0.01158531788,-0.006055843115,-0.01429266385,0.004681599364,-0.02192621952,0.006931855094,0.008631547589
5.593250832,0.005465442557,0.01716633067,-0.001899685853,-0.009323553548,-0.0007409719383,-0.02279520049,0.01931916665,0.01039187109
1.195258641,0.002309553779,0.007882475715,-0.006122619358,-0.02363837582,0.007061467749,-0.01798918587,0.002290383744,0.007400022423
-1.713468506,-0.0009335506778,0.009484734547,-0.005705516195,-0.01331507545,-0.002065021508,-0.02891910301,0.0001179241942,0.008894502877
-0.9408856047,-0.001179152965,0.01158589926,-0.006115679411,-0.007867453969,-0.00335339662,-0.02359178075,0.02770075665,0.01014828998
-1.372251682,0.0002578457228,0.003860268437,-0.006281988192,-0.02375475017,0.006291894542,-0.01106666377,0.00922844914,0.006201286229
-1.099162465,-0.003557871085,0.009828449648,-0.003518771779,-0.02005636696,0.0005690643612,-0.03364565655,0.00560266939,0.009651365118
-1.266212317,-0.0008560749411,0.006846176163,-0.008821561742,-0.00498721537,-0.000463623271,-0.02278435174,0.008504067224,0.009547633846
-1.169890222,-0.002931620183,0.005542377171,-0.005081083255,-0.01994321228,-0.00225807012,-0.01135318034,0.01623334514,0.007284705441
-1.243154568,-0.001473402978,0.006360519772,0.001063581104,-0.02044145934,0.002734382563,-0.03190546937,0.006640174529,0.009838873143
-1.203290651,-0.0003055447378,0.004049437597,-0.01467545266,-0.01314963515,0.004344936394,-0.0165327277,0.005993127296,0.00548507362
-1.248287498,-0.004641957203,0.004786714637,-0.00421138,-0.008482854304,-0.00487623422,-0.02390289759,0.003494616981,0.01071760239
-1.218542765,-0.004441674551,0.01216534807,0.001471716714,-0.01772181801,-0.002531989357,-0.02920456396,0.02882807226,0.0106191238
-1.187753606,-0.007267166767,-0.006939825839,-0.01637424863,-0.02562607492,0.007806870982,-0.008672722588,0.00411576986,0.002498502588
-1.169521696,-0.01479061488,-0.000777880614,-0.008409652364,-0.009722170547,-0.002940393396,-0.03210211798,0.001245814201,0.008014038961
-1.195128827,-0.01020191102,-0.003888743559,-0.009892650772,-0.01594434397,-0.004140915784,-0.0262461205,0.0127164328,0.01126030405
-1.188005058,-0.01211924921,-0.007785299311,-0.008561250229,-0.01967746564,-0.001101464619,-0.01225944525,0.006292642397,0.004841662895
-1.179379853,-0.009221799783,0.003280471345,-0.006160119243,-0.01215381128,0.003451410615,-0.02885579775,0.01442043382,0.007328376849
-1.224270556,-0.004962028354,-0.00265594033,-0.01093230448,-0.02058193828,-0.0004474892148,-0.02282248069,0.006223224228,0.009230612995
-1.187227507,-0.01010314412,0.002564134299,-0.005353281878,-0.01087453696,0.001221058484,-0.01950935819,0.01066615823,0.00962569327
-1.196665753,-0.007118298368,0.008112454494,-0.004411210263,-0.01203473087,0.003151203411,-0.02173479614,0.01715833594,0.008575562192
-1.162034605,0.0003100673095,9.325097351e-05,-0.011151675,-0.0219167204,0.001489590049,-0.02027321145,0.005608794098,0.006691726838
-1.215718753,-0.001467617468,0.006507445851,-0.003316558686,-0.007584371952,-0.001808842642,-0.02655032715,0.008525077639,0.0112214027
-1.16834277,-0.00340810716,0.01075722616,-0.007652878333,-0.01585290984,0.002264968914,-0.02011250639,0.006758649468,0.008914386496
-1.129246679,-0.0008896073469,0.005339884008,-0.006857038972,-0.01537181117,0.004179313245,-0.01869601788,0.01145525207,0.007114815151
-1.214134532,0.00214654545,0.007252059872,-0.003044221931,-0.01341870046,2.456819059e-05,-0.02419971083,0.01516446297,0.01055810897
-1.167232837,-0.0006061376113,0.007683016619,-0.008008906213,-0.01424985135,0.002694822368,-0.02415022319,0.009148003254,0.009263765413
-1.192127303,-0.004515348346,0.01080937521,-0.005510802311,-0.01236614838,0.003420199785,-0.01886633707,0.01267069331,0.00918133482
-1.202038351,0.001078072978,0.007663597366,-0.003503109713,-0.01297539919,0.002493314455,-0.0218158943,0.00974073387,0.008648650834
-1.190327349,0.002367987503,0.004365251384,-0.008736968298,-0.01784337018,0.002840038413,-0.0208840083,0.01209197175,0.009812311675
-1.195904279,-0.0003360604234,0.008853134599,-0.00409603148,-0.009570041386,0.001188505384,-0.02527583294,0.006610317097,0.01112924587
-1.202564006,0.01098065117,0.02123468973,-0.002031650582,-0.01096827642,0.005453210938,-0.0180854618,0.01229134365,0.01028592309
-1.19996262,0.01015466504,0.01675004951,-0.003896189796,-0.01336288152,0.004941231005,-0.01955143471,0.01165993611,0.01019041727
-1.173201034,0.00723530944,0.01624612402,-0.002635037607,-0.01248262221,0.00310075543,-0.02055281065,0.01558416973,0.00943193069
-1.21799404,0.008975510842,0.01847318409,-0.002061070457,-0.01256392304,0.004246854577,-0.02300586497,0.007645592949,0.01049264073
-1.182104264,0.005869872634,0.01437928006,-0.007055317222,-0.01359660496,0.002468652369,-0.0198414205,0.007959624791,0.008316181363
-1.187155152,0.006276242287,0.01344423446,-0.003343169082,-0.01389927302,0.002595590126,-0.02078271193,0.0113766254,0.008740955119
-1.168935017,0.003971980636,0.01175862874,-0.004467656981,-0.01603764317,0.002563996496,-0.02162296185,0.01238029221,0.01021163483
-1.171906735,0.0004445687083,0.009414817517,-0.004817814978,-0.0121574245,0.0001887079784,-0.02462437087,0.01159004424,0.01049800081
-1.200419182,-0.001163001776,0.0100244297,-0.007663694009,-0.01376700598,-0.0007920441599,-0.01920504239,0.005935984193,0.007426581196
-1.199163445,-0.001674569925,0.008702543695,-0.005353559116,-0.01819239581,0.006907523086,-0.01915960969,0.01074935377,0.007107866485
-1.223718767,-0.001345492908,0.007125251983,-0.002363452065,-0.01862189609,-0.004061447951,-0.03525545226,0.00813990554,0.01064807012
-1.18727851,-0.002944883143,0.005177246395,-0.01069369404,-0.01198719839,0.0001515461136,-0.01434470028,0.01358270888,0.006271533564
-1.197280765,-0.00174475883,0.006184843665,-0.004633637357,-0.01460795522,0.002531815199,-0.01414788259,0.005137999108,0.006721930689
-1.195591808,-0.003271318809,0.009775524548,-0.004586742476,-0.01667811459,-0.00187487199,-0.03764845408,0.01072775987,0.01139181569
-1.165394615,0.0001475598973,0.004654077416,-0.006792874836,-0.01523429052,0.003821732076,-0.01462389208,0.01141228029,0.007630250032
-1.174193853,-0.006235707028,0.01047115557,-0.003314205602,-0.01079220543,-5.370758978e-05,-0.01914885681,0.008515149772,0.007231943529
-1.192755392,-0.001338718336,0.005360215053,-0.005824325534,-0.02213608359,0.001322817892,-0.02911841213,0.01334102696,0.009305275651
-1.188946856,-0.001599183918,0.000209868043,-0.008658766827,-0.01787689492,0.001211321611,-0.01881240509,0.002173696387,0.008484502097
-1.17162537,-0.017088892,-0.003124391785,-0.008148848075,-0.008713027244,-0.004761341557,-0.02406323191,0.01305552579,0.008913176726
-1.157822699,-0.01184848161,-0.003669832072,-0.009227213206,-0.02446150218,5.901054818e-05,-0.02596812072,0.01077975788,0.008851638997
-1.206632754,-0.009075276733,-0.001325496839,-0.007556943148,-0.01581062775,0.001551737714,-0.02034925329,0.006398527816,0.006200892979
-1.164947144,-0.01204250177,-0.0005137279402,-0.009457141422,-0.01484230322,-0.0009539583927,-0.02492423914,0.01286071139,0.009774951581
-1.202528362,-0.006892864555,-0.001149480641,-0.0107730201,-0.01610876002,-0.0006302706216,-0.02328277086,0.01006732606,0.009492611548
-1.174042312,-0.008148419997,-0.0007876855143,-0.004073180969,-0.01327123931,0.0002755404563,-0.0206134713,0.009747826298,0.007395438366
-1.147915624,-0.003624615783,0.002835530398,-0.008685560833,-0.01960542794,0.001490178377,-0.02501491781,0.007592314869,0.008478216091
-1.152527181,-0.003568839391,0.004222868234,-0.007837717776,-0.01510140433,0.001025230414,-0.02377263962,0.01264190408,0.009944510104
-1.155572229,-0.004199412456,0.008264485,-0.00334750768,-0.01176827661,0.001582915642,-0.02016708097,0.009327495657,0.009014902396
-1.195536766,-0.001999950105,0.004024604341,-0.007802015499,-0.01776135855,0.002105770465,-0.02114300351,0.01126803338,0.007010442699
-1.167728118,0.0005202196,0.00629451322,-0.005745747825,-0.01243865245,0.0008570861118,-0.02275825201,0.01278127326,0.01073423213
-1.202700244,0.0003589589503,0.009080612804,-0.006376517533,-0.0131480451,0.001819253431,-0.02008688501,0.007594995926,0.0105980576
-1.210388683,-0.001646777567,0.007119988751,-0.00650905448,-0.01640760927,0.004386080033,-0.02340125382,0.01054767,0.009244162829
-1.204012043,-0.00101549026,0.006275640229,-0.003536584586,-0.01396356218,0.001734930599,-0.02236873048,0.01204569161,0.01021992634
-1.184631616,0.000622302907,0.006990762576,-0.007166384171,-0.01290024816,0.002051719807,-0.02053055706,0.01048593191,0.00968528773
-1.135437564,0.0003874569484,0.007442565597,-0.006163963425,-0.01214265805,0.0008780913763,-0.02325670864,0.01180710509,0.01087068086
-1.160093472,-0.0009381335415,0.008143438998,-0.006283454474,-0.0148644784,0.003654545338,-0.0209915316,0.009680978197,0.008788788335
-1.225333174,0.006009447219,0.01607482149,-0.003847742791,-0.01329359787,0.005734574538,-0.01888820576,0.013647632,0.009154197037
-1.172600899,0.01186288752,0.01828397467,-0.0007115803204,-0.0103530272,0.004035809102,-0.02122721663,0.009552120751,0.01091372788
-1.20217755,0.008354201969,0.01528726594,-0.00262647058,-0.01174493963,0.001613666219,-0.02187739862,0.01979472725,0.01098950196
-1.159052379,0.008768360536,0.0163049248,-0.004726230666,-0.01610948444,0.008679196754,-0.01256090602,-0.0006577123222,0.008798427085
-1.212475481,0.005082596809,0.01995417446,-0.001473013325,-0.0103235456,-0.002657607413,-0.03255058169,0.011895326,0.008762645964
-1.084096449,0.005432877561,0.01103875246,-0.00592872866,-0.01680445656,0.003512036673,-0.01868264362,0.02363759482,0.01000197188
-1.264841119,0.00893780096,0.01286794411,-0.001186453012,-0.01439734594,0.00656377601,-0.01127635718,-0.002555822172,0.006401877272
-0.9367327371,-0.0008133817611,0.01533845702,-0.006221341002,-0.01261966402,0.000721839064,-0.03471741616,0.01444283894,0.01099848799
-1.600710358,0.002312286525,0.004711763315,-0.007216669416,-0.01582506797,2.095759611e-06,-0.01782307904,0.009458886338,0.008147982266
0.5205595857,-0.001103176149,0.01001453914,-0.001609244231,-0.01112009798,0.001331319342,-0.01418344404,0.01366649812,0.00534410497
5.441155134,-0.00124479274,0.01011340808,-0.005252315999,-0.02146191675,0.002293170804,-0.03272457337,0.006813825838,0.00982073599
4.857933052,-0.001605016355,0.001259552112,-0.008762944082,-0.01753207279,-0.001469617218,-0.02217332742,0.006127381212,0.007074401517
5.246693748,-0.003409025641,0.00982657583,-0.003377816491,-0.00561223412,-0.0007418227118,-0.01894859469,0.01626655158,0.009670192734
5.01725265,-0.002062125114,0.007866302762,-0.007436621978,-0.0231611348,0.003234769378,-0.0241090717,0.01116867564,0.007903227378
5.161638221,-0.001045251247,0.004600774484,-0.004948910611,-0.0150147719,0.00127783284,-0.02377654316,0.007238449936,0.007184407561
5.049325076,-0.002882203748,0.007644912796,-0.005826475152,-0.0116584799,-0.002543554719,-0.02123461071,0.01031303819,0.009741849711
5.106714445,-0.00349231476,0.00448994798,-0.00967413021,-0.01673005702,0.001417616026,-0.02325876239,0.01102559185,0.009756614176
5.099918755,-0.00247362637,0.005539899921,-0.0009433271382,-0.01536006475,0.001545402194,-0.02058995984,0.007696934376,0.007993288935
5.125154576,-0.007855740907,-0.002310341602,-0.009240633299,-0.01909021606,-0.00230385747,-0.02524143897,0.00714587394,0.007202408901
5.148729931,-0.01403373365,-0.006676815793,-0.01315437052,-0.01522233647,-0.002837698604,-0.02296008797,0.01162657153,0.008384460753
5.076582981,-0.01141043427,0.001757876213,-0.003536296479,-0.0153833449,0.000128805357,-0.02156099714,0.008434993903,0.007533624529
5.087946089,-0.01125705339,-0.00414098533,-0.009209388446,-0.02157881758,0.0004706887395,-0.02477133613,0.008719104045,0.006424979354
5.135616493,-0.00793638452,-0.001227893909,-0.01025546117,-0.01322625966,-0.001153029468,-0.02293558192,0.01161325152,0.008942165735
5.034067294,-0.007264124026,0.002613433954,-0.007084662937,-0.01127367564,-0.0003523990066,-0.01994321541,0.007898647288,0.009550273047
5.13918782,-0.007838498756,0.000462195983,-0.008836538937,-0.01938899396,0.002848910833,-0.02435485284,0.008532574009,0.0077964092
4.921835672,-0.002578896476,0.002026113396,-0.007354426091,-0.01325974469,0.0002055909837,-0.0236586017,0.009942314236,0.009210981245
5.411144103,-0.001878578007,0.006216395649,-0.004272508957,-0.01213155805,0.001468186148,-0.02034304212,0.01202137614,0.009223475816
0.3236819759,-0.002071206844,0.005886649495,-0.007220196029,-0.01754186403,0.001384198868,-0.02481167138,0.007684774668,0.009830778767
-1.588681947,-0.0009357270608,0.008046666321,-0.005340474353,-0.01393609339,0.002935243523,-0.02018256475,0.01562585853,0.008073713766
-1.059713097,0.001396399299,0.007075251075,-0.006536382207,-0.01406596283,0.007470664454,-0.01594195128,0.006780000876,0.00824092352
-1.312345402,-0.002063729912,0.008716351328,-0.006337865527,-0.01351170792,-0.00436118641,-0.03452772662,0.003234831602,0.01299869451
-1.120411874,-6.406052685e-05,0.007521856618,-0.005095578046,-0.01131453195,0.002369835961,-0.01884076824,0.02342913901,0.009456705948
-1.231087215,-0.0001985909932,0.006273244466,-0.0061845854,-0.01863780187,0.008239718338,-0.006238381218,0.006287039094,0.006660838611
-1.119333313,-0.0007869091957,0.00861896183,-0.005400618366,-0.01230410815,-0.0002200084548,-0.03686234671,0.002197979037,0.01176181197
-1.196157106,5.423713428e-05,0.009596985305,-0.00728073723,-0.006241546888,-0.002316111271,-0.02323705918,0.02203812886,0.01240539196
-1.19981745,-0.001425926881,0.007689296259,-0.004573385609,-0.01803956534,0.006439375543,-0.004644749595,0.009207496522,0.004556092053
-1.19474864,0.009971036332,0.01979026587,3.274354001e-05,-0.01632566435,0.005621819686,-0.03402897176,0.006972883451,0.01132569405
-1.214442914,0.01348864414,0.01616705434,-0.009152606597,-0.00979339377,0.00332781238,-0.02235676773,0.009295687001,0.0113614766
-1.193980754,0.005675809827,0.01749624204,0.0002242919623,-0.005138168179,0.0006695414865,-0.01314492374,0.01413972611,0.009271694243
-1.182316656,0.006400416697,0.01843533487,-0.0007945247379,-0.02214112945,0.005578218371,-0.02515804381,0.01889875756,0.00920231913
-1.242740898,0.007175800925,0.01399026875,-0.008968206112,-0.01386825248,0.006356725625,-0.02000850596,0.003123926382,0.007052499055
-1.162544571,0.0061125578,0.01671108847,-0.002429253384,-0.007068039447,0.0002199035301,-0.02051825546,0.01107549745,0.01029077694
-1.210244014,0.00306405032,0.01167506949,-0.001022117827,-0.01907647255,0.00175088899,-0.02326627175,0.0148759344,0.01058561976
-1.183261011,0.002675729794,0.007681280385,-0.007469487419,-0.01704246914,0.003659292118,-0.01873740262,0.005906444237,0.005543533335
-1.198643467,0.001814708185,0.01064471227,-0.007028618411,-0.01199358004,0.001649167104,-0.0245384949,0.009128904739,0.007875292381
-1.190912194,-0.001620086099,0.005103938163,-0.00554003364,-0.01980971399,-0.00111111638,-0.02360897194,0.009306527847,0.009398020348
-1.185491464,-0.003342088135,0.009421876058,-0.00368487425,-0.01278404628,0.002481735454,-0.0206240044,0.009486258087,0.006288024123
-1.211905859,-0.003697804351,0.007033885515,-0.007443298614,-0.01735824719,0.001696354598,-0.02042857164,0.0124522298,0.006881195544
-1.188295603,-0.001476301725,0.00426052244,-0.007815235541,-0.01787206889,-0.0004605289838,-0.02494791509,0.009270031521,0.008802695006
-1.198628111,-0.002430419999,0.009116628729,-0.003779142857,-0.01105798244,0.0007200653477,-0.02146488626,0.01075827112,0.008731076182
-1.235453942,-0.003164364183,0.007326554072,-0.006108047426,-0.01488135476,0.002829099695,-0.02193126505,0.003684816061,0.008247359663
-1.193106895,-0.003006216681,0.002893192113,-0.006558529484,-0.01840603936,-0.002747065377,-0.02214072656,0.02198156493,0.008374602485
-1.179786823,-0.001054326202,0.006171985959,-0.00441063278,-0.01466656875,0.003180091206,-0.02061648837,0.003432424993,0.008975475752
-1.172496874,-0.005920720478,0.007755093044,-0.008552003058,-0.01519335318,0.003552691918,-0.0286363589,-0.002594259115,0.008354783839
-1.174916509,-0.0151338888,-0.005003066089,-0.009673645378,-0.01423659364,-0.008669622902,-0.02579509575,0.02035192082,0.00770431822
-1.18060725,-0.007287432527,-0.009147445019,-0.008045571068,-0.01747421901,0.002432321085,-0.008595798454,0.011684127,0.004183818794
-1.226971458,-0.01276807042,0.001547934825,-0.008368664691,-0.02053646715,0.002134473413,-0.03410437783,0.01003876321,0.007817068756
-1.205362904,-0.00950647343,-0.003398387102,-0.01107042311,-0.01583235698,-0.001273773949,-0.02936256939,-0.00178069788,0.009495966318
-1.168229709,-0.004997028916,0.005269510146,-0.006599050475,-0.01110531804,-0.0002498789653,-0.011741769,0.02277778497,0.008096349903
-1.18389118,-0.01034893801,-0.004176113147,-0.004717748396,-0.02181113293,0.002256844667,-0.02308647141,0.00774754989,0.009652549727
-1.158472665,-0.005432843062,-0.001105580936,-0.005894166673,-0.01728295884,0.002898188447,-0.0308993965,-0.000110506294,0.007706404778
-1.159752728,-0.002544163984,0.006576692682,-0.01180185391,-0.006718383071,-6.143816384e-05,-0.01706292534,0.01524396514,0.01039371013
-1.181485254,-0.006527294576,0.006780896188,-0.006637801088,-0.01231517927,0.002828833497,-0.01729011177,0.004457472811,0.01067758455
-1.203563723,-0.002170395159,0.006695026704,-0.00455243506,-0.01962956335,0.0001287204201,-0.03723211973,0.01771651895,0.009369719342
-1.19092808,0.002496492705,0.006277023315,-0.006865462689,-0.01665424674,0.006696813189,-0.01126909371,0.01485707507,0.00678591602
-1.162088341,-0.001824754333,0.01117938032,-0.004684142103,-0.01347934743,-0.002340550483,-0.01884480347,0.0001897886272,0.01046099814
-1.186876243,-0.0009752634909,0.008082859953,-0.01185498449,-0.01156912209,0.0008135763782,-0.02939344843,0.007711845412,0.01207664965
-1.189609554,0.004666202336,0.003209134747,-0.0005036334707,-0.01531640313,0.007067946689,-0.01911299478,0.01907231672,0.007855937902
-1.233167052,-0.002717912207,0.004407923722,-0.001045848297,-0.01685756245,0.0008050911142,-0.02410554005,0.006123053726,0.0087574149
-1.215509138,-0.000213971772,0.01065273955,-0.007845665593,-0.008411437549,0.003911906317,-0.01973812441,0.01160404171,0.0109119278
-1.157726343,0.0006478706219,0.008926953237,-0.009204175706,-0.01109247923,0.001879137282,-0.02258070856,0.01147389139,0.008370522013
-1.193245322,0.004557392416,0.01345241146,-0.0005669147835,-0.01433609051,0.002581778534,-0.02327560867,0.01085328567,0.0110678586
-1.212301741,0.01033958143,0.01928426136,0.0006087391953,-0.01645616865,0.005779201049,-0.01704002976,0.01602254427,0.008944039431
-1.177635202,0.008292470317,0.01795435914,-0.005940299367,-0.008191978357,0.002468731972,-0.0213985926,0.004852610849,0.01064566187
-1.155313836,0.01090856087,0.01727300394,-0.001577745869,-0.01381810824,0.003950198112,-0.02418988881,0.01222816406,0.01130177442
-1.189031973,0.006450357226,0.01361909476,-0.003765262185,-0.01558104755,0.003240600606,-0.01315246466,0.01281555382,0.008541096898
-1.176249379,0.00416001338,0.01483664391,-0.002424645675,-0.01250046293,0.001307759144,-0.02885909491,0.01095370416,0.009869346809
-1.182683498,0.007360276464,0.017267236,-0.006576388487,-0.01029604434,0.006101449038,-0.02617199322,0.01954633056,0.006948719401
-1.171975254,0.003287120973,0.008845377536,-0.004059029214,-0.01934302616,0.002262657065,-0.009770522654,-0.0003134666629,0.007286875844
-1.228070169,-0.0004185166198,0.01201627764,-0.001972456002,-0.01361867694,-0.0006891926632,-0.02940961009,0.01053099576,0.0108600527
-1.198978782,8.181757905e-05,0.007725008953,-0.01144937899,-0.01324847381,0.001560110931,-0.02112676525,0.01456753729,0.008491672135
-1.188471357,-0.0008074838387,0.005229379233,-0.001763849787,-0.01377663145,-0.00102883212,-0.01701686601,-0.00105353717,0.00566384571
-1.177580168,-0.002560444501,0.01052156855,-0.004699259852,-0.01915530861,0.001168854368,-0.02968686598,0.02195566205,0.009823014612
-1.154058349,-0.001309188616,0.006112147101,-0.009308159857,-0.02128138474,0.001989707355,-0.02311865668,0.002600351684,0.00773756658
-1.162025556,-0.003299027108,0.007680022501,-0.002231112205,-0.00888406422,0.0008639792875,-0.01463851449,0.01635823755,0.007110476052
-1.176194359,-0.001119409773,0.004222249599,-0.006076948281,-0.01982146781,-0.001178432459,-0.02727589863,0.006361549329,0.01013863228
-1.17890214,-0.001954482373,0.006821511305,-0.01018669915,-0.01528710402,0.002347814741,-0.02437912097,0.007081824296,0.007580726114
-1.23277701,-0.002032566441,0.004547015568,-0.003478580608,-0.01005015838,0.002139188467,-0.0193537203,0.008062141647,0.006695895311
-1.195382631,-0.001264110288,0.004980425647,-0.007613649613,-0.01894142278,-0.001613629763,-0.02254149199,0.01319206215,0.009173384749
-1.197671036,-0.009239723941,0.0003415323113,-0.008277518119,-0.01536060564,0.0004274240695,-0.02715672704,0.01223812488,0.009159227665
-1.176436151,-0.0136567423,8.971156293e-05,-0.0087018793,-0.01628367806,-0.002001591691,-0.02229622427,0.01178008373,0.00548667245
-1.213519623,-0.01058829577,-0.005119600826,-0.01118387825,-0.02074569635,0.001762041102,-0.01626394181,-0.0003877413358,0.006865272901
-1.152653923,-0.0123757326,-0.003362886013,-0.004816214867,-0.01329777986,-0.006344416308,-0.03468101205,0.01170933991,0.009833711097
-1.197255344,-0.00784758029,-0.002694656085,-0.01154567614,-0.01581781305,0.002540852341,-0.01658959286,0.01914618577,0.007761443937
-1.148862978,-0.007730931955,0.0004198761802,-0.005577289006,-0.01560623705,0.00332323892,-0.01850199911,-0.003772204277,0.00860107854
-1.239771023,-0.008599681978,0.005290145498,-0.009512558109,-0.01294649035,-0.002886679992,-0.03280192761,0.01746198345,0.01187016004
-1.098168657,-0.003228228472,0.0005713477861,-0.007324193313,-0.01431050722,0.0009416579443,-0.01797226865,0.01269467693,0.009501950006
-1.323995969,-0.006528899618,0.005817389265,-0.00539302325,-0.0137771766,0.003561393299,-0.01466005885,0.011382198,0.005996661849
-0.9530081171,0.0005937227261,0.006657559037,-0.00607614249,-0.01886792507,0.001061877941,-0.02600941372,0.002022996761,0.01148173656
-1.614415592,9.471744048e-05,0.003516483618,-0.008898705806,-0.01886513421,0.0001219822577,-0.03046523153,0.01295109777,0.01007910917
0.7765665944,-0.002384334085,0.008024955554,-0.00467863772,-0.008075576916,0.002298350446,-0.01355803268,0.01224059856,0.007654101147
5.491673435,-0.0006113965585,0.006050799218,-0.004641933389,-0.01602600313,0.002677674106,-0.01872274871,0.01023009884,0.008235219206
4.891767305,0.002759468148,0.007134856095,-0.007768317765,-0.01272844445,0.0008280712756,-0.03167931976,0.01500278579,0.01317352147
5.221010806,-0.001593529317,0.01030539223,-0.005403239334,-0.01121663333,0.001566501412,-0.01476497321,0.008139625381,0.009043233552
4.983350085,-0.002592426255,0.01015661786,-0.005942497406,-0.0148270805,0.006001151252,-0.02010050991,0.008179555086,0.007386878931
5.166841319,0.001124272387,0.007513984677,-0.002520599696,-0.01472011603,0.0004151827464,-0.02763725148,0.01242335173,0.01111199878
5.046365838,0.003626316384,0.005960999116,-0.006610240172,-0.01192967399,-0.0005199876216,-0.02135449028,0.007259267752,0.01074838013
5.111006027,0.006258297583,0.01674617821,-0.003942130072,-0.008361397993,0.004246961227,-0.02162773335,0.01461460585,0.01099108969
5.141998664,0.0107020494,0.01944262431,0.000317722625,-0.01529253833,0.007039503496,-0.01976645717,0.01641287242,0.008640759985
5.145654745,0.01007824267,0.01677095769,-0.0003302100271,-0.01198695299,0.005577205951,-0.01915889635,0.008680676322,0.008994761733
5.075644838,0.007621211486,0.01721590555,-0.005018236942,-0.01108328351,0.001172280543,-0.02311984545,0.01335444679,0.01334008154
5.092161457,0.003242130345,0.01411774557,-0.00572738382,-0.01373662947,0.002357265594,-0.02014937969,0.009395013959,0.009906348588
5.048452794,0.006321732754,0.01305696881,-0.002515788187,-0.01694249238,0.003824319747,-0.02010681193,0.01065602348,0.007363995333
5.113882368,0.005887744264,0.01146098432,-0.005108720941,-0.01290510621,0.0007096533045,-0.02370324395,0.01029293037,0.009813751931
5.055414707,1.998340079e-05,0.009187760443,-0.00754922681,-0.01274805888,0.0009101989486,-0.02059869412,0.009033497122,0.008613710973
5.211113569,-0.001715497654,0.01200546298,-0.003968576015,-0.01603196318,0.001301021569,-0.02246719519,0.0107537395,0.007759461203
4.917576472,-0.0006970812477,0.008031756245,-0.004792960596,-0.0187722461,0.001806188906,-0.02024554005,0.009043330811,0.006773149034
5.358583891,-0.001411134768,0.005417937146,-0.00565618606,-0.01506652843,0.0003342308404,-0.02317000811,0.0126533691,0.007558401365
0.2888040159,-0.003296840934,0.005818037799,-0.007184959683,-0.01401473993,-0.0001287623119,-0.02348767605,0.006381498475,0.009702994791
-1.533391475,-0.0001254002985,0.007366806911,-0.004307188646,-0.0179524076,0.000656175386,-0.02630802798,0.01272578617,0.008248241854
-0.9653071857,-0.002981508231,0.006006594984,-0.008034609663,-0.01648488269,0.002609477763,-0.01026665201,0.008179430511,0.007306699123
-1.267843763,-0.002187252706,0.007672972801,-0.002711322031,-0.0112239364,0.001287471998,-0.02881643613,0.007697097272,0.01120618086
-1.170407246,-0.00258648474,0.004675688587,-0.008158925013,-0.01953338536,0.001776635849,-0.02460834984,0.01891779731,0.01099294203
-1.198504059,-0.002105168217,0.006388120414,-0.003722017363,-0.01210067962,-0.003212959563,-0.01803020092,-0.006328151533,0.006733409106
-1.177371789,-0.005483205987,0.008579108255,-0.008929249434,-0.01596384505,0.002919883069,-0.02128850618,0.03209742065,0.007955949845
-1.255333242,-0.01133550882,-0.01006242437,-0.008920345004,-0.02290276389,-0.001473667934,-0.02195449675,-0.006254566957,0.009171402208
-1.222521686,-0.01148193297,-0.001081297263,-0.008779941845,-0.008492562186,-0.002859169303,-0.02751322258,0.007318938267,0.008678762167
-1.223391862,-0.01315755518,-0.002105126191,-0.01134129666,-0.0141241044,0.0001267729994,-0.02201471135,0.0202989902,0.008451257039
-1.195332239,-0.01251205598,-0.005690143093,-0.005431446855,-0.02444018706,-0.001114334885,-0.01869838284,-4.506873139e-05,0.004881103936
-1.149434215,-0.003887749507,0.00295351951,-0.005212781649,-0.009091351241,0.002051621439,-0.02802099521,0.01704729624,0.01060984272
-1.179361684,-0.009255945283,-0.001217224009,-0.01234790061,-0.01791311046,-0.001671776319,-0.02162915789,0.0009034897461,0.008520378956
-1.233296838,-0.009295025565,0.002448406102,-0.003095189817,-0.01011190146,0.002590763679,-0.02039774459,0.01749274272,0.007773221824
-1.219785541,-0.0001962180221,0.004560598504,-0.006416170822,-0.01997982815,0.002986429788,-0.02182793343,0.01271220005,0.00883936856
-1.267540834,-0.002890382649,0.00278632177,-0.01132050583,-0.0155708159,0.002317710772,-0.02329645185,0.001457090654,0.008494406662
-1.204605455,-0.003449661398,0.008859616267,-0.00441950243,-0.007872074811,-0.0003257237908,-0.02151228628,0.01651479515,0.01103883483
-1.194475978,0.00112721412,0.005775046037,-0.005524667609,-0.01855914597,0.001545947073,-0.02006531055,0.006433886089,0.00783317926
-1.215001725,0.001057260752,0.008421806577,-0.005256171558,-0.01458160522,0.004674486009,-0.0233537176,0.01563676301,0.009141452488
-1.215984521,-3.444650907e-05,0.008080250482,-0.005471400945,-0.01356556248,0.001447372555,-0.02267040913,0.007166597926,0.01068027245
-1.167831813,0.0003180936558,0.0073208111,-0.006121692609,-0.01362618893,0.002022146912,-0.02150242215,0.010279647,0.009573512359
-1.177348285,-0.0001615501195,0.008795059915,-0.004544381595,-0.01261372301,0.002696342325,-0.02117144484,0.01743006553,0.009185439557
-1.179844329,0.0001221951946,0.005806397195,-0.005542029957,-0.013232419,0.002247303564,-0.02050855801,0.005680188401,0.00935882195
-1.152434314,-0.001649450658,0.006875037817,-0.007182276188,-0.01459235691,0.002522021944,-0.02640778235,0.01779952425,0.01051032073
-1.193072614,0.004881201795,0.01314786525,-0.003525932991,-0.01396080535,0.002052669852,-0.02046110388,0.007555569945,0.01083234162
-1.196189129,0.009347534848,0.02371954282,-0.003067727073,-0.01051471719,0.006216093555,-0.0103106205,-0.001790863074,0.009054332468
-1.18122554,0.008970290009,0.01647414978,-0.0007466104037,-0.01223678956,0.005217614076,-0.03600050886,0.03300820791,0.01374532736
-1.188997229,0.009611462338,0.01190659594,-0.001326324319,-0.02028771954,0.002337480145,-0.02069537803,-0.002982570722,0.009912172292
-1.186140429,0.006817377348,0.02076404964,-0.002731929941,-0.003047238894,0.006086023418,-0.009600347947,0.01044240545,0.006730236323
-1.174531967,0.003156514204,0.01384688532,-0.007630875759,-0.01840486176,-0.0003333249338,-0.03054469229,0.02385697251,0.01255473187
-1.208669589,0.007588275084,0.01144286437,0.0009550561478,-0.01538624202,0.00460541279,-0.02011195553,-0.0007884789023,0.007413373963
-1.183274681,0.001840368551,0.01712655765,-0.004517809446,-0.0101418031,0.004895131437,-0.01576232152,0.02413409731,0.008626605307
-1.198156593,-0.001410183229,0.006911134446,-0.009970942506,-0.02215271251,0.001313102251,-0.02475434731,-0.009287656255,0.008966201082
-1.17336399,0.003605952036,0.008051728069,-0.001119871919,-0.009343522712,-0.004345272795,-0.03029892662,0.0202359629,0.008935213327
-1.190798517,0.001028081294,0.004911746889,-0.008058360255,-0.01741706962,0.003862708317,-0.01519431656,0.01135157607,0.004989294559
-1.170394125,-0.005850128329,0.00564209221,-0.005335116074,-0.02127309736,0.003434220193,-0.01969041769,0.003530637636,0.005699469076
-1.193167464,-0.001787310914,0.01085259645,-0.003951053213,-0.008446869931,-0.0008292717232,-0.03158507885,0.0165357899,0.01206162839
-1.18820566,0.0006581643563,0.005427414061,-0.009744947856,-0.01720280514,0.0001451515465,-0.01385343973,0.004844575663,0.007439657318
-1.257197003,-0.007007860385,0.007303754912,-0.001301884824,-0.01475229784,0.002921031476,-0.02091129918,0.0169777741,0.006324729946
-1.183571509,-0.000408248795,0.008164929134,-0.004720363853,-0.02004986737,0.00310358887,-0.02741323453,0.00644398327,0.00931617603
-1.212330144,0.001661514185,0.00362891745,-0.01075970678,-0.01530317692,-0.004928791582,-0.02043667841,0.006544604987,0.008246480693
-1.186349501,-0.003148272192,0.00839266406,-0.004465972861,-0.008152731703,-0.0008431828212,-0.0201534933,-0.0008583763551,0.01020427774
-1.193405235,-0.009861512671,0.002493717701,-0.006883946557,-0.02361676306,0.006136217268,-0.02706455554,0.03082574245,0.007089740934
-1.185242851,-0.01210917835,-0.01358231916,-0.008004419752,-0.02149411672,-0.00270184318,-0.02194123238,-0.004342310125,0.004741680856
-1.135102179,-0.01084147783,0.001916990077,-0.01064709682,-0.005889850743,-0.004303978741,-0.01723151002,0.01290223331,0.008546762575
-1.161894767,-0.01467290177,-0.003358762152,-0.01398882805,-0.01874464972,0.001263358273,-0.02954654078,0.01407931755,0.009986636708
-1.201103497,-0.007853771814,-0.001106189679,-0.0005945646915,-0.02009235228,-0.00101808407,-0.02121064135,0.003665235121,0.004129778079
-1.190493395,-0.005810782538,0.0009518481063,-0.006617910235,-0.01385906287,3.824217338e-05,-0.02083563337,0.01083228083,0.008202190168
-1.197712643,-0.01071231053,0.0008484010036,-0.0135995214,-0.01537208354,0.002331259358,-0.0265236389,0.0009555438047,0.008653638052
-1.160700548,-0.003908066219,0.003686626318,-0.001657795997,-0.01492744926,-0.001762115333,-0.02586454522,0.02817884441,0.009801274981
-1.20319719,-0.0008924928516,-0.0001955369482,-0.006017186774,-0.01839338363,0.0009734197304,-0.01607627918,-0.01258475429,0.006611520065
-1.21607881,-0.00588201383,0.01007938793,-0.01272741443,-0.005159626291,0.004012846651,-0.02210366713,0.0341430265,0.006799502664
-1.197212758,-0.001230018183,0.003710252628,-0.005456069244,-0.01626389438,3.850350631e-06,-0.02397653881,-0.004338473661,0.01152071639
-1.178029999,0.001539500655,0.01175512351,-0.004132931078,-0.01667899233,0.00411634603,-0.02195738748,0.01381166499,0.008409673692
-1.187615043,-0.0008506344966,0.00529022925,-0.007485110528,-0.01390338711,0.002664984434,-0.02245184391,0.01595132127,0.009802777867
-1.184056858,-0.001944652118,0.006230319372,-0.004614414162,-0.01169256205,0.0008031783865,-0.01825413988,0.002281767126,0.007562340087
-1.167208357,0.003941296428,0.005546841941,-0.003986783968,-0.01486074206,0.003041621294,-0.02314033389,0.02113422348,0.012888943
-1.172903991,-0.002168133831,0.009180445321,-0.007211376376,-0.01602428802,0.0009353541351,-0.02553419055,-0.004396485979,0.00939774231
-1.192300034,-0.001587190868,0.01160591108,-0.007085998536,-0.009003495022,0.005621927105,-0.01709457861,0.0296893115,0.007918916243
-1.193288954,0.001053158321,0.004632753636,-0.002003114026,-0.01616384147,0.0001947005502,-0.02218356487,-0.002315885662,0.01007501123
-1.209039038,0.008834960698,0.01650514945,-0.004892236033,-0.01171249866,0.002447220452,-0.02235696161,0.02666935866,0.01073944492
-1.148000958,0.008498976916,0.01911580397,-0.00535604438,-0.0113444259,0.009313587582,-0.01463745362,-0.00590923151,0.01094636373
-1.203643822,0.007446872383,0.02213570109,-0.001724476298,-0.01223837969,-0.00398431437,-0.03122389579,0.01288984077,0.01006618073
-1.174512862,0.01220364864,0.01074008257,-0.001916397142,-0.01617299878,0.005718134921,-0.01487496199,0.03073760457,0.008995888711
-1.207293933,0.004005085285,0.01448454272,-0.002855056872,-0.0140472306,0.003351616151,-0.01247648263,-0.01068907942,0.007494699985
-1.209236158,0.003883133923,0.01990305155,-0.008247144798,-0.008629558851,0.003410317526,-0.03646596567,0.02692447891,0.01343072661
-1.200284357,0.0093276773,0.007927964234,-0.003901170529,-0.01746691469,0.0009194014863,-0.011717122,0.00156249314,0.007247201177
-1.111653403,-0.0004075327714,0.01151353628,-0.001224503586,-0.01149251388,0.003192225452,-0.01581873488,0.01523697481,0.005938904703
-1.251421683,0.000508380694,0.01098614087,-0.005311203558,-0.01989450882,0.002293067978,-0.03168109984,0.01562076959,0.01073886268
-1.076438415,0.0008156165271,0.003371365141,-0.008507994599,-0.01771056612,-0.002428372073,-0.02228849122,-0.01119595432,0.009253415644
-1.405521063,-0.002558996768,0.01129744133,-0.002450021808,-0.006120019873,0.001276185289,-0.02295421334,0.01599579828,0.007943857723
-0.9571119555,-0.005706528663,0.001740686549,-0.008423640496,-0.02448449541,-0.002011702081,-0.01881342288,0.02048868127,0.0068917051
-1.726619911,0.001086291667,-0.0008937265322,-0.004008150782,-0.01497633164,0.002794815701,-0.02293635299,0.001771714964,0.009083797854
1.335870261,-0.002114682416,0.01457573908,-0.009337140594,-0.009902656896,0.00212046172,-0.02414240476,0.01433144469,0.008493217092
5.6172898,-0.00690600905,0.006088643746,-0.009078661298,-0.0173126426,-0.00120902028,-0.02218893252,0.002274503872,0.007636374206
4.833495111,-0.0022816397,0.006561202473,0.001022743039,-0.01524841667,0.0006184722099,-0.01649823885,0.0230831784,0.007518075334
5.279798201,0.001263737217,0.005807470463,-0.005100142077,-0.01988584484,0.001912133207,-0.02427128842,0.001019575867,0.009901537024
4.997119267,-0.005904240006,0.00285919281,-0.01267332209,-0.0159334325,-0.0002456157286,-0.0240854421,0.005284372338,0.008842822056
5.137499265,-0.01415725157,-0.001469197003,-0.005347815537,-0.009348014686,-0.00370361214,-0.02232645888,0.01493942699,0.007058367967
5.046628152,-0.0101013354,-0.002060106144,-0.00751864814,-0.02349781153,0.001833679914,-0.02081685521,0.004612957203,0.006859134491
5.097713829,-0.01300156507,-0.004729942795,-0.009382424435,-0.01962948527,0.001280618869,-0.02631579485,0.01540308579,0.007687987313
5.086086581,-0.0120980121,-0.001222387607,-0.01112987795,-0.01376018336,-0.002598339081,-0.02311702426,0.002709887595,0.009667045772
5.118939416,-0.007330868343,0.004489922245,-0.008696736321,-0.01334322667,0.0002540903763,-0.02133997751,0.01221856896,0.008591616897
5.09083191,-0.009827173124,-0.003961665163,-0.007325502521,-0.02122594493,0.0004878516726,-0.02216742642,0.008528713,0.007089312974
5.124244489,-0.005146278293,-0.001883410132,-0.006309911606,-0.01399567977,-0.0006493678373,-0.02372152598,0.006269136449,0.008726276308
5.163101118,-0.001438557979,0.004459919675,-0.008772121254,-0.01165356084,0.002071528496,-0.02463889654,0.01333813514,0.01094422422
5.09928493,-0.005235121581,0.01020623235,-0.004022417559,-0.01626637586,0.002676551087,-0.02259677595,0.007552372886,0.008344442571
5.077972416,-0.002624172066,0.006736902493,-0.004445753804,-0.01734196995,0.005542240856,-0.01995560569,0.01536053443,0.007255863812
5.13631524,0.001302338858,0.004001307839,-0.008846556235,-0.0131394827,-0.0002099873902,-0.02271581162,0.006650742599,0.008981378225
5.060519859,-0.001524168929,0.008853960987,-0.005691726959,-0.01078994052,-0.0002031336519,-0.02521569277,0.0149469402,0.01150771097
4.96232037,-0.003846432326,0.009097093468,-0.006997670262,-0.01634493267,0.007633736012,-0.01362675097,0.004509664801,0.007429960731
-0.4767803099,0.001399766487,0.0056199211,-0.004609441615,-0.01355184728,-0.001074521122,-0.02962460276,0.00680718401,0.009436701294
-1.355302888,0.0012766158,0.005899754587,-0.006875409129,-0.01011986902,-0.0008905732246,-0.02388787197,0.02493372367,0.01164221993
-1.134914294,-0.001785558229,0.008138576363,-0.005785477953,-0.01543465487,0.006432369218,-0.009404484122,0.003361520745,0.007237077238
-1.28432444,-0.002832742787,0.01194032064,-0.004847250369,-0.01418414607,0.002721581375,-0.03288644689,0.01338964075,0.009199493043
-1.13220816,0.007267654783,0.01002413628,-0.006498982054,-0.01036770728,0.001430804933,-0.02308724756,0.008785568753,0.01060150615
-1.197295849,0.01031934843,0.01735777556,-0.003586859516,-0.01258025127,0.005819842124,-0.003139254028,0.01820464723,0.008517202663
-1.166343619,0.006455896476,0.01554354348,0.001336904738,-0.01698904088,0.002417876234,-0.02943490355,0.001704233457,0.01307098278
-1.182801569,0.01134525701,0.01999901852,-0.00590625046,-0.01144348335,0.0008759642766,-0.04093828386,0.009319255059,0.01155769333
-1.190648077,0.007707899919,0.0144750849,-0.006256194932,-0.007958725001,0.008295990995,0.003825574853,0.02070762078,0.004241871193
-1.227362665,-0.001468141353,0.00963873833,0.004072032483,-0.02197344805,-0.0007748255974,-0.02778907868,0.003469899982,0.01225685071
-1.179695816,0.01004013099,0.01850264628,-0.01033493623,-0.008944846079,0.004093471024,-0.03298164815,0.01792087915,0.01294061711
-1.222607931,0.003977952406,0.01382893334,-0.005427248119,-0.008010207553,0.003796207561,-0.00607711979,0.003665685619,0.003246733283
-1.155199124,-0.00525006249,0.007942983211,0.001890234513,-0.02529790892,-0.0002654219373,-0.02836682659,0.01338742895,0.007716080058
-1.194380533,0.005916271139,0.006338154493,-0.008413593434,-0.01655983644,0.002614341297,-0.02370103516,0.01242782136,0.01062971633
-1.211851207,0.001382848436,0.005793291786,-0.009810554967,-0.0091237666,-8.398302678e-05,-0.01932267477,-0.001728598939,0.007420784159
-1.258397452,-0.006969311708,0.006031378123,-0.001375103449,-0.01825589321,-0.00161093397,-0.03093687324,0.0200079192,0.0103317424
-1.204613441,-0.001448280417,0.007320680703,-0.006580035267,-0.02013741687,0.003667075909,-0.01438828379,0.009204618856,0.005672450617
-1.220273553,-0.002389305124,0.008643331,-0.006110637655,-0.006874302883,0.001976401572,-0.02110171425,0.008509873123,0.008668671927
-1.210845557,-0.002902613856,0.0022675832,-0.007204397759,-0.01890862414,-0.003250025535,-0.02884097378,0.0143520276,0.01140017171
-1.225117721,-0.001958972161,0.006513333491,-0.007541279862,-0.01463957787,0.002062225365,-0.01830414541,0.001501586788,0.006979037192
-1.195473682,-0.005048233093,0.0104167789,-0.004183709674,-0.0140739699,0.003258249002,-0.01889369193,0.01253112276,0.006504763415
-1.172029765,-0.002105774878,0.0002999581195,-0.005379654021,-0.0215993235,-0.0004030201393,-0.02549992424,0.007392568658,0.009924433425
-1.186920032,-0.006794574048,0.0001158731987,-0.006461793027,-0.0153628275,-0.00139593964,-0.02186909797,0.01106617166,0.009681624568
-1.18751799,-0.01545054793,-0.0003584320473,-0.009158659251,-0.01344786645,-0.0009124515383,-0.02531754549,0.01084086539,0.00765690825
-1.168235614,-0.01064025053,-0.002906843906,-0.01134231266,-0.02172417837,0.00128326377,-0.02205926412,0.009465425632,0.006045065582
-1.210601619,-0.009400411018,-0.004631874963,-0.005457458952,-0.01403111617,-0.002066243522,-0.02404048944,0.0119650078,0.008540298094
-1.241821125,-0.008609207898,-0.001007964633,-0.01132955535,-0.01585656857,0.0002556290816,-0.02157847717,0.003956221074,0.009463152495
-1.201909047,-0.007489883601,0.001310042015,-0.006572314419,-0.01351652381,0.0005038073922,-0.02699010269,0.01283728236,0.008047547359
-1.218284216,-0.008551616745,-0.001408719801,-0.007760182047,-0.01636061865,0.002608023026,-0.01203850636,0.01033375143,0.007374222504
-1.224144005,-0.004327794658,0.003815676199,-0.005394311137,-0.01868872992,0.0006013071815,-0.02959646021,0.0001052130504,0.01060038956
-1.199864254,-0.004651364604,0.006219457163,-0.00901336598,-0.01020595886,-0.001517381715,-0.02782290081,0.02598334646,0.009748105472
-1.173986169,-0.001286448405,0.002613387015,-0.005760965085,-0.01274389117,0.00528804126,-0.006070731747,0.001954253681,0.005521596463
-1.151117049,-0.002823362172,0.009065332251,-0.002059435769,-0.01724320094,0.001077294681,-0.03272911064,0.01068310825,0.008975363517
-1.195815865,0.0002355620691,0.005607658277,-0.008518962321,-0.01286386542,0.002314347284,-0.02544715954,0.0105130619,0.01261160539
-1.171663585,-0.001530163819,0.007130590247,-0.0056656131,-0.0115337953,0.001479121364,-0.01069295907,0.009424221935,0.006195644682
-1.192511199,-0.001347034556,0.009864744874,-0.001310822352,-0.01551912634,0.004281245919,-0.02949895912,0.01520159464,0.01021802899
-1.185252785,0.0005320417644,0.005357076974,-0.007826486086,-0.01912428649,0.002303795871,-0.02267648252,0.005506090785,0.01053822495
-1.224009312,-0.001240001404,0.007658906366,-0.008219694483,-0.005718626247,0.0008303052706,-0.01900831341,0.01262832101,0.008579889878
-1.200572847,-0.001075418114,0.008839266633,-0.003440917231,-0.01558372255,0.003249765255,-0.02278260781,0.01505973256,0.01057979578
-1.213313136,0.001035760609,0.00627055873,-0.005624350958,-0.01956248135,0.004647876104,-0.0213577255,0.009443850776,0.007144579325
-1.201863125,0.007272741906,0.01612688734,-0.005791732556,-0.00712837764,0.004926391342,-0.02030094568,0.008570927364,0.01103207725
-1.13652173,0.01031853698,0.01784486555,-0.006930737759,-0.009307497277,0.001493573706,-0.02125527071,0.01993246382,0.01083289697
-1.186183128,0.008265510836,0.01368128094,-0.001347875429,-0.0153494222,0.001227284702,-0.01933654715,0.001786285757,0.01038650224
-1.150955853,0.009476560495,0.02247686852,-0.002183600456,-0.01300024577,0.007207959844,-0.02158232267,0.01146323038,0.007621169148
-1.174696344,0.004656195234,0.01231886781,-0.006427596478,-0.01389994608,0.003353344893,-0.02565048772,0.02095902259,0.01032467019
-1.16214119,0.005315119582,0.01175107161,0.0005887723627,-0.0151970497,0.0006089623179,-0.01613948975,-0.0003008395406,0.008665050225
-1.154835506,0.005000217282,0.02032867206,-0.00347147495,-0.008227677092,0.004213821729,-0.02138190881,0.02029699589,0.00886987841
-1.223858743,-2.166698742e-05,0.006967864393,-0.01018331338,-0.0193948623,0.001335177844,-0.02343422801,0.006782376501,0.007769881182
-1.207015309,0.002418220813,0.009410986476,-0.001564783169,-0.01223040174,-0.0006737699587,-0.01996115644,0.01061263476,0.008171402776
-1.182182599,-0.0008063826137,0.01192191554,-0.006919035775,-0.01709738888,0.003090994125,-0.02297180895,0.01077777738,0.008370046121
-1.153331559,-0.003429639808,0.003891585433,-0.009039813925,-0.01790644039,-0.0009032485096,-0.02403983597,0.001395956922,0.007450766775
-1.145372845,2.807510378e-05,0.003864622947,-0.004767643707,-0.01428266999,-0.0009142754892,-0.01974023223,0.01956131132,0.00838591521
-1.184812589,-0.0007328610601,0.008027729841,-0.007027482535,-0.01851189465,0.0004079577565,-0.0222794756,0.002492210665,0.00712854077
-1.212185314,-0.005031580394,0.007868707648,-0.008775603391,-0.01445402859,0.002576163636,-0.02175446852,0.0148027751,0.00742216732
-1.1628035,-0.0002405048287,0.005614350802,-0.002728978363,-0.01430271809,-7.850909056e-05,-0.02199455908,0.008471169282,0.009362299067
-1.209293754,-0.001698473673,0.005730516456,-0.008085450678,-0.01853903572,0.001440595023,-0.02300080225,0.007864993253,0.007975518527
-1.167924034,-0.004479627426,0.006778596117,-0.004780390785,-0.01222093224,0.0006426734521,-0.02647161445,0.01465577832,0.009021581721
-1.218690994,-0.002142992232,0.00529074805,-0.008230900456,-0.01790667484,0.002292880794,-0.01306079992,0.006581035933,0.007480173254
-1.227556272,-0.01049144698,-0.004153661087,-0.008165070774,-0.01978813591,-0.001847942202,-0.02989873392,0.0003725070774,0.009167150559
-1.20413688,-0.01527173171,0.00182002015,-0.0087417395,-0.01441314273,-0.004516928608,-0.03085229012,0.02315283536,0.008744887261
-1.174961895,-0.009818510445,-0.005439036637,-0.008974379257,-0.02010790432,0.003396082477,-0.008640490641,0.003187073575,0.003618467138
-1.22353261,-0.01117418649,-0.001362245394,-0.006784155888,-0.01568460463,-0.002325243053,-0.02979603252,0.006677235331,0.009117332007
-1.171800842,-0.006067287349,0.002079316243,-0.01169784269,-0.01170368801,2.534692481e-05,-0.02579785327,0.0132534581,0.009991587716
-1.180808926,-0.009248913965,-0.002803255262,-0.008082101946,-0.01605601799,0.0009352712531,-0.01295282216,0.006947214791,0.006256413946
-1.196123361,-0.007841445124,0.00126479233,-0.004489498538,-0.01784759024,0.001592628491,-0.028007301,0.01329279478,0.009326677935
-1.230721772,-0.001698025487,0.004106836241,-0.01037884847,-0.01819356762,0.0004966509593,-0.02321863773,0.005956253743,0.008613297691
-1.225236062,-0.004243645147,0.005133819191,-0.008129376103,-0.008639970688,0.0006908383609,-0.01940952317,0.01189955026,0.008183930598
-1.135946441,-0.002981903116,0.007810128959,-0.004131405611,-0.01528039566,0.001789572337,-0.0244847295,0.01628933094,0.01066935659
-1.174006971,0.00140506801,0.003778884413,-0.00892797988,-0.020653068,0.004012986686,-0.02002726536,0.005107500641,0.006962900004
-1.069347412,-0.0005908211184,0.009320629055,-0.003958459204,-0.00711010803,0.0003868450147,-0.02062182584,0.01055347622,0.01131071048
-1.283071334,4.189122538e-06,0.007365384983,-0.008073641874,-0.01726127499,0.0008818731189,-0.02316106038,0.01236664402,0.01064582632
-0.945799161,0.0001286773484,0.006774704847,-0.004700199211,-0.01613745203,0.004412684518,-0.01888150935,0.01004065616,0.007666915682
-1.507181579,-0.001494913159,0.008453927571,-0.003349232958,-0.01279538974,0.001183978044,-0.02131001712,0.01269114011,0.009477890362
3.441903146,0.0008412404195,0.004892806748,-0.009146100723,-0.01279860763,0.001025496094,-0.02408600285,0.0112370074,0.01101065075
5.470914975,-0.0004124306504,0.008459383521,-0.003812681727,-0.01419784399,0.002246808412,-0.02159609318,0.01084532881,0.01008243254
4.932283215,0.001906782493,0.01353755894,-0.002815863021,-0.0143543729,0.003092297622,-0.02164412482,0.01012198315,0.007920387565
5.21044501,0.01141179218,0.01651090904,-0.005189582154,-0.01514773711,0.004337939376,-0.01970578847,0.01353016108,0.01059323627
5.054140751,0.01161882644,0.01698553481,-0.001720082471,-0.009253223854,0.002696444238,-0.02040890152,0.009134739384,0.01101278662
5.156304666,0.008609450683,0.01977260107,-0.003082715397,-0.01304237734,0.002909294916,-0.02149586315,0.009429271766,0.01018791235
5.047153018,0.006393121849,0.01464885186,-0.005068996134,-0.01635341333,0.002049363676,-0.02151218368,0.01495943808,0.008267401315
5.128865546,0.004530366487,0.01106405374,-0.003302293663,-0.01297179385,0.003393062348,-0.01772023866,0.01202966222,0.007830734524
5.09920857,0.005568562599,0.01642445684,-0.003608959304,-0.01408504542,0.003025059415,-0.02384107693,0.009594608357,0.01044914708
5.149882841,0.003668731778,0.0121503972,-0.00660238803,-0.01703135226,0.001288127553,-0.02362640681,0.01015502687,0.009865620666
5.097330587,0.001148577373,0.009264919128,-0.003347366406,-0.01326336721,0.001593421759,-0.01888533751,0.01037543558,0.006429177502
5.065454686,-0.0003807200774,0.009377845311,-0.006985963908,-0.01776193312,0.002436991911,-0.02079334592,0.009102136321,0.007007852417
5.144233474,-0.002434650536,0.00765827288,-0.005828629924,-0.01433911215,-0.001657352299,-0.02845789334,0.006445573402,0.009228501751
4.990010932,-0.00238973207,0.006627986678,-0.006389174385,-0.01324312146,0.0005677697189,-0.01794199954,0.0184115157,0.008503370743
5.208447424,-0.003382874306,0.004671206911,-0.007456301126,-0.01901339201,0.003154835632,-0.02072380832,-0.006317027167,0.006775746148
4.845380473,-0.002251179827,0.01004283886,-0.003596506473,-0.01454657444,-0.005421187883,-0.03423401657,0.02020791737,0.01048913055
5.520188732,-0.001199282904,0.001821715739,-0.008151586881,-0.01537802673,0.004220418747,-0.00691966623,0.01037347087,0.006029128344
3.25040133,-0.002692036476,0.00840298894,-0.004113484842,-0.01741831517,0.001054483956,-0.02416532006,0.003767741107,0.00850563556
-1.537413876,-0.003860468688,0.007305738731,-0.008358899335,-0.01478594127,0.001312375278,-0.03497159431,0.01229175533,0.01282086638
-1.012445249,-0.00162787024,0.004576168394,-0.005460810077,-0.01217118474,-0.0001976044641,-0.01060067934,0.009518764547,0.006748572845
-1.281239627,-0.008463480703,0.00413847559,-0.004620957317,-0.01598470349,0.0008704287334,-0.02244035457,0.01392348033,0.009784223216
-1.072429462,-0.01179651388,-0.005595626466,-0.01005820839,-0.02134582131,-0.0007082370612,-0.03204122362,0.003649213394,0.009143123713
-1.247553773,-0.01031961795,-0.005000239861,-0.01142004046,-0.01459906796,-0.002168925218,-0.02028841652,0.00338364565,0.005853912265
-1.163442657,-0.0131106908,-0.0006315972949,-0.005474281775,-0.01222320936,-0.002910126913,-0.02240105375,0.01392099842,0.0086354336
-1.183631578,-0.008414991261,-0.003777422442,-0.008618004961,-0.02452248978,0.00174608358,-0.02848719892,0.01123252312,0.008436269045
-1.185798447,-0.005692564119,0.0009845903052,-0.01079067425,-0.0107936222,0.005126589828,-0.002169552844,0.00657359796,0.0067565477
-1.229413831,-0.009500112883,0.0009400191,-0.0041453236,-0.01581513779,-0.00797626482,-0.04302533325,0.003933063592,0.01396700795
-1.235394961,-0.005717683202,0.003626275039,-0.01288431302,-0.01587491764,0.005126526137,-0.02965937572,0.02648740591,0.008246389131
-1.195168948,-0.001198338141,0.001208900651,-0.003128597031,-0.01327338273,0.006548668689,0.009023074295,0.0007133270166,0.002789236143
-1.211828294,-0.003337832688,0.00651137301,-0.005427777334,-0.01691378851,-0.0049535362,-0.04446693947,0.005542514067,0.01491438859
-1.241860361,0.002600689317,0.005244738375,-0.01315308991,-0.01081661524,0.002123845154,-0.0252718327,0.02287174747,0.0114750543
-1.265865443,-0.003509038758,0.008464577282,-0.001850373506,-0.01131078858,0.004277242726,-0.002447669724,-0.004825509509,0.002642254981
-1.171534779,-0.003310693646,0.009324497766,-0.00194941828,-0.01716767062,0.00126272808,-0.0347995498,0.02710372956,0.0120985072
-1.192048733,0.005826215712,0.001055923717,-0.012339056,-0.0185095326,-0.0009429689122,-0.02043821873,0.003410470703,0.01212306076
-1.21596887,-0.002550226359,0.01302537893,-0.004558058154,-0.002336986361,0.003205204641,-0.01412224825,0.005018426502,0.008469480675
-1.198259563,-0.005228810699,0.009788854979,-0.0005518442709,-0.02179034642,0.001458507504,-0.02909164295,0.02407688938,0.01010253676
-1.178877948,0.004950146446,0.004401298662,-0.009909829735,-0.01630366592,0.003215765431,-0.01639921681,3.484797189e-05,0.007064689501
-1.238899487,0.001333898246,0.01039117487,-0.00476685256,-0.003930827381,0.001933228938,-0.02204980851,0.01505429135,0.01318448431
-1.173263331,0.004714732132,0.01224026827,-0.006714846028,-0.01774574721,7.067729928e-05,-0.02555892103,0.01055871695,0.01243241415
-1.197969016,0.01123348952,0.02009614635,-0.002089645528,-0.01183897394,0.007373143398,-0.01465301014,0.0140412166,0.006781232422
-1.174673039,0.008827675497,0.01852905968,0.0003439275151,-0.01101961178,0.004521036646,-0.02238094538,0.01238253025,0.01051392566
-1.150200428,0.009196684553,0.01379040985,-0.005538960846,-0.01646304845,0.001001178491,-0.02406047832,0.00705822538,0.01160876723
-1.224115783,0.006505547617,0.01581453056,-0.001811127826,-0.007890566949,0.002019386815,-0.02039972024,0.01991587144,0.009475227655
-1.180040364,0.005643953136,0.01370587836,-0.003991214681,-0.01765339816,0.005841837597,-0.01313415616,0.0004818974784,0.006316667447
-1.182969733,0.005617046064,0.01424901529,-0.002448830623,-0.0144988138,-0.001025652193,-0.03256136226,0.01309559875,0.0101091707
-1.181862548,0.002657620851,0.009686506062,-0.007369441347,-0.01161609915,-0.000475845853,-0.01906243873,0.01928984849,0.01030726607
-1.187945823,0.0004869101969,0.01018057567,-0.005322822072,-0.01911175874,0.004407551327,-0.01542693342,-0.001308117809,0.006037231324
-1.181236552,-0.001481026407,0.01144026629,-0.003278481986,-0.01657889821,0.002596528549,-0.03445191364,0.01735713174,0.009743204326
-1.233475104,0.001220199125,0.004749040385,-0.004966041327,-0.01569791819,0.0001109085893,-0.01433148818,0.007146545255,0.006341206825
-1.179862842,-0.005044381197,0.007098990251,-0.009181060388,-0.01331237869,0.001387184928,-0.01990684448,0.01181809848,0.007557451968
-1.189873268,-0.002084632342,0.007615801836,-0.004269718293,-0.01674990846,0.0008746338816,-0.02868075646,0.007594808478,0.009629970681
-1.223884919,-0.0004158985227,0.004885175125,-0.006234359176,-0.02011773784,-0.001417013697,-0.01889247144,0.004896618632,0.006832194924
-1.162866942,-0.003132191673,0.008034660055,-0.006915743463,-0.00995023664,0.0003264699425,-0.02324744532,0.01590360573,0.009046581282
-1.233370323,-0.003295784234,0.007329009155,-0.006586310108,-0.01740784373,9.598167621e-05,-0.02214558557,0.0108928907,0.008992018933
-1.192571446,-0.001643328072,0.005999491011,-0.00488989662,-0.01812485024,0.0007356017003,-0.02157771899,0.005477796779,0.007816155677
-1.174083756,-0.001903967875,0.00799518777,-0.005919936152,-0.01548303801,-5.285623411e-05,-0.02485354818,0.01217345456,0.008352743274
-1.195855181,-0.01164954361,-0.004010338451,-0.01170212079,-0.01606750467,0.0009310262939,-0.019869715,0.01042987218,0.005422359027
-1.196092558,-0.01137761262,-0.004697037943,-0.005651542672,-0.01620966138,0.0002256988545,-0.02327437435,0.004892448277,0.007154059743
-1.217408414,-0.00808421621,-0.002428828868,-0.008648887416,-0.01797742041,-0.003544877059,-0.02670917966,0.01192764138,0.01043278749
-1.152710163,-0.01348247861,-0.003845191646,-0.01114228982,-0.01527238416,6.372725955e-05,-0.0218956641,0.01017490774,0.007466829632
-1.201874957,-0.007726637625,0.003894987358,-0.00467807151,-0.01510243883,0.003330792383,-0.02186087552,0.01023685806,0.007790370873
-1.219275154,-0.008281168383,-0.001849191413,-0.006398915082,-0.01786469222,0.0001923070729,-0.02423543064,0.01279542921,0.009126167886
-1.186268352,-0.00851287332,-0.001579159263,-0.008388809956,-0.01513312378,-0.002533660236,-0.02228787026,-0.0006319766308,0.01015202343
-1.170848567,-0.004468581963,0.006604776385,-0.00771678901,-0.01173023301,0.003759349877,-0.02182727112,0.01611800227,0.008435967516
-1.18692664,-0.001597064546,0.002543512944,-0.005292558826,-0.02036881627,0.00298041679,-0.02355954532,0.01386596648,0.008811195339
-1.216052778,-0.002767873571,0.00593302871,-0.005956294653,-0.01193704167,0.0002895899568,-0.02080429557,0.002275232989,0.009811721853
-1.225271124,-0.002784588,0.009435802031,-0.009263670691,-0.01012605274,0.003437367949,-0.02182289607,0.02089515094,0.008218164619
-1.199545306,-0.0003490191314,0.006069995063,-0.004425558116,-0.01781354414,0.002216734305,-0.02268918147,0.003576867896,0.009784622541
-1.175920358,-0.0008295787513,0.007186439135,-0.004833490275,-0.01513538276,0.00285580039,-0.01961545996,0.01491106771,0.008647054544
-1.21272721,-0.0004617708036,0.008532123653,-0.006584875528,-0.01147300639,0.003064496582,-0.02279397704,0.007284944386,0.009775156505
-1.177780455,5.084603257e-06,0.0072948348,-0.006526393371,-0.01576170826,0.0001409755876,-0.02004528383,0.01126957783,0.00958476463
-1.210413643,0.0025203994,0.005901143419,-0.00191598303,-0.01508072721,0.002290750973,-0.02496923149,0.008822068934,0.01034488444
-1.164051102,-0.00181987427,0.01049066025,-0.008742257437,-0.01252377551,0.002297422193,-0.019115041,0.01737036565,0.008861282743
-1.213375285,0.003184380365,0.008608815324,-0.00519658105,-0.01326404771,0.00491448391,-0.01676421172,0.002917160714,0.009591762186
-1.180672985,0.012364187,0.0219385206,8.936907203e-05,-0.0125177721,-0.001981896795,-0.03209078713,0.01491943903,0.01291690186
-1.221204382,0.01035012664,0.01543753405,-0.006853727005,-0.01346161761,0.008283283445,-0.01063846443,0.02023214665,0.00836427526
-1.187346519,0.004985604192,0.01769354035,-0.002178029215,-0.01025267318,0.0053660371,-0.01506334797,-0.0048822834,0.008398986603
-1.17735197,0.01072239828,0.01606328195,-0.003418151249,-0.01325641498,0.000198783972,-0.03356442738,0.01917867246,0.01394775496
-1.172359526,0.005925707413,0.007897157234,-0.004770521205,-0.01312855227,0.00191692108,-0.0126879553,0.008497872976,0.008084391275
-1.201135823,0.001237434641,0.01974378228,-0.002150033392,-0.01137742697,0.006153514,-0.01804517388,0.01369580112,0.006914234157
-1.155035054,0.005174259814,0.01161458291,-0.002852639065,-0.02318182121,0.003167762897,-0.02983522395,0.01043018656,0.01007161114
-1.177764027,0.00343216798,0.005665588098,-0.005773914661,-0.01064334042,-0.002916003816,-0.01603322773,0.004654966603,0.007842985128
-1.12506289,-0.002950454887,0.01365216087,-0.004536010609,-0.009836448286,0.000574374409,-0.02051268933,0.01686468116,0.009294427398
-1.212328395,-0.001832259429,0.006313764084,-0.008011813679,-0.02418853416,0.001653579529,-0.02685071026,0.00383453805,0.006666723852
-1.178596799,0.001932949431,0.005362562233,-0.003895113539,-0.01107847643,0.0005737821335,-0.02223044882,0.01071369363,0.006499056716
-1.171508753,-0.004050723254,0.008743072876,-0.007014444685,-0.01627828354,-0.0006982797663,-0.02187240486,0.00855865754,0.01045856324
-1.190436205,-0.003098724351,0.006025642483,-0.00656716282,-0.01536400529,0.001672178404,-0.02278147384,0.01357926103,0.008444332378
-1.138615442,0.001887260509,0.005633773155,-0.002995416497,-0.0152307923,0.001641924278,-0.02034888857,0.007354950174,0.006197292902
-1.296979607,-0.0007937841193,0.006220784329,-0.008057726868,-0.01760524908,-0.0009926974962,-0.02388077621,0.007082832531,0.00806868892
-1.042183892,-0.004526957612,0.006676042186,-0.006000981793,-0.01575968461,4.988498819e-05,-0.02162846612,0.01486088199,0.009215818325
-1.390464384,-0.0007731244364,0.005981591544,-0.002856406592,-0.01515887495,0.0004884727644,-0.0202308342,0.004638160918,0.00639374841
3.74029053,-0.004235023424,0.002185397658,-0.008810483537,-0.01821261422,0.0006279373411,-0.02400525197,0.01351672768,0.007940764859
5.415087212,-0.01647077541,-0.005540475232,-0.01017495371,-0.01545716249,-0.003205270049,-0.02452365591,0.007952052947,0.007536396367
4.891139369,-0.01187022531,-0.0005625053873,-0.007342535077,-0.01329248626,6.700087181e-05,-0.01930454537,0.008860353409,0.007610388607
5.20518893,-0.01063543977,-0.004654827293,-0.009308582097,-0.02148071491,-0.0001282920478,-0.02625244484,0.008298396016,0.008911956723
4.999663548,-0.01244865009,-0.002622141499,-0.009173626865,-0.01653981661,-0.0003000222134,-0.02171320152,0.007036696968,0.007977519252
5.112475426,-0.007523954832,0.003058228239,-0.007279518709,-0.01227205442,0.0004994209056,-0.02285710905,0.01285647145,0.01038564415
5.081615871,-0.006992304423,-0.002980848314,-0.008830335188,-0.01666626075,-0.001461244821,-0.02355177758,0.00640897961,0.009543441387
5.113548102,-0.006133350026,0.003898060789,-0.007122475675,-0.01343155837,0.001288535395,-0.02113230753,0.01037780481,0.00994231998
5.08466655,-0.004082041313,0.006382811788,-0.00714461732,-0.0162876642,0.0008746237391,-0.02309963459,0.01439665372,0.009077950095
5.14270386,-0.002172812234,0.004076685454,-0.006568848208,-0.01383851662,0.002387525401,-0.02097533907,0.006620501579,0.009852030139
5.095247232,-0.0005081514927,0.006028328107,-0.004984086865,-0.01318857098,0.0005368910484,-0.02275123306,0.01404016975,0.01076623819
5.079661546,-0.00202487479,0.005733685868,-0.01153511897,-0.01615159105,0.003917164201,-0.01488593344,0.003122450301,0.008004617661
5.155618294,0.0004968334973,0.007786559106,-0.002295201555,-0.01097827139,-0.002267156699,-0.03166394692,0.009202113033,0.01219752992
5.000972095,-0.0004728332628,0.009195876372,-0.008085136795,-0.01292247821,0.002314267259,-0.02044709005,0.02092475497,0.009588575959
5.24591361,-0.002327746196,0.006392045723,-0.005050166953,-0.01649379772,0.004911776231,-0.009231528536,0.0004109138149,0.006429814499
4.852325823,-0.001715939244,0.01040106566,-0.005503239675,-0.01401583886,0.0003095285643,-0.03546016555,0.01638020894,0.01202530439
5.491961382,0.002914428783,0.006480160182,-0.009951132596,-0.01132404396,0.003062189416,-0.01714154739,0.01144796963,0.008733420461
3.408591006,-0.003287966306,0.008967925506,-0.00236608677,-0.01229246387,0.001937839176,-0.01547434311,0.009533584094,0.007495973597
-1.566842589,0.004495830578,0.01536458592,-0.0018893054,-0.01363508951,0.002868015598,-0.02831822481,0.01230352365,0.01153664442
-1.017866749,0.0154312124,0.01567721701,-0.00731518916,-0.01315527712,0.004728128587,-0.01739146381,0.007752595056,0.01015947914
-1.290601467,0.007530300048,0.01864265883,-0.0006811630164,-0.005890254711,0.004389660498,-0.01992424093,0.01362255717,0.01036081348
-1.096649303,0.00783161274,0.01953790769,-0.001576152836,-0.01895954565,0.004736521535,-0.02057611256,0.0136228149,0.01048489199
-1.225014169,0.00824500831,0.01173538949,-0.005947775307,-0.01408707639,0.003450242099,-0.01929873637,0.009014541662,0.007512657421
-1.160062506,0.004269958895,0.01562566798,-0.00383937848,-0.01023797329,0.0009952691372,-0.02175286307,0.01345766845,0.01126687963
-1.25469056,0.005352153877,0.01341871727,-0.005322221718,-0.01781590334,0.003843015586,-0.02055231127,0.008143341001,0.00974079054
-1.189417706,0.001335195078,0.01195273929,-0.000439856913,-0.01503802114,0.0009699726444,-0.0228855299,0.009574253661,0.008340363561
-1.191142583,0.001351239273,0.009390758215,-0.006019715464,-0.01404552102,0.0006116500853,-0.02256247352,0.01147199795,0.008804626854
-1.201955167,-0.001690939781,0.005389821999,-0.01075754789,-0.01787715909,0.00133323151,-0.009950303446,0.009326165942,0.006915808279
-1.198972677,-0.001966440045,0.009288547774,0.001251235919,-0.01713642607,-0.00240028038,-0.04212400063,0.007908587542,0.01208034255
-1.167667285,-0.001844798336,0.006463342461,-0.01150983062,-0.01461392518,0.004875279431,-0.01134223934,0.01442149379,0.004564095918
-1.212931262,-0.003048029751,0.002171209144,-0.00528187113,-0.01705245553,0.001238421886,-0.0118127252,0.003605374467,0.007336463048
-1.238474365,-0.0001328526125,0.01006421826,-0.003163663288,-0.01497514068,-0.002589505104,-0.03807288806,0.01443271776,0.01378594487
-1.219576062,0.0002478191008,0.006487191055,-0.01200054605,-0.01582508234,0.003325398873,-0.0135268535,0.005755103732,0.006575623679
-1.216219274,-0.006500026429,0.005357163932,-0.003176566464,-0.01626064526,-2.398987597e-05,-0.02150121067,0.008011859824,0.006300988194
-1.189847183,-0.00188022128,0.00577260898,-0.003809905064,-0.01693937467,-0.0005735358441,-0.02841211768,0.02054350247,0.009723929693
-1.188593034,0.0008119680459,0.004765105533,-0.009266723989,-0.01715792596,0.002013232916,-0.01788156007,-0.003345695306,0.009356583027
-1.215025365,-0.01362810723,0.002601839098,-0.00563303057,-0.01231952989,-0.001317986264,-0.02727970462,0.01251830044,0.008243998973
-1.197864595,-0.01218666371,-0.007274688251,-0.008065313715,-0.02319757815,-0.0009462276851,-0.0216206763,0.01171881993,0.005789690955
-1.194658608,-0.007502060472,-0.003134980461,-0.008923692142,-0.01388285232,0.001523105453,-0.0191062259,0.003725986916,0.005510592134
-1.219007263,-0.01336395161,-0.002456454061,-0.007761010434,-0.01598968978,-0.004280646376,-0.03252359617,0.01169845891,0.01092744434
-1.166557763,-0.008627120421,-0.001705333321,-0.01104143428,-0.02003389499,0.002248369849,-0.01430297896,0.01007913357,0.007927271821
-1.203976101,-0.006812670093,0.004456238477,-0.004191676287,-0.01378196359,0.0024689393,-0.02467691101,0.001782871653,0.007047932189
-1.214301515,-0.007506273073,0.00254616142,-0.008114188392,-0.01625372009,-0.003671933777,-0.03130252024,0.02184152667,0.01090909821
-1.225979269,-0.004031836473,-0.004114758322,-0.009516649093,-0.01860135098,0.004889646437,-0.007364146744,0.003196205807,0.006707279423
-1.192821249,-0.002832498234,0.011625003,-0.002516684684,-0.009779932172,0.0002178370312,-0.03220164312,0.009987724506,0.01008628634
-1.164144491,-0.001792188525,0.003590202948,-0.01161523675,-0.01650151916,0.002467766313,-0.02190270258,0.01175306146,0.00947359044
-1.160986992,-0.002053742329,0.00486330888,-0.004412745785,-0.0108277762,0.0008310121511,-0.01399239219,0.007553498835,0.005649351015
-1.187645701,-0.0007439842059,0.009811733004,-0.002056979637,-0.01290299333,0.001145287183,-0.03054072293,0.01914786594,0.01125581277
-1.242508759,0.0019195459,0.004842430424,-0.007434576268,-0.02308410895,0.003411773364,-0.01930737891,-0.0007339484223,0.00757709927
-1.192922888,-0.001981150512,0.00998074075,-0.004620614267,-0.00725612198,0.002235249594,-0.02088558333,0.008418613039,0.007682886584
-1.183032857,0.0002187807111,0.008782822196,-0.004459520788,-0.01441516752,-0.0002520980156,-0.02243587904,0.02396919002,0.01173757243
-1.238439005,0.001978391619,0.001197761154,-0.007375865619,-0.02029522431,0.003172441621,-0.01969410063,-0.0001080990508,0.008607967877
-1.220612102,-0.002141502059,0.01318727019,-0.004596026617,-0.006954569574,0.003586920762,-0.02501116446,0.01810840691,0.009449554249
-1.186599244,-0.000362713961,0.007073180694,-0.007185441778,-0.01382006544,0.002692250544,-0.02024472611,0.006862428628,0.008611714779
-1.19306244,0.01106241919,0.01730503534,-0.0003656884043,-0.01248779683,0.003890777424,-0.01630312762,0.01666623806,0.0115037218
-1.185783063,0.0106041958,0.02042951176,0.0006244662843,-0.01286849061,0.005349045507,-0.02236918753,0.01249216023,0.01101927057
-1.220176934,0.00756868736,0.01389837717,-0.008514905968,-0.01513815964,0.003974055052,-0.02073023247,0.003390960235,0.009890714014
-1.239470485,0.009207350315,0.01834016885,0.001208366954,-0.007079458461,0.002079354331,-0.02213625996,0.01965596657,0.01109588543
-1.167675444,0.005246275857,0.01353050209,-0.002813248809,-0.01636551763,0.00247324754,-0.01938870375,0.006802951341,0.00903232594
-1.17439227,0.005328301194,0.01421594751,-0.007710626274,-0.01543109704,0.004231351441,-0.02243650116,0.01706422179,0.008311817823
-1.210626198,0.005749593021,0.01464610565,-0.001966521084,-0.01007495703,0.001607194364,-0.0223019347,0.008691766101,0.009820101172
-1.158928226,-0.0002220977924,0.01254366667,-0.005890664227,-0.0185400671,0.001802213599,-0.01992165513,0.009060783226,0.007686912859
-1.232788093,-0.0002586561049,0.007408919095,-0.005577765057,-0.0147678891,0.001500425779,-0.02256228336,0.009881450418,0.007624331887
-1.17758775,0.001957889339,0.005923279806,-0.004699244864,-0.01401526151,-0.001869912245,-0.02026955407,0.01285175071,0.007498769587
-1.205642593,-0.001809776115,0.005365732183,-0.005931910045,-0.01882406481,-0.0004044073415,-0.02480905081,0.002210703035,0.008953840248
-1.191985836,-0.005482177423,0.009622746206,-0.006315733551,-0.01328946841,0.002362402775,-0.02124355039,0.01206442654,0.007761252928
-1.190893138,-0.0005654761936,0.005118063858,-0.004400590811,-0.0193152365,0.001149544417,-0.0212058723,0.0153282504,0.008911908857
-1.232321532,-0.0001260577068,0.003232750093,-0.006815410795,-0.01584629279,-0.000730790037,-0.01974077048,0.00506996357,0.008066130535
-1.133265864,-0.003066556384,0.00984638728,-0.006837530202,-0.009300481869,0.0008052969925,-0.02382264404,0.01316864194,0.008626475986
-1.214953454,-0.004781112132,0.006315478159,-0.008199941362,-0.02007839433,0.001716866273,-0.01791954623,0.01101734794,0.008562168367
-1.203365847,-0.0006987217796,0.006223529793,-0.003828551153,-0.01690256263,0.002068827644,-0.02152046519,7.663421767e-05,0.007668235201
-1.158538527,-0.003814411534,0.007629528864,-0.00607946338,-0.01278480903,-0.004508432411,-0.03276552839,0.02271827925,0.01061502424
-1.165688341,-0.0134157606,-0.0105296899,-0.01090427261,-0.02099805887,0.001538523938,-0.01087895508,0.005106926434,0.006130216914
-1.183190083,-0.01143148237,0.0001462773503,-0.004803563168,-0.0153997729,-0.001460986356,-0.0234677109,0.006826026544,0.007786037297
-1.22817413,-0.01100777326,-0.002031798712,-0.01340539182,-0.01790415682,-0.001796444876,-0.03135650776,0.0114172354,0.009765577239
-1.209521108,-0.0117308852,-0.005177375844,-0.007469082986,-0.01417886382,-0.001764997106,-0.01268988757,0.01185239549,0.005415460434
-1.180333443,-0.007780856356,0.00335087067,-0.003581533249,-0.01279204985,0.0009755295445,-0.02326073121,0.01076886595,0.008817385342
-1.192906445,-0.007235241247,-1.132020382e-05,-0.01200346201,-0.02157004422,0.001161855654,-0.03086787924,0.00491109898,0.009864918783
-1.185404515,-0.006826165899,0.0001690683065,-0.007467004396,-0.01072781158,-0.001809009475,-0.01617422751,0.01134202027,0.007645794376
-1.164266444,-0.004674767291,0.005209983631,-0.005040029548,-0.01362618468,0.0003862259066,-0.02002715409,0.0135965138,0.009447124662
-1.194228324,-0.001555051389,0.004324672864,-0.008547064587,-0.02201759076,0.002443709686,-0.02572130576,0.01158672479,0.00916700313
-1.19707977,-0.002477641303,0.009890910319,-0.006089401288,-0.009077872183,0.0007778422432,-0.02076521939,0.00666278065,0.008765748265
-1.213811122,-0.001054198552,0.009222123624,-0.007856141453,-0.01616448065,0.001443972124,-0.02207010241,0.01299291276,0.009649063649
-1.140044766,-0.0002751869356,0.004884503,-0.004269877109,-0.0132623363,0.001868750391,-0.02019545594,0.01348362508,0.01005458826
-1.246132105,-0.0003148742736,0.007561149264,-0.003237734662,-0.01266193663,0.002434606334,-0.01866658961,0.007389412798,0.009538129616
-1.148404021,0.0003669424171,0.005963889336,-0.008627880465,-0.01584475995,0.002370771954,-0.02659787009,0.01039858165,0.01050281249
-1.213965065,-0.001073953587,0.008871027716,-0.004923976619,-0.01404545334,0.002930835785,-0.01973739864,0.01181596635,0.00867932814
-1.087296963,-0.00048700854,0.01180677078,-0.002268758129,-0.01521210535,0.003851083787,-0.01933456526,0.01140860711,0.007364899684
-1.275818135,-0.0005147756164,0.005015235455,-0.009153884273,-0.01626678065,0.002450475272,-0.02237374045,0.01208135628,0.009511020398
-0.9791793954,0.005227136342,0.01127367964,-0.004758690658,-0.008344453441,0.001569269869,-0.02122353513,0.01056097168,0.01079661724
-1.505013117,0.01201925004,0.02289284454,-0.002790974445,-0.01168363906,0.005585510018,-0.01695972501,0.01127407976,0.009453877445
3.437689955,0.006598364597,0.0172169917,-0.003176747717,-0.01597809972,0.004472124946,-0.02155916403,0.01210019442,0.009475426083
5.492908317,0.01095407215,0.01545610083,-0.001635004921,-0.01275518209,0.003120436259,-0.02011829983,0.01504480459,0.01029431582
4.903781021,0.007539167061,0.01614831527,-0.004602766384,-0.01208549923,0.002336517001,-0.01949994706,0.007783968612,0.01031943406
5.247958296,0.001636262507,0.01389813872,-0.00640711523,-0.0140285807,0.001886036326,-0.02196252587,0.01156744486,0.01009692711
4.995365977,0.00512307394,0.01611291327,-0.001006106264,-0.01395652918,0.002008711704,-0.02052850665,0.01094086295,0.009413215475
5.123507544,0.003614092291,0.01112906733,-0.006132046051,-0.01552163848,0.002055874085,-0.01958372714,0.0115549047,0.008241301197
5.074099825,-0.0002250241545,0.009495332815,-0.006892497704,-0.01499749263,0.0003222093705,-0.02464513952,0.007616454243,0.009546790599
5.118240946,-0.000699829582,0.01035444945,-0.004875929447,-0.01382866695,0.0005858455438,-0.02018014979,0.01515677439,0.007962261448
5.068889,-0.0004849902408,0.005940355393,-0.005316905721,-0.01889743599,0.004082126143,-0.01616323971,-0.001477773564,0.007652862314
5.055481581,-0.004400299064,0.006473543432,-0.005107714261,-0.01434933105,-0.006713450795,-0.03511662816,0.01425558164,0.01026145195
5.064980797,-0.001263403513,0.003925035132,-0.008406426386,-0.01540114087,0.002532532832,-0.01401731117,0.01683977398,0.008195381924
5.084029544,-0.00184215823,0.01017146208,-0.004166635233,-0.01679021494,0.002804922141,-0.01723246996,-0.000156864465,0.005889026483
5.101519933,-0.004070780758,0.007958118583,-0.007643310612,-0.01657461353,-0.0008865753564,-0.0350335281,0.01353032034,0.01129823291
4.983541798,-0.0009946261114,0.002843248797,-0.008321465181,-0.01247580586,0.0007948991461,-0.01227412899,0.01203145637,0.008268256941
5.18963922,-0.003230181059,0.005824715341,-0.004774418802,-0.01420074512,0.00165786701,-0.02141697847,0.0101053445,0.008758538457
4.823650046,-0.001944463636,0.007947862108,-0.005516263489,-0.02015672899,0.002872714976,-0.02896775533,0.007998921318,0.008389161122
5.45017039,-0.008983527326,-0.00203681939,-0.011549698,-0.01551819248,-0.001154175823,-0.01780224126,0.004801182171,0.006292423667
3.552743493,-0.01550002924,-0.002442169822,-0.007062186709,-0.01032520872,-0.001889619091,-0.02543001321,0.01425329816,0.008776410666
-1.524944085,-0.01018276603,-0.003983342912,-0.00938113611,-0.02368301758,0.001388391149,-0.02204541623,0.01032221564,0.008014226127
-1.017961844,-0.01233472951,-0.002961347899,-0.009081438058,-0.01375843104,-0.001199312968,-0.02292830213,0.00598441036,0.008207707359
-1.309576779,-0.008104689901,0.0006393626778,-0.007836843944,-0.01381963175,-0.001434170522,-0.02277081118,0.01463382224,0.01003121128
-1.145718474,-0.007614072088,-0.001340232697,-0.009165712784,-0.01860272566,0.002065636714,-0.02142605808,0.008402051932,0.008813125456
-1.254917667,-0.009467768675,0.000276736797,-0.004153208062,-0.01743112588,0.0008264377157,-0.02263401525,0.008425876748,0.008490705617
-1.213247203,-0.002583308768,0.003992223787,-0.009522433151,-0.01211510485,-0.0001436052524,-0.0252006857,0.01113952774,0.01002161855
-1.2250409,-0.003290095391,0.004013389479,-0.009392172339,-0.01463676421,0.001237272272,-0.01970264436,0.01183989048,0.009194844767
-1.199963663,-0.00440546455,0.008018224502,-0.001836903059,-0.01610123858,0.002150298955,-0.02292108085,0.01188969758,0.00995939228
-1.218778675,-0.001143281825,0.005353311532,-0.009768127935,-0.01574327414,0.001418329019,-0.02200717084,0.01011044122,0.009291300791
-1.179097982,-0.0003060445424,0.005964738183,-0.006258495945,-0.01074012336,0.000700097291,-0.0236737296,0.01033403425,0.009914547054
-1.185553364,-0.000665753406,0.009154631292,-0.002934077084,-0.01341102717,0.00406625625,-0.01818289478,0.01193239795,0.009988039382
-1.201085435,-0.00192510951,0.007927229218,-0.007945584303,-0.01669595361,0.002869223181,-0.01630578483,0.006680697617,0.00971620873
-1.223824606,-0.0004557103588,0.00652163656,-0.003364276207,-0.01255817213,-0.001669697246,-0.03595904218,0.01342916675,0.01149189243
-1.19606768,0.0006314953514,0.008894325096,-0.006212138613,-0.01388467644,0.003113526948,-0.01513518047,0.01373201365,0.008699664788
-1.228550245,-0.0005471559718,0.00765944907,-0.004641425018,-0.01462239035,0.002080143194,-0.01625736884,0.004610953988,0.009112176034
-1.220786951,0.00086213283,0.009274500778,-0.005072222094,-0.01417760474,-0.000293106458,-0.03205449931,0.01557892792,0.0135124666
-1.202843231,0.01105259268,0.01551919852,-0.004324949568,-0.01133561966,0.004870557884,-0.01297407882,0.01042903191,0.007955601032
-1.187854011,0.007801789321,0.01975860015,-0.0004746120618,-0.01264171433,0.005254596659,-0.01695659693,0.01152082556,0.008388311558
-1.240934511,0.008510807438,0.01723401556,-0.002612722485,-0.01350641772,0.0004430547027,-0.02832066931,0.01448944297,0.01200537293
-1.16221629,0.01153221063,0.01611853623,-0.007781730752,-0.01519975168,0.006897886699,-0.01064973538,0.009691847516,0.00874812092
-1.212625912,0.001742816317,0.01454153492,-0.000398943697,-0.01025467126,0.0002224294461,-0.02744341357,0.004108710559,0.009575450678
-1.198019515,0.003410121252,0.01628018244,-0.00398377349,-0.01611386666,0.0008382905463,-0.02751858497,0.02329945256,0.009499385589
-1.196260172,0.00841618265,0.01029903013,-0.005631183806,-0.0151382741,0.008482750233,-0.005223391931,0.005635652474,0.004998250075
-1.204331946,-0.0006767255574,0.01342785185,-0.00354264384,-0.01563305587,-0.0022062767,-0.03191766501,0.005783259683,0.01158429754
-1.219528935,0.001379831998,0.007455366007,-0.010167545,-0.01683823139,0.0009641722376,-0.02584235926,0.01522357167,0.009356641605
-1.226548264,-0.0003834575202,0.008396418675,-0.003506839792,-0.01144570426,0.001474248521,-0.01199057429,0.006453257204,0.004125345051
-1.173203973,-0.003404652557,0.009353543675,-0.003498632528,-0.01743305961,0.0003511269449,-0.02999537121,0.01267095054,0.008772729674
-1.180949685,-0.001104494994,0.0009723905933,-0.009670785669,-0.02263208075,-0.0005563446592,-0.02399443294,0.004120596854,0.009612976906
-1.222569956,-0.002966571712,0.01041656064,-0.00482045865,-0.00762037976,0.0001162340498,-0.02032348294,0.01158507296,0.008604649891
-1.213594822,-0.004236554775,0.009000884454,-0.0054438077,-0.01715179157,0.0007620677455,-0.01900107472,0.01250285643,0.009049233476
-1.220209792,-0.0002806680529,0.002507866778,-0.007161172985,-0.01933528804,0.002010809096,-0.02402198386,0.009277047207,0.007987866693
-1.187488048,-0.001518085608,0.006955864252,-0.004378251085,-0.01272145681,0.0006587438816,-0.02758361048,0.01219078822,0.01089494607
-1.210883793,-0.003468408339,0.005607791532,-0.009633341391,-0.01543496594,-0.0002526945659,-0.01577768254,0.001959530748,0.006516425049
-1.199924055,-0.003792525011,0.005950938465,-0.0063208357,-0.01452328502,0.001962664649,-0.02331177063,0.01944423477,0.007564346492
-1.155708824,-0.01023582048,-0.004760689607,-0.004586951092,-0.01964576983,-0.001653532521,-0.02707451805,0.00328930138,0.008427178566
-1.168204804,-0.01412244208,-0.004954381796,-0.01307475924,-0.01632567439,-0.0001191682447,-0.02068700328,0.009202950865,0.006960684784
-1.160968951,-0.01332134621,-0.0009294966054,-0.007956836584,-0.01435688409,-0.001595791806,-0.02542312722,0.01199114626,0.008875268841
-1.148092912,-0.00945998044,-0.001643974351,-0.006719674948,-0.01863133669,0.0002445517179,-0.02084042556,0.01012560468,0.006386494936
-1.232779139,-0.006033038743,5.791721915e-05,-0.008826714417,-0.01632182238,0.004066037171,-0.02280254002,0.002367273737,0.009285227438
-1.225607611,-0.008854570016,0.002084833591,-0.007984285182,-0.008788387132,-0.005243399283,-0.02675625864,0.01183304304,0.01016591016
-1.186565346,-0.005788814665,-0.001455974956,-0.008993478357,-0.01647461008,0.0007933167436,-0.01738752156,0.01348026309,0.009143368963
-1.191851612,-0.004028841628,0.006138084974,-0.004365315796,-0.01835969088,0.004106844329,-0.02027329561,0.007629779798,0.006992735737
-1.178928733,-0.00284786535,0.00636190398,-0.008382917999,-0.01373347217,-0.0001699989526,-0.02774237089,0.0139736816,0.009954161197
-1.20806798,-0.00116669863,0.00569992648,-0.008957212347,-0.0115531594,-0.0005902673491,-0.01849395684,0.007715509928,0.01090880854
-1.179153397,-0.002246061882,0.009040005802,-0.005040964201,-0.01559026552,0.002134945383,-0.01864042206,0.01400149638,0.009143608338
-1.208685207,-0.0007270282835,0.006368324991,-0.006267101745,-0.01764100191,0.003714340005,-0.02576421458,0.002360508799,0.008063698081
-1.145365107,0.001037461138,0.004843857899,-0.008581268219,-0.01006123608,0.002169012127,-0.01818006956,0.01500710995,0.00860703643
-1.181943374,-0.0009863993995,0.0079804691,-0.00228333618,-0.009204298518,-0.002087504198,-0.02350229794,0.01249342153,0.01283616423
-1.228385918,-0.0005534507937,0.009332226528,-0.008872584032,-0.01825653878,0.004253586954,-0.02238615376,0.009332251818,0.008459774111
-1.181395308,0.0007603335801,0.009917526707,-0.007870550255,-0.01587283315,0.008161860277,-0.01148461658,0.008779801081,0.007240046156
-1.20742955,-0.0001078800693,0.008049589342,-0.0001916392123,-0.01194214451,-0.007120477817,-0.03404606267,0.01095201211,0.01402111868
-1.172281806,0.004615643638,0.008281166503,-0.009406995082,-0.01590336557,0.005090266738,-0.01733088241,0.02068459011,0.009533539208
-1.196126832,0.01094678094,0.0193433054,-0.0001059565144,-0.009489947579,0.007758950706,-0.01059924518,-0.002090511102,0.007061235553
-1.190766085,0.008240133303,0.01822659565,-0.003493780952,-0.01083900413,-0.0005497019059,-0.03399276644,0.01413762418,0.01364136976
-1.192270676,0.01155276575,0.01666935872,-0.004837352744,-0.01059246214,0.00450296854,-0.01822727746,0.02113411218,0.0104692237
-1.150941098,0.002169988416,0.02009010069,0.0003115485863,-0.01310666779,0.0071421447,-0.008082589603,0.003113569277,0.006309304013
-1.166686902,0.004202947729,0.0127255109,-0.002910081517,-0.02102912836,0.002147277212,-0.03094625251,0.01382983651,0.01083427455
-1.165788489,0.01108228594,0.01203141481,-0.007030246841,-0.01400666735,-0.001678137568,-0.02296006941,0.008948557282,0.01088585819
-1.184733482,0.0002378031935,0.01349873156,-0.002202484836,-0.004125720391,0.002391206099,-0.01339725743,0.01127870929,0.007985393197
-1.156585715,-0.001100565356,0.008514040131,-0.006501142497,-0.02846444156,0.004736996856,-0.02739199479,0.009907720605,0.007212939295
-1.197897978,0.003590450261,0.007183538876,-0.007085420114,-0.01195822701,-0.000443873215,-0.02585349223,0.01146679432,0.007929601506
-1.205486681,-0.0006880514394,0.01080901895,-0.008033132296,-0.01046505867,-0.001339911688,-0.01561198372,0.01070563749,0.009450398957
-1.190040232,-0.005943781698,0.006110408741,-0.006995136327,-0.01849406988,0.001122657763,-0.02993161293,0.004870186091,0.008998409607
-1.178327207,-0.001014067666,0.005579375825,-0.003310228493,-0.01722045626,0.002222420323,-0.02021432828,0.01634938162,0.006367377619
-1.174859665,0.002248338388,0.003993831103,-0.00620623341,-0.01429889902,-0.0009113553988,-0.017482821,-0.002394401415,0.006736171489
-1.165219559,-0.004240920887,0.007734977363,-0.008023611875,-0.01384014326,0.0002712783808,-0.02560040164,0.0202716602,0.0110906814
-1.1899108,-0.002414307242,0.006562864221,-0.0007570897574,-0.01690822078,0.001816841462,-0.02261466064,0.005373807107,0.007310978357
-1.175664275,-0.00186715278,0.006311378206,-0.006237257016,-0.01609989711,0.001200907147,-0.01679589216,0.009413311772,0.005936946179
-1.221408371,-0.003406338289,0.00603505076,-0.008506109514,-0.01315618763,-9.245874591e-05,-0.02768695635,0.01745885433,0.01062099497
-1.173564959,-0.009385279263,0.002401895967,-0.007387808755,-0.01875209589,-0.001174370891,-0.02097292744,0.002631676623,0.009241582432
-1.22284715,-0.01386687964,-0.005064465985,-0.007333167923,-0.01672320406,7.750369403e-05,-0.02348409307,0.007880730007,0.006447146381
-1.095301524,-0.01021945694,-0.006211069516,-0.01043361509,-0.01784694056,-0.002211608125,-0.02586692391,0.01174803853,0.007819867711
-1.138209511,-0.009934791265,-0.006396107663,-0.008398117581,-0.01340478819,-0.0004473000875,-0.02132768078,0.00959128469,0.009202012263
4.110469962,-0.008093961971,0.001987425482,-0.007053121617,-0.01528871071,0.00124514634,-0.02257841964,0.008846620941,0.009232150786
5.307060275,-0.008871113985,0.0008317995444,-0.009848732422,-0.01667299516,0.001247199759,-0.02411553005,0.01171413368,0.00813167969
4.984088216,-0.007956590536,-5.843299699e-05,-0.008071208038,-0.01661008265,0.001390839687,-0.01884609516,0.01516377434,0.007796676206
5.163531008,-0.00361974525,0.005523846307,-0.006712775497,-0.01362826363,0.001123074929,-0.02400254883,0.003744680968,0.01054834649
5.032224983,-0.00356235215,0.003956224422,-0.00876668517,-0.01668556155,-0.0003602533896,-0.0256584272,0.01739175181,0.01012146101
5.114286941,-0.003131597764,0.004857049868,-0.007460656604,-0.01357464581,0.003823380998,-0.01481688962,-0.001451775031,0.007200387912
5.126122701,-0.002372868464,0.01011097158,-0.005529334854,-0.01094094201,-0.003011799737,-0.03001984481,0.0144422138,0.009695639398
5.069789915,-0.0006160763112,0.005246345175,-0.008494062502,-0.01743108228,0.004026237693,-0.01985764455,0.02193118297,0.008034925949
5.061938404,-0.001853160403,0.009760650432,-0.001918116734,-0.01358274695,0.003215792143,-0.01476746363,-0.003136625724,0.008023382577
5.114940356,-0.001552193417,0.01147659187,-0.007639049362,-0.01266445762,0.001872027068,-0.03258270936,0.0207957636,0.01236989648
5.088920306,0.0008806531084,0.003742425931,-0.008487264116,-0.01532449223,0.002563685361,-0.01247851921,0.005848966269,0.008905545982
5.058947302,-0.001661863565,0.009754753899,-0.0001722203883,-0.011372307,-0.000686199116,-0.01883700462,0.01521645015,0.00911487658
5.145740027,0.001553138343,0.005887703466,-0.005610396722,-0.02047219443,0.007426172965,-0.03494386297,0.008301331726,0.01238126569
4.959926422,0.0009304828701,0.006983242321,-0.01121765232,-0.009916347584,-0.0003577909017,-0.01417925363,-0.00435143212,0.006644958917
5.264756546,0.007653893677,0.02012494655,0.001343248449,0.0003077966654,-0.0009520156702,-0.01718089043,0.03447582284,0.01388703373
4.836745677,0.01135374081,0.01609210247,-0.004371559033,-0.02839202623,0.009545046208,-0.0221720917,0.006773443508,0.009164427981
5.547296714,0.005786201072,0.01995539402,-0.004119977848,-0.008201504345,0.007303434964,-0.02056257444,0.008701047494,0.007101932149
2.762308839,0.00966841863,0.01859601964,-0.001623244212,-0.005487399552,-0.0007170662575,-0.02217106773,0.00842562306,0.01360133681
-1.701081534,0.004019536664,0.01222936712,-0.005751753974,-0.01817248039,0.001049603594,-0.01997931108,0.01994744115,0.008987845716
-0.9485296373,0.005706495021,0.01186915129,0.003705582992,-0.01971073035,0.00781710785,-0.01727063392,0.005500631066,0.008436879166
-1.336902742,0.006871915106,0.01497171113,-0.007345454349,-0.008439987466,0.002324183566,-0.02669541711,0.003131612404,0.008228749532
-1.177665138,0.001411920193,0.009578158265,-0.01121860534,-0.009619250276,-0.001656311593,-0.02015330986,0.02176488941,0.01252772284
-1.285608864,-0.002336091753,0.01297667226,0.003966917068,-0.01748422298,0.001658998544,-0.01820688633,0.006221374458,0.007369687559
-1.181587088,0.0002311623889,0.008130944657,-0.009949463547,-0.02349495481,0.003639188274,-0.02320061559,0.01374125752,0.006066014011
-1.208045554,-0.0008499483657,0.006047939824,-0.01064577501,-0.008107160671,-0.001216574938,-0.02290578928,0.00481288831,0.007640754457
-1.181712864,-0.002539949244,0.007577572634,-0.0007305448914,-0.01186638204,-0.001352432943,-0.02087497727,0.009698681902,0.01085211152
-1.276417329,-0.002699337634,0.006693831694,-0.005640786685,-0.0248577711,0.003370765757,-0.02465656682,0.007792719366,0.008592496968
-1.198708717,-0.001463284953,0.004947783148,-0.01040469423,-0.009283991813,0.001114588018,-0.02170390391,0.009462068918,0.00587990759
-1.172896236,-0.003140789827,0.006137581616,-0.004326684445,-0.01163326102,0.0002618860406,-0.02035929405,0.01458690296,0.00987010622
-1.233192282,-0.003739321488,0.007944269895,-0.004755071543,-0.02162255066,0.002368190798,-0.02345656056,0.007682414718,0.009245782629
-1.213476616,-0.003469269179,0.01007664251,-0.007290158431,-0.01150039636,0.002421074396,-0.02093223106,0.009293110975,0.008086677177
-1.252235674,-0.0006927784881,0.002003076331,-0.009454491471,-0.01689653378,-0.001304461383,-0.02263819831,0.009255692493,0.008388648916
-1.182366593,-0.01272831453,-0.006235049868,-0.007414374831,-0.02055897705,-0.0008128071233,-0.02356703815,0.00889852577,0.008060484925
-1.210540117,-0.01405146957,1.077268725e-05,-0.007320797707,-0.01337413206,-0.001244416038,-0.02359368689,0.006950330118,0.008067386714
-1.220901143,-0.009398453059,-0.003069706227,-0.0139654378,-0.02128056353,0.00312802595,-0.02054175967,0.007908844264,0.007048110674
-1.248763634,-0.01085359978,-0.006354082485,-0.005819225105,-0.01699874206,-0.005253140743,-0.03042939929,0.006296779411,0.009211457385
-1.166229447,-0.009337981444,0.005151953267,-0.007190279189,-0.01053266553,-0.001176466597,-0.02343838882,0.02056602082,0.009261151925
-1.20953233,-0.008409864883,-0.0009987931448,-0.01095015747,-0.01832568963,0.008137677067,-0.01150882442,0.006484116817,0.004939594281
-1.21470921,-0.006838603916,0.002277826648,-0.00405643558,-0.01578281489,-0.003671910254,-0.03219384699,0.001567952123,0.009792283442
-1.208546945,-0.001254634083,0.003639051639,-0.01002632412,-0.01208522931,0.001129213504,-0.02552177599,0.01908772449,0.01026465964
-1.228490394,-0.005873332874,0.003971996855,-0.006578565409,-0.01460135602,0.002057018531,-0.0132358664,0.005756313889,0.006628398566
-1.193444608,-0.003102427092,0.008693990856,-0.0006872560807,-0.01303176583,0.001606031993,-0.0271659872,0.01326117931,0.009135146028
-1.208563873,0.00338144353,0.004561369215,-0.008978209487,-0.02179983981,0.0005708832067,-0.0255328524,0.008901178182,0.01032628858
-1.207564466,-0.002281085506,0.009731921727,-0.00823051772,-0.007712006235,0.001432970922,-0.01702851757,0.009713703413,0.00822561813
-1.221392091,-0.004035477825,0.009971084847,-0.002913200794,-0.01233963105,0.00349516652,-0.0213281782,0.01707677572,0.01004338293
-1.233348471,0.003186831104,0.004799035814,-0.00780850191,-0.0222596715,0.002375815021,-0.02430779726,0.003789424298,0.008894538241
-1.220513947,-0.0009461227623,0.00801445622,-0.006442176307,-0.01076464215,0.00127220433,-0.02167425042,0.01322342619,0.01084571609
-1.210454097,-0.0008556081545,0.008400297603,-0.006826570284,-0.01133944744,0.002429511614,-0.02431598981,0.01145964637,0.01093734781
-1.212927809,0.0001577826781,0.006087845029,-0.006995882123,-0.01846991218,0.003175858752,-0.01747590867,0.01209061551,0.008150774812
-1.185420221,0.004212010845,0.01252319554,-0.002354308644,-0.009375383519,0.0009338219334,-0.01328191461,0.0003654663504,0.009415679533
-1.223374836,0.01172040008,0.01982160223,-0.004697661611,-0.01313910381,0.006506116764,-0.03395968509,0.02769363895,0.01258314923
-1.186321153,0.01138427518,0.01639953071,-0.002485405453,-0.01684250224,0.004746658654,-0.01876918165,0.003033985988,0.009176462832
-1.20380957,0.008759007957,0.02041747148,-0.0002836860106,-0.003881976509,0.003197531241,-0.007892094797,0.005886464263,0.007603889507
-1.176509065,0.006057389471,0.01432364441,-0.008939842063,-0.01609532311,0.0008543071025,-0.03167694248,0.02640076903,0.01283611356
-1.164157639,0.006177419876,0.01109003903,-0.002455166531,-0.01546021339,0.003394959959,-0.02210460642,-0.0002660638256,0.008862984836
-1.158910698,0.005197507283,0.02051794514,-0.000512214226,-0.0117152293,0.007225025721,-0.0116886187,0.0122882122,0.006549761707
-1.219487636,0.0007029466321,0.01104028821,-0.008956340721,-0.01607343613,-0.002302499051,-0.029174025,-3.480375793e-05,0.01112314637
-1.162449951,0.003319381636,0.007954802655,-0.003199153908,-0.01116018775,-0.0009231961983,-0.02493620569,0.03075748888,0.009604769719
-1.144027065,0.002542630457,0.005018841458,-0.003259520493,-0.01943821175,0.003335441054,-0.01716460897,-0.007961059223,0.005871147796
-1.159093127,-0.003393357683,0.01118922355,-0.009162840398,-0.01452183782,0.0002734154343,-0.02435793699,0.01353772162,0.007106240616
-1.203173207,-0.001631860205,0.006752224066,-0.006605319174,-0.0127833377,0.0002304998033,-0.02586526706,0.01712499776,0.00938157697
-1.145518355,-0.0007779592763,0.00366544602,-0.005066403919,-0.02141029992,0.002087394704,-0.01538201908,-0.001981360503,0.007558953382
-1.231907249,-0.004393670667,0.008866146536,-0.006217311631,-0.01556996066,0.002019450691,-0.03080640455,0.01988046897,0.008949971823
-1.194893859,-0.002981807981,0.005826586752,-0.01006720353,-0.01363392514,-0.000172644298,-0.01530645415,0.00458422075,0.007868942372
-1.164373043,0.0001724988741,0.004365063572,-0.004128550817,-0.01477160696,0.001690154111,-0.01915974954,0.003246251416,0.008590036913
-1.204086348,-0.004773962034,0.00995895666,-0.0046864735,-0.01589774261,-0.001770567177,-0.03872182235,0.02173424058,0.01210288136
-1.255570088,-0.001943257101,0.005142784761,-0.009875348002,-0.01859297733,0.002992412307,-0.00675331593,0.004559865683,0.005375685638
-1.12342002,-0.007907970108,0.005766916103,-0.003417001087,-0.01125912941,-0.001893491507,-0.02337679968,0.009395782784,0.008225126454
-1.208507195,-0.01391478622,-0.007451419245,-0.01314806101,-0.02099872496,-0.00299328639,-0.03470046075,0.007095872723,0.009442948754
-1.208591304,-0.01053170655,-0.003218344383,-0.008485792758,-0.01480240727,-0.0007868406641,-0.01509323092,0.007423767977,0.00529458674
-1.215123094,-0.01242731958,-0.002876036802,-0.006300928479,-0.01541559111,-0.00121361525,-0.01908998568,0.01248578246,0.009216274998
-1.167242415,-0.00857738391,-0.004305945329,-0.01190368543,-0.02222452079,-0.0004001658059,-0.03273825817,0.004624253069,0.009572718995
-1.223325802,-0.008041190124,0.003071103818,-0.008743145265,-0.01013181795,0.003027631996,-0.01869617032,0.01018019664,0.008571433077
-1.191903348,-0.01049749376,0.001435709685,-0.005046622237,-0.01419890811,-0.001578139113,-0.02143092635,0.009903388081,0.01018287692
-1.216520589,-0.003998471327,-0.001526412377,-0.009596047571,-0.02220155426,0.001120775656,-0.02521733066,0.01574653117,0.007920504833
-1.174876018,-0.001742961472,0.006310236213,-0.004209928727,-0.00883749989,0.002207169872,-0.02102721319,0.0040413055,0.009084280504
-1.218582434,-0.003484402162,0.008539272341,-0.009210045422,-0.01625806284,0.001471606954,-0.02186758058,0.008279334674,0.009220892791
-1.216206518,-0.001522452272,0.003994665923,-0.004914591876,-0.01469043965,0.0003466968847,-0.0246604187,0.01584710662,0.009446856113
-1.165408968,0.001264574671,0.008547159061,-0.003899122015,-0.01358389802,0.0007647210748,-0.01791699631,0.00845678574,0.007943995495
-1.200227907,-0.002138885644,0.009872045687,-0.00832577655,-0.01519401155,0.003976470282,-0.02407076441,0.01089218372,0.0101663506
-1.220423141,-0.001081921926,0.008471198397,-0.005507756937,-0.01419393651,-0.0001006625251,-0.02408043982,0.01424827238,0.01082733914
-1.162381991,0.001539326632,0.008143047013,-0.003874038857,-0.01124819581,0.003043858948,-0.01679122386,0.004157496743,0.008382496831
-1.18261285,-0.0009110632903,0.006252317219,-0.0087469185,-0.01730647218,0.003716056796,-0.02036127578,0.01304446069,0.00993051032
-1.267074253,0.0006177487863,0.005827985236,-0.005171126175,-0.01210678899,-0.001242223423,-0.02627829071,0.007692264669,0.01053657874
-1.204647817,0.001444734301,0.0107492474,-0.006397399435,-0.01238471017,0.00274480861,-0.01729234987,0.01360385525,0.009237430535
-1.144631301,0.004690108837,0.01649539833,-0.00366779583,-0.01473425571,0.005843428158,-0.02267152823,0.01058493924,0.01122555114
-1.198154268,0.009800739736,0.01758623487,-0.001334756792,-0.01341896025,0.003970480108,-0.01988187937,0.01702148446,0.009975882777
-1.1702884,0.009938876809,0.0173318902,-0.002915913543,-0.01099711973,0.003858452991,-0.01932707393,0.0071402274,0.009494671297
-1.168148196,0.008544575319,0.01944166209,-0.00388711181,-0.01283702164,0.002656807926,-0.02169674561,0.01108276716,0.01090213204
-1.171711657,0.005113714048,0.01342908721,-0.001779108561,-0.01406980106,0.003615153972,-0.02080785822,0.01192461419,0.008760430339
-1.06256865,0.007523586019,0.01229446045,-0.004749344764,-0.01295313567,0.002483618979,-0.01972938745,0.009917063855,0.008969962154
4.378266436,0.005216319042,0.01495059763,-0.003291272598,-0.0116598365,0.002029615439,-0.02500174567,0.01303955896,0.01047768269
5.297940456,-0.00101211473,0.01238009022,-0.004971289542,-0.01387307874,0.003704939715,-0.01878259755,0.01756978648,0.007934955583
5.015497244,0.001880974393,0.008630679302,-0.005708452103,-0.02104644802,0.00492426838,-0.01865318626,-0.004946121319,0.007066757157
5.121260637,-0.001355501398,0.01124938795,-0.005447632427,-0.01443765062,-0.007158012124,-0.03490877594,0.01641974759,0.009629097149
5.070842313,-0.0009843111172,0.002473732299,-0.008423568484,-0.0156532766,0.003280181904,-0.01126713554,0.01885120865,0.006783637825
5.146297155,-0.001788512773,0.006107086145,-0.002352566645,-0.02041843289,0.002591394997,-0.02224552765,-0.007252069659,0.00601793233
5.125382528,-0.002986645574,0.009194361746,-0.008979513926,-0.01429574116,0.000654292707,-0.0333424669,0.01608340149,0.01093072864
5.106949358,-0.002167675636,0.005086299084,-0.007941540802,-0.01193051962,-0.002834529181,-0.0110486615,0.01213390354,0.008627064045
5.088070795,-0.004728664607,0.01129459739,-0.003894746991,-0.01586101782,0.001043802033,-0.01995192589,0.01421672972,0.00708487275
5.07248075,-0.00148737037,0.007453285291,-0.003983326054,-0.02266141823,0.002730804699,-0.03071422569,-0.001151504344,0.01000411329
5.110038203,-0.001883786842,0.003063925899,-0.009660487131,-0.01281254405,-0.002058980534,-0.01988213611,0.001417781003,0.006961599015
5.054967504,-0.003436741442,0.005897433235,-0.002484932816,-0.007053164764,-0.003317687888,-0.02083070746,0.0313493871,0.010390638
5.113347087,-0.0108534889,-0.008002863605,-0.007953265095,-0.02951402284,0.002228068021,-0.0213176594,-0.009070682242,0.005249078607
4.957800601,-0.01292624189,0.0004722080168,-0.01199756037,-0.01026192454,-0.001448850008,-0.02491451238,0.02637980915,0.00605762167
5.230752523,-0.01186744787,-0.002505975388,-0.009075878067,-0.01696506703,0.0001661799344,-0.02630104224,-0.005547124436,0.01001951124
4.817976191,-0.01264825553,-0.0005113344927,-0.008363612865,-0.01552207434,-0.003466297996,-0.01963342204,0.009300491058,0.0061512885
5.614571138,-0.005803494547,-0.001251075674,-0.003169166736,-0.0163557516,-0.0009292798593,-0.01883830637,0.02056309059,0.008574252226
2.364124497,-0.006065759115,-0.002656766949,-0.01086989902,-0.01902162049,0.001639789645,-0.02568256922,-0.004874294365,0.006966529571
-1.740410546,-0.007778316007,0.002241231179,-0.01021536947,-0.006445747524,0.0008306342612,-0.02566628415,0.02063125076,0.0103821952
-0.9672708084,-0.004378249044,0.005085309582,-0.00267692938,-0.01658546892,0.0007223203512,-0.02057467148,0.001688125136,0.009775747952
-1.365569064,-0.004690310801,0.00841689627,-0.008989232241,-0.01659586865,0.003415582879,-0.01794626253,0.02747463496,0.00732679812
-1.084332495,-0.002049807217,0.004488997113,-0.007747302083,-0.01599034039,0.001747357266,-0.02097498249,-1.862328227e-05,0.008444556198
-1.287408732,-0.0006282946476,0.007690881148,-0.007389778933,-0.01398130123,0.001671455015,-0.02676428395,0.00303136859,0.008505075048
-1.179186569,-9.075888856e-05,0.00983388914,-0.005965793456,-0.00941386944,0.00206311535,-0.02119472789,0.01632981822,0.01122813723
-1.185904423,7.467623978e-05,0.003797909211,-0.004223947562,-0.01633131338,0.0009644667512,-0.01962326187,0.005370278706,0.008494437693
-1.235677249,0.001916472774,0.00518595542,-0.006440512595,-0.01677106689,0.002680746934,-0.02192317281,0.02233988643,0.00897075124
-1.211825788,-0.00264599985,0.01155260163,-0.005293142724,-0.01005868469,0.002273005494,-0.02292500314,0.003422599365,0.01057813556
-1.207753362,-0.001577239243,0.0130416805,-0.006577582841,-0.01168687135,0.004294172301,-0.02067518677,0.01439260233,0.008371279892
-1.19775557,0.0007545499953,0.004842304161,-0.003305044716,-0.01890768352,0.0003241987702,-0.02041270272,0.01461830293,0.00882683383
-1.182631814,0.00456235391,0.008896520887,-0.004605687749,-0.01328693297,0.001584727714,-0.0222942076,0.004157353914,0.009518210336
-1.181636864,0.008915216788,0.01964021909,-0.004817750317,-0.008957666845,0.004455326292,-0.02647757909,0.01571268641,0.01090968564
-1.191163371,0.0090607386,0.01736148422,-0.003409167517,-0.01569783864,0.006466933919,-0.01243099217,0.006756497401,0.009317289906
-1.20754812,0.009127893034,0.0173955185,0.0005442983983,-0.009550798344,0.001869877893,-0.02170889156,0.01324292994,0.01106629833
-1.219752499,0.008355930108,0.01779431566,-0.007125808207,-0.01285883664,0.0006513760599,-0.03037452623,0.02046500684,0.01152072153
-1.205552533,0.002332391541,0.0110562258,-0.005636389574,-0.01483502436,0.007618433731,-0.007526244509,0.00905461481,0.005593658598
-1.183519043,0.005495622721,0.01775684121,0.0008636659695,-0.01406127991,0.001500308095,-0.02551679277,0.003052520633,0.009946890617
-1.231290343,0.007726193145,0.01128754099,-0.008155266853,-0.01506192455,0.0002114897049,-0.02716237052,0.01235247152,0.01055395014
-1.239749299,0.0003265276305,0.006621464973,-0.005304786832,-0.01162299368,-0.0002923242704,-0.01200092612,0.01199022914,0.00477354265
-1.205167053,-0.00158828416,0.01094047749,-0.001620779938,-0.0159848685,0.0007878304828,-0.02657695534,0.005407821069,0.008692872878
-1.223091337,0.0007341725419,0.009783331969,-0.007618874803,-0.0211415124,0.002508319531,-0.02711730388,0.01146939725,0.008004174863
-1.160844088,-0.003610819372,0.007316430213,-0.009303747724,-0.01091571124,-0.0003943307427,-0.01728890211,0.00630400944,0.005906094806
-1.237239564,-0.004078082442,0.005092890025,-0.003505174917,-0.01412537016,-0.001593067892,-0.02315480022,0.01770155936,0.00874222784
-1.19955142,0.0003878550466,0.003888403649,-0.006006655193,-0.02314811601,0.002477194946,-0.02477618455,0.006285142747,0.007906309889
-1.196756045,-0.001623953512,0.01064153512,-0.006709494771,-0.01025564931,0.00194158322,-0.02185021526,0.005015491003,0.008319166563
-1.209585766,-0.002337001704,0.005034384177,-0.008876777845,-0.01530446756,-0.000637261331,-0.02095978135,0.01365870091,0.008681388796
-1.165472765,-0.002405403727,0.003106324853,-0.006389103739,-0.01775624174,0.0006261246897,-0.02078678783,0.00856338905,0.009504748271
-1.172471078,-0.002581740206,0.01114755836,-0.003484203694,-0.01218306662,0.002258831284,-0.0238476655,0.01131578218,0.008231713419
-1.217555234,-0.007640761046,0.003050340536,-0.01000288882,-0.01865872461,0.000238888414,-0.02505096045,0.008210786971,0.007647607904
-1.237554524,-0.01209016587,-0.005632584915,-0.007706565407,-0.01758217766,-0.001757211909,-0.02256518019,0.01079188119,0.005280855072
-1.184781437,-0.009690835931,-0.0006960530345,-0.006333365947,-0.01408930719,-0.0002141315725,-0.02370351306,0.009852992654,0.007546333162
-1.203230091,-0.01252505981,-0.005085141512,-0.01147702151,-0.02245926459,-0.002061001107,-0.02357519858,0.005742027088,0.008303590051
-1.198387593,-0.009860766532,-0.0003502215361,-0.008490018694,-0.009614090859,-0.002811251308,-0.02000067021,0.004682759361,0.007462567471
-1.186127662,-0.005825357887,0.004255454207,-0.006221191958,-0.01764732555,0.002187590296,-0.02905835878,0.02006809513,0.008958304108
-1.153685376,-0.0101578339,-0.003107420653,-0.005987533029,-0.02144309506,0.0005426252738,-0.02301113946,0.003446846485,0.00773609148
-1.189224011,-0.005370512738,0.004916925291,-0.00704425752,-0.007015128677,-0.0006863623881,-0.01498964587,0.0114837288,0.007626693557
-1.187191483,-0.001485662985,0.005060805168,-0.0109479403,-0.01814582375,0.0006433886839,-0.02924841256,0.0172760398,0.01082519676
-1.217501237,-0.0003597717704,0.002848160582,-0.003237797309,-0.01779239393,0.003280987253,-0.02045104968,0.002162283283,0.008374699265
-1.170575463,-0.001841637629,0.009852161826,-0.004053871409,-0.01160304504,0.003281722764,-0.01950968671,0.01233976091,0.007543904202
-1.191275907,-0.0004110955198,0.0069307374,-0.01151934561,-0.01625633794,0.0001227871669,-0.02609480438,0.008638463441,0.01111079773
-1.218756562,0.001873336552,0.008217143855,-0.002063970655,-0.01008360946,0.001371547298,-0.02376655392,0.01562454182,0.009577955378
-1.197087275,-0.001282546856,0.008030404974,-0.008177213657,-0.01804271632,0.005432280313,-0.0137428779,0.009799858824,0.007819045352
-1.232814232,-0.0006970940963,0.007367217877,-0.005942533027,-0.01535945105,0.001989283509,-0.02837771761,0.0007207931402,0.009799509698
-1.182271655,-0.0001359822998,0.01108770526,-0.005135030723,-0.006652387823,-0.001296541891,-0.02749034041,0.03035458303,0.0116777853
-1.165966556,0.00134273679,0.004881136162,-0.007193440765,-0.02237038875,0.00595692538,-0.007041818928,-0.004230768891,0.006283606544
-1.192693016,-0.003291995837,0.01175824369,-0.005461563999,-0.01301032263,0.001636936539,-0.03050191874,0.01416480149,0.01021176146
-1.146747727,0.007481224926,0.01393297176,-0.007328009976,-0.007497939651,0.003839439771,-0.02195685052,0.01267857291,0.0107475161
-1.18092199,0.01153956565,0.01848880545,0.0002450528915,-0.009916095779,0.0037006598,-0.01186637314,0.01055151746,0.007645741309
-1.217652334,0.006264686126,0.01943036973,-0.0002794531949,-0.01655549072,0.005692523664,-0.02685416059,0.01874831711,0.01132942036
-1.196159312,0.01105674697,0.01823328652,-0.007251095185,-0.01870535398,0.003462519064,-0.02076674528,0.00346725613,0.008095465552
-1.186570766,0.004933116561,0.01325286043,-0.002940664779,-0.005931005343,0.001529675582,-0.01851567692,0.01675210016,0.009192320535
-1.175843041,0.003084115822,0.01313761722,-0.0006823774397,-0.01789264532,0.00186243083,-0.02527961848,0.007739550044,0.01206219783
-1.20286637,0.007367330953,0.01331448773,-0.007167655438,-0.01693034787,0.005603019935,-0.01992874072,0.01215090823,0.00655923745
-1.168041764,0.002958787001,0.0111211537,-0.005513101739,-0.009685563727,3.262281827e-05,-0.020475343,0.008851901313,0.008627324349
-1.214908415,-0.0007106640156,0.008093896524,-0.008586782369,-0.01780011934,0.000552653392,-0.02313632117,0.01088363826,0.008070194847
-1.208089426,-0.001216673502,0.009986556756,-0.003780822929,-0.01510451287,0.003551098804,-0.02114346503,0.01147975665,0.007118083661
-1.222505491,-5.612726006e-05,0.009317435077,-0.004180446584,-0.01535497524,-0.0007379637189,-0.02163427032,0.006826661991,0.005558965292
-1.222351538,-0.003416084641,0.003041647118,-0.01058366398,-0.01652447833,0.0004471116306,-0.02484338668,0.01493622011,0.007900975557
-1.20774293,-0.003024981407,0.008344965112,-0.002928753955,-0.01771002544,0.002528595411,-0.02103707591,0.004264190301,0.007493310463
-1.195590929,-0.001497287336,0.009033430745,-0.005477123505,-0.01577945652,0.002120353166,-0.0231269394,0.01008207937,0.006110146834
-1.177480443,-0.001429608746,0.004273577464,-0.009434720872,-0.0162487981,-0.001184912968,-0.02347448218,0.01192368122,0.008377012643
-1.158881562,-0.002534673291,0.007084008338,-0.004787074957,-0.01212574153,-0.0002133716265,-0.02081142463,0.009693859265,0.008495420267
-1.170633965,-0.0037247914,0.008252629657,-0.00589402966,-0.01835504496,0.002215840969,-0.0212814827,0.01142938836,0.008470356622
-1.172485643,-0.002486829364,0.004790227858,-0.007528798471,-0.01729720152,0.0009692691884,-0.02496866124,0.008051381373,0.008549993406
-1.189283815,-0.01026003857,-0.002620686979,-0.007863318869,-0.01368819818,-0.002542977151,-0.02262407934,0.01266638965,0.007740141475
-1.169579785,-0.01407729624,-0.004481435339,-0.01112538007,-0.01923036881,-0.001221103379,-0.02404742056,0.003989827685,0.007446478675
-1.199464609,-0.01194702152,-0.003748172481,-0.008475785898,-0.01861683618,-0.001244235697,-0.02386583842,0.01328593108,0.007551107627
-1.159379,-0.009845065782,-0.004755752511,-0.008327646986,-0.01646607449,-0.0009017358729,-0.02170166333,0.008618861476,0.007489768521
-1.216017576,-0.00702550518,0.001357673348,-0.008710820196,-0.01554559028,0.001644090729,-0.02129107202,0.01088253845,0.007799838204
-1.132624318,-0.008796460109,0.001493421002,-0.006365607353,-0.01565167317,-0.001286537291,-0.02441377189,0.00966247929,0.008595013454
-1.308231763,-0.008984885799,0.0009211694794,-0.008562456393,-0.01438175701,0.0003026304665,-0.01856653711,0.01592313031,0.009148205897
-0.6535832613,-0.004200899037,0.002231011258,-0.007872122398,-0.01837421899,0.004419022281,-0.02065720112,-0.0009046238753,0.008512583684
4.788955413,-0.003082784526,0.008888814533,-0.00495602654,-0.01141728788,-0.005531628309,-0.03364279676,0.01540506304,0.01036397259
5.110221241,-4.676899244e-05,0.002822823778,-0.007865907509,-0.01452394086,0.004929779526,-0.01150437324,0.01740077045,0.006221584701
5.047157471,-0.001378077381,0.008826666621,-0.002942576705,-0.01641278407,0.002733183925,-0.02117897811,-0.0002201452267,0.008062371059
5.102342535,-0.0003898255854,0.01017715443,-0.007478279257,-0.01218557268,0.001589986093,-0.0314433094,0.01598993395,0.01137827112
5.141464659,0.0003169060646,0.005438464185,-0.006929395705,-0.01141858397,0.00229583152,-0.01352277741,0.009962066878,0.008102103355
5.07930559,-0.002167951069,0.0105715016,-0.003232917931,-0.01391502732,0.001829159567,-0.02102687556,0.01244287866,0.008817700862
5.09175333,0.0007783353521,0.006675572692,-0.006034006777,-0.01971746541,0.001908459138,-0.02663729024,0.007773026865,0.01034828729
5.086776135,0.0004704704313,0.004682328353,-0.009898082205,-0.009724483415,-0.0003694961969,-0.01872741483,0.00750496293,0.009242681925
5.119950908,-0.001331759506,0.01041283611,-0.002361520728,-0.007365926337,0.00227582917,-0.02245853527,0.01703833743,0.01063982704
5.082770747,0.001624473814,0.008045886433,-0.006975659144,-0.02185404845,0.005486908605,-0.01934830238,0.0092321296,0.007211540008
5.077748116,0.01037218905,0.01982115945,-0.004360163522,-0.007560958964,0.003541531873,-0.02133769073,0.009650474711,0.01114824408
5.041037716,0.009486326241,0.01958877195,-0.003676262986,-0.009479533383,0.002001153558,-0.02179403195,0.01625865475,0.01292001402
5.197000619,0.007251298428,0.01502879306,-0.004743864698,-0.01441119977,0.004009906144,-0.01994940939,0.00739576164,0.008688893984
5.017493545,0.01053272851,0.01793109477,0.0004385272817,-0.01369639956,0.004336717297,-0.01974419212,0.0153269596,0.008544676762
5.268240268,0.006533426841,0.0113188706,-0.00747774112,-0.01269153574,0.0001183730099,-0.02386560894,0.003353912832,0.0100848931
4.808267695,0.005246702459,0.01593778062,-0.005170857667,-0.01394098123,0.002215085454,-0.01613007365,0.02939646028,0.009571260026
5.615832952,0.003698641773,0.0125634831,0.001315643797,-0.01992772943,0.01164145922,-0.02482938816,-0.0173280014,0.007954313824
1.521579633,0.0004850683814,0.0143177887,-0.00905150985,-0.007934312209,-0.009730489039,-0.02637166882,0.01734668134,0.009288241978
-1.740889814,0.001787883419,-2.2646912e-05,-0.00735918569,-0.01386326834,0.00161037276,-0.009327568309,0.02977343362,0.008807652514
-0.8944094783,0.0002227470682,0.01105152632,-0.003522404234,-0.02447738452,0.006337209258,-0.02228585467,-0.008196226269,0.006176116111
-1.312776669,-0.003626683763,0.01136711992,-0.01249419462,-0.01598820206,0.002250341039,-0.0376046312,0.01037838078,0.008404123746
-1.075841511,-0.002758958905,0.002861503084,-0.005555511275,-0.002678903783,-0.005004254306,-0.01233885256,0.00916230059,0.007609399615
-1.260534509,-0.00438374633,0.007579843525,-0.0005332682814,-0.02650195768,0.001512827378,-0.01638969962,0.02607460542,0.007629858031
-1.157591799,-0.0006361797217,0.003166229461,-0.005827271461,-0.02427880644,0.006974209821,-0.03044725667,-0.01265466473,0.008945643283
-1.225991252,-0.001771249872,0.008753965052,-0.01144210851,0.0002724782622,-0.002030819709,-0.02543523492,0.007259542473,0.006926702794
-1.170964795,-0.004777189593,0.006270472941,-0.004761755014,-0.01218209798,-0.003385786382,-0.0163432029,0.02364270273,0.01158647081
-1.210413265,-0.0007049412656,0.004312166548,-0.002785627848,-0.02301265132,0.003778887877,-0.01977425114,0.005837683675,0.006081825295
-1.223124244,-0.003446081266,0.006277960093,-0.01075597528,-0.01740267317,0.002344427747,-0.0310057624,0.02023116673,0.007883015327
-1.211468008,-0.01364734674,-0.004292472421,-0.0128864136,-0.01646250622,-0.002127133386,-0.0127502984,-0.007937152777,0.008383601831
-1.178045302,-0.01389325529,-0.001017731757,-0.001784754352,-0.01320686149,-0.007286874895,-0.03448946124,0.01519181559,0.009351074757
-1.233351924,-0.009217666208,-0.006010728088,-0.009425491698,-0.02309439059,0.003523444443,-0.02033814008,0.01445314878,0.006856319108
-1.168942049,-0.008067624123,-0.006772009377,-0.009710258678,-0.01292031659,0.002701053872,-0.01469660385,-0.004958467549,0.004734681105
-1.170705455,-0.009057293141,0.003716015059,-0.006857093667,-0.0111236228,-0.002470594297,-0.03500542884,0.01950590635,0.01389235021
-1.22103987,-0.008597937301,0.001581094033,-0.007699609599,-0.01433303387,0.002265187876,-0.02086620339,0.007263599702,0.006365412543
-1.21058497,-0.007702814777,0.004685958058,-0.006990855528,-0.01297977201,0.005059488465,-0.009302558274,0.01455442716,0.003350135019
-1.21298967,-0.002840174726,0.001911002963,-0.003796954987,-0.02024398664,-0.003668429421,-0.03223846853,0.01025519285,0.01316061368
-1.172914128,-0.001301544909,0.004833757401,-0.01126769435,-0.01531028158,0.00134351058,-0.02451276223,0.003795406927,0.009965412553
-1.2147802,-0.005929713763,0.009861732261,-0.00433317068,-0.007666496494,0.005402153137,-0.01578644973,0.00718514355,0.007506378186
-1.209902085,0.0008904981174,0.003042202791,-0.004400365337,-0.02156697469,-0.0002929558086,-0.02605436404,0.01627116056,0.00981538407
-1.191112101,0.005691172278,0.001831904965,-0.009234289306,-0.01324617076,0.002281341527,-0.02368829062,0.01257072866,0.01047633653
-1.171108776,-0.003265529986,0.01292747844,-0.006596591585,-0.007325197313,0.002598091083,-0.01658709497,0.006854620653,0.009231017326
-1.225229952,-0.003841500581,0.00920821885,-0.004901803047,-0.01454558921,0.003960364269,-0.0239532276,0.01313923326,0.007668182537
-1.195686469,0.002064710563,0.005394105344,-0.00536800521,-0.01993146759,0.001391773572,-0.01924983488,0.01287985434,0.008540998236
-1.189119692,0.002772061706,0.008175363464,-0.005128275904,-0.007967304843,0.002545271292,-0.02272124352,0.004509536553,0.01002311404
-1.277732017,-0.001877524621,0.007672415467,-0.008933359784,-0.01672819329,0.001633961121,-0.02504604864,0.01062320985,0.01113920837
-1.180123848,0.007759595627,0.01401492566,0.0001298626358,-0.01319954073,0.003586297348,-0.01909353024,0.00978374046,0.008356021395
-1.182161194,0.01294487511,0.0218739888,-0.001039207788,-0.01167589883,0.006613000087,-0.01679520054,0.01757710142,0.008659464691
-1.226478699,0.006702330992,0.01327514118,-0.006239525383,-0.01624799709,0.002727002304,-0.0229405462,0.01359075787,0.0108355968
-1.211556142,0.008863694681,0.02311377734,-8.58421456e-05,-0.008877335629,0.002706404703,-0.01956982789,0.009233137244,0.01032828078
-1.216715437,0.006200397896,0.01734487545,-0.002173893675,-0.01640125917,0.004586875946,-0.02028460972,0.007934955642,0.007932602641
-1.18528995,0.003506138385,0.009097353427,-0.006007153491,-0.0160252681,0.001533392352,-0.02246350613,0.01307844062,0.007927722996
-1.205873742,0.00939248879,0.01213694749,-0.001438619758,-0.009804497227,0.002405153868,-0.02264363481,0.01556990106,0.0110470498
-1.214074596,0.002475096948,0.01048764149,-0.006981585189,-0.01542904825,-0.0003740848954,-0.0202960022,0.0009641173941,0.009289996346
-1.17473047,-0.001401007834,0.01173249575,-0.00737275409,-0.01504453876,0.003877627608,-0.02336889304,0.01130217064,0.006500538931
-1.186046145,0.0005435983264,0.008577853022,-0.001573326415,-0.01917854283,0.003619436234,-0.02532081726,0.0226782326,0.008703446477
-1.198591978,0.001422086958,0.005456158222,-0.004979766331,-0.02040808352,-0.001666354512,-0.01700914978,-0.0008186841507,0.007713896036
-1.188222612,-0.003881548706,0.00881999633,-0.008902742249,-0.007885635033,-0.001597388789,-0.02506905177,0.01533668058,0.00868007216
-1.211351282,-0.0009475106675,0.005436498006,-0.009310765599,-0.01868002978,0.001300832356,-0.02165398749,0.01036731445,0.007640706099
-1.218892643,0.00135938772,0.004597210542,-0.0001137747254,-0.01933317232,0.001272888959,-0.02208786061,-0.003054413254,0.006614468693
-1.186105109,-0.003434855703,0.009395562434,-0.006518760578,-0.01291360444,-0.001739778187,-0.02850382122,0.02872889946,0.01036975127
-1.1970295,-0.002267824281,0.005035183391,-0.0108584105,-0.01641639208,0.001842245186,-0.0134220623,-0.001890973412,0.00852856582
-1.264077153,-0.003327975404,0.01092533361,-0.002405793315,-0.01562201927,0.001769746533,-0.02660519016,0.01480738228,0.008511024792
-1.224262373,-0.002080951489,0.003993606192,-0.006762075883,-0.01822080583,0.001581710585,-0.02596150866,0.009333520708,0.008158772876
-1.178469916,-0.01172379262,-0.002581242735,-0.00870269304,-0.01364587441,-0.003589921871,-0.01489171957,0.007732697081,0.004926303719
-1.187230823,-0.01159390574,-0.004572849427,-0.00618818605,-0.01513353854,-0.0009508821357,-0.02900827874,0.01161315278,0.009579079859
-1.201232812,-0.008100153688,-0.001386342897,-0.01152224522,-0.02725356995,-0.0004272476854,-0.02497237375,0.001204285866,0.007800841728
-1.204746128,-0.01369105518,-0.005394511577,-0.006730416972,-0.009852163711,-0.0002825179631,-0.01964968186,0.01350779753,0.007333448639
-1.217835956,-0.008150098281,0.002535241023,-0.005960725771,-0.01316586699,-0.002098400121,-0.0209624364,0.01014327391,0.01002775071
-1.173243822,-0.006513507063,-0.003246069772,-0.009328492271,-0.01940535311,0.0009124396863,-0.02378787473,0.01131001759,0.008287657372
-1.196400367,-0.008152109736,0.003433852038,-0.007376725817,-0.01463283346,0.001642392166,-0.02235365399,0.009751158187,0.008675021006
-1.196408678,-0.003712647252,0.005302303304,-0.009607609505,-0.01426975274,-0.0003686716073,-0.02226273669,0.009199525698,0.008471956534
-1.170413213,-0.002703312675,0.0008462554345,-0.005694035479,-0.01458767531,0.0003409098508,-0.02226338622,0.01135880916,0.008863815348
-1.137937186,0.0001990481299,0.004535868709,-0.003518876171,-0.01435779082,0.0008999682982,-0.02043459096,0.007637140469,0.008784230149
-1.202507435,0.0002171036092,0.00689944129,-0.01008257477,-0.0161102841,0.001409664162,-0.02465897313,0.0121267804,0.009808865542
-1.181236905,-0.0009787778694,0.01013811596,-0.004884694044,-0.01321477416,0.003056144707,-0.02239501965,0.01164775007,0.01011676562
-1.155973567,-0.0007928638313,0.008834768127,-0.005123737362,-0.01472471371,0.002565851899,-0.01828625947,0.01067718429,0.007818236956
-1.19282174,-0.0006685047073,0.005755327909,-0.006775404472,-0.01493764626,0.002496314173,-0.02277930516,0.01248344444,0.01018524129
-1.191740573,0.000503781793,0.008279646042,-0.006325573714,-0.008707230483,0.000267289522,-0.02175269065,0.01045085045,0.01038081382
-1.208043301,-0.0006656411481,0.0080703271,-0.007698157939,-0.01638768447,0.001736013581,-0.01898008812,0.006771935496,0.008383414321
-1.180834036,-0.001866866198,0.007107698299,-0.004074253253,-0.01598941242,0.003746676125,-0.02317023079,0.01107225757,0.009620775509
-1.134039491,0.002411833326,0.009943960499,-0.003576920465,-0.01076123637,0.002754094094,-0.0208222876,0.01412390223,0.01055855049
-1.213632331,0.009625105798,0.01784973771,-0.004066024917,-0.01220106298,0.003464812245,-0.0213232367,0.009375698062,0.01188868458
-1.176244293,0.008683734801,0.01843721723,-0.003120589022,-0.01247698658,0.004135908177,-0.02191424088,0.01363953469,0.01044670496
-1.218373039,0.009667984221,0.01775031937,-0.004878133302,-0.01247943981,0.004966978928,-0.01765742809,0.009922045776,0.009290279731
-1.163366155,0.01033858008,0.01659586675,-0.003108990574,-0.01252437805,0.003352235862,-0.02103199966,0.01433859426,0.01025431194
-1.308150583,0.005616147159,0.01080950712,-0.003088978475,-0.0126780686,0.0001158885295,-0.02477753862,0.006266258124,0.01049686188
-1.070222073,0.005764148125,0.0149962284,-0.00549806385,-0.01311972731,0.001661051798,-0.02031503998,0.01765551607,0.008454210302
-1.334902413,0.005012570586,0.01197128674,-0.004162934253,-0.01825725488,0.008157293476,-0.01439363239,0.003402445565,0.008762183351
-0.8923718955,0.0005928435871,0.01211676831,-0.002784917974,-0.01233658981,-0.004167010298,-0.03315331918,0.01077553841,0.00866562563
-1.711191293,0.0009814369382,0.008045074647,-0.009944637343,-0.01595131886,0.001152088328,-0.01786428577,0.01969196668,0.008650419101
1.602871942,-0.001108724272,0.006696701703,-0.003491508742,-0.01869934317,0.003276849704,-0.0143789165,-0.000376368856,0.00507132722
5.623537944,-0.002300405859,0.009334661795,-0.006178454673,-0.01544679211,-0.0009486866146,-0.03385690228,0.01216370531,0.0100651447
4.818313646,0.0002217730858,0.001003630432,-0.008646559895,-0.01580718382,6.237219052e-05,-0.01745994627,0.008312875928,0.008240504826
5.261736595,-0.004736183057,0.0102151734,-0.003314474555,-0.01251094499,0.0009317506301,-0.01715630341,0.01203932492,0.007109604054
5.009756613,-0.001811099744,0.008635520065,-0.004299158651,-0.02117529501,0.002258290578,-0.02968910539,0.008835109962,0.008734929347
5.188326348,-0.0008120606956,0.002534410079,-0.008560078619,-0.0183293888,-0.0005737439868,-0.01933382593,0.005661926227,0.006516580164
5.05344071,-0.004683458493,0.008505683326,-0.00526572347,-0.00673483824,-0.0007875044591,-0.02197288047,0.0155692984,0.009886083022
5.119315484,-0.002742185935,0.006586132682,-0.005154397192,-0.02340736055,0.001550269828,-0.02382442705,0.01140660684,0.007898059491
5.021182791,-0.00209758916,0.001574422998,-0.007437331962,-0.01813501995,0.001368481555,-0.02076908903,0.006215257269,0.006663270025
5.10168742,-0.0143729606,-0.002563563138,-0.009269006762,-0.01419222263,-0.003747507475,-0.02466242882,0.009428954197,0.008507148332
5.102454184,-0.01288689394,-0.006072889691,-0.01077043523,-0.01837916619,-0.002194114056,-0.02260556242,0.00919587136,0.007974233126
5.08120247,-0.009987536844,-0.002901755474,-0.005811279102,-0.01747344006,-0.000781215027,-0.02343912841,0.009291138518,0.007428417359
5.117078585,-0.009071809209,-0.001109750108,-0.008904760275,-0.01573630711,-0.001064308275,-0.02509733376,0.00874774595,0.007334102127
5.122192098,-0.007045089449,0.001014073565,-0.01088961333,-0.01479943959,0.001160082833,-0.02018807459,0.00978588481,0.00869086987
5.082509811,-0.009406073508,-0.0001500698025,-0.005214843651,-0.01560298505,-0.000181825017,-0.02253419116,0.01042787111,0.008877605509
5.086283268,-0.00579617936,-0.0002370470133,-0.007459392301,-0.01581743503,0.002156522508,-0.0218873929,0.01178326588,0.008654921601
5.187414676,-0.002355376803,0.005485860328,-0.009899042405,-0.01339356558,-0.000956013779,-0.02358625054,0.008069281697,0.009297125673
4.751904301,-0.002255957142,0.007954988614,-0.005085471053,-0.01204555959,0.001425157579,-0.01917236662,0.01874175433,0.009865269079
-0.7639270647,-0.001317734399,0.003704089368,-0.007449191351,-0.02261093543,0.006318378159,-0.02079714198,-0.008002854487,0.008931607299
-1.287340831,-0.001228297929,0.008611970861,-0.007874767531,-0.006040302597,-0.008518480552,-0.03415378998,0.01547791145,0.01176992833
-1.198829842,0.001250699248,0.002132872523,-0.007388494886,-0.01481954517,0.006756329681,-0.01028276938,0.02656197384,0.00833401151
-1.174756812,-0.001786960667,0.007905591507,-0.002069612228,-0.02011314731,0.005508343046,-0.01760574101,-0.005755710529,0.006995797444
-1.211996537,-0.0002637986544,0.01147348466,-0.008316411742,-0.009566769297,0.0008519243376,-0.03693122127,0.01325814162,0.01334964453
-1.204029824,0.001249806666,0.005678660301,-0.009099721676,-0.00887923391,0.0005346852767,-0.01147246949,0.01748627671,0.007844819272
-1.183888922,-0.001493574661,0.007132629158,0.0001066095856,-0.02054359561,0.003260182734,-0.01411562103,0.009354395378,0.007208522205
-1.198027244,0.001092591741,0.009939131879,-0.004063428857,-0.0171461351,0.002877646321,-0.03792298689,0.005530139935,0.01093400371
-1.221819799,0.007217451516,0.01081195007,-0.01567446791,-0.009421939823,0.003498136812,-0.008462144261,0.01036581833,0.008858245177
-1.230579048,0.008584275791,0.02021295882,0.006305548644,-0.00665844837,-0.0001986195752,-0.0252856746,0.01220359198,0.01485013005
-1.15299526,0.009545364589,0.01834530874,-0.003362132405,-0.0221639528,0.005735205209,-0.02609527387,0.02290012244,0.009427517122
-1.232760663,0.01223442494,0.01691425346,-0.007742133668,-0.01124026116,0.008914800725,-0.005092684998,0.006005229302,0.006053729684
-1.204169368,0.005000971681,0.01750587052,-0.0007237227863,-0.01036892133,-0.002567551754,-0.03325656578,0.007326054944,0.01422989104
-1.216125467,0.004715389362,0.01097825564,-0.007180725331,-0.01798682561,0.003955425992,-0.02311609319,0.01845891714,0.009987653118
-1.196128765,0.006592073324,0.01352469815,-0.001627887165,-0.01146182784,0.005410926573,-0.008120634284,0.004629287218,0.005621256701
-1.195906977,0.002219084428,0.01195642783,-0.002922242399,-0.01386919304,-0.0002857887058,-0.03347448389,0.01380863878,0.01203850014
-1.231732306,0.003190050209,0.004972609473,-0.01086037625,-0.02204228756,0.0004084618274,-0.02303552937,0.009546588113,0.009881634988
-1.225588049,-0.00499168072,0.01325387608,-0.003354606942,-0.007977704227,0.002267408301,-0.01759222814,0.004251578485,0.005668001976
-1.209611673,-0.003042787739,0.01057069036,-0.005028818175,-0.01784406475,-0.0005219576462,-0.02435053265,0.02186820241,0.00899504117
-1.20850309,0.0002545284053,-0.001400498861,-0.01158893358,-0.02078005466,-0.001223000793,-0.02356191753,0.001679398454,0.009121908963
-1.246423004,-0.002831654453,0.01183189051,-0.003069624373,-0.007586447519,0.0008540037925,-0.02311285592,0.01051444021,0.009997772447
-1.24999279,-0.003398591829,0.007312980934,-0.007718375068,-0.01872750901,0.00177298539,-0.02326932017,0.006460727914,0.007375172656
-1.203942281,-0.001207691733,0.001180963338,-0.007146285667,-0.01968679038,9.755874606e-05,-0.02143040185,0.0100302831,0.008279687612
-1.184757971,-0.000520037927,0.009189543568,-0.002276870285,-0.01050247686,0.0001186196373,-0.02267464596,0.01509365915,0.009487600586
-1.167636637,-0.004214815115,0.006269508964,-0.01135328277,-0.01738404213,0.001406652419,-0.02250437336,0.004119167626,0.008642192297
-1.199860695,-0.001545728422,0.009023527557,-0.004930343186,-0.01401926807,0.001856004608,-0.0211561624,0.01411892605,0.006637707865
-1.198297039,-0.007566665287,0.0005106353229,-0.005806659677,-0.01496676492,-0.001064889879,-0.02122021053,0.008515562242,0.006991110898
-1.18355201,-0.01438711994,-0.008772157035,-0.01281785729,-0.02113665574,-0.001159606262,-0.02430209028,0.009849682055,0.007078342904
-1.197377776,-0.01062041656,-0.001930964456,-0.007370971441,-0.01221049196,-0.001214027882,-0.02554175868,0.005163189066,0.008944494671
-1.229806041,-0.01160800547,-0.002327794915,-0.008573247145,-0.01956591447,-0.001012885344,-0.0207307817,0.005511737584,0.007462119157
-1.2490305,-0.009097082897,-0.001750882474,-0.009052170158,-0.01673452555,0.0005212296211,-0.02293675136,0.01596198821,0.00852309492
-1.176740545,-0.007361755732,0.0009024744231,-0.004257482562,-0.013934425,-0.0005957278801,-0.02076273163,0.01095345273,0.01018935689
-1.1856923,-0.007033981861,0.00207245716,-0.00942606991,-0.01733990899,0.001569962411,-0.02492816648,0.006535876287,0.009255063616
-1.211576242,-0.005404850579,0.003949169186,-0.0080415019,-0.01696476856,0.001145207659,-0.02313045859,0.01129094992,0.009614439444
-1.165378083,-0.003743459013,0.004019732534,-0.004974227987,-0.01341717333,0.001086616239,-0.02009178038,0.01075750862,0.007942038636
-1.170125542,-0.0001477660686,0.003543099887,-0.008737089215,-0.01662006652,0.003226553074,-0.02202155922,0.01185017013,0.008383185694
-1.209731989,-0.001617278164,0.007885822316,-0.005428868885,-0.01170190235,-0.002982191104,-0.02620861071,0.007313958607,0.01026983872
-1.199946288,-0.001468789365,0.01077882621,-0.009701282312,-0.01420026133,0.004275694287,-0.01255575825,0.01315879872,0.007807348528
-1.182214161,0.001042902136,0.006708121342,-0.003502858362,-0.01852125339,0.005044311099,-0.02898651907,0.002751476421,0.009935424889
-1.201005121,0.0003273262259,0.008152327464,-0.003435558879,-0.01361964429,-0.00360232074,-0.02722607424,0.02408521077,0.01083374464
-1.222794242,0.001074604685,0.004314464655,-0.01023943576,-0.01150884951,0.005749595,-0.007050150169,0.003335336947,0.006820424529
-1.193389311,-0.0005273941722,0.01321340016,-0.005218577683,-0.01480069911,0.001307108677,-0.03144432727,0.01062904577,0.01075760405
-1.17286623,0.00233061989,0.006057382443,-0.005589189008,-0.01291266804,0.003820764354,-0.02344050907,0.01329082613,0.009273527977
-1.172007852,-0.0009317193082,0.008489274155,-0.004652892528,-0.01219149009,0.000843199378,-0.01198811474,0.006694749117,0.006666976765
-1.172908677,0.006302773187,0.02097571415,-0.002275183432,-0.01069914319,0.004454902803,-0.02905623961,0.01891316273,0.01260228796
-1.188818104,0.01367741228,0.01544784359,-0.005134428871,-0.01842875277,0.00581635317,-0.01847019077,0.005016892284,0.009657105912
-1.162093955,0.008428764877,0.01809249329,-0.001076675659,-0.008620384758,0.003419838492,-0.01840894902,0.01159705709,0.008531665034
-1.189947965,0.007652445403,0.02017965004,-0.001760270524,-0.01332276878,0.003044305675,-0.02370772801,0.0172428936,0.01104119432
-1.174566102,0.007078336737,0.009856483551,-0.007575169309,-0.01559082071,0.004111326589,-0.01916595985,0.006707700725,0.006425811434
-1.188600448,0.00702626719,0.01752187474,-0.001768763713,-0.01057035784,0.002091353951,-0.02454474473,0.01389073391,0.008985501993
-1.192393201,0.003989109706,0.0146523184,-0.005008033891,-0.0165385395,0.0004452050969,-0.02128381516,0.006938449292,0.009308086446
-1.171444416,-0.0002894490605,0.009843612756,-0.005674013921,-0.01320158952,0.001469698156,-0.01942027003,0.01228565521,0.007044124147
-1.194192741,0.002553693345,0.00912123169,-0.001842006939,-0.01586100425,0.0008554218091,-0.02517652193,0.009475745725,0.007897204092
-1.207978356,-0.0003312469876,0.006736283339,-0.008395021076,-0.01824790713,0.001572019349,-0.0240853232,0.007582221741,0.008058830927
-1.16567491,-0.002314314998,0.009716449931,-0.004152490336,-0.01329973005,0.0006276937072,-0.02104668317,0.01208446863,0.008726924584
-1.170819474,-0.003111136874,0.006345167982,-0.005123924572,-0.01633982268,-0.0001114317166,-0.02194548632,0.009595360999,0.00689632341
-1.16272834,-0.000568641975,0.003887612306,-0.00863575136,-0.01782571808,0.001540657649,-0.02423788062,0.007235301549,0.007529718081
-1.156400543,-0.003057242793,0.01073034964,-0.004701870133,-0.01152933449,-0.001667349574,-0.01962664809,0.0119478931,0.008839999172
-1.198794112,-0.00183701525,0.006110334388,-0.007077551577,-0.01775403415,-0.0005955651915,-0.02074364461,0.008204232576,0.0094177375
-1.162691066,-0.002728271438,0.005872135148,-0.00619057422,-0.01725616245,0.002065658554,-0.02498928357,0.0106413567,0.007896440138
-1.134417316,-0.002783410296,0.007192504787,-0.003963092872,-0.01331517144,0.0007095009241,-0.02179183827,0.009814177757,0.007663912348
-1.162744043,-0.004261765511,0.003815691834,-0.007994867879,-0.01579462468,-0.001647890285,-0.02359501695,0.009269496213,0.009540813601
-1.188099995,-0.01227155921,-0.003253648222,-0.008918815416,-0.016905526,-0.001779558768,-0.02260300972,0.01186680028,0.007289493106
-1.177651075,-0.01256640107,-0.00278272691,-0.007548628541,-0.019955904,-0.0004933987863,-0.02168697144,0.003815525971,0.006605679993
-1.123488573,-0.01191884032,-0.003338149634,-0.008577272908,-0.01738947663,-0.001208849023,-0.02295198093,0.009654074,0.0080544392
-1.189502822,-0.01027221282,-0.003153875786,-0.009360042161,-0.01222538816,-0.004614320592,-0.02584655939,0.009800299413,0.009471125452
-1.198854383,-0.007839683339,0.002677365069,-0.009224924972,-0.01735207447,0.003368328604,-0.01660052241,0.01485917517,0.007054893357
-1.148245528,-0.009613073131,-0.002126899693,-0.005981974982,-0.01944684154,0.001026775684,-0.02390077262,-0.004365618116,0.007691471201
-1.229605415,-0.006948390396,0.005683198278,-0.007166975478,-0.01081099909,-0.007090970198,-0.03177960183,0.02831793054,0.01103308947
-1.090066456,-0.002108630669,-0.001066691273,-0.009392671428,-0.01599622438,0.006840247117,-0.007835319944,0.005075900848,0.007113604246
-1.315674601,-0.003810413336,0.009869202459,-0.004869233684,-0.01570131314,0.0010434727,-0.02626130739,0.002043507978,0.008127755897
-0.949767837,-0.0004015188602,0.00562878527,-0.007696036733,-0.01439019257,-0.0003002010272,-0.02969285448,0.01505654236,0.01258529172
-1.645521641,-0.0003694122318,0.006204954447,-0.007476119104,-0.01162421765,-0.0003935255926,-0.008415660805,0.01072350807,0.006791725899
2.820693839,-0.003217655675,0.009729829809,-0.002795313268,-0.01192963029,0.003765126749,-0.02476509508,0.01433488085,0.008920262754
5.588591325,0.0007581272953,0.006490421196,-0.005526976239,-0.02144662258,0.001773646823,-0.02584853128,0.003540400328,0.01044130407
4.83943729,0.0003253476403,0.006363095687,-0.007510336858,-0.008536573955,2.031974306e-05,-0.01708791465,0.0122228381,0.00941892836
5.229414491,-0.003155096338,0.009872197938,-0.004170914355,-0.01149167109,0.00270316632,-0.02366582161,0.01625786431,0.01023192959
5.000785027,9.184559341e-05,0.00411042965,-0.006717231428,-0.02180308975,0.005102569237,-0.02186899526,0.004916130187,0.006889226331
5.159787043,0.0007137562637,0.008040596761,-0.004908931559,-0.009038308998,-4.847159834e-05,-0.02273429363,0.01129835849,0.01113680843
5.039108242,0.001718983597,0.01307885571,-0.006885960138,-0.01041660995,0.000993194807,-0.01957741796,0.01447851926,0.01162056455
5.088564291,0.01145014204,0.01836802699,-0.002808652385,-0.01485427368,0.007401921228,-0.01776540418,0.009986123344,0.009259868594
5.042235176,0.01059784323,0.01733952836,0.001851212487,-0.01359127029,0.002890690708,-0.02213005608,0.0103982846,0.01001524369
5.093431506,0.008681581664,0.01568956505,-0.007078542761,-0.01085453742,0.003367382147,-0.02100306383,0.01216554555,0.01114418572
5.123495195,0.006082998265,0.01703256017,-0.003700939206,-0.01268686987,0.002293894254,-0.01884821815,0.01162476917,0.009556945361
5.092721769,0.0054142885,0.01164832187,0.0001324048826,-0.01768862914,0.003632286603,-0.02233726874,0.007341705056,0.007702111418
5.113245046,0.007223900925,0.01507780907,-0.00694441044,-0.01453624191,0.002193355899,-0.02172112691,0.0121919031,0.009180705765
5.0814237,0.001482459196,0.01256196126,-0.006176160556,-0.01008231936,0.0002733064648,-0.02017170816,0.01232701164,0.008716032586
5.150298624,0.001367625991,0.009671535033,-0.002973604929,-0.01865250679,0.0008130686824,-0.02185990035,0.00814877549,0.008843819855
5.011277618,0.0006094737243,0.00754277818,-0.006086930036,-0.01776440344,0.002257573713,-0.02345078248,0.00784277697,0.007047349998
5.29931517,-0.0007742304897,0.007131718695,-0.006857160045,-0.01266155484,-0.001572042544,-0.02223962348,0.009906618294,0.00763280047
4.232868166,-0.001283584263,0.004752899436,-0.005600940784,-0.01667893829,7.169325304e-05,-0.02211808759,0.01127461965,0.007898060594
-1.179158287,-0.001755703776,0.005913847169,-0.005547387395,-0.01816299964,-0.0004605291324,-0.02485958508,0.006687546596,0.008257613662
-1.157292067,-0.003533347273,0.007983231701,-0.00761929493,-0.01521182166,0.003072228761,-0.01893313378,0.01820765277,0.006073406909
-1.243176537,-0.002020527254,0.003268452303,-0.006172138225,-0.01773475403,0.00253348154,-0.01922983301,-0.0006679786096,0.008811706781
-1.179665749,-0.001204264282,0.008479222137,-0.003715144493,-0.01108942992,-0.008623195249,-0.03788231661,0.01055842508,0.01193947993
-1.222108009,-0.001833079287,0.002685571061,-0.009932107475,-0.0168188851,0.00567603377,-0.008697741905,0.02550868478,0.004526911614
-1.205717587,-0.004594378852,0.005636862312,-0.0040699875,-0.02181330748,0.003560645899,-0.01201367804,-0.0085404144,0.005946295521
-1.209063946,-0.007351175131,0.003887502724,-0.006132929888,-0.01294666703,-0.008577285462,-0.04908967892,0.01351133763,0.01522337487
-1.185456648,-0.0124655474,-0.005153140648,-0.01551036617,-0.01187010015,-0.0001296844766,-0.006035015986,0.01892038955,0.004839607076
-1.224744313,-0.01635180533,-0.002872797672,-0.001662162405,-0.02268221015,0.002739069497,-0.01541246086,0.001653260837,0.003287744305
-1.175049268,-0.00984927777,-0.001406042211,-0.008001391647,-0.02201543057,-0.0002855540512,-0.044890336,0.008347635701,0.0123404471
-1.178763723,-0.003413709345,-0.004524604462,-0.01577045921,-0.007615233082,-0.003033030512,-0.0110944345,0.004240853968,0.007704050942
-1.212746283,-0.0135845041,0.004883082667,-0.002617556129,-0.01192056774,-0.001571078597,-0.02004418294,0.01670091934,0.008827599859
-1.203314143,-0.007834282107,-0.003514066208,-0.0056516619,-0.02739440234,0.002851545167,-0.03001591137,0.01267876873,0.008241164818
-1.189742135,0.0005319122563,0.003248628085,-0.01407508735,-0.01283291786,0.002908300084,-0.01506477119,-0.0004377855149,0.006443154201
-1.236857289,-0.00731709424,0.009622978879,-0.005201299851,-0.004925664268,-0.002395451117,-0.02678982827,0.01838180955,0.01220445998
-1.234779999,-0.004672169753,0.001497314399,-0.006238840629,-0.0238605833,0.0009399344845,-0.02070885253,0.01066006414,0.008315513174
-1.177037695,0.002265991967,0.005579111457,-0.005560981762,-0.01343506134,0.004328261628,-0.01913828693,0.006942610395,0.006132156402
-1.262662351,0.0005966623164,0.009386024296,-0.005978801123,-0.01073425462,-0.0003208891825,-0.02768336972,0.01283096226,0.01145939202
-1.223840637,-0.000907891343,0.004185791153,-0.008054857461,-0.01743253868,0.001500849199,-0.01966027761,0.007872298558,0.01071874467
-1.239458948,-0.0005973462391,0.01159636203,0.0003533590105,-0.01188998915,0.00451963772,-0.01991868434,0.01198206006,0.008946523942
-1.243161224,-0.001648447282,0.006419333758,-0.006930456917,-0.01658113634,0.001776091775,-0.02272531678,0.01060968757,0.007619127011
-1.240080245,2.780410543e-05,0.004895330362,-0.00882851338,-0.01440064349,0.0002460828169,-0.02309593353,0.01290121412,0.01099923625
-1.19839044,0.0004024616798,0.0124991716,-0.001738529195,-0.008119560922,0.0009130365773,-0.02116596687,0.008407385122,0.009952173983
-1.190018417,0.0001892174248,0.007898496888,-0.00747290391,-0.01921083767,0.004413541431,-0.02090696764,0.009077868274,0.006964722384
-1.179349514,0.008941365114,0.01398473065,-0.003487363911,-0.01193164737,0.003562485504,-0.02147463953,0.01499832927,0.009875921483
-1.217674538,0.01214852986,0.01913157029,-0.001428112664,-0.009785674493,0.002743661526,-0.01817572254,0.01048928192,0.01168754614
-1.226027818,0.006347658477,0.01745924756,-0.005047313951,-0.01535791655,0.005958645468,-0.02158594309,0.009841568356,0.009350423264
-1.216013944,0.007827794538,0.01866969197,-0.0008989785992,-0.01133622053,0.002484256735,-0.02062782751,0.01318045781,0.008486138979
-1.202985083,0.005566537577,0.01193044478,-0.004260554074,-0.01532552057,0.002146215636,-0.02086944847,0.01361251064,0.00971626911
-1.193357096,0.004726337149,0.01361125063,-0.004311555724,-0.01458778722,0.002701621253,-0.02364048257,0.009192178016,0.01040728989
-1.190079579,0.005528372921,0.01653651284,-0.002215047858,-0.01245807163,0.0022337961,-0.02043314562,0.009444495388,0.009217376525
-1.152559638,0.003208935367,0.007802615725,-0.005812120569,-0.01808312751,0.001946774008,-0.02205425349,0.009516130376,0.007362664462
-1.176491908,0.001356263538,0.007548843589,-0.005274671214,-0.01480535646,0.0008015667896,-0.02232721102,0.01294530108,0.007385671561
-1.195055425,-0.001179200018,0.008481612684,-0.003860473721,-0.0145128537,-0.0002721408635,-0.02304362807,0.005934184571,0.007856212145
-1.247119411,-0.002371892725,0.008883720225,-0.008446965291,-0.01605807916,0.0002451424802,-0.01965301244,0.01357036623,0.007272998337
-1.179266448,-0.003108931359,0.004799312449,-0.005337918629,-0.01673448996,0.001662684997,-0.02157216562,0.002991119866,0.007931118505
-1.195973373,-0.001948288219,0.008373260917,-0.0042056906,-0.01561133835,-0.003489726484,-0.02989550235,0.01317879232,0.008204315533
-1.177150339,-0.001279352498,0.003108302949,-0.008712597033,-0.01469275642,0.004057871479,-0.01275369994,0.01949065168,0.007507042584
-1.184590691,-0.003310143368,0.007780337891,-0.002622526652,-0.01540167875,-0.00437138906,-0.02136799273,-0.006270464853,0.009196508655
-1.203549797,-0.002376957285,0.01018108239,-0.009032610655,-0.01402656745,0.003383416668,-0.02740979774,0.01451715283,0.009785395533
-1.186207746,-0.003657259987,0.005577740317,-0.005359388108,-0.01769832677,0.002521965893,-0.02231960382,0.01709767809,0.007145578123
-1.22565796,-0.004738614719,0.004974834538,-0.001015082114,-0.01647246553,-0.0016026384,-0.01946530175,0.0007599989087,0.007560629907
-1.186128932,-0.009480939911,-0.003611858253,-0.01112035546,-0.01409711179,-0.001489684346,-0.0237794659,0.01304956388,0.008705316708
-1.163902197,-0.01294716659,-0.005421950538,-0.01247102929,-0.01788912827,-0.003010767712,-0.02468114224,0.006278757293,0.007569776595
-1.127604456,-0.01206578807,-0.001575423301,-0.002222591618,-0.01666601906,-0.0003239206094,-0.01954309887,0.005367570102,0.007635562624
-1.207576019,-0.01142989599,-0.00150238273,-0.01128555248,-0.01719737124,-0.0002979465146,-0.02271288593,0.02081937631,0.006517980062
-1.190308449,-0.006363919922,0.0007973130215,-0.01023858087,-0.01196563179,-9.549607894e-05,-0.02523219802,0.00328014801,0.008541919828
-1.177537359,-0.007562938881,0.001523312901,-0.0056728684,-0.01722600511,0.0009637250093,-0.022650225,0.0154084675,0.009026355237
-1.180103955,-0.008164366433,-0.000510098065,-0.008950821654,-0.01491718481,0.0007682144669,-0.02382218523,0.002627170837,0.008967466702
-1.176747994,-0.003106894335,0.006623286845,-0.006616664108,-0.01275912102,0.000244287721,-0.02084971733,0.01556506826,0.007570768323
-1.252923431,0.0002509072403,0.002612527527,-0.006481730558,-0.01502675374,0.002416173725,-0.02220458866,0.006347867653,0.01003139095
-1.18890552,-0.001463309685,0.005363518866,-0.007359782437,-0.01788348516,0.0004991162975,-0.02387462505,0.008092760663,0.009054535636
-1.1717278,-0.00282221547,0.009558543048,-0.006586089011,-0.007893732346,0.001115299848,-0.02282278678,0.01550751143,0.008504474556
-1.162729755,-0.0005145488265,0.01020790549,-0.006689129126,-0.01395832179,0.002499191539,-0.01742877317,0.009216438609,0.008593523618
-1.191565319,1.330616407e-05,0.004900044705,-0.005002744632,-0.01808287836,0.002851153006,-0.02329985547,0.01415175741,0.008702134233
-1.188509156,0.0002444985782,0.01168105652,-0.00622689127,-0.01213599179,0.00115702499,-0.02269458489,0.005265510914,0.01190153713
-1.176670117,-0.002756575099,0.0101192531,-0.007968498998,-0.01219329716,0.002531937152,-0.02146482111,0.01191906643,0.009344860188
-1.204124086,0.0005770318555,0.002777319662,-0.003049012382,-0.01690797875,0.001127048218,-0.02192030452,0.01188025925,0.008663716164
-1.230531055,0.001386946296,0.007635725746,-0.005622870249,-0.01192538873,0.002025631581,-0.02291961472,0.01255819801,0.01020696112
-1.202037697,0.002258828602,0.01334878938,-0.008967806786,-0.01230321833,0.003581302365,-0.02117522222,0.0106684936,0.01098921342
-1.156844407,0.01006239013,0.01875877517,-9.305086357e-05,-0.01286978517,0.004275011788,-0.01981556775,0.0136926752,0.01054889207
-1.163508382,0.009750785915,0.01628776597,-0.00290283065,-0.01417992903,0.006218347576,-0.01790633333,0.008617514642,0.009679423767
-1.193747491,0.009673437792,0.01881751551,-0.005829041461,-0.01033531346,0.002043949152,-0.02069152647,0.01793896318,0.009593278192
-1.150798808,0.006060782077,0.01470973483,-0.003303321539,-0.01655992881,0.004654097228,-0.01920932296,0.006202290342,0.00934974852
-1.212062332,0.005071524958,0.01504374674,-0.004333293536,-0.01446070057,0.001218000046,-0.02160137048,-0.004908788939,0.009213159766
-1.201160722,0.005279097234,0.01501685697,-0.005468577205,-0.01352871519,-0.001538051536,-0.03115477682,0.03671729253,0.01168096876
-1.257626641,0.005607730527,0.006176127016,-0.003149736733,-0.01598268966,0.005870871657,-0.006486597974,-0.007307218295,0.005526362177
-1.152735458,-0.0006059193725,0.01651515711,-0.003336653847,-0.01204719258,0.001782148044,-0.02666066492,0.02019957062,0.008988019008
-1.256532445,0.0002599901512,0.005333259259,-0.009087225304,-0.01915367139,-0.0001844540204,-0.03295134756,-0.001170560542,0.0106663745
-1.073610978,-0.001424782724,0.01045275974,-0.0075450341,-0.007930850617,0.001473604359,-0.004949664694,0.02099991351,0.00449039417
-1.341256263,-0.00222377673,0.002903302107,-0.001977093674,-0.01881578347,0.002317778438,-0.02710167526,0.002183654064,0.008839007036
-0.936315346,-0.0003666886071,0.005261605698,-0.005300559087,-0.02236402297,-0.00127567201,-0.03073306819,0.008734469304,0.008867188168
-1.648641206,-0.001159129025,0.006601687079,-0.007243729317,-0.01183643813,0.0007525711268,-0.0161648714,0.01219199236,0.009510142358
2.823213251,-0.007236568733,0.0112366299,-0.004421890974,-0.01470930076,0.0003718862895,-0.02115688451,0.00698533373,0.00757943224
5.644174067,-0.001507754442,0.002433736247,-0.007203363541,-0.02242899829,0.003182565741,-0.02303969067,0.02192089136,0.007352266134
4.798834206,-0.001910591501,0.005932709756,-0.005230632021,-0.01451086948,-0.0001577506937,-0.02227093525,-0.00611043984,0.009077905438
5.245185645,-0.003462042869,0.008335302648,-0.01157800783,-0.01131298786,0.0006107479283,-0.02227295694,0.02107344066,0.009040226598
4.981415007,-0.007953252616,-0.001449711272,-0.007632677609,-0.01899125132,-0.0011703555,-0.02313579943,0.002127591454,0.006602085634
5.176637107,-0.01109867113,-0.005454873285,-0.004565242262,-0.01737655382,-0.0009661462539,-0.02269539653,0.01006137262,0.005497776221
5.08844508,-0.01140674432,-0.002772417676,-0.01149438142,-0.01462391221,-0.0005344232745,-0.02922877797,0.01135539745,0.009799859824
5.144106797,-0.01355439436,-0.004611436844,-0.01066857056,-0.01934390069,-0.0008182520575,-0.02097266232,0.006569936039,0.008263261228
5.109033394,-0.008940660365,0.002209996297,-0.001198843286,-0.01516457583,0.002610625451,-0.022520296,0.01720395444,0.007139484673
5.095031542,-0.00709947533,0.001857951245,-0.009899743876,-0.01663685796,-3.320031433e-05,-0.02090063506,0.002860235912,0.006965568685
5.114330461,-0.01169973969,-0.0006410954024,-0.01066846335,-0.01144295424,-0.002442583994,-0.02511064546,0.01667172501,0.008906365926
5.103594809,-0.004519727968,0.0020313711,-0.00442779429,-0.01583948133,0.0004909136104,-0.01795063291,0.003469289862,0.008716634864
5.127161046,-0.004314433137,0.005265516402,-0.007858768784,-0.01400266382,0.002959265203,-0.01996605978,0.005630987093,0.007654998477
5.052067584,-0.003565162443,0.004468046198,-0.007764096709,-0.01541267328,0.0003132798345,-0.02745904148,0.01790186778,0.01070536644
5.165158139,-0.001554070787,0.006173029192,-0.004612656151,-0.01154738738,0.0001280648931,-0.02070521355,0.006264570973,0.01015724188
4.982078919,-7.56092457e-05,0.009380284436,-0.008072810552,-0.01626518333,0.005884956741,-0.01933272085,0.01603897986,0.008301838006
5.322852401,-0.001744414167,0.007467850452,-0.005275761723,-0.01441693791,0.002098352381,-0.02751888568,0.00476142246,0.009014468647
4.114772324,0.001054420866,0.005708542154,-0.005695227207,-0.01156860395,0.003288382463,-0.01997881849,0.01951038039,0.007986405574
-1.230424888,0.0006423041281,0.004744833272,-0.008331050361,-0.01786274046,0.00231457578,-0.01684232473,0.0002890781634,0.009222622166
-1.145473937,-0.0008571388385,0.01116354347,-0.004934365661,-0.01156982232,-0.0005615509276,-0.02837485306,0.0161516453,0.01139537173
-1.262462748,0.0007651595778,0.009344526229,-0.008713542306,-0.01496123099,0.004355009894,-0.01476634254,0.01134785719,0.008108986065
-1.189623348,-0.0011449005,0.00519740721,-0.002708351748,-0.01402958636,0.002976950097,-0.01791908947,0.00785791641,0.007876609764
-1.234224816,0.005872455254,0.01706900037,-0.002998354738,-0.01109641223,-0.000153209681,-0.02666117346,0.01602232387,0.01251601881
-1.164186165,0.01177375389,0.01956321631,-0.004123282429,-0.01291217253,0.004521066889,-0.01624780637,0.01050972549,0.01068580257
-1.166625726,0.006468076222,0.01608761144,-0.001799360647,-0.01545701351,0.007853486253,-0.01326651667,0.01531138674,0.005954991324
-1.190283584,0.009521980332,0.01794580543,-0.00106764339,-0.007834483243,0.001008718953,-0.02749745958,0.003196642188,0.01140196474
-1.227059649,0.005601017578,0.01278297566,-0.007389992242,-0.01241881552,0.002216356885,-0.01728523028,0.01692618861,0.01015763211
-1.211272871,0.002777672394,0.01402239823,-0.002950459479,-0.01197827548,0.002445388024,-0.01912638649,0.009350300092,0.008563308362
-1.212352886,0.005819252874,0.01504810899,-0.003183569168,-0.02146138407,0.004232990345,-0.02149184998,0.01177428197,0.00746833341
-1.220332374,0.001928666088,0.01099607914,-0.007299718414,-0.01325965503,0.002349034528,-0.02125517889,0.007082753309,0.009219381053
-1.20157406,-0.001814161768,0.008671647449,-0.00556398211,-0.01326668393,-0.003163667083,-0.02089407745,0.01034780456,0.01059685939
-1.207881638,0.0005770754442,0.007780936486,-0.005289960916,-0.01742996684,0.0003505188331,-0.02419780229,0.01194572761,0.008212408408
-1.250582808,0.0001770713301,0.008386939518,-0.008329291371,-0.01742652048,0.00294155242,-0.02099108341,0.007565812881,0.005763582207
-1.201306908,-0.004642442423,0.006981835224,-0.005086729676,-0.01103432262,0.001081620701,-0.02487343515,0.008716903888,0.007657041109
-1.209171852,-0.001535345771,0.005508536138,-0.007695012219,-0.01859722613,0.0001471780148,-0.01794347235,0.01173713816,0.009139198405
-1.189785793,-0.0004358050104,0.007704980656,-0.004040176615,-0.01403142658,6.345718982e-05,-0.02371921245,0.009872552151,0.008964416648
-1.229704376,-0.002012335558,0.006997589275,-0.005217649812,-0.01830616474,0.002305475272,-0.02199949638,0.01328070957,0.006928091243
-1.224795934,-0.001962616253,0.004035633712,-0.005669489784,-0.014825856,0.001075856592,-0.01871418509,0.003084056012,0.007686579821
-1.223602482,-0.003695692093,0.009223146272,-0.005311433147,-0.01267364708,-0.0009437414318,-0.02356143776,0.01434373562,0.009827265252
-1.205336533,-0.004125391149,0.005139076829,-0.007419748882,-0.01849013278,0.00286239394,-0.02289626713,0.009483492015,0.007815037803
-1.194805185,-0.01223016965,-0.002727796121,-0.009646525742,-0.01635816827,-0.001634331362,-0.01441672791,0.005572393169,0.005422453707
-1.227389201,-0.01438952123,-0.003690829061,-0.006683984489,-0.0137925213,-0.001544330052,-0.03249939342,0.01355375306,0.009557151032
-1.219129457,-0.01096533122,-0.003943753097,-0.01173016596,-0.02307170215,0.0002008061424,-0.02164543357,0.003970933407,0.006843537089
-1.20348174,-0.01250932326,-0.001188131776,-0.005932915613,-0.01124588033,-0.0007579944453,-0.01925116029,0.007808853862,0.006217729644
-1.220002558,-0.006752918176,0.0005624042308,-0.008991133297,-0.02070049285,-0.001210631066,-0.02778644775,0.01364997806,0.009405733672
-1.186588799,-0.007398965347,-0.0006832493745,-0.008434897975,-0.01509872755,0.001485984045,-0.02008893653,0.004712324108,0.008620623806
-1.207206704,-0.009170976784,0.0006749289805,-0.005945310523,-0.01260041837,0.001458587832,-0.02258633931,0.01107171405,0.009796775983
-1.218720083,-0.002312437452,0.003015420399,-0.008868780021,-0.01785710706,0.000376679252,-0.02505971325,0.009239820665,0.008963243416
-1.222195873,-0.001397370453,0.005624885371,-0.005962422044,-0.0135313832,0.0007694126172,-0.01965152258,0.01289678479,0.00840296025
-1.241047862,-0.003642668429,0.008774505879,-0.004716736841,-0.01304634182,0.002347049092,-0.01731879703,0.01224710071,0.006971064461
-1.19861312,-0.000858667379,0.003888599395,-0.008178926486,-0.02032384554,0.003721836763,-0.0228809729,-0.00135043184,0.009198757675
-1.193972996,-0.0003751760915,0.01249079151,-0.004486862887,-0.007029927512,-0.004163314919,-0.03229139983,0.02025571722,0.010639952
-1.213778724,-0.0003696643695,0.00300664783,-0.007786284229,-0.01610136855,0.00628712617,-0.006669021475,0.01298452199,0.007511915008
-1.157041142,-0.001835837069,0.006869515098,-0.003349642527,-0.01765572662,0.003299025284,-0.02356270467,0.003368307887,0.008478258187
-1.16658806,-0.0004740692873,0.00981289402,-0.007549021884,-0.007998072365,0.000403266631,-0.02874900488,0.01365509374,0.01233383975
-1.172737413,-8.775386607e-05,0.006609190073,-0.007941900245,-0.01356399524,0.002902042954,-0.01566370524,0.01347435341,0.008250745074
-1.214255842,-0.002191248148,0.009078656732,-0.001549996906,-0.01569736261,0.003885713372,-0.02001871946,0.008445418646,0.00734060284
-1.238976745,0.004297162021,0.01213892859,-0.005318353,-0.01476733152,0.005543840833,-0.02378436284,0.01067477159,0.01109283259
-1.192041556,0.009987260256,0.01656345875,-0.008181278605,-0.01149090395,-0.004187330715,-0.02102999179,0.01432647517,0.01166725209
-1.191803559,0.006275904165,0.02038827256,0.0006590549865,-0.007263714078,0.005485776983,-0.01176681527,-0.01267547651,0.009263635205
-1.204138084,0.009521926666,0.01979591208,0.0001175307773,-0.01900276199,0.008209652508,-0.03424665923,0.05398853059,0.0100011046
-1.222350358,0.01114301821,0.003650308635,-0.005027477124,-0.02632243282,-0.0004740375261,-0.01629148384,-0.02833003452,0.009450358075
-1.191487113,0.002210006036,0.02371142074,-0.003054639211,0.01085939113,0.003302638654,-0.0145325504,0.03608468217,0.007924443006
-1.19739276,0.004018539963,0.0100480976,-0.009660401406,-0.02881117502,0.003416978158,-0.03360862634,0.01096038224,0.01335843341
-1.165090249,0.005611663699,0.01338741505,0.003132999559,-0.01335636111,0.002092989395,-0.01085027633,-0.007278350984,0.002732338749
-1.194468872,0.001465339807,0.01436900525,-0.01025986089,-0.00617187903,0.002899952576,-0.02154887321,0.03478425958,0.01088063763
-1.185809937,-0.00180017144,0.003583719066,-0.01047301577,-0.02603941204,-0.00504854096,-0.03097606207,-0.02099325237,0.00836615376
-1.213576016,0.002615358766,0.007368695922,0.005596088607,-0.009286851374,0.005425368599,-0.0136075621,0.04255729435,0.007211810232
-1.220779815,-0.001646147942,0.008606927465,-0.009390762524,-0.01981498417,-0.0003753398343,-0.02312043765,-0.02239204679,0.005949792122
-1.23049837,-0.006536134864,0.005264599915,-0.01072346454,-0.01544480373,-0.00196649881,-0.02665298727,0.03774660596,0.007441638252
-1.231924689,0.00128913468,0.005135286373,0.003149211864,-0.01222089308,0.002521495323,-0.01888513663,0.0009705984956,0.01090595292
-1.191033942,-0.002788145343,0.01300083604,-0.01352811085,-0.02180019622,0.0007937693112,-0.02033907764,0.001428382673,0.005353850831
-1.215045952,-0.00309558569,0.003971912739,-0.004962045872,-0.009465687173,0.0001003766837,-0.02931585005,0.02851914567,0.01059723745
-1.198306818,0.000249417689,0.004305997651,-0.002135781111,-0.01768690931,-0.003460892333,-0.01236818219,-0.01053891678,0.006386301337
-1.222118004,-0.0007838796934,0.007655259649,-0.00646096057,-0.01841873317,0.003279063816,-0.02588490601,0.02549118139,0.01001918919
-1.182583062,-0.01029976988,0.00153384517,-0.007408270529,-0.01573660981,-0.001788322569,-0.02841618445,-0.00249735917,0.008453006137
-1.145430288,-0.01240612801,-0.002873832701,-0.009133221235,-0.01446451057,-1.562153724e-05,-0.01770421214,0.02194061436,0.006180479115
-1.160920807,-0.01108106572,-0.007319361296,-0.007075950903,-0.02131407456,4.604660162e-05,-0.02595264002,0.002431848479,0.007656311486
-1.147426644,-0.01482862876,-0.001986859112,-0.01046975858,-0.01420205151,-0.002307803049,-0.025646214,0.01661825652,0.008017429935
-1.206355031,-0.007386822863,-0.004854115645,-0.01052151366,-0.01794301883,0.003564696587,-0.01345110632,0.003677991576,0.008016446873
-1.220569073,-0.006471984878,0.002311002583,-0.00651236844,-0.01567593557,-0.006898955735,-0.0361696978,-0.002094022744,0.01037470275
-1.177958084,-0.009446397573,4.812961641e-05,-0.009537633189,-0.01307341374,0.004374505979,-0.0148802321,0.03058098943,0.006282418118
-1.206022497,-0.004294314249,0.001130436403,-0.003798334746,-0.02057265585,-0.0005726269507,-0.01627115428,-0.01303336381,0.007991595249
-1.184933726,-0.002935599308,0.008140652004,-0.00777281933,-0.01219754215,-0.0008465735766,-0.03689395558,0.02180114038,0.01266347093
-1.174238137,-0.002763180948,0.003486017354,-0.009021717745,-0.01125281706,0.002346156075,-0.01500431321,0.0118094233,0.0068232081
-1.155611451,-0.005376343254,0.006467813035,-0.004479065936,-0.01554728194,0.001040126586,-0.01730543887,0.01037540018,0.00631840995
-1.171575589,0.00296097941,0.008428607275,-0.002022713801,-0.01712047797,0.003340609556,-0.02813973675,0.01593779438,0.01303906249
-1.111575679,0.00188689945,0.005661185146,-0.01130644757,-0.01803420574,0.001963848664,-0.01853554176,-0.002747979341,0.009727993228
-1.264130172,-0.003914994765,0.01136083895,-0.001918300227,-0.003888735629,0.0002926943842,-0.02131425905,0.01863017948,0.01008043543
-1.020665394,0.001337810065,0.004971768484,-0.001969481095,-0.0216241578,0.002799422183,-0.02212150744,0.01127064843,0.008678605668
-1.506466448,0.0003436688063,0.005346738725,-0.009357981823,-0.01262273251,0.002658469579,-0.02151716958,0.006402477863,0.009655655551
3.512360544,0.0002358217751,0.01195472217,-0.005879969023,-0.007390527104,0.0004636539053,-0.02351444231,0.01467402154,0.0109298618
5.4792667,-0.001961328644,0.00797378348,-0.008140705991,-0.01769306707,0.002920871492,-0.01914443536,0.007843529469,0.007775423066
4.869397151,0.007163828716,0.01299844227,0.0007625053698,-0.01415070028,0.00366958057,-0.01904512782,0.01426483539,0.009573469748
5.225064741,0.01233920377,0.01759233129,-0.00517178428,-0.009659632376,0.003499119942,-0.02176902496,0.006647132116,0.01047865717
5.056533905,0.007853371993,0.01704237628,-0.007753295326,-0.01239170049,0.003019382231,-0.02209530786,0.01238552104,0.01101631335
5.144573955,0.009544860262,0.02055275467,0.001252192257,-0.01428755085,0.004706788416,-0.01947808252,0.01349457093,0.008513796636
5.060938163,0.006533388134,0.01491135005,-0.003006455409,-0.01287053749,0.004082507955,-0.01992617072,0.008662133613,0.007495426842
5.110650367,0.004799598508,0.01089841871,-0.008983224604,-0.01431896928,0.001389800335,-0.02116199874,0.01663303127,0.0103898793
5.09737037,0.007288919019,0.01613714709,-0.001482958803,-0.008997460844,0.0004435931444,-0.02207683217,0.007874756131,0.01070940368
5.060701602,0.002562218184,0.01143328264,-0.006075495253,-0.02009394286,0.003929135069,-0.01955419453,0.00754287328,0.00622442889
5.100284383,-0.0005680893976,0.006988454555,-0.005949507793,-0.01408125139,-0.0005735683866,-0.02153903782,0.01863575329,0.007467292883
5.068579022,0.0009475875469,0.005504815042,-0.005847207075,-0.01733546765,-0.001753926944,-0.02305156914,-0.001646287904,0.008901148871
5.139730224,-0.0007399712549,0.009944334267,-0.00795544164,-0.01461427779,0.003752432755,-0.02507934425,0.01189645433,0.008657658961
4.988383216,-0.005896631543,0.003578745087,-0.005595689572,-0.01947406005,-0.0002227256984,-0.02383905918,0.007662866992,0.008054086459
5.217925955,-0.0001328811189,0.004551700001,-0.004935503422,-0.01342921242,-0.001889225813,-0.01934105562,0.00670302952,0.006636752731
4.859495181,-0.00211339394,0.005854356588,-0.01022981587,-0.01328851912,0.002146822966,-0.02170359137,0.01580039914,0.00806737918
5.521267055,-0.004589167277,0.006663522821,-0.005148068416,-0.01435133323,-0.001686411928,-0.02631567597,0.003056761975,0.008394006571
3.250992375,-0.0028170657,0.008262909731,-0.006218972173,-0.01524738012,0.003994928995,-0.01183141458,0.02234050856,0.007788335279
-1.582778473,-0.002121024845,0.006224191356,-0.002503522061,-0.01800723795,-0.001120274979,-0.03336931954,-0.006173236267,0.009137772737
-0.9751114658,-0.001969610892,0.00769918327,-0.006438010732,-0.01452893387,0.001264378374,-0.01909654453,0.03256346856,0.006783192671
-1.321385809,-0.008406031007,-0.007052820967,-0.004513072932,-0.01971683886,0.0005883854633,-0.01579224935,-0.008399370944,0.007818187324
-1.083807397,-0.01430444496,0.001095832991,-0.01095750937,-0.01811422829,-0.004267780534,-0.03381603853,0.01169899051,0.007563627607
-1.253088576,-0.009782054865,-0.005358114016,-0.009144374136,-0.01088762105,0.003040203121,-0.02071403892,0.01863363436,0.007795499095
-1.178196689,-0.01298770791,-0.005396469179,-0.009418220906,-0.02066274952,0.001318147815,-0.005432202089,-0.002905489751,0.005064340106
-1.219882623,-0.006982817361,0.00370027265,-0.003762513035,-0.01354944594,-0.00354546782,-0.04750707848,0.01676241114,0.0149528467
-1.178864007,-0.009041381107,-0.0006277398379,-0.01868707027,-0.01564918828,0.001226103172,-0.01467587992,0.008746505494,0.00602594293
-1.21071845,-0.009413358997,-0.004132010183,-0.002843118415,-0.0150976259,0.002462142708,-0.006879023783,0.007615998083,0.004901351702
-1.242883312,-0.003384771558,0.004829917755,-0.005405075322,-0.01930587026,-0.001539748244,-0.03984627732,0.0123146391,0.01438756663
-1.208290891,-0.000930983167,0.00365097174,-0.0168915893,-0.006837235997,0.00229752574,-0.01763777874,0.006491933789,0.007620909421
-1.213052948,-0.007073736509,0.007564176778,-3.487373819e-05,-0.01460832748,0.003337758987,-0.01573018961,0.01350066729,0.007083354989
-1.219605145,-0.0004004216362,0.007571399316,-0.003487536932,-0.01972325201,0.002141654576,-0.03139463483,0.01014343081,0.009102403625
-1.205278872,0.004810010872,0.005663105134,-0.01198195477,-0.01271144487,0.004075911916,-0.0159158286,0.007483224576,0.008995407316
-1.151876895,-0.003986459001,0.009509187633,-0.002488004327,-0.007089605184,-0.002110432174,-0.02411816454,0.009764827188,0.01090022544
-1.224769666,-0.002068041886,0.00679441654,-0.004914835269,-0.0215918786,0.001901528665,-0.02393615798,0.01814422508,0.009921716196
-1.186740677,0.002012195392,0.01007117324,-0.006239999615,-0.01257301437,0.005668347654,-0.01615568443,0.005004225691,0.006507008859
-1.225005497,-0.0008344217748,0.009651694811,-0.003732436499,-0.0111456852,0.0008452749792,-0.02464653869,0.01348958551,0.01228156936
-1.22805746,-0.0004860787277,0.0034001617,-0.008540632978,-0.01954451509,0.0003900796196,-0.02257193561,0.01394783199,0.01153142635
-1.21734014,0.001315909123,0.01138404867,-0.002978619439,-0.007605256216,0.003100297929,-0.01761091158,0.008204313642,0.007847644006
-1.189248112,0.01129417973,0.01866231562,-0.003111086301,-0.0153255803,0.004791419226,-0.02256760254,0.01310997497,0.01024348793
-1.206705889,0.01056541932,0.01317512392,-0.005552602832,-0.01557886377,0.002934151453,-0.02019718679,0.009474221008,0.01027470267
-1.137530346,0.008449007573,0.02035809054,-0.0002057733068,-0.006959290593,0.003549357745,-0.02031028545,0.01285571616,0.009676017783
-1.241466052,0.007449042502,0.01710775938,-0.006224811596,-0.01562035872,0.005262801029,-0.01928550874,0.01098587834,0.008191588561
-1.191153085,0.004207501016,0.01071595616,-0.004531006972,-0.01468942271,0.001671734563,-0.02126048335,0.01081991671,0.009326950839
-1.191949919,0.005389533298,0.01735693696,-0.00358856201,-0.009405186788,0.0007192110633,-0.02146212839,0.01324644256,0.01120486856
-1.187967659,0.002678004659,0.01383723532,-0.008890038417,-0.017908693,0.005289958675,-0.02057243061,0.006655159669,0.007854532574
-1.171093015,0.0003175579447,0.01023014503,-0.0008931611531,-0.01219197947,-0.001105399759,-0.02574241197,0.01445190051,0.007809898451
-1.179211109,0.001432919856,0.006958683232,-0.005349664917,-0.01924751928,0.002650825289,-0.01215378187,0.009492005403,0.008256005737
-1.180814909,-0.001118403055,0.008602484692,-0.006409830767,-0.01641129311,-0.0008115170682,-0.03180673728,-0.002053253866,0.009395641256
-1.20091482,-0.002468348923,0.009312518416,-0.007039330435,-0.01059882867,-0.00292634084,-0.02463359261,0.02564360273,0.007792629141
-1.208414957,0.0001640704295,0.001878759612,-0.005593844928,-0.01938011859,0.004378448131,-0.008587131131,0.0006694154148,0.0042827549
-1.166231009,-0.00276863759,0.009949156421,-0.004930243622,-0.01697818943,-0.0003488500266,-0.03345859662,0.01281708789,0.01029661512
-1.193695601,-0.002070145537,0.004457036182,-0.007545535478,-0.01031995142,0.000920501502,-0.02296270804,0.01088609983,0.0105510335
-1.213468515,-0.001904187464,0.00526231234,-0.005471371608,-0.01605882375,-0.0002272201877,-0.01243185355,0.009181234605,0.004668241076
-1.23157694,-0.003889243014,0.009272873404,-0.001069782967,-0.01618056645,0.0005573522259,-0.03038509076,0.01534859481,0.009098190751
-1.162730718,-0.001565604743,0.005079688548,-0.009504232779,-0.02232117331,0.00127123519,-0.02116314986,0.003253803471,0.00690012833
-1.21357998,-0.006280322649,0.004839643823,-0.006975474294,-0.008916879476,-0.001671216646,-0.02074412166,0.01163833835,0.008365213893
-1.193569439,-0.01391349693,-0.002615462893,-0.005902725047,-0.02115464912,-0.002376202265,-0.02584620653,0.01483692983,0.008539507517
-1.192707616,-0.0100039464,-0.004779504843,-0.01128127372,-0.02320682493,0.002768481321,-0.02352526555,0.005108947951,0.004151531936
-1.21802056,-0.009590451013,-0.001856891622,-0.008326705479,-0.009907405794,-0.0005544324187,-0.0233611915,0.01402090952,0.009552103108
-1.20912849,-0.009117125253,-0.002932310123,-0.01061166796,-0.01526098335,-0.003389098653,-0.02308522184,0.01233840906,0.00927165124
-1.206721191,-0.007123331923,0.003098945703,-0.006752705968,-0.01802960093,0.0004340702733,-0.01908818031,-0.0002112762656,0.008620732066
-1.176926578,-0.007220772273,0.001014754005,-0.005452811892,-0.01248556812,0.002204846181,-0.0249871704,0.01675992422,0.008379933923
-1.213124736,-0.004292877598,-0.003078922746,-0.01083953955,-0.01987303028,-0.001393638612,-0.0242071139,0.01246060707,0.01038944701
-1.212454557,-0.004600122244,0.006424821911,-0.003781795658,-0.01118874778,0.0005319232782,-0.01889827496,0.005725894848,0.00878450266
-1.184947208,-0.003792710891,0.008597068626,-0.008830382468,-0.01235080759,0.002259922753,-0.02205929395,0.01416728344,0.007957362641
-1.214434185,-0.001432340533,0.002834834547,-0.007606760847,-0.01861047635,0.001049132954,-0.02370502104,0.009326105763,0.00898777949
-1.233682796,0.000498981329,0.006928247631,-0.00237399485,-0.007988276136,0.001699919704,-0.0197307839,0.0100186852,0.009215666682
-1.189800685,-0.003233120413,0.01133360798,-0.008977270354,-0.01651549825,0.004917387293,-0.02210445048,0.00852224741,0.009123733103
-1.196261589,-0.001359454597,0.005012468083,-0.004533786104,-0.01461399162,0.0009465394387,-0.02408630245,0.01032424307,0.008030326675
-1.21355434,0.003574987276,0.007420249689,-0.003501309186,-0.01153968384,0.001686889693,-0.02004534622,0.01211005137,0.01027033278
-1.2162605,-0.0009034073228,0.007365724736,-0.008949111834,-0.01507111026,0.003603646315,-0.02264248502,0.008136282241,0.009645190245
-1.207820477,-0.0006981842586,0.009392388001,-0.004818156498,-0.01195461141,0.003763526191,-0.02273289504,0.0130130196,0.009715344024
-1.150961914,0.002197797624,0.009150565911,-0.00519500105,-0.01512541436,0.001745656797,-0.02040514469,0.0106055111,0.009084694208
-1.183298159,0.004938339296,0.01238627495,-0.005712683456,-0.01459168512,0.004143776595,-0.01936662439,0.01006628705,0.009692114896
-1.185967662,0.0112038916,0.02011269899,-0.0004760034182,-0.006864994926,0.001743301508,-0.02332682128,0.01675815246,0.01073860308
-1.140392589,0.01081222834,0.01426771994,-0.007007068667,-0.016100376,0.006527465835,-0.01181560696,0.008808284834,0.009876715383
-1.18997639,0.009659011927,0.01975867647,0.0004214536,-0.01158176074,0.001091981728,-0.03001148221,0.0006668596853,0.01112533171
-1.167710375,0.004969274047,0.01868331535,-0.004245653402,-0.01209340105,0.0005893279106,-0.02614623431,0.03127611816,0.009577700607
-1.197896194,0.006204474721,0.006157465118,-0.003460169576,-0.01795621233,0.007799582489,-0.004802601154,1.384231816e-06,0.00475118882
-1.177413477,0.005540667678,0.0188496927,-4.928785686e-05,-0.01062090414,0.0001162862956,-0.03112358502,0.009794992441,0.01143628775
-1.225391725,0.002167516148,0.0121107636,-0.009205152623,-0.01320848695,0.001079404575,-0.02628615265,0.01380997256,0.01076061697
-1.184208964,-0.0002552221201,0.007851838051,-0.006592132055,-0.01352210917,0.000169526866,-0.01061552608,0.003898359035,0.003774572857
-1.205990205,0.0003040577613,0.01078665726,0.0005986043931,-0.01677238081,0.002209170152,-0.02915922279,0.01443463749,0.007627442053
-1.166758248,0.001933777888,0.004318373234,-0.01063085873,-0.02279799078,-0.0007073129784,-0.02527148232,0.002807769132,0.008868291129
-1.16690754,-0.004171107632,0.006220796017,-0.008433673363,-0.006114990265,-0.001597824408,-0.01786771724,0.01253570477,0.008856634833
-1.210765852,-0.002140189222,0.009149933081,-0.001009194391,-0.01585389593,0.001324417504,-0.02324681664,0.01512303886,0.008038508818
-1.179452361,-0.0002182832666,0.003147703475,-0.01017633444,-0.0238092006,0.004270100363,-0.01942109872,0.005725905403,0.004567555666
-1.175846242,-0.002905546254,0.00769623142,-0.004892746967,-0.008041604007,-0.0007181487668,-0.02305033627,0.01048268442,0.009906507905
-1.181847263,-0.002102238316,0.006598174391,-0.00837359157,-0.01669324288,-0.001195244991,-0.02385895808,0.008596246964,0.008683672319
-1.149727982,-0.002413051181,0.002806196657,-0.005952901804,-0.01871347326,0.003457147149,-0.02005454402,0.01000100448,0.006117491994
-1.139978624,-0.001572344001,0.007400667369,-0.001094588644,-0.01404461506,0.0006662782258,-0.02196418319,0.00943221327,0.008187458913
4.255980072,-0.01027221419,-0.001755225505,-0.01196276308,-0.01680586378,-0.002592428878,-0.02329812637,0.01165474639,0.009601406959
5.303596428,-0.0151151205,-0.005576843858,-0.008552286826,-0.01804599662,-0.0009463634965,-0.02303314631,0.008789766829,0.007609251981
4.97380705,-0.01119085802,0.0009171974778,-0.004312290824,-0.01599559021,0.0002415293577,-0.02269646496,0.01000972996,0.005917520714
5.143273055,-0.01170820842,-0.006557253183,-0.01289115884,-0.01874722195,-0.001168586336,-0.0223157793,0.009633792331,0.007898343295
5.024395009,-0.006843157734,-0.001241773409,-0.008200765596,-0.01163699902,-0.002598326407,-0.02441970195,0.008512012182,0.00973279931
5.140709478,-0.006598790322,0.003065087393,-0.007902402762,-0.01604890868,0.00189540214,-0.02186908547,0.009981040856,0.008427070639
5.055207502,-0.01025399799,-0.001795716366,-0.009944297261,-0.017339357,0.0004899236227,-0.02336729489,0.007403004361,0.007401447845
5.113631868,-0.003748059408,0.002516206404,-0.004862483331,-0.01304987036,0.001230627764,-0.02186655178,0.01407483485,0.009686042936
5.137479153,-0.0009996282861,0.003802942114,-0.006815146373,-0.01459095772,0.002080961744,-0.02374875056,0.006729710143,0.00998986124
5.102104655,-0.002524535626,0.006890964724,-0.009037239439,-0.01545970767,0.002460117676,-0.02313411856,0.01233411754,0.009298746279
5.123668793,-0.001598025984,0.006773387444,-0.004473505556,-0.0136941031,0.00238883942,-0.02240254466,0.009155617186,0.008442211129
5.011116113,0.001440287542,0.005359919024,-0.007664849074,-0.01317885241,0.0009020145333,-0.01871600905,0.01145080876,0.009389263697
5.179584466,-0.001433860534,0.006392122968,-0.00453614688,-0.01249184358,0.0002028264673,-0.02586578513,0.009860858877,0.01186178426
4.976120918,-0.001563337283,0.008578993165,-0.005365579463,-0.01375983283,0.003939441437,-0.01861483001,0.01557843371,0.00783118077
5.252480325,-0.0003362075302,0.007599617815,-0.006901174297,-0.0165215378,0.007616787476,-0.01855560351,-0.005647374785,0.008402192009
4.841948539,-0.002644425259,0.009255913357,-0.004713534024,-0.01085402773,-0.007252397576,-0.03159708774,0.02202940999,0.01266400877
5.593663831,0.001601898735,0.003456783082,-0.006973511566,-0.01347264757,0.005536172459,-0.01051736547,0.01756726887,0.008127950657
2.861802823,-0.0002270004141,0.01147009729,-0.003379926257,-0.01948926559,0.006278514639,-0.02571171199,0.000104667527,0.008142439211
-1.686002349,0.009562336571,0.02009743868,-0.005324072344,-0.007094384236,0.003017574538,-0.02769906798,0.01293686194,0.0119656734
-0.9294957837,0.01099946331,0.01512668294,-0.002930404047,-0.007730878266,0.003064067318,-0.009035259559,0.01610564824,0.01038840476
-1.347020775,0.005791179678,0.0184979899,-0.002411318809,-0.01914046774,0.006573280945,-0.02280241345,0.01287506606,0.01004639361
-1.129756493,0.01064972358,0.01619642499,-0.003113886554,-0.01236513424,0.003677566016,-0.02579923203,0.0009040297998,0.0102713565
-1.300698917,0.004926432421,0.01081585183,-0.009363276554,-0.01002449678,-0.001978304668,-0.01812562603,0.01460950465,0.009407688675
-1.138832401,0.003321383062,0.0180892087,-0.0006999329833,-0.01132926175,0.0009689337271,-0.02227129773,0.01530529047,0.01075581786
-1.191380748,0.004828077398,0.01315931153,-0.002712278035,-0.02367259937,0.006452487647,-0.02209891693,0.01205557984,0.006588579319
-1.221436782,0.002805508202,0.007477855616,-0.008798863872,-0.01234590524,0.002605803735,-0.01440767976,0.005720989775,0.007867485194
-1.196756452,-0.0003362123134,0.009848908226,-0.000944304589,-0.01040391194,-0.005911894489,-0.03807603278,0.007135468108,0.01165527943
-1.189693703,-0.0003882420778,0.007450254158,-0.008334394232,-0.02050744561,0.005893314865,-0.01748593816,0.01737666991,0.005820034749
-1.246578228,-0.001326733127,0.002966296416,-0.004386450658,-0.0161728729,0.002227639624,-0.0109012655,0.0008290782359,0.004142998685
-1.224054571,-0.0008244518395,0.005637435129,-0.008450684641,-0.01100616066,-0.004445235112,-0.03868626577,0.0127459394,0.01188407635
-1.221408998,-0.0021107004,0.007669474889,-0.01016756186,-0.01428216417,0.00246997693,-0.01445701292,0.01439100772,0.009356804734
-1.207491056,-0.005888811446,0.008893816417,-0.0001547102875,-0.01736716079,0.002630283321,-0.01731607153,0.002875113681,0.004944208849
-1.224963517,0.0005582999455,0.006265951427,-0.007695852043,-0.01789884256,0.0005486970905,-0.02896245447,0.02251340685,0.008513711967
-1.1668878,-0.0003722878329,0.002300594649,-0.01087393557,-0.01736667799,0.002043347117,-0.01746522722,-0.0007198827237,0.009053201067
-1.208600848,-0.007152637443,0.01169850701,7.914811132e-05,-0.01074479939,-0.0003134198202,-0.02861022935,0.003293018415,0.009721986087
-1.230029189,-0.004724813254,0.003115912966,-0.007953701322,-0.02293062059,-0.0009502091991,-0.02214163458,0.02266065139,0.007882012472
-1.210941331,-0.00824614437,-0.009978088114,-0.01020395961,-0.0154268727,0.001438186534,-0.01884041312,-0.006841221031,0.005142514131
-1.180889809,-0.01449367266,0.001280265814,-0.006647591872,-0.01462871953,-0.005757759116,-0.03048744826,0.02518617035,0.01194400835
-1.196301698,-0.01147074352,-0.007429565203,-0.01096048153,-0.02182518493,-0.003501556646,-0.02247323519,0.002116604255,0.007717053747
-1.192884293,-0.0102699286,0.003883597648,-0.008976063125,-0.009043887725,0.006375124834,-0.01395315917,0.01964521999,0.003106797131
-1.168572598,-0.006997709171,-0.001529195562,-0.004833206962,-0.02209358936,-0.0003032109334,-0.02833254649,0.006640395513,0.009887362997
-1.220344825,-0.007854212586,-0.006479473468,-0.009334308529,-0.01484220402,-0.002854037791,-0.02398495719,-0.005093761322,0.01019445871
-1.175789117,-0.006439316212,0.005060107933,-0.005766241155,-0.00581599843,0.0002094215428,-0.02291237352,0.02563311633,0.008344294792
-1.23684398,-0.003295151617,0.002836101802,-0.008235162147,-0.02393543643,0.00350826386,-0.01480168852,-0.003333013932,0.005386357478
-1.162983844,-0.001109387443,0.002803861856,-0.005009838195,-0.01577037129,0.00142697943,-0.02772531722,0.01295881199,0.009311669476
-1.24920433,-0.002159410814,0.009524455985,-0.005955876191,-0.00886163638,-0.005870970107,-0.03478209633,0.01942858083,0.01262309133
-1.151829264,-0.001824636445,0.006157869269,-0.012518007,-0.01924678352,0.008196532359,-0.001305162584,0.01131222262,0.00318921603
-1.223614282,-0.0002063871993,0.009901929388,0.002012802434,-0.0200659243,0.0009417617623,-0.02913456493,0.009918529011,0.01025512311
-1.215824923,0.002350345582,0.00525565231,-0.009328309725,-0.01266623461,-0.0002093532042,-0.03100154098,0.005102797926,0.01339067246
-1.199044364,-0.0006922312427,0.005055826683,-0.01055505546,-0.009242414743,0.00165269986,-0.0102392191,0.01178768703,0.007410188297
-1.15956114,-0.003754443952,0.009215371613,0.00177581213,-0.01242640522,0.001247635635,-0.02396213988,0.006757761129,0.0102425446
-1.153273982,0.00414985921,0.005342822704,-0.004552785516,-0.02320810408,0.004072527295,-0.02784120973,0.01722931807,0.008456026059
-1.209566698,0.0003531790192,0.007800873295,-0.008787423587,-0.009078179156,0.0003435634325,-0.01599605117,0.005290169323,0.008614626465
-1.212622683,-0.001443853681,0.0198965507,-0.001513398771,-0.004353501678,0.001670718909,-0.02020357864,0.02044078492,0.01141771606
-1.135477005,0.01296152251,0.01494962245,-0.003426423502,-0.02352051039,0.007056115659,-0.02204772211,0.01246760207,0.009269945577
-1.166378687,0.01036969133,0.01980905527,-0.001021264332,-0.008857969323,0.003004506513,-0.01751864978,0.004085018421,0.00930779907
-1.209838915,0.007361472658,0.01705342851,-0.007364228304,-0.011230424,0.00256572926,-0.01918730955,0.01304963169,0.01101657062
-1.185410213,0.006151407678,0.01196675907,-0.003674081373,-0.0149471645,-0.0001739890595,-0.02710198531,0.008381517713,0.01205975652
-1.199077441,0.008268242206,0.01522352246,-0.000636381108,-0.01222253659,0.005141531359,-0.01907029493,0.01726345557,0.008138522262
-1.199046951,0.006361806822,0.01496336975,-0.01012634337,-0.01792097073,0.003856879631,-0.01737724755,0.009105332066,0.007159944091
-1.223548542,0.002501541751,0.01300520719,-0.001078365144,-0.01196129031,0.0008294487675,-0.0286832066,0.01192164981,0.01191724543
-1.201342604,0.001903753991,0.008792607499,-0.004397076479,-0.01230652784,0.002557763524,-0.02074580204,0.01775761087,0.007907497392
-1.180008221,-0.0001049137103,0.006088274333,-0.01271896568,-0.02209385918,0.0009388729324,-0.01561025888,-0.01285435504,0.005594538094
-1.165400682,-0.0005055451082,0.01130178284,-0.000354540241,-0.009547403049,0.001014985672,-0.02996409945,0.02572075564,0.01056118909
-1.187588479,0.00011770101,0.001439917484,-0.006256138848,-0.02303457556,-0.001920370011,-0.0215444001,0.005836226671,0.009935525038
-1.194037301,-0.004696189231,0.007522940108,-0.005899540876,-0.01179736252,0.001632753164,-0.01841925469,0.001172132371,0.005147174155
-1.182486344,-0.00327978402,0.01122088606,-0.005585988316,-0.01301126697,0.001588079419,-0.02521869121,0.02925354766,0.009293809236
-1.17474054,-0.0001570045656,0.00439798122,-0.00460517198,-0.02303750916,-0.000738424219,-0.02324516299,-0.005360395273,0.009225561348
-1.230554315,-0.002915876199,0.008941015731,-0.003890619855,-0.01008275411,0.002156531026,-0.01790984162,0.01872645752,0.008010397937
-1.161377332,-0.005340069776,0.004958270678,-0.009313388574,-0.01888545147,-0.0001957795831,-0.02627123295,0.0009624639753,0.008103363544
-1.192698266,9.536287139e-07,0.00199450061,-0.006050280096,-0.01839261354,-0.0004721308642,-0.02052067775,0.01461741849,0.00708853432
-1.189191983,-0.00673639038,-0.001636254511,-0.003956807003,-0.011901253,-0.002840782354,-0.02494676795,0.009837663706,0.01036737995
-1.183201845,-0.0158909873,-0.004395088649,-0.01543509294,-0.02117743973,-0.00187694707,-0.02156549182,0.009126512904,0.007844380503
-1.166176804,-0.01048798842,-0.0009846587421,-0.005667182697,-0.01715344162,0.002682370983,-0.02175763019,0.006640706616,0.00696240021
-1.206785158,-0.009885406774,0.001853047125,-0.00704692635,-0.01689165224,-0.0056529502,-0.0308653735,0.01147208023,0.008174644884
-1.161731429,-0.007903377736,-0.006949869689,-0.0126647423,-0.0156351225,0.003149747437,-0.01535109805,0.0146382629,0.006668559944
-1.179988428,-0.007153635531,0.0006236696678,-0.005056219995,-0.01106679766,-0.001787318047,-0.02084893746,-0.00426344955,0.008297893317
-1.21030601,-0.005508137444,5.697550519e-05,-0.01135810379,-0.01582303377,-0.0006661843427,-0.03405122998,0.01528983139,0.01110194271
-1.184306283,-0.004686650054,0.001059129741,-0.006253162125,-0.01595898384,0.002609665037,-0.01254461228,0.01056886192,0.008120870818
-1.182459124,-0.0052439415,0.009486783942,-0.001967116471,-0.01265898049,0.001918399016,-0.01819529406,0.009575024871,0.007665256007
-1.150486884,-0.000684746206,0.005005802927,-0.00741777981,-0.02013694449,0.002189824788,-0.03546948999,0.01547604592,0.01119594802
-1.18133501,-0.0003308251795,0.001273828274,-0.007218009386,-0.01188537693,-0.001168285725,-0.01430276617,0.003611850677,0.006648268818
-1.232134292,-0.0009255654423,0.01230971541,-0.0007521690797,-0.00824781141,0.0006428337182,-0.0179475198,0.01376299489,0.00866215158
-1.200379497,0.0003893550499,0.006375712882,-0.009756854347,-0.02439040811,0.003671596205,-0.03167661728,0.01061736862,0.01061244444
-1.19239108,-0.001068707938,0.005207623381,-0.007832766014,-0.00745214061,0.002611223653,-0.01330778589,0.00992920932,0.008411185665
-1.189452576,-0.0008070946136,0.009721262962,-0.004396391812,-0.01133984244,0.0003770209441,-0.01981757312,0.009369498385,0.01026606911
-1.167221654,-0.0007333292435,0.00729062764,-0.008939645068,-0.02095830604,0.001703858426,-0.02824185296,0.01546151592,0.009817956593
-1.16131362,0.001762954409,0.005971955359,-0.0003897156737,-0.01218391799,0.002554293517,-0.01540911677,0.009362856216,0.007737191622
-1.168621386,0.0007468046566,0.01018297092,-0.006816832256,-0.01238960493,0.002017885656,-0.02394888942,0.007179675449,0.01005621888
-1.19894242,0.008062069623,0.01666827328,-0.004554194285,-0.01555100755,0.004573492799,-0.02393736306,0.01639296615,0.01220110454
-1.026857542,0.0125608426,0.01898429507,0.003819348056,-0.01030380675,0.004339432188,-0.01592162779,0.005921593775,0.009688905475
4.40001203,0.009061749271,0.01554735995,-0.005942923305,-0.01285637768,0.003458306137,-0.02098531818,0.0163152268,0.009322970098
5.271620163,0.00833575362,0.01501062692,-0.006079886001,-0.01279601686,0.003135601847,-0.02287490123,0.01379182917,0.01067983504
5.031783717,0.005624080914,0.01880887949,5.858454674e-05,-0.008326271334,0.002047517443,-0.01734214617,0.008701208622,0.008583999915
5.129418208,0.005458451091,0.015161269,-0.00484772013,-0.01901907671,0.003627285652,-0.02299816825,0.01019823793,0.01009473918
5.10318255,0.004738931786,0.01249472938,-0.004736380902,-0.01334922084,0.002906382865,-0.02259200204,0.01209087387,0.009019394834
5.100327316,0.001773463796,0.009337823205,-0.005149348682,-0.01086305049,0.00154000281,-0.02040667396,0.008330471177,0.008568029606
5.046015845,0.001552533166,0.005959541825,-0.007918299765,-0.01940709845,0.00038105022,-0.02513881634,0.006431645265,0.00980735869
5.096220883,-0.002817803529,0.009854242887,-0.005139591488,-0.01268961334,0.0008771481703,-0.02142144299,0.01218834797,0.007895642779
5.106776357,-0.001989551207,0.008294737176,-0.00815994884,-0.01644558727,0.001270367597,-0.01938551821,0.009281438741,0.007674701386
5.104641043,-0.004266227148,0.004028149943,-0.006904282265,-0.01836677269,0.001513664575,-0.02423151627,0.006997533069,0.008139061082
5.085419469,-0.002030791811,0.00877137463,-0.00456851891,-0.01321155897,-0.002010016079,-0.02444926908,0.01035761586,0.008641009207
5.013968309,-0.001748703868,0.007134789612,-0.009871356637,-0.01571558178,0.004177432283,-0.01710162102,0.009945286612,0.006780620227
5.129185858,-0.001084443215,0.004174009757,-0.003702704778,-0.01583409516,0.001212385583,-0.02432366634,-0.0006774093317,0.00832245804
4.952120518,-0.00269824456,0.007223340137,-0.003821497296,-0.01242243086,-0.004857157218,-0.0270082743,0.01534439325,0.01123343114
5.231269579,-0.001799120016,0.005397040794,-0.008550203217,-0.01621728735,0.005892680969,-0.0135354987,0.01218975643,0.007269261285
4.792645285,-0.004827730998,0.006564686895,-0.00380154444,-0.02109180292,-0.0006215253967,-0.02984776879,0.008333259389,0.007520169387
5.601389311,-0.01070870164,-0.005204096655,-0.009938837468,-0.01384510685,-0.002287752719,-0.02207528791,0.00679956691,0.005641402606
2.105887571,-0.01209857449,-0.002810867617,-0.01036749998,-0.0137971068,-0.003626381311,-0.01847243854,0.01329548818,0.006567932685
-1.74076355,-0.01128583563,-0.005300470319,-0.007625345027,-0.02107508169,-0.000373814114,-0.02700653626,0.006161627106,0.00830260336
-0.9084643053,-0.008613676542,-0.00275382325,-0.008666027241,-0.01514049724,0.001759761588,-0.02464338655,0.004342647947,0.00629318126
-1.370531352,-0.006939482479,0.001533239794,-0.01015899831,-0.01003373769,-0.001942911943,-0.01968727811,0.01016814394,0.009394925237
-1.109323284,-0.0106214709,0.002466969853,-0.003008863976,-0.0147835709,-0.001820324424,-0.0226195497,0.01332178394,0.01019106487
-1.253218387,-0.005510423548,-0.0006486610194,-0.01171190642,-0.02054659732,0.003162415527,-0.02151163896,0.01068193726,0.006756504092
-1.154277293,-0.003550153483,0.00760500282,-0.008072329382,-0.01106006346,0.001393652243,-0.024100999,0.00716809976,0.008738730373
-1.230873025,-0.004278867441,0.007019685925,-0.00536188051,-0.014987159,0.0003682054939,-0.02131151415,0.01335107255,0.009407545148
-1.174929217,-0.0009250878371,0.004698472357,-0.00469491247,-0.01741850851,0.001007997302,-0.02629383384,0.00667226982,0.009992812542
-1.235573541,0.001262924325,0.007194161977,-0.008869960046,-0.01317256801,0.004049849464,-0.01226973112,0.01284596815,0.007157255052
-1.191590112,-0.001107073699,0.00698415521,-0.004589501878,-0.01086777507,-0.001401022485,-0.02786631576,0.006406291638,0.01244710926
-1.205902347,-0.0005254459397,0.01043701419,-0.005635713295,-0.01591986531,0.001938711582,-0.03418054066,0.01635080069,0.01019376273
-1.220408888,0.0005155451486,0.008336141159,-0.007313972732,-0.0125150305,0.007602110347,-0.001866066586,0.01127370054,0.004695312727
-1.183671171,-0.0001169688018,0.005268449374,-0.005831431918,-0.01460258419,-0.002403735533,-0.02835631691,0.004237191444,0.01306338605
-1.249418772,0.003482453808,0.009091890834,-0.008996597533,-0.01157566366,0.001522592438,-0.03070893902,0.0224315081,0.01198313671
-1.181419283,-0.0004828875,0.006155680935,-0.006556181483,-0.01391887909,0.003631785302,-0.002804716652,-0.003827133354,0.005538757765
-1.193787987,-0.0004292373733,0.0149293809,-0.001183584858,-0.01245707485,0.004197398054,-0.03323712319,0.01814151528,0.009830009938
-1.164526354,0.01492040818,0.01626844437,-0.005999161059,-0.01767056785,0.002729274202,-0.02278164658,0.0169365718,0.01054643541
-1.171270108,0.007742336594,0.01753070808,0.0006392756594,-0.005848375457,0.002283370298,-0.01152664545,-0.005690788376,0.009462623314
-1.179828035,0.003478638393,0.02308686491,-0.002376519779,-0.0129700843,0.006150464236,-0.02697707619,0.03495528993,0.01125582922
-1.224997111,0.01130843268,0.01024140861,-0.003045014736,-0.01987297651,0.0027024238,-0.0244507018,-0.0007575487132,0.007023537267
-1.155791019,0.005746258445,0.01591644544,-0.004469260202,-0.005921435944,0.00343735605,-0.01053733427,0.01143087381,0.006286275371
-1.157785631,0.003503461809,0.0160802106,-0.004347307827,-0.01371413529,-0.001520800886,-0.03143857895,0.01368296358,0.01477847328
-1.212369008,0.004210992099,0.008407485033,-0.005885554086,-0.0207625006,0.003934183869,-0.01636946867,0.01187712593,0.006654747613
-1.184672783,0.002301021767,0.01083416106,-0.0004652986934,-0.009722415416,0.004927688956,-0.01543685718,0.0006232884461,0.006251824617
-1.211013594,-0.002170265007,0.01046742245,-0.009773132376,-0.02179877915,-0.00663515634,-0.04005805637,0.01233566163,0.01117957607
-1.179285889,0.0007919437244,0.003436901099,-0.007526172761,-0.01264620725,0.0048063286,-0.009422446566,0.02044797648,0.004807424435
-1.231182481,-0.002548905127,0.008659708458,-0.0006836964587,-0.0141802927,-0.0007604879339,-0.01896106989,-0.007843238044,0.006925692573
-1.225589056,-0.004257024321,0.006605423156,-0.01202302649,-0.01799996087,0.001794706202,-0.03817310443,0.02132330174,0.009715703059
-1.212501863,-0.0004871423729,0.003646149022,-0.008133467001,-0.01195342982,-0.000244049249,-0.01039243261,0.006772786281,0.007295919847
-1.181712171,-0.003684004404,0.009205582385,-0.002154590858,-0.01123697584,1.130378483e-05,-0.02206349763,0.00638017557,0.007512933304
-1.22473502,-0.000231604725,0.003374366925,-0.00689848566,-0.02639551316,0.00336189169,-0.03184762319,0.0148027447,0.008777768636
-1.178521748,-0.003421841278,0.005864966703,-0.006737763245,-0.0127236107,-0.0009142058684,-0.01692247046,-0.00130612052,0.006401688182
-1.172110161,-0.001633351192,0.01272599601,-0.002882518205,-0.008327288437,0.0001620337646,-0.02155432665,0.02172007053,0.009344337453
-1.162872247,-0.00560274121,-0.003688074057,-0.01070515082,-0.02990323247,-0.001673081764,-0.02567161505,0.004939410975,0.007856372242
-1.183603645,-0.01242870223,-0.003128308673,-0.007420214885,-0.005534024983,-0.0009776556105,-0.02193575092,0.008966155279,0.00571395866
-1.175180208,-0.01028541864,0.000665279498,-0.01136065204,-0.02027895528,-0.001024694376,-0.02273591025,0.01811868219,0.00792473954
-1.167098746,-0.01141265186,-0.008796204868,-0.009340337025,-0.01995098404,-0.003767524535,-0.0250072655,-0.007454332293,0.008562823945
-1.206036831,-0.008394190599,0.0066729657,-0.005218130708,-0.01036246745,0.002240265188,-0.02066718011,0.01694073827,0.00773309846
-1.241945867,-0.006807579102,-0.004055210196,-0.01102624923,-0.02475227324,-0.0004919892016,-0.02830766751,0.006466148146,0.009361219148
-1.197455501,-0.009285484169,-0.002762545646,-0.004243334676,-0.01479530357,-0.002490986341,-0.02119718206,0.01049317941,0.008095276593
-1.181888824,-0.00483946801,0.007324974655,-0.007927915212,-0.009626870144,0.004919472215,-0.02085153822,0.007391322843,0.008073013943
-1.219753991,-0.003780646372,0.002582757566,-0.01120148598,-0.02269397245,-0.0005732675586,-0.02545001317,0.01810130862,0.008764682602
-1.201535905,-0.002688608099,0.004166998063,0.000485458053,-0.008774652565,0.0008705759338,-0.02019163368,0.01503144009,0.009551384646
-1.248869827,-0.0008193478286,0.01130548352,-0.01094509227,-0.01769432298,0.005500162474,-0.01732369021,-0.002455161906,0.006973138588
-1.180064329,-0.002002571946,0.008964856787,-0.005042528007,-0.01112341818,0.002817520732,-0.02651162331,0.02786146048,0.00963524003
-1.189742542,0.001510488108,0.003232362352,0.001388142735,-0.01502586989,-0.005032508714,-0.01922600903,-0.005243911828,0.01221782394
-1.215720947,-0.0002942349126,0.01155835521,-0.009200356538,-0.01435591225,0.007680662984,-0.02480821123,0.001415259545,0.007275148673
-1.188310353,-0.0005402104784,0.005612830823,-0.007907900737,-0.01491143228,0.001906694661,-0.02026038594,0.03584606602,0.01074932286
-1.175566402,0.002955488798,0.0009007446982,-0.001243635121,-0.01642784068,-0.0048377354,-0.02261653459,-0.01639981986,0.01030398344
-1.210405388,0.001241555388,0.01826214914,-0.01346050122,-0.007922004404,0.008840314504,-0.01955810273,0.03684706017,0.007866945793
-1.162835476,-0.004151297333,0.005312531468,-0.005589114377,-0.0147959722,-0.0009856878669,-0.025403026,-0.006057594394,0.008176848058
-1.133520072,0.009633613491,0.01597507137,-0.001455479751,-0.0133686055,0.001860181266,-0.01311015393,0.02302902908,0.009592384033
-1.197035109,0.01390220238,0.01978735759,-0.004182089805,-0.01304332907,0.008828456281,-0.02548830966,-0.0008315858964,0.01260239209
-1.192368307,0.003025665423,0.01863590375,-0.003690450506,-0.01040100805,-0.002250903381,-0.0272284832,0.00918133947,0.009288863188
-1.201531521,0.01254123791,0.009229507801,0.0005629836035,-0.01192352931,0.00706306536,-0.008054458514,0.02339084983,0.00944724508
-1.203135847,0.006865419782,0.0171620666,-0.002435481047,-0.01684891517,-0.0008349041139,-0.02522056753,-0.006415231941,0.01010496959
-1.130430098,-0.0006309565617,0.01862128358,-0.007083895364,-0.006516457264,0.006094200504,-0.0273797462,0.03134563057,0.009447961732
-1.194251521,0.005403483135,0.0131608279,-0.001994012083,-0.01725722088,0.002010362292,-0.008858003527,0.0006584286295,0.005891289133
-1.204903124,0.003226208131,0.01280289964,9.198035411e-05,-0.01630598936,0.0008267579425,-0.02467298565,0.01988580023,0.008738172926
-1.131018545,0.0006364519469,0.009267533931,-0.01047785474,-0.01722926777,0.001853944002,-0.02751926723,-0.002870587862,0.01047307265
-1.17958178,-0.0002143735071,0.007379602524,-0.009382898698,-0.009967641615,-0.002453733764,-0.0165622978,0.001952005661,0.00680245352
-1.212033723,0.000361257361,0.004061879848,-0.0004128756225,-0.01621536072,-0.001997848327,-0.02489486992,0.02560700323,0.01104878637
-1.21567708,-0.002768014926,0.003688569871,-0.009214567912,-0.02392607178,0.00415978474,-0.02096124915,-0.005405300507,0.005613980337
-1.212768425,-0.003787440843,0.0122544779,-0.008939874076,-0.006646210914,0.00311911799,-0.01892822064,0.02758145977,0.007795345998
-1.180220402,-0.002039658139,0.003397351749,-0.004284650511,-0.01737356222,-0.003320024163,-0.0231662833,0.002053128093,0.009025170228
-1.189358686,-0.002034090689,0.008733733321,-0.006706167483,-0.01681988664,0.002976108655,-0.01951885942,0.01642163976,0.006275791925
-1.174837812,-0.003899382852,0.008167331503,-0.002828669874,-0.01611529386,0.003440262351,-0.02214170774,0.003180280086,0.007727530022
-1.22790113,-0.002794060905,0.0008504262364,-0.008493953319,-0.01733543929,-0.003453448749,-0.02592921146,0.004682520342,0.009262801338
-1.075477229,-0.0008479985019,0.005489778807,-0.004161752944,-0.01187307374,-9.498633106e-05,-0.02276187767,0.01974365981,0.01129417882
-1.314401036,-0.01523645973,0.0003832274593,-0.006443966014,-0.01800568511,0.001072912751,-0.02030493147,-0.002385176764,0.003714403598
-0.9622242194,-0.01424270423,-0.004343875398,-0.01217240895,-0.01902147948,7.428499674e-05,-0.02492199595,0.02310432071,0.007607584714
-1.555587438,-0.009225412623,-0.003943058242,-0.00883567464,-0.01643303724,-0.004024152328,-0.0226818891,0.00356566152,0.009936656237
0.5025356534,-0.01167835461,0.0002766411223,-0.01027684249,-0.01476866842,0.002009894563,-0.02130928888,0.01289994575,0.007355648897
5.452795641,-0.006927091561,-4.335842591e-05,-0.009180385609,-0.01877854701,-0.0001875077137,-0.025307265,0.005405259881,0.008160370476
4.868576909,-0.003901332503,-0.004106032958,-0.006396669058,-0.01440540518,-0.003090535641,-0.02211755206,0.01016833628,0.008129604075
5.190389048,-0.005733147271,-0.001447189799,-0.007763852237,-0.01158633502,0.0005431044292,-0.02343074459,0.01343693044,0.009982707355
5.018415896,-0.008160333324,0.004981653394,-0.009591242687,-0.01495192372,0.001716743222,-0.02206249854,0.005609963019,0.00837243224
5.156285485,-0.001342378358,0.007119141919,-0.001755999203,-0.01253533131,0.00266138361,-0.02278927001,0.01694272899,0.009246331701
5.104675443,-0.001957448165,0.005025432826,-0.004547741625,-0.01739663861,0.0008111021622,-0.02073573064,0.006407110291,0.008734869062
5.152759729,-0.003552096896,0.007997974349,-0.007176851829,-0.01312636503,0.00113879111,-0.02362376618,0.01320766312,0.0096533973
5.083068759,2.455887588e-05,0.007756863887,-0.005055677434,-0.01450130915,0.002657091673,-0.02182264216,0.01134012376,0.009397699544
5.129980226,0.001754176163,0.003298894176,-0.006116854349,-0.01258352488,0.002789656085,-0.01592159327,-0.0005745293861,0.008131253189
5.092071027,-0.003280313116,0.01087071454,-0.004991171428,-0.01460516488,-0.002217911811,-0.03643492562,0.02152046631,0.01342925666
5.103334071,-0.0003510232167,0.005375968859,-0.006370458174,-0.01436508393,0.006474051871,-0.01034308609,0.009234716772,0.008112461474
5.095675196,0.0009929136647,0.0110245496,-0.002453841029,-0.01288808273,0.003022520834,-0.01925104201,0.01135558123,0.008071029866
5.106266973,-8.170305102e-05,0.006301930257,-0.008489311271,-0.01550561389,0.0004774201765,-0.03439499297,0.01191282971,0.01342709298
5.047046285,0.002561654259,0.00933173436,-0.00584323253,-0.007165432156,0.003133363882,-0.009374542629,0.01317758102,0.008732293728
5.186192591,0.009785181498,0.01633588119,-0.0005376173532,-0.01600959371,0.004088382508,-0.02122170323,0.01079928261,0.009267588366
4.968271725,0.009108990587,0.01636634349,-0.004223105921,-0.01577281441,0.004959452461,-0.02675644084,0.009495015416,0.01046084289
5.281686985,0.007682032792,0.01608477386,-0.005826508182,-0.006116141596,0.002452470384,-0.01557632837,0.009418613508,0.009546543436
0.122712682,0.004327651231,0.01914726542,0.0006727950528,-0.01062094492,0.002357723579,-0.02280045313,0.01449021607,0.01128300678
-1.509810267,0.004420577029,0.0112255725,-0.005950657503,-0.02012046921,0.004321916358,-0.02056475605,0.01561101453,0.007860971013
-1.071523953,0.006871310919,0.0170059688,-0.004165951711,-0.008933693398,0.002902394747,-0.02032362188,0.00614399577,0.008255780855
-1.305208987,0.002985934862,0.01388298764,-0.002738124789,-0.01403954059,0.0009063340379,-0.02480214641,0.01377781566,0.01065132688
-1.177853391,0.002245458641,0.006917206529,-0.005029859367,-0.01856599165,0.001418346265,-0.02201613085,0.008573872634,0.008518726359
-1.27446857,0.000561661262,0.009190315374,-0.004580941525,-0.01388441055,0.002829052855,-0.02133662138,0.006073625565,0.008125184805
-1.197827038,-0.000530517137,0.006076993025,-0.00786924112,-0.01517143574,-0.001115627501,-0.02477960623,0.01260579012,0.009794499903
-1.188653489,-0.001472700715,0.004631941085,-0.00686395721,-0.01745427688,3.450874481e-05,-0.02042489399,0.007636982845,0.007513075508
-1.198752503,-0.003105873671,0.009278699145,-0.005764007079,-0.01421102429,0.002402453931,-0.02241205406,0.01193085152,0.007553404864
-1.206753922,-0.001467712718,0.006082998728,-0.009325456509,-0.01610260819,0.001060295737,-0.02459241995,0.01115263031,0.007482608593
-1.187511089,-0.002016666729,0.004632411208,-0.005369554112,-0.01454931623,0.0005294225711,-0.02041603557,0.009469889339,0.007835467345
-1.213101383,-0.002481046526,0.007484879853,-0.004428574741,-0.0174880131,0.0008336620543,-0.01269771285,0.01064008424,0.009012484568
-1.199125789,-0.004261948982,0.006042742704,-0.006241276529,-0.01754800325,-0.001224847816,-0.03657803596,0.007399741013,0.01060007625
-1.185408621,-0.002123191118,0.007740581312,-0.00794835225,-0.01468334052,0.002804360803,-0.02029331139,0.01480278664,0.005742355458
-1.210950018,-0.007306295386,0.001178084831,-0.004104458084,-0.01775182732,-0.0005981400478,-0.01206137318,0.004737048069,0.006806577269
-1.175614947,-0.01659117367,-0.004043196845,-0.008963895116,-0.01634444973,-0.003302482407,-0.03551410976,0.01342363104,0.01037730793
-1.207402286,-0.008910286353,-0.003957809199,-0.01155027019,-0.01599486361,0.001319913465,-0.01983435221,0.009142929051,0.00663664522
-1.214848083,-0.01249227597,-0.004575999385,-0.006875795305,-0.0153468774,1.772355757e-06,-0.01797627852,0.005381450761,0.006091990976
-1.206931272,-0.00902723096,-0.0002439975407,-0.008410437983,-0.01610651549,-0.001367439266,-0.03165175656,0.01380766724,0.009932317279
-1.233463639,-0.003769436856,0.001335905471,-0.01116494699,-0.01505781021,-0.0001767681509,-0.01892384997,0.009659699235,0.008810989286
-1.184246392,-0.0109782058,-0.002599390996,-0.006577082785,-0.01575689992,0.00469197655,-0.01519670316,0.005450623413,0.007512847879
-1.145929831,-0.005664616624,0.004465731771,-0.005347905338,-0.01567875778,-0.006208765592,-0.03802915034,0.01201953071,0.01148329248
-1.226460642,-0.0009194529112,0.006115162816,-0.01127105376,-0.01127594659,0.0058609502,-0.01166780088,0.02058486991,0.005736652684
-1.215508195,-0.003539582394,0.004960542902,-0.002063104829,-0.01451385977,0.00280013775,-0.01502135191,-0.001444331375,0.008129082779
-1.158011214,-0.002982550099,0.008082154676,-0.007463549194,-0.01719888424,-0.000592087115,-0.03838146919,0.01261333601,0.01241685968
-1.212763442,0.0009734559123,0.006667506783,-0.008562969171,-0.01049173725,0.002916216173,-0.01294969948,0.01179369034,0.007172898128
-1.164053324,-0.002642909967,0.008829383331,-0.001973345528,-0.01125928456,0.001246469857,-0.0172889641,0.00829874676,0.008117976913
-1.169901914,0.0002493299468,0.005573578059,-0.002644509423,-0.01861316714,0.002253063417,-0.0302635955,0.01570012336,0.01185999417
-1.19363453,0.0004830993917,0.005673625333,-0.009766341882,-0.01494575793,0.002582993303,-0.01955335158,0.003880199916,0.009017945055
-1.190153926,-0.0009090201298,0.0133218742,-0.0063006315,-0.004277034037,0.002661853813,-0.0173406086,0.01608645437,0.009157177819
-1.235590228,-0.0006403264502,0.005045153023,-0.004547844395,-0.02054081801,0.003130345926,-0.02248686929,0.01343018519,0.009149941246
-1.208956982,0.003182596377,0.006485161554,-0.003888870266,-0.01358552968,0.002873919187,-0.02499012683,0.007129834695,0.009684813927
-1.197190512,0.007127963519,0.01831703742,-0.004285297308,-0.01082755795,0.002675029029,-0.01834636705,0.01198594435,0.01132597747
-1.208917202,0.008954055749,0.01674842238,-0.005639833949,-0.01224462855,0.004592617484,-0.01938796664,0.01490087922,0.0111221629
-1.189983296,0.009648773674,0.01940794479,0.0002983996478,-0.01074770298,0.00614045267,-0.01905839891,0.01266184215,0.009054093987
-1.18215721,0.009348097416,0.01786387036,-0.002355522002,-0.01478080983,0.003898876564,-0.02341730499,0.005817640755,0.009972170429
-1.176550203,0.004127398579,0.01243764668,-0.005390041088,-0.01283063113,0.000465154446,-0.02225809479,0.01680588847,0.01117608814
-1.215837716,0.00653479816,0.01497933191,-0.001193049954,-0.0106674842,0.003500249579,-0.01874079274,0.01086223402,0.007289954404
-1.211515804,0.006171097989,0.014737829,-0.003956595979,-0.01866589385,0.005169075295,-0.01990304039,0.009933616858,0.008917815236
-1.199236656,0.0005674651325,0.009605208721,-0.004166128674,-0.01303880746,-0.001789761845,-0.02406171433,0.01130211258,0.01042492987
-1.2033927,0.0009903255839,0.01025063208,-0.008043940958,-0.01288721242,-0.0001362976685,-0.02038326394,0.009904722726,0.008403583501
-1.209032298,-0.001244417738,0.009606099368,-0.004907659493,-0.01760804794,0.002366523155,-0.02373652087,0.01002346984,0.008227439937
-1.195662267,-0.002282338784,0.007902007616,-0.004293524633,-0.01741257843,-0.0006073089434,-0.02167799172,0.00984967091,0.007335499216
-1.224095126,-0.001772392961,0.005250941195,-0.007979333096,-0.01398038938,-0.001294827333,-0.02120690974,0.01046499035,0.008814850288
-1.215497135,-0.001818191708,0.007414154112,-0.004445349144,-0.01477356447,0.0005736514405,-0.02391048345,0.01126389168,0.008763509328
-1.216467169,-0.00350342932,0.007651057039,-0.004199411886,-0.01954327739,0.00100448394,-0.0225437243,0.008439320645,0.008263587607
-1.187521785,-0.002060047975,0.006562542694,-0.006727366206,-0.01557166896,0.00145859365,-0.02228490574,0.008617018292,0.00683105383
-1.19644588,-0.003244827826,0.006364857445,-0.006079078747,-0.01190900136,-0.0004755619205,-0.02078591495,0.01904232035,0.009775910811
-1.23119063,-0.004623731583,0.005378824153,-0.004347176985,-0.0180700253,5.83364744e-05,-0.02731751242,-0.004278724712,0.01008451962
-1.208938475,-0.003237440881,0.01081648968,-0.009677497955,-0.01499809811,0.003663731995,-0.01693379897,0.01862999424,0.006453928612
-1.204267461,-0.01114573807,-0.006966467931,-0.006459422018,-0.01826059416,-0.001948578629,-0.02079686386,0.00487191309,0.008315247366
-1.175820572,-0.01392274365,-0.004230994347,-0.007275035749,-0.0172578901,-0.006280896342,-0.0339172922,0.009598816222,0.008950061285
-1.183475742,-0.01042107449,-0.001902103868,-0.01279667534,-0.01293012169,0.006444616392,-0.01217735486,0.01954242314,0.005665275955
-1.205386398,-0.01251695827,-0.004555957165,-0.005106711119,-0.01803860426,-0.002717602296,-0.02554269114,-0.01005167253,0.00756760761
-1.206030807,-0.005301630601,0.002601062692,-0.009099070071,-0.01246290248,-0.0002212623169,-0.03022874588,0.02909472002,0.01085932889
-1.206702262,-0.006698185727,-0.002777656757,-0.007868621693,-0.01623908012,0.0009487409578,-0.0130504478,-0.002669142588,0.006243351713
-1.194519013,-0.009854165568,0.003406453405,-0.00414698318,-0.01519735534,0.0005732311893,-0.0234908824,0.01427014527,0.008948679704
-1.148143246,-5.194519861e-05,0.002724543677,-0.00779480364,-0.01848229024,-0.0005715844539,-0.02920489303,0.01034274351,0.01314448776
-1.191099278,-0.00312986924,0.006487577425,-0.008653541678,-0.01161909314,0.0005007511303,-0.01521815022,0.006233900442,0.006838949227
-1.212962108,-0.006036371203,0.007374968541,-0.001491790653,-0.01319220181,0.002913346733,-0.02271332443,0.02030299317,0.009452863944
-1.181089553,0.00130617702,0.003716360164,-0.009804914754,-0.02168409631,0.002109308921,-0.02440054436,0.002201287786,0.008143768486
-1.184318347,0.001874613969,0.01053886101,-0.006637356086,-0.004640629012,0.002097029801,-0.02130158826,0.01645089412,0.009665162912
-1.186232443,-0.003801389328,0.009467686605,-0.0066651055,-0.0159195077,0.000824772921,-0.02137293288,0.003587040045,0.009401797686
-1.149742048,0.0003187173317,0.004446321484,-0.004862450211,-0.01669624498,0.002149128707,-0.02151668138,0.01447668634,0.009389917982
-1.184056846,0.001798294587,0.006798942974,-0.00220214456,-0.01222153164,0.002022765463,-0.02134565733,0.01131408499,0.01129435915
-1.181875598,-0.001560680563,0.01078678855,-0.009317549094,-0.01195410814,0.002893453443,-0.02236969454,0.009033325598,0.009928413474
-1.184758611,-0.00204803271,0.007182377419,-0.003055670376,-0.01571174494,0.002866556227,-0.02194211014,0.01491254605,0.009092789697
-1.097070019,0.004863848385,0.01100999722,-0.003549111572,-0.01275160177,0.0008112868817,-0.01857090143,0.006574142155,0.008845483221
-1.233991101,0.009369987201,0.01845230825,-0.005611424654,-0.01241880013,0.006044554338,-0.01939745072,0.01709709036,0.01144668129
-1.108391139,0.007543376458,0.0164373489,-0.002040867414,-0.01275492004,0.00249237734,-0.02188226964,0.006856877225,0.01160968031
-1.342856177,0.01007033378,0.01807997544,-0.00168575379,-0.01202072098,0.003883982226,-0.01873918991,0.01306006581,0.009883053143
-0.9122847799,0.008343791637,0.01653695508,-0.003333129645,-0.01424478382,0.004083920354,-0.02153796624,0.01033954442,0.009530478138
-1.708776899,0.003076191567,0.01225582555,-0.004419166757,-0.01343650809,0.0005431711866,-0.02041406915,0.01356721431,0.008927734583
2.447002113,0.007815678825,0.01501436483,-0.002562568729,-0.01104251836,0.003413762023,-0.02207095015,0.009844641851,0.01070412254
5.621805277,0.002862940439,0.01314297452,-0.005701995825,-0.01654223016,0.001470304236,-0.02100305987,0.01118182291,0.009292186165
4.830872528,-0.0004640997873,0.007906961795,-0.003571745254,-0.01620796215,0.001567749843,-0.02163576196,0.0110140487,0.007387498077
5.271654353,0.001903434271,0.008445191856,-0.004110448726,-0.01734950896,0.001443341983,-0.02182993611,0.008396952312,0.008998747036
4.988997588,-8.55747846e-05,0.008589295701,-0.005856187066,-0.01481820952,-0.0002462516254,-0.0264019905,0.005812568244,0.009533338201
5.155251665,-0.005214037168,0.008039558396,-0.008250954957,-0.01336147688,-0.002076629032,-0.01724322046,0.01979747999,0.006879087338
5.040016393,-0.001768112613,0.001740732127,-0.007121340269,-0.01693246993,0.00614615541,-0.01871226213,-0.006192533818,0.007876490035
5.135847927,-0.001669098793,0.01025793026,-0.003913834094,-0.01162255935,-0.007031746639,-0.03607108824,0.01668296384,0.01068765921
5.092538725,-0.00377266916,0.003317165436,-0.009334591615,-0.0122267837,0.004001619648,-0.007839188115,0.01707722649,0.006217236245
5.111096004,-0.002294194185,0.007591222237,-0.002376676982,-0.02068695529,0.002456914812,-0.02034985693,0.001524229949,0.005981961397
5.063277472,-0.001457302924,0.008777244724,-0.007134187378,-0.01604435921,6.441532673e-05,-0.03542589553,0.014547443,0.01308865105
5.070954794,-0.0009236040827,0.002790622354,-0.007764954693,-0.01110860124,-0.001158242474,-0.01214008762,0.003253153249,0.007487437457
5.134585044,-0.009009243188,0.005444217863,-0.002671142431,-0.01761184276,-0.0008721485215,-0.0221287502,0.01910203021,0.007662790602
5.039618021,-0.0117074948,-0.005684160841,-0.008695528502,-0.02138441101,0.001076818876,-0.02821180712,0.001348923874,0.007770247011
5.149806954,-0.009926680324,-0.005813512301,-0.01457732905,-0.01565114671,-0.002456252192,-0.01974579784,0.003717776292,0.006324483716
4.983815062,-0.01368512553,-0.0009808023645,-0.002337966495,-0.006680921423,-0.004352432085,-0.02595555747,0.01852702984,0.01130266885
5.234367089,-0.01037424156,-0.00106069429,-0.01123863605,-0.02183608535,0.003143297201,-0.01816283541,0.008048706117,0.006522078718
4.453315311,-0.006295516357,0.001521872966,-0.01002761606,-0.0175138809,0.003209919426,-0.02439143117,0.008947814218,0.007580629649
-0.9863186637,-0.01039158322,-0.002583481703,-0.005444997699,-0.01538682865,-0.002538456564,-0.02515839117,0.008960734684,0.01110083232
-1.219778036,-0.006059211511,0.002966712867,-0.01089182529,-0.01391002598,0.001627535626,-0.01987701688,0.01028977139,0.007731232052
-1.185857158,-0.001694812165,0.005090759994,-0.003727210654,-0.01621476856,0.002014462269,-0.02164988937,0.00849589728,0.008414008453
-1.192062668,-0.0006995824703,0.004219472953,-0.006485829624,-0.01542701195,-0.0005405447268,-0.02462025374,0.008807467814,0.009162578382
-1.222504181,-0.0007691885509,0.007113156264,-0.01129314619,-0.0123757423,0.001796169495,-0.01846438706,0.0132297717,0.009769177184
-1.190674085,-0.001492998441,0.0104825597,-0.002242288902,-0.01298342434,0.003641799363,-0.02350172648,0.01002470556,0.007871117964
-1.192194501,0.0006958242433,0.007092080488,-0.005479334023,-0.01588508385,0.003648969313,-0.0220027718,0.01086124358,0.009619916316
-1.248945318,0.0008637237795,0.006566373644,-0.007626271572,-0.01238225372,-0.0001673465711,-0.02079720744,0.009311081931,0.009296089636
-1.263900914,-0.001469584234,0.007552885543,-0.005339998998,-0.01267149649,0.0009920567893,-0.01983900194,0.01107119229,0.01081207567
-1.255275668,-0.001875789116,0.006829676532,-0.004010286585,-0.01706216199,0.005535234529,-0.02335054369,0.009427425395,0.009707765723
-1.151866058,0.0001343824371,0.006793148771,-0.006196833465,-0.01268182452,0.001014069945,-0.0204971315,0.009167878523,0.007910645407
-1.196938956,-0.001345947015,0.006307597014,-0.006052615349,-0.01043955282,0.0007508218346,-0.02883510738,0.01460185957,0.01059275711
-1.249723786,0.006328661436,0.01448064725,-0.004820555263,-0.01245257115,0.006028405884,-0.008348891609,0.01207241994,0.009748786556
-1.213879517,0.009754037492,0.02078419096,-0.001668272084,-0.009411091118,0.004344935488,-0.01990595911,0.007716085937,0.01085188839
-1.189960354,0.008338465812,0.0184947073,-0.002809787145,-0.01636904572,0.004652062308,-0.04240167044,0.01736937683,0.01099749567
-1.216608271,0.0113281678,0.01494146075,-0.006167633144,-0.01020586015,0.005838380599,0.002230282412,0.007695045946,0.004705339198
-1.180741656,0.005509521634,0.01400744366,0.0006215411731,-0.01087573562,-0.001129197213,-0.02782069415,0.01170182629,0.01216137739
-1.162248489,0.005957836539,0.01430027902,-0.009482889065,-0.02029821549,0.004870687088,-0.02629935908,0.01540152218,0.01209699003
-1.235809049,0.006295870813,0.01380560345,-0.002279368681,-0.01107748866,0.002276401219,-0.01312282055,-0.002271638243,0.00577226702
-1.230069886,-0.002379832894,0.01642751772,-0.003377211303,-0.01290905195,0.00172537434,-0.02576292778,0.02890395266,0.008483162066
-1.26308843,0.004553332678,0.004269480885,-0.007851532905,-0.02212599975,0.002663130608,-0.01633493549,0.004934391158,0.008084619629
-1.194382844,-0.001475323546,0.01103398431,-0.00498237973,-0.01311427975,-0.0008732059745,-0.02550171887,0.0006646034102,0.009527677683
-1.202713353,-0.002262320332,0.004713705408,-0.005125924197,-0.0138383699,-0.0003761477184,-0.02695906644,0.0210617453,0.008711445448
-1.158644184,-0.003294887523,0.004264867209,-0.00888705364,-0.01942815416,0.0016535448,-0.01219117165,0.004874333687,0.002716768545
-1.244381476,-0.001569283963,0.01077725158,-0.002408674159,-0.008581247629,0.002529229975,-0.0269739062,0.009173334073,0.01000578553
-1.213417588,-0.0008880878867,0.00350798195,-0.009745816312,-0.02518929007,-0.002059853294,-0.02573707036,0.008279071579,0.0114623782
-1.190169488,-0.003247752334,0.006639392218,-0.007049264493,-0.008419791022,0.001410313862,-0.01864659231,0.009716857289,0.006940496382
-1.209513699,-0.001394253679,0.009514205822,-0.003225395555,-0.01674372884,0.003116800045,-0.02097711592,0.01637051704,0.008050721205
-1.171933592,-0.0008584968175,0.001040434705,-0.008620007309,-0.02064119314,-3.66733333e-05,-0.02576102666,0.001224179694,0.008811806852
-1.217382223,-0.00260969836,0.008286002453,-0.007325598952,-0.01160666212,-0.001053542378,-0.02328752254,0.01511383848,0.01095904726
-1.193820089,-0.01134597765,-0.0003766540769,-0.01010839249,-0.01779890791,0.0001014198538,-0.02254581368,0.005987458817,0.005701684822
-1.21102928,-0.01271762103,-0.007595249117,-0.008091910599,-0.01909904103,0.001509061173,-0.01922154273,0.01012494581,0.006047257185
-1.211332404,-0.008703809099,-0.001465970519,-0.004664885986,-0.01197389236,-0.002149677808,-0.02810203694,0.007129943103,0.01032063365
-1.197624216,-0.01137675739,-0.005794095921,-0.01346995238,-0.02004718288,-0.0008427332947,-0.02546769392,0.009471396498,0.00902034113
-1.191631593,-0.008508905628,0.0009507422547,-0.006161045258,-0.01304465736,0.001334127879,-0.01884880677,0.01019359121,0.006669428099
-1.190656575,-0.006912529014,0.0006115074685,-0.006105776603,-0.016409331,0.001354916272,-0.02107163006,0.01152742013,0.007508281849
-1.189812844,-0.008265930025,-0.002541794985,-0.00954598847,-0.01857081051,0.002432999365,-0.02595503646,0.008104544426,0.008579310593
-1.198579498,-0.005184274184,0.004623822201,-0.006420601694,-0.01112209759,0.001009483111,-0.02172352498,0.009748061951,0.01068921862
-1.177335278,-0.002884624055,0.006502589921,-0.005519367956,-0.01608577765,0.002034169042,-0.02209787059,0.01061903014,0.007341458676
-1.193112729,-0.002831934481,0.003169010295,-0.005768496545,-0.01680248076,0.00177642527,-0.02285898918,0.01060170472,0.007503481304
-1.170766115,-0.0004157125632,0.007312457947,-0.005966751134,-0.008872987835,7.752333415e-05,-0.02183658533,0.01107148273,0.0108962936
-1.177360356,9.764568716e-05,0.007848075115,-0.007623325167,-0.01506395045,0.002293483211,-0.02318200727,0.007956718175,0.01013303315
-1.206389476,-0.001129036383,0.008246549065,-0.005231852335,-0.01581249015,0.003017884635,-0.0209517497,0.01351967129,0.009033402851
-1.173650624,0.000208049911,0.007556587525,-0.004303159731,-0.01385969183,0.002514679579,-0.02179831715,0.009011979025,0.008914915117
-1.196103663,0.000655330361,0.004959135181,-0.00697017943,-0.01430391136,0.001395279243,-0.02225465993,0.01290817402,0.01097899729
-1.203115002,0.00174032733,0.007041430336,-0.005704223066,-0.01240856598,0.001507828339,-0.02441543386,0.00661961534,0.01045274717
-1.208172191,0.0002652619007,0.01075711948,-0.004957598102,-0.01361451314,0.003146986291,-0.0188412664,0.01685128509,0.007639854167
-1.193446072,0.0007978481758,0.007847472431,-0.007100203002,-0.01675473406,0.005787888225,-0.01486174038,0.002215583163,0.007605473915
-1.236181007,0.01118004525,0.02036024201,-0.0005796330239,-0.007717331793,-0.0005254382807,-0.03253799861,0.01755512101,0.01338621853
-1.190983664,0.01051341108,0.01602987881,-0.006697192289,-0.01113314064,0.005324453296,-0.01354354478,0.0206848192,0.01008735271
-1.240147834,0.007893946189,0.016763203,-0.001607994152,-0.01595873685,0.006205929549,-0.01787123526,-0.008253076998,0.008264470986
-1.148127626,0.008110008074,0.02022348175,-0.005734761334,-0.01004108287,0.004124615513,-0.02907859957,0.02517732955,0.0109765877
-1.217874231,0.00622201044,0.004548087997,-0.005721256359,-0.01464114901,-0.001039972677,-0.01227072584,0.005443385478,0.0104799285
-1.215538932,0.003804361942,0.01670324738,-3.709573816e-05,-0.01058024769,0.005498543342,-0.02093867352,0.01517434802,0.009806475232
-1.214617472,0.003910141486,0.01661054981,-0.007125366394,-0.01681840658,0.005010382112,-0.02823731308,0.01054286468,0.007557580537
-1.179458657,0.001439170501,0.006742241007,-0.007205745274,-0.01551510498,-0.001430039046,-0.01791307457,0.001418984722,0.007940710666
-1.203604154,-8.0841739e-05,0.01161803461,-0.001947470469,-0.0092565573,-0.0004090422842,-0.02125883792,0.0241313489,0.01101752751
-1.152512707,-0.001393610982,0.007871515611,-0.009184090153,-0.02554865463,0.002819172905,-0.02412080857,-0.003140084583,0.005189529331
-1.157200297,-0.00184891213,0.00453174786,-0.00653474549,-0.01149771215,0.001009753037,-0.0220968767,0.01244351868,0.006261018772
-1.194342249,-0.001240997274,0.005555419905,-0.005335994008,-0.01569178831,-0.002348691643,-0.02203358801,0.009334990027,0.01092244219
-1.234189603,-0.003406906471,0.007347312368,-0.008518179569,-0.01702362352,0.003888202541,-0.02233382617,0.01291035793,0.00778917859
-1.18385296,-0.003065549773,0.005847782052,-0.002538095131,-0.01396444143,0.001710986063,-0.02214064778,0.01140869977,0.006586071424
-1.190829185,0.0006208455037,0.006777805549,-0.00821035259,-0.01593257377,-0.001716745522,-0.02366471951,0.007658954632,0.008723646057
-1.179256487,-0.003094845194,0.00624219273,-0.00694419265,-0.01437247535,0.002073391838,-0.02229814066,0.01638650066,0.01060639787
-1.206063201,-0.003729971269,0.006990289972,-0.004942296958,-0.01711697828,0.001267349341,-0.01994675258,0.002987345054,0.00758527135
-1.17877123,-0.002834591085,0.001157413172,-0.007973628462,-0.0169226481,-0.0001027549077,-0.02472401069,0.01479349825,0.008592721148
-1.21478764,-0.01354020942,-0.004860157766,-0.009949712734,-0.01452821529,-0.003253311783,-0.02421552547,0.008622184871,0.008310827183
-1.166925009,-0.01370828053,0.001009806542,-0.008295821572,-0.01492361934,0.001826639078,-0.02013483444,0.009311996507,0.00730002548
-1.253452563,-0.01112482504,-0.002339879787,-0.008606914226,-0.02090704441,0.0002947690341,-0.02553833213,0.008448168746,0.00708101353
-1.088742801,-0.009459874215,-0.004302314784,-0.0101435745,-0.01370065956,-0.003136688497,-0.02274205389,0.008969184354,0.00821847391
-1.375658345,-0.007325769829,0.002504538357,-0.007799920987,-0.01368804609,0.001947870152,-0.02169892679,0.01021402438,0.008542210583
-0.929790744,-0.0102714141,-0.001883183132,-0.007837699166,-0.0181275736,0.0004916526132,-0.02502760738,0.00489258116,0.008893638606
-1.718589546,-0.004511041599,0.00180336863,-0.005644884037,-0.01506374021,0.00114334001,-0.02220992181,0.01246406549,0.008669454792
2.222427002,-0.00270577132,0.003996460485,-0.008854616461,-0.01461374608,0.001940797806,-0.02100584908,0.01197151318,0.008684883532
5.625873688,-0.005011000595,0.00685252545,-0.007858732424,-0.01303859172,0.002030824411,-0.02135007965,0.009973287578,0.01002981855
4.845044959,-0.001342713428,0.006299045449,-0.004378422625,-0.01361343182,-0.0007806603663,-0.02568508676,0.01435883969,0.008847991485
5.271559445,0.001079853638,0.005503217851,-0.009913299603,-0.01778963029,0.005535394414,-0.01253887145,0.004976958456,0.008110081682
5.028497176,-0.001789807953,0.008433199244,-0.003981480737,-0.0121396249,-0.003462051541,-0.02946476007,0.004533735094,0.01144472564
5.169934202,0.0002632866498,0.005611511066,-0.007517206949,-0.01223339903,0.0002810474853,-0.02310252022,0.02860945311,0.01072924744
5.116149364,0.002048091313,0.005959668573,-0.005357975228,-0.01614838822,0.007213431843,-0.007731058434,-0.001490153475,0.006137528874
5.109557238,-0.003193201854,0.01255094176,-0.006714850384,-0.01141769029,0.0002776551591,-0.03435149659,0.01373247951,0.01147508535
5.107590835,0.001653671365,0.006136104855,-0.009382888056,-0.0116857254,0.001420521095,-0.02084283138,0.01829414,0.01075703933
5.125078412,-0.001668567844,0.007104874165,-0.003319739773,-0.01439929599,0.002151319206,-0.01169041129,0.005218666627,0.006669594336
5.065870885,0.005341389514,0.01576501488,-0.001084601602,-0.01551319042,0.005638291327,-0.02963009236,0.0142482234,0.01083989448
5.043877333,0.01360731658,0.01594051805,-0.007859842521,-0.01549090704,0.002522574444,-0.02026385168,0.006531021419,0.009986120964
5.097641865,0.008618007047,0.01767702736,-0.001930385663,-0.003903785006,0.002000947463,-0.01800380416,0.01005139848,0.01090725174
5.063861801,0.00708871107,0.01961595257,0.0008953946641,-0.01748140211,0.004795046518,-0.02038935889,0.02289111269,0.01100742981
5.104504158,0.007338846765,0.01181489784,-0.006685252041,-0.01871411093,0.009246241277,-0.02428218123,-0.0002710291199,0.007388693793
5.006634051,0.00402132963,0.0168369666,-0.003110680334,-0.004495983713,-0.002404174917,-0.02105874766,0.006014754248,0.01195484815
5.207362535,0.006287866882,0.01217173485,-0.006306133361,-0.01569164168,0.0007086724714,-0.01735797154,0.0270763349,0.01109914965
4.501761558,0.001941436844,0.007697832138,-0.002414955412,-0.02174077923,0.006966362976,-0.02162916358,0.003307378455,0.006092346823
-0.9621486304,0.002399062209,0.01439859193,-0.005857822072,-0.009959288404,0.001510526408,-0.02539046662,0.003350904897,0.007462769233
-1.263134931,-1.543420822e-06,0.005758439099,-0.01063787695,-0.01156681122,-0.001532818828,-0.02133173378,0.01490242307,0.01050155754
-1.218624755,-0.003427978338,0.007239936247,-0.0003825785038,-0.02098917774,0.0008720157879,-0.02003139826,0.01514339129,0.008305803094
-1.210497364,-0.001794462427,0.007383800739,-0.005749048661,-0.01887403264,0.006900629917,-0.02459347687,0.00406777559,0.004859157853
-1.198812361,-0.002250394024,0.004400214974,-0.01269108556,-0.01233915804,-0.0007391272436,-0.02525328208,0.005203950829,0.008201027372
-1.188266557,-0.001212751372,0.005396777871,-0.002088267348,-0.01074155202,-0.003072888642,-0.02171122464,0.01447898564,0.01104975132
-1.180363092,-0.00264646748,0.00881768241,-0.005212042569,-0.01881867344,0.004195695557,-0.01893726973,0.007601202327,0.00679811382
-1.257169716,-0.00311577299,0.004721608715,-0.01024270365,-0.01817001717,0.001410974426,-0.02648845007,0.008935769134,0.007109108913
-1.165097291,-0.0033511965,0.004836475711,-0.004607257805,-0.01235717026,-0.00263639947,-0.0221310233,0.01274763961,0.01087211453
-1.219339414,-0.003639103157,0.008164612261,-0.005124016731,-0.01461979468,-0.0002887921794,-0.02177847029,0.00948903242,0.009469523089
-1.259456691,-0.01187458057,-0.000949028124,-0.009719199397,-0.02224539534,0.0009101516262,-0.02279208141,0.00987330382,0.006606025769
-1.248769523,-0.01212479098,-0.006774486831,-0.008516091218,-0.01541074502,-0.001279773751,-0.02575494727,0.008402461875,0.00721166468
-1.204752512,-0.00861677411,-0.002536135143,-0.009723705503,-0.0171900026,-0.001894830466,-0.02256696622,0.007863211129,0.009579470656
-1.208845427,-0.01367083953,-0.001005688833,-0.005425048208,-0.0141492249,-0.001728629095,-0.03014909016,0.01229805951,0.007831914211
-1.183607236,-0.009100874117,-0.000278362754,-0.01214872481,-0.01666365203,0.003404615401,-0.002260747929,0.01076519635,0.006321834968
-1.212970073,-0.007246719956,-0.0007064733126,-0.005953304779,-0.01564425986,-0.004618881403,-0.03766370293,0.0002012039531,0.0121206212
-1.264421249,-0.01022668521,0.003337776594,-0.008611031168,-0.01541675637,-0.001158187177,-0.03636303269,0.02906501339,0.01059965841
-1.207722339,-0.003027208486,-0.0003242391216,-0.006626886882,-0.01431617505,0.009108216628,0.009840020481,-0.004437185601,0.002578005641
-1.215262352,-0.003166742811,0.007404183161,-0.004378939569,-0.01655331453,-0.003012077132,-0.04491452572,0.00997587528,0.013381502
-1.207120651,0.0021743711,0.00299773041,-0.01266353289,-0.01365299755,-0.0003585256832,-0.02648248758,0.01570729435,0.01344450751
-1.198467957,-0.004059569834,0.007153692464,-0.001866635073,-0.007344850208,0.004673092083,-0.001534883378,0.003850711587,0.001884964691
-1.251555045,-0.005106059954,0.01288121895,-0.001663896945,-0.01513237503,0.004118167971,-0.03538092735,0.01840718811,0.01128653673
-1.224254371,0.005959372939,0.001046016916,-0.009067623409,-0.02304000314,-0.0001902130495,-0.02131519023,0.004116293707,0.01093005527
-1.188052268,2.413184569e-05,0.008942431641,-0.00647270399,-0.0033834108,0.0006050206913,-0.01633758502,0.009238253384,0.009353928691
-1.21679722,-0.005622129605,0.0109834823,-0.003221846757,-0.0179624856,0.00222430855,-0.02734021307,0.01730437138,0.01072519163
-1.205890294,0.003253608369,0.002508716402,-0.005666466937,-0.0213382696,0.004943227617,-0.01645799482,0.00394807165,0.004506720164
-1.208734987,0.002121901939,0.009601379916,-0.005401839907,-0.004190829342,0.0009649119577,-0.02344557262,0.01035266021,0.01152443123
-1.208372517,-0.002625772745,0.006275641785,-0.011119611,-0.02109562667,0.0005865069694,-0.02585792072,0.01530030268,0.01118255543
-1.200449614,0.007359496785,0.01813053661,0.001379139585,-0.008624041641,0.007104119376,-0.0148875305,0.01036699379,0.008772835644
-1.207253131,0.01159472401,0.02113650876,0.000305469786,-0.01384638923,0.00520899769,-0.02154841364,0.01204980862,0.00906280424
-1.203426579,0.008971870947,0.01153591462,-0.007753180021,-0.01747623384,0.002763813801,-0.02644332309,0.01226884114,0.01050977324
-1.21846131,0.01017344261,0.0200262572,-0.0002159362717,-0.009522777973,0.00476490804,-0.01708230988,0.0133827978,0.01054203483
-1.182451517,0.004568516585,0.0165087024,-0.001648374222,-0.01503547163,0.003578370631,-0.01939926538,0.005621381483,0.006855718328
-1.181055561,0.004900397606,0.01113473107,-0.004702741177,-0.01781385124,0.002374140926,-0.01943561697,0.01242265121,0.008720721219
-1.196506307,0.006299118954,0.01523754501,-0.002795527512,-0.00715158237,0.001592905561,-0.02625779583,0.01519405685,0.01225859649
-1.177100954,0.0005438684219,0.009606226188,-0.006408370662,-0.02075752377,0.002501580527,-0.01888261036,0.005673498892,0.007340513873
-1.217307409,-0.002553602613,0.008731071239,-0.004266932096,-0.01313787613,0.001060502019,-0.01957540939,0.009737997983,0.006510500842
-1.205937382,0.0008743929432,0.00828653171,-0.007253997557,-0.01343199026,-0.001049147886,-0.02279288367,0.01579337674,0.009060091287
-1.225565462,3.693122466e-05,0.004294919596,-0.00706954881,-0.01838106945,0.001892199376,-0.02366217516,0.001083277567,0.008109806553
-1.182676944,-0.00425935546,0.007546453393,-0.005329127817,-0.01451567522,-0.001513264714,-0.02176953381,0.01347795857,0.008109222367
-1.216636739,-0.001769560752,0.007506397186,-0.006559525692,-0.0129610952,4.867975077e-05,-0.02369794249,0.007655470978,0.008222300604
-1.22185651,-0.001112236638,0.004025179536,-0.009066938315,-0.0179536766,0.001564529008,-0.01940736654,0.01359678758,0.007609373924
-1.224368499,-0.001834909593,0.007621931796,-0.002509545706,-0.01308288784,-0.0001346924125,-0.02649693521,0.005735904112,0.0099272482
-1.174873433,-0.002846841766,0.008082343785,-0.009240733999,-0.01632925535,0.001091400718,-0.01752498446,0.01608733018,0.008044783568
-1.219342906,-0.002035643918,0.005509854501,-0.005446515287,-0.01530022054,0.002235811338,-0.0205864573,-0.002630001646,0.007335709473
-1.189389687,-0.003417907684,0.008638113917,-0.003892946981,-0.01684037931,-0.002877215041,-0.03383974092,0.02186877986,0.00860247309
-1.210398364,-0.01318587699,-0.01130358494,-0.01181918837,-0.0197422826,0.001628932852,-0.01022154937,0.004734931363,0.004583184901
-1.266418611,-0.01359823545,-0.0007827300958,-0.005515648619,-0.01153212184,-0.00221584825,-0.0240605218,0.004670772535,0.008156980427
-1.153950418,-0.01084197305,-0.002015355275,-0.01095872617,-0.01541110532,-0.0001316941058,-0.03169225863,0.01632017732,0.0107744215
-1.195976328,-0.01086544929,-0.005490499473,-0.007761615199,-0.01935969594,-0.0005294732083,-0.01245765636,0.002959734483,0.005702091042
-1.208615859,-0.008227667223,0.00636047179,-0.003674846673,-0.01049775671,0.001125034594,-0.02200020035,0.01933336032,0.008613232723
-1.210566234,-0.007584998682,-0.003885386143,-0.01256664039,-0.02197457038,-0.0008297481929,-0.02793643006,0.001114491906,0.01026946881
-1.262289687,-0.006317496938,-0.001609229761,-0.005956142275,-0.01152109034,-1.861528719e-05,-0.02065144238,0.005877854933,0.008741923497
-1.175714178,-0.004720288221,0.009262425317,-0.004743428182,-0.01068932361,-0.0003925248611,-0.02079507574,0.01757074642,0.01059327532
-1.21617966,-0.001876737896,-9.340069772e-05,-0.01182969574,-0.02363583096,0.001631079214,-0.02209991006,0.007412739867,0.00831700827
-1.211933956,-0.001314992479,0.007349502123,-0.003733139795,-0.006650529302,0.002657924438,-0.02430883444,0.01317786446,0.009100371099
-1.175578181,-0.00185159411,0.009393791638,-0.009497789844,-0.0154130724,0.0009734571626,-0.02065667406,0.007525706946,0.008907308811
-1.170646365,-0.00119902503,0.006216435721,-0.006504407899,-0.01195047228,0.002583124877,-0.02299223759,0.01582480874,0.009651809859
-1.186543654,0.001479245193,0.007243058945,-0.001950047702,-0.01245309966,0.0009084615988,-0.01948713103,0.01068422562,0.008878024715
-1.173366621,-0.0004251207148,0.006989277635,-0.0109130232,-0.01723138118,0.002524071572,-0.02137379322,0.005592233481,0.008993580078
-1.132525241,-0.001706709993,0.008026687766,-0.00373473418,-0.01155967971,0.0007308711935,-0.02319353859,0.01821653994,0.011685691
-1.18350212,0.002198088974,0.01040074356,-0.002614627864,-0.01185588783,0.001766926803,-0.02011789379,0.007419091116,0.009409288178
-1.164570386,-0.001966147559,0.003627257589,-0.008613906373,-0.01778839638,0.003306458386,-0.02116342757,0.01332954556,0.009124821223
-1.183086446,0.004322582545,0.01329781386,-0.00187095941,-0.007737631092,0.0006423915125,-0.0222487429,0.01174497442,0.01150326057
-1.232326513,0.01313046018,0.02183933856,-0.003793292776,-0.01166489293,0.005750056944,-0.01759698864,0.01079171297,0.01112690664
-1.173690533,0.008160735488,0.01533503801,-0.003117739961,-0.0119761839,0.005045326199,-0.02224051339,0.01047480266,0.009619236926
-1.199434319,0.007695936301,0.01541654996,-0.002517199668,-0.01157854253,0.001558482676,-0.02086173647,0.01148952871,0.009954335311
-1.116268516,0.007140046353,0.01498496364,-0.003682097675,-0.01371942106,0.003313599194,-0.02008979357,0.01137340734,0.0111560815
-1.247989231,0.002309019014,0.01310074756,-0.004741213626,-0.01410790081,0.00307153962,-0.02089940996,0.01180611902,0.010177617
-1.087588315,0.005846580731,0.01678867193,-0.00214553151,-0.01563321725,0.003237980962,-0.02177995644,0.01098465953,0.008838133048
-1.314066727,0.002520978833,0.01115374498,-0.006034370034,-0.01507211815,0.002015121801,-0.01916889266,0.01189823066,0.008909852932
-0.9313839224,-0.0008158058941,0.008217962864,-0.004999225149,-0.01240064764,-0.0008995542514,-0.02453355362,0.006669828354,0.008443212535
-1.667320393,0.0002521662926,0.008765256589,-0.006878043513,-0.01705853369,0.002249878144,-0.02150746485,0.01659858187,0.007042039728
2.951878159,0.0002087765346,0.005818861575,-0.007032816564,-0.01779198011,0.003902425732,-0.02052331941,-0.01014546371,0.00747403437
5.559417286,-0.003764817033,0.009715448067,-0.006089410329,-0.01195267922,-0.009111556226,-0.03514838882,0.02019945767,0.009624902225
4.856435464,-0.001290900642,0.0009175031451,-0.00934172497,-0.01640597254,0.004641595062,-0.01078418727,0.01666072234,0.006639199632
5.24132424,-0.00183066912,0.008902355858,-0.003181928056,-0.01882772578,0.001828575988,-0.01958971651,-0.0004633761333,0.007208885112
4.951103034,-0.001978401632,0.008351086883,-0.008611707945,-0.01471671465,0.001482256991,-0.03713694234,0.01385362826,0.01164703538
5.150900985,-0.001056724667,0.004838210567,-0.009630916678,-0.01409436559,-0.0008377855312,-0.01057941289,0.01078714723,0.006248777884
5.028980495,-0.00509529122,0.006156961046,-0.0001364315367,-0.01664517956,0.002103002751,-0.02140785274,0.01132806819,0.008431309125
5.134811439,0.0002739973966,0.007363986497,-0.005301718893,-0.01980389998,0.001976554727,-0.03049637521,0.005347193986,0.00934168415
5.096772686,-0.007548517165,-0.003247752647,-0.01517990012,-0.01226666974,-0.003212864972,-0.02089740635,0.004486485372,0.007085760229
5.031686452,-0.01819358559,-0.001486681049,-0.00337797292,-0.009557725211,-0.002808705252,-0.02349728482,0.01731505514,0.009098003642
5.102139157,-0.01042965661,-0.00232135043,-0.009584021541,-0.02588448729,0.002549591007,-0.02267159337,0.009537410187,0.005865092664
5.047714058,-0.0114572533,-0.004231546006,-0.0100155717,-0.01624320503,-3.705242247e-05,-0.02433845488,0.005593309555,0.00710094688
5.1277309,-0.008699708333,0.00109245032,-0.008625394236,-0.01048251105,-0.003273984109,-0.02335543231,0.01177140734,0.01019994361
5.019244085,-0.006782646696,-0.0006861947538,-0.01030064992,-0.01777354108,0.002531570373,-0.02009363899,0.008518400227,0.008436842685
5.18485709,-0.009219675634,-0.001377772243,-0.0048370734,-0.01797592399,4.012576041e-05,-0.02183162725,0.008159708658,0.007757940047
4.950799954,-0.00296226396,0.002529469893,-0.01019052676,-0.01223131666,0.0004371668898,-0.02460466924,0.01469316767,0.009980221523
5.358403002,-0.003450188152,0.001760924928,-0.009539324496,-0.01570784378,0.004434500179,-0.02185736386,0.001510335168,0.009768933174
3.817570521,-0.003770496789,0.009984211372,-0.002297228086,-0.01049263928,-0.002977911106,-0.02481000137,0.01357751444,0.008199517969
-1.372527665,-0.001589910682,0.001107434047,-0.008312031949,-0.01966031335,0.005243873288,-0.01502504912,0.01850868509,0.007868828484
-1.064318026,-0.0007494875619,0.005540887569,-0.006438395555,-0.01570385987,0.002401935733,-0.0231740896,0.004558073797,0.007736700613
-1.325716996,-0.000143269416,0.01094206481,-0.00599562206,-0.007534853463,0.0008675999757,-0.02618866388,0.008234370202,0.01167959214
-1.143489324,-0.001443480759,0.006653907201,-0.008483615192,-0.01392757211,0.002062029374,-0.01802932423,0.01295289429,0.008463423584
-1.229362672,-0.002546977414,0.006058230249,-0.002391655554,-0.01885515721,0.002584668392,-0.02096121973,0.01344464189,0.00804000158
-1.194894496,0.00108579272,0.007461379444,-0.005372197429,-0.01286391091,0.003428629509,-0.02439258868,0.005459358889,0.01034887037
-1.260890503,-0.0006905509368,0.007827731833,-0.01232292433,-0.01030019794,0.0007120971354,-0.02090461766,0.008743132855,0.00962004063
-1.200216796,-0.00279496745,0.01198044095,-0.001641132894,-0.01092093438,0.001284320012,-0.02080620508,0.01490235615,0.01118408044
-1.222241316,0.009758398713,0.01560657626,-0.00514863244,-0.01762191585,0.006743685524,-0.01922934893,0.0140431357,0.008947020141
-1.202048373,0.01055050687,0.01685810636,-0.004950344471,-0.01251487336,0.004970017309,-0.02209692881,0.006858800026,0.01098720385
-1.205621735,0.007568011814,0.02060662632,-0.0003740102289,-0.007833243652,0.000820377754,-0.02349321687,0.01635252725,0.01255183138
-1.203040531,0.009141179625,0.01746078517,-0.005448398749,-0.01740087282,0.006084671203,-0.01022160379,0.005930352213,0.008913448224
-1.212319044,0.005125557518,0.01396965112,-0.0009947204604,-0.01463052039,-0.0001204200036,-0.03231894188,0.008594219748,0.009739333249
-1.240210152,0.007072242051,0.01334714142,-0.005634406807,-0.008481270013,0.00163011643,-0.01919060857,0.02051179431,0.009391725174
-1.215758953,0.005204831457,0.01447347066,-0.004157297652,-0.01558616882,0.005266094305,-0.01265175452,0.00170559156,0.00870213967
-1.183812145,-0.001149006664,0.01341417734,-0.002860505773,-0.01652043549,0.001576738966,-0.0327555413,0.01478972156,0.01080858385
-1.197235772,0.002809325171,0.005745789446,-0.009117159273,-0.01232797867,0.000625864776,-0.01406229333,0.007092530576,0.00623884968
-1.219052973,-0.002277800244,0.007093868091,-0.005781750813,-0.01585530119,0.0003559650169,-0.0218544938,0.01425720523,0.008689811562
-1.214869215,-0.003165898443,0.009038605782,-0.0006897256002,-0.01713291898,0.001453567836,-0.0294732224,0.008125563559,0.01046501553
-1.219199177,-0.001659151159,0.006629300155,-0.01061469638,-0.01932851588,0.001201400399,-0.0172956805,0.002240865515,0.005680049435
-1.213211524,-0.002105063771,0.006273596401,-0.005425502166,-0.01088102493,-0.0008992896163,-0.02506579567,0.01846045473,0.009385071232
-1.205743621,-0.001230663367,0.005166402016,-0.003486188148,-0.01954989583,-0.0001039503557,-0.02204004614,0.01006780509,0.008622380744
-1.201053871,-0.00233288858,0.00618898829,-0.007995445291,-0.01458257994,0.003757249957,-0.02010475614,0.005845949747,0.007374905076
-1.233920223,-0.003371296657,0.008657895285,-0.009090746537,-0.01319330648,-0.0001414768623,-0.02509790618,0.01139080192,0.009938022969
-1.231502811,-0.0008112084555,0.002478577661,-0.007119220736,-0.01716306779,0.000576631461,-0.02110162632,0.01284017533,0.007654537852
-1.136671681,-0.004612863689,0.005864893342,-0.002786600881,-0.0153584341,0.001390744468,-0.02127574831,0.007790814396,0.007132297178
-1.223734379,-0.01333928925,-0.002647230899,-0.009018574936,-0.01771511505,-0.003354345808,-0.03010178058,0.006755733893,0.009674136809
-1.244355181,-0.01246639047,-0.004547232236,-0.01153529539,-0.01683511299,-0.0016023606,-0.0214193452,0.01099190795,0.008476028839
-1.195137399,-0.01115533155,-0.002590226811,-0.005770918402,-0.01445760073,-0.0002147100445,-0.02324357832,0.008325963574,0.007091524183
-1.209384301,-0.01165365731,-0.002418753198,-0.00875518248,-0.02008087383,0.001504087576,-0.02506471822,0.01172979553,0.008674442835
-1.210723246,-0.007761687211,0.0009287787664,-0.008802605478,-0.01412191242,-0.0002536951466,-0.02213523451,0.007322623679,0.009510181879
-1.226130037,-0.007773949526,-2.717805808e-05,-0.008018520462,-0.01365054227,-0.0009117825815,-0.02450419818,0.01216007075,0.008544576418
-1.255021369,-0.006995934091,0.0001593863523,-0.007883615146,-0.01911150722,0.003304407133,-0.02175654785,0.008571562454,0.007536590514
-1.208911434,-0.00419353804,0.00405825082,-0.00540032122,-0.01306336771,0.001391915093,-0.02517481375,0.01442213975,0.01003323344
-1.167077102,-0.003558796587,0.004579209159,-0.007924163021,-0.01250828675,-0.001458115212,-0.01750692573,0.003784096199,0.008909470861
-1.200823961,-0.00280481502,0.008365607234,-0.00921691991,-0.01304010028,0.003618838053,-0.02465485958,0.01481174597,0.009078127163
-1.199234762,0.0001236500005,0.007300984322,-0.002473040018,-0.02009072607,0.003954391846,-0.03026754555,0.01612224986,0.008922116375
-1.204753826,0.001378399247,0.005705209203,-0.004377903309,-0.01339451454,0.001073949235,-0.01327990367,-0.001114511433,0.007204308704
-1.217235246,-0.001677762024,0.008573985504,-0.009527666545,-0.006265362397,0.001138556794,-0.02220514545,0.02191546378,0.0112544371
-1.215443701,0.0009825967227,0.007905494256,-0.004665909686,-0.01632781125,1.511522612e-06,-0.03089173984,0.01129217346,0.01283349651
-1.205168403,-0.000854798053,0.007498786056,-0.005306011826,-0.02009250354,0.008848124088,-0.005225781968,0.007213780557,0.006061468571
-1.219247615,-0.001433292875,0.01138142228,-0.004667544624,-0.007305646604,-0.001592057947,-0.03341136615,0.001246637667,0.01131803923
-1.198818805,-0.0002046506882,0.006891977901,-0.009330770518,-0.01181801011,-0.001744135836,-0.02723814827,0.03202441922,0.01106183838
-1.204636252,0.00612333887,0.00629473373,-0.001792823908,-0.01836641597,0.00864690105,-0.001998834681,-0.005257277281,0.005210619374
-1.194821764,0.007803498027,0.0265112738,-0.003945531547,-0.009547068917,0.002639909623,-0.0329582279,0.01171935148,0.01295855413
-1.247698795,0.01107643421,0.0144403375,-0.007466379391,-0.008108030364,0.003059379401,-0.02331592282,0.01972880919,0.01167276254
-1.212069782,0.009171666377,0.01842855872,0.002878231334,-0.01001288869,0.003705967596,-0.005421094625,0.00605458186,0.007505184099
-1.119089571,0.006196450471,0.01761588044,-0.002207305282,-0.02208989354,0.006321054316,-0.03214062951,0.01813617847,0.01215821425
-1.136828157,0.005348418079,0.01053777096,-0.01117928925,-0.01447009343,0.001677250937,-0.02414243815,0.002737271493,0.008498103951
-1.218776673,0.006163751375,0.015624547,-0.0008249795975,-0.0015489093,0.000416701539,-0.01102915305,0.01402407912,0.00835749974
-1.219241969,0.002222951805,0.01224830746,-0.003340204958,-0.02496906488,0.002561473858,-0.02895311951,0.0134070023,0.01107756754
-1.177439241,-0.0005056395704,0.01013902388,-0.009231662363,-0.01583676932,0.003927350317,-0.02357599853,0.008366698642,0.006751142455
-1.165470479,0.0005546958458,0.01188290682,-0.005158333748,-0.007569019091,-0.0002155641826,-0.01614917377,0.009256766265,0.007746216555
-1.222462873,-0.0008775556122,0.003429915027,-0.00692031681,-0.02187237639,-0.001590215393,-0.02797404437,0.008216049197,0.008798039336
-1.1453506,-0.002294059621,0.007099556457,-0.004630283997,-0.01633607631,0.002241189764,-0.024963469,0.01100431637,0.007334499951
-1.188703493,-0.0005568927391,0.006811212182,-0.007892895823,-0.01491934024,-0.001828629508,-0.01759810461,0.004498471922,0.006942148369
-1.193738957,-0.001351952529,0.00331829607,-0.008611166649,-0.01736914725,-0.002231970654,-0.02628152454,0.01445091125,0.01030918435
-1.193388529,-0.002615311415,0.009571671256,-0.002904547843,-0.01561550985,0.002337272438,-0.0231814238,0.009145501549,0.007826724367
-1.156324965,-0.0028983359,0.009418744713,-0.005233548892,-0.01485141192,0.002204579227,-0.01919223097,0.006582434083,0.005921726126
-1.165797742,-0.004078582541,0.001091006903,-0.007906252673,-0.01564843297,-0.002834335665,-0.02610363576,0.01537670629,0.0105438451
-1.150602216,-0.001024580583,0.007012113254,-0.005664791514,-0.01133399382,0.0003568093555,-0.02018468377,0.007811431182,0.009394555628
-1.204268556,-0.008696654629,0.003575519297,-0.008204089481,-0.01957988234,0.003107749726,-0.02069858576,0.004208495249,0.006714047577
-1.212021835,-0.01493682522,-0.008023637762,-0.008143641375,-0.01912210905,-0.003468688352,-0.02864188178,0.01279840424,0.008050973533
-1.223442429,-0.007672084955,-0.003679965348,-0.008435670596,-0.01584588969,-0.003468693483,-0.02089038954,0.009845765002,0.009080563536
-1.163520845,-0.01300126053,-0.002730509728,-0.01102851819,-0.0148379414,0.0003304476812,-0.02342119128,0.00798510331,0.008620623123
-1.193389997,-0.009152020452,-0.0006959730031,-0.01053182749,-0.01760050895,-0.0002076885532,-0.02565781142,0.01138276669,0.008833448643
-1.173522553,-0.004718320045,2.766943869e-05,-0.006214955813,-0.01448110509,1.955911109e-06,-0.02142362266,0.009673868526,0.008117812455
-1.190318783,-0.009298303688,-0.0006921969141,-0.009707755091,-0.01485736023,0.001582850663,-0.0204929343,0.008438802537,0.00818940007
-1.230178065,-0.006565246987,0.003967030278,-0.006840529163,-0.01293755094,-0.001907030847,-0.02647313881,0.01262295268,0.01032270087
-1.178725282,-0.001406285155,0.003068060058,-0.00783266802,-0.01622813442,0.00359865519,-0.01580830911,0.01056297187,0.008132118246
-1.193532623,-0.001695761985,0.005146049855,-0.006954451355,-0.01555384535,0.0009025183778,-0.02824889676,0.0007213801597,0.01021008848
-1.093692752,-0.00335358328,0.00876772413,-0.008073013557,-0.01170485296,-0.001266927935,-0.02826478124,0.02703117401,0.01135066296
-1.263110497,0.0007562723679,0.004349248284,-0.004745253948,-0.01591017608,0.006085464395,-0.00789540337,0.002279812229,0.005792344755
3.950051469,-0.001697024521,0.01206799788,-0.003628304252,-0.01547116464,0.0009839785754,-0.02896543312,0.007164067281,0.01032643503
5.369855697,0.001128874428,0.004577787202,-0.009557018304,-0.01181479225,0.001984237853,-0.02630096202,0.01440453037,0.01195166712
4.970290158,-5.183711748e-05,0.006817208744,-0.004878704185,-0.01312452733,0.001470947764,-0.01206790365,0.009042450011,0.007264244848
5.201602451,-0.0009758971327,0.009888725697,-0.001353554222,-0.01489058711,0.004570388163,-0.02709680308,0.01394104995,0.01097378461
5.076017538,0.0003016494327,0.006979757908,-0.01054363887,-0.01938636308,0.0012923736,-0.02414239602,0.007776409957,0.01135239648
5.139990447,-0.0008255681223,0.007377272733,-0.005324714491,-0.005462344881,0.0001363262835,-0.01680839811,0.01237546958,0.01135511097
5.044588184,0.00717653883,0.0183614309,-0.0006643685287,-0.01452981773,0.004039975723,-0.02299112287,0.01637174961,0.01076307
5.091872982,0.01214827745,0.01719009477,-0.004673028334,-0.01837190645,0.006064816631,-0.01992794542,0.008737710073,0.007584148378
5.127308434,0.009000148448,0.01765422311,-0.002558505699,-0.006285889477,0.001999213071,-0.01980717743,0.01147899652,0.01215705615
5.082788144,0.008451046359,0.01746080238,-0.006882074859,-0.01549961041,0.003210661007,-0.02137384428,0.01177154951,0.01038310829
5.143987596,0.00345199319,0.01270791934,-0.002806652483,-0.01452122956,0.004744415197,-0.01994243712,0.01165167547,0.007447278397
5.021042901,0.005068313216,0.01559664628,-0.002382581255,-0.01307553783,0.001395812805,-0.02017563304,0.008802362756,0.009782581548
5.136957396,0.006003769125,0.01273645662,-0.007971824646,-0.01509433504,0.0005078348323,-0.02383896745,0.01126989301,0.01165134891
4.952286042,0.0005833424975,0.01176586762,-0.003737844208,-0.01542149259,0.00225178141,-0.02219727971,0.01194341558,0.007998594993
5.272611899,0.0009845189189,0.01137382878,-0.004023082972,-0.01630691013,0.002207084595,-0.02157957859,0.006686312611,0.006691930224
4.767978016,-0.001115759717,0.005418090571,-0.008908159407,-0.01729646562,0.0009632031027,-0.02139866809,0.01113960168,0.007361826024
5.55628294,-0.0007521473127,0.008234331373,-0.005118211574,-0.01148622707,-0.00353223642,-0.02324449929,0.01035858387,0.00994726166
2.738068606,-0.003974394024,0.007538783433,-0.008342809068,-0.02073116086,0.006191016628,-0.01934086582,0.01200857821,0.00708449366
-1.692898514,-0.003327599702,0.006343489717,-0.004958816458,-0.01885139493,0.002517335956,-0.02527836426,-0.009822407668,0.007192343697
-0.9614139222,-0.001937106404,0.0085370014,-0.00453059367,-0.006702270995,-0.00953567044,-0.02714845305,0.02842828561,0.009992597711
-1.353497668,0.0003475727127,0.001697172659,-0.008734823681,-0.02047216148,0.007840178831,-0.009878019277,0.01319681524,0.006374758308
-1.06636493,-0.005520124257,0.008937607359,-0.002894734876,-0.02103819573,0.001759919483,-0.02869221893,-0.001267372883,0.008132274835
-1.267044719,-0.002274270635,0.008418331786,-0.007302940275,-0.009667070812,-0.0008914345438,-0.02986249059,0.01209850245,0.01003738908
-1.164802398,-0.0038727274,0.005014513045,-0.008313166004,-0.01354466481,-0.001859683653,-0.008597600868,0.0185777725,0.005860724517
-1.197759479,-0.01352592379,-0.003460316158,-0.0008190995451,-0.02538636734,0.0008535053688,-0.02965067094,0.004249298598,0.00801146259
-1.219459301,-0.01030691042,-0.003673520791,-0.01213979608,-0.01651124481,0.0002020007294,-0.02698343889,0.005250593387,0.006496103651
-1.187409741,-0.009237927012,-0.005822953869,-0.01640658558,-0.01052304474,-0.00299815057,-0.01394250048,0.00236402929,0.008111303113
-1.215514156,-0.01386734337,0.002761388888,0.0002969946804,-0.01253400987,-0.00706940712,-0.03643936312,0.02009669678,0.01208415846
-1.261434126,-0.004418799918,-0.002665656968,-0.01210082669,-0.02612353368,0.00923886294,-0.01147730654,0.01472139664,0.00293672277
-1.229406676,-0.008663446687,-0.000261628003,-0.010536158,-0.0137777447,0.0002710732414,-0.02067385078,-0.003716140734,0.007593203563
-1.237835288,-0.009587037762,0.002831573312,-0.007167169988,-0.008736368301,-0.003883764732,-0.03555023108,0.01927116707,0.01545647155
-1.236609106,-0.002408859517,0.0008382980082,-0.00931334572,-0.01892075548,0.003532460677,-0.01040803166,0.005546145294,0.006600873098
-1.249016551,-0.004061139304,0.006874506948,-0.003623536783,-0.01341988463,0.00263145045,-0.02169698481,0.00942714468,0.005392132557
-1.195981472,-0.0002065342793,0.004493156901,-0.006777086147,-0.01540203917,-0.0004389503766,-0.03313293036,0.01344217129,0.01227127955
-1.200279981,-0.001227566562,0.006128153875,-0.01086377913,-0.01427254807,0.0008023291779,-0.01508978784,0.002905088227,0.01009687304
-1.243536683,-0.004340784686,0.01187946553,0.0003799498642,-0.008028557218,0.003100736807,-0.02303622363,0.01896976469,0.009151260711
-1.231864899,0.0005148574688,0.003803389629,-0.006898607452,-0.02443476466,0.001291427732,-0.02367683815,0.009814527165,0.008033281254
-1.184018466,0.001358144794,0.007107778649,-0.00786792872,-0.00695021922,0.002028513129,-0.02042348013,0.006540201584,0.01058266023
-1.230626121,-0.00421281242,0.01148694935,-0.006663923126,-0.01201440851,0.000811799738,-0.02250043656,0.01050991834,0.01111234164
-1.152544943,0.0007917254827,0.006583426905,-0.006160827766,-0.01804751583,0.004593606499,-0.02225920658,0.008126057012,0.007933750617
-1.231204184,0.001960151123,0.00675951023,-0.004911346124,-0.01309564368,0.002120512935,-0.0205627785,0.01609535777,0.008872768496
-1.234252284,0.001863928536,0.01053966115,-0.008102447478,-0.01254375128,0.0002799433869,-0.0243298379,0.007246841193,0.01046586505
-1.225596501,0.009543559631,0.02105552797,-0.004227654948,-0.01352575783,0.006421919056,-0.01884513193,0.01574649835,0.01065093498
-1.236175651,0.01007384729,0.02093612956,0.001183033063,-0.01257724859,0.005294904031,-0.01970589188,0.01008154321,0.009529525408
-1.24880116,0.009652299794,0.015164431,-0.00548588288,-0.01647217231,0.004077719315,-0.0198830614,0.01439445678,0.008134656801
-1.209827045,0.007516696368,0.01385490763,-0.004705247688,-0.01090813585,0.001649585482,-0.02334099776,0.01048746193,0.01094647417
-1.182187029,0.004879392412,0.01469793087,-0.004403600731,-0.01336535096,0.000583104759,-0.02119921163,0.008221175963,0.01023933492
-1.242766426,0.005252572017,0.01575838757,-0.004207076458,-0.0167945354,0.004369958672,-0.0208043605,0.01382096935,0.008106060406
-1.217079096,0.003180004012,0.009987026828,-0.004079392394,-0.0136997158,0.0006025278989,-0.01982205589,0.01274989188,0.00799086419
-1.172549669,0.001437673107,0.01037407279,-0.004453679483,-0.01351640786,0.001611846196,-0.02351486742,0.01038104518,0.009495747382
-1.205567492,-0.0009697553388,0.01061644889,-0.009504682115,-0.01607095964,0.001188255241,-0.02445479729,0.005427793518,0.008715296559
-1.167616116,-0.001456919702,0.009354368694,-0.003659781243,-0.01510772534,0.001110918045,-0.02097594259,0.0131944411,0.00754271785
-1.176174011,-0.001089735582,0.003820699029,-0.005809092663,-0.01870939572,0.0008168846786,-0.02118848792,0.009107446181,0.007739304677
-1.211981407,-0.002367553152,0.00568581676,-0.008109399208,-0.01375866549,0.0008125923171,-0.02603202529,0.01293259915,0.008205691519
-1.182415979,-0.002912314626,0.008714407376,-0.007232169823,-0.01268221423,-0.00436885369,-0.02031440698,0.0002590589863,0.008745643265
-1.206678385,-0.002415276656,0.009138348656,-0.007685177046,-0.01717834411,0.00813986502,-0.01557022942,0.009893069335,0.007875326482
-1.179065255,-0.002206468164,0.005490530867,-0.001844961814,-0.02180505078,-0.0002266471031,-0.03643657694,0.01567804206,0.01058196512
-1.161083012,-0.003437461824,0.004863744573,-0.008065111856,-0.009869318231,-0.004118557402,-0.02146799121,0.002671230393,0.007117615331
-1.212932801,-0.002037114598,0.007103076366,-0.01077441065,-0.01025270198,0.004957600054,-0.008086192751,0.01973840232,0.005756081434
-1.163970533,-0.007975075126,0.00244273092,-0.002476533766,-0.02231345202,-0.003496510852,-0.03795297085,-0.001212882122,0.01147140882
-1.196549727,-0.01264127741,-0.00547849008,-0.01063003149,-0.0161782729,0.00131962904,-0.01769622032,0.01656794305,0.005155635827
-1.225946976,-0.01375731176,-0.0008827789126,-0.01064622751,-0.0140413176,-0.001893139055,-0.01580578123,0.005332900775,0.006556259203
-1.222314881,-0.01420770959,-0.002120112233,-0.006175280681,-0.02058922944,-0.002863306854,-0.03205287493,0.01108485239,0.009323650653
-1.226067776,-0.003877715838,-0.003991481553,-0.009748187261,-0.01879274131,0.001837923805,-0.01933802293,0.009120890987,0.008011633304
-1.194760571,-0.009553041505,0.0028183148,-0.009471695318,-0.007825730814,-0.001659959191,-0.02128275794,0.002522213747,0.008140898945
-1.206933447,-0.01174675724,-0.0002728417261,-0.005976672454,-0.01670145188,0.0003105975022,-0.02566694581,0.02421903867,0.009876593752
-1.201715836,3.237870474e-05,-0.0007772732765,-0.00742675539,-0.01996203867,0.003409852346,-0.01948103614,0.0006545716169,0.007593533637
-1.173438517,-0.005012921128,0.009951368516,-0.006974968473,-0.00958806539,0.001073860573,-0.0234162671,0.01454578653,0.01010159897
-1.162894302,-0.004548082504,0.003904018444,-0.008561763172,-0.01612313691,-0.001361714309,-0.02261893297,0.008637603804,0.01020136947
-1.185220761,0.000662074209,0.002418396782,-0.004008227745,-0.01322662988,0.0006367531341,-0.01892019602,0.009790656518,0.007395702273
-1.154952053,0.001844881149,0.00993484245,-0.003745141329,-0.01339315545,0.004323041742,-0.02505122159,0.01216151094,0.009245821068
-1.170840074,-0.001861034742,0.008066725043,-0.01007656595,-0.01616362662,0.002114970311,-0.02327595368,0.00609098304,0.01043230839
-1.195237254,-0.002463501362,0.009575744904,-0.001824376825,-0.009903348937,0.001215988604,-0.01871642887,0.0163196632,0.01011461735
-1.220268834,0.000231722945,0.00720391629,-0.004934634386,-0.01622833896,0.003343068249,-0.02024062944,0.008101434092,0.008199817018
-1.171825538,-0.001413355723,0.006758705058,-0.00862123224,-0.01403852591,0.003447240804,-0.02292518337,0.01357234568,0.009194302918
-1.168577297,0.002411223457,0.008321112032,-0.005555437088,-0.01076334926,0.0004100959058,-0.02128877886,0.007280976944,0.01141002493
-1.191442968,-0.0005893553388,0.007325750127,-0.00931015917,-0.01745468105,0.002760048787,-0.02299180535,0.01025758565,0.008653088558
-1.210394642,0.00559195762,0.0155822439,-0.001834190434,-0.01159938025,0.003758171954,-0.02174148943,0.01481270708,0.009127732477
-1.147095066,0.01439865959,0.018951125,-0.001883623483,-0.01220937555,0.002892796736,-0.01726015498,0.009851052937,0.01097765923
-1.168410804,0.008706580287,0.01593376608,-0.005684389574,-0.01139582021,0.00314730479,-0.02287019047,0.01486843293,0.0114541965
-1.235091106,0.006705557778,0.01675975927,-0.003049102259,-0.0115965725,0.004138060368,-0.02015570166,0.008248609981,0.009375790333
-1.174024296,0.006279031813,0.01597916311,-0.002365104259,-0.01518725127,0.004313635575,-0.01977914952,0.01179445096,0.006752689284
-1.194104653,0.006024079083,0.01286913534,-0.004187376187,-0.01588939401,0.002455408591,-0.02133204488,0.00907738538,0.01074248378
-1.1808264,0.006022422883,0.01516795469,-0.002544996117,-0.01052755325,-0.001274797397,-0.02510458239,0.01207664389,0.00987856835
-1.172245952,0.00140937857,0.009517789503,-0.006688251558,-0.01801199236,0.004997271186,-0.01462668215,0.0130596986,0.007917295833
-1.150553679,-1.035403052e-05,0.009379626663,-0.003066850265,-0.01743393675,-0.0001727932885,-0.02490685303,-0.003393743925,0.008541228937
-1.225052843,-7.679261784e-05,0.01193236564,-0.005600765857,-0.01253909524,-0.003374794874,-0.02746318913,0.02954711123,0.00892182399
-1.149175232,-0.001436853355,0.002694549428,-0.008686276727,-0.02005635055,0.004537669146,-0.008610630919,-0.0005046225948,0.005607588493
-1.220940618,-0.005685524567,0.009294682618,-0.004581624201,-0.01609087182,0.0002663680733,-0.0313527812,0.008987294856,0.008390276365
-1.144040173,-0.00114143201,0.005118950395,-0.009393911913,-0.0142630913,-0.000890665976,-0.02478874739,0.01115046678,0.009678179569
-1.176698318,-0.003699582366,0.005127553958,-0.005567851682,-0.01285854755,-0.0005191633917,-0.01210550103,0.008454909713,0.005155466612
4.232608121,-0.002911932439,0.008279681196,-0.002396016793,-0.0180926755,0.003633652367,-0.02832823053,0.01599945934,0.01020931817
5.323428955,-0.0007528323361,0.005583122335,-0.008441301741,-0.01956027788,0.0006082478244,-0.0230612696,-0.001094481121,0.007344862302
4.979995662,-0.004419708002,0.008114343673,-0.006948411124,-0.006986499561,-0.001258714127,-0.01911372896,0.01621911253,0.009769926923
5.162506241,-0.003737605975,0.005980583227,-0.004404891647,-0.01770386842,0.0009050763206,-0.02423737683,0.01204279076,0.01062828654
5.087155316,-0.008910949267,-0.006320973455,-0.0111256959,-0.02385938817,0.001161581636,-0.02216576183,0.006439077915,0.004189907953
5.109864207,-0.01366618272,-0.003139982896,-0.008847571964,-0.009942866452,-0.002907752283,-0.02412698483,0.007313964798,0.009875622894
5.046736883,-0.01079940996,-0.002050118385,-0.01180107896,-0.01842851055,-0.002867138004,-0.02250813193,0.01036625227,0.008234133192
5.129076138,-0.01317199364,-0.005014932453,-0.006112551005,-0.01788235734,0.001949622748,-0.02202005349,0.01061879207,0.006535741858
5.110299068,-0.007096311271,0.002543277259,-0.006311122486,-0.01436602992,0.001177751643,-0.02318753561,0.007805262565,0.007998107184
5.095679438,-0.009805963331,-0.002024445767,-0.01109522423,-0.01494358002,-0.001466478819,-0.02384253591,0.01128712218,0.01072550207
5.105421048,-0.009477400542,0.001661265261,-0.004757940735,-0.01606573594,-1.385193412e-05,-0.02231310903,0.00906056532,0.008558961318
5.0465227,-0.002694102531,0.006272647065,-0.006128142565,-0.01709859643,0.002651196526,-0.02256661825,0.01076585637,0.006876458857
5.141879929,-0.003442602353,0.001421477604,-0.009602815151,-0.01711382062,0.001175653198,-0.0227024983,0.01162661199,0.008167014451
4.97803759,-0.002368415187,0.005420297417,-0.005129871836,-0.007934179188,0.000306500902,-0.02212981268,0.009736433258,0.009350307376
5.213546336,-0.002940437509,0.01059244481,-0.006678765883,-0.01633043787,0.003843421513,-0.02314976938,0.01102291279,0.009518329535
4.768013634,-0.001869264584,0.007605358731,-0.006287487499,-0.01564061752,0.002150610013,-0.02328026696,0.01051222729,0.009950316246
5.65447857,-0.0001635703281,0.006765295376,-0.00450069283,-0.01084840975,0.0009480024683,-0.01992232515,0.01495089442,0.009914790293
2.481621622,2.478123428e-05,0.006796523367,-0.006806628616,-0.01540213247,0.003044330187,-0.02147357231,0.006961444573,0.01152760274
-1.739068529,-0.001799505883,0.007346914813,-0.005728021243,-0.0142288097,0.001059244935,-0.02474325152,0.0142549707,0.01042369116
-0.9221409604,0.0007944707066,0.006260778953,-0.005890579823,-0.0142024084,0.008113462006,-0.01108180027,0.01022038007,0.006990619288
-1.394903206,-0.0006501214429,0.005899410163,-0.004871459657,-0.01350020913,-0.003200290625,-0.02893276028,-0.002070107325,0.01162124701
-1.103063965,0.001752481078,0.01115894239,-0.006754591941,-0.008290020899,-0.001520068054,-0.02912761041,0.0276637809,0.01295631537
-1.262616257,0.01184683461,0.01682242787,-0.004699969472,-0.01561866951,0.01139005214,-5.616942244e-06,0.01077538775,0.006464988031
-1.143246734,0.008121066058,0.01793463156,-0.00190689301,-0.01703452358,0.003761778379,-0.02804101292,0.00158923286,0.01165111138
-1.26405895,0.01084186772,0.01756166452,-0.003843084549,-0.002728122511,-0.002750000171,-0.03717170533,0.0163505443,0.01482144963
-1.216803561,0.006864192808,0.01534716001,-0.006344776944,-0.01647649201,0.007039886043,0.002100407902,0.01936032097,0.004973690643
-1.202130444,0.0007815730389,0.01423991144,0.001443857742,-0.01871326092,0.005679501347,-0.02544690762,0.003237074014,0.00837086461
-1.186784823,0.008726449321,0.01331422011,-0.008347437889,-0.01404497828,-0.0001868799007,-0.03397165121,0.007081457924,0.01256837842
-1.200199541,0.004734051567,0.01127837441,-0.005983255329,-0.0041585328,0.0001498839469,-0.01002007395,0.01269513392,0.01024263127
-1.21918946,-0.005951782773,0.01111250749,0.0003674194228,-0.01864928715,0.001270990467,-0.02289907397,0.01560547455,0.007688233213
-1.242625471,0.004492303504,0.006683541812,-0.008521058839,-0.02794100254,0.004702539257,-0.02747647998,0.009700083105,0.006467974389
-1.206478347,0.002528253042,0.009775046774,-0.009130378417,-0.002895240032,-0.0009102850787,-0.01756724267,0.001935263519,0.008120502176
-1.200447307,-0.008221164842,0.006811330062,-0.003274674019,-0.01701851163,-0.003782401792,-0.02758972815,0.01561152203,0.01029187776
-1.188538293,-0.002498952444,0.001732001384,-0.005090058125,-0.02422840502,0.003571505841,-0.0194370668,0.01125658596,0.006588151202
-1.219277756,0.001518888066,0.00881168508,-0.007475012207,-0.008070863489,0.003327696306,-0.02249791347,0.004333936643,0.006537475924
-1.214085839,-0.003440408371,0.003008364778,-0.008906589539,-0.01944241087,-0.002728372613,-0.02770022651,0.0120537811,0.01128807216
-1.264131019,-0.003955943606,0.006106065115,-0.002768165184,-0.01562809176,0.0002303545821,-0.01923771113,0.009602929412,0.008373227291
-1.248251646,-0.002692989754,0.01048594611,-0.003943107671,-0.01164859506,0.003537407954,-0.01977386299,0.01320214857,0.005467991825
-1.173110004,-0.001891568046,0.002897949476,-0.009513110369,-0.02076559041,0.0004588961203,-0.02431042339,0.01071427704,0.008651347093
-1.225661693,-0.006162317455,0.001007034716,-0.004883195736,-0.01339479349,-0.002322289232,-0.02275199263,0.0079271443,0.00946448831
-1.224986978,-0.01383902967,-0.001528531656,-0.007908435806,-0.01531264214,-8.871436241e-05,-0.02184597355,0.007003675602,0.006926167449
-1.225032232,-0.01316866562,-0.006471681622,-0.01180317237,-0.02218848095,0.0004777654951,-0.02477396752,0.009971798715,0.006081428279
-1.191260606,-0.01048471532,-0.00498021771,-0.006295768011,-0.01319698892,-0.003091385613,-0.02240737741,0.01050162769,0.008088217158
-1.213078931,-0.00916961226,0.0001060242933,-0.009586425408,-0.01585569123,0.000187527376,-0.0228135119,0.007135915658,0.008961609762
-1.213112801,-0.008682959978,0.003322973538,-0.008948986342,-0.01724583015,0.003579214608,-0.02466471899,0.01041795668,0.008027871191
-1.226855261,-0.008587578198,-0.001275354199,-0.005796764457,-0.01423679048,-0.0005761881287,-0.02169503633,0.01114489895,0.00677817729
-1.260571272,-0.004924648922,0.0001663722834,-0.00880603558,-0.0170089218,-6.406564636e-05,-0.02229665189,0.008908861095,0.009954039607
-1.231302626,-0.00487946958,0.005342832813,-0.006825417315,-0.01302886256,0.000652617143,-0.02415312303,0.008780367293,0.009570722313
-1.177623006,-0.00214546987,0.005899164228,-0.005620283074,-0.01418790591,0.001369316353,-0.01932976318,0.008095187971,0.008209431845
-1.246605442,-0.0003950941312,0.004206825573,-0.007637459803,-0.01579515345,0.002888939324,-0.02262430437,0.01334215672,0.007212387395
-1.176977314,-0.0007477425298,0.007839336401,-0.00508761189,-0.01280717931,0.001845054751,-0.02471958538,0.009859191026,0.01031062583
-1.212778359,-0.0007221713051,0.01002092757,-0.005227368049,-0.01123732914,0.001439402844,-0.01995414462,0.0149536026,0.009250854327
-1.209245796,-0.000447305268,0.005962847787,-0.00788552871,-0.01943018237,0.006164980005,-0.01629506744,0.002209014265,0.008649095273
-1.181316301,-0.001767842738,0.01105175333,-0.004249166723,-0.01040659493,-0.003103635342,-0.03568986024,0.01084390916,0.01050946112
-1.22404769,0.0004691016636,0.005087600434,-0.009327653511,-0.0148478734,0.00586338277,-0.01337972859,0.02240330545,0.006952777289
-1.15649123,0.0002159352165,0.006840866748,-0.00191930015,-0.01358323047,0.001556994207,-0.01744992323,0.001115108645,0.008900372249
-1.260838543,-0.001739253564,0.01202051227,-0.008153944712,-0.0120367828,-0.0009185519245,-0.02969231984,0.006566350666,0.01146931048
-1.20307899,0.006791797426,0.01322597931,-0.005331688895,-0.01103886606,0.008170265724,-0.01824958794,0.01949978637,0.009330269117
-1.229417126,0.008198015391,0.01822935735,0.003413730247,-0.01536276926,0.002896930231,-0.01766087737,0.01627888412,0.009332255246
-1.188575949,0.0102035511,0.01696447694,-0.004457794381,-0.01344834913,0.003531262433,-0.02288427855,0.002827910712,0.009435936273
-1.206010443,0.00936170279,0.01835746262,-0.009250227964,-0.009197730289,0.002743451284,-0.02127508412,0.01630571923,0.01106202242
-1.189552443,0.004068065423,0.01525211191,0.001775707542,-0.01139181666,0.0009951356704,-0.02389846519,0.009740002376,0.0104399085
-1.228469554,0.005809077107,0.01358517299,-0.004197366303,-0.02145715958,0.006925161813,-0.01802196277,0.01340929788,0.00665877888
-1.201147173,0.006684002527,0.01585116368,-0.006286927333,-0.008584288669,0.002009549821,-0.02428552066,0.00649717175,0.0100967264
-1.157700456,0.003389225378,0.01120537639,-0.004832092325,-0.01529313217,-0.001841326125,-0.02025513731,0.0129853709,0.009429867355
-1.169206654,0.0005415318167,0.004977210886,-0.005137351824,-0.01941428003,0.003159045475,-0.02210865262,0.009309005264,0.008004652018
-1.180476079,-0.002414116081,0.01128312781,-0.004796680866,-0.01353500882,0.002112559226,-0.02327540353,0.008537811924,0.006335721642
-1.159570349,0.0008502267609,0.006487867929,-0.006195242745,-0.01473213518,-0.0003558823998,-0.02383784152,0.01064167869,0.00838622868
-1.165727122,-0.002089520105,0.0056148205,-0.006636669724,-0.01934045993,-0.000977640116,-0.02174748653,0.00882308403,0.009306395813
-1.190530546,-0.004606683732,0.009781829035,-0.004260109561,-0.01456862804,0.002220643235,-0.02308139525,0.01045318263,0.00777457728
-1.171013607,-0.0021939623,0.005453375185,-0.007720930559,-0.01453103771,0.001561270314,-0.01937931194,0.008360090425,0.007260699787
-1.225349273,-0.0005332952129,0.002722782528,-0.003539014355,-0.01336417812,-0.002096138748,-0.0231833289,0.0106968685,0.008688449627
-1.203802387,-0.0003653953694,0.008062850936,-0.004877514615,-0.01805608888,0.001116145247,-0.02322826555,0.008718477485,0.009002522501
-1.175537639,-0.005015664621,0.009056196165,-0.009163157012,-0.01756099379,0.001966231763,-0.02362386098,0.006990319402,0.007481461819
-1.156856888,-0.001822126528,0.004842234169,-0.004080940713,-0.01244545551,-0.0007960045217,-0.02229102792,0.01318822089,0.007264077065
-1.202224124,-0.009007512699,-0.004861582766,-0.007784247987,-0.019039605,-0.002886732005,-0.02326207558,0.00863986902,0.007946959403
-1.148488525,-0.0154417698,-0.003547151819,-0.01130329854,-0.01649484513,-0.0005993558946,-0.02522475662,0.008191676164,0.007936947097
-1.211173639,-0.009871063047,0.0002137445974,-0.00893889508,-0.01706732093,-0.0001657052012,-0.02368147185,0.008181116577,0.007219069475
-1.210465467,-0.01232625328,-0.003942123714,-0.006644583058,-0.01858276187,-0.001543572128,-0.02229367688,0.0108339351,0.007262809596
-1.23553896,-0.007877004601,0.0006522635062,-0.006733534175,-0.01444057176,3.117375727e-05,-0.02421082309,0.008070860541,0.009496799459
-1.207133333,-0.007859328348,0.0007796095682,-0.007583958399,-0.01279860088,-0.001772191548,-0.02509856926,0.01525084909,0.009446470279
-1.198673615,-0.007388550008,-0.002355154637,-0.0105105065,-0.01748107203,0.002622791374,-0.0145458042,0.003527079409,0.007498319823
-1.221951249,-0.004917072184,0.008052938318,-0.003684081537,-0.01235548239,-0.001609745633,-0.03225126337,0.00682795698,0.009392849883
-1.193568899,-0.003052872818,0.005275476285,-0.009391577306,-0.01446644784,0.003320461868,-0.02179280875,0.02071664477,0.008084466261
-1.212713126,-0.0001086096006,0.001098589749,-0.004899330732,-0.01415996007,0.0005963215266,-0.009537948439,-0.002786629279,0.007920084804
-1.186780982,-0.0008481829834,0.009344990703,-0.005720049124,-0.0119868996,-0.001488288904,-0.03440365079,0.019151642,0.01258560098
-1.114073341,0.0001691506125,0.006111235697,-0.009288062834,-0.01460481334,0.004496271552,-0.01888033403,0.007249176431,0.007724524287
-1.256802092,-0.0022347188,0.00976417495,-0.001900079421,-0.01283836225,0.002517696067,-0.01379193085,0.01422985331,0.00665411003
-0.9946061256,0.001519934726,0.007682926445,-0.002819465717,-0.01553509695,0.00226246524,-0.03011206714,0.01246091359,0.01407167216
-1.527182925,-5.468931534e-05,0.006595379155,-0.01294258069,-0.01525633858,0.001479628107,-0.01837962699,0.004426060962,0.01022162677
0.2880063561,-0.002138130958,0.008478118049,-0.0007819600953,-0.005993903505,0.002655417079,-0.02076983154,0.0131515016,0.009078545331
5.352578348,-0.0005039843126,0.006598218799,-0.004207461263,-0.01860107356,0.001193060338,-0.02316036762,0.01223409171,0.008993451974
4.935714654,0.003513455211,0.008041843943,-0.007236013395,-0.01105666463,0.002779984248,-0.02179885017,0.009746520334,0.009728062743
5.193120362,0.00748145637,0.02172713321,-0.003176568722,-0.008948745451,0.003645922519,-0.02095445187,0.01280279428,0.01301087078
5.025936813,0.01036245497,0.01703374392,-0.00355673289,-0.01676212516,0.005401432155,-0.02064728057,0.01283236233,0.009101960246
5.1286301,0.00822107593,0.01673208919,0.001615977076,-0.01182284538,0.004237138591,-0.01760599543,0.009984693349,0.008391839076
5.077185648,0.009716981158,0.01713524453,-0.005440448539,-0.01146797857,0.001133423621,-0.02152011235,0.007493611478,0.01075748132
5.065698995,0.005491575643,0.01069793783,-0.007453710093,-0.01659696465,0.001570483858,-0.02224640607,0.0110419098,0.01020502219
5.106667609,0.005647765802,0.01704393489,-0.0002935405055,-0.009940402383,0.004392321957,-0.01935008198,0.01037736117,0.00843282136
5.107932505,0.003744587531,0.01364577983,-0.004801617662,-0.01590392738,0.003389212142,-0.0200923662,0.01164236272,0.00908563742
5.073839568,0.0004612309739,0.005603157072,-0.006539994308,-0.01580579847,-0.0001881037583,-0.02432366208,0.01284286484,0.01022445769
5.086458148,0.0007145265782,0.00965357797,-0.005254865477,-0.01449409457,0.0002620234748,-0.02147269629,0.00989896172,0.008606450159
5.06271055,-0.001527236487,0.01039801817,-0.007142248352,-0.01855824854,0.002874069353,-0.02175084024,0.008687249891,0.007325248103
5.121754867,-0.003931256946,0.004856164455,-0.005864908383,-0.01565204884,-0.0003606016962,-0.02137293727,0.01043453835,0.007582891224
5.003748588,-0.001323419825,0.003064295673,-0.005725270372,-0.0141830488,-0.00156836922,-0.02340676396,0.007117424413,0.01020808932
5.197269238,-0.001865073584,0.008331609497,-0.008509067401,-0.01467940985,0.002554157479,-0.02279913479,0.01304849335,0.009479356728
4.925575466,-0.002531591381,0.009521581656,-0.004667141539,-0.01685948365,0.001380651969,-0.02176810778,0.00625136049,0.006967540032
5.365480223,-0.001726321274,0.008575526565,-0.004598390512,-0.01464064667,-0.0006741091027,-0.0238697988,0.009488725036,0.00722608833
0.2758428333,-0.002930834085,0.003490729599,-0.007991519422,-0.01693035375,0.001335990763,-0.01963973991,0.01502854192,0.008837614569
-1.598279888,-0.002485537076,0.005561601655,-0.002327967736,-0.01702211548,-0.0005060052044,-0.02681037917,0.00729650584,0.00897220346
-1.03888851,-0.005234038999,0.004185800624,-0.009481596459,-0.01357337017,0.004337939937,-0.01934233707,0.005555502538,0.006977092135
-1.331412745,-0.01348761777,-0.003433540592,-0.009026476437,-0.01541251788,-0.005009486949,-0.02709854023,0.007473297082,0.008345846385
-1.077166874,-0.01252927871,-0.006821137882,-0.008338579118,-0.02064001911,0.001894889902,-0.01473769159,0.01700114984,0.006938841892
-1.260845976,-0.0102215188,-0.002008025614,-0.006021226094,-0.01501477262,-0.004394159115,-0.03357636897,-0.002343715845,0.01053024045
-1.179091685,-0.01183734162,0.002448632047,-0.01566523533,-0.01386434045,0.003298932299,-0.02283811406,0.02420259513,0.005497666413
-1.250747204,-0.00669031606,-0.001812671145,-0.003559994798,-0.01890276798,0.002760213158,-0.008763795591,-0.0002640155653,0.006493130863
-1.187363195,-0.008261192741,0.002321851512,-0.008927187871,-0.01476718965,-0.003156958926,-0.03693135608,0.0114944839,0.01305707033
-1.242479769,-0.004080246242,0.001084983058,-0.01201443862,-0.009982002024,0.005086507117,-0.02275677173,0.01581884322,0.009492914164
-1.264206149,-0.006431152138,0.002618217706,-0.00463762773,-0.01949714214,-0.0004861858811,-0.01180486443,-0.002991993914,0.004955687146
-1.253655323,-0.001833368345,0.008128280375,-0.003847874727,-0.01179779338,0.00100550713,-0.03335457122,0.01800671841,0.01224287129
-1.204896541,-0.00106970048,0.004744276621,-0.01405764628,-0.01894273583,0.0003651533905,-0.02026299937,0.005270433139,0.01005502688
-1.180045798,-0.003857069713,0.006979017515,-0.0009655723653,-0.007078846339,0.0009228466213,-0.01935947632,0.009439556852,0.007006653436
-1.215229928,-0.0001424975984,0.007924027689,-0.003660145408,-0.02339754802,0.003122796971,-0.02381834625,0.02032862527,0.01022190635
-1.228765178,0.0004690761282,0.008318421944,-0.01131307428,-0.009769290333,0.003153654115,-0.02088167905,0.0005128072943,0.009062516248
-1.230109889,-0.001512833862,0.009580499578,-0.003041354651,-0.01086199897,0.002513431611,-0.01941947884,0.01480902079,0.01108522283
-1.243897197,0.0009684372466,0.003901384507,-0.005578348396,-0.02001946868,-0.0009168542455,-0.02517278996,0.006931178321,0.00987082805
-1.261861837,0.0006228963425,0.01030872706,-0.006144979541,-0.01142970606,0.005305262491,-0.01944267311,0.01376850316,0.007880818614
-1.24215418,-0.0009354979107,0.01062281493,-0.004837861426,-0.01301595329,0.003162892735,-0.02230306159,0.01070433201,0.007886977469
-1.202810133,0.006021519751,0.009844900276,-0.004818202722,-0.01651737175,0.001807349553,-0.01524180565,0.004287694003,0.01123591447
-1.248182796,0.01030485109,0.02363367709,-0.0008262589495,-0.006052801074,0.00282031792,-0.02999565935,0.0219791667,0.01182140062
-1.199354781,0.007808602474,0.01624217801,-0.006334769792,-0.01514905988,0.006178873375,-0.02073289828,0.01057048327,0.006960883366
-1.236366625,0.01013190248,0.01514678318,-0.002912876266,-0.01333751097,0.00581917215,-0.009549590378,0.007618999567,0.007320644208
-1.161797975,0.006807442306,0.01860266647,-0.001260887365,-0.009736520387,-0.001201084177,-0.03363310853,0.01122152913,0.01527696169
-1.218809314,0.003143938416,0.01297374278,-0.008807307985,-0.01646667316,0.003535388588,-0.01828499163,0.0102016476,0.008924606568
-1.212228591,0.004525296218,0.0125844335,0.0005479989579,-0.01552593746,0.004721638784,-0.01402702847,0.010998317,0.005532601449
-1.222242854,0.003400640405,0.01313056948,-0.002560228382,-0.01452441178,-6.409883989e-05,-0.02917079955,0.01064560886,0.01095437576
-1.201846629,0.001627316675,0.007275706781,-0.01117150703,-0.01422447874,0.001689734152,-0.02219924222,0.009609178397,0.008133078235
-1.180885388,-0.003364199351,0.009070850407,-0.003782075104,-0.01100789985,8.889486913e-05,-0.02031198261,0.008087265481,0.008381070771
-1.180330597,0.0002749124144,0.008029016329,-0.004447819417,-0.01983082837,0.0004630600135,-0.02701693057,0.01439581915,0.006405349769
-1.213999942,-0.001239686649,0.005895529537,-0.00947228511,-0.0180285599,0.00202384632,-0.01852633262,0.01062589581,0.007979030855
-1.176430745,-0.004495727126,0.008897372124,-0.005511880511,-0.0104150164,0.001485634654,-0.02050973896,-0.002961611517,0.008964052425
-1.187881426,-0.001545492715,0.007494599944,-0.006862497894,-0.01973519618,-0.004355781996,-0.0325259951,0.02080894566,0.01074491569
-1.197756683,-0.001001648588,0.003738202983,-0.004915543949,-0.01520047705,0.005336677456,-0.01106590537,0.01261664858,0.00521704255
-1.188000348,-0.003189184522,0.0105788561,-0.003954560022,-0.0149807234,0.001595281048,-0.02200161134,0.004876732782,0.007444738587
-1.1679923,-0.002271376038,0.004418038872,-0.01068705018,-0.01700816382,-0.0005358154298,-0.03120666174,0.009683363711,0.01206573092
-1.221708547,-0.00207748671,0.008948148917,-0.004149710253,-0.009698392029,0.0002185681855,-0.01341226908,0.01276031033,0.00662545261
-1.216828523,-0.01243705476,0.0009482986136,-0.007119061604,-0.0169860423,0.002627388929,-0.0226589675,0.008435589043,0.004951760487
-1.154902855,-0.0133936883,-0.008442807708,-0.0104631231,-0.02386944089,-0.0002024550846,-0.02930328754,0.008841354898,0.007886527933
-1.158785781,-0.008820678593,-0.0001910289296,-0.007941623148,-0.009167226754,-0.005537025693,-0.02132252404,0.004671526973,0.009396933512
-1.228313968,-0.01406079587,-0.001285602146,-0.01038939126,-0.01696883552,5.092224252e-05,-0.02283929125,0.005323673729,0.007617489123
-1.208583177,-0.007894053929,-0.001649377999,-0.00492028012,-0.0225330847,0.003890478387,-0.02654244058,0.02595513502,0.007312422113
-1.212803111,-0.005179961559,-0.001899781356,-0.006571525063,-0.01391385716,-0.002067774174,-0.01743294124,-0.004817918652,0.008392466956
-1.189817428,-0.009010169621,0.003667087595,-0.01223221695,-0.0109742812,-0.000272724788,-0.02756905672,0.01538061237,0.01046915796
-1.223622882,-0.006830705475,0.003393627125,-0.006996901395,-0.01567236853,0.003794984534,-0.02173633884,0.01260441715,0.009095818512
-1.202166046,-0.002781805652,0.004642970577,-0.001985496417,-0.01498804543,0.001514687902,-0.01603350716,0.002146138536,0.006348955438
-1.167298869,-0.002046981192,0.007045684239,-0.01027952457,-0.01522291004,0.002253446241,-0.03067208114,0.01953778361,0.01181501899
-1.199008611,-0.002996694089,0.006445533774,-0.007350401448,-0.01429980162,-0.0003333968716,-0.02065005028,0.002532152461,0.009756315947
-1.239476622,0.000601637617,0.007366330326,-0.002047114131,-0.01299715521,0.004526715525,-0.01624268241,0.01573855232,0.007703053923
-1.239319166,-0.0003973121265,0.005573142754,-0.005871427996,-0.01865400874,0.001079771061,-0.02609997589,0.009125661203,0.009937481068
-1.190754819,-0.001795080894,0.005868242145,-0.00767971097,-0.008400068768,6.476088197e-05,-0.02095342045,0.01294377772,0.009771895684
-1.232099675,0.0009757294173,0.008977126817,-0.006270627281,-0.01126191703,0.004633741256,-0.01921606449,0.008964635428,0.01070870435
-1.19406801,0.000424248009,0.008826161501,-0.00728040085,-0.01810134262,0.001256728211,-0.02457363354,0.007829503114,0.009181945625
-1.210889334,-0.0009167542146,0.007029024807,-0.005777013898,-0.01041734953,0.002202012945,-0.02026873135,0.01562404299,0.008942950592
-1.21240515,0.0006895278179,0.006434474241,-0.005933351809,-0.01259482777,0.001094202083,-0.01813437811,0.005855188116,0.009230845051
-1.171455506,0.01058872215,0.01643684574,-0.003187401922,-0.01388581281,0.003100978349,-0.02475815778,0.01392087467,0.01285400909
-1.20406982,0.009299792687,0.02105051708,-0.001227649446,-0.01379123056,0.006787725401,-0.01946171402,0.009207003086,0.008579737119
-1.200635772,0.007061555436,0.01669480919,-0.003815155207,-0.01227453876,0.003495717339,-0.0174891186,0.01563844239,0.008881885164
-1.186749228,0.009136190005,0.01494020596,-0.00145295708,-0.01219668342,0.003305328362,-0.0225328133,0.00924432127,0.0106982762
-1.138845743,0.005371680367,0.0137970253,-0.003408505671,-0.01178209589,-0.000245794863,-0.02261973608,0.01306038761,0.009657895558
-1.180119775,0.005176276775,0.01574249217,-0.007852525739,-0.01503885129,0.006786080886,-0.01278019983,0.007832492317,0.007139305151
-1.171413112,0.003926327346,0.01376308114,-0.001042842979,-0.01549178457,-0.0007068589567,-0.03333886052,0.002655045248,0.01125919209
-1.181783987,0.00219928259,0.01119610099,-0.005704603716,-0.01359963591,0.0003548529757,-0.02116080538,0.02731996394,0.008163524441
-1.201663758,-0.0005364235392,0.00530311543,-0.006410714143,-0.02020936319,0.004818294365,-0.01074238635,-0.004494298758,0.005220180568
-1.193845684,-0.001466233046,0.01072790876,-0.006233152581,-0.01315960195,-0.0004891531318,-0.03364613948,0.01331548508,0.01076668602
-1.210471603,0.001664561655,0.004096205405,-0.00858116184,-0.01391722747,-0.0001242042543,-0.02007537956,0.008802790053,0.009341751337
-1.097088524,-0.005886339178,0.007153597336,-0.004249519512,-0.01565473922,0.001559909703,-0.01637209321,0.01121015592,0.004965483276
-1.231132649,-0.001879380457,0.008635926362,-0.004967870476,-0.01917689279,0.003682128078,-0.02546171049,0.01110344502,0.00854532703
-1.059036678,0.001516221549,0.00380431869,-0.008937881894,-0.01824831061,-0.00132084426,-0.02093855999,0.002655302362,0.007677805216
-1.352675072,-0.004364883754,0.007065711907,-0.005120914107,-0.008185302006,-0.001312420517,-0.0225419276,0.01850767518,0.01014190219
-0.8932304232,-0.006073541871,0.009009064211,-0.005048289487,-0.02121071149,0.002569324638,-0.02136619762,0.008581023789,0.007791599323
-1.721687834,-0.001403562368,0.005786576906,-0.00631797608,-0.01714575086,0.001832642894,-0.02223570851,0.008332614982,0.006579642499
2.570943358,-0.004304959407,0.007356903369,-0.006793750125,-0.01189037877,-0.002603436924,-0.02558533061,0.009121320871,0.01124953252
5.634195252,-0.0140787807,-0.006147344435,-0.01295870107,-0.01979958408,-0.001025932688,-0.02241081353,0.008794410222,0.007236047722
4.869511921,-0.01330405451,-0.004778724549,-0.005803577666,-0.01374655937,-0.0001817260737,-0.02062175234,0.007122157046,0.005938581024
5.243854195,-0.009695223736,-0.002833125906,-0.009182617874,-0.01733507121,-0.001337932303,-0.02505322397,0.009342554086,0.008022136205
4.984762593,-0.01091205143,-0.003390527118,-0.01221300447,-0.01527032033,-0.0009998829905,-0.0248832765,0.01047551078,0.009203519709
5.12698427,-0.006768371946,0.00492683788,-0.004282298529,-0.01377172868,0.001604045986,-0.02199197805,0.007657904971,0.00985553942
5.081356275,-0.008778232031,-0.001631006137,-0.007482438676,-0.01777426986,0.002133561547,-0.02259624055,0.008855210587,0.008306874376
5.12631315,-0.00669831289,-0.0009080553211,-0.01009603965,-0.01626802835,-0.0003375107946,-0.02304998481,0.01066091898,0.009291509471
5.106379603,-0.003295378343,0.004820348088,-0.008043821785,-0.01036736142,-0.0003100039139,-0.02256735207,0.01011380368,0.0113610242
5.142751776,-0.0023941231,0.005784738987,-0.008764509615,-0.01627293751,0.003001113553,-0.02160471025,0.008244023089,0.007533048194
5.086457851,-0.002776279893,0.00617735426,-0.005815041579,-0.01342946616,0.002774324586,-0.0221405604,0.01006433956,0.008872502944
5.053836073,-0.001104636699,0.008159382197,-0.004969387895,-0.01220767021,0.0009317416318,-0.01951296775,0.0125493184,0.008909535343
5.109181178,0.000258919627,0.00840498029,-0.008113823153,-0.01447243665,0.002137787378,-0.02397872956,0.009106137648,0.01083107675
5.038854903,-3.362300718e-05,0.007300126981,-0.006357840238,-0.01382827932,0.003232860243,-0.02324088044,0.01051685507,0.009243980727
5.155351062,-8.73268878e-05,0.007875807511,-0.004749307437,-0.01252368999,-0.0002199626314,-0.01981814008,0.01439917014,0.007772025558
4.984392574,0.0004397285624,0.006318089688,-0.006083708655,-0.01467452435,0.001700413005,-0.01446080527,0.003170293815,0.01063420737
5.271508189,0.0007879173719,0.01125553098,-0.002941082006,-0.01327252198,0.004117862919,-0.03581483565,0.02134329697,0.01224926069
4.264412442,-0.001097298427,0.004840321423,-0.01010474691,-0.01971362876,0.005062473581,-0.01351854137,0.004250007363,0.007194851907
-1.110323991,0.00334657835,0.01266120711,-0.001990769125,-0.005908357403,0.0006257788267,-0.01830302995,0.002705450171,0.009042080782
-1.122398356,0.01047687357,0.02147363729,-0.004473864924,-0.01366989884,0.0007131112718,-0.03316278832,0.03324512135,0.01520622171
-1.190039116,0.009003452654,0.01321309802,-0.004953413331,-0.01675463099,0.009370247109,-0.006457870308,-0.004470747036,0.0063106476
-1.201514627,0.006528915306,0.02494244805,-0.001622554091,-0.009382753414,0.003877464163,-0.02602260943,0.01414319031,0.01116069296
-1.22222729,0.008367522312,0.01557688424,-0.006587367317,-0.0123559563,0.0003863148094,-0.03070711056,0.01374035889,0.01286872181
-1.199891977,0.005694564175,0.007294811264,-0.004071871588,-0.01446791722,0.007271408502,0.007103961756,0.01314819024,0.004951244402
-1.224733416,0.004971853421,0.01641303251,0.002654539666,-0.01499974175,-0.00247522746,-0.04614319939,-0.00361069767,0.01612810548
-1.20149851,0.005059288958,0.01249415792,-0.01478948845,-0.01440939533,0.001276170679,-0.0289830022,0.02280453515,0.008843630143
-1.202428589,0.0008198890814,0.00637054501,-0.0004643392774,-0.01001370428,0.006411613814,0.006400352283,0.005806614244,0.002404090777
-1.230650594,-0.002939357281,0.01118108337,-0.002149432675,-0.02283626686,-0.004318137226,-0.04425080632,0.004587617817,0.01399661756
-1.19393529,0.003667066974,0.006307414398,-0.01894664079,-0.01263693806,0.004264577193,-0.0214508646,0.02189162592,0.00814500098
-1.182650395,-0.006487313859,0.006440502177,-2.370682511e-05,-0.006516114796,-0.000723151818,-0.007595767032,-0.003540478804,0.003625653411
-1.224830928,-0.005064764982,0.008852508946,-0.0021640298,-0.02847989873,0.001417737172,-0.03741929183,0.02268743801,0.0110115427
-1.260679965,0.003935627934,0.004526898406,-0.0129745479,-0.0134261032,0.002579557555,-0.01731127199,-0.0003930138493,0.008293039943
-1.185022588,-0.005061743205,0.00797543577,-0.003193906455,-0.005895991437,-0.004376024796,-0.02191197978,0.008634845108,0.009738321854
-1.232678368,-0.004914162726,0.004608440369,-0.005314228772,-0.02495246655,0.002550913849,-0.02827335298,0.02243048947,0.009833005656
-1.212718278,0.0003966593822,0.006628287186,-0.009121501439,-0.01630809733,0.003496200551,-0.01340936107,-0.0009402946832,0.005315323653
-1.210462185,-0.002568710542,0.0102922052,-0.003383712732,-0.006819689012,-0.0001292663726,-0.02770077704,0.01462812084,0.01068601087
-1.200189326,-0.008507782259,-0.006996182929,-0.01267726461,-0.02611573828,-0.003642517658,-0.0232629956,0.01867412958,0.009949666199
-1.177339982,-0.01517245756,-0.00444473212,-0.005945733283,-0.01371734253,-0.002835967895,-0.02122362663,-0.009293365626,0.006379972704
-1.208836565,-0.01183465206,0.007053221001,-0.009554157782,-0.01308765751,0.00465637447,-0.02674205423,0.01003556974,0.007593073465
-1.220538758,-0.0102855513,-0.01411517728,-0.01487287224,-0.02484940829,-0.006745873513,-0.02412882702,0.02179170066,0.01035198193
-1.205385943,-0.008202326153,-0.003546767711,-0.002807929306,-0.01043940425,-0.002345575858,-0.01927018784,-0.002938202591,0.009190857539
-1.207284854,-0.009263343468,0.01115207632,-0.01176716632,-0.009597422748,0.007011940561,-0.02416794282,0.02587975198,0.005925479325
-1.169370115,-0.009125858655,-0.008133221751,-0.0124088055,-0.02489699394,-0.002369021098,-0.02347231799,-0.002874718952,0.007611216252
-1.184142605,-0.001754724085,0.00582663658,0.001444427193,-0.003645356727,-0.002017467355,-0.02043777104,0.02319359283,0.01101151239
-1.221918992,-0.002875173376,0.006906315285,-0.009664071181,-0.0217242089,0.00539113236,-0.02128130839,0.005480188054,0.008976422384
-1.191259372,-0.005161726671,0.003806355341,-0.00679117383,-0.01720100949,0.001128165645,-0.02741513082,-0.003758003537,0.006437569255
-1.2435009,0.002915857162,0.007390635819,-0.002129092577,-0.006175323111,-0.001691682222,-0.01609384419,0.03148135267,0.01124381547
-1.210661056,0.001205247756,0.004544081834,-0.01116958837,-0.02107510887,0.005282875287,-0.02190108732,-0.01501020001,0.01056682029
-1.19440732,-0.005929586109,0.01341914365,-0.005188375031,-0.007636350263,0.0006114695378,-0.0349137926,0.03284385208,0.01074458851
-1.171527212,0.003367436365,0.00539564081,-0.004649126908,-0.01687946373,0.004520005019,-0.006195816291,0.002942761233,0.007518487323
-1.247048539,0.0001843665958,0.009358949699,-0.007283126444,-0.01653444632,0.002340191624,-0.02434708239,0.009219919012,0.008494913799
-1.195702818,-0.00271749069,0.009914395561,-0.008401905655,-0.007648140527,0.001789180725,-0.03004349821,0.01277488314,0.01291004448
-1.25931825,0.003401947004,0.0026384144,-0.005045089868,-0.01642692734,-0.0002401593883,-0.01083341512,0.001669514188,0.00544702331
-1.192166967,0.0005603965534,0.009006209697,-0.00222452364,-0.01250764868,0.003518033996,-0.02735336894,0.02448592302,0.01101398499
-1.240134934,0.007142272724,0.01860695957,-0.001997742942,-0.01566499566,0.00553874172,-0.01973366964,0.0004735676714,0.01162475091
-1.223618774,0.009562170909,0.01989720663,-0.005338952308,-0.01026777961,0.005659035756,-0.01750895108,0.01777091952,0.009925278129
-1.18980567,0.008621203577,0.01865195802,-0.0006457925304,-0.01146347622,-0.000639495268,-0.02369793886,0.01351777966,0.01224577544
-1.212096753,0.0076355688,0.01879777337,-0.005558433254,-0.01590707556,0.00742362689,-0.01562341091,0.01364781283,0.006746268166
-1.227350857,0.003342038796,0.01264861198,-0.00438497,-0.01108918649,0.002954393396,-0.02342915729,0.003473255103,0.01109351148
-1.219773753,0.008423021326,0.01395407207,-0.004131226172,-0.01325625778,-0.001224668219,-0.02309829495,0.02170340606,0.01159813454
-1.193577343,0.005174804874,0.0131607064,-0.004953271296,-0.01592812614,0.003816211228,-0.02128729206,-0.005596283941,0.008077370291
-1.204725338,-0.0008882856971,0.01627849536,-0.006263569426,-0.01371051705,0.003464748301,-0.01552466715,0.01687344293,0.006628477215
-1.206786088,0.001749896517,0.00209551821,-0.004112019138,-0.0170656448,-0.0009572319849,-0.03138951376,0.02233885962,0.01172260526
-1.185129036,0.0006314278738,0.005421660222,-0.007176130603,-0.018982383,-0.0001944037946,-0.0195819605,-0.005898943892,0.006766832962
-1.163648981,-0.004183380034,0.01450009071,-0.005873074098,-0.005821032042,0.00431976351,-0.02095660299,0.02377895683,0.00682992692
-1.222218622,-0.004115085947,0.0009827643036,-0.007135825153,-0.02519655839,-0.002644414579,-0.02428049185,-0.0028460745,0.007987992909
-1.21192627,0.000344953159,0.007635571877,-0.002052517943,-0.0111165311,0.0004097449888,-0.02049964565,0.02111677521,0.009070139542
-1.203972673,-0.004722872272,0.00830281688,-0.007393510129,-0.016277418,0.004056001009,-0.02313185192,-0.0008380880672,0.008270779504
-1.209825486,-0.006269357813,0.006699144456,-0.007760393237,-0.01603211551,-0.002220502,-0.02421206332,0.01239784197,0.007088909627
-1.212304986,0.001882560673,0.004870586433,-0.001540066576,-0.01379718175,-0.0007292737065,-0.02146749291,0.01521227578,0.01102678163
-1.178486517,-0.00438252114,0.01110879714,-0.007224285338,-0.01863403822,0.002219607557,-0.02397140416,0.002539428544,0.00631469742
-1.228988992,-0.007182071314,0.003676961515,-0.008107902018,-0.01535385741,0.001629407209,-0.02341323095,0.0185625217,0.009343796312
-1.180693664,-0.008640524221,-0.005383453106,-0.005149007505,-0.01613943805,-0.002928164396,-0.02211714235,-0.003430295353,0.005875986912
-1.23587576,-0.01016018997,-0.003523181374,-0.01223654124,-0.01701726537,0.000248534976,-0.0228526906,0.01976002454,0.007980961296
-1.176572163,-0.01329279922,-0.003890635857,-0.00795896111,-0.01647048652,-0.001981195864,-0.02637602611,-0.001178186506,0.009375504634
-1.203472522,-0.008956837357,-0.001072891364,-0.007820636868,-0.01335592495,-0.001417730059,-0.01924675714,0.02211657305,0.005042713675
-1.190135924,-0.004338806711,-0.001499427601,-0.007470180827,-0.02130938724,0.003968941599,-0.01979818469,-0.0042786983,0.009349378579
-1.191185061,-0.01158214645,0.0064737657,-0.005550833942,-0.01029780642,-0.003956222458,-0.03572121927,0.01680307316,0.01142156338
-1.145611229,-0.005890644905,-0.003275295291,-0.009592350336,-0.01700402943,0.005325229072,-0.01092488996,0.02002183958,0.006940567954
-1.236773374,-0.003132223457,0.003057085947,-0.005248859149,-0.01741685111,-0.0001595893712,-0.01844385015,-0.009131743128,0.006513698024
-1.155432756,-0.004889708354,0.01182694798,-0.009313553368,-0.009200283015,0.0001802962025,-0.03576790461,0.02570893012,0.01293689273
-1.136625068,-0.002698834174,0.002144716194,-0.00753695387,-0.017758573,0.0001675370253,-0.01360908043,0.0001434064612,0.006656111931
-1.162544878,-0.000681983757,0.009161682784,-0.0007735956314,-0.01178588786,0.002903903637,-0.02156027083,0.01989512053,0.007689965153
-1.153951493,0.001523913028,0.009873942731,-0.005833905765,-0.02049029901,0.004260426254,-0.03027377322,0.006455449697,0.01160092828
-1.207131751,-0.001235320344,0.005224685283,-0.01038177103,-0.01229101833,-0.0007085334263,-0.01566587833,0.005046403188,0.008930551674
-1.158243428,-5.454363115e-05,0.009509745695,1.29491739e-05,-0.005598793693,0.002000796246,-0.02331416543,0.0219997967,0.01143649044
-1.265650669,0.0009111581091,0.004876061525,-0.009992134922,-0.02394299989,0.00409246224,-0.02066379589,0.004251171897,0.008361293174
-1.097076918,-0.000441742272,0.008563786194,-0.006707620805,-0.00501736931,0.002611915456,-0.02185539803,0.01402439603,0.00968581626
-1.321600586,-0.0004888336777,0.008154749976,-0.006416397431,-0.01580149328,-0.0005702025388,-0.02322668611,0.00745807366,0.0119564781
-0.9097726909,0.003210590533,0.01010218994,-0.005868179061,-0.01284838121,0.004390131228,-0.02127648024,0.01330416741,0.009087299704
-1.73871613,0.009387622937,0.02076587008,0.0003993982233,-0.01014276516,0.006017874462,-0.017232972,0.01127161633,0.009075764587
2.389836391,0.01020335605,0.01710609544,-0.005164961197,-0.01318554301,0.0009979180519,-0.02461007098,0.008620861948,0.01071775762
5.56155375,0.009618792426,0.01689068862,-0.003271991484,-0.01334962665,0.00565944247,-0.02066410722,0.01603740028,0.01095326557
4.838936016,0.006759656313,0.01998446493,0.0003223962633,-0.01108318413,0.004718610301,-0.02011282475,0.005050435767,0.007711996927
5.219908886,0.004430704852,0.01119584005,-0.005958723694,-0.0169288112,0.001805129744,-0.02017278985,0.01684122918,0.009151859149
4.969118774,0.008239613828,0.01202022757,-0.004332301116,-0.01113538844,0.001154624853,-0.02172830237,0.007708033941,0.01024867712
5.142251818,0.003090977704,0.01560614619,-0.006496981837,-0.01276034853,0.001962886337,-0.01999492189,0.01174311877,0.008987681102
5.051183402,-0.001813408996,0.008449202161,-0.006949531142,-0.01826864725,0.00188567545,-0.02399818083,0.007103963244,0.006935073314
5.087577224,0.0009174069522,0.006766356445,-0.004922570468,-0.01461306862,-0.0008309908888,-0.02098089594,0.01149999124,0.006848433619
5.096705278,-0.0005191425388,0.006921137118,-0.006754301897,-0.01438523337,0.001393685103,-0.02360093825,0.009533913563,0.00943380806
5.10503843,-0.005687776269,0.006986603765,-0.00872297025,-0.01702676536,0.0001134564916,-0.02472145722,0.008366160122,0.008116093511
5.097954218,-0.002281539418,0.005411453673,-0.004350835853,-0.01480941424,0.000706747183,-0.02168937529,0.01045542962,0.007140882279
5.058439015,-0.0001861989735,0.006308934178,-0.006590214106,-0.01626568498,0.0004908988352,-0.02070818175,0.01058160953,0.0074327119
5.052378072,-0.00337481283,0.007131849809,-0.007071394072,-0.01370979196,0.0005862967808,-0.02439077534,0.009486481398,0.009441999198
5.014839754,-0.00135640039,0.008166703776,-0.003508386715,-0.01520274894,0.0004395752508,-0.02378513848,0.0118019264,0.009762147461
5.079387866,-0.002025125504,0.006714338381,-0.008484020294,-0.01742874104,0.004896496816,-0.01377480303,0.003964211776,0.006542955448
4.956953804,-0.002576970223,0.007621249753,-0.004545097277,-0.0147808454,-0.00338459205,-0.0316914956,0.009280730844,0.01043887585
5.220825569,-0.007612511022,-2.426716978e-05,-0.009309433834,-0.01633805635,-0.002574761541,-0.0208441433,0.01830024545,0.009589906346
4.427755407,-0.01319722533,-0.006436519141,-0.01010725466,-0.01790573751,0.001662158023,-0.01481803163,0.001370545542,0.005499303466
-1.065496863,-0.01222097049,0.001389251644,-0.009410076807,-0.01689232243,-0.00198246636,-0.03534699258,0.009946762707,0.01017291
-1.234716955,-0.01087582255,-0.006994593574,-0.01142802352,-0.01439051837,-0.001855611818,-0.01572852448,0.008536748063,0.007468421264
-1.195410876,-0.01001803662,-0.0005367893198,-0.004525452747,-0.01558646377,-0.0005551784284,-0.01784373676,0.01083589088,0.007526326606
-1.179181699,-0.007300032436,0.002347946668,-0.00735282735,-0.0176983406,0.001596805039,-0.03040316631,0.007435003336,0.01005564036
-1.200763602,-0.008527287308,-0.003028451951,-0.01152253861,-0.01602804372,0.000760450903,-0.02170142393,0.005489479647,0.007548357238
-1.203344433,-0.005617017176,0.005101398677,-0.004469020427,-0.009033069172,0.0005002771301,-0.02079201566,0.01350188373,0.01021792432
-1.211599343,-0.004789651731,0.004072808084,-0.006293489181,-0.02012517881,0.002068974986,-0.02714018058,0.0134473826,0.00937187147
-1.208443275,-0.001962776052,0.003938099941,-0.01189863745,-0.01378115383,0.005181361708,-0.009252940719,0.009088577257,0.006022853003
-1.238891698,-0.002278560334,0.007112112297,-0.003131702339,-0.0108719136,-0.003934322766,-0.03233077399,0.004322232352,0.01315661179
-1.197281809,-0.0007982317183,0.009382296458,-0.009695956731,-0.01907218142,0.002268545392,-0.0307214263,0.01892085527,0.009844799084
-1.192520984,-0.0008947983483,0.004960061875,-0.00447795522,-0.01302688336,0.007645970942,0.001720829739,0.008784394206,0.004436937567
-1.257022571,-0.0004375041885,0.008628575589,-0.003357361719,-0.01376105516,-0.002623663138,-0.0377088132,0.005126168269,0.01319221882
-1.188045044,0.002024331534,0.006780900424,-0.01294016457,-0.01407087244,0.001970415141,-0.02503611651,0.01959399485,0.01261915938
-1.267236568,-0.002242029358,0.008598635664,-0.00307884719,-0.009255076882,0.005079788185,-0.007264420085,0.002766468432,0.005599048502
-1.225796708,-0.00076709026,0.009560134849,-0.002521285279,-0.0174153477,0.002418719464,-0.03229036315,0.01900248117,0.009486943175
-1.159501845,0.004321864394,0.002301447716,-0.01086385192,-0.01727218501,0.0008746810507,-0.01966015009,0.008621710178,0.01132244201
-1.214216744,0.005260970523,0.0203185503,-0.002496972995,-0.002230342587,0.002953243782,-0.01740678183,0.004697079218,0.01121153278
-1.222829936,0.006431358597,0.02201704752,-0.0004999780608,-0.01695605439,0.006262404835,-0.02505300394,0.02074897278,0.01172833015
-1.232388245,0.01107663845,0.01357964159,-0.006135512957,-0.01825096406,0.004540726255,-0.01564321941,0.004907522618,0.007981973733
-1.206204639,0.009499185749,0.02080328434,-0.001732060353,-0.00445307316,0.003034988823,-0.02304195088,0.01554164477,0.01286094454
-1.199514679,0.003820299725,0.01249417146,-0.007845086432,-0.0173335655,0.001906476947,-0.02363310894,0.01064665898,0.01124003975
-1.209925098,0.005527281924,0.01187723853,-0.003923730767,-0.01467539567,0.003845553278,-0.01666593602,0.01183669892,0.00758145832
-1.215014556,0.006624764275,0.01653938144,-0.000468181811,-0.01197012482,0.004511530823,-0.02175052183,0.01211283193,0.008847159589
-1.21616981,0.001694571868,0.006684098535,-0.009456573509,-0.02020430444,-0.0002131646228,-0.02333518526,0.008015405931,0.009196204044
-1.196403702,0.0006447885598,0.009407728749,-0.002698142911,-0.01011557918,0.0004028509508,-0.02424071902,0.007719225298,0.009110260423
-1.213710388,-7.952914184e-05,0.01120138714,-0.006025994732,-0.01296431894,0.0003334985099,-0.01676255287,0.02038950897,0.007416590071
-1.233457764,-0.0019841046,0.001888350296,-0.008758274405,-0.02634486158,0.008190274097,-0.02323281845,-0.0006117899417,0.007039822463
-1.196884491,-0.003108578741,0.01010812794,-0.002661621888,-0.007256325349,-0.009044432256,-0.03430435774,-0.001533284595,0.009644249101
-1.221106302,-0.0005159409129,0.003880890312,-0.0116232745,-0.01273505155,0.0003499337493,-0.005448329643,0.03392608115,0.007091617795
-1.194483245,-0.00283131943,0.002013908847,-0.0006484618096,-0.0219382344,0.007223773704,-0.02569060332,-0.005863549824,0.006359518205
-1.235559155,-0.003308722103,0.01344948791,-0.005140388187,-0.01359864356,0.0008676728082,-0.03252910152,0.01186695817,0.009140764883
-1.23203896,-0.001165151842,0.002464145255,-0.01156911641,-0.01203282683,-0.003186809718,-0.01328233315,0.007417658176,0.01037358446
-1.276257857,-0.007627061307,0.008810751124,-0.004791126605,-0.009655308996,-0.0001296905563,-0.02292478732,0.02472642561,0.007853186091
-1.175819977,-0.0001246127492,0.005092858775,0.001911729299,-0.02837350454,0.007154838771,-0.02553502545,-0.00172216685,0.007021635088
-1.200367277,-0.01039682099,-0.007060824272,-0.0128329869,-0.02026319085,-0.001534157742,-0.02437569181,-0.005054539733,0.004312974269
-1.217049314,-0.01535980425,-0.001198005719,-0.01251830173,0.001681032127,-0.008068133986,-0.02512821193,0.02910518743,0.0123675919
-1.201310811,-0.01136505457,-0.004493333375,-0.006372251562,-0.02484832629,0.005001197386,-0.01746774221,0.000468513416,0.005565525387
-1.216023222,-0.01172403216,-0.002496030756,-0.00718286233,-0.02344248932,0.003078090976,-0.02847887668,0.01041538774,0.004358254115
-1.162717893,-0.007043043143,0.002674554256,-0.01033818238,-0.01128169705,-0.003909697513,-0.02624901617,0.01158816154,0.01101164274
-1.259404334,-0.01038091013,0.0003483944766,-0.01204090319,-0.01038579521,0.0004239810529,-0.01626931247,0.01096686468,0.008269689729
-1.210646585,-0.006319377956,-0.0008890423783,-0.0003015207876,-0.02331984633,0.001417770945,-0.02608184356,0.005632870799,0.008988098526
-1.222061953,-0.0003268462164,0.002282420278,-0.008606007419,-0.01866807467,0.0007097849788,-0.02632021655,0.009628397612,0.007141343873
-1.19069716,-0.003529251267,0.003046963846,-0.0123635964,-0.005146285109,0.001368710631,-0.01809524064,0.01351633593,0.008890328329
-1.20828464,-0.003797410021,0.009512090145,-0.001794624176,-0.01521235177,0.001936315904,-0.02289458704,0.01475961815,0.01067892113
-1.236722007,-0.0003670437767,0.005696039085,-0.004958552867,-0.02155278415,0.002450740352,-0.0241379223,0.001082084009,0.008463858985
-1.201498167,0.0006940766769,0.01108216618,-0.009340513526,-0.008209850759,0.002608554592,-0.02090734054,0.0125814324,0.007558836123
-1.22881418,-0.001973292804,0.004827609596,-0.004745020541,-0.01156315948,-0.0009428079137,-0.02312840744,0.01955523573,0.01195731595
-1.202550386,-0.0002344892239,0.003530412113,-0.005159937445,-0.02140698809,0.003112963087,-0.02137391884,-0.004090791347,0.01039765698
-1.177141173,0.0002758797434,0.01060858621,-0.008192402131,-0.007562237169,0.007029894563,-0.02062702714,0.01429138608,0.007330198074
-1.190736208,-0.001083867657,0.007454359106,-0.008652226763,-0.013248063,-0.002146118725,-0.0241824665,0.01465622545,0.01119054992
-1.198918172,0.0003290325987,0.006802671056,-0.001438156031,-0.01713008598,-0.0004229678939,-0.02314453799,0.0115685921,0.01101418682
-1.166455105,0.002553257857,0.01710661554,-0.00572851221,-0.01206888105,0.01131171983,-0.0143239742,0.0172522573,0.006284859639
-1.222920367,0.009072529505,0.01499088032,-0.006206174398,-0.01616914261,0.003950692144,-0.02194089834,-0.001642270978,0.008359757191
-1.223103133,0.01300136208,0.01413512285,0.0007688411139,-0.007447726825,-0.0002968118494,-0.02556979837,0.0132873527,0.01331911157
-1.161804832,0.009624451904,0.01771034973,-0.003446091686,-0.009887223782,0.003068931078,-0.01680463632,0.01834230824,0.009233385326
-1.201509722,0.003328026875,0.01572379768,-0.005809214706,-0.02077191916,0.01182096815,-0.01375925306,-0.0004269809183,0.007186099945
-1.174587916,0.006529986105,0.01475188693,0.0001853138145,-0.01065282863,-0.003280106304,-0.03676714114,0.01447215186,0.01136080157
-1.187182077,0.007510519888,0.01570600253,-0.007348176494,-0.00967010672,0.00236654032,-0.01804049303,0.02282558515,0.01087231644
-1.224773934,-0.001638569159,0.01086514918,-0.002874191131,-0.01858260848,0.006982716317,-0.005298597336,0.001512258762,0.005129454635
-1.189708405,0.001513347176,0.01280879973,-0.006603794971,-0.01743679598,-0.001446991217,-0.0365825606,0.005714870074,0.009969610145
-1.215642205,0.007597438872,0.002889729161,-0.010191591,-0.01255050833,0.00102903223,-0.02609987633,0.0143663619,0.009158820727
-1.177629916,-0.005115696689,0.008780569487,-0.001791608899,-0.01183043255,0.0002141069226,-0.007888142055,0.007285458464,0.004722314952
-1.207784631,-0.005581366692,0.0101278428,-0.004371449177,-0.0189277288,0.001301612721,-0.0280214882,0.01105884902,0.008834444228
-1.197507265,0.001339947928,0.004313771803,-0.01085593142,-0.02061856594,-0.0005419063618,-0.03070872064,0.01113441288,0.008802768056
-1.195249639,-0.001565746106,0.009571114833,-0.003990012379,-0.007912188607,0.0006142302911,-0.01364930109,0.007685467284,0.008105207264
-1.203296022,-0.008118009502,0.007923374401,-0.001908485325,-0.02301185963,0.00251042963,-0.02331370493,0.0138994925,0.008187754474
-1.226234105,0.002167104975,0.003139573023,-0.009683277246,-0.01726004232,8.476585755e-05,-0.02970974537,0.008417951578,0.009660252895
-1.13386412,0.001129222875,0.004583351044,-0.007687968518,-0.01030550607,0.0002896051057,-0.0176887581,0.006463862171,0.007175261393
-1.250462814,-0.005086380183,0.007753991525,-0.005920280848,-0.01637872626,-7.454846938e-05,-0.02023569467,0.01124616705,0.009088944089
-1.101746801,-0.00803314021,0.005373986747,-0.005065059049,-0.01631904094,0.001855901181,-0.0273168757,0.01074920457,0.009323120093
-1.346502056,-0.01089981126,-0.006392993983,-0.01150586365,-0.01803063282,-0.001816845403,-0.02184041545,0.01256712331,0.005531872712
-0.9887417026,-0.010517999,-0.004952118088,-0.01027523433,-0.01920845172,-0.001180348092,-0.01359385577,0.007805317536,0.009010376402
-1.621534827,-0.01244460497,0.002386905537,-0.003210435529,-0.0155276294,-0.001495559502,-0.04148272653,-0.003655927846,0.00907061651
3.083610702,-0.006307758899,-0.0009076598603,-0.01134464246,-0.01872526253,0.002265066311,-0.02607388052,0.03491818133,0.005861380758
5.563767303,-0.004868770058,-0.009653012931,-0.006242296635,-0.01402790924,0.0005880756625,-0.00125299975,-0.01498827631,0.005669429848
4.868168828,-0.01064604857,0.008206727549,-0.007255724745,-0.006096220122,-0.002672107337,-0.03578180442,0.02384888484,0.01373300277
5.244077223,-0.005311543268,0.002087191642,-0.01227954916,-0.02208665099,0.004657734152,-0.02951131762,0.008576599187,0.01164116856
4.987903123,-0.006255638114,0.005364520548,-0.002642735484,-0.0130801915,0.002109914576,-0.004190325756,0.004469596867,0.001278914581
5.187266962,-0.001796714963,0.007391505917,-0.004873414374,-0.0165926256,0.001088977933,-0.02945506108,0.0262586983,0.01222031637
5.037215405,0.0007370122428,0.002566246096,-0.01285362788,-0.02280830484,-0.0008073259378,-0.02801480885,-0.009923066128,0.01178403239
5.144221345,-0.001413155884,0.007558023139,-0.00141689465,-0.0003911948128,0.0005234878935,-0.01488393332,0.01940699693,0.009111957186
5.109433325,-0.00182559712,0.008755001427,-0.004997758793,-0.01946930216,0.001474845996,-0.02562969202,0.008702917413,0.008819162774
5.112140737,0.000334163695,0.006682034743,-0.01118697626,-0.01740079774,0.00764933967,-0.02032238227,0.01793949249,0.007143015485
5.117408819,0.000104496492,0.009527146161,0.001895391369,-0.006953964127,7.143698431e-05,-0.02330286356,0.007459480584,0.01397445364
5.074644925,-0.001984285219,0.008958490661,-0.01138542192,-0.01614560151,-0.0001379710569,-0.01788662537,0.01168567615,0.009989812436
5.09707741,0.0001186552611,0.006400863833,-0.006539609871,-0.01502725508,0.005891716193,-0.02019996594,0.0092410877,0.008164451182
4.967446648,0.0007154102778,0.009916697903,0.002059571069,-0.01414087642,-0.001694998414,-0.02644450429,0.0102813815,0.008543941349
5.17209,0.007822177173,0.01066303011,-0.009132273168,-0.01440958085,0.005141300146,-0.01196188757,0.01299430951,0.01074627828
4.885970475,0.007659984249,0.02397764186,-0.001848647762,-0.00956475972,0.00279898239,-0.02643308943,0.007654454838,0.01202512777
5.420816053,0.007596445877,0.02035728477,-0.0006988828763,-0.01029688429,0.008205878396,-0.02136856561,0.01985879967,0.007920391651
3.604575645,0.01038495606,0.01165364334,-0.006088221686,-0.01646890746,0.003942772577,-0.01096745242,0.008357292049,0.008025431983
-1.426939253,0.004684206502,0.01571926037,-0.001079851484,-0.008759066698,-0.0005803932245,-0.0262097784,0.01375060294,0.01286142697
-1.056204299,0.005750473886,0.01525501793,-0.005397197102,-0.01698154994,0.004865667941,-0.02151283873,0.006231963771,0.009509768526
-1.329217087,0.005602693852,0.01347135153,-0.006438803811,-0.01547189409,0.003208390006,-0.01787325113,0.005077852343,0.007565417853
-1.16365494,0.002092869852,0.01138916833,0.0007976480551,-0.009831341245,-0.001854470642,-0.0224429863,0.02112111472,0.01108088977
-1.195720534,0.00329046668,0.005777309287,-0.009117941037,-0.01868006756,0.001425781874,-0.02625919424,0.006007797843,0.009642623223
-1.192899232,-0.00170884823,0.009832896551,-0.00809610065,-0.01397753729,0.003812299551,-0.022180011,0.01059669518,0.005697657475
-1.234723856,-0.003072955642,0.01044472767,-0.003895791812,-0.01591612302,0.001058893415,-0.01760862994,0.01035829746,0.006531858466
-1.218877721,-0.001875837368,0.005289882675,-0.006872334241,-0.01774494467,-0.002148412775,-0.02570487348,0.007246820923,0.01063351617
-1.184503114,-0.001703247444,0.005611500576,-0.005856027596,-0.01583492473,0.001317356379,-0.02050232836,0.01091628302,0.007927712184
-1.208682507,-0.002538699515,0.005326286898,-0.006029773649,-0.01400091683,0.0005538240525,-0.01859796642,0.001825961678,0.006909751962
-1.243191322,-0.002815153267,0.008152569426,-0.00562638412,-0.01791231522,-0.001720672166,-0.03387192353,0.01550156023,0.009971131633
-1.239424081,-0.001985882724,0.005898348408,-0.005201523401,-0.01407314466,0.001600962937,-0.01560985024,0.01355830169,0.006671264375
-1.250943133,-0.004665940957,0.005594609665,-0.005491133943,-0.01799456284,0.001400618334,-0.01841147074,0.00765680759,0.007349871732
-1.177870596,-0.00134120126,0.008089251799,-0.007204572865,-0.01384141713,0.001063497315,-0.03233108434,0.01366314827,0.01125447202
-1.228355545,-0.01122008639,-0.001231487542,-0.008781363215,-0.01677003025,-0.0001322268799,-0.01502686316,0.004406627135,0.006114788308
-1.225413457,-0.01520711512,-0.005680334523,-0.007601921422,-0.01802901326,-0.001580588696,-0.02489747803,0.007687337246,0.007074883107
-1.244667776,-0.009106342327,-0.006224842398,-0.01142312291,-0.01655046503,-0.002480549341,-0.02870223347,0.01301608936,0.01068134265
-1.19017329,-0.01091069339,-0.002920670649,-0.009495253209,-0.01419989826,0.0004031268191,-0.02015269816,0.006071436648,0.007517824452
-1.240255096,-0.01038105775,0.003588672021,-0.005242218853,-0.01586399489,0.001127457812,-0.02348253688,0.01184076514,0.008280850909
-1.226310268,-0.008308431278,0.0006283822695,-0.01045450889,-0.01749548015,0.00157684741,-0.02423409844,0.009771012401,0.008817277565
-1.181845671,-0.006955865976,-0.000108451742,-0.009640989536,-0.01282158801,0.002034911143,-0.01888891392,0.01216588412,0.007513063258
-1.183776978,-0.004098275326,0.003018866575,-0.005007800696,-0.01423386951,-0.001363500097,-0.02684224206,0.008425628906,0.01055668552
-1.188933325,-0.003224422129,0.004580180444,-0.009526508085,-0.01607257729,0.003043766235,-0.01861622654,0.01351668596,0.008162888934
-1.174552489,-0.0025276109,0.00409197784,-0.00856987648,-0.015711588,0.002566067787,-0.0199391687,-0.0009047873232,0.008194150819
-1.224588004,-0.002094654757,0.009210901747,-0.004841723638,-0.01193659671,-0.003762153924,-0.0355187017,0.02111870892,0.01248060137
-1.232727049,0.000980508311,0.004351300792,-0.007516527264,-0.01496848902,0.008044905794,-0.00418022122,0.01361431507,0.006414205103
-1.230894229,-0.002263311689,0.01261438386,-0.002072499245,-0.01178943336,0.002421434826,-0.02599342382,0.003554404128,0.01087483259
-1.206790922,0.0004974923931,0.008239063925,-0.01084926607,-0.01652120141,0.003403398314,-0.03292813006,0.01770909219,0.01161193301
-1.237967016,0.0005219774063,0.003418557549,-0.004872382257,-0.009181742633,0.0002706873226,-0.007040158828,0.004237775525,0.006321868611
-1.172341465,-0.002662711967,0.01155180961,-0.0005551485734,-0.01144016477,0.001586105718,-0.03148502496,0.01952333767,0.01228631452
-1.240167077,0.003485014939,0.003110107393,-0.007694601897,-0.02280369222,0.003195131675,-0.02718004377,0.002206032369,0.008151007208
-1.215851907,0.001257773491,0.00983713238,-0.006877360606,-0.00649520577,0.001985118277,-0.01244185881,0.009642405154,0.007007595307
-1.230188674,0.006360203278,0.02371197528,-0.002901677793,-0.009180705086,0.004361680702,-0.02583846289,0.02330716587,0.01406087855
-1.174328657,0.01081116828,0.01380196592,-0.003209421873,-0.02026609329,0.00583800649,-0.01798243441,0.006271273261,0.007338652627
-1.188041675,0.008566996364,0.01907139973,-0.002109515067,-0.007135145485,0.004444952937,-0.01935244118,0.01226165975,0.0107251033
-1.176692735,0.008619526652,0.01701466229,-0.006484991168,-0.01353900813,0.002458764625,-0.02491959702,0.01045779881,0.01095468718
-1.267592031,0.004597207472,0.0104850759,-0.002970645382,-0.01422941238,0.004193947022,-0.01805039871,0.01161091748,0.006860762009
-1.224538149,0.007393628009,0.01736041447,0.002218384463,-0.01323623386,0.003403464492,-0.02032498455,0.005300038313,0.00887513876
-1.244743033,0.003432682707,0.01093636483,-0.01047819273,-0.01468482203,0.001398080278,-0.02746642878,0.01471084693,0.009128585002
-1.247960941,-0.0002512709951,0.01036117642,-0.00413444008,-0.01315232701,0.002387023411,-0.02037974808,0.01086310425,0.008475042301
-1.190322617,-0.0004615249196,0.01210764399,-0.001343344058,-0.01972245651,0.002305401345,-0.01883145577,0.007279602931,0.005989960042
-1.209184551,-0.0001516335759,0.004817095326,-0.01078304799,-0.02061972637,-0.0001688977563,-0.0262765627,0.0104997453,0.007840095662
-1.190722414,-0.0008666696156,0.006525354299,-0.005868425337,-0.008124503883,-0.001325836101,-0.02247375488,0.008676330609,0.008007319688
-1.149921253,-0.002895886133,0.006371081397,-0.004908030717,-0.01759583765,0.001120409474,-0.02039652074,0.005970432411,0.007923013743
-1.170828672,-0.002821435181,0.005539577667,-0.006337863536,-0.01884732907,0.000438119407,-0.02525085246,0.01087905111,0.007599999368
-1.181737886,-0.002051602439,0.006030265577,-0.005200469802,-0.01043114109,-0.001015115715,-0.02118906887,0.01560391271,0.00869190366
-1.144943895,-0.001174985338,0.007986980702,-0.007324308889,-0.01602926526,0.001609587865,-0.02507200239,0.004589619398,0.008502600808
-1.238246027,-0.004871285711,0.006026501074,-0.007407593665,-0.01827364158,0.003174309467,-0.02370076837,0.01497386623,0.007411999248
-1.214839119,-0.00106716529,0.006445827453,-0.00569572265,-0.01314646236,-0.002104007838,-0.01450300241,-0.007458703342,0.0076880855
-1.219007655,-0.00498635686,0.001192684377,-0.009455592871,-0.0154547819,-0.001451443149,-0.02788173434,0.0280830414,0.009693094159
-1.183270282,-0.01394902767,-0.01155036961,-0.006640360724,-0.02081469358,0.0008926755631,-0.0314394249,0.00326261768,0.006624133232
-1.195104556,-0.01222716119,0.003126954317,-0.007981077247,-0.0130214418,-0.0007084734434,-0.01279952551,0.006632801279,0.004319242295
-1.174823139,-0.01279449127,-0.00165784266,-0.01283862358,-0.0138501109,-0.0001843412448,-0.02117040279,0.01258718049,0.01124609747
-1.185722085,-0.011261652,-0.001325046354,-0.005472177652,-0.02128830242,-0.006293736049,-0.03926207578,0.007333974822,0.01053439631
-1.185360951,-0.005952250152,0.001659482549,-0.006809556299,-0.01497315843,0.009128336671,-0.009909985223,0.01892523576,0.002642046423
-1.181539654,-0.009643506291,-0.001589793597,-0.009241615427,-0.01440183269,-0.003527418635,-0.01987056776,-0.01572258251,0.008830721519
-1.177437189,-0.003978841922,0.001693244096,-0.008775922967,-0.01137947688,-0.005590765262,-0.03858691979,0.03227065931,0.0142260594
-1.181781361,-0.0005677778575,-0.0002113472849,-0.003178273631,-0.01504558272,0.006062855823,-0.01260036837,0.00330548064,0.00666072147
-1.257750872,-0.007366917218,0.01061664436,-0.009024404706,-0.0190067263,0.005138910505,-0.01564497558,0.01026484038,0.003729230468
-1.181500627,4.826915176e-05,0.008777143674,-0.005262660707,-0.01438459918,0.0002973551984,-0.03500881052,0.01881137525,0.01565743887
-1.189608238,0.002571430044,0.003161242941,-0.01006561273,-0.01591115288,-0.0008032747934,-0.01482183128,-0.001523936949,0.00835327688
-1.223711594,-0.003253865387,0.007942945907,-0.00444215439,-0.008811485687,0.003373394877,-0.01895961781,0.01660011591,0.00915302282
-1.208486129,-0.001743697253,0.00551314167,-0.005597053647,-0.01775977052,0.002045877194,-0.0287041256,0.007963306127,0.008777394386
-1.219802175,0.004208831006,0.007309617058,-0.00657380879,-0.007719869398,0.003020819857,-0.01946063492,0.01394245453,0.009783552174
-1.196544397,-0.003124045556,0.01005453529,-0.004434614528,-0.01263369102,0.002976945893,-0.02157661953,0.009667565733,0.01161391401
-1.20312043,-0.003165190401,0.009829161481,-0.007562784231,-0.01676188498,0.003628445959,-0.02429334337,0.01257186268,0.008058199674
-1.175161131,0.002407396872,0.007618065298,-0.00192848874,-0.0128101911,0.002267951543,-0.01620592493,0.01288018348,0.007924804407
-1.192530139,0.007039968141,0.01436477417,-0.00575129255,-0.0118335654,0.0009346946064,-0.02355065084,0.00529528171,0.01018179445
-1.209911741,0.01059091248,0.0190707604,-0.003801135784,-0.01485060939,0.003989789657,-0.02409836064,0.01624983608,0.01253917881
-1.13622111,0.01056300356,0.01639816504,-0.0009365049632,-0.01012336946,0.005622366725,-0.01849202555,0.006250718289,0.008393621187
-1.182809943,0.009908433341,0.01716207197,-0.005166096507,-0.01153058173,9.076935828e-05,-0.01908063754,0.02478527003,0.01015405837
-1.161530038,0.00364141818,0.01444169709,-0.005923223562,-0.01486438381,0.005282464313,-0.02076801421,-0.01600562029,0.01042316955
-1.096852691,0.005380273503,0.01961769994,-0.00445733784,-0.007549027483,0.003704635918,-0.02243349856,0.0427813087,0.009266552474
4.32135634,0.007143682812,0.004373912843,-0.002569305952,-0.02613489128,-0.00413371423,-0.02388566186,-0.009517524448,0.01073771304
5.30423007,0.001447453495,0.01590687773,-0.006966913781,-0.007037221597,0.005151703028,-0.01309052466,0.01714972989,0.004784136409
5.024410483,-0.0002798759098,0.01006785938,-0.006263297257,-0.01306760369,0.00194049166,-0.0307838378,0.01605081327,0.01010588544
5.150041029,0.002118444573,0.003636475076,-0.00476497124,-0.0226939201,-0.00272504751,-0.02267396465,-0.009516708482,0.008637028786
5.016564132,-0.0009571762359,0.01200081512,-0.003732595565,-0.008428633506,0.003910621963,-0.01680605483,0.03819658979,0.007838979028
5.101175302,-0.005464604518,0.00543528343,-0.009664350483,-0.02438341079,0.0001324716337,-0.02529446221,-0.01515055315,0.00741883508
5.121959948,-0.001190678142,0.00573267796,-0.00276162808,-0.01074230732,0.002850702055,-0.02245421821,0.02533033183,0.008152936165
5.116658049,0.0004867967991,0.006619844755,-0.004430011552,-0.01461251482,-0.002651292197,-0.0239708587,0.003129285047,0.01077967015
5.08180056,-0.005478753413,0.007991768619,-0.01307586779,-0.01803808768,0.00451715464,-0.01539897133,0.003417735047,0.004470933351
5.086192405,-0.001742608274,0.004830556925,-0.001293222958,-0.01452705803,-0.002545484713,-0.03185410932,0.0202301955,0.01029400113
5.146204386,0.0003558085691,0.004399732532,-0.007283384449,-0.01797732873,-0.001838417227,-0.01769933059,0.002380044094,0.00822622991
5.019715708,-0.004659919803,0.006718100015,-0.007814058569,-0.01300533148,0.004656946107,-0.01799167598,0.01654100907,0.007657176993
5.10328685,-0.01279990956,0.0004016827902,-0.008743884137,-0.01840530989,-0.003974814569,-0.0321614875,-0.0003347861241,0.01109771325
4.956521769,-0.009250924582,-0.00802695114,-0.00870115918,-0.01535509815,-0.0009737401229,-0.01886541073,0.01953391405,0.006437140622
5.272772795,-0.01337177818,-0.002070802385,-0.007137389744,-0.01758170965,-0.0002322859461,-0.02175560545,0.003249048533,0.008144712937
4.772146125,-0.01395288595,-0.0004342736481,-0.008948453195,-0.01605610608,0.0004058542336,-0.02849128514,0.006815170367,0.008389949458
5.558791188,-0.004153827586,-0.005644433775,-0.008021887709,-0.0174902865,0.0002588624521,-0.01926790553,0.01345324643,0.008923732094
2.426102972,-0.008574073917,0.002486308487,-0.004743221591,-0.01032815846,-0.00299368117,-0.02227410977,0.004463260718,0.01006301173
-1.728633952,-0.01217611147,0.003591101472,-0.009686422796,-0.01845135801,0.00450692778,-0.02341749385,0.01990664821,0.007742006985
-0.9165530988,-0.001860554404,0.002124226556,-0.008190295503,-0.01688214884,0.0009577559208,-0.02277107138,-0.002866746978,0.008855509385
-1.395088823,-3.8286183e-05,0.005734952698,-0.004951363713,-0.01101714937,0.0007993823742,-0.02290450318,0.01796194378,0.009372463588
-1.069175162,-0.003511178767,0.003989942034,-0.009482737335,-0.01795156813,0.001282345801,-0.02012714416,0.008800965997,0.0093507569
-1.23609701,-0.001006538203,0.005472814738,-0.004106834474,-0.01298849467,0.001397461967,-0.02126365462,0.005620784337,0.009468703384
-1.146876918,0.003226260193,0.00781103915,-0.006516631978,-0.01148337672,0.002249606038,-0.02444383181,0.01625963478,0.00995013046
-1.264712232,-0.00135290875,0.005922354411,-0.009232304263,-0.01818737853,0.001487592933,-0.01877788363,0.003721725061,0.00953694459
-1.180903134,-0.003086342204,0.01227176305,-0.001855855915,-0.01160757827,0.002596236757,-0.02209858233,0.0192716415,0.009776895793
-1.246178179,0.001611047607,0.005081753403,-0.008372137909,-0.0156645269,0.002058504433,-0.02066890006,0.007406637696,0.008971315727
-1.175835888,0.0001736424563,0.005737019221,-0.007122747025,-0.01280752535,0.001029736565,-0.02484496336,0.0108101149,0.01014193796
-1.219304,-0.001315848942,0.01123460185,-0.003441324035,-0.0107535604,0.003069695411,-0.01469220584,0.01459751613,0.009268439122
-1.235508331,0.002032996937,0.008771944732,-0.007138572472,-0.01609024642,0.0001367165202,-0.02111278997,0.003938849433,0.01089245737
-1.226138272,0.009852702749,0.01768758172,-0.002886241313,-0.01149958162,0.00434167182,-0.03276043343,0.02064123183,0.01155267066
-1.214571144,0.009007452587,0.0189637244,-0.00344445596,-0.01160740502,0.005704590407,-0.01016246243,0.007084001944,0.007093674414
-1.196727602,0.00717704923,0.01613990093,-0.002909677644,-0.01193091163,0.002487213285,-0.02302141389,0.01026162882,0.01116091701
-1.263724972,0.01203863425,0.01743696392,-0.003635758558,-0.01364255668,0.002027017564,-0.02844453212,0.01571141431,0.01208063339
-1.242387628,0.004364946867,0.01259650328,-0.004696078035,-0.01265182015,0.003780849039,-0.01300347741,0.0056507298,0.006308446368
-1.223126169,0.003818846878,0.01556799584,-0.003764123748,-0.01632627383,0.005276963348,-0.0249887904,0.01336595182,0.008843242196
-1.217598623,0.006452420024,0.01224256869,-0.002903619771,-0.01383649801,-0.001062282427,-0.02693195608,0.01020285577,0.01057243155
-1.216212313,-0.0004266871697,0.007674206619,-0.008275732711,-0.01486820965,0.005195144928,-0.00856175826,0.009336384532,0.007689462521
-1.235654501,-0.004330077858,0.009568761085,-0.003731149348,-0.01596895766,-0.002304456326,-0.03696394909,0.002258738014,0.009925128423
-1.218217215,-0.0001238222867,0.01130128706,-0.007794777455,-0.01527609309,0.0009498722688,-0.02238570238,0.02521643849,0.007248952636
-1.233931002,-0.001218830547,0.004834184378,-0.007061683581,-0.01565969218,0.004830716787,-0.008459340067,-0.003131196872,0.005373746885
-1.195433283,-0.004091787489,0.009252575817,-0.006479224624,-0.01795145598,-0.004099744712,-0.03900861874,0.008066593265,0.01071473029
-1.241915627,0.0006771702325,0.004073298662,-0.00701760051,-0.01287191763,0.00243965499,-0.02123226122,0.01646596011,0.007884164283
-1.208794052,-0.003112737665,0.008172587411,-0.004308352625,-0.01175086164,0.0005647924733,-0.01122894293,0.003750642951,0.005291159046
-1.209088738,-0.003546506105,0.009414360768,-0.005035054111,-0.01915349074,0.00212686111,-0.03251176151,0.0165945741,0.01201434658
-1.242535092,0.000772062167,0.001636428139,-0.009770170969,-0.02169062186,0.0009743452482,-0.02283039634,0.00127221345,0.008065795877
-1.176440986,-0.00239039094,0.01008870255,-0.006028954381,-0.006896254516,-0.0006903745842,-0.02030250072,0.01302796501,0.008099827373
-1.215854909,-0.007787366727,0.004145281301,-0.006659077456,-0.02217976337,0.0002062657823,-0.02167150891,0.01240821989,0.00769749754
-1.203551337,-0.01193293232,-0.008109838036,-0.00930114688,-0.01958960483,-0.0005195276337,-0.02496369915,0.005088479478,0.00647731556
-1.152642768,-0.01133731355,-0.001991505845,-0.007010068522,-0.01266733472,-0.001510750896,-0.02706586345,0.01186268638,0.009446743589
-1.209532447,-0.01393190378,-0.005894725943,-0.0122975353,-0.01925501594,-0.0003694214191,-0.0210845737,0.005403832499,0.007321126741
-1.226247007,-0.01147242225,-0.0007499608867,-0.007998634024,-0.01270452016,0.000468646522,-0.0204094702,0.01485939035,0.007789731748
-1.206533419,-0.005027890007,0.002846308429,-0.004040123113,-0.01720416907,0.0007640896975,-0.0267545783,0.004766956968,0.00797695142
-1.184041614,-0.009329055376,-0.003660749248,-0.01138573933,-0.01753170129,0.0001538873662,-0.02280189962,0.01057201004,0.008048050695
-1.205331908,-0.006481305482,0.004040399432,-0.005805358435,-0.01088519729,0.00110629993,-0.02294814828,0.01285694277,0.01055387426
-1.180109735,-0.002512029781,0.006157919091,-0.006831795303,-0.01423883926,0.002579606266,-0.02259203819,0.007330863385,0.008781741883
-1.201534884,-0.004121644124,0.003394661704,-0.007799176477,-0.0170133868,0.002583916442,-0.02312172078,0.01170749342,0.009355910297
-1.226257799,-0.002363236125,0.006728467311,-0.004720401448,-0.01088768179,0.001215308219,-0.02257321836,0.008966736805,0.01029903974
-1.211986513,0.001254683785,0.009318429315,-0.01017994697,-0.01423301045,0.003701554309,-0.02027918001,0.0112320917,0.009649067677
-1.166115439,0.0002364444921,0.006939011205,-0.004879512838,-0.01572666183,0.001215302415,-0.02394967773,0.009019318056,0.009873191974
-1.248544214,-0.0009527415596,0.00765273323,-0.004748143785,-0.01351556312,0.001326387915,-0.02077246369,0.01115042314,0.008636666593
-1.235386106,0.000900532627,0.007499003745,-0.007806980911,-0.0129030437,0.001823039084,-0.02194271265,0.009707775753,0.00968508013
-1.162628163,-0.000419499432,0.007513482952,-0.006569269577,-0.01397224963,0.001155326898,-0.02173453399,0.01210769543,0.0107583868
-1.172467389,-5.621303452e-05,0.008376060665,-0.0044576619,-0.01441213906,0.002160298877,-0.021601601,0.01142904756,0.01001567146
-1.198174432,-0.002133052746,0.007553053966,-0.007602526827,-0.01422957038,0.002434358896,-0.02051233917,0.0126355608,0.009784917999
-1.199477562,0.004619684141,0.01280723081,-0.002210468065,-0.0102242228,0.0009978773045,-0.02611850093,0.01350989317,0.01153669992
-1.216406749,0.0120088706,0.01876973031,-0.005704513935,-0.01598109381,0.007922729341,-0.01184134389,0.002216409522,0.009621713652
-1.202847766,0.008626017409,0.01860889692,-0.001984634182,-0.01027471911,0.002301341172,-0.02779146524,0.00854664612,0.0111668445
-1.158555733,0.009245010851,0.0154265365,-0.002875672846,-0.01311448042,0.0003404121009,-0.02036500742,0.02762549295,0.01099798742
-1.218937096,0.008307662727,0.011419053,-0.004244206782,-0.01346872536,0.007360714705,-0.009675920484,0.0009413487123,0.007082751036
-1.199456923,0.002449363396,0.01824567827,-0.004533542288,-0.01316944653,0.002174979711,-0.03167049588,0.01326239239,0.01017749842
-1.156726191,0.007578950977,0.01319567839,-0.004767766484,-0.01314868814,-7.952418419e-05,-0.02363993236,0.008679510188,0.01046394025
-1.197786628,0.002658216018,0.01102583886,-0.0008195390863,-0.01123263567,0.00188215771,-0.01204790476,0.01620952482,0.004266996399
-1.159420509,-0.0009339259876,0.01106107549,-0.005596406282,-0.01826210663,0.002942351951,-0.02857102241,0.00498050464,0.008758454668
-1.150585471,0.00129808725,0.005606165752,-0.0102113439,-0.01918257713,-0.000584181343,-0.02557764153,0.004138443684,0.009109728504
-1.239053303,-0.001046036058,0.008457978203,-0.003466901287,-0.005839402703,-0.001646189817,-0.01854106207,0.01439236424,0.008697082494
-1.215652269,-0.004560716323,0.006615339035,-0.006017625684,-0.02242473531,0.001308826166,-0.023740908,0.009783437452,0.006449508798
-1.155251593,-0.001481679088,0.005032383504,-0.007867283229,-0.01845170925,0.003100466052,-0.0234151227,0.01092852815,0.007129812874
-1.185495417,-0.001279057297,0.008561384471,-0.005264855939,-0.01002713497,-0.001850103895,-0.02140398875,0.006248617074,0.01156784003
-1.173308581,-0.004454657667,0.006949270876,-0.009073248269,-0.01801277025,0.0016242621,-0.02236363703,0.01355450363,0.009785887509
-1.202346619,-0.002184031776,0.005727974101,-0.002367924629,-0.0155496728,0.002402194012,-0.0190672096,0.008437771619,0.00662756958
-1.196662979,-0.0008445491004,0.005648318524,-0.006137223082,-0.01582730895,-0.001237080221,-0.02267419803,0.007553731501,0.008976902165
-1.234990577,-0.002599862893,0.00435741288,-0.009484132137,-0.01548779649,0.0001115675989,-0.02563341337,0.01274926276,0.01112595683
-1.172705241,-0.01108176382,0.001999809511,-0.005224590939,-0.01552382661,0.0009666534198,-0.02088443123,0.00830049802,0.006855229435
-1.113283059,-0.01298402639,-0.004924455934,-0.008879132046,-0.01957315457,-0.0002183039958,-0.0239856214,0.01022689983,0.00628732573
-1.208036778,-0.01056341112,-0.005280928474,-0.010290034,-0.01722601458,-0.002446292288,-0.02412268276,0.009302101799,0.00896980023
-1.151676613,-0.01397081853,-0.0025638624,-0.009885208053,-0.01204952224,-0.002000187994,-0.02323937525,0.009385167275,0.0103177949
-1.174943696,-0.008683056333,0.001196800352,-0.009018168528,-0.01777119621,0.001919594442,-0.02271725786,0.006434770996,0.008016817318
-1.135227527,-0.007640502042,-0.001520660888,-0.00645244951,-0.01573377825,-0.001230644525,-0.02341066131,0.01101713063,0.00788744018
-1.276554615,-0.008274611959,-0.0019311323,-0.008809420178,-0.01498297966,-7.143668867e-05,-0.02148041285,0.01347587971,0.008958573427
-0.6996462353,-0.004458822061,0.003807409038,-0.007405094282,-0.01395706093,0.002134181883,-0.02517601564,0.007467265215,0.01012713956
4.840750951,-0.003490664138,0.006167648712,-0.005497634252,-0.01468272929,0.000902968027,-0.02182776148,0.01132008518,0.00889833704
5.15378203,-0.001823001523,0.005541110845,-0.006219411825,-0.01523083193,0.0005725482004,-0.02122696639,0.008495928465,0.007732298077
5.033611356,-0.00139197502,0.004308504895,-0.008422442883,-0.01569861106,0.00103364426,-0.02163692525,0.01344990938,0.008887560673
5.100523033,0.000522044698,0.006681521851,-0.004094975871,-0.01410214612,0.0007865708827,-0.02633457928,0.005080110337,0.01117848139
5.093891315,-0.001430873521,0.008598880509,-0.006914311138,-0.0135774036,0.001935497045,-0.0191464343,0.01732293578,0.01017182744
5.111836573,-0.001250071776,0.006360116071,-0.005972579374,-0.01487597962,0.004708491812,-0.01744982958,0.002247311542,0.00886909247
5.077023373,-0.001023914059,0.0103631775,-0.003503597786,-0.0119686938,-0.003416204494,-0.03186145482,0.01603049919,0.01159047267
5.079778402,0.0005134338918,0.007227436216,-0.008229006325,-0.01398854665,0.004456710806,-0.01307600882,0.01506641274,0.007689725735
5.142316313,-0.002080365262,0.009596955645,-0.00251360301,-0.01613838826,0.001156816425,-0.02136249516,0.001422306618,0.009022596749
5.04663273,0.0006247057394,0.009555485637,-0.006107675102,-0.01157823528,0.001399452279,-0.03123178378,0.01764006394,0.01200545134
5.138194129,0.01215158248,0.01459442752,-0.005424719211,-0.01153270167,0.00368827569,-0.01163630289,0.008838362057,0.009039160162
5.009568637,0.008151221897,0.02075670391,0.00036736313,-0.01149410427,0.005115949396,-0.02146495761,0.01958372002,0.01104780994
5.148843856,0.008917134883,0.01766726717,-0.003476101014,-0.01905186272,0.008163142578,-0.02713269987,0.003639752322,0.01055587455
4.97170286,0.01036910457,0.01726419142,-0.005454375347,-0.008726476583,0.0003945321957,-0.01710397719,0.0003371774922,0.009256488653
5.239109536,0.002509246444,0.0137290374,-0.002308942933,-0.00714254234,-0.002633114205,-0.01798738507,0.0314808504,0.01139231245
4.817527898,0.00625440433,0.01035474028,-0.006250376756,-0.0247982897,0.007829071604,-0.02035212411,0.002253412261,0.007516145194
5.595662882,0.004742566839,0.0180610936,-0.00435434683,-0.01081788165,0.005315897006,-0.02651317337,0.007061087634,0.007598174534
1.672993038,0.0009122410991,0.01009375331,-0.005614867271,-0.01067682071,-0.003651249035,-0.0211266238,0.01161343919,0.01140665901
-1.75842961,-0.001313115866,0.008061135991,-0.005891745399,-0.01769358974,0.0005907825054,-0.01724332237,0.02099211148,0.00764451223
-0.9399952305,-0.0006973714801,0.00891931138,6.72300599e-05,-0.02284565369,0.004246714062,-0.02314107614,0.002249876391,0.005634454755
-1.351919636,-0.001118693259,0.005759234577,-0.01184921497,-0.01215802249,-0.0007372160868,-0.02775772968,-0.001592771412,0.007103775346
-1.06819294,-0.003306613465,0.007219932438,-0.008118973477,-0.009575410469,-0.003121156542,-0.02029156443,0.02078950485,0.01071918388
-1.276641906,-0.00213896787,0.009368125577,0.0001296735042,-0.01653944465,0.002194658059,-0.01839178814,0.007125078227,0.008044993801
-1.175330547,-0.0006871828095,0.00595948379,-0.009661891949,-0.02270683556,0.003893881646,-0.02460678348,0.01372740032,0.00658043468
-1.254045231,-0.003876782809,0.007335950034,-0.00792714468,-0.0104959169,-0.001005186746,-0.02432060456,0.008465001603,0.01016615599
-1.164399763,-0.003850138075,0.007759670327,-0.003926935679,-0.01356629041,-0.001002212227,-0.01883858069,0.00960817514,0.01030535451
-1.216144774,-0.002060302616,0.004114805381,-0.005081704207,-0.02541114604,0.003694847664,-0.02392069075,0.01064186907,0.007688302317
-1.219029719,-0.002800160471,0.001725043819,-0.008324679928,-0.01324944036,0.000180557511,-0.02317998278,0.006524244243,0.007042496689
-1.203970263,-0.01343379129,-0.003218076565,-0.00864490836,-0.01165772426,-0.002452703031,-0.02479508637,0.01073945439,0.008374775304
-1.219157311,-0.01349690752,-0.00149083611,-0.008320277954,-0.01837311684,0.001258855714,-0.02269187519,0.008387402185,0.00821970643
-1.18065811,-0.01114509266,-0.002978058548,-0.009394419367,-0.01648774649,0.001197143921,-0.02291096859,0.01084722683,0.006683717083
-1.227227523,-0.009602342251,-0.003054937744,-0.01021284737,-0.0145102072,-0.001884391171,-0.02404621602,0.009433095464,0.008049576161
-1.203736006,-0.007866192816,0.001308734013,-0.007865727734,-0.01929765313,-0.0008850779533,-0.02489515219,0.01260435911,0.01000095535
-1.165085056,-0.008834870139,0.002881977899,-0.005631065587,-0.01428654118,0.003091606747,-0.0204660009,0.006661123104,0.008807344774
-1.180205968,-0.00472377797,0.0003255033008,-0.01160378238,-0.01444863189,0.004665298046,-0.01511124598,-0.002568649186,0.007042633979
-1.217791759,-0.003844705056,0.002129815275,-0.005654679871,-0.01538098724,-0.009248656222,-0.03537741747,0.0220893692,0.01321346151
-1.18244642,-0.001877831837,0.005630821456,-0.00489914111,-0.01327122072,0.002151429542,-0.02109660723,0.01539854069,0.008611311833
-1.227935841,-0.00227383158,0.009775119314,-0.007892982242,-0.0193683899,0.01307232311,-0.008096783733,0.01182723914,0.003337826155
-1.185250348,-0.001284067095,0.006441550651,-0.007126969041,-0.013573254,-0.00307514955,-0.03458043402,-0.004795225671,0.01273021398
-1.264170567,0.002761736024,0.006347286842,-0.007754370315,-0.008120351436,-0.0003465863164,-0.02471060955,0.02685730441,0.01362362337
-1.176049402,-0.003435001722,0.005848193159,-0.00608928355,-0.01286107817,0.0061910012,-0.008400819754,0.0003967355286,0.004602093967
-1.229860597,-0.001549722753,0.009177317928,-0.0003213883623,-0.01599702812,0.00393626934,-0.03053555935,0.006295281031,0.008886066021
-1.1983019,0.005374636192,0.003129954445,-0.0110467093,-0.01777024565,0.0003061261029,-0.02669676172,0.01720635551,0.01202748553
-1.203496503,-0.0006281165409,0.01168795081,-0.004042245033,-0.001964333257,0.001288126765,-0.01380285904,0.003602799196,0.009652940152
-1.232095076,-0.006244655423,0.0122063838,-0.002294595999,-0.01881278235,0.004899988942,-0.02322491448,0.02975237211,0.008548509445
-1.182799915,0.008858638381,0.009429444418,-0.005335988051,-0.02571076487,0.002554450379,-0.02471638063,-0.00597093553,0.009230789257
-1.210775026,0.01387539924,0.02051546433,-0.005087821263,-0.0005497445924,0.004790917334,-0.01667526845,0.01848186251,0.01177273779
-1.206688386,0.004198099144,0.01395177504,-0.005906920387,-0.01419748866,0.001517464526,-0.02420993044,0.007321748355,0.01161834041
-1.226301959,0.01104592225,0.01551743745,0.0004355710257,-0.01565073797,0.004608847873,-0.01804908301,0.01274966325,0.008554063297
-1.197645189,0.009155910788,0.01726921988,-0.002950941107,-0.005507294974,0.002076035369,-0.01694232078,0.01146243674,0.008577918334
-1.127996152,0.00218819485,0.01284671061,-0.008879896351,-0.01772508294,0.003158942996,-0.02726188283,0.01256458892,0.0101917526
-1.149315284,0.00528545008,0.01678336883,0.004475723847,-0.01576070748,0.005487895577,-0.02075772432,0.01773664038,0.008953576376
-1.214511381,0.00328623136,0.01172931952,-0.001612653653,-0.01395985925,-0.0002163084426,-0.01435054766,-0.0003656933096,0.005701482555
-1.24707453,-1.881956505e-05,0.009272451199,-0.01216834795,-0.01504901088,-0.0006848682777,-0.02659696279,0.0230481628,0.009602287089
-1.246650911,-0.0005657656939,0.005902621381,-0.004251061458,-0.01800810295,0.0003395554591,-0.02309967982,-0.001287526525,0.009791582357
-1.191961976,0.0003398167305,0.01227389514,-0.003146311443,-0.01467038838,0.002825161358,-0.0185989731,0.007377179423,0.006900164893
-1.210294343,-0.00473441967,0.006214986025,-0.009932178018,-0.01344776919,-0.0004287731239,-0.03127708229,0.01651913206,0.009158583959
-1.189586808,-0.002435952773,0.005215389007,-0.006984585515,-0.01499374725,-0.0007604842408,-0.009255263067,0.01247806077,0.008193667758
-1.186332174,-0.0008672079992,0.006411620662,0.0007216539976,-0.01721435889,0.002674219081,-0.02932400358,0.002838431187,0.0101439378
-1.189962773,-0.004250313054,0.009877278984,-0.01175399286,-0.01787299373,0.003073579087,-0.03466209073,0.01334046262,0.007727305039
-1.165695933,-0.002159497697,0.002592658487,-0.004937756186,-0.009310041876,0.001670883668,-0.0008309695398,0.008804664233,0.005106129979
-1.212494324,-0.001175604975,0.006514920476,-0.0003172621088,-0.0193789832,-0.001639531973,-0.03017185585,0.004896365081,0.01331183632
-1.181580234,-0.002526665386,0.008405646994,-0.01245206108,-0.0174272824,0.000479164343,-0.03118564825,0.02125600587,0.01012204132
-1.198456849,-0.01071785289,-0.001096250552,-0.007130341115,-0.01052680424,0.002696853106,-0.003119386866,-0.004106391693,0.002290231185
-1.201763633,-0.01356602327,-0.0004565289775,-0.003984973901,-0.02154547019,-0.004199286936,-0.03620214061,0.01641652939,0.01033707395
-1.212871429,-0.008880003688,-0.003284409796,-0.0119535616,-0.0223265662,5.216161432e-05,-0.02551455316,0.01738795242,0.009178677414
-1.171549131,-0.01467249636,-0.003330652664,-0.007884184836,-0.004132171926,0.0007372763919,-0.005321987618,-0.005840030396,0.003876490332
-1.193203272,-0.009567762557,0.001985270694,-0.008415434908,-0.02089042134,-0.002403344446,-0.03876384048,0.01962990924,0.01106471733
-1.23005261,-0.003838297293,-0.003065945421,-0.008449439446,-0.0186087709,0.004818551822,-0.02307504929,-0.002739978793,0.007754972357
-1.21475813,-0.01155033378,0.003425847146,-0.005779215717,-0.005595746544,0.0004654809993,-0.007965493904,0.02150230398,0.006710450095
-1.218021215,-0.005233048729,-0.0001011114526,-0.009702953788,-0.02678241135,-0.003332501104,-0.03223145984,0.009217302048,0.01308284413
-1.214974407,-0.001806373079,0.007535104554,-0.00799726163,-0.01221585818,0.004193346971,-0.02324708476,0.01015438899,0.006445396393
-1.160354782,-0.005247207208,0.01106608317,-0.005624470436,-0.008097271515,0.00291185153,-0.01353248209,0.01137486385,0.006345531359
-1.209497768,-0.002235800908,0.001688748011,-0.00708112895,-0.02281747339,-0.001799295806,-0.02923087176,0.007472601902,0.01242208269
-1.214482357,0.003663704768,0.008347646147,-0.006340811332,-0.007842105661,0.003711309501,-0.0209521138,0.0204344726,0.009766426977
-1.203626112,-0.003005591259,0.01019483322,-0.009368514484,-0.01383867342,0.003510840038,-0.01871400819,-0.005605214557,0.00833902541
-1.176000362,-0.003914799377,0.006131960412,-0.003906441084,-0.01598264392,0.001494571707,-0.02654326049,0.02475393885,0.009126803645
-1.216951428,0.002686461291,0.00621438086,-0.004218099628,-0.01053796142,-0.0002249006942,-0.01928939237,0.00803863717,0.01150003255
-1.189129288,-3.987546505e-05,0.009997926059,-0.009366790662,-0.01545199647,0.004166586936,-0.02113769863,0.01057944652,0.007752738252
-1.198972219,-0.002351053407,0.006212544745,-0.004020562788,-0.01759022096,0.00298259779,-0.02577346873,0.014401571,0.01038259037
-1.180912468,0.003292726523,0.01135740584,-0.003960752612,-0.01339339807,0.0001900213188,-0.01386089076,0.00549978866,0.008964946623
-1.242730089,0.009643090915,0.01734482089,-0.00476444172,-0.00960416335,0.00703200057,-0.02481735222,0.01647921456,0.01093596246
-1.184982926,0.008191762607,0.01561850369,-0.007019482006,-0.01525045513,0.002962097533,-0.02193384917,0.007243932466,0.01094515778
-1.218890783,0.01095479619,0.01849757288,-0.0009930810034,-0.008382734507,0.003536781923,-0.0150583802,0.01316418108,0.00862499949
-1.16746122,0.009046584898,0.0213439493,-0.00220230756,-0.01764167839,0.004981613444,-0.02438231238,0.01366791954,0.009818720667
-1.253970727,0.002285659429,0.01266895083,-0.004664275114,-0.01418126307,0.003454881237,-0.02175645387,0.01155897112,0.008751005832
-1.10374787,0.006893138307,0.01147355118,-0.003758929518,-0.01315824539,0.002385611797,-0.0170846759,0.01079746935,0.008867867383
-1.350168824,0.006583347434,0.01594814411,-0.005270800763,-0.01417481473,0.0008630171127,-0.02688380893,0.007563645901,0.01092492089
-0.9118395792,0.0003326411863,0.009194156995,-0.005431868017,-0.01548788223,0.002061430947,-0.01939665389,0.01289347192,0.008168897757
-1.577923137,0.0001166774546,0.005136571827,-0.003649394128,-0.01540174561,0.0004072113253,-0.02274172588,0.005444708128,0.007713864615
0.5193616589,0.001550768595,0.009324503644,-0.008075266833,-0.01580064571,0.001751259238,-0.02563437531,0.01736549536,0.009911030684
5.47998691,-0.003525931764,0.009708726414,-0.00551532878,-0.0137301698,-0.0005675975832,-0.0223472644,0.007682927206,0.008276382017
4.883155392,-0.004044262439,0.007075167277,-0.007809927449,-0.01645064232,0.002989641287,-0.01545802197,0.01219973446,0.007229150215
5.237372027,0.0008243480614,0.00365638789,-0.006221679718,-0.01928168906,-0.0001794077804,-0.02796212136,-0.00397131077,0.009057492208
4.989538897,-0.002249271507,0.006912478238,-0.006771822883,-0.01273625935,-0.004142708912,-0.02902436972,0.02327100776,0.009222877454
5.142528709,-0.001485098824,0.003651364227,-0.005087244095,-0.01534490747,0.006019182542,-0.007265795797,0.007593927049,0.005452108606
5.044833427,-0.003265321861,0.008812281352,-0.005623894118,-0.01868532431,-0.0001386160114,-0.03237032042,0.001861197969,0.008952968489
5.100214496,-0.002013044671,0.006941996609,-0.009550764124,-0.01181419021,0.0005218746013,-0.02543617169,0.02157803007,0.01046946077
5.105084582,-0.006671992785,0.005831878826,-0.006017451745,-0.01198134968,-0.0004523650844,-0.009305630049,0.007242850199,0.005539402732
5.09440581,-0.01615962073,-0.001661495657,-0.00723776343,-0.0196957629,0.0007595207054,-0.02905993633,0.01012132405,0.009862541006
5.061753887,-0.009357886409,-0.006322373663,-0.008591503885,-0.02155335275,0.0001942864791,-0.02937780148,0.001758673235,0.008886734015
5.086649065,-0.01088664762,-0.002200841181,-0.01067340604,-0.01180848066,-0.002352400931,-0.01948496598,0.01272645137,0.006446152634
5.06382706,-0.01471423149,-0.001879540242,-0.007012815575,-0.01649412322,-0.00105935996,-0.02043280838,0.01018843742,0.00920140872
5.129578058,-0.004613447005,-0.001146317704,-0.007215834494,-0.01524702351,0.001532103251,-0.02398267052,0.01041812853,0.006710820965
5.009273526,-0.007487799517,-0.001679989561,-0.008977381768,-0.01664952642,0.003252767528,-0.02805322284,0.02044732858,0.008825725325
5.139101303,-0.008731433419,0.001065219209,-0.006776446471,-0.01679226657,0.002185590325,-0.02139771881,-0.01896219816,0.009125630503
4.954977133,-0.004997674689,0.009502200848,-0.005490196459,-0.002839380495,-0.003954466024,-0.0185763964,0.03494314186,0.01020003968
5.190572725,-3.800873666e-05,-0.003849373775,-0.007042693866,-0.02549499657,0.003010987521,-0.02188314885,0.004865948853,0.01007469857
-0.04232196692,-0.003772312076,0.009514519672,-0.006412467641,-0.01433999072,0.005042477444,-0.02576645946,0.006582319498,0.005839812385
-1.496828279,-0.00248592401,0.01005004466,-0.009361171649,-0.008605109808,0.0007316276411,-0.02568946099,0.01278604974,0.01072833645
-1.041844361,0.0006605849298,0.008396218377,-0.003852202677,-0.01359437771,-0.0007050609892,-0.01835688232,0.01191931883,0.007916978422
-1.352662987,-0.0009565510156,0.006680354756,-0.001666527276,-0.02167695443,0.005490845155,-0.01664259604,0.02359805206,0.009268142592
-1.12311131,-0.00103330782,0.006730982485,-0.006844227163,-0.01235798889,0.003236381819,-0.02832479041,-0.009934578539,0.01010481506
-1.208664051,0.0005751743493,0.008507328441,-0.01073751038,-0.00637033351,0.0003586627966,-0.02271347738,0.01770783959,0.01015897246
-1.207426927,-0.001201082846,0.008131602082,0.0003039520121,-0.01248410729,-0.0009713568187,-0.01846443635,0.01061478008,0.01033240206
-1.216804415,-0.0009498189351,0.004668108123,-0.007259355573,-0.02178662332,0.003062516704,-0.02154630713,0.01217474946,0.006519859692
-1.203643896,0.004922957548,0.01341504057,-0.006947937222,-0.0102769124,0.004959658344,-0.02445709992,0.01579559275,0.01040418307
-1.186527988,0.01056258474,0.02191764977,-0.001596867205,-0.007808435903,0.003190078833,-0.01829324149,0.00312960384,0.01135254833
-1.224950555,0.006812406055,0.0164013903,-0.002579598477,-0.01687350358,0.004453317158,-0.02078509416,0.01799563578,0.01025671874
-1.234689006,0.01035284645,0.01539146985,-0.003301423858,-0.01555648608,0.004089658528,-0.02045313329,0.009032235326,0.008429533569
-1.195523856,0.007571050424,0.0123907833,-0.004025882715,-0.007641259078,0.002190071681,-0.02370309458,0.006279175597,0.008596003839
-1.244841155,0.002941125145,0.01408430398,-0.003721383488,-0.0131872004,0.002326943711,-0.02375621136,0.01632315423,0.009975613062
-1.214428413,0.004528239219,0.01626351262,-0.004392037504,-0.01636252143,0.007157544755,-0.009255020033,0.005207104397,0.007074772699
-1.159847261,0.003200963243,0.011864971,-0.003098078432,-0.0106568347,-0.002118299925,-0.03351144944,0.02006646429,0.01079277614
-1.217357714,0.001479157934,0.007976472525,-0.00750180433,-0.02070463538,0.0001298026046,-0.02271139059,0.01446590012,0.006900468554
-1.244206378,-0.004807711368,0.01231325341,-0.002832171122,-0.01293761784,0.004494011535,-0.006557551553,-0.01791998406,0.004234625318
-1.230855968,-0.002431706131,0.01041645043,-0.005546599359,-0.01748925087,-0.0004475880585,-0.04205141311,0.03939548154,0.01464882762
-1.254797409,0.001985356475,-0.006026690503,-0.01051685778,-0.02247076018,-0.00415932929,-0.01934795577,-0.01123199077,0.00643451379
-1.228410873,-0.005445629341,0.01343642802,-0.00398966735,-0.00473643713,0.005599442532,-0.008883832447,0.01957381549,0.002594238428
-1.204320585,-0.00499404737,0.007932028542,-0.005673265972,-0.02107945127,-0.00045955821,-0.03608585833,0.01266335124,0.01382827829
-1.262526521,0.00172815775,0.003381875067,-0.008798304328,-0.01884118679,1.04848676e-05,-0.02047574335,-5.126254201e-05,0.007332632363
-1.199409048,-0.002633981323,0.01265670459,-0.004296301612,-0.007361818604,0.003400045647,-0.01476202165,0.02401067981,0.00831223815
-1.185121005,-0.007063017844,0.001621714441,-0.005502468694,-0.02590337071,-0.004207087489,-0.03138682421,-0.006970530786,0.009766757236
-1.169291621,0.001226375567,0.00512877364,-0.006871883818,-0.01198448511,0.003576581591,-0.02074011902,0.02260234036,0.007652980217
-1.219430259,-0.006950777596,0.003216545342,-0.007636057803,-0.01097339721,-0.00167467092,-0.02064661348,-0.002840627624,0.008064611724
-1.217019741,-0.01898305364,-0.009090833614,-0.01223508769,-0.02514012726,-0.002334600802,-0.02850953359,0.01945374923,0.007244564716
-1.219755979,-0.009803495975,-0.0005995724882,-0.004257185185,-0.0128544186,0.001222320189,-0.01966565829,0.0111682271,0.008336516187
-1.23908809,-0.01308317091,0.001949013143,-0.01000346877,-0.01497826338,-0.001954742389,-0.02427337051,-0.0007222519202,0.007456224645
-1.240485219,-0.01130819492,-0.003705665285,-0.01434699456,-0.0209159042,0.00183696503,-0.02801854024,0.02115473802,0.008391070036
-1.19151455,-0.004962299691,0.001354496463,-0.004738140815,-0.01161508914,-0.001460399764,-0.0193026961,-0.003150645972,0.008429489643
-1.187512177,-0.007414477646,-0.001888180875,-0.007097938696,-0.01372870265,0.001475258705,-0.02458078529,0.01942065691,0.008614926822
-1.187245888,-0.006172530455,0.0001493532755,-0.01084799629,-0.01840599781,0.0006107861938,-0.02189475989,0.002220919239,0.009695478714
-1.177004304,-0.003637325972,0.01010760458,-0.005323289166,-0.008679175251,0.002919492479,-0.02128584546,0.0130701262,0.0079804335
-1.223138803,-0.002874572515,0.004972097594,-0.006338030442,-0.02326697303,0.004690080034,-0.02672874353,0.01528221439,0.008972628328
-1.20345326,-0.003204442235,0.004572333557,-0.005998083383,-0.01202061078,-0.002858664581,-0.01501587518,0.004778910737,0.008952519867
-1.210375893,-0.0008264463789,0.009038168044,-0.005663878563,-0.00739385241,0.004142383892,-0.02287915824,0.01412282851,0.0103701661
-1.20385225,0.001036891618,0.005788579261,-0.009670888094,-0.02288443119,-0.00046336859,-0.02442904839,0.01773967597,0.01050172567
-1.212192555,-0.001000747447,0.006501022208,-0.001716916523,-0.01356846896,0.005853343326,-0.02299821348,-0.01622715811,0.008824125697
-1.203413456,-0.002293372075,0.0150065126,-0.01086656408,-0.009594146278,0.003860179339,-0.01579276016,0.03102126643,0.009755190737
-1.223089465,-0.0002803937132,-0.0006493122068,-0.003970549997,-0.01848006686,-0.003901935033,-0.02714076353,0.01105041805,0.01357351344
-1.177369713,0.002422245648,0.009508138312,-0.003653539386,-0.01299409346,0.005564280906,-0.01817041428,0.00832376656,0.007087640538
-1.186029944,-0.003360600333,0.01441038425,-0.01134025116,-0.0117110825,0.009446407357,-0.01601742505,0.01490659348,0.00633114296
-1.18293571,0.007075509037,0.01063163812,0.003366525235,-0.0147756897,-0.005453642466,-0.0331996714,-0.004593433498,0.01357059732
-1.246242975,0.01496398545,0.02224304845,-0.001704923766,-0.007775525175,0.006955407761,-0.01072309465,0.04483687182,0.01059440581
-1.20829964,0.008859130164,0.0129180378,-0.004580146535,-0.01986674575,0.007538661483,-0.01752092821,-0.02971090964,0.008662271285
-1.198926236,0.00447292783,0.02218665963,-0.001703147614,-0.008028005792,0.0004391737748,-0.03025286768,0.03670547499,0.01102959816
-1.196111065,0.01144668144,0.006395635227,-0.003451548938,-0.009958412886,-0.001095701639,-0.01290645346,0.004128612498,0.01276805506
-1.158118851,-2.657355017e-05,0.02166585901,-0.004629319247,-0.01423753213,0.006571191871,-0.0217070715,0.01521322734,0.005997286686
-1.191395859,0.00599839614,0.0159052507,-0.003650877235,-0.02029386882,0.005425653399,-0.02903953983,0.0179327543,0.01130440794
-1.163536011,0.005016149584,0.008627825185,-0.005716129704,-0.01484169738,-0.004499500601,-0.01475035437,-0.004151576835,0.007007437318
-1.241325193,-0.001040132071,0.007594743724,-0.004713829753,-0.004227590356,0.00130495388,-0.02682374984,0.02307977573,0.01219441476
-1.186178306,-0.003833928017,0.007840498057,-0.008031911037,-0.02573001437,0.004057115077,-0.02380159508,-0.007094927363,0.007024660033
-1.189727021,0.003125010543,0.004799071336,-0.004210089418,-0.01210897908,-0.001073242358,-0.01893877428,0.02566989727,0.005688548092
-1.167548039,-0.002398208581,0.006640664267,-0.00805364025,-0.01543811655,-0.001354122143,-0.02639146303,-0.00120830596,0.01206980414
-1.198149186,-0.007993887595,0.0123408543,-0.009267581309,-0.01312835734,0.00556742247,-0.02116642984,0.02140944429,0.005055789114
-1.181046814,-0.002079886261,0.001973359659,0.0009363801351,-0.01536799651,0.0003126971969,-0.01978539626,0.003947978323,0.007713676546
-1.171722544,0.003351453811,0.005272675067,-0.008321236683,-0.01838931297,-0.004610233287,-0.02383995367,0.01033195084,0.008983121628
-1.21977427,-0.004446509685,0.007087693715,-0.007731981732,-0.01108447749,0.004480263612,-0.02146867338,0.01168173967,0.009200471008
-1.21082716,-0.007412045603,0.009023603944,-0.002965602698,-0.01899585243,0.0001420745457,-0.01949833102,-0.0004140011037,0.007127614025
-1.20479556,0.0004017091316,0.0005580351445,-0.006139496355,-0.0154110908,0.001216996144,-0.02794860556,0.01896235233,0.009290786433
-1.204051225,-0.01089775887,-0.000753388435,-0.008876581623,-0.01442746933,-0.00280598288,-0.02213089076,0.002640840123,0.008220505835
-1.194642284,-0.0161621922,-0.001483712584,-0.01112104674,-0.01600301071,-0.0008497102924,-0.01712059545,0.01640461483,0.00676102221
-1.215656951,-0.009153478458,-0.004355562042,-0.007183352043,-0.02320691562,0.001156567355,-0.02836919646,0.004779727411,0.008766392534
-1.173645354,-0.01007499871,-0.004364577273,-0.01086226224,-0.01283372353,-0.002147312334,-0.02102706229,0.01182791045,0.006597968408
-1.180052166,-0.009064149768,-0.0007725435451,-0.009503077659,-0.01202088285,-0.001008749992,-0.02117284111,0.003518397715,0.01025721944
-1.148294027,-0.008597128847,-0.002137116338,-0.007015969529,-0.0180041777,-0.002388352875,-0.02386839146,0.01176886926,0.009187358172
-1.179316676,-0.005764060744,0.001165720544,-0.007369655089,-0.01560154168,0.001700556988,-0.02182353046,0.01125620152,0.009592257553
-1.098135325,-0.006584634575,0.007342480965,-0.009556056204,-0.01403141467,0.002478503215,-0.02174631957,0.007490002763,0.008263036517
-1.326651614,-0.003650858957,0.006370053274,-0.006010451761,-0.01189363287,0.0002694478566,-0.02524631042,0.01307281948,0.01022396897
-0.9486459202,-0.0002499094242,0.006562604671,-0.006156354483,-0.01323616638,-0.001328962959,-0.01913241025,0.01594783916,0.009412210198
-1.609135122,-0.0003098031135,0.006011204963,-0.00694824004,-0.01799859348,0.008810681757,-0.01821588086,-0.004955899487,0.006950945558
3.125039538,-0.001473783145,0.008678636961,-0.004940384889,-0.01377306694,-0.006158357055,-0.03314465954,0.01631536015,0.01330252178
5.531844437,0.001334785962,0.003609317778,-0.00591468624,-0.01123290066,0.004794878884,-0.01506285053,0.01894116619,0.009005587714
4.828007007,-0.001580664011,0.011179074,-0.00381283003,-0.01530543805,0.005772580136,-0.01353425894,0.004542323561,0.008151633418
5.240736221,-0.003718989466,0.009162995038,-0.007897656005,-0.01581578003,0.0002205994656,-0.03586015096,0.01134743722,0.01171587065
4.998951758,0.002899379953,0.004649047956,-0.006292848628,-0.01103172502,0.001769931268,-0.01341547823,0.013788645,0.009503862461
5.192009777,-0.002563239132,0.008735610638,-0.004528685428,-0.01107224654,0.002902000854,-0.01716338874,0.01179552061,0.006895947405
5.05289665,0.001354800658,0.008424126357,-0.002375927002,-0.01941204702,0.005887096948,-0.02858339665,0.004997599533,0.01169251629
5.076176803,0.01252064128,0.01458373332,-0.004370660326,-0.01052881302,0.0009992728674,-0.01883006595,0.01048648488,0.01148037553
5.145827235,0.007506841571,0.02132142121,-0.003793783795,-0.005556420946,0.002882100532,-0.01923018812,0.0163001896,0.01127888314
5.095292768,0.004477153785,0.0183348652,-0.001915322947,-0.01752709889,0.006467964542,-0.01996374529,0.01599044264,0.007323163755
5.062885415,0.009710546568,0.01345630057,-0.001927439589,-0.01359650585,0.002345884903,-0.01960195967,0.005255659822,0.00824606594
5.114595953,0.007140298275,0.01397932356,-0.0059928961,-0.01059227501,-0.0005291405216,-0.02286169022,0.01390516884,0.01152951006
5.125844302,0.00365136353,0.01427723235,-0.008585647007,-0.015885737,0.003964309973,-0.02041388772,0.01015538118,0.008623715705
5.009162175,0.003960662409,0.01154790389,0.0009206287122,-0.01516446319,0.002597142172,-0.01937211429,0.00897661546,0.008463449827
5.196830253,0.004407182657,0.006724144724,-0.006810623326,-0.01516878942,-0.000711865449,-0.02585890373,0.009509662405,0.008621385216
4.901039839,-0.0004684164131,0.009122135098,-0.01071699565,-0.01269147063,-0.002748658073,-0.02088549596,0.01834083487,0.009754514108
5.417628012,-0.00262388674,0.009527896989,-0.002073013398,-0.01934323243,0.009401440163,-0.02228895081,0.007120016674,0.006652187099
3.596157053,-0.001438170056,0.008258899076,-0.005572281872,-0.01729499928,-0.002599431933,-0.02803569638,-0.008912040365,0.007075956133
-1.406158469,-0.003743225019,0.003755591688,-0.01072817139,-0.007795907223,-0.005575411601,-0.01614014716,0.03299803223,0.0100491757
-1.061735126,-0.001133323001,0.002936687148,-0.002885878718,-0.02086643332,0.00556151935,-0.01547006162,0.00342504776,0.008182354462
-1.310655567,-0.003940513198,0.0106502272,-0.00744245378,-0.01938078467,0.003130934025,-0.03315667113,0.001597169472,0.007358376959
-1.155800329,-0.003244506533,0.00665798217,-0.008874995364,-0.008593120304,-0.0006603194433,-0.02269392782,0.01328810706,0.00868940911
-1.277689572,-0.006244428261,0.008484391257,-0.004041072646,-0.01125104819,-0.002613309795,-0.0126417638,0.01935717219,0.007502179805
-1.156876412,0.0007159665337,0.003522558974,-0.002245142792,-0.0279512424,0.004945763458,-0.02658727179,0.009776373849,0.009521947166
-1.221063503,-0.00382390812,0.0002335578745,-0.01158006412,-0.01622327401,0.001707890627,-0.02769581552,-0.00641506944,0.006547963618
-1.19362797,-0.01631851921,-0.002564999914,-0.01094577143,-0.004848384547,-0.005932547058,-0.02167583328,0.01710705162,0.00748714398
-1.246663042,-0.01235392234,-0.005408610081,-0.004211696038,-0.02305536881,0.0008082921134,-0.01951710143,0.01394815611,0.009505006906
-1.188248554,-0.007977550045,-0.005388189387,-0.009936324199,-0.02272734554,0.002149114836,-0.0282513683,0.009010486174,0.006248882982
-1.221663785,-0.008777115978,0.002304649542,-0.01502548729,-0.01009007033,0.001574807618,-0.01657243097,0.007689257994,0.007795586665
-1.214931483,-0.01003109729,0.002552092659,-0.004369294429,-0.01329742554,-0.005107861527,-0.02713990379,0.00381960116,0.01131154189
-1.238545868,-0.009237776106,-0.001820934086,-0.004461673739,-0.01978740402,-0.001610877551,-0.02570713941,0.0227759396,0.008728002164
-1.195624049,-0.001659592409,-1.703961403e-05,-0.008883207814,-0.01673073197,0.006185974527,-0.01196905583,-0.001909414342,0.00523113807
-1.243495203,-0.004986086017,0.006094147225,-0.008192428456,-0.01086432648,-0.002273373365,-0.03393545206,0.0102116171,0.01253615847
-1.150007396,-0.002669761698,0.00598789987,-0.003761422074,-0.01413646678,0.00229351273,-0.02012887679,0.01360608617,0.009656170369
-1.189657989,-0.002665742074,0.006708831187,-0.005156989266,-0.01121008229,0.005431048093,-0.010772411,0.009898415621,0.004639352275
-1.184066596,-0.001430356562,0.007721783558,-0.007415496796,-0.01672609496,0.0005030261836,-0.02950183703,0.01754450855,0.01175073207
-1.195719494,0.003025263116,0.004282038078,-0.005043904668,-0.01644645315,-0.00102112068,-0.02588914533,0.0007753499108,0.01245932677
-1.225306392,-0.00326135814,0.01282019202,-0.005490138636,-0.009506622398,0.004370327315,-0.01526366975,0.01066987792,0.008038792012
-1.208619592,-0.002882846122,0.007464042343,-0.005060732905,-0.01760762874,0.001579486958,-0.02182039083,0.01292985063,0.008020777719
-1.195889261,0.005555760449,0.001646188766,-0.005904580346,-0.01688937138,-0.0002749106682,-0.02397324994,0.01178273017,0.009650123684
-1.214657488,0.001157767384,0.01081908827,-0.006334490466,-0.00792638303,0.001511478949,-0.02180113182,0.01025315324,0.01226494312
-1.221814793,-0.003887716022,0.0103972947,-0.008070720944,-0.01547592914,0.003843256827,-0.02061987301,0.009380872603,0.006888902952
-1.245086235,0.007329604479,0.01385113019,-0.001038526942,-0.01282126557,0.0045884749,-0.01783600977,0.01460225132,0.008907559546
-1.210559003,0.01383260773,0.01570211251,-0.001722195492,-0.01374668044,0.002889176611,-0.0219413073,0.01082877767,0.01136817522
-1.211164951,0.005945985365,0.01541885714,-0.00625821526,-0.01273020975,0.004133299672,-0.02528748576,0.01086040229,0.01024935171
-1.239116536,0.0094396481,0.0189733635,-0.002327836645,-0.01149207396,0.00542265481,-0.01760566098,0.01017977207,0.008294333738
-1.207704629,0.006262090304,0.01440915927,-0.001737731699,-0.0140409096,0.003321201411,-0.01999829678,0.01136216259,0.008709373097
-1.195820618,0.003556410887,0.01077664923,-0.005774622846,-0.01568046775,0.002326304829,-0.02199881617,0.01623440741,0.01003466249
-1.165908946,0.003909341857,0.01683176784,-0.003695360778,-0.01009470793,0.002472533923,-0.02156665749,0.007048880674,0.008532985661
-1.217010602,0.003063267046,0.01328819957,-0.00388245322,-0.01663563561,0.003466181603,-0.02109394236,0.01175787996,0.007706894154
-1.180579317,-0.0006850702947,0.007027118703,-0.005609730133,-0.01785131912,0.001019577446,-0.02240344793,0.008183104698,0.007000451267
-1.239216116,-0.0001569569435,0.005912918931,-0.00740515516,-0.01369045389,0.001119517268,-0.02262386461,0.01402384331,0.009217131407
-1.195146885,-0.0008627753749,0.006788340693,-0.00597181366,-0.01475387577,-0.0006117185706,-0.02598379904,0.007864650341,0.00968297201
-1.212579752,-0.004664596082,0.007330926338,-0.007808948878,-0.01454358924,-0.0001437159618,-0.01822965863,0.001547318484,0.006506222122
-1.214164634,-0.003467933439,0.009194479769,-0.004107371917,-0.01506889831,0.003651004348,-0.02628180051,0.01966866522,0.007153944142
-1.224034949,-0.001471689115,0.0028624936,-0.004589206812,-0.02124885173,-0.0003024632287,-0.02172276436,0.009691331124,0.009672421089
-1.233979894,-0.00128824162,0.007742709532,-0.006002683166,-0.009068298811,0.0004438443645,-0.0199958545,0.002742537405,0.008493715233
-1.226129148,-0.004132488655,0.007764675099,-0.01126087443,-0.01506913275,0.001228444186,-0.02194428696,0.02434413614,0.007401152248
-1.215980416,-0.002533219316,0.001565223396,-0.004846151906,-0.02060511892,0.002171414737,-0.01961963049,-0.008121301494,0.006172204562
-1.238257528,-0.003809506622,0.01028641779,-0.003208399288,-0.0129475548,-0.002379021248,-0.03009894688,0.0211890648,0.009947429117
-1.21318127,-0.01372916945,-0.00566027124,-0.01383995056,-0.01792121459,-0.0004192620329,-0.01848783823,0.009095950132,0.006639863706
-1.228895088,-0.01348252326,-0.00292359486,-0.00576440291,-0.01573459531,-0.001734917125,-0.02196508825,0.001608358548,0.006148819135
-1.21013354,-0.008984405569,-0.00212992387,-0.008460955158,-0.01618041836,0.0007599604419,-0.03078934061,0.01831627841,0.01031816083
-1.224827935,-0.01260472732,-0.005823913111,-0.009710881599,-0.01681590705,-0.002200580222,-0.01631585749,0.002424221315,0.005952300981
-1.206803316,-0.01039976202,0.004828162418,-0.003621450421,-0.008720586871,0.0007325239425,-0.02087494884,0.02358981859,0.008406923354
-1.205065819,-0.005041024424,-0.0001901206827,-0.009003254689,-0.02756688095,0.004684342381,-0.03153890848,-0.002187359386,0.01020624606
-1.193019796,-0.008891294727,-0.0002690875952,-0.009145066373,-0.01302067213,-0.004000493737,-0.019589089,0.008628922371,0.006745338395
-1.186271882,-0.005438363153,0.004087285592,-0.003909612001,-0.00392625329,-0.00346416327,-0.0170892618,0.01548920557,0.01189849913
-1.189583587,-0.002682175121,0.001036849283,-0.008868589703,-0.02456880572,0.002691596561,-0.02461166702,0.008235377301,0.008245208932
-1.199268955,0.0002635666687,0.00663979615,-0.003456066056,-0.01005144596,0.003390644883,-0.02391521911,0.006561849087,0.007935941003
-1.208407695,-0.00240198948,0.01166764074,-0.009206729739,-0.01126449109,-0.001465632578,-0.02027845767,0.01582967939,0.01020099799
-1.183649156,-0.00269849145,0.006068794366,-0.007005136685,-0.01514130628,0.002220842356,-0.02334911967,0.0144465548,0.009388660068
-1.2242819,0.001090171489,0.006850439722,0.001075211422,-0.01834495952,0.003334838515,-0.02016063638,0.006686114325,0.00720152624
-1.142798201,0.000926781737,0.004990450463,-0.01040307888,-0.0140463896,0.001708533938,-0.024775339,0.004769948928,0.009539860405
-1.154109847,-0.0001944196038,0.007286868285,-0.008422301571,-0.009435378415,-0.0004791198999,-0.02071335694,0.01491362249,0.01227015839
-1.193290803,0.0004224854806,0.009500038301,-0.001699119865,-0.0141985205,0.003206295841,-0.01952154445,0.007783759412,0.008924541984
-1.186395551,-9.013525509e-05,0.008228516445,-0.008676725911,-0.01742590573,0.003853076023,-0.02151999663,0.01231825404,0.007210642513
-1.247173019,0.0006333736565,0.01270929385,-0.005288890719,-0.005775053533,0.0003715447728,-0.02432099716,0.0163957893,0.01172910872
-1.141391332,0.01093271438,0.01808739505,-0.002663138582,-0.01195328597,0.004751182574,-0.01666457871,0.01073871051,0.01192211801
-1.160468075,0.008998153094,0.01587144263,-0.002148465621,-0.01813827341,0.005725197484,-0.02058195093,0.007048994026,0.008368871337
-1.174306635,0.009067757686,0.0162376429,-0.002750292814,-0.01180118812,0.003140880615,-0.02289366183,0.01494215109,0.01067677028
-1.206656139,0.009797408802,0.0159809595,-0.004240602986,-0.009643885793,0.004015816516,-0.01830079578,0.009176333785,0.008953394748
-1.201833956,0.003901671655,0.009702342975,-0.003436323094,-0.01578430902,0.003161653857,-0.02316370755,0.01198104692,0.00918328604
-1.176119214,0.004753913066,0.01399189679,-0.003318680855,-0.01300512267,0.003167337505,-0.02059966392,0.01106108622,0.009170512769
-1.196662734,0.004426634833,0.01557300068,-0.006749847558,-0.01238589266,0.001240524183,-0.0176521019,0.01491280778,0.007381191839
-1.101524398,-0.0004804901664,0.00931034164,-0.005063442432,-0.01496161142,0.001753737938,-0.02456295066,0.005848557413,0.009869534508
-1.250541753,-0.0001699473737,0.00890594531,-0.005601482585,-0.01615554442,-0.002535099676,-0.02410988215,0.01648368666,0.00857165323
-1.143892909,0.0002876136591,0.004742040584,-0.009038409755,-0.0208775983,0.007801989534,-0.01542497606,0.0001186520031,0.006143851955
-1.30572659,-0.002614572533,0.006873129373,-0.004184218972,-0.01379579726,-0.006038199044,-0.03280906742,-0.004801000108,0.009436947353
-0.9782954479,-0.002733308505,0.004548275923,-0.007777101859,-0.01056211539,-0.005912850255,-0.02719448238,0.03877498267,0.01050179381
-1.546637008,2.260561632e-05,0.004754230862,-0.005006391107,-0.02332951447,0.007123354595,-0.001058149912,-0.002786589401,0.004157720763
3.321860263,-0.005890665069,0.01549245146,-0.005258641423,-0.0124415958,0.002588978151,-0.03552753504,0.01256545182,0.007226857208
5.504267678,0.0001203386103,0.003969670213,-0.01108038337,-0.01717657162,-0.001438844994,-0.02979009877,0.01394922628,0.01163910874
4.843554446,-0.002977790046,0.005359610829,-0.002996341249,-0.007848077934,-0.001601335299,-0.005075523771,0.006183772864,0.005760944733
5.190116804,-0.003814918501,0.008782736176,-0.003786067847,-0.01866641343,0.002743324312,-0.02666751188,0.009667194912,0.009609116296
5.032903249,-0.002559381249,-0.004908635166,-0.01010475602,-0.02560064484,-0.000777037426,-0.03458839242,-0.002864377947,0.008739928644
5.18102194,-0.01499314884,-0.004052615134,-0.008962141543,-0.0002680051173,-0.004986109046,-0.01204823318,0.01755127506,0.007807637376
5.086536326,-0.01582177339,0.0008935747509,-0.006309230833,-0.01543727786,0.0007333169088,-0.02488246981,0.0127095889,0.009487734767
5.109708004,-0.01108209206,-0.0047330789,-0.01363660712,-0.02694847269,0.003352922419,-0.02650383285,0.01495348746,0.004881605015
5.092474773,-0.007623326497,-0.0008962611294,-0.004090712671,-0.01517223811,-0.0009628454439,-0.02050704984,0.005160044494,0.008712535782
5.119796447,-0.00833731112,0.0018560529,-0.01177355956,-0.01440468732,-0.001219389494,-0.0218911652,0.008640436779,0.009774193594
5.103732955,-0.008196970903,-0.002867914251,-0.01022380595,-0.01573204119,-0.0009499621534,-0.02443606891,0.007214301727,0.009199160946
5.021707096,-0.001764793766,-0.002096651321,-0.002026916046,-0.01542625187,-0.0006332032657,-0.02299763282,0.00637440154,0.009522775603
5.097454345,-0.003570374592,0.00394229327,-0.01231521077,-0.01253186025,0.0004760816624,-0.02252102051,0.01481366832,0.009856549638
4.960153669,-0.005500065017,0.009345018257,-0.007719463815,-0.01444125865,0.004292879364,-0.02123100479,0.01137685275,0.009749240223
5.16234234,-0.00193539552,0.01254400145,-0.0004302233304,-0.01259678663,0.003886413352,-0.02140007609,0.01179233863,0.008320762808
4.903178433,-0.0006544543533,0.002798864886,-0.01029759921,-0.01987072851,-0.000708042717,-0.02006004276,0.01134352282,0.009420980613
5.411570633,-0.0009808178384,0.005374283158,-0.002591598011,-0.01148321222,-0.0001152394903,-0.02285081381,0.004804559594,0.01103764868
3.738397865,0.001024513339,0.01003637794,-0.005738393591,-0.01056805061,0.00192232529,-0.02007177981,0.01195666022,0.008672869416
-1.423737447,-0.0005171508967,0.001861177781,-0.009253143297,-0.0234108229,0.006204423832,-0.02628500832,0.005486835581,0.008276817638
-1.083848987,-0.00089360013,0.01078272612,-0.004576078977,-0.005487411267,-0.002268756183,-0.01539415774,0.008110741103,0.01049500504
-1.267939749,-0.001187859504,0.0120039489,-0.005370144484,-0.006500401527,-0.002149831669,-0.02439532134,0.02863573158,0.01285330835
-1.109431735,-0.0003090183874,0.00323811556,-0.007898290361,-0.02694360098,0.009290811142,-0.02585596017,0.006005826518,0.006897418082
-1.203285014,0.006046858992,0.01767256559,-0.0002637148982,-0.006440617598,0.005023852067,-0.01273058959,0.005291183668,0.005819036253
-1.157038137,0.01265470995,0.01929179143,-0.005489879833,-0.007866004331,-6.360814945e-05,-0.02673584244,0.01183986569,0.01404322798
-1.230743208,0.007824127008,0.01281899144,-0.003998017742,-0.01704276675,0.001057570528,-0.02263261054,0.0202267131,0.01001350932
-1.183604762,0.009821004311,0.01679784406,0.002871961099,-0.01619677742,0.01212493489,-0.008630368089,0.001031533344,0.008174107408
-1.224665648,0.004464551991,0.01779947742,-0.008643071051,-0.00995019866,0.001200458939,-0.03402204613,0.007046357219,0.009786388874
-1.213674294,0.00532239923,0.0133177225,-0.004518647558,-0.007377165892,-0.003404179725,-0.02213045757,0.02876537671,0.01194397968
-1.217653329,0.005051010672,0.01315910742,0.00350497076,-0.02052213495,0.007347489383,-0.002295415785,0.004284520488,0.005752177798
-1.229115604,0.0007192678872,0.01445045435,-0.01185881386,-0.02032142006,0.004220705211,-0.03696056222,0.007791623246,0.008272977696
-1.244440629,0.00285551499,0.008154106737,-0.009160424347,-0.00359729003,0.0006813905618,-0.02164727875,0.004630156601,0.008916751298
-1.212049769,5.747038799e-06,0.005307328228,-0.000128011416,-0.01612804429,-0.002955692242,-0.01303541852,0.0121875396,0.008200448766
-1.184198339,-0.002573681972,0.006547850013,-0.005935019447,-0.02131143138,0.001301410685,-0.02880123909,0.01258217399,0.008769174127
-1.196370103,-0.001581551123,0.007252945343,-0.01193702355,-0.01454326929,0.001949336315,-0.02146807477,0.008826115215,0.005230420702
-1.222716824,-0.001968641487,0.006984496213,-0.003964824836,-0.0159761422,0.001443134113,-0.0222576665,0.008581408331,0.01037572551
-1.203711081,-0.003652648986,0.008256356391,0.001846270353,-0.01691598803,0.000250651357,-0.02601790954,0.01265811504,0.01002010986
-1.2455391,-0.001333384373,0.006212149829,-0.01375217214,-0.01328721403,0.002564123358,-0.009333315297,0.008253079768,0.00493280555
-1.23364438,-0.0003519049107,0.004880689341,-0.00669122205,-0.01462591426,-0.002514259587,-0.02976791147,0.009591022413,0.009874266055
-1.178893742,-0.002609933339,0.004913863535,-0.00468719211,-0.01751006042,0.0009563862284,-0.03001715676,0.01293874712,0.01006177884
-1.248341871,-0.00442987684,0.008969474179,-0.008054029661,-0.01134631818,0.004692610392,-0.0108103875,-0.0008333687622,0.004308502756
-1.222803379,-0.01073529886,-0.002014436675,-0.009217701319,-0.01770015756,-0.004343088396,-0.0278743269,0.02057260145,0.009319093659
-1.19914425,-0.009793071221,-0.009026702986,-0.008452919812,-0.02165057477,-0.003505963775,-0.02898634215,0.01211277436,0.009092214458
-1.195762462,-0.01120472878,0.001561513314,-0.008574428401,-0.01584050905,0.001951780367,-0.00926148336,0.001807360231,0.004566036172
-1.235130471,-0.01424203891,-0.0005579887383,-0.008095804515,-0.01269040171,-0.001895724785,-0.03570811753,0.0111885661,0.009420950906
-1.188542216,-0.004149800565,-0.00558735586,-0.01180706127,-0.02121224509,-0.0008694786495,-0.02139349084,0.01408694622,0.008422202419
-1.230988924,-0.00651205447,-0.001197776471,-0.005810535447,-0.00602511214,-0.0002145199843,-0.01510878063,0.002005192685,0.008370266195
-1.191516858,-0.01412438739,0.0052720562,-0.009305965262,-0.02088979773,0.0004376259619,-0.03302857702,0.013922825,0.01196882492
-1.214896401,-0.002034964735,0.00270701537,-0.005933342895,-0.01392849738,0.001507873548,-0.01884316969,0.00803815834,0.005973930789
-1.210506102,-0.0007522947175,0.005723129521,-0.006607336702,-0.01060694712,0.002788060053,-0.01616535238,0.01211489007,0.007507277358
-1.228753885,-0.004948054829,0.004525196256,-0.007369270749,-0.01834184891,-0.0001084368272,-0.03302468051,0.01024369342,0.0115852881
-1.225923564,-0.001471083941,0.006877254012,-0.005268449628,-0.01195059504,0.0009616418593,-0.01686468853,0.00668473474,0.007634323316
-1.228417522,0.002199150828,0.009088611796,-0.004229733711,-0.0113283855,0.002567103932,-0.02167483413,0.008703157611,0.008463055962
-1.21160682,-0.000146045488,0.003303784536,-0.008384515358,-0.02144093569,0.002875672598,-0.02375890196,0.01611201501,0.01012419512
-1.211234831,-0.0009769563193,0.008457145233,-0.002917134699,-0.009609787024,0.002462571656,-0.02283802002,0.006591977559,0.01135072079
-1.213708889,-0.001238762994,0.01047688095,-0.008333311754,-0.01304677727,0.0009341501863,-0.01895511588,0.0179007725,0.01153097569
-1.211914403,-5.975434746e-05,0.00422430255,-0.007963661316,-0.0164394698,0.003616103264,-0.01689786138,-0.002371646285,0.007022352649
-1.215075317,-0.000694360131,0.01233591546,-0.001734555622,-0.008800726125,0.001086812385,-0.03411524148,0.01760749497,0.01125444206
-1.214139372,0.005162723848,0.005406909101,-0.008642207356,-0.02064066935,0.004335001826,-0.01521545134,0.01741210472,0.009106176108
-1.212089901,0.009133346189,0.01664484366,-0.0005909308125,-0.008283695227,0.002217223842,-0.01492058361,-0.00592344357,0.008249134158
-1.148902675,0.008624203327,0.02341959165,-0.006589811696,-0.005110664008,0.005239531966,-0.02922411937,0.0273107289,0.01146361525
-1.219284621,0.01075009476,0.011830077,-0.004139378759,-0.01875419529,0.003931858842,-0.01561247802,0.003769679628,0.008610921782
-1.206920747,0.006233253588,0.02283391357,0.004395145156,-0.009837010254,0.003658149333,-0.01678353549,0.018772,0.008363194447
-1.192594729,0.004359022679,0.01252204701,-0.008252209723,-0.01909102959,0.002408111376,-0.02811996028,0.007925004409,0.01102417304
-1.236604386,0.007308901809,0.01226501119,-0.008872686881,-0.0105206988,0.002836271788,-0.02136921948,0.00667024429,0.007278839503
-1.15429544,0.00371393863,0.01571910087,0.003686308954,-0.01126211596,0.001089351561,-0.01796134592,0.01884488073,0.01063372347
-1.24746158,0.0003864439891,0.007273986813,-0.01091175246,-0.02241519956,0.0005229927501,-0.01501931022,-0.007023575512,0.006694853695
-1.170485846,-0.0006789347382,0.009279879858,-0.003904575132,-0.006894361321,0.004085031507,-0.03885862114,0.03285923747,0.009063467053
-1.23512621,-0.0003454861861,0.007612270974,-0.007680428793,-0.02592279806,-0.0001240245637,-0.01272083385,-0.01352800795,0.007891347249
-1.29239713,-0.004417654359,0.009312981715,-0.006179712633,-0.01053614148,0.002485108084,-0.01805439919,0.02202062215,0.006716287287
-1.232679064,-0.003677960187,0.004174662122,-0.006843040976,-0.01645606728,-0.003188207769,-0.03076569869,0.01354990516,0.01230683697
-1.212997216,0.001087653892,0.00368447594,-0.006883373127,-0.01554189458,0.002068486128,-0.01821897852,-0.000198130939,0.00438813114
-1.204768572,-0.005151403578,0.007902876686,-0.005288904751,-0.01824746212,0.004045270844,-0.01914796385,0.01686087027,0.009677380462
-1.180686368,-0.002837524371,0.009821082921,-0.004798608345,-0.01215657336,-0.003372859136,-0.03048348402,0.0004496177785,0.01013993796
-1.187294548,-0.0006747263765,0.002736971818,-0.009250872239,-0.01693561313,0.004403800571,-0.01563675571,0.02292348004,0.007669603167
-1.185020792,-0.004937973749,0.0065748961,-0.0008784565097,-0.01164546546,-0.001429972186,-0.02364391855,-0.005612080501,0.006672179812
-1.208818916,-0.007042746719,0.006958466041,-0.01133072817,-0.01813729338,-0.0009937986864,-0.02351603227,0.02471277548,0.009677105753
-1.13636023,-0.01297101892,-0.007260620827,-0.007489216287,-0.01441069997,-0.0001003535907,-0.02453140356,-0.002728749324,0.007910124911
-1.20623634,-0.01113599394,-0.003731176771,-0.008549846209,-0.01970112083,-0.002029110298,-0.02115458431,0.0146771744,0.005975282812
-1.186929749,-0.01267882748,-0.004945780833,-0.008029425838,-0.01762554307,0.002008402527,-0.02906983911,0.009770020461,0.008153355151
-1.216165125,-0.01087299726,-0.0007920997462,-0.01168506694,-0.01448444916,-0.00218113922,-0.0174157572,0.007529489213,0.008441671932
-1.190060664,-0.006302905005,0.001180484162,-0.006170852057,-0.01250754791,0.001043110488,-0.02516313858,0.01390005533,0.009848557306
-1.227255285,-0.01132659878,-0.002147863613,-0.009906026718,-0.02003052375,-3.295754253e-05,-0.02253697866,0.006286152754,0.008398712281
-1.237758659,-0.005643908026,0.005076620229,-0.004381645932,-0.009290819703,0.001484379927,-0.02194732459,0.0132354069,0.008793539346
-1.171764318,-0.001888049672,0.005547044217,-0.006643178999,-0.0169454808,-0.0001619838874,-0.02159384142,0.01161057684,0.009895856623
-1.187878883,-0.002140334387,0.0006427555607,-0.009525283306,-0.01760803099,0.004809956632,-0.0172855739,0.005901704747,0.008438332176
-1.161612518,-0.001600797211,0.008536808901,-0.005129006714,-0.01262768872,-0.002541866545,-0.03056019949,0.004335661629,0.01087932346
-1.221748112,0.000233895125,0.006505930527,-0.007891148207,-0.01252562357,0.001931294641,-0.02417885338,0.03422383982,0.006582201336
-1.183068192,-6.788328312e-05,0.003400484153,-0.005897405757,-0.01788037372,0.004441994352,-0.002202730994,-0.01406674204,0.006660398405
-1.289063703,-0.00214152393,0.01812163322,-0.006707146943,-0.007611228686,0.002878881557,-0.03651003927,0.01414140422,0.01233869675
-1.001181683,0.0005682735184,0.001767079432,-0.01049131329,-0.02121440098,-0.0002985771481,-0.02782359511,0.02706457459,0.01200188942
-1.429198617,-0.0003577775985,0.004066903194,-0.001807980628,-0.007861260782,0.001405771181,0.000501142986,-0.01164292199,0.003014240165
3.56486083,0.0001733962067,0.01625708515,-0.004817255937,-0.010636108,0.005943022593,-0.03314541965,0.0352689171,0.01323116205
5.462706845,-0.0002230095875,0.0004975756649,-0.01091288197,-0.02940555792,-0.002691212947,-0.03019785031,-0.01361354861,0.01149248754
4.874462853,0.004229600288,0.01684378305,0.001317939576,0.003743650413,0.004949424645,-0.002609619421,0.02761635656,0.005801382118
5.205437579,0.009204564686,0.02217244825,-0.003555112451,-0.02309792764,0.005592894621,-0.02588882804,0.00733167303,0.01227669544
5.021864658,0.009642881308,0.0127234693,-0.004294429093,-0.01297442786,0.003023085866,-0.0238515659,0.01141697597,0.008736133638
5.11704547,0.01161619533,0.01705494507,0.0002115676769,-0.004288742913,0.0009791418542,-0.01464047423,0.01331420181,0.01160239556
5.118478628,0.002975946399,0.01636127962,-0.009688297706,-0.01905956325,0.002390989785,-0.02490241284,0.003265708266,0.008382208903
5.082581083,0.003185803011,0.0119901749,0.001226778387,-0.01167236023,0.007187814444,-0.01725662794,0.02926422433,0.007751210636
5.083484138,0.009596053432,0.01453846393,-4.962071135e-05,-0.01358913814,-0.0005309339813,-0.02054116713,-0.009599832779,0.01000524206
5.088648223,0.002379100264,0.01127234146,-0.01259175512,-0.01608674726,0.00126146604,-0.02569141995,0.02516194869,0.01138166685
5.093155998,-0.003294386435,0.009546895183,-0.001044165917,-0.01305407151,0.0002712731136,-0.01909980764,0.006062946785,0.005237853051
5.085939518,0.002615359765,0.007819242035,-0.00466705065,-0.01933156886,0.0007054921001,-0.01772020739,0.005042828887,0.006243085085
5.150419294,0.0002746673238,0.004659676113,-0.01034874828,-0.01378041387,0.000339902451,-0.02886668039,0.01806233713,0.009549476721
4.995508669,-0.0048474836,0.007857882234,-0.006311090641,-0.01424833005,-0.002797563707,-0.01893778475,7.227075463e-05,0.008127039422
5.205110145,-0.003155567803,0.008972848678,-0.002998755964,-0.01706502102,0.005454869722,-0.02241264595,0.01606772714,0.007354014721
4.84551161,-0.001531107162,0.003529500393,-0.009006917244,-0.01867434035,-0.0009226691154,-0.02034568991,0.009626148436,0.008060203892
5.487572268,-0.002898618115,0.009201474881,-0.004569661249,-0.007405612374,-0.001080832235,-0.02138452999,0.007959044959,0.009543958071
3.280718046,-0.002016187793,0.007886455311,-0.006744868812,-0.01988791953,0.002252902832,-0.02268186826,0.01638958038,0.009702492655
-1.527426759,-0.00262572151,0.003446041342,-0.005459489344,-0.01744106086,-0.002483035884,-0.02674918789,0.002781965159,0.006875543295
-0.9917847232,-0.002391951422,0.008804789504,-0.005802304555,-0.009808165781,0.005950647924,-0.01706769838,0.01151683639,0.006871021859
-1.315711531,-0.008918379539,-0.002660230888,-0.0103736919,-0.01989067279,0.0006173642053,-0.02038887288,0.006589341879,0.008745927901
-1.133437676,-0.01394767986,-0.007969299456,-0.005525631047,-0.01691795346,-0.01306912007,-0.04196100261,0.003953532327,0.01111732858
-1.260039171,-0.01023968148,0.001818746253,-0.01637832813,-0.01168548213,0.009085684971,-0.0006454483672,0.03057198421,0.002942974182
-1.19407025,-0.01556376944,-0.007136287097,-0.005329374108,-0.02726415864,0.001182331306,-0.02536896255,-0.01783255929,0.005989751617
-1.235634807,-0.00662775654,0.004042521722,-0.005886595187,-0.01042692021,-0.007099345572,-0.04401208877,0.02682304205,0.01287818917
-1.229578467,-0.002501791575,-0.002468535779,-0.013337095,-0.01115624772,0.00463577672,0.002831210074,0.01342628534,0.006304909161
-1.230837761,-0.01540282316,0.003487747175,-0.001932245132,-0.02503108852,0.001573482894,-0.02956079649,-0.006443152119,0.005361250006
-1.254618082,-0.001534888335,0.003832111353,-0.008454465591,-0.01171056177,0.002656849115,-0.03222333601,0.02406302212,0.01096204657
-1.224181894,0.00206536378,-0.0009008958255,-0.01155930635,-0.01106824375,-0.003303294239,-0.007209095413,-0.00600970964,0.008822018618
-1.176408137,-0.008440762229,0.01141524703,-0.0003346197476,-0.01132972231,0.002614686405,-0.03161531957,0.02884289168,0.0113576776
-1.210996126,0.0004624050479,0.005505752384,-0.008705630561,-0.02742801492,0.004578400084,-0.01993734802,0.003647343799,0.007150137612
-1.215017539,0.003324758488,0.008347822293,-0.01026405092,-0.004711543384,0.0005186579568,-0.01720252048,0.004929357817,0.007347053374
-1.198988676,-0.004825201072,0.01005142259,-0.003364563376,-0.01134168714,-0.0002878903676,-0.02859492763,0.02583216717,0.01428074469
-1.26420824,0.0007902788898,0.00165583913,-0.01009752934,-0.02201850349,0.003186094645,-0.01563756386,-0.003868926168,0.006871241619
-1.195490623,0.0006270720448,0.01151288393,-0.002838252032,-0.006677704431,0.003931735594,-0.02364918725,0.01826317744,0.008496150332
-1.207108946,-6.669852105e-05,0.005479917859,-0.008093124084,-0.01794565735,-0.0006051349342,-0.02602194487,0.006479226423,0.01176612517
-1.222443114,-0.001039720713,0.00654981408,-0.005263077147,-0.0144108175,0.004938310652,-0.01790705948,0.01340238242,0.009921735442
-1.186892915,-0.0002742035593,0.01242934755,-0.001168833526,-0.009590803094,0.001941173463,-0.02226886599,0.01249312884,0.008271024375
-1.215484271,0.0110344319,0.01516532182,-0.0084657355,-0.01549851351,0.003069255377,-0.02028259951,0.008871202639,0.009644439589
-1.200934214,0.009243859905,0.01844464422,-0.001741779656,-0.008796848247,0.005123020869,-0.02013627651,0.01757487111,0.01121517265
-1.214073017,0.007999647124,0.01891923986,0.001115224518,-0.01073083271,0.002894538271,-0.02112373367,0.003542766214,0.009800361605
-1.256630009,0.008059671657,0.01468282187,-0.004527889371,-0.01959646738,0.006179018662,-0.02038811675,0.01380351594,0.008642738702
-1.231103775,0.004992406463,0.01233260837,-0.004710631084,-0.009037499925,-0.00156112041,-0.02137591063,0.009697685775,0.01058736598
-1.249068582,0.005848735165,0.01684795434,-0.005136597672,-0.01406080425,0.002615847225,-0.01987520201,0.01272346994,0.008786282999
-1.266842348,0.004025975967,0.01166377996,-0.003335896191,-0.01697373608,0.004409200679,-0.0219216221,0.009692884946,0.009413642395
-1.209775953,0.001667627723,0.01128773358,-0.00421824473,-0.01351234853,-0.0009644142225,-0.02215397104,0.008500465139,0.00864138722
-1.193675409,-0.0003091720602,0.007889387868,-0.007974356766,-0.01756205922,0.001363131776,-0.0238690638,0.01400700141,0.007977434432
-1.239018454,-0.002529998243,0.007316595746,-0.004829997592,-0.01381312639,0.0006213925544,-0.02257139338,0.006143970146,0.009056003119
-1.195793453,-0.001358538399,0.007281113049,-0.004601719922,-0.01515389336,8.790551865e-05,-0.02341528038,0.007811547917,0.008038103157
-1.209514878,-0.003312428028,0.00469100689,-0.009030651244,-0.01960230723,-0.0001500281898,-0.02232323802,0.01127048607,0.007733655703
-1.22182383,-0.00344535753,0.007276907004,-0.004538571642,-0.01164393189,1.485395834e-05,-0.02366949993,0.01002117369,0.008635779192
-1.24316076,-0.002676167184,0.008020154883,-0.005701646776,-0.01651692119,0.001560622667,-0.02063917093,0.01715540193,0.00865912827
-1.218340383,-0.00351892799,0.005101333165,-0.006640160906,-0.01996121538,0.003590450553,-0.01654482762,-0.0004270655584,0.008086927713
-1.18106031,-0.002123593194,0.008804748512,-0.004140010234,-0.01246323298,-0.006212844231,-0.03379858702,0.01410186059,0.01010186459
-1.220459797,-0.0007526494037,0.00274688786,-0.01060004765,-0.01690970879,0.00424572109,-0.01626706122,0.01807705276,0.006714169591
-1.242398981,-0.003547201456,0.003835301169,-0.00161358527,-0.0171329234,0.0026803352,-0.01701555803,0.001538266116,0.006213976102
-1.181944075,-0.0137457415,-0.002612114444,-0.01038848074,-0.01494359514,-0.005667809472,-0.0344840085,0.009675600462,0.01088442944
-1.241557712,-0.01023957772,-0.005969724066,-0.01415582758,-0.01535447094,-0.001371095285,-0.01643044194,0.005557445387,0.006050107961
-1.20031475,-0.01281922703,0.0007342191151,-0.002741753422,-0.01575535526,0.002898976912,-0.02190531305,0.02072437383,0.006913967174
-1.180918191,-0.009386538528,-0.005224191034,-0.005683274036,-0.02587072244,-0.0005188533455,-0.02923975778,0.001907584046,0.00980800876
-1.243360073,-0.005753118893,-0.001893747011,-0.01562938966,-0.01092789925,-0.0007831172767,-0.0171478943,0.007046213272,0.006829689522
-1.191889516,-0.01147158585,0.001412388942,-0.006454429126,-0.005912210058,-0.001131170361,-0.02497418149,0.01682970469,0.01032662734
-1.150531015,-0.007669917613,0.0003782884975,-0.004122755111,-0.02913182603,0.002582605607,-0.0221306182,0.006968655866,0.007549780288
-1.172334393,-0.002301259813,0.006384682388,-0.007388717345,-0.01153828553,0.004355197143,-0.02083534631,0.01190817498,0.008283028195
-1.172316579,-0.003366576503,0.008311343595,-0.01199651397,-0.008443634033,-0.0009797407126,-0.02526541268,0.01005893993,0.01062123684
-1.13531604,-0.0009421876759,0.003537111185,-0.007447654348,-0.01790695094,0.0008660482714,-0.02169965316,0.01113562354,0.009856518833
-1.175331237,-8.152543998e-05,0.006952944805,9.057711467e-05,-0.01577397477,0.004834466125,-0.01933311362,0.008752387225,0.007776935814
-1.207984313,-0.0008974087204,0.009756589844,-0.01046605746,-0.01117280334,0.0011263742,-0.02346539588,0.009680984667,0.008966985197
-1.183279645,0.0005042476778,0.005634355877,-0.00856884108,-0.01341594551,0.002325630588,-0.0210582843,0.01462743255,0.01113577219
-1.215046563,-0.0001251357473,0.01091277056,0.0009451494334,-0.01537591876,0.003655349858,-0.02183289156,0.007689405467,0.009443166565
-1.186159217,-0.001192988555,0.008009609624,-0.009725839558,-0.01637514997,0.003690259959,-0.0209110718,0.01080960439,0.008201038126
-1.235112089,0.0002283422872,0.006222386075,-0.007072206177,-0.007409081755,0.001197032052,-0.01928774048,0.01393217186,0.009376508418
-1.192456994,0.001126467278,0.006553616765,-0.003050798176,-0.01380905083,0.0006536544035,-0.01910755403,0.009255463014,0.01100235996
-1.197413833,0.002323918376,0.01440132596,-0.005735323995,-0.01883345742,0.0057375472,-0.02399581333,0.008678819849,0.009728475623
-1.242367961,0.008472182415,0.02038674328,-0.001947090185,-0.006898836752,0.005572207752,-0.02088358389,0.01466616672,0.01077065553
-1.180311108,0.01003774616,0.01491637528,-0.002501013053,-0.01157310315,0.002889888888,-0.01687036141,0.01108467073,0.01015244614
-1.226861981,0.009852687168,0.01725783918,-0.002325844023,-0.01476896334,0.003069979542,-0.02370074542,0.01259644214,0.01154826172
-1.230378641,0.006180373908,0.01978977808,-0.002717566834,-0.01231661161,0.003960784316,-0.02386161115,0.00822609392,0.00940625164
-1.168927915,0.004453638986,0.01244239477,-0.00602739842,-0.01357576244,0.002159079643,-0.01870109917,0.01257669503,0.007706633456
-1.206172396,0.007087040571,0.01234495596,-0.001290326167,-0.01674147301,0.002473446093,-0.02323044333,0.009919567231,0.009359428937
-1.165526448,0.002075201351,0.01341494684,-0.003777436276,-0.01319443807,0.001787858292,-0.02160006551,0.01950732598,0.009556849478
-1.200344856,-0.0002581201665,0.007524325931,-0.01067212914,-0.01634801446,0.004852553553,-0.01335248813,-0.003930143803,0.008046269271
-1.209807049,-0.001209802399,0.01115047802,-0.002007425577,-0.01162216119,-0.006354388249,-0.03664235357,0.01342705354,0.00915025357
-1.210274482,-0.001216099169,0.005278727261,-0.007915107086,-0.01854462989,0.002822619921,-0.01438045838,0.02153925428,0.006881271426
-1.156400842,-0.003613673239,0.004123894194,-0.005599550688,-0.01649948872,0.002753874219,-0.0143833165,-0.007627978869,0.005272801291
-1.215700004,-0.002067436223,0.009137001696,-0.006861802506,-0.01385914732,-0.0006878242913,-0.03762607354,0.01838068339,0.0126423225
-1.201123369,-0.0005156663312,0.003609994685,-0.006344681953,-0.01658234364,-0.00176987201,-0.01483154756,0.005775550733,0.007580221195
-1.209237815,-0.00592363521,0.009171985398,-0.003614763407,-0.01147485392,0.003392700534,-0.01382856075,0.01465161016,0.006247673132
-1.13796913,-0.001629506292,0.006385179347,-0.005904433627,-0.02025065464,0.00237409744,-0.03303375316,0.008357112464,0.01095649758
-1.296527733,0.001117579118,0.002492427772,-0.01040352392,-0.01848269749,-0.001533345343,-0.02040771228,0.002187249232,0.007361831887
-0.6633150183,-0.005055538986,0.01181913803,-0.002961011944,-0.005761347714,0.001585743206,-0.01998399378,0.01703229705,0.00951218548
4.747770071,-0.01158980373,0.0005742206429,-0.008580696819,-0.02521531177,0.000532637231,-0.02337443335,0.008332907104,0.007220498697
5.134397926,-0.01109804965,-0.01030337555,-0.006856588109,-0.01489139749,-0.00210723857,-0.02293392109,0.007431347492,0.008178654307
5.079689849,-0.01007308094,0.001090340534,-0.01093296788,-0.01309994158,-0.00444352629,-0.02411585692,0.009863677324,0.01070238745
5.068405087,-0.01494418245,-0.003236261336,-0.01326648723,-0.01732893217,0.0004579508443,-0.02468968652,0.01063746788,0.006480852509
5.066935836,-0.00840866142,-0.001436208202,-0.001401228677,-0.01540924757,0.001491731906,-0.01841597808,0.00752585656,0.006089654264
5.111703768,-0.005113288224,-0.001278833282,-0.009392139717,-0.01531775993,-0.001963759863,-0.02670779098,0.008598725501,0.01052557063
5.108582504,-0.01009921693,-0.001699871628,-0.01359420262,-0.01440321183,0.001031039641,-0.02306322042,0.01328350385,0.01026276478
5.129471673,-0.004699557194,0.007212700507,-0.002508512579,-0.01276170481,0.003197414791,-0.01909022854,0.00655926071,0.006742001249
5.092061173,-0.001368586712,0.006498794733,-0.006430163993,-0.01768568173,0.001539692277,-0.02292258972,0.01194024566,0.009309804654
5.084597343,-0.003794892247,0.003283732213,-0.01015413686,-0.01253001826,0.0003182934946,-0.02226118475,0.009567606407,0.01032446638
5.099372646,-0.001202293567,0.008117377707,-0.0054934384,-0.01041620489,0.002017055709,-0.0213663465,0.01146436344,0.01065929737
4.975207092,0.0001709184223,0.008124070805,-0.006545758542,-0.0203898391,0.004599102848,-0.0221154768,0.007320214409,0.008846318525
5.168433637,-0.001347481272,0.007130348765,-0.006713447087,-0.01085009234,0.001137562095,-0.02090962544,0.01206475193,0.008969047369
4.957274036,0.0004557856105,0.009991545818,-0.005401497072,-0.009709338647,0.0008389473736,-0.02059925308,0.01130260011,0.01135895957
5.274937276,0.0001630640392,0.005926015982,-0.005587885472,-0.01793097328,0.003123220733,-0.02392321604,0.009201264172,0.01004267108
4.804280963,-0.001348264854,0.01023515582,-0.004406955197,-0.01262225626,0.002944593474,-0.02090652168,0.009486979343,0.0093741537
5.591185034,-0.0007053467401,0.008115142664,-0.007251471286,-0.01169027134,0.0004330278047,-0.01875292267,0.01292243699,0.008891546765
1.68076547,0.000317178712,0.004309306801,-0.006360319225,-0.01688708878,0.002658924288,-0.02274841538,0.01048945008,0.009607725792
-1.768325836,0.008356044144,0.01740890572,-0.001952852074,-0.008820002272,0.003142767904,-0.02359368165,0.01173071376,0.01177172404
-0.9435017038,0.009000510431,0.02038397284,-0.006272659108,-0.01244872357,0.00842885375,-0.01126754472,0.01171520222,0.009015307082
-1.396905108,0.006939483675,0.01687691381,0.0006933368394,-0.01338254349,0.0004874277819,-0.03230444231,0.008152759167,0.01110218022
-1.104214892,0.009396431847,0.01680250607,-0.003444139271,-0.01247152352,0.006763970225,-0.01293251592,0.02205682595,0.009507240052
-1.30136957,0.004798147892,0.01111533603,-0.004896158112,-0.01475354991,0.001693777384,-0.01828925175,-0.006737109521,0.008603523519
-1.136434297,0.00421713776,0.01911214755,-0.004701755311,-0.01084489233,-0.002599544813,-0.03913326834,0.02140669614,0.01329823438
-1.244418288,0.008422412693,0.009384460901,-0.005278634063,-0.01586844492,0.008400683366,-0.002253179581,0.01367436794,0.005479639677
-1.194756482,-0.001889530181,0.0103782078,-0.002089516626,-0.01665320178,-0.0001347558441,-0.02449900942,0.0002480642975,0.008094603144
-1.246403133,-0.0005250663415,0.01279749754,-0.008293835842,-0.01192235292,0.0004086946122,-0.0344030606,0.01916117332,0.01179409857
-1.219026352,0.001089024746,0.005023194047,-0.009406868418,-0.01850088528,0.00064698022,-0.008775459057,0.003816989418,0.004857351234
-1.238686263,-0.004742401052,0.009404504026,0.0006119702359,-0.01287439498,0.001216675851,-0.0286772273,0.01032577523,0.0079009465
-1.231261393,-0.001239701947,0.00624539491,-0.00977906574,-0.02142025948,0.001154476517,-0.0244118489,0.01297151746,0.009793192912
-1.220075627,-0.002431896878,0.003885162148,-0.008636763302,-0.01108125047,-0.000740607667,-0.0183560827,0.002212438023,0.006075037162
-1.200434123,-0.004337413682,0.009238601482,-0.002495192599,-0.0138587342,0.0009979411838,-0.0261370808,0.02023975499,0.009289238725
-1.208127417,-0.001208659928,0.005026575861,-0.01008939807,-0.02163599539,0.004217133192,-0.01977001595,0.004713392945,0.005242150036
-1.224996479,-0.003461355768,0.007873846456,-0.004133102013,-0.01096086136,-0.0006302812068,-0.02094401768,0.01262344114,0.007668331103
-1.211125281,-0.001724608444,0.005602480668,-0.004693888821,-0.01476539197,-0.0002974192478,-0.02543074736,0.013309245,0.01069312906
-1.189376892,-0.003543418681,0.00436810788,-0.01139833239,-0.01882369697,0.003408744228,-0.02226594236,-0.002969394069,0.007036938452
-1.213034349,-0.01395193184,-0.0008318655854,-0.005278538259,-0.01197478916,-0.002219583881,-0.02644708829,0.01510401361,0.00650026374
-1.212251224,-0.01134046158,-0.009881964986,-0.009555935551,-0.01995133147,-0.003938146873,-0.02060075427,0.00962073679,0.008076692646
-1.226454974,-0.01142195858,-0.001529170103,-0.01034001284,-0.01775896271,0.001459626502,-0.02256752844,0.01375261565,0.005311826558
-1.228768719,-0.01320887311,0.00390989677,-0.007571326213,-0.0130543004,0.0007116026508,-0.02344915272,0.007590715436,0.008150638178
-1.209451511,-0.006600343489,0.001542579371,-0.01136183787,-0.01955248092,-0.0006249980181,-0.0206687847,0.007949962437,0.007938175691
-1.238369387,-0.01008636833,-0.002854651928,-0.006633434334,-0.01097999545,-0.001445489937,-0.02448068777,0.01331063765,0.009608315125
-1.188635946,-0.007659974297,0.001634632132,-0.008293881819,-0.01677886189,0.001166368387,-0.02188553873,0.0007235746009,0.008605904323
-1.231187135,-0.003378457518,0.002027718143,-0.008488274851,-0.01583584564,0.002885212288,-0.02548123137,0.01069730351,0.008242660861
-1.228583192,-0.001930397418,0.007075362,-0.00573062131,-0.0103640305,-0.0002909399842,-0.02023900684,0.01279438702,0.009546907111
-1.211086633,-0.003199780306,0.00811631682,-0.00847913182,-0.01630600652,0.003113190195,-0.01991546625,0.01259690505,0.007993438017
-1.21138716,-0.002038178654,0.00623608711,-0.005830361427,-0.01738854501,0.003807483704,-0.02193100136,0.009794396705,0.009196566747
-1.159326244,0.001272872615,0.009541301233,-0.00356752629,-0.01073270165,-0.0005551997435,-0.02715456299,0.01024187843,0.009700779042
-1.24272482,-0.0009615336549,0.005531752378,-0.01150895701,-0.01710722486,0.005883551944,-0.01128284707,0.01425599989,0.008526787792
-1.1794847,0.001135395495,0.006071068764,-0.001484048854,-0.01247940738,-0.0009219021269,-0.02986385577,-0.008787336095,0.01085937237
-1.250399288,0.0006133343759,0.008131475944,-0.007021132339,-0.01283102602,-0.0015371141,-0.02973364519,0.03255021717,0.01185083459
-1.197588652,0.0004451374361,0.003863094522,-0.007902178463,-0.01607264239,0.008786049537,-0.00341036582,0.001889733229,0.006140203527
-1.243405581,-0.004765490065,0.01676422787,-0.001415170657,-0.01094442978,0.001451638581,-0.03106299299,0.01040928328,0.009480702789
-1.214333947,0.005991146173,0.009837914282,-0.007640093136,-0.0134388377,0.003078444858,-0.02678436806,0.0148867665,0.01220923269
-1.209319777,0.01038412374,0.01793265636,-0.003857920897,-0.01143039647,0.003315732094,-0.008158457789,0.008829826661,0.005833442041
-1.229468843,0.007838680658,0.02052910717,0.004046142997,-0.01296483394,0.006332584276,-0.02551448711,0.01695044426,0.01084048084
-1.15380026,0.01310252182,0.01293045986,-0.007641320349,-0.02221931395,0.005887089793,-0.0257821017,-0.001399225097,0.009565745757
-1.255957537,0.007807946598,0.01794474107,-0.006275765451,0.0004725775816,-0.0006928351728,-0.01518118142,0.02109785736,0.01011947869
-1.20393691,0.0006743384569,0.01488107849,0.001169857276,-0.01536972146,-0.0007500978278,-0.02031904484,0.008093058018,0.01192157102
-1.197591591,0.006171285916,0.0172017716,-0.007962392989,-0.02487099259,0.009498046791,-0.02574895312,0.01047416831,0.005766458687
-1.197865689,0.004559799219,0.01215531309,-0.002285410308,-0.007327622775,0.002847032633,-0.02485212214,0.01226249408,0.009689015866
-1.180830287,-0.001192933846,0.006263509639,-0.008236230221,-0.01523263969,-0.004686611965,-0.01933563861,0.0003044460654,0.0094510178
-1.207383401,-0.0002000743819,0.008190089722,-0.007276658171,-0.01173873479,0.002098778474,-0.01815157122,0.01639863133,0.009183312914
-1.1997081,0.0003171177138,0.008913476386,-0.002853338765,-0.01597411259,0.0007246943069,-0.02633687263,0.005242641456,0.006634014295
-1.202164386,-0.003962408892,0.005441170487,-0.009080180327,-0.01880437798,0.0006261291294,-0.02239937512,0.01410830889,0.006148517632
-1.217896785,-0.005265747557,0.01127450387,-0.003470033611,-0.01704657615,0.002598457943,-0.02005630623,0.01469031185,0.009412274442
-1.186815894,-0.001616171249,0.009762673078,-0.003474221379,-0.01643665685,0.002112871764,-0.02153522197,0.005981123076,0.008452998496
-1.201046299,-0.0003062551384,0.001646550967,-0.01005148957,-0.01548344012,-0.0004094929844,-0.02086713905,0.00739734365,0.009085132205
-1.172093293,-0.002073693831,0.005590657911,-0.004537302817,-0.009293032975,-0.003001540456,-0.02353759932,0.007338475836,0.008957008476
-1.197055244,-0.003584527175,0.007856528273,-0.007524973967,-0.01676433993,0.003855025339,-0.02070615867,0.01540510185,0.007979802787
-1.174203262,-0.001782361896,0.004988726413,-0.005972652766,-0.01849759751,0.004034599981,-0.02244642954,0.006489236876,0.007393131466
-1.189593097,-0.00751490247,0.001506432769,-0.007410765953,-0.01365988666,-0.003090861335,-0.02397300161,0.01445978497,0.009474868145
-1.218920577,-0.01572565466,-0.003336816899,-0.01227593119,-0.01730148173,-0.00180507841,-0.02155602281,0.008318485638,0.0077468803
-1.169279604,-0.01147827235,-0.003042592958,-0.006954864518,-0.01747595061,-0.001067605641,-0.02134084867,0.006319390993,0.006807228156
-1.216709433,-0.009032962634,-0.005862700122,-0.005661708541,-0.01800817342,-0.001779382984,-0.02571567087,0.00694451453,0.007844804228
-1.234003405,-0.007354322622,-0.001005280051,-0.009372329242,-0.01615068276,0.0001478110125,-0.02185071391,0.009408379364,0.009531404215
-1.220449122,-0.01020156795,0.002218654551,-0.005903565467,-0.01136413011,-0.0004402096258,-0.02611007223,0.0122553321,0.01020139721
-1.230239251,-0.009159387186,-0.001474952993,-0.01003722562,-0.0159297389,0.003079424405,-0.01495843659,0.01456493181,0.007351490173
-1.180971182,-0.002766359091,0.004560830474,-0.007406818601,-0.01516991387,0.0003983270038,-0.02292304428,-0.003281507768,0.01043403186
-1.235182632,-0.00656139025,0.01045697221,-0.007353414429,-0.01170162267,-0.004201232347,-0.03156287629,0.02716761267,0.01153861795
-1.153174112,-0.0006313437387,-0.001698630766,-0.007852364245,-0.02048625467,0.007988926444,-0.008055139465,-0.0002283498245,0.005571009115
-1.19260012,0.0004388693198,0.007979353792,-0.004334998193,-0.01195451627,0.0003817368598,-0.02658948761,0.004658304467,0.01068489668
-1.19389807,0.001487993601,0.007273545498,-0.009749805905,-0.01289938937,0.000220955052,-0.03240461737,0.01937500329,0.0138475079
-1.183288196,-0.001651970147,0.005483894487,-0.00650772674,-0.01275343039,0.001770349999,-0.008281660923,0.008225207478,0.006652402273
-1.1481716,-0.002556087745,0.01179794076,-0.002765647456,-0.01197523215,0.005089331451,-0.0229651617,0.01560272707,0.009504016749
-1.189075149,-0.0001685990219,0.007406145358,-0.008244724919,-0.02052639914,0.001583587071,-0.02653567424,0.005193942778,0.0113429088
-1.132417444,-0.001944096689,0.008152752975,-0.007776425613,-0.008300357872,0.0006806544592,-0.01498613826,0.01055087203,0.009164663372
-1.24622252,-0.001288844384,0.008562760387,-0.003660167847,-0.01307805286,0.001520485337,-0.02460967308,0.01284797001,0.01071202385
-1.021291236,0.001149548404,0.00417410085,-0.008532736499,-0.01784258562,0.003498116656,-0.02121101428,0.009145505294,0.007989161729
-1.44161625,0.008553239162,0.01814283542,-0.001566916602,-0.004624655091,0.002268670043,-0.01844878547,0.01102408661,0.01191427178
-0.02529151811,0.009147158841,0.01956990916,-0.005045615933,-0.0150290931,0.004655420926,-0.02204782443,0.01409822746,0.01279041818
5.232689349,0.006587018005,0.01707209662,-0.002119001837,-0.01368250172,0.00656590375,-0.01910155869,0.0122114416,0.008789120647
4.951288038,0.008960541539,0.01872865571,-0.0008207640481,-0.01275521981,0.002445494367,-0.01714432219,0.01003029672,0.0094806436
5.147343497,0.006557681333,0.0131338485,-0.009371543417,-0.01409141019,0.0008000934813,-0.02218557926,0.01090528899,0.01075926461
5.041323659,0.006741773126,0.01066295542,-0.003287871298,-0.01271772889,0.001096249408,-0.02154133957,0.01059803996,0.01017521165
5.11354581,0.006963653732,0.01523151254,-0.000624308865,-0.01246257752,0.00408703688,-0.02104785493,0.009534325183,0.008368877616
5.055414468,0.0006643425924,0.01003275697,-0.00727865948,-0.01713214699,0.002621993795,-0.02151142609,0.01199214525,0.008086371832
5.108742985,-0.001704646773,0.009514855917,-0.004715638964,-0.01236776728,-0.001070069099,-0.02208639111,0.01141987221,0.009787604607
5.08360972,-0.0001541527774,0.009740479184,-0.005455339216,-0.01765805873,0.001263849097,-0.02275999665,0.0104338973,0.008129321116
5.12450599,-0.001817473345,0.004607464931,-0.00528003652,-0.02018696977,0.0005287234914,-0.02417389836,0.007316511356,0.006659367806
5.082993845,-0.003275800768,0.005515478079,-0.007032655456,-0.01171866614,-0.001764251342,-0.02182695333,0.01041468856,0.008507414444
5.084074557,-0.00110332134,0.007701349475,-0.006793566762,-0.0159421825,0.0001489708073,-0.02533715406,0.006546942701,0.009823195017
5.067470706,-0.003089614824,0.00612876447,-0.005764311699,-0.01777847322,0.001361456098,-0.02296704864,0.01306165892,0.009310901708
5.147718563,-0.002884818998,0.006972922157,-0.005202965812,-0.01390350202,0.0009436150659,-0.01791990608,0.007645732534,0.007621887973
4.956315922,-0.002368872546,0.007136877063,-0.007464771268,-0.01602627104,0.0006955584169,-0.02188010515,0.01326281613,0.008809817832
5.221565264,-0.003208628557,0.004016454528,-0.004438887221,-0.01627841144,0.0007402527717,-0.03106242719,0.007141636603,0.008785479957
4.849807342,-0.002686904775,0.007211292198,-0.007161756836,-0.01456497612,5.440077041e-05,-0.01840496042,0.01001577146,0.006399825394
5.571274888,-0.01124667359,-0.005041396902,-0.01096845047,-0.01682252701,0.0007728466707,-0.01532670876,0.004560431649,0.008004321506
0.8890051209,-0.01281674121,-0.004617995145,-0.006839755788,-0.01643538465,-0.005689612533,-0.03828265536,0.01003885345,0.009804856354
-1.662411565,-0.01066013535,-0.004190962108,-0.01042163651,-0.01665348199,0.002459079168,-0.01650990779,0.01349599378,0.006442843434
-0.9840317205,-0.01367260508,-0.00324258529,-0.008901231895,-0.01739767031,0.00101016723,-0.01610095501,0.004608374146,0.00597522129
-1.310122311,-0.007855257806,0.003146942187,-0.007285415852,-0.01369241727,-0.002098755839,-0.03399024359,0.01444959571,0.01210534806
-1.154936428,-0.005150110774,-0.003309897267,-0.009700840009,-0.01529859363,0.0004381953149,-0.01682457885,0.007751073193,0.007129963171
-1.257689971,-0.01015996245,0.003016880248,-0.0048051203,-0.01332071832,0.001808284311,-0.02236878689,0.009673027618,0.006586945075
-1.150344421,-0.001796747293,0.004752639719,-0.006867512003,-0.0161567787,0.004971483053,-0.01703185442,0.01199906952,0.009919118002
-1.233309821,-0.0005955653517,0.001623612372,-0.006800421432,-0.01586164692,-0.004105070923,-0.03179382839,-0.001965054646,0.01173740917
-1.22443289,-0.003456890024,0.0104841897,-0.005515778437,-0.008539231991,0.002018634829,-0.03036377553,0.02252635625,0.009608999731
-1.244345119,-0.002655407904,0.005076098775,-0.006534391478,-0.02055517729,0.008019111047,-0.001278035681,0.01205329465,0.003650859411
-1.218467766,-1.565162174e-05,0.007237384398,-0.003750638887,-0.01268649909,-0.001489548889,-0.03336738964,-0.0006691243652,0.01326648368
-1.230591638,0.001455263321,0.009780151191,-0.01132437976,-0.009062310064,0.002190165688,-0.02960806952,0.01989822689,0.01412958699
-1.214535222,-0.002927047208,0.004368096315,-0.008383573326,-0.01625623746,0.003929735051,-0.006939667615,0.0006728754236,0.005557837926
-1.221330484,-0.001921984561,0.008839653272,0.000821354289,-0.0148783644,0.003352015313,-0.02794873558,0.01626372233,0.01056805248
-1.207531842,0.005304523466,0.006036043725,-0.01061047327,-0.01441473425,0.001274690342,-0.02759992779,0.01021417646,0.01101096408
-1.226835863,-0.002771160754,0.006240223993,-0.009301178803,-0.01016143297,0.002074313316,-0.01651375733,0.001914898346,0.01054254351
-1.21971577,0.0001174810771,0.01453681583,0.003846355155,-0.01433775983,0.00255869684,-0.02730396265,0.02905335682,0.01075525255
-1.207912422,0.01433921888,0.01799233824,-0.0076037295,-0.01889511229,0.008916278024,-0.01536297453,-5.313842534e-05,0.007034214024
-1.171936436,0.009300419266,0.02097434474,-0.003898795271,-0.003698142463,0.003722726855,-0.0175785047,0.01046673355,0.01184475623
-1.232531997,0.007586341471,0.01434584002,-0.002295277247,-0.01316644532,-0.002264997607,-0.02672915222,0.01814321978,0.0153927615
-1.196675372,0.009587980396,0.01482515905,-0.004070409097,-0.01935393161,0.007239615358,-0.02001755436,0.006080343909,0.006208761375
-1.195789575,0.002381255768,0.01746024926,-0.001758539764,-0.00901468678,0.005284795463,-0.02070957875,0.01277876819,0.0078600881
-1.177733668,0.00511531965,0.01242093279,-0.00569803912,-0.0163368136,-0.001638208822,-0.02271156025,0.006648199608,0.01229259307
-1.210622535,0.004176692786,0.01315838958,-0.004110543794,-0.01299057091,0.001859282553,-0.02021906657,0.02018443014,0.009762156777
-1.218933506,0.0004096191148,0.01380863583,-0.004002037322,-0.01530517103,0.004578202399,-0.01964318247,0.001364693655,0.005485016316
-1.225554777,-0.001587966339,0.005236964648,-0.008763285214,-0.01950488333,0.001523449033,-0.02444994214,0.01051183326,0.007889252928
-1.214584429,0.001996623121,0.006087232848,-0.006804184072,-0.008978053386,-0.003275715927,-0.02343123444,0.01330437243,0.01246898188
-1.19955087,-0.002078275841,0.008166072023,-0.005995863728,-0.01412177201,0.0003280966755,-0.023434538,0.006748553485,0.008750126243
-1.187399654,-0.004231685325,0.003382141536,-0.006738228016,-0.02137276853,0.008194107679,-0.01569026481,0.01644781586,0.004720165117
-1.192156857,-0.0001135222093,0.008315453902,-0.0001524206893,-0.01672136381,-0.002882629398,-0.02790310223,-0.005485129326,0.01074342091
-1.253736184,-0.002556386364,0.01048800744,-0.01029676111,-0.01199723826,-0.00153195389,-0.0289333041,0.02874481602,0.01210090583
-1.245886407,-0.003282723033,0.0009625008813,-0.008907262139,-0.017384354,0.005384136003,-0.007352207086,0.002213017845,0.005036869519
-1.197335464,-0.002988724846,0.008888410818,0.0005919455433,-0.01612471974,-0.001929586481,-0.03169340682,0.005748262085,0.009607351301
-1.230269428,0.001728012603,0.004963144254,-0.009873386806,-0.01538849674,0.001708829315,-0.02518654911,0.01979335579,0.01005997782
-1.227873578,-0.008357911394,0.00135460511,-0.01066282061,-0.0131381908,-0.001713165032,-0.01104013518,0.0004405225205,0.005304055748
-1.206628622,-0.01542748434,-0.001531290007,-0.003714395259,-0.01631547869,0.0002698663314,-0.0295548515,0.01795918031,0.00871864874
-1.200039694,-0.008207843127,-0.006458573218,-0.01030921164,-0.02927395072,-0.003012159292,-0.0265497313,-0.003287021252,0.008043026597
-1.195523986,-0.01386431854,-0.002461476111,-0.0109536552,-0.005361807179,-0.0007378305996,-0.01882047332,0.01764836715,0.0065417119
-1.208422225,-0.01034579524,0.0002429968413,-0.004378854391,-0.01539032701,0.002062355613,-0.02389997633,0.01004544791,0.01117008801
-1.219966358,-0.003982430747,-0.0005268548762,-0.01158837277,-0.02554255401,0.0001591592484,-0.02435850216,0.01098061786,0.006664485266
-1.221750137,-0.009720887766,0.0002313595007,-0.006596833037,-0.00871078234,-0.002136231215,-0.02105570977,0.01025389054,0.009603893658
-1.234900939,-0.006862536695,0.004178459916,-0.01140100084,-0.0125759274,0.004609009529,-0.02067655568,0.001297943469,0.008434144508
-1.23952233,-0.001758136834,0.004393257305,-0.005494736435,-0.01791745506,0.002743868819,-0.02752905,0.02881202956,0.01128753832
-1.228990338,-0.001479859909,0.003097612322,-0.002841094998,-0.0180003878,-0.006159987811,-0.01739075918,-0.01944816677,0.008305003169
-1.220766143,-0.003729820061,0.01220464083,-0.01395474238,-0.004508174376,0.007180456593,-0.02033890344,0.03236263997,0.006702401089
-1.18186585,0.0002015344915,0.002180176359,-0.001792003293,-0.02136588574,0.001785044613,-0.02962959454,0.01092405544,0.0114084987
-1.244814848,0.001816680076,0.008124134672,-0.0007003440436,-0.01432534322,0.002535306626,-0.01571343261,-0.003881588033,0.007586907036
-1.21549811,-0.00327959455,0.01346254042,-0.01315073275,-0.005648195805,0.006727337154,-0.02033117088,0.03266034515,0.01026093353
-1.1997575,-0.002598962471,0.004021251099,-0.004507329775,-0.0199753927,-0.001764227572,-0.02314600215,-0.006613513163,0.01086526467
-1.188832209,0.002655385476,0.006884538082,0.0002812418453,-0.01402725295,0.005878261216,-0.01882600577,0.0195269693,0.008868383993
-1.217786656,0.0005753509463,0.01035355639,-0.01097919459,-0.01256707181,0.002743973261,-0.02595820766,0.0004750345464,0.01041825287
-1.185092449,-0.003373761066,0.005957302628,-0.00729515111,-0.009919141369,-0.001492261849,-0.02043563363,0.01932392503,0.008857393736
-1.179712918,0.01111466058,0.01238341785,0.003328946804,-0.01700894711,0.005981973883,-0.0178269904,0.01491417461,0.01165031147
-1.161794976,0.009392845644,0.02366578892,-0.009910054847,-0.01486624235,0.004185283942,-0.02318608786,0.002209047819,0.00966632397
-1.18715785,0.003886310514,0.01949223513,-0.004458043534,-0.002749908381,0.004516293862,-0.02055899293,0.02571317272,0.009338828723
-1.203300576,0.01435205254,0.01466192575,0.0006780244812,-0.01834577634,0.002011648318,-0.0150728409,-0.003603063285,0.009546363689
-1.202643608,0.008687747318,0.01372533498,-0.003488940159,-0.01443200685,0.002359277041,-0.02859686191,0.02050466694,0.01112496074
-1.196632799,0.001521855264,0.01399549408,-0.008534991409,-0.01025350542,0.004875781895,-0.01282460038,0.006709878846,0.009692294355
-1.17654545,0.007164527474,0.014084843,-0.001167550694,-0.01446896395,0.0004910736785,-0.02497092251,0.001165807198,0.00915941159
-1.196109693,0.003873864389,0.01233063738,-0.002023318612,-0.01658064668,-0.000475562271,-0.02964448463,0.03312636913,0.01035179093
-1.228138352,-0.002158276241,0.007430470469,-0.007836800887,-0.01697005523,0.005145252026,-0.00584869258,-0.003287842218,0.004548770582
-1.187980303,-0.003020965176,0.01397286712,-0.004605684691,-0.0127736384,0.0009631513296,-0.03142395759,0.01190089081,0.009841867191
-1.22742312,0.003088706356,0.003938009906,-0.007871243904,-0.01665469554,-0.00160394644,-0.02819579207,0.002595333127,0.01107469848
-1.183581642,-0.004729181047,0.008044658802,-0.006058682213,-0.01091540255,-0.0001355714829,-0.009001464167,0.01600158066,0.005290735423
-1.187076201,-0.004102420286,0.005388255028,-0.004714991823,-0.01898049744,0.002748889253,-0.0275992368,0.007395915582,0.01035274882
-1.213904791,0.00178763213,0.005645451994,-0.00781067032,-0.02340297853,1.462670885e-05,-0.02598016164,0.009075640192,0.008531808895
-1.198894393,-0.001881042235,0.007927286451,-0.006002242773,-0.007397276256,0.001049774585,-0.01745083572,0.008796004866,0.007431520433
-1.146726331,-0.005305162203,0.009114946669,-0.006640888017,-0.01776619766,-0.0003435451327,-0.02327474306,0.01392185916,0.007595352625
-1.271690359,0.0009056275968,0.0004552738091,-0.006902689191,-0.02089268526,0.003724403476,-0.02274052115,0.01146185129,0.007970250719
-1.048020421,-0.0009348260759,0.007243000733,-0.004540381093,-0.01196024352,-0.0007880509357,-0.02202873867,5.83205878e-05,0.008151866962
-1.32376675,-0.0130042999,-0.002815801888,-0.01298483568,-0.01634361913,-0.001698064201,-0.02614999727,0.0130116659,0.007763670177
-0.8614743061,-0.01365871258,-0.00629553942,-0.005409488096,-0.0174443592,-0.002485143639,-0.02039975459,0.009169013682,0.007350814067
-1.685324722,-0.008564232211,-0.001162578958,-0.006250230267,-0.01774444203,0.0002499542418,-0.02217613752,0.009923890786,0.006787800244
1.319194624,-0.01339860941,-0.002869881996,-0.01227723018,-0.01873862878,8.468499073e-05,-0.02634040218,0.008001279027,0.01042664507
5.580950344,-0.008877752105,0.002994282646,-0.005361718759,-0.01205070019,-5.075706164e-05,-0.01977024381,0.01233756124,0.008231298695
4.802349222,-0.006020725007,0.0006460630232,-0.007276240289,-0.01959947343,0.0002823261712,-0.01984964566,0.009284000582,0.009139736225
5.261269083,-0.005560587601,-0.001846183054,-0.008277729989,-0.01760565423,0.0006458918395,-0.02362079634,0.00649799967,0.0091545801
4.958511288,-0.003979382841,0.00547964951,-0.007319788009,-0.007570910592,0.0001069768517,-0.02234468149,0.01262842526,0.01079462547
5.143825003,-0.001766484661,0.005771979111,-0.00741276214,-0.01839860388,0.001323081513,-0.02083716327,0.008742862719,0.008227477779
5.079799681,-0.002985277823,0.005546819056,-0.006034327623,-0.01490167709,0.002139236416,-0.0244885396,0.01428751854,0.007885669485
5.102312719,-0.001330897957,0.006240211968,-0.007313052696,-0.01480497331,0.0006465625967,-0.02100810616,0.01043244818,0.01011028029
5.09848956,0.0002159244396,0.008533031816,-0.006068671304,-0.01355941444,0.001551545175,-0.02321991067,0.008511773896,0.01021644945
5.10753024,-0.00117491275,0.008922333962,-0.004963582612,-0.01357066956,0.002093332887,-0.0222302404,0.01223398286,0.0100585741
5.09856812,8.339425117e-05,0.007327313431,-0.005606947705,-0.01523718086,0.002736502766,-0.01982214643,0.008266683564,0.007802920507
5.105829599,-0.0003780493999,0.005615197466,-0.005719699911,-0.01468799752,0.002297507575,-0.02137425875,0.01270573878,0.009752218272
5.04332848,0.0003692989986,0.00779700851,-0.004650956586,-0.01175798527,-0.000137095533,-0.02483247726,0.01040770071,0.01200185138
5.03000936,-0.001480450438,0.009002791889,-0.009072698871,-0.01430615124,0.003681267282,-0.01546468241,0.01142802054,0.009059707939
5.055579181,0.003093622575,0.01089704698,-0.004417865077,-0.01587755789,0.002982570512,-0.02286251235,0.005757722819,0.009381461421
5.117416969,0.01016947894,0.01853326295,-0.0006417587048,-0.0125466639,-0.00079966219,-0.02702033114,0.01953025658,0.01230991603
5.015420393,0.00981981789,0.01623734401,-0.005831773811,-0.01254731714,0.008501724646,-0.008025381891,0.008992056142,0.007462128749
4.916109695,0.006621744399,0.02081968457,-0.002595950204,-0.01253513299,0.001660827177,-0.02834143632,0.008239475127,0.0121612996
-0.4485327272,0.009844670695,0.01446926865,-0.004714100153,-0.01314711452,0.003092165096,-0.02578097269,0.01284728274,0.01182828001
-1.432038974,0.002801582142,0.0120557529,-0.003353629348,-0.01300399527,0.001881565503,-0.01033681141,0.01222476566,0.007514186205
-1.079784286,0.002737114103,0.01835063185,-0.001004602664,-0.01334515086,0.00332584504,-0.02474172778,0.01277580676,0.01028134472
-1.247609861,0.005680501468,0.0104169922,-0.007360330427,-0.01706019008,0.002840343061,-0.0247379634,0.007341806446,0.008713450005
-1.160910877,0.001178940935,0.008827449348,-0.005762264049,-0.01113901137,0.0005227254513,-0.01972640237,0.007495603833,0.008067344442
-1.22881585,-0.002539254423,0.0111303023,-0.0007924935547,-0.01420860229,0.0007032032276,-0.02249337998,0.01300047641,0.008803774477
-1.175531025,0.0009361719944,0.004655352341,-0.009706139347,-0.02155231789,0.001272909739,-0.02377245926,0.00859634171,0.008626417694
-1.196401608,8.727014777e-05,0.007345665924,-0.005947312663,-0.01084309209,0.0001601872108,-0.02008412951,0.009479886556,0.006821373792
-1.22536711,-0.004278496727,0.005450387447,-0.006492078099,-0.01943459629,-0.0004380569562,-0.0136270416,0.009436274269,0.008072946062
-1.21597709,-0.001922558988,0.006725737556,-0.002883547413,-0.01747777078,-0.003128832178,-0.0397707535,0.007079139684,0.01055526503
-1.22730911,0.0007022061406,0.008467624359,-0.007663774842,-0.0133564749,0.00575486898,-0.01272045209,0.0186628052,0.004935505597
-1.218607093,-0.002298454376,0.004126631168,-0.005900903948,-0.0154177019,-2.802054515e-05,-0.01484222841,-0.0008100785036,0.008326296646
-1.19401582,-0.003899646125,0.008623001839,-0.0052588816,-0.01727845106,-0.002460941841,-0.03684266861,0.01586526532,0.01268813341
-1.160789539,0.0003470346034,0.007526507792,-0.007899322334,-0.01029097538,0.00346512142,-0.0127466376,0.009908671103,0.006371192283
-1.232216684,-0.01014592724,0.001025278037,-0.005779794513,-0.02151574993,-0.0001885503105,-0.01943048749,0.007080217936,0.00499476252
-1.185167473,-0.01302590444,-0.004763540013,-0.006068631296,-0.01662024957,-0.002466982708,-0.03366142776,0.01832024271,0.01043751546
-1.186763284,-0.009105398857,-0.0007071699863,-0.01430981088,-0.01559324871,-0.001675926666,-0.0148931346,-0.001826337456,0.006338051408
-1.17782212,-0.01633865275,-0.002359327821,-0.005581416174,-0.01694752613,-0.001514098659,-0.02687202258,0.01274911642,0.00747435225
-1.212730025,-0.009231773246,-0.002745050458,-0.007365692872,-0.01998855721,-0.0009785104048,-0.02442333564,0.01622117384,0.007641230012
-1.262656796,-0.003838178069,0.001471472294,-0.00894407993,-0.0110486912,0.001830812539,-0.01863189065,0.00132443093,0.008259627609
-1.203021256,-0.01161927747,0.0005027425944,-0.008399798882,-0.01467973887,-0.001513552802,-0.02666135804,0.0139760644,0.0114051123
-1.181607606,-0.005769446151,-0.0002947523143,-0.006549372732,-0.0181125999,-0.0007437732021,-0.02398917207,0.008888408719,0.009404397701
-1.188794933,-0.001278257539,0.006377097027,-0.006962437984,-0.01248959239,0.00449656294,-0.01560514325,0.01461590761,0.005313438064
-1.196354596,-0.002454215054,0.004597594831,-0.006843241312,-0.01423873519,-0.0001943269593,-0.02902441426,0.005687815012,0.01042280734
-1.205095289,-0.001924716655,0.005071983667,-0.008331162104,-0.01649665331,-0.000249429011,-0.0181983135,0.01589807372,0.01060631604
-1.196707367,-0.0002763602075,0.008781968419,-0.004732916041,-0.012339796,0.002816954401,-0.01948025289,-0.001383656475,0.009282314442
-1.213028421,-0.001310311998,0.01036044364,-0.005760884594,-0.0135885038,-0.001008919712,-0.03285139129,0.0195039682,0.009554927753
-1.191071288,-0.0002075346431,0.001647992253,-0.00688099853,-0.01470867346,0.006873208781,-0.009643489145,0.01468952685,0.006737024567
-1.224354571,0.000340834533,0.01134296328,-0.00229087467,-0.01289710291,-0.0002730314469,-0.0232076968,-0.001587796183,0.01130151068
-1.192974811,-0.00191879478,0.009967785924,-0.009252185647,-0.01398070838,0.003042385135,-0.03163998065,0.02225520253,0.01134609174
-1.223125633,0.0009440457176,0.004765348389,-0.006581261301,-0.01388759281,0.001314964007,-0.01081085212,0.00682607687,0.005732265064
-1.241511952,-0.001099274597,0.01099795214,-0.0008403433447,-0.01050228194,0.002073122728,-0.02409089285,0.01564050293,0.01067784443
-1.209417689,0.006315120564,0.01345690327,-0.005376115158,-0.01925017826,0.004173606273,-0.02676186377,0.007135111926,0.01196785385
-1.208202975,0.0103008153,0.01753350508,-0.005655676479,-0.00821381713,0.003103341416,-0.0162726465,0.007721525112,0.008825356429
-1.167803214,0.00843169641,0.01910780341,0.002118029124,-0.007287453497,0.003305370465,-0.02144186574,0.02187263563,0.01108040755
-1.214230012,0.01009626852,0.01529122976,-0.00570112954,-0.02237604542,0.004753711024,-0.01934961055,0.006284443623,0.008782990654
-1.198784242,0.006456929642,0.01750377769,-0.003387088788,-0.007110065555,0.003376976843,-0.02112212939,0.01239581016,0.00985150749
-1.210768788,0.004230300649,0.01443641356,-0.004081433767,-0.01368074963,0.002284611502,-0.0216034342,0.0110279049,0.01039455702
-1.202744054,0.006535720136,0.01396781126,-0.004716841196,-0.01787556019,0.003147507023,-0.02017994355,0.01304206872,0.009931038146
-1.22914321,0.002569163137,0.01160329326,-0.0001982315779,-0.01438221096,0.00336670204,-0.02206881256,0.009107016531,0.009517857598
-1.2001994,-0.000318910745,0.007595833191,-0.009824534463,-0.01330551924,-5.107057753e-05,-0.02366281459,0.006813539609,0.008307197368
-1.218545421,6.425347347e-06,0.007277024297,-0.007224348505,-0.01794246784,0.00112692955,-0.02196673018,0.01492795745,0.009232458436
-1.203659923,-0.00205542087,0.01134425118,-0.001225445987,-0.01548019038,0.003143389478,-0.02096420642,0.006192202851,0.007359489861
-1.156587278,-0.002437615833,0.00444850878,-0.01157181431,-0.0175470206,0.001553017382,-0.02050974742,0.01626506091,0.006960830248
-1.208866371,-0.00210618948,0.004262231238,-0.004211519007,-0.01122925119,-0.002429313911,-0.02443102658,0.004766529087,0.008853410159
-1.162244318,-0.0005724695113,0.01101891113,-0.006358756638,-0.01832585561,0.001952951845,-0.02133427771,-0.0001606884356,0.007859821413
-1.195866364,-0.00252617543,0.005456467892,-0.007461134839,-0.01933020756,0.005583005811,-0.02406713774,0.02072889732,0.007377269789
-1.180512234,-0.00135753101,0.002455550327,-0.004285281491,-0.01430927652,-0.004288319436,-0.02133747158,0.004615275839,0.009786016663
-1.187175519,-0.001330616945,0.008020670862,-0.008864989015,-0.01343648623,0.001987033686,-0.02147575995,0.0146858169,0.007130011437
-1.240437221,-0.004322841808,0.008523519124,-0.007479049968,-0.01819946114,0.001542064629,-0.02340552379,0.01073182939,0.00923402988
-1.184944124,-0.01137208832,-0.0009283244501,-0.006000730943,-0.01754633084,-0.002564604788,-0.02314894164,0.002242773082,0.00751182313
-1.232365872,-0.01233053302,-0.005607040642,-0.009766043973,-0.01802836826,0.0002866653837,-0.02273170268,0.01731355159,0.006629637463
-1.226200728,-0.01047185749,-0.00383769884,-0.007080405711,-0.0176847433,-0.001811712136,-0.02480321122,-0.002961371841,0.008135700152
-1.177113181,-0.01145070256,-0.003442950573,-0.007640712024,-0.01562877024,-0.002087777818,-0.02552291083,0.01596000481,0.01020798208
-1.196279822,-0.00576928491,-0.0002763511726,-0.01114680139,-0.01669699085,0.002782765951,-0.01607082844,0.007371917264,0.008722076586
-1.178456089,-0.01057889721,0.0003386330907,-0.004486183207,-0.01541075921,-0.0009740496996,-0.03013782749,0.007775672414,0.00911530659
-1.182413708,-0.008578395692,0.002718199042,-0.008679683809,-0.01407680556,0.0008361044587,-0.02359212329,0.02655213063,0.009114146559
-1.235681966,-0.002438562523,0.002214090631,-0.008573927747,-0.01662030915,0.003545099804,-0.01105402501,-0.002505376187,0.007743188001
-1.18759175,-0.004906895224,0.008825065536,-0.005892863246,-0.01181020362,0.0007507363032,-0.02975647533,0.01178854539,0.009928167895
-1.217149154,-6.910795624e-05,0.0008964785413,-0.009525401352,-0.01531306853,0.001394212624,-0.02000523529,0.006771717796,0.00929135891
-1.212690323,-0.001219400618,0.005343622474,-0.00566735197,-0.009438733682,-4.675789668e-05,-0.01592217626,0.01224889877,0.007992456113
-1.216711837,1.293884524e-05,0.01060802963,-0.004187329733,-0.01505387789,0.005015271911,-0.02858087222,0.01337135663,0.01211685006
-1.196293386,-0.0009799660853,0.009572255982,-0.007608870856,-0.02098235257,0.00244383183,-0.02182129119,0.006704814883,0.009601301275
-1.215878112,-0.00195891789,0.009784734236,-0.002418744347,-0.00600318363,0.002395903653,-0.01752926275,0.01642168586,0.009763531604
-1.20687993,-0.0003659832996,0.006901377816,-0.005883567157,-0.01757849714,0.00138792249,-0.02201381223,0.009830029734,0.009968519082
-1.233077767,-0.0002924354881,0.00736739985,-0.006964730041,-0.01403280917,0.004429498945,-0.02417422215,0.002376686019,0.0089466816
-1.184771389,6.355538767e-05,0.008549592088,-0.004550129465,-0.009942180889,-0.0004779736596,-0.0230664826,0.01041539441,0.01128547606
-1.141254247,0.0009014430936,0.00845704147,-0.007536925659,-0.01692144135,0.0009773084117,-0.02018479527,0.01259827122,0.009604398494
-1.249034463,0.009055729804,0.0186814252,0.00127810203,-0.01231114905,0.007444222435,-0.01794083007,0.01607244792,0.01023546104
-1.125935806,0.01116921586,0.01866167016,-0.00251769685,-0.0139702658,0.003171244552,-0.02342806261,0.01027835129,0.01212975225
-1.249736658,0.009219631759,0.01704698077,-0.007353525084,-0.01194131635,0.003385212178,-0.02041572199,0.0111041238,0.01103107047
-1.0502814,0.007534255172,0.01927537944,0.0007449333466,-0.01201103154,0.004352261108,-0.01819340158,0.01140689314,0.009039065095
-1.345587244,0.005639418844,0.009096306386,-0.004659503693,-0.01872147256,0.002308545742,-0.02134660423,0.00393184052,0.007666333915
3.953641553,0.00745600148,0.01195540711,-0.005923174656,-0.008349487598,0.001371590434,-0.02308472404,0.01261157783,0.009774534757
5.405078831,0.003177811484,0.01631202937,-0.005014556241,-0.01164693529,-0.0006316691193,-0.02024662517,0.01066453025,0.01061292798
4.940979529,-0.0001262425013,0.01341947716,-0.004913784476,-0.01782930674,0.00342324596,-0.01962285512,0.01287792695,0.007845140408
5.173329671,-0.0008309482958,0.00941047868,-0.005157705814,-0.02043735589,0.0009262812317,-0.02334619201,0.01205566093,0.008334381757
4.998362829,-0.00133147256,0.00789131716,-0.006873502155,-0.01421756754,-0.0003488423773,-0.02180021169,0.006235632354,0.007950203988
5.13856253,-0.002854016304,0.006570615847,-0.008161133385,-0.01386259721,0.0006679996005,-0.02171642878,0.007457468285,0.008138551087
5.062483031,-0.002756784852,0.002448590314,-0.004843282686,-0.01850584519,-0.001145736284,-0.02265816964,0.004548480569,0.00921238713
5.075652851,-0.001881902494,0.006382815159,-0.006796440948,-0.01333926383,0.001811662085,-0.02039845606,0.0158405701,0.008611942707
5.074415949,-0.003984581721,0.006972960281,-0.00834574748,-0.01402559026,0.001636922987,-0.02136762358,0.00888272454,0.009486112431
5.106218988,-0.002342244429,0.01023373347,-0.005624299424,-0.01495517544,-0.002100651237,-0.02664967627,0.01203515732,0.01020160865
5.092455909,-0.002243009369,0.005583433671,-0.007449783898,-0.01752472849,0.004587272141,-0.0140491988,0.01517009061,0.006974949156
5.03384302,-0.002410663886,0.005195792508,-0.004842605961,-0.01773731157,-0.001522601434,-0.02785553037,-0.006172276435,0.009426345478
5.150287037,-0.003939321448,0.005427552038,-0.009727613199,-0.01370748075,-0.004377396009,-0.02917345092,0.02506852501,0.00947735288
4.977810741,-0.0106391896,-0.01252340226,-0.0103773625,-0.01966945784,0.003686771822,-0.006150855562,0.0002303145413,0.00494652041
5.216226317,-0.01416955333,0.0003854192885,-0.005640865724,-0.01626038992,-0.002956614192,-0.03557193565,0.009995587512,0.009423962049
4.845785065,-0.01087438045,-0.003860304815,-0.01258218759,-0.01662197091,-0.0001730888212,-0.02534749407,0.01285819927,0.009576697963
5.530619331,-0.01271800693,-0.0001409857736,-0.006884273522,-0.01372260311,-0.0001772593154,-0.01315039886,0.009729186481,0.006403708169
2.819014718,-0.009114794836,0.003673413728,-0.004247366646,-0.01895524959,0.002960590195,-0.02787042853,0.01365783282,0.009512798796
-1.657664461,-0.005011129683,-0.003937708863,-0.01151415754,-0.0202680452,-2.47470714e-05,-0.0230237738,-0.00418710419,0.007637829637
-0.9772286715,-0.005843198433,5.799038747e-05,-0.008842658242,-0.004795558622,-0.002468704361,-0.0213945395,0.01338566708,0.009986892931
-1.381317931,-0.005104852414,0.005933130088,-0.002736822658,-0.01536939945,0.001151312326,-0.02364889051,0.01628720555,0.01090606335
-1.064279273,-0.002153718696,0.005263401753,-0.01159257162,-0.02126075293,0.006144635829,-0.01881545673,0.007968015681,0.006241435549
-1.279816778,-0.00303724956,0.01030175268,-0.005440368637,-0.01020497239,0.001232924233,-0.02497375347,0.01395192905,0.01171385006
-1.127003913,-0.001606837843,0.007185167206,-0.007982344872,-0.01567662324,-0.0008523369428,-0.02176321689,0.009412560064,0.01100625381
-1.224934497,-0.0002065225431,0.005089286158,-0.005163077688,-0.01471436983,0.003854918542,-0.02139728813,0.009612296269,0.008964424854
-1.219410534,0.001478350166,0.006540792102,-0.004087173413,-0.01447062414,0.0006515819072,-0.02493334446,0.00385464595,0.008917021918
-1.242040398,0.001629500326,0.005643142448,-0.007249772404,-0.01004946178,0.001596793846,-0.03159928574,0.01219767132,0.01008750521
-1.228916763,-0.002098750631,0.007443940685,-0.01017793484,-0.01281197679,0.006015657067,0.004883831347,0.0153443303,0.008968462344
-1.178641261,-0.001385786111,0.01154004636,0.004237121694,-0.01554650568,-0.001264644912,-0.04441108271,0.004100952764,0.0145726691
-1.200085286,-0.0001166035119,0.01245280781,-0.01444030734,-0.01625747859,0.006058668883,-0.02825728549,0.02645434219,0.007577073983
-1.206980684,0.00487606171,0.006005098676,-0.002610829289,-0.01082015655,0.003547711367,0.01056641084,-0.002594409736,0.005803975653
-1.197842717,0.01018590722,0.02412401111,0.002493176348,-0.01435489363,-0.001989617467,-0.04190468969,0.01357746103,0.01817944946
-1.19678289,0.01256460065,0.0164082391,-0.01248623032,-0.009937601732,0.007392002347,-0.02491913032,0.01298096772,0.01001014282
-1.24456199,0.006152115399,0.01535768423,0.0002916115351,-0.01156447911,0.004049280686,-0.002857407985,-0.002596222818,0.004563463494
-1.20163462,0.002454270056,0.01983428193,0.002944288008,-0.01020679234,0.003313694321,-0.03620486771,0.03329776951,0.01454073994
-1.235766182,0.008230958117,0.009832314969,-0.01354653693,-0.02284937461,0.003396917767,-0.0158716523,0.0003174246662,0.01070689534
-1.229856273,0.002374403076,0.01924121788,0.0006696879485,-0.004354447473,0.003196716699,-0.0167614586,0.004082727685,0.008274505549
-1.187678314,-0.0003236208285,0.01064919083,-0.0004769548172,-0.02316223316,-0.0009568170629,-0.02654067794,0.02607272576,0.01018605482
-1.190638623,0.00548771551,0.005265100005,-0.01079640305,-0.01842522448,0.002850389246,-0.01955712915,-0.007205669958,0.00608265695
-1.160770978,-0.0003347720518,0.01378713267,-0.00362986596,-0.00555676837,0.00245624986,-0.0200542954,0.02062787328,0.009229352599
-1.189157071,-0.002261175407,0.001101425233,-0.007981341963,-0.02489924551,-0.002557950337,-0.02530760473,-0.003453013265,0.00953702233
-1.246371964,-0.00340761518,0.01055244326,-0.007258522133,-0.01370458875,-0.001544077433,-0.0285039876,0.02341420628,0.006384347611
-1.209753029,-0.002822199577,0.01004685031,-0.003171236671,-0.01021437376,0.006683675699,-0.009803384337,0.01466235043,0.006297246537
-1.228255257,-0.002011243783,0.002623097257,-0.008369561593,-0.02431731814,-0.001399118725,-0.02527031942,-0.003549771512,0.008994750715
-1.251609634,-0.0003630402066,0.007096260798,-0.007210854666,-0.01339432404,-0.001528116127,-0.03380498391,0.02122766939,0.01144014747
-1.197456589,-0.0009322802572,0.006305891487,-0.006024621382,-0.01137801385,0.0001844878232,-0.009592694815,3.656123214e-05,0.005942806571
-1.185971651,-0.006748040592,0.005746467345,-0.006996459771,-0.02049183584,0.002532033078,-0.0199886014,0.01839856362,0.007540576778
-1.19888438,0.002195973945,0.003415336561,-0.0007770087573,-0.01627013061,-0.002273288241,-0.03283124043,0.007011321535,0.01198718682
-1.169002263,-0.00924504029,0.003197256432,-0.01275644108,-0.0168915987,8.729276892e-06,-0.01668979203,0.006711083976,0.005954769014
-1.211231222,-0.01960259816,-0.001611324548,-0.007085318438,-0.01512479176,0.001553953649,-0.02416914612,0.01491700648,0.006943042362
-1.222853434,-0.008182640112,-0.004090873611,-0.006667957217,-0.02108181035,-0.001092417497,-0.02059160303,0.006243676379,0.006993374277
-1.235952303,-0.008111816383,-0.005272312069,-0.01224996071,-0.01430166168,-0.001153788952,-0.0256199364,0.005400028438,0.008933100467
-1.180858149,-0.01246741464,0.0002546928732,-0.01131122858,-0.01633148212,-0.002181501065,-0.02633374695,0.01074281417,0.0107005925
-1.223100769,-0.008925950505,0.0006989079007,-0.006188903544,-0.009940328072,0.001657438907,-0.01830508357,0.01229652498,0.006354706554
-1.203008327,-0.006008837688,0.0001218241904,-0.006741123828,-0.02213876238,0.002130537901,-0.02128726143,0.007276085134,0.007798233232
-1.238483178,-0.005542203278,0.004689969151,-0.007991687105,-0.0134303829,-0.0003368567671,-0.02773917068,0.01347268548,0.01150615111
-1.188491119,-0.002285109624,0.004345058981,-0.008149596795,-0.01478845646,0.002147771113,-0.01728544379,0.01151818551,0.008690568902
-1.236857425,-0.0002897500608,0.008425915864,-0.004191619706,-0.01459329286,0.002392222611,-0.02427149572,0.005497687364,0.007478701347
-1.203551664,-0.001576270147,0.007273438873,-0.007642392064,-0.01560378813,0.001864134624,-0.02164521325,0.01303939735,0.00907002494
-1.268606581,0.001359014036,0.006160344074,-0.007167897339,-0.01124823861,0.0004199558642,-0.02048656261,0.004895857699,0.009760574244
-1.237894388,0.0001739871943,0.01021546817,-0.007033186187,-0.01324034566,0.001426055975,-0.02249010285,0.01715326894,0.01093815789
-1.162767749,-0.001874997358,0.008433507722,-0.003557946543,-0.01626138468,0.003607105563,-0.02404182277,0.006868923169,0.009035231113
-1.194672747,-0.001912258836,0.007811683246,-0.007112378086,-0.0145526644,0.002047531227,-0.01793705738,0.0106744045,0.008911880305
-1.174611747,0.0006415734875,0.008463921266,-0.005086876415,-0.01079213756,0.001414336373,-0.02420317875,0.01880070319,0.01015842037
-1.163426836,0.0001300561921,0.006088376041,-0.006151674417,-0.01841038316,0.0008367375182,-0.02220558728,0.0009597292465,0.009434601447
-1.213565341,-0.0004806358853,0.01177313294,-0.006368039152,-0.01292565118,0.0048936292,-0.02336276706,0.006409947416,0.009600378439
-1.208842193,0.009716569993,0.01502556276,-0.004077976698,-0.01257338162,0.002262259826,-0.02010453374,0.02521351231,0.01000825748
-1.238064516,0.01254762045,0.01514426528,-0.0007495409366,-0.01421341443,0.00207451032,-0.02048477575,0.001635349698,0.01275998659
-1.181560823,0.006276020321,0.022723106,-0.006440679327,-0.007945896329,0.005941166887,-0.02217104481,0.02355332797,0.008603348607
-1.224511948,0.006985802938,0.01555733945,-0.0058833873,-0.01538775953,0.005808099573,-0.01521656228,0.003701972114,0.00938775522
-1.206413863,0.006910897297,0.0143621675,0.002121646481,-0.01222869884,-0.0006719280887,-0.02884634891,0.007826499171,0.01066663593
-1.231527264,0.006494664679,0.01867873413,-0.004865560432,-0.01461695689,0.003451858443,-0.02267535661,0.02663202144,0.008647599606
-1.233194038,0.004408013315,0.008146545022,-0.002395700681,-0.01954631806,0.004986995059,-0.009989525454,-0.007776595847,0.004868233614
-1.154917867,0.0003283428056,0.01292556467,-0.004761904448,-0.009525681454,-0.0009024416177,-0.03164779928,0.0195820245,0.01176925873
-1.178165671,0.002824506638,0.006327342887,-0.009520702115,-0.01554567206,-0.0004406483454,-0.02378132495,0.006603967108,0.009690342171
-1.248465522,-0.004976319578,0.01107002014,-0.002105984874,-0.01540160102,0.00247617428,-0.01214211992,0.01512960364,0.003960942096
-1.155555726,-0.0005480624217,0.008586187356,-0.005425379918,-0.02099145924,0.001077333839,-0.02741876452,0.009387617163,0.008317021325
-1.324329219,0.0003948483431,0.00586517913,-0.01205039389,-0.01805116786,-0.0007389172224,-0.02751962817,0.006329906933,0.01067813299
