Tachometer,Motor,B1_Z,B1_Y,B1_X,B2_Z,B2_Y,B2_X,Gearbox
-0.8568025076,-0.001863675953,0.00671069159,-0.003213508845,-0.0004354704534,-0.0004915382791,-0.01812536612,0.01227523143,0.006939907956
-1.268391188,-0.007803551372,0.000543583371,-0.01377579989,-0.02057148828,-0.00294603248,-0.02342433798,0.00748382052,0.006530532733
-1.127980338,-0.01287646776,-0.01043465922,-0.01226042693,-0.02414786668,-0.0007232825152,-0.02392868858,0.002945494532,0.007753611563
-1.205064241,-0.01030220937,-0.003361936513,-0.005501475962,-0.01602809358,-0.0008422665408,-0.02537820932,0.01363520579,0.007908577304
-1.175848842,-0.01003089515,0.0005315572642,-0.001029090879,-0.01213203451,0.0007131157349,-0.02393680038,0.01001982867,0.00851793783
-1.187988149,-0.009144639766,-0.004321401037,-0.01113533433,-0.02126606748,-0.00175518903,-0.02366201775,0.01000745659,0.005761929733
-1.197467364,-0.01274775116,-0.008355213915,-0.01201273527,-0.02637580566,1.74633951e-05,-0.02314040641,0.00751150798,0.004257919867
-1.18143361,-0.00876701471,-0.001061389449,-0.005931166547,-0.01569915758,0.0007805589931,-0.02701771592,0.01276184748,0.008353768818
-1.15924379,-0.005210139418,0.0003951133988,-0.003524509235,-0.007635879837,-0.001792662839,-0.01996224948,0.010586265,0.01054531542
-1.218830739,-0.0055641426,-0.0001290053446,-0.01201697964,-0.01484027766,0.002053441875,-0.01913487745,0.003754692846,0.007553835472
-1.171926312,-0.01004364955,-0.002408454724,-0.013255785,-0.01824433129,0.0003041149603,-0.02646491141,0.005883078039,0.006630060801
-1.211802909,-0.008111598103,0.0001870074378,-0.002512914101,-0.009222783287,-1.798587128e-05,-0.02405155752,0.01156638126,0.009795759047
-1.189551722,-0.005601083283,0.001508226002,-0.005922832006,-0.008384287123,0.001019232541,-0.02260615589,0.01511845583,0.008755318297
-1.184332988,-0.003041159893,-0.001124461047,-0.007798253314,-0.02114831386,0.002902785622,-0.02300199895,0.007927308973,0.007825885252
-1.199610405,-0.003815952268,0.002986890646,-0.006704314757,-0.02100584055,-0.000400868278,-0.02306075247,0.004340928119,0.007319912174
-1.167475768,-0.001996226392,0.009732998767,-0.0009532511416,-0.007955946102,0.0009049991309,-0.02133190404,0.01286385012,0.008088111091
-1.176986756,-0.003308657678,0.00478457612,-0.002094109994,-0.01551323539,-0.000393007162,-0.02253756546,0.01525745519,0.009382530886
-1.185046121,-0.003385081083,0.006463812946,-0.003778557198,-0.02619866798,0.002061056989,-0.02456913179,0.01178544566,0.007952195457
-1.173193006,-0.001107305354,0.004548729922,-0.01199085112,-0.01601582431,0.003580102805,-0.02495837861,0.009318255643,0.005820305808
-1.186301671,-0.0001262504407,0.005521906165,-0.009306782732,-0.009876349988,0.002919575855,-0.0213788364,0.01005857934,0.01001689106
-1.188612219,-0.0005723618791,-0.0002221960304,-0.006225780655,-0.01359889822,3.956560659e-05,-0.02343124692,0.008481290528,0.01079456794
-1.206707536,-0.001422135094,0.00797956183,-0.0009976492015,-0.01845258957,0.002160179632,-0.02104465774,0.007762391858,0.009531238476
-1.187734218,0.0003215887223,0.009349064802,-0.007008295707,-0.006464373985,0.001695006125,-0.02475332434,0.01131170806,0.008401782965
-1.171465218,-0.0003381171962,0.007456707443,-0.005901201297,-0.01194596103,0.003917827721,-0.0222213871,0.007187452633,0.007614086606
-1.169793432,-0.001196648262,0.002632496372,-0.008654082238,-0.01976583463,0.001462685133,-0.02370270084,0.01229407072,0.008934020342
-1.121901379,-0.001453819695,0.004251286034,-0.002354283709,-0.01687010144,0.002792093726,-0.02380382278,0.0128612224,0.007252582455
-1.14316501,0.0003795445788,0.007401663098,-0.001562414378,-0.00766112524,0.00162069178,-0.02447180343,0.01412046901,0.0109390181
-1.164391058,-0.000356788491,0.007261209044,-0.009229674303,-0.01762257311,0.002036070862,-0.02090532604,0.007767320735,0.009166206233
-1.189700614,0.003471286931,0.01019947009,-0.008621026323,-0.01994522028,0.003034739655,-0.02123796238,0.008185935523,0.006719024148
-1.167386529,0.009948058965,0.01661160502,0.000536389576,-0.01387665744,0.004691385072,-0.02103799884,0.01107345144,0.009643458193
-1.176170577,0.008703197409,0.0137390848,-0.000154061861,-0.01042608862,0.001633393044,-0.01891534176,0.0144718961,0.01058811928
-1.183713341,0.008581376782,0.01018978684,-0.004393057933,-0.01553374814,0.003213350639,-0.02148525535,0.01000858557,0.00912614777
-1.140756053,0.005139510767,0.01431759317,-0.005028033448,-0.01131871209,0.003681721869,-0.0233356721,0.006637453088,0.009022682901
-1.173409847,0.00594467065,0.0187884673,-0.002152969208,-0.00804623456,0.005148801783,-0.02371886943,0.009540729663,0.008707713489
-1.197015062,0.004862715494,0.01370970646,-0.00233702421,-0.01493316192,0.002030575537,-0.02036695861,0.01173947316,0.009424382421
-1.18054246,0.001883104261,0.005922542109,-0.004222628652,-0.01764301402,0.002646473951,-0.02314499989,0.01070929543,0.00852984999
-1.200959921,0.004692907989,0.01087886769,-0.007110459652,-0.01221422773,0.00319123587,-0.02287921363,0.0101713598,0.007728647237
-1.202162773,0.004247393952,0.01320706675,-0.006210859005,-0.01075369002,0.003452614122,-0.02391738967,0.01208321735,0.008210416825
-1.123258451,0.0007693962387,0.01211725576,-0.003385764497,-0.01964857676,0.000637693307,-0.02149075551,0.005586250524,0.008479506522
-1.169697023,0.0003528195893,0.007257842597,-0.002114296119,-0.01717347376,-9.226812786e-05,-0.02429051708,0.009445487561,0.009295893735
-1.140595765,-0.001529509326,0.01009581147,-0.004272077311,-0.01648790558,-0.0001140420355,-0.02150275153,0.009727624188,0.00879173262
-1.173466251,0.0002224768319,0.002657672401,-0.008786084666,-0.01156887908,0.0002178008576,-0.02429374045,0.01040860389,0.007674642116
-1.19232876,0.0003392053432,0.003833546954,-0.007849188897,-0.02173026577,0.0008980124065,-0.02023155438,0.004976110538,0.008334848607
-1.162711714,-0.001796840328,0.003550252808,-0.001453708553,-0.01941366656,0.001756763318,-0.02553726642,0.01203133899,0.007379707427
-1.166694581,-0.002722538293,0.007921891577,0.003502577676,-0.01517410151,0.00184552937,-0.02338742133,0.008949895541,0.007956066589
-1.161576208,-0.004180042547,0.006437312491,-0.01522359678,-0.008733408432,-0.0005460893322,-0.02349621657,0.00783948386,0.006921301282
-1.164646751,-0.002952600825,-0.0004894757792,-0.01919120171,-0.0116934841,-0.002312958287,-0.0190763282,0.004497806066,0.007543049761
-1.169031381,-0.0006219734367,0.003650435612,-0.004771355668,-0.02356381828,0.002012214254,-0.02898469652,0.009766762472,0.008075762961
-1.139196755,-0.002623677288,0.002690366728,0.005262305181,-0.01566654352,-9.276150518e-05,-0.02095877833,0.01896261369,0.008317478688
-1.167580248,-0.002287476131,0.003813775162,0.007961010469,-0.01929383808,0.001433930572,-0.0235102681,0.01089743829,0.007372354372
-1.166087958,-0.003823649541,0.006162627634,-0.008450761966,-0.02559367725,-0.0001164079302,-0.02789077872,0.004688678373,0.006539000406
-1.219835934,-0.004544439994,0.00493521116,-0.01821952508,-0.007996223269,-5.752472932e-05,-0.01783164836,0.006521712018,0.008592503512
-1.207087018,-0.002763413494,0.004981381559,-0.01549306843,-0.004263257033,-0.0005299105579,-0.02379467418,0.006680891633,0.007985585902
-1.172105452,-0.003500040706,-0.0005368475095,0.002712208443,-0.02613338096,-0.0002925161416,-0.02363985055,0.01138090815,0.01178848135
-1.159549223,-0.002669516345,0.005677998428,0.007156300624,-0.02463532049,0.004965314843,-0.02178348699,0.01425805646,0.007796581059
-1.206552769,-0.01045239601,-0.0004587303225,-0.006409424304,-0.003661371617,-0.000956156084,-0.02609601924,0.01400548805,0.005253600486
-1.131480385,-0.01406130193,-0.007565716542,-0.01963217805,-0.01574461462,-0.001538278616,-0.0239777984,0.0007430418567,0.006720505132
-1.130455894,-0.01126799336,-0.007849218815,-0.01898576701,-0.02663428925,-0.005174133041,-0.0229003119,0.004275031784,0.007262454279
-1.14692246,-0.008909436493,-0.002625907472,-0.003227378139,-0.02103587515,0.0008784010546,-0.02304790384,0.01613768306,0.01170760227
-1.081454298,-0.009923804204,0.002991462502,0.008644221042,-0.00932075531,0.0005830056494,-0.02554490618,0.01304498379,0.007272494297
-1.202677382,-0.01305321805,-0.003041764219,-0.01283467318,-0.02316793744,0.001647761841,-0.0234012154,0.006947582871,0.006635542118
-1.041307704,-0.009464310454,-0.003722853995,-0.01853221255,-0.02353293035,0.0002737074058,-0.0203820507,0.003094920073,0.005584201754
-1.262991904,-0.006626914316,-0.004376443043,-0.01254350379,-0.004933000982,-0.002721536039,-0.02676826307,0.007572969849,0.009399278656
-0.9196200584,-0.005500445825,-0.003470519436,-0.001701940762,-0.01205290132,-0.002714226528,-0.02221559646,0.01203686606,0.01258868037
-1.572923402,-0.006966327662,0.001328375952,-0.004168936695,-0.02665699983,-0.00110913876,-0.02335533262,0.01088433417,0.00912323268
2.48867594,-0.005398115875,0.006788245039,-0.005386650103,-0.01815796256,0.005011693013,-0.02422706435,0.007734121453,0.007591134041
4.841073679,-0.006440258028,0.00412315004,-0.01063681842,-0.004074070133,0.002692084287,-0.02381340536,0.01023746361,0.004336634139
4.172613681,-0.005600723397,-0.0005360428025,-0.01238793146,-0.01197521364,-0.0003388393842,-0.02086994808,0.007662944902,0.009370945677
4.498487017,-0.001906345864,-0.004306487722,-0.0005986365213,-0.02000916981,-0.001105528052,-0.02186691657,0.006284718685,0.01054192306
4.255065404,-0.001331879241,0.006872453043,-0.0009583737009,-0.01886743265,0.001560356038,-0.02720633853,0.01274368574,0.0106824077
4.48505791,-0.001490252961,0.01135347685,-0.008625619538,-0.01234760546,0.002269367518,-0.02098518101,0.01103790796,0.007277580458
4.369822386,-0.003396645899,0.006887319386,-0.01168742927,-0.01511259012,0.001566116226,-0.02240148397,0.004080723319,0.00586774886
4.382256329,0.0003718815601,-0.003252323311,-0.004850085204,-0.01889884182,-0.0002488772312,-0.02118706114,0.007144972588,0.00699237989
4.395456473,-0.0002052121516,0.003590762607,0.003044512815,-0.01442245702,0.001953597671,-0.0234793008,0.01391652791,0.01186881899
4.422168473,0.0006943467531,0.008074065206,-0.002232151487,-0.01096772623,0.001618498725,-0.02442063608,0.01696075753,0.01023360938
4.379824343,0.000547976654,0.01186948788,-0.01064301805,-0.01737740178,0.001866620689,-0.02405667394,0.005929550502,0.008464944383
4.375182126,-0.003096737185,0.006128285067,-0.0134997028,-0.01938029314,0.006304703256,-0.0202135164,0.005440715069,0.006908514578
4.384182461,-0.002890467856,0.00234632135,-0.003400062138,-0.009874206049,0.0004214995065,-0.02186625877,0.01136021299,0.006860942375
4.38558833,-0.000329336037,0.003311654473,0.001938045547,-0.01014603022,0.001128736619,-0.01994126939,0.01111699549,0.011353421
4.374281905,-0.0003793999429,0.003587416473,-0.008042019712,-0.016981465,-0.001968903962,-0.02300579177,0.01367562652,0.008839531035
4.381210173,-0.000692239022,0.007652043449,-0.01052407486,-0.01672750208,0.004891655163,-0.02471906636,0.008084678596,0.009043581412
4.387404082,0.001784273588,0.009374840254,-0.008948425769,-0.008106025798,0.001835983063,-0.02580040654,0.007689523937,0.009346192394
4.379741204,0.007280281182,0.01263987813,0.001888205351,-0.01573220627,0.003518285959,-0.01737070755,0.009081686945,0.009410537869
4.365027792,0.008827228326,0.01216531889,-0.0005590199047,-0.01828763849,0.005112453185,-0.02082704011,0.0121833787,0.01005019706
4.370705371,0.00790794674,0.01586022671,-0.0003010577421,-0.01297965467,0.003991612457,-0.02194572303,0.0110430866,0.00954968333
4.403373149,0.006707108221,0.01637411161,-0.006568648817,-0.009606853305,0.005039153242,-0.02489424213,0.009227941735,0.00829786538
4.367475452,0.006775630505,0.0146558212,-0.007069411247,-0.01535242616,0.002739243503,-0.02179053712,0.01020692546,0.009941716979
4.338608275,0.004459749443,0.009916176829,-0.003020590597,-0.01456136364,0.002054199094,-0.02399293074,0.009139101819,0.01103598803
4.432053928,0.00284081746,0.01103024002,-0.000901363977,-0.01307098862,0.001363808687,-0.02116379564,0.0149698354,0.007664986396
4.360759468,0.00253537178,0.01139080663,-0.00257031861,-0.01274062658,0.002945267686,-0.02309241856,0.01275485257,0.008175589124
4.44418486,0.004932461499,0.01490734957,-0.00435768189,-0.01463359074,0.002089226463,-0.02230331199,0.007091871429,0.007974167742
4.272894024,0.002984306637,0.008611706293,-0.00883953303,-0.01536851711,0.0008179011197,-0.02342292463,0.005716490308,0.008386113938
4.578124837,0.001816689984,0.0008107557923,-0.0002536020847,-0.01662115157,0.001081351904,-0.02174591443,0.01130304888,0.01119155529
3.559727781,0.001681424305,0.01204591201,0.00172737015,-0.02588682023,0.002171839914,-0.02617345507,0.01108600559,0.008160999077
-1.173826887,-0.0004867405556,0.008582549735,-0.007867445594,-0.009695215875,0.001959085233,-0.0196448389,0.01223111451,0.007608185905
-1.152595882,-0.00176252432,0.008053845942,-0.01826712989,-0.008461742069,-0.0001209930472,-0.02175675478,0.002634918152,0.006356337762
-1.206587267,-0.002697063822,-0.0001764544916,-0.008579870584,-0.01803665727,-0.002583069126,-0.02535960628,0.002908269131,0.006337019316
-1.147940527,-0.003146590349,0.000126162898,0.001294771515,-0.02307778645,0.0006734330563,-0.0226216726,0.01527247776,0.009880621274
-1.211171379,-0.003512594152,0.008149734837,0.001766973145,-0.009976757981,0.0002047531691,-0.02404445134,0.0216974406,0.006120243746
-1.170572066,-0.004003007634,0.007622005979,-0.01310663025,-0.01254710477,0.003305574741,-0.0264900069,0.005746895655,0.007527030553
-1.207851913,-0.002845649861,0.004572830916,-0.01368402582,-0.02364619003,0.002134218407,-0.0201090244,-0.00244134206,0.00360948496
-1.212460365,-0.002406411177,0.002991982482,-0.006098786983,-0.01675406589,0.0007320373694,-0.02178360796,0.008166748188,0.009082865995
-1.185887211,-0.003578770388,0.007055579368,0.006820828602,-0.008289416248,0.0006784491801,-0.02174220242,0.0148138801,0.009669675012
-1.216907207,-0.002932071364,0.00401229294,-0.006447610902,-0.01585890495,-0.0004936212947,-0.02256117048,0.01423775819,0.006748356468
-1.201087091,-0.003866457356,0.003437110893,-0.01572201995,-0.02666151069,0.002493922193,-0.02312430694,0.003363102931,0.009258882463
-1.17404273,-0.003530828242,0.001581725695,-0.007441698076,-0.01209410394,-0.001962019577,-0.0270284642,0.00669900025,0.006324001143
-1.175819363,-0.003834457124,0.003563394553,0.0003273304977,-0.01118512195,-0.0001075170857,-0.01987905322,0.009478630392,0.009908629916
-1.15006892,-0.00118875935,0.00485283526,-0.002599965939,-0.01921178054,0.001431630691,-0.02092535858,0.01489816273,0.009021298779
-1.188819344,-0.007861056605,0.001844796119,-0.009677909287,-0.02341526846,6.229028667e-05,-0.02667598539,0.007814892316,0.00653207882
-1.184361083,-0.01315818331,-0.002027729839,-0.01190030958,-0.01013974786,-0.0006984412254,-0.02576823242,0.006913412232,0.007446811381
-1.179359607,-0.01306856888,-0.007872243204,-0.007993736618,-0.01315663836,-0.0009303899253,-0.02306960364,0.005703094686,0.005579379903
-1.223477056,-0.009092774295,-0.006883444356,-0.003879151852,-0.02146240828,0.0005585601944,-0.02321965773,0.009082252375,0.009709435908
-1.1684173,-0.008428772645,-0.005820368179,-0.005364777879,-0.02240106046,-0.002561430504,-0.02477207665,0.0131875511,0.008067252874
-1.205182535,-0.009249724715,0.004320822795,-0.009143294688,-0.01138520016,0.0002425393502,-0.02849210776,0.01131957575,0.008477341064
-1.186679473,-0.009424259665,-0.00311301759,-0.008379199388,-0.01434263071,-0.001692438587,-0.02330761667,0.004763237391,0.006981616175
-1.148970041,-0.006170054268,-0.0006609670125,-0.01108667787,-0.02196567426,0.001418089196,-0.02376463057,0.001841450219,0.007697591561
-1.178681955,-0.006183902518,-0.005251942374,-0.01337979347,-0.01790373732,0.002258951999,-0.02158388522,0.01377441554,0.009170312541
-1.207716051,-0.006947390094,-0.002100794213,-0.002153877823,-0.01107540322,0.0004140167946,-0.02463202166,0.01518079236,0.008134922309
-1.195451753,-0.008250055323,-0.0006937172237,0.002789220661,-0.01130751386,0.001092862797,-0.02499750743,0.0107602643,0.01024488653
-1.149381593,-0.005679342317,0.005403629726,-0.008392565213,-0.02519588178,-0.0006339896579,-0.01865407648,0.001365294342,0.006083507686
-1.169898963,-0.003197080399,0.006556559918,-0.01465421902,-0.01131486582,0.001663437765,-0.02449242032,0.006721169631,0.006908893245
-1.194699885,-0.004199110688,0.001929666404,-0.01372226338,-0.01263425223,0.001057896951,-0.02370909832,0.01367749227,0.008752958383
-1.203904395,-0.002549960535,7.916148583e-06,-0.00370950035,-0.01742617294,0.004200337682,-0.02045544439,0.01627999508,0.009437754447
-1.159568426,-0.002484494072,0.003303170855,0.0002447897819,-0.01607273464,0.0005652971563,-0.0244309132,0.01209711466,0.008366345523
-1.187838594,-0.00204683303,0.007915466881,-0.001284195228,-0.007939130579,0.00270432264,-0.0237754531,0.001125403269,0.009021748353
-1.225593563,-0.001637868215,0.008491225953,-0.0106436759,-0.009762053249,0.002961901421,-0.02263420103,0.006155096356,0.007797704388
-1.220079636,-0.002185083702,0.006660707488,-0.008553064571,-0.02399799703,0.002555414098,-0.02147836191,0.009819229992,0.008554648568
-1.196018667,0.001264419089,0.003559476777,-0.001118047835,-0.02313874529,0.0005873527111,-0.02284180372,0.01498411808,0.008282184746
-1.177099804,0.000466858907,0.004893988836,-0.006878311495,-0.01154860419,0.001236937533,-0.02217618623,0.01191493337,0.01070205533
-1.180654965,-0.00122036774,0.003566640652,-0.009122059315,-0.003215509565,0.003391300548,-0.02115757007,0.008336458134,0.008837734865
-1.161181084,-0.004949898936,0.005974766386,-0.007505296697,-0.01576727396,0.0007430299034,-0.02371592699,0.006376849965,0.00808654116
-1.166971535,-0.001860152648,0.007134243125,-0.001965254745,-0.01815856803,0.004077986262,-0.02300649862,0.0118233267,0.009988329696
-1.191317972,0.0008948895991,0.00610102059,-0.003141939797,-0.01772563557,-0.0007454384743,-0.02343995841,0.01548877,0.01005529134
-1.190714738,0.0004554763027,0.003148037201,-0.00627050719,-0.01383835713,0.003332613959,-0.02350383778,0.009774886501,0.009528300577
-1.14151792,0.0004417351006,0.005152048803,-0.01242480807,-0.01366074957,0.000315290725,-0.02121197743,0.004555314705,0.005763632238
-1.19248156,0.0053400115,0.009907831965,-0.003656840841,-0.009169196814,0.005822297893,-0.02101318158,0.009883319023,0.01086799693
-1.216554759,0.006954594172,0.02231170729,0.005463836299,-0.01595783326,0.003030089931,-0.02262691067,0.00964671697,0.009862239534
-1.240156897,0.008069118496,0.015386816,0.0001246139834,-0.007458605726,0.002018620302,-0.02112516187,0.01262337001,0.01137206878
-1.201590941,0.006253927314,0.008083460485,-0.009810303679,-0.01334067235,0.0004329336854,-0.02054353087,0.008501754244,0.009781551562
-1.165035795,0.00782693058,0.009284136554,-0.007032182459,-0.0223809763,0.003774972057,-0.02485066109,0.0111688221,0.006633618881
-1.200318535,0.006608177391,0.01595798665,-0.00401750226,-0.01283644462,0.004998821643,-0.0211423399,0.01390647384,0.008721428055
-1.213937072,0.003049001384,0.01605590673,0.002281790927,-0.006380299928,0.002232763846,-0.01872879084,0.01340828068,0.008569517187
-1.247332558,0.0009128389329,0.009265905965,-0.002982235142,-0.01519234774,0.001308797091,-0.02435900212,0.004742039764,0.01072699211
-1.212127098,0.003849696043,0.00684290441,-0.006116782976,-0.02346036912,0.001677462753,-0.02192382548,0.003421824927,0.007915891423
-1.216705599,0.005798736117,0.0112835467,-0.01104391165,-0.01206359387,0.001885387115,-0.02346437042,0.01535218093,0.008688998566
-1.207482384,0.001276584126,0.0115481703,-0.002519122344,-0.008870820921,0.001611482137,-0.02307857551,0.01295284859,0.008568353285
-1.196522556,0.0005681545635,0.008331116732,-0.002084993802,-0.02197780483,0.0009728923446,-0.01999941739,0.00677926937,0.006245402879
-1.154742049,-0.001835594385,0.00508180795,-0.003808322204,-0.0192653462,-0.000327059242,-0.01988941761,0.002242047961,0.008334274591
-1.202783929,-0.001345905808,0.008003599798,-0.005393516146,-0.007299488659,0.002636060007,-0.02368054607,0.01086805436,0.006129774782
-1.167424836,-0.001120766308,0.003499306054,-0.01075734647,-0.009161008262,0.0001132838139,-0.02873800379,0.0145216595,0.01114585635
-1.123597671,-0.0009640637386,0.004651114081,-0.01039981829,-0.02844150592,-0.002808755754,-0.02344450739,0.008135384541,0.009383967701
-1.122680466,-0.0032307481,0.007155408315,0.00122079484,-0.02172241099,0.0004961652065,-0.02031863612,0.007155913267,0.004727170081
-1.149892439,-0.006093095603,0.008238459827,-0.003671098108,-0.006173477293,0.005412125685,-0.02138990222,0.0132072419,0.008374332887
-1.175043458,-0.004559505896,0.006029893005,-0.005716088805,-0.01952981127,-0.0003755389589,-0.02163744076,0.01050012571,0.006179479974
-1.201639555,-0.002337145346,-0.0002194699409,-0.0101718286,-0.0260655704,-0.001162134075,-0.02726737068,0.003350104954,0.006570045255
-1.132510492,0.0008646601735,0.0006670918956,-9.531261039e-05,-0.01656964963,0.0001675410817,-0.02342424894,0.01185663939,0.01241671761
-1.188596148,-6.238340837e-05,0.005494575907,-0.003052585653,-0.008968318494,-0.001022795437,-0.0225393398,0.01401000053,0.009237137252
-1.154183089,-0.003846786346,0.006701462526,-0.01220332962,-0.02616664531,0.002010379887,-0.02010330127,0.007717823542,0.006482441806
-1.1884124,-0.004625220423,0.006459129005,-0.01572203435,-0.01700637057,0.003758956007,-0.02422420357,0.006348484442,0.00439157955
-1.219645431,-0.004866112514,0.00267004243,-0.004744775366,-0.0006221161254,0.002267634864,-0.02304031176,0.009469199705,0.009144847773
-1.171188465,-0.002834035645,0.003936113281,0.002609298143,-0.0100599051,-0.001645965834,-0.02338887726,0.01036631923,0.009691946993
-1.168433832,-0.004192541352,0.001698549872,-0.003220687035,-0.02815361455,-0.00347465741,-0.02385629228,0.009547208479,0.008184585177
-1.139556471,-0.01155556885,4.728602482e-05,-0.0125259037,-0.01942926052,0.001651115831,-0.02730862927,0.01366604244,0.008753790873
-1.163178685,-0.01318861869,-0.001960004724,-0.01293359193,-0.007608661422,0.0003543702145,-0.02414468416,0.01239202402,0.002965020082
-1.205328594,-0.01207967797,-0.003985454984,-0.009483873454,-0.01804267105,-0.0007263160992,-0.0197756632,0.003453019979,0.005291217257
-1.207903598,-0.009805883516,-0.007312019349,-0.001751631698,-0.02811573723,-0.001687394547,-0.02321769315,0.002357694784,0.006724253059
-1.175612546,-0.009320216479,-0.001628542468,-0.004583601388,-0.01469407274,-0.001178152386,-0.02751837778,0.01144489723,0.01179513495
-1.185134176,-0.009932711044,-0.003593586197,-0.01330530127,-0.01308332258,-0.001397485629,-0.0246883496,0.01259393652,0.007599136183
-1.196379538,-0.007924536122,-0.001954081493,-0.0130419263,-0.02086759725,-0.001144878404,-0.02112399083,0.007870735971,0.007855760055
-1.151851833,-0.007501084134,-0.001513195086,-0.005601911951,-0.01525422548,0.0007956676203,-0.02350695062,0.006462323006,0.007072223622
-1.180627044,-0.009868200147,0.00163965908,-0.003085687586,-0.0102947029,0.001633069104,-0.02260349243,0.009219415511,0.006718540359
-1.217046443,-0.006163813931,0.002268103629,-0.01063764454,-0.01520394676,0.002126055931,-0.02376142555,0.009780047644,0.007997498636
-1.157024008,-0.005359859721,0.0005990844244,-0.01129689545,-0.01799621474,-0.0008939940372,-0.02485812848,0.01220838946,0.0102935172
-1.174425687,-0.003807356352,0.003185030631,-0.006317725186,-0.0076540576,0.002583581004,-0.02485845491,0.01108484894,0.007256247943
-1.185267789,-0.004470545615,-0.006194557623,-0.002474600641,-0.01145341494,0.0009441597197,-0.02297102995,0.009526289771,0.009369044345
-1.140459398,-0.001980906937,0.0154896425,-0.005962653478,-0.021221052,0.00181641804,-0.02146108496,0.007042034614,0.007242530321
-1.169415718,-0.002164020292,-0.01114705769,-0.00695178948,-0.01591202359,0.0002629029624,-0.02425068832,0.01089373311,0.00777032921
-1.202017023,-0.002105463696,0.03666633414,-0.003328365008,-0.0133910891,0.001635845065,-0.02454579996,0.009092801405,0.009367909902
-1.159606967,0.0005617651684,-0.03921255075,-0.008204965811,-0.01390120515,-0.000424142559,-0.02191166755,0.01207474829,0.00886798569
-1.152634138,-0.00132773916,0.06653055617,0.0009787951864,-0.0217945072,0.003300372089,-0.02016387716,0.009226190554,0.01049934472
-1.172317228,-0.001174972643,-0.1220494196,-0.00292894527,-0.0104763186,0.004053348392,-0.02579206636,0.01493534407,0.006535385817
-1.104344765,-0.002474428082,0.5740272123,0.008824236815,-0.01544393902,0.004610353511,-0.02072755708,0.01221610472,0.008412178872
-1.187013248,-0.001899227296,0.4349945534,0.01584116526,-0.01891105463,0.002056622779,-0.02212720336,0.003941497556,0.005983866938
-1.17626803,-0.003050847484,0.05205099937,-0.01469699735,-0.006051368909,8.418849579e-05,-0.02062694971,0.007595065744,0.009412275527
-1.154838762,-0.0003782553164,0.1934922756,-0.002922713045,-0.007011856281,0.002318039351,-0.02267827399,0.009427098855,0.01136071754
-1.166600609,0.0002021655433,0.09621985828,0.00333707662,-0.02410474857,-0.001215134239,-0.02424039135,0.01721359888,0.008694748077
-1.168808119,0.0006614570584,0.1590538806,0.01201388824,-0.01609193595,0.006241401749,-0.02319474316,0.01246368507,0.00889230744
-1.170263957,-0.001883614033,0.1160639515,0.001767220173,-0.005220141009,-0.0004309196708,-0.0250014729,0.01022642069,0.005920060468
-1.214731767,0.0007715067326,0.1329895247,-0.01217943493,-0.01892741622,0.005204758441,-0.01911671771,0.0006213063603,0.01057050578
-1.146409844,0.008805551226,0.1167079901,-0.006364352713,-0.02097923861,0.001088912892,-0.02114233008,0.01113215482,0.009705197511
-1.165783757,0.009526256517,0.1244646922,0.00958088893,-0.01171701102,0.005124176727,-0.02299093111,0.02005683849,0.01345127744
-1.165365656,0.007474354954,0.1174781925,0.01464014584,-0.002038478858,0.006228916019,-0.021985757,0.01238829597,0.009083819548
-1.124179084,0.006877025258,0.1069069294,-0.006987643499,-0.01800741933,0.002474579657,-0.01879402043,0.003317466959,0.006364983879
-1.172404076,0.006526996708,0.1078058566,-0.009953438997,-0.01747086721,0.005021954798,-0.0213565384,0.005907579585,0.007865822064
-1.150888248,0.005613883182,0.09770517296,0.002727132199,-0.006589366256,-0.001088044038,-0.02710619691,0.01853263791,0.009571615045
-1.154045247,0.005024181667,0.09526201802,0.007168121728,-0.01564074691,0.00352888094,-0.02017873288,0.01346976584,0.01199401967
-1.177364478,0.004180039825,0.09293007322,0.00115052266,-0.02648696828,0.002311235641,-0.02009309113,0.005870908748,0.007595016606
-1.170059565,0.003545601728,0.09386862269,-0.006885861362,-0.01214579186,0.006445791093,-0.02255874003,0.002050650226,0.005757343593
-1.215767198,0.001320404541,0.08170115219,-0.003243255074,0.001143090126,0.002367046481,-0.02241958238,0.01273511364,0.009087079163
-0.9650796876,0.0001724319058,0.07861556112,0.0007564354923,-0.01588246601,-0.001595638566,-0.02159216098,0.01142851857,0.01060009879
3.893052167,0.001629122814,0.06892340039,0.00312955533,-0.0255369673,-0.001117825603,-0.02320655795,0.01074501834,0.007499732788
4.497698679,0.0008444755842,0.07644101008,-0.0009968045726,-0.0191676479,0.002256518224,-0.02480243861,0.0105240286,0.01017086031
4.32914345,-0.002177437675,0.0728516491,-0.007073734756,-0.006198168353,0.002616361613,-0.0244804058,0.0100013796,0.005802529351
4.437055601,-0.003453579111,0.06109741128,-0.008620694642,-0.01795206349,-0.001944151486,-0.0209355577,0.00299542327,0.007488759699
4.329303792,-0.001221870918,0.05505563271,-0.002950764135,-0.02018946318,0.001005051815,-0.02249475122,0.008597731964,0.009158170523
4.454821801,-0.003300380473,0.05811211184,0.00244050646,-0.01539628984,-0.0001607805238,-0.02345015095,0.01638526705,0.009749782822
4.368389529,-0.0004585451095,0.06171558043,-0.003549578839,-0.009842805368,0.005274457091,-0.02333253606,0.009347886904,0.009218478779
4.405668573,-0.001980028869,0.05597837137,-0.008732861439,-0.02453957158,-0.00050733386,-0.02189000263,0.004290706418,0.006205378713
4.379810485,-0.003931065065,0.0520335567,-0.007230256665,-0.02205500825,0.003054586094,-0.02201312621,0.006221847648,0.007893799535
4.419822456,-0.002909741018,0.04696114642,0.002030691701,-0.006752450696,-0.004001015859,-0.02342693103,0.01588260987,0.008375693671
4.405351773,-0.002287955158,0.0485434946,0.0008425149601,-0.01185552169,0.001140278703,-0.02354476633,0.01024210302,0.009356998288
4.412360164,-0.002382713804,0.04788317346,-0.006197942915,-0.02157626005,-0.0007588546144,-0.02547654646,0.009576887979,0.008650228394
4.378040596,-0.004563641316,0.04836778236,-0.008190680124,-0.02035666977,0.003047542998,-0.02625851213,0.005245340204,0.006900905779
4.366175454,-0.004165513918,0.04306411159,-0.003750012332,-0.008156777636,0.00204411351,-0.02257261336,0.01098880312,0.008211517067
4.385096321,-0.003188265773,0.04076261774,-0.003514765838,-0.01871498929,-0.0007148049751,-0.01935985274,0.009336031248,0.007708024062
4.387701616,-0.009361660431,0.03134332184,-0.006175485789,-0.01999718085,-0.001131394383,-0.02475491899,0.008369222817,0.007986342972
4.399124815,-0.01299809929,0.02899929969,-0.007085733553,-0.01838397927,-0.003362376082,-0.02740243606,0.007828619666,0.006535465662
4.370319917,-0.01175660921,0.02999712767,-0.009771985567,-0.01103211129,0.0002960750059,-0.02403581232,0.008664731642,0.009626632122
4.38791371,-0.01119421845,0.02423654961,-0.009349893772,-0.02109966044,-0.001962136602,-0.02354659808,0.01030121417,0.009779450074
4.406673887,-0.01066292789,0.02453397882,-0.007175020316,-0.01975585655,0.002028805059,-0.02406813269,0.008203035847,0.00777730682
4.330717561,-0.01016386708,0.02599516692,-0.004467535832,-0.01197879188,0.0003943694111,-0.02316062079,0.01234075794,0.006568685733
4.38131053,-0.007059088642,0.02876738093,-0.0120128349,-0.01220793809,0.001963046887,-0.02103483685,0.006541213277,0.00682629561
4.348903434,-0.006007212931,0.02045897483,-0.002558578688,-0.02235374824,-0.0008068119117,-0.02216832973,0.006877143572,0.01121733914
4.426524969,-0.008530251014,0.02566988228,-0.001580743767,-0.02883130432,0.0007222596577,-0.02861640713,0.009851185925,0.00756726217
4.29708962,-0.006416945597,0.02246008657,-0.008158986539,0.001429823316,0.0004413681094,-0.02172996405,0.01761654451,0.01024699395
4.474129357,-0.003856079556,0.02592075429,-0.01671427699,-0.008634110437,-0.0025960079,-0.0203208326,0.0034369781,0.006556127312
4.108774455,-0.004324114746,0.02253113742,-0.01022861932,-0.02451032113,0.001245750516,-0.0226275981,0.003847735922,0.007778481679
4.779061736,-0.00574901705,0.0260765194,0.003022591061,-0.02266052843,0.004283854741,-0.02316139957,0.01164858828,0.008148429205
2.390313579,-0.00381873437,0.02644223653,0.004679705702,-0.002214773769,0.001961558519,-0.0255546003,0.01726899658,0.008444231344
-1.611620877,-0.004507457339,0.01919769028,-0.01231819262,-0.01613483578,-0.001005090275,-0.01976833901,0.005954752933,0.009661077411
-0.9746743719,-0.0003730629399,0.0194401671,-0.01526849069,-0.02575997887,0.0007677093243,-0.0206970499,0.002278397623,0.007209098102
-1.285289576,1.39671402e-05,0.02561893106,-0.006280285019,-0.009267341996,0.003261308285,-0.02581142578,0.01192392213,0.01111308248
-1.092909579,-0.002488731984,0.02865526122,0.006428870908,-0.006025295467,0.001778781619,-0.02164898868,0.01270291774,0.008401076553
-1.26934335,-0.003459179029,0.01917296578,-0.003171678548,-0.02425235523,0.0005335365241,-0.02091581249,0.01281880348,0.008538859334
-1.134004765,-0.00241508826,0.01678962191,-0.009472405887,-0.02375320994,0.004567287233,-0.02356720263,0.007011333443,0.007645880912
-1.221281276,0.0001349596574,0.02017212573,-0.006121489651,-0.002048146285,0.001695405045,-0.02584082052,0.01198626351,0.00941883612
-1.172011326,0.0005170726563,0.02030482425,-0.009412320735,-0.009282151594,0.0008553291352,-0.01930350716,0.009490889974,0.01077687577
-1.171533062,8.735905111e-05,0.01879915718,-0.005877571894,-0.02244918327,0.00297084941,-0.01900844585,0.008903898454,0.009788198653
-1.204239909,-0.00124270993,0.0194751084,-0.002722870983,-0.0197868307,0.003848895887,-0.02864848023,0.0106352918,0.009964815086
-1.20201615,-0.002176379398,0.01972421588,0.00198081784,-0.005181180299,0.00224941381,-0.02229254473,0.01428609495,0.007710035474
-1.171540939,-0.0009635722233,0.01484914083,-0.006907041642,-0.0108884474,6.696299829e-05,-0.02052035115,0.006789767439,0.008275779266
-1.190217525,0.001560274362,0.01389008085,-0.00946216129,-0.01916236262,0.001255839224,-0.02281064723,0.005172246366,0.008811156901
-1.243792006,0.009994203878,0.02436927226,-0.003871452099,-0.01619912332,0.005515941794,-0.02344460132,0.0138477511,0.01090791693
-1.18716987,0.009279582863,0.03152499783,0.0006340551316,-0.007454239845,0.004498279882,-0.02264733298,0.01959657644,0.009331959274
-1.197797816,0.006309070154,0.02159137814,-0.0004016941321,-0.0125162527,0.003441665608,-0.01930605975,0.01035559102,0.009556407005
-1.226825632,0.00704747597,0.0207522456,-0.006618690251,-0.02063247132,0.003797116784,-0.02090888664,0.004612428627,0.006939915395
-1.195084981,0.008470764927,0.01908218571,-0.006601283309,-0.01357611874,0.004408554414,-0.02244546041,0.01272995423,0.009200794332
-1.132388402,0.005914533422,0.02379980958,-0.0009839828235,-0.007630382165,0.002495211523,-0.02205057657,0.01233846333,0.009900347561
-1.16661797,0.004527228191,0.01713715399,-0.000452491574,-0.01440502128,0.0002641531389,-0.02109548824,0.01235902858,0.008342425328
-1.194141377,0.001677858989,0.01897987208,-0.003004674847,-0.02370997051,0.0049315421,-0.02029154889,0.008480717158,0.008582334531
-1.213659406,0.004538391804,0.02111037046,-0.003207882494,-0.008277578025,0.004011058054,-0.02579548083,0.01283021617,0.005794975483
-1.161686466,0.001576111039,0.01764471144,-0.005730239729,-0.007713415885,0.002338229603,-0.02079591994,0.007769820925,0.01027970347
-1.181777589,0.0005397632517,0.01361549789,-0.008157491538,-0.01650878319,-0.0007662653165,-0.02054052396,0.009875773348,0.009903688705
-1.153071071,-0.0008785065164,0.01033736662,-0.007501846126,-0.02049027765,-0.0006283512524,-0.02369419344,0.009014201471,0.009346515427
-1.132480246,0.0005318671801,0.01380006743,-0.0008251203037,-0.0118380146,0.002704994054,-0.02578768142,0.009854827355,0.008051154834
-1.174752231,-0.001179075557,0.01323174753,-0.006739256161,-0.01434027619,7.909477374e-06,-0.02232571445,0.009289323655,0.007696760129
-1.180759291,-0.0009657415371,0.009792536095,-0.007856821704,-0.0213673638,0.001316611853,-0.02084743101,0.006170288977,0.008072594217
-1.200141295,-0.002072317639,0.008085072291,-0.00715154272,-0.01773757355,-0.0008918511724,-0.02520141877,0.009246231262,0.007284191058
-1.192983139,-0.003171100317,0.009033152958,-0.006373405547,-0.01461869928,-0.001466474443,-0.02472602441,0.009812356781,0.009128469366
-1.1699329,-0.001955882313,0.008761049196,-0.004671226893,-0.01363534873,-0.0008016734827,-0.02359488787,0.01200744858,0.00837635591
-1.173904834,-0.00321693123,0.01058531634,-0.005107849773,-0.02136370051,0.002204304918,-0.02239407765,0.009040678209,0.007176007417
-1.165254715,-0.002441271461,0.01046950816,-0.006839018633,-0.01635261503,0.00367694369,-0.0224669131,0.01029418907,0.006541271661
-1.193536729,-0.002660633435,0.0100478979,-0.009546740668,-0.01192815959,0.0008975772147,-0.02364609124,0.009097923391,0.007489296191
-1.184318353,-0.002154372867,0.005821513618,-0.003636301102,-0.01011284814,0.0007028111803,-0.02174694415,0.007968556889,0.01048339119
-1.164091204,-0.002167064848,0.005000992159,-9.286826335e-05,-0.01768513104,-0.001970975249,-0.02766034772,0.008975826836,0.006723687496
-1.179994948,-0.003803215763,0.005882817589,-0.002251003159,-0.0223458375,0.003487738249,-0.02378368261,0.01106314842,0.008659956392
-1.153863674,-0.004290600099,0.01234011896,-0.01148478657,-0.01928354511,0.001830453125,-0.02300365638,0.009725047313,0.004373858373
-1.199245486,-0.001753583874,0.007678214084,-0.01200733579,-0.00601922354,0.001877153316,-0.02245409478,0.008143456137,0.009137948252
-1.176913309,-0.005002410373,0.000808300016,-0.007828538435,-0.01582056846,7.631516291e-05,-0.02209983484,0.005433990909,0.005679455885
-1.147210873,-0.01202518655,-0.005671589357,-0.003238384612,-0.02357527342,-0.002543354088,-0.02580837202,0.009000370467,0.008429313236
-1.165401398,-0.01219551047,-0.0001947234275,-0.002675329711,-0.02001926501,-3.296465917e-06,-0.02631426714,0.0132617886,0.01003292051
-1.179915446,-0.01099662687,0.00255198746,-0.0115652458,-0.01240168718,-0.001204732822,-0.02446721941,0.01365659118,0.005920747231
-1.165634923,-0.01100462823,-0.001908678385,-0.01664113588,-0.01855500068,0.00105052527,-0.02150515319,0.004295690849,0.007249904917
-1.172093215,-0.009933671826,-0.004709274752,-0.011646904,-0.02190767068,0.0003893161347,-0.02286948913,0.004006460993,0.004715299283
-1.214881242,-0.006423151747,0.0006537915674,-0.002350194221,-0.01339157013,-0.0003461725102,-0.02392476992,0.01428958761,0.010488975
-1.17909737,-0.006563965401,0.006903442399,-0.002594439873,-0.009613174092,0.001273123364,-0.02606773702,0.01259026869,0.008812193602
-1.186340917,-0.008437812592,-3.261546574e-05,-0.01189175081,-0.01857137779,-0.0009590070656,-0.02351269064,0.00560726919,0.008221998021
-1.213362884,-0.009253960218,-0.002440693147,-0.01378437745,-0.02233710043,0.0003361879208,-0.02306518303,0.005973029286,0.009149193066
-1.192836932,-0.005432008597,0.001210322013,-0.006145425126,-0.009797717167,0.0001766243942,-0.02327718944,0.01502718664,0.007398867436
-1.180261955,-0.002728371161,0.003260152067,-0.002037391486,-0.01379167538,0.0007411461536,-0.02492905996,0.01244449312,0.009427116957
-1.191512706,-0.002866723616,0.008190105452,-0.007737679589,-0.02143092113,0.00151380107,-0.02219659079,0.006658053429,0.009469599551
-1.180144249,-0.004256399207,0.005409818474,-0.01153173523,-0.01470263474,0.001150157495,-0.02230040564,0.007174503976,0.005888946858
-1.175417074,-0.002285873722,0.003735735416,-0.004780667971,-0.007344506886,0.003006494026,-0.02299339331,0.01298806342,0.009368635866
-1.198425907,-0.002187516386,0.002988512206,-0.003421759634,-0.01817322667,0.002877877792,-0.02715840078,0.01437184325,0.01033271872
-1.181564755,-0.0005802941966,0.003497766525,-0.001898298814,-0.02009919171,-0.000675093676,-0.02107078151,0.0100832386,0.00790811141
-1.177795788,0.001075758176,0.01132627528,-0.008317044126,-0.0137991791,0.00157993635,-0.02512270377,0.003835653708,0.009172165602
-1.185224711,-0.002364154068,0.008546504834,-0.01230498803,-0.009596747034,0.002036616309,-0.01920719064,0.01054945026,0.008698393738
-1.192952291,-0.001668780872,0.002750235632,-0.008292342084,-0.01335248984,0.002985335949,-0.02228887255,0.01324151588,0.008164623772
-1.204521855,-0.001076523843,0.004838833292,0.00244510297,-0.01617593845,0.001605186529,-0.02324936953,0.01162033679,0.009766369235
-1.156581696,0.0005730265796,0.004264934725,-0.0007192217798,-0.01435312765,0.001782100033,-0.02293208761,0.008800440427,0.008959282622
-1.172485082,-0.0004618899176,0.00681743375,-0.01089158814,-0.01548670469,0.001154419903,-0.02060510672,0.006827038452,0.009991516633
-1.17009322,-0.002507264775,0.006621813251,-0.01074120343,-0.01602917998,0.001859066398,-0.02303962353,0.01157797084,0.00868744821
-1.175708832,-0.002234325758,0.007729283469,-0.004848804935,-0.01235282028,0.003596771952,-0.0227005689,0.01374023195,0.009430269649
-1.168095269,-4.258471543e-05,0.007113401249,-0.001072695969,-0.01082067496,0.002141111779,-0.02070282476,0.01210650872,0.009762046982
-1.2014985,0.0003213083077,0.005745818405,-0.004068940657,-0.01831638433,0.004746042059,-0.02041035411,0.003628817509,0.00793480895
-1.171526969,0.005498553608,0.01140713812,-0.01080808805,-0.01042408691,0.003886620614,-0.02437278488,0.01041682104,0.00993464819
-1.171840199,0.008444676265,0.01754721449,-0.00470093317,-0.01007617533,0.003008128319,-0.0217751383,0.01366189826,0.01128956075
-1.167264499,0.007037028967,0.01495371546,0.0003615214916,-0.01059594429,0.003799730034,-0.02245576196,0.01391331122,0.01087898674
-1.207587091,0.006845457438,0.01214351301,-0.0007053670801,-0.0187853907,0.003603771542,-0.01909642122,0.006870719082,0.007330069072
-1.170350696,0.008359020504,0.0160211833,-0.004071187029,-0.01278360649,0.004755392612,-0.02169109947,0.008656347798,0.01111597514
-1.167155378,0.006489634447,0.01472613302,-0.003393030968,-0.0116380619,0.001102204487,-0.02379185265,0.01306824776,0.007604271929
-1.158163198,0.005254757894,0.01090583663,-0.002292607938,-0.01385234526,0.00169350958,-0.02334014888,0.01447775573,0.01047530358
-1.158197244,0.001135630487,0.007639267706,-0.004012602658,-0.01479093565,0.002106511245,-0.02176084977,0.01220721367,0.01025857269
-1.177277224,0.004336069585,0.0113305189,-0.002152427535,-0.01403643377,0.003538936922,-0.02251613986,0.006551731378,0.008344127843
-1.175192477,0.005370572351,0.01380704315,-0.007598378454,-0.01406730989,0.002778940214,-0.02194463417,0.007009194212,0.008947892805
-1.160740403,0.001066083858,0.01126033492,-0.007478794614,-0.01714842983,0.0008347786281,-0.02215455673,0.01155281382,0.006456274967
-1.190215151,0.0003305821842,0.003459639473,-0.003437782438,-0.00995707186,-0.0001863028018,-0.02223723388,0.01295202252,0.009436424842
-1.170225837,-0.0003756797153,0.0083769232,-0.00443558158,-0.01495690331,-0.001889819085,-0.0235643042,0.007958436546,0.008818934331
-1.161277915,-0.0005600420426,-0.0003687097496,-0.006957087446,-0.01384570987,0.001379895108,-0.02276173749,0.008583791785,0.008511522641
-1.184830208,-0.0009866447218,0.009497284672,0.001670824238,-0.03397434521,0.002350783741,-0.02634608621,0.008713898867,0.007814109731
-1.204276696,-0.003668842452,0.01007501816,-0.004033234976,-0.009588423465,0.0005762504329,-0.0239530429,0.01583548252,0.006510691553
-1.096146367,-0.005066668306,0.00368590604,-0.01790936533,-0.004219362161,-0.001920304276,-0.01719633771,0.006282979571,0.007997156527
-1.140059162,-0.003182407407,-0.003811473096,-0.01505723621,-0.01792447883,-0.001981521005,-0.02561522366,0.002584824407,0.007427345128
-1.189936663,-0.001160177407,0.003211460683,0.005016060187,-0.02733371978,0.00196059072,-0.02292846782,0.01153340422,0.009983431992
-1.158096263,-0.001213118839,0.01140909509,0.004038045601,-0.001209659495,0.003740924356,-0.02443257465,0.02150327835,0.007391930119
-1.160170074,-0.00353564031,0.006846237288,-0.01354196346,-0.009435263921,-0.001795758605,-0.02258618952,0.006332531595,0.007447935616
-1.162636317,-0.003252521799,1.02677171e-05,-0.02013782774,-0.02502865662,-5.579193871e-05,-0.02462149668,-0.003405508967,0.00476165919
-1.19476269,-0.001994904145,-0.001611878119,0.0009875162823,-0.02901502029,8.28580988e-05,-0.02236378477,0.01107341408,0.009805826069
-1.172921751,-0.001489238523,0.01039279042,0.01191098977,-0.007801401537,0.005963127424,-0.02401854685,0.01961563448,0.01021934406
-1.198924994,-0.003159675858,0.0001608686692,-0.005416804141,-0.008886587231,-0.002767400868,-0.02079617733,0.009096942144,0.009319237551
-1.156498711,-0.003315552097,0.005786155046,-0.02456632346,-0.02836974671,0.0004546237172,-0.02461387127,-0.002797538716,0.006711272823
-1.151600789,-0.005976633,0.003390181801,-0.01165673878,-0.009846867067,-0.001693084307,-0.02675747284,0.00721250456,0.007285989902
-1.177970095,-0.0110177717,-0.004930828288,-0.0005267466126,-0.003615298182,-0.001394272673,-0.01877070276,0.01863766097,0.01060605515
-1.149779853,-0.01066013678,-0.008941615269,0.0001250426302,-0.03026712305,-0.001814615806,-0.02607973314,0.0146688855,0.008690239435
-1.141847698,-0.01249994456,-0.004753419877,-0.009943100061,-0.03135837842,0.001540828751,-0.02657309933,0.008426378525,0.005595085241
-1.139800377,-0.01020346045,0.00262455561,-0.01106766501,0.008479428713,0.004692318145,-0.02593771847,0.00666862968,0.005526064411
-1.157024698,-0.009497121051,-0.001877035861,-0.01329351991,-0.007431314116,-0.004748800107,-0.01767029422,0.003538144403,0.01077081859
-1.185918593,-0.01067955502,-0.006442538339,-0.004856013614,-0.03828400587,-0.001270493215,-0.02062252328,0.001503692088,0.009094164455
-1.115728294,-0.005730255342,-0.003803407817,-0.0007996717318,-0.02687782477,-0.0002700773738,-0.02581812757,0.01963852981,0.008781107332
-1.176394923,-0.007700046998,0.008053538026,-0.003567318995,0.002664006966,0.006540579111,-0.02728728093,0.01793333078,0.009616837802
-1.089897923,-0.009321882182,-0.00521884854,-0.0135414496,-0.008599740714,-0.00269906456,-0.02158903702,0.0001148324813,0.002566143449
-1.209047478,-0.008037033155,-0.009349562284,-0.01920080335,-0.0358873157,-0.001360176281,-0.0208769666,-0.004340697724,0.009266451531
-1.04092127,-0.002368909331,0.001139763187,-0.0008765902976,-0.01374188043,-5.918045919e-05,-0.02570165926,0.01645580657,0.01064397751
-1.45843917,-0.003372195989,0.007113649788,-0.001273093629,0.001464359933,0.001764076047,-0.02916417139,0.02411797629,0.0117281489
-0.1318750649,-0.002999870947,0.003108288441,-0.00448518946,-0.01835927325,0.003280296333,-0.01917792577,0.008584042589,0.008307588696
4.537534196,-0.00580934358,0.002641152929,-0.01307774206,-0.03374765961,0.003998777431,-0.02299720113,-0.002926205839,0.00209749299
4.283260508,-0.004694608551,0.004561227054,-0.01044089247,-0.002218266337,0.003868158321,-0.02129037941,0.004966196893,0.01010618804
4.476767024,-0.001153007443,0.003264621689,-0.00307292745,0.0007688484868,-0.005313833941,-0.02381144764,0.01565168235,0.01054500721
4.334258462,0.001932252074,0.003637155679,-0.005251703392,-0.02468692839,-0.001200079598,-0.02225147602,0.01332003102,0.01213633138
4.400463373,-0.0004323344654,0.002765716468,-0.004315611113,-0.02649312947,0.003019050615,-0.02328385065,0.01173052034,0.008608185324
4.403699391,-0.002168794488,0.0140215675,-0.004291777144,-0.005266012178,0.005645030919,-0.02753108462,0.006870678843,0.008586435689
4.410565481,-0.002489869587,0.0001787994668,-0.009064677476,-0.006994884645,-0.0001097201414,-0.01974678262,0.007384840876,0.008097527987
4.373198663,-0.002812110366,0.001323746563,-0.008706210448,-0.02673893924,0.0003161493699,-0.01859353868,0.005783555441,0.008898101741
4.418249507,-0.001174889419,0.004658424601,-0.003792695201,-0.01389005721,0.005635568727,-0.0260765877,0.01635734744,0.01440268891
4.392212154,0.0005530571304,0.00943881323,0.00181563152,-0.004413619147,0.001878296761,-0.02213028883,0.01326263909,0.01098790412
4.358243998,-0.001895215445,0.008237077198,-0.007792783834,-0.01383426365,0.002702833002,-0.02044927232,0.006020044437,0.006531388691
4.399588765,-0.002283254931,0.0007527225768,-0.01131980566,-0.02706770426,0.0007275498213,-0.0213172925,0.004653952007,0.007047336964
4.427049748,-0.002804980153,0.00620768582,-0.005384890874,-0.0100543283,0.004372038385,-0.02694793042,0.01764581209,0.006991789581
4.391345259,0.001939570691,0.009770268464,-0.0003653466468,-0.002383700521,0.001692660305,-0.02295604744,0.02012130336,0.01001925497
4.422891934,0.009328881255,0.01830925728,-0.004191838579,-0.01408601042,0.002919654567,-0.01930769251,0.003905645558,0.01137404497
4.385369152,0.009844104406,0.003920644575,-0.009717054394,-0.01411251869,0.002264560118,-0.02285959298,0.003247665771,0.01126321527
4.3967813,0.006118322235,0.01673018396,-0.001498607769,-0.02926405744,0.005780609801,-0.02406512623,0.005367148031,0.009216405066
4.34292178,0.008114851878,0.019425789,0.002430571677,-0.01087278134,0.004237497901,-0.02297760488,0.02199822994,0.009149545235
4.392745942,0.007365841277,0.01694537157,0.0002091686675,-0.0007227230664,0.0004842074177,-0.0157994997,0.01259440385,0.009381359465
4.389215946,0.005084468768,0.001799693497,-0.01281468375,-0.01611521553,0.001956282047,-0.0223348677,0.003596496614,0.008185198516
4.364768786,0.001139360093,0.007345289696,-0.01221891405,-0.0265788069,0.001406408232,-0.02596203254,0.005568744512,0.008536883171
4.404273309,0.00593741349,0.01477836849,0.002147723163,-0.001694588103,0.008508215053,-0.0240185247,0.0189258761,0.01018118871
4.32383096,0.005731168903,0.01465381156,0.001129292187,-0.007314352356,7.32970569e-05,-0.02091452392,0.02079486285,0.01007514287
4.414708739,0.001603676624,0.005118584789,-0.00667432471,-0.02995999736,0.003328506107,-0.01957023656,0.004500176678,0.003801892783
4.29962686,0.0008595022382,-0.0003810986122,-0.01306628484,-0.0176884217,0.0005712523075,-0.02373155589,0.004250879461,0.005480921864
4.490765152,0.0002631270906,0.01019746241,-0.002742333062,0.003738199767,0.002806859044,-0.02309944984,0.008507473815,0.01088259911
4.16505604,-0.001817399994,0.01216052252,-0.001175784234,-0.01510838411,-0.0006083407193,-0.0209995814,0.00511186012,0.009059702334
4.795294995,-0.002571743607,0.004159116387,-0.00755827174,-0.03649967373,-0.001739412684,-0.02577407381,0.0061404223,0.008941302344
0.9684749762,-0.0008767909953,0.006057442056,-0.0001324181125,-0.0174892123,0.00231949442,-0.02725862742,0.01169080373,0.006688996114
-1.632932832,-0.003382105054,-0.001449592466,-0.004118695718,-0.001444384361,-0.002564150918,-0.02239527763,0.01677064983,0.006394897972
-0.9447745982,-0.003921772908,-0.0004168293668,-0.01191682926,-0.01577627478,-0.001105992372,-0.0211061094,0.005274815103,0.006584607909
-1.315341025,-0.002530675516,0.003265575146,-0.009456436555,-0.02771410646,0.0005980813712,-0.02376500992,0.005406280036,0.009336107974
-1.088028963,-0.004975275218,0.008715857394,-0.001084979861,-0.01171395024,0.001520811668,-0.025088928,0.0136790169,0.009998682408
-1.270090093,-0.002559088598,0.008418370217,-0.0006969359895,-0.005840716322,0.001337123697,-0.02151973128,0.01266080471,0.007880984747
-1.137820963,-0.002652533106,0.0006730683949,-0.01313771917,-0.01670228947,0.001718064783,-0.02235861621,0.005901190835,0.005945119832
-1.197764867,-0.001465642227,-0.001871821404,-0.01000223652,-0.02519336535,0.00195825829,-0.02398889332,0.004800380778,0.005371846441
-1.188561584,-0.002052477532,0.006149114023,-0.00260023682,-0.01122512303,0.002293716173,-0.02580824282,0.0146066981,0.01034764947
-1.217360056,-0.00267647389,0.007104236299,-0.003100539357,-0.007555312762,-0.002887032875,-0.02022925044,0.01195809373,0.008456455328
-1.245410036,-0.003921552331,0.002887016835,-0.007331543836,-0.02290399359,-0.000555259954,-0.02355651503,0.003995760591,0.009302866889
-1.190091548,-0.002503734217,0.0002480954061,-0.008409267767,-0.02205647183,0.001565113807,-0.0267073924,0.004586635228,0.007119536149
-1.202503867,-0.008447807081,6.173237902e-05,-0.007058779121,-0.01030115485,0.0001262058649,-0.02362011178,0.01160509825,0.006889001876
-1.168082332,-0.01056054009,-0.005779925772,-0.00873682972,-0.01007562184,-0.001571029628,-0.02269518924,0.0106377111,0.007653549495
-1.182570489,-0.01336453793,-0.008437621138,-0.00757238847,-0.02890959389,-0.001235175807,-0.0212149395,0.009975938089,0.007569486497
-1.195998736,-0.01241985326,-0.003899176308,-0.006430911432,-0.01990063599,0.003397324372,-0.02666759188,0.01264845959,0.006036787121
-1.209134673,-0.0120378411,-0.000580076646,-0.007000629833,-0.003833181199,-0.003636156525,-0.0241956032,0.01049029848,0.008791680687
-1.157455652,-0.0105798544,-0.003868080066,-0.01157324112,-0.01618270138,-0.0003584674003,-0.0207776436,0.004985461305,0.007875329773
-1.211548041,-0.00827920628,-0.003584431926,-0.00960683729,-0.02397742641,0.0001478912867,-0.02227315017,0.00907295341,0.006966280785
-1.212161996,-0.005931455752,-0.0002891012424,-0.003453426348,-0.01870210276,0.001916333477,-0.02557657289,0.01169215663,0.00843183997
-1.220709907,-0.009016739949,0.0007867902331,-0.0085684702,-0.008355050854,-0.001852741981,-0.02333010198,0.01205014337,0.008635806282
-1.213303468,-0.007997102839,-0.003601459567,-0.0104341339,-0.01508451152,-0.003328857746,-0.02108107791,0.003935660619,0.009500226941
-1.20157266,-0.0044428361,-0.001126008246,-0.01044888804,-0.02265438129,0.0009129658572,-0.02574849099,0.003885881385,0.009216425695
-1.195180422,-0.004000650578,0.003420684463,-0.002283450241,-0.01369154516,0.000226846274,-0.02574829037,0.01211207123,0.009331556201
-1.135866643,-0.002881489979,0.004736322319,-0.002104419702,-0.01121797843,0.002283684973,-0.02262117204,0.01274770378,0.007812167664
-1.16717715,-0.002365262766,0.00203177763,-0.008768700699,-0.0185596549,0.001480226428,-0.02150913015,0.01619209173,0.007404137105
-1.15567918,-0.003715961331,0.002593382802,-0.01281256794,-0.01987457455,0.003325881103,-0.02432402675,0.008650265832,0.00664849524
-1.172654932,-0.00238472748,0.004095721944,-0.008860658676,-0.009404243068,0.003830244217,-0.02479148287,0.01249141402,0.009586141167
-1.173347109,-0.0004727872583,0.006233397487,-0.001739771307,-0.008868087906,0.0008616941811,-0.02016474101,0.008139135491,0.009756172023
-1.181580858,-0.0004835111358,0.006263195072,-0.003917797236,-0.01698909181,0.003259879394,-0.02161221146,0.006584856342,0.01000182276
-1.162435854,-0.001458476213,-0.0008824891349,-0.0112647726,-0.0140786972,-7.556616312e-05,-0.02399986446,0.007700402641,0.006032321905
-1.216911439,-0.001152877288,0.006498153723,0.0008026188929,-0.02029656168,0.002244061683,-0.02573235628,0.007636046095,0.009543043151
-1.200468346,-0.0006897523187,0.007118714407,-0.004808470728,-0.01105870953,0.0005777964871,-0.02407558974,0.0172495967,0.008834964626
-1.17690062,-0.001403188769,0.005772156052,-0.009527889624,-0.01030253523,0.001199729404,-0.01649957916,0.005099520765,0.009875413432
-1.159232305,-0.0009227144367,0.002787035084,-0.013149193,-0.01448361481,0.001338721531,-0.0292310824,0.006323141781,0.009579624721
-1.224431535,-0.003217776651,0.002944586006,-0.002219436176,-0.02094860158,0.0002067740201,-0.0239666869,0.01210191426,0.01181317385
-1.199219502,-0.001020845416,0.009047773234,0.0003148279714,-0.007325322306,0.003577167579,-0.01994010001,0.01640300934,0.006888578347
-1.193177679,-0.002044407581,0.004880461487,-0.009052205404,-0.009502242237,0.001191709315,-0.02046312253,0.0136713221,0.007382816965
-1.213052403,0.001515016713,0.006021503395,-0.008844707123,-0.02240444168,0.005709143904,-0.0225655913,0.003134665068,0.005956901529
-1.166980606,0.009621105709,0.01118103518,-0.005682785608,-0.01527131729,0.0001311215676,-0.02463247441,0.01216770343,0.009365410051
-1.135182475,0.008932755767,0.01686209208,0.001413511656,-0.007300477325,0.006030716385,-0.01917486817,0.0124863021,0.01177125836
-1.165885776,0.007269229007,0.01599017883,0.001651096018,-0.01133275284,0.002149602568,-0.02161402182,0.009822306281,0.00658936152
-1.160216448,0.005211901087,0.01184517022,-0.007586482469,-0.01957475008,0.004666542014,-0.02083850144,0.007630554769,0.0118136716
-1.170899455,0.006129564833,0.013891887,-0.005263285323,-0.01215956146,0.005242446656,-0.02235414936,0.008549669892,0.005928752768
-1.158241223,0.00647505881,0.009295899249,-0.006286957188,-0.007939146332,0.001547209786,-0.02310887278,0.01645433555,0.01107977067
-1.197461838,0.005468277243,0.008127645453,-0.0004658745209,-0.01990763346,0.00463036939,-0.0222750686,0.008817875791,0.01046403854
-1.182999517,0.004279323608,0.00910464567,-0.003396880645,-0.01714144126,-0.0004748031551,-0.02294179169,0.01100924885,0.008644883281
-1.156820385,0.003655491157,0.01505628297,-0.004449670272,-0.007228254545,0.001929126276,-0.02411050896,0.009595985745,0.008747360662
-1.150298685,0.001586543269,0.01069798736,-0.004339399017,-0.01089061432,0.001711842841,-0.0218812199,0.01271849835,0.007459543001
-1.159429824,0.0003341038072,0.006061498205,-0.005824145129,-0.02276023453,0.001655630147,-0.02352502856,0.009701481844,0.007972634717
-1.236688086,0.001190994241,0.003246416236,-0.0001735106966,-0.01851987734,0.002933035959,-0.02266982491,0.008379522801,0.005611614954
-1.177040097,-0.000651108749,0.008147049023,-0.004614004572,-0.01227283122,0.0008831537809,-0.02532474744,0.01077693838,0.008177002559
-1.147414383,-0.0008872055089,0.00659390991,-0.005788102962,-0.01300788075,-0.001386960614,-0.02103051354,0.00913506235,0.008966104229
-1.159129563,-0.003638414968,0.004223829155,-0.01132919583,-0.01714316989,-0.002595845105,-0.0223127187,0.004574740005,0.008575697467
-1.16031163,-0.001199698575,0.005442692333,-0.005865458853,-0.01427829581,0.003010067282,-0.02460177548,0.01036218562,0.007235403689
-1.165839356,-0.003325513706,0.001487302923,-0.003402799541,-0.01455258566,0.001616677425,-0.02700522302,0.01221898399,0.009170176822
-1.187200449,-0.002380183541,0.004369251543,-0.005293107939,-0.01998999273,-0.002120174945,-0.0237712951,0.006105479451,0.008016676601
-1.161903844,-0.0009532973942,0.0030167143,-0.003966412367,-0.01708117376,0.001846233998,-0.02169458479,0.009972069859,0.00570587639
-1.180593334,-0.001578294667,0.00680644636,-0.007600455588,-0.01150854812,0.002905936221,-0.02214506129,0.01348653686,0.007882445004
-1.180232633,-0.003413433887,0.005517537391,-0.005366893609,-0.01387045438,0.001069423585,-0.02304228001,0.009773300046,0.01065871319
-1.147999387,-0.001689824236,0.002760325842,-0.006319915101,-0.01947920717,0.002625471579,-0.0248477111,0.004619613527,0.006667081154
-1.207952561,-0.001892975632,0.001682524419,-0.006345785804,-0.01650209551,0.002188536409,-0.02443942178,0.009023531228,0.009012993539
-1.1728875,-0.001982449066,0.003069287596,-0.007669068804,-0.01172372378,-0.001161361091,-0.02212110777,0.01054273083,0.008920679576
-1.177780782,-0.003494920475,0.003922960291,-0.009212442732,-0.01425518063,-0.001721868898,-0.02374719809,0.00998557912,0.008639521467
-1.190455017,-0.002075735956,0.003444348135,-0.00596008271,-0.0174292957,0.0013765454,-0.02052985546,0.00827384139,0.007805468915
-1.144054353,-0.005823803126,0.001962818174,-0.004177400291,-0.01856509918,0.002221455773,-0.02459676112,0.008686155901,0.007456200726
-1.17460503,-0.01158784784,-0.004475596019,-0.007602310901,-0.01850621338,-0.001630341487,-0.02611734582,0.00799010346,0.007019460252
-1.186752739,-0.01176185374,-0.008664716886,-0.01107235574,-0.01959158618,-0.001806190699,-0.026138998,0.009877783617,0.00671288759
-1.133373353,-0.01258695748,-0.004019110188,-0.01212764254,-0.01675678533,-0.001612613769,-0.02299062983,0.01241802475,0.00897000974
-1.198788648,-0.01060086862,-0.00377604363,-0.008540573826,-0.01227656815,0.0008002974319,-0.02356063791,0.007037304762,0.007158971229
-1.171303245,-0.0107450823,-0.004210789342,-0.008284031501,-0.0166653575,0.0007092517828,-0.02196787847,0.006007756711,0.007196093795
-1.189687119,-0.007396827133,-0.005288911597,-0.007937775157,-0.01796256641,-4.495973445e-06,-0.02466234028,0.007905202882,0.006818364915
-1.209336673,-0.005832533803,0.0005877778864,-0.005082764219,-0.01225375449,-0.001594426953,-0.02513247942,0.010580013,0.008195612413
-1.216003753,-0.007228710182,0.0005369064136,-0.008767331108,-0.01178590381,-0.0005760947033,-0.02551725773,0.007967283518,0.008487365643
-1.170913732,-0.007213072523,-0.01019030775,-0.005559824649,-0.02083429074,-0.0008648529149,-0.02133647307,0.0100573018,0.009634367712
-1.188508136,-0.006254853383,0.004924827196,0.0004101644661,-0.02874398335,0.002540894218,-0.0271251893,0.008824326953,0.007884302073
-1.161120102,-0.004800044138,0.002231965181,-0.01010488079,-0.003367652031,0.00237354264,-0.01982881109,0.01566593335,0.008903767946
-1.201102729,-0.003270185931,0.002972792982,-0.01963298509,-0.008031186802,0.0004871263575,-0.02120194535,0.004982665942,0.007948874115
-1.198216997,-0.002633787693,-0.0042965677,-0.009713226103,-0.02173329456,-0.00116023869,-0.02534578672,0.00663947304,0.009723717576
-1.183773562,-0.002751986954,0.005247023645,0.00499357064,-0.02180735491,0.002394151847,-0.02454169998,0.01514354545,0.00982359117
-1.158345142,-0.001804291495,0.006972339769,0.0004711145346,-0.002771070597,0.002026418775,-0.0214992456,0.01815445754,0.00691843924
-1.184902278,-0.003159058735,0.002940203581,-0.01456349356,-0.01820874824,0.001400245068,-0.02275967439,0.002565661052,0.007237839636
-1.177310597,-0.001212184782,0.000815171771,-0.01314248861,-0.01982599918,0.00277677409,-0.02400394437,0.002272951157,0.005552545047
-1.163707523,-0.001492113043,0.006064640917,-3.068400625e-05,-0.009762689248,0.001205619912,-0.02156597838,0.01551378982,0.01178007248
-1.148066451,-0.0002766114224,0.009481699698,0.006086936247,-0.008882192523,0.002891174535,-0.02155940416,0.01363140679,0.0113734938
-1.163018096,-0.002523500935,0.00468914865,-0.01120945336,-0.02278613414,0.0008925636696,-0.02237158523,0.00717183594,0.009112774295
-1.154019637,-0.002399479965,0.002125669974,-0.01538043008,-0.02048609706,0.004607441664,-0.02165768087,0.005743294475,0.006804477669
-1.183971476,-0.001958918326,0.001948342629,-0.003702449518,-0.001441409944,-0.001160910472,-0.02648669067,0.01353056231,0.007103793623
-1.12894344,0.00111554371,0.003622667197,0.001673467102,-0.01436278942,-0.0005529777045,-0.02060585073,0.01346059596,0.01139292356
-1.167797646,1.482638364e-05,0.006985121416,-0.002034718808,-0.02448767088,0.001955925323,-0.02492529007,0.01097598948,0.009096964772
-1.176455771,-0.001659966781,0.01159848964,-0.009594604977,-0.01645040077,0.00464336308,-0.02563068357,0.007549173225,0.009437688243
-1.205768292,-0.001865784169,0.008822359999,-0.01773477642,0.001585227967,0.002132194288,-0.02297988835,0.006202535502,0.007851448793
-1.207034931,0.00332837357,0.006407997714,-0.002811054373,-0.01262568903,0.0007917658877,-0.01523427963,0.008880041742,0.008877090737
-1.184424469,0.009678464338,0.004410265055,0.01516811913,-0.02175848346,0.005347494278,-0.02512358923,0.01436610634,0.01124219017
-1.142451829,0.008669149425,0.01478548369,0.002170998272,-0.02416338334,0.00389868084,-0.0217613711,0.01548405797,0.009353810479
-1.147272656,0.00773290162,0.02501854674,-0.02335425764,5.314431509e-05,0.004371018514,-0.02179118867,0.008664350529,0.008564846971
-1.134961684,0.00647305049,0.01317250859,-0.01061282158,-0.005850849849,-0.001296945101,-0.02444527183,0.001499293997,0.007245871919
-1.188340237,0.005180808211,0.004440989967,0.00815141074,-0.02175789162,-0.001263530999,-0.02222277313,0.009055989093,0.01195526701
-1.156759971,0.004989811248,0.006668738136,0.009318028444,-0.02618063572,0.002921103281,-0.01634778362,0.02045087047,0.008313800855
-1.162663221,0.002461725122,0.01455279761,-0.007545750334,-0.004100064189,0.006015917828,-0.02934405439,0.01786163784,0.007873363772
-1.161267831,0.004459079389,0.01493241866,-0.01389484644,-0.004457472518,0.004546706866,-0.02256691813,0.007749980705,0.008679414647
-1.220245104,0.002322422444,0.006908549376,-0.01416394744,-0.02656046838,-0.0006761336902,-0.01964600632,-0.001308916054,0.009613061755
-1.091149519,0.00249958847,0.003237672329,0.005830294264,-0.02134253715,-0.0001816612526,-0.01573425515,0.007061880712,0.008118158643
-1.302251361,0.002964442711,0.008960065414,0.0069550138,-0.002268827857,0.0008730872276,-0.02711860076,0.01954172624,0.009256298436
-0.9506653602,0.0004103725829,0.008015802737,-0.01046036064,-0.01123914171,0.003691971681,-0.02318808031,0.01788451719,0.007073757774
-1.513718329,-0.003434269466,0.006075188297,-0.01740801859,-0.02432989295,-0.001113575353,-0.02623628766,-0.002365466776,0.00383415194
2.521767414,-0.003039137542,0.001137473608,-0.006231243812,-0.01813542998,-0.0008584852819,-0.02301947804,0.0008373517434,0.007745654363
4.781918738,-0.00194966775,0.004419106608,0.006224672512,-0.008827655152,-0.000592290519,-0.01949839851,0.01547817256,0.01024819876
4.196654307,-0.001892523445,0.002995365402,3.65815406e-05,-0.01808962014,-0.0004931046456,-0.02579891182,0.01545310705,0.008688383515
4.518389052,-0.003832929592,0.004801716757,-0.01187902432,-0.02669472402,0.00254367161,-0.02564778685,0.007446497022,0.007688213516
4.300861476,-0.002198282688,0.006385628684,-0.01451702428,-0.01389699847,0.001834032822,-0.02055277615,0.005216632801,0.005315881456
4.440949084,-0.003278937686,0.00170775087,-0.008774761464,-0.004364040674,-0.000411202114,-0.02216469071,0.008448751051,0.009690413513
4.372544252,-0.002397975452,-0.0009859905438,-0.001100647833,-0.01870567407,-0.0002795882213,-0.02106431728,0.007244340882,0.009322904506
4.354462228,-0.001305539245,0.002897848813,-0.002829423903,-0.02404082156,0.002226811701,-0.02594564914,0.0155942312,0.00786936624
4.315564516,-0.003166716564,0.006519655204,-0.006241443971,-0.01039927639,0.001449023424,-0.02257868615,0.01084347224,0.007010758876
4.388440668,-0.0020306041,0.006945532822,-0.01058815006,-0.007132801116,0.0005830332109,-0.02397767987,0.002719897332,0.005938269732
4.386117552,-0.003936774246,-0.0054656815,-0.01226565771,-0.02143282603,-0.003459774274,-0.019266455,0.001796378856,0.009412783399
4.383999677,-0.00296632958,-0.003742293841,0.003228761281,-0.02942334588,0.0003956082008,-0.02376609738,0.01164517964,0.008820082542
4.401616147,-0.003490178619,0.013112537,0.001609454179,-0.01344913086,0.002346939185,-0.02689070555,0.01739186358,0.008433911896
4.367352219,-0.01007582254,6.988266213e-05,-0.01230022604,-0.001595311851,-0.0003469765966,-0.02156307603,0.008804568768,0.007101094039
4.373629975,-0.01357673479,-0.008234124699,-0.02375823654,-0.02350310681,-0.005194047608,-0.02302813345,-0.006339155661,0.005728940509
4.407891877,-0.01349166665,-0.01286894718,-0.01067518736,-0.02285465438,-0.0008685880278,-0.02644014006,0.004092850134,0.008093730295
4.382113812,-0.008990951719,-0.003985411361,0.00592533707,-0.01244252045,-8.675802366e-06,-0.0227111001,0.02072945425,0.008938176847
4.372258634,-0.009724380292,-0.001296051955,0.004348934864,-0.006055574387,-0.00142076718,-0.02431085217,0.02574011854,0.006454201801
4.380623215,-0.01141441744,0.003007160856,-0.02002393956,-0.02958065375,0.001499405579,-0.02296312555,-0.001088828028,0.00542972613
4.407108248,-0.008605630424,-0.003067415728,-0.02181354789,-0.02674366382,0.0004861335523,-0.02414040435,-0.007168704346,0.007506581593
4.384951636,-0.006428589708,-0.0100143707,-0.006143859032,0.007096327263,0.002550574152,-0.02627091913,0.01058337425,0.01164943706
4.413808617,-0.00878125995,-0.00137867011,0.0106250472,-0.01162613752,-0.003897636019,-0.01727134024,0.01822051196,0.01015732656
4.353444628,-0.006551259229,0.006816424657,-0.005139247112,-0.02377128436,-0.0001625320369,-0.02544040081,0.01220305058,0.00789462767
4.396678331,-0.005115161758,0.005078947532,-0.008070508412,-0.02214953284,0.0062301213,-0.0237580307,-0.001249749055,0.009730901316
4.312611416,-0.003748187871,-0.0005251745747,-0.01976721808,-0.01550295187,-0.003883223604,-0.02521959517,0.008237403677,0.004877206893
4.439877508,-0.004576144129,-0.005668128262,-0.01256351541,-0.01588363414,0.002121000851,-0.01967049704,0.01539448186,0.01090794039
4.273576644,-0.0004501103111,-0.003297810829,-0.001180602106,-0.0100069324,-0.00231826451,-0.02813723324,0.02625768698,0.008764807835
4.578773754,-0.0006100795631,0.01344459577,0.005607472432,-0.0133793663,0.005069175729,-0.02564055261,0.00969150757,0.01313112399
3.618843564,-0.006016643713,0.01087149102,-0.006133588022,-0.01047085566,0.00168097361,-0.01971018589,-0.004054454249,0.005056585308
-1.170434076,-0.001166851666,0.002516516003,-0.01172310013,-0.02667268227,0.002472367764,-0.01801634841,0.0006090060499,0.007152214905
-1.121849339,0.0006484143464,-0.002446674679,-0.01719213721,-0.01186016888,0.003368358864,-0.02742483255,0.01783438302,0.0120962989
-1.191916586,-0.0002129108837,0.001476250966,-0.002236527373,-0.01106464034,-0.001349569089,-0.02387219647,0.02098569568,0.008640913389
-1.15490932,0.001432712863,0.0073181088,-0.004126267636,-0.006035180424,0.00377981769,-0.02426648231,0.008884052315,0.01139788976
-1.186203399,-0.003728144466,0.007464314473,0.002027223861,-0.02039460516,-0.0005219766579,-0.01894960998,-0.005446208589,0.008112425479
-1.142814001,-0.005057254132,0.00909166785,-0.009581385993,-0.01325322441,0.00523053763,-0.02490087552,0.003629535059,0.007024984484
-1.199701251,-0.0009081926361,-0.0001603279918,-0.01016302223,-0.01180915267,-0.003176680098,-0.02251657306,0.02216894321,0.008341611741
-1.185134996,0.002987445436,3.32564597e-05,-0.006296051638,-0.01572937817,0.004279406242,-0.0214030568,0.01656693659,0.01264175529
-1.164175137,0.001252887735,0.004164118736,-0.0008412011096,-0.02042041832,0.001207023114,-0.02533839158,0.01236374554,0.007974842003
-1.144827646,-0.002955203575,0.0133866975,-0.002745513064,-0.0144201571,0.004927191273,-0.02176560963,-0.0009867367137,0.007684316332
-1.178934399,-0.004372970925,0.01148088536,-0.01180037487,-0.00438714379,0.004152805688,-0.0200097943,0.007646793301,0.007710429766
-1.188299819,0.007420168777,0.01064976317,-0.009498393898,-0.0140417133,-0.000494852281,-0.02091760991,0.01504679823,0.01008415377
-1.195929334,0.009693640401,0.009170599622,0.002693292607,-0.01581714566,0.004567995785,-0.02149232986,0.01730350794,0.01332634916
-1.187302355,0.01177661107,0.01090660041,0.00146559871,-0.0133512381,0.003336841061,-0.02353585424,0.01563622895,0.006334702491
-1.205326338,0.008581240054,0.01971727155,-0.003043690101,-0.01366711476,0.008963196623,-0.02079306757,0.001412223199,0.01135381822
-1.213957839,0.003952728165,0.01477894085,-0.01691486523,-0.0114437755,0.003033272098,-0.0211759608,0.001127647256,0.006787688544
-1.18380845,0.0008251505772,0.01138180848,-0.007409838887,-0.01534015772,0.001706643465,-0.01872520529,0.008664984443,0.01106125525
-1.224577819,0.002016630329,0.003765751493,0.007701410113,-0.01179784605,-0.0009847413334,-0.02432936514,0.02055007228,0.01056912147
-1.127648546,0.005706372943,0.01095813527,0.005736330091,-0.01661404526,0.001635536403,-0.02136355479,0.01366588016,0.01115495632
-1.178978138,0.007569642738,0.01611737678,-0.008927929748,-0.0156621271,0.005658238435,-0.02500550468,0.005526460396,0.005505991099
-1.17944212,0.0007903018946,0.01096180202,-0.01668236122,-0.01702168964,0.005532240916,-0.02642125349,0.009280133445,0.006197762588
-1.179893828,-0.001816266374,0.004208370205,-0.008893085002,-0.01363787682,0.0018436419,-0.01854462359,0.01233341159,0.009099415414
-1.168965598,-0.003565955075,0.003411522822,0.00742286407,-0.01483416334,-0.002566043243,-0.01904978702,0.0174752497,0.007850169542
-1.190356442,0.000732911346,0.004182266834,0.01334967797,-0.01178905753,-0.001364023604,-0.02588538128,0.008868867182,0.009448266704
-1.159149007,-4.666329927e-05,0.01057038958,-0.01274739049,-0.02276381357,0.003984247167,-0.02363724355,-0.001047137972,0.007558891578
-1.18599856,-0.0008327750047,0.002534962375,-0.03383126232,-0.01793057077,0.000358349137,-0.02229083298,0.00634110404,0.006000192132
-1.153775014,-0.003113961537,0.005149644692,-0.008962637973,-0.01560808816,-0.002049298407,-0.02702201721,0.008896852666,0.007499047481
-1.192603222,-0.004093094076,0.00119901742,0.01223740202,-0.00654938431,-0.0002449763237,-0.02292224256,0.02036707442,0.01116424958
-1.184949874,-0.003356176585,0.002342122354,0.006132800026,-0.0191148195,-8.164493768e-05,-0.01490355897,0.003620259194,0.00815901267
-1.146832705,-0.001514786887,0.005497037127,-0.01526996174,-0.02159858569,0.004335509725,-0.02936783767,0.004701366488,0.005116472224
-1.162578827,-0.003487394612,0.003365587277,-0.02251061942,-0.0155031453,-0.0002723878098,-0.0250429085,0.0131107416,0.008314036958
-1.178694658,-0.002593671027,0.005498911487,-0.005337512477,-0.005755408165,0.003045206924,-0.02181846298,0.01663717368,0.006952508806
-1.210691976,-0.0001410297992,0.0002021767276,0.006371543398,-0.01879567654,-0.0008102192685,-0.02108166858,0.009747588998,0.00905771062
-1.17755449,-0.003007288491,0.006333874671,0.004029840779,-0.02827967476,0.004713881204,-0.02404746976,-0.001008435582,0.005814606126
-1.158316719,-0.005070991904,0.008235073971,-0.0160229596,-0.01000508777,0.001075742624,-0.02733640767,0.01131698141,0.007294472011
-1.196293728,-0.005153298249,0.004704837225,-0.01121138096,-0.005367583281,0.0007890937677,-0.0231212666,0.007087403644,0.007704725488
-1.206696759,-0.003847196284,-0.002789734468,-0.005511538426,-0.01821701335,-0.005805789317,-0.02194651547,0.01116184995,0.006642701188
-1.155572069,-0.005541573505,-0.008057203856,0.001134821139,-0.03125094408,-0.001518273007,-0.02281270487,0.009938881431,0.01118441194
-1.194511414,-0.01212239428,0.002804722761,-0.005400877583,-0.01234600685,0.002761921793,-0.02798943252,0.007487244068,0.006298662375
-1.219765482,-0.01431471577,5.339318992e-05,-0.0190661777,-0.0108110601,0.000337436696,-0.02605511804,0.005518636633,0.006318406187
-1.185376225,-0.01006754432,-0.005015224188,-0.01696629008,-0.01973790864,0.0001348159045,-0.01857607677,0.004002621157,0.007816665311
-1.171585343,-0.01327979111,-0.01379281027,-0.001657064506,-0.01464106991,-0.004580922931,-0.02510862699,0.01436252668,0.01004806687
-1.136314029,-0.01026001597,-0.003431194514,-0.000608227864,-0.009260698408,-0.003042296885,-0.02503956696,0.01336815733,0.009216591872
-1.165543583,-0.006106583365,0.0003576377418,-0.00527374699,-0.01515899798,0.002276285951,-0.0255434236,0.01141538086,0.006558093891
-1.212209673,-0.006696138598,0.004060047266,-0.01881049709,-0.02479626076,0.003164602587,-0.02602693523,0.003780045807,0.005381449117
-1.200345684,-0.007279806744,-0.003317622772,-0.008133942712,-0.01795831293,0.002899809434,-0.02055440826,0.004074914769,0.007116432576
-1.151716812,-0.006790122034,-0.007418374728,-0.008080355528,-0.00832339626,-0.004160774492,-0.02295129913,0.01322006645,0.008881941831
-1.132596822,-0.005912497071,-0.003417492298,0.002241992717,-0.01197337402,-0.001327310979,-0.02166042278,0.0140686928,0.01141579332
-1.204633958,-0.00440983918,0.003160684298,-0.008030787336,-0.01998845029,0.0017291653,-0.02634697009,0.007222282905,0.007287273872
-1.132234476,-0.003621907061,0.007995689797,-0.01037994951,-0.02026800929,0.004615888227,-0.0240486571,0.008588772519,0.008030120654
-1.207346206,-0.003125524266,0.00387275473,-0.01117022708,-0.01307359896,0.002978460776,-0.02303999611,0.009442954125,0.005983850335
-1.19425129,-0.0009070857205,-0.003022281273,-0.002575216435,-0.01366486242,-0.001497008964,-0.02324039293,0.01155986249,0.009810435733
-1.195082134,-0.002374689142,0.002216966675,-0.004162456182,-0.01620144641,-0.001190612585,-0.02053454969,0.01200371248,0.009267715854
-1.221185033,-0.0004526701247,0.007812583175,-0.005014210596,-0.01097424943,0.001233063331,-0.02227567505,0.01031988246,0.006843433814
-1.181565669,-0.002321030584,0.01046087128,-0.01142368658,-0.01375718947,0.009103929343,-0.02286939069,0.008982531015,0.00923991678
-1.138808535,-0.003172062217,0.0009870472372,-0.005596640821,-0.02115362658,0.001869149978,-0.02474213598,0.01179692294,0.008231015265
-1.223409757,-0.003296494742,-0.001736039168,-0.007747383866,-0.01467118955,-0.0004379441335,-0.02201864775,0.00696212375,0.01040408761
-1.192680523,-0.001374373845,0.006500557597,0.001608521789,-0.006915637266,0.0001528089146,-0.02067742896,0.007155864777,0.007945627465
-1.179615167,-0.0004597377675,0.009340825399,-0.01034402783,-0.01217159611,0.001249748211,-0.02162281049,0.01134350584,0.007322063903
-1.190452482,-0.002042308459,0.009120336802,-0.005212443139,-0.02087349649,0.003830982233,-0.02109284775,0.009637324504,0.008480396816
-1.20392143,-0.001904675529,0.0004527511682,-0.006083155012,-0.01302945171,0.0009332002671,-0.02772521346,0.01144581095,0.008943345569
-1.148512333,-0.0002240381935,0.002611405926,-0.001733752891,-0.01382526061,0.005499334723,-0.02456646166,0.01141493423,0.01142263062
-1.184494053,7.581194548e-05,0.002752853424,-0.009059210942,-0.01230594305,0.0008148403042,-0.02033142631,0.0144555641,0.007029821266
-1.149357081,-0.000360370397,0.01366118077,-0.00558051108,-0.01406178123,0.004430930003,-0.02223531355,0.007363589151,0.01142127811
-1.233391615,0.007142184628,0.01726126699,-0.003861449725,-0.008172704747,0.005380820195,-0.02223702546,0.005936357474,0.00905529238
-1.212753674,0.009179679095,0.01264915319,-0.001512761632,-0.01705199729,0.004181167759,-0.01886501317,0.009624549057,0.01039115018
-1.18001595,0.008517781412,0.005413871638,-0.004168842642,-0.01118146184,0.002055860027,-0.02164618699,0.01230748198,0.011418485
-1.169518457,0.009186909162,0.01131241281,-0.00241807786,-0.00909067065,0.00110910498,-0.02484092925,0.01299101687,0.007790886051
-1.201348293,0.007219611288,0.01464688066,-0.009179864143,-0.008800321768,0.004889967216,-0.0232166292,0.0104386734,0.009270517018
-1.151021773,0.002712380737,0.01431699139,0.005421977383,-0.02531304949,0.002031580109,-0.01998864608,0.005452033441,0.007028720703
-1.1624997,0.002026058245,0.01437374766,-0.000472461285,-0.01976591446,0.005325238881,-0.02627122389,0.01104626036,0.008895923002
-1.200378114,0.001837164002,0.007198942244,-0.00712301163,-0.003008218723,-0.001202489561,-0.01766834957,0.01685021559,0.008614937098
-1.179231309,0.007200189129,0.007849379474,-0.01806008822,-0.008419000665,0.003103422598,-0.02433789335,0.005132051616,0.008574181626
-1.161258904,0.002640736529,0.0065349028,-0.003110688383,-0.02330619443,0.001003953036,-0.0232986644,0.00976403433,0.008619363078
-1.211100289,0.0007535332479,0.01368227541,0.00717694539,-0.01702399705,0.002986130073,-0.02233992381,0.01435467803,0.008114021949
-1.168038241,-0.002190169248,0.00939917008,0.002576110217,-0.005110087728,-6.03054946e-05,-0.02466526414,0.01566748168,0.008489224584
-1.157876456,-0.001958083713,0.003370406809,-0.01321578853,-0.02162220084,8.404057976e-05,-0.02149779615,-0.0003725045959,0.00472590515
-1.168132377,-0.0002325318009,0.001736572198,-0.01512607114,-0.02000214875,0.0006661994674,-0.02203958688,0.006940302201,0.006587111333
-1.131074727,0.0003619429902,0.006129740975,-0.004175636127,-0.009301882002,0.0004879105234,-0.02498730335,0.0172925827,0.009381235245
-1.136214365,-0.001982509093,0.01011530568,0.008073146543,-0.0138444573,0.0009193067932,-0.02561348906,0.01062043157,0.0095067972
-1.174866779,-0.00667161967,0.001195420662,-0.01126390239,-0.02913882323,-0.001650540604,-0.02108588428,0.00709804785,0.007848222713
-1.16327574,-0.005788462705,0.003162488476,-0.01200301108,-0.01556827583,0.002581570235,-0.02254713326,0.007193953552,0.004839076917
-1.187241547,-0.001315682745,0.003087791667,-0.01014690688,-0.001101492043,-0.001411544186,-0.02458031408,0.01299176029,0.008341339293
-1.137232886,-0.0002338706045,0.003108370234,-0.004453853569,-0.02249871405,-0.0006767520428,-0.02024796148,0.008779755342,0.009082977913
-1.180317814,-0.0006659995991,0.00370945109,-0.001214095314,-0.02739168675,0.001346754773,-0.02395094774,0.01040103551,0.008163694604
-1.157227784,-0.004048338048,0.007317552948,-0.002981401415,-0.01267910065,0.004177818075,-0.02556726617,0.008115132844,0.008369350802
-1.176166718,-0.003648664035,0.005118399075,-0.01015591335,-0.002097135494,0.00221377628,-0.02166224942,0.009988112261,0.005122789668
-1.172628585,-0.003821616804,-0.0002050241633,-0.01411006232,-0.01954237209,-0.0006433683759,-0.02015645217,0.00570584661,0.008364529305
-1.167019911,-0.002703971877,-0.001159029119,-0.004326279217,-0.01966593396,-0.0002183144064,-0.0241439299,0.008726453369,0.009020933122
-1.176596503,-0.001881587835,0.009572616637,7.356503894e-05,-0.01496172331,-1.738811553e-05,-0.02486155062,0.01368481546,0.009318942768
-1.16036167,-0.003431390336,0.004903614832,-0.00692182195,-0.0125701782,0.001444501827,-0.02360647551,0.01098488603,0.008171486673
-1.145227592,-0.01322367258,-0.00795781244,-0.01307361217,-0.02509477072,-0.002476440695,-0.02551850088,0.004283616637,0.004450830126
-1.176675466,-0.01284104083,-0.0102845691,-0.01153540227,-0.01568549364,-0.001073406031,-0.02505008091,0.009117928884,0.007133721857
-1.143205024,-0.01182660601,-0.004082138885,-0.004369643163,-0.01306890716,-0.002008775749,-0.02404711447,0.01318241261,0.009777342274
-1.152811248,-0.009771424908,-0.001929123814,-0.004884174209,-0.01680028171,0.0003092975487,-0.02324399973,0.00691224124,0.009131286502
-1.184473977,-0.01129192447,0.0002552948072,-0.005476006383,-0.02171539453,0.0009507822752,-0.02280489245,0.003487397826,0.00702336875
-1.164690693,-0.01095581775,-0.004720454513,-0.01337850265,-0.01573644215,0.001468560754,-0.02328362022,0.009110313833,0.00508043935
-1.121350591,-0.007272553317,-0.006992703862,-0.01349006444,-0.01721078315,-0.001883025203,-0.02052398041,0.01223503096,0.008417054274
-1.156622233,-0.005731666104,-0.000141056122,-0.008080125723,-0.01190177708,-0.0001403926657,-0.02466902385,0.008562382989,0.01047642166
-1.189663709,-0.009284945228,0.0005806968492,-0.0002216578489,-0.00668101063,-0.001188503355,-0.02641889694,0.01179019412,0.009155018477
-1.16151152,-0.00684698463,0.001570874809,0.0003984721183,-0.01486335334,0.0001636798846,-0.02211179418,0.005034734302,0.008523799574
-1.185852961,-0.00600823176,0.001891966779,-0.01402256545,-0.02657436045,0.001862706234,-0.02164304188,0.006419194204,0.008576448081
-1.130559879,-0.005370759005,-0.001000081062,-0.01375862245,-0.01876996963,0.002162340257,-0.02386662973,0.01430155752,0.006134167502
-1.210625099,-0.003794183018,0.004500878087,-0.005896528597,-0.0008742872093,0.002336111557,-0.02445724869,0.01896503452,0.01084517114
-1.066737408,-0.0009202141076,0.001813964082,0.001369628683,-0.01580359149,3.041991504e-05,-0.02032665288,0.006041839875,0.009251989241
-1.198702377,-0.003204106029,0.001468379283,-0.003112053637,-0.02561236222,0.0013566029,-0.02045754022,-0.001030166753,0.008045795825
3.525366121,-0.001792440956,0.002883156144,-0.009556936114,-0.0116958617,0.001003315655,-0.02361470828,0.01181501492,0.007897433885
4.613298773,-0.002606997881,0.007162066947,-0.009770317134,-0.001766085113,0.0001194834536,-0.02419943308,0.01475663296,0.008382289399
4.288867311,0.001515154865,-2.338843213e-05,-0.00656009271,-0.01872643523,-0.001073655315,-0.02406359039,0.01005360542,0.009496698354
4.43757842,-0.0005174598103,0.004242311567,-0.002280757581,-0.02659376474,0.003684819725,-0.02048376226,0.003478077662,0.009302492702
4.35347685,-0.0007141853364,0.007529661879,0.001614736227,-0.007645523415,0.004479855695,-0.02467282084,0.01042121885,0.009182493335
4.404076984,-0.001937091627,0.00553736621,-0.007454130231,-0.005645833409,0.001835586238,-0.0228869351,0.01217178634,0.009760232725
4.351140723,-0.00303077284,-0.0009466083199,-0.00984096022,-0.02486909661,0.0006669738538,-0.02020464373,0.01182782003,0.007313479913
4.371711908,-0.002626257938,0.005660941484,-0.01033802203,-0.02405315293,0.001333818986,-0.02262704915,0.01057446393,0.01103920062
4.379194214,-0.0005166512324,0.007429560316,-0.00268883286,0.00226444441,0.002774061538,-0.02314871095,0.01010275701,0.009367320272
4.377328296,-0.0001712537287,0.007103443817,-0.008764544179,-0.01432179955,0.002727954599,-0.0218698372,0.003755357285,0.007795309202
4.381730293,-0.002675303976,0.000841632377,-0.009239114126,-0.02762286273,0.001872881999,-0.02222316433,0.008447728882,0.007002136757
4.359065358,0.004178682318,0.009451157904,0.0009054263047,-0.008508575405,0.004230330899,-0.02355125475,0.01753554247,0.008770622614
4.396144441,0.01074627842,0.01822172865,0.00109394108,0.004273321611,0.004070111969,-0.02276372124,0.01797162928,0.0116958612
4.385295439,0.008138045504,0.01366136841,-0.006880183436,-0.0224612793,0.003422932462,-0.01606618501,0.001404228908,0.00991053217
4.411672231,0.007945821297,0.01150247973,-0.0099597065,-0.02578739466,0.005492025831,-0.02419311913,0.001799314131,0.008131936256
4.363414808,0.006061232095,0.01766727045,-0.001864609853,-0.004620947399,0.004775760138,-0.02264723574,0.01497411155,0.009809272954
4.358328693,0.005976205576,0.01506416682,0.001127455566,-0.002055673719,0.001479294817,-0.02025343118,0.01586278324,0.006953699574
4.399103173,0.003574583537,0.004848431089,-0.005928884804,-0.02253084297,-0.001009364738,-0.01740708208,0.007621829412,0.01055785018
4.395860035,0.002782740173,0.008254904081,-0.005068179537,-0.02266272777,0.002123574492,-0.02575323273,0.004786357408,0.006302661802
4.365798003,0.005340608514,0.012362944,-0.003284548333,-0.006624598338,0.002828714353,-0.02239361457,0.01680968991,0.009646654187
4.338303481,0.004968320994,0.0130440181,-0.004660792805,-0.01301319119,0.0029344412,-0.01935389398,0.01170611744,0.008527520012
4.390074249,0.0007249168791,0.008648091232,-0.006296480303,-0.02660752599,0.0008254150512,-0.0212203112,0.009204181885,0.01016974482
4.323225742,5.570028588e-05,0.006560498673,-0.004055265536,-0.01694411272,0.003473036158,-0.024820363,0.007869053731,0.007536786768
4.419197036,0.0006051440331,0.008454581978,-0.002112518239,-0.003657011786,0.0002750619279,-0.02366354491,0.009419382873,0.008053420393
4.309821351,-0.0005281774155,0.004608476576,-0.00833058703,-0.01552290913,0.0007175780222,-0.02092851385,0.004694087676,0.009246206373
4.498688188,-0.001986084827,0.001277617397,-0.006837598087,-0.02613493406,-0.001136029455,-0.02322743729,0.008355465309,0.006287676451
4.146016611,-0.001819059321,0.004017809973,-0.004196882101,-0.01166483688,6.162399406e-06,-0.02752817204,0.01378726508,0.00988386307
4.726913834,-0.004240893242,0.007225739609,-0.004870886274,-0.007717479831,-0.001396777268,-0.02253997171,0.01010453654,0.006827197055
2.828713144,-0.003925601562,0.0003646854129,-0.008276289699,-0.02096740558,0.0003901800283,-0.02201249231,0.004379986946,0.006417427763
-1.475306949,-0.002197984462,0.00532084253,-0.006544582716,-0.02302361336,0.00358750637,-0.02056495686,0.006300185695,0.006857459313
-1.008405492,-0.000820843921,0.001711685472,-0.001472222534,-0.01130649321,0.00203750163,-0.02570355854,0.01521628916,0.008716952057
-1.317613962,-0.002216987604,0.006232705794,-0.005418240073,-0.01019937233,0.001300007079,-0.02093267361,0.01167674438,0.01020148202
-1.116491192,-0.003674043451,-0.001221417352,-0.008684868878,-0.02181209867,-0.001502647844,-0.02114509756,0.006563734037,0.00682705667
-1.195398366,-0.003093775547,0.008057156142,-0.009306018709,-0.02078544175,0.002453843585,-0.02365062213,0.005988026414,0.008331928271
-1.167755083,-0.002644372935,0.006391332321,-0.004256121825,-0.007987293778,0.000532699471,-0.02520131821,0.01298805313,0.00631771258
-1.219987907,-0.003257306165,0.004918920025,-0.004177279427,-0.01559455091,-0.0009240221343,-0.01967903286,0.009475337564,0.009465874763
-1.14576826,-0.001676399376,-0.001449004141,-0.005492673977,-0.01893382517,-0.001002261181,-0.02397052071,0.008692975346,0.007092736514
-1.193329915,-0.002222646086,0.002069211084,-0.007160789621,-0.01665098867,0.002396776434,-0.02409853842,0.007590210129,0.009052011226
-1.190649939,-0.01058198403,-0.001017296548,-0.007500136018,-0.01144724333,0.001041270472,-0.02513915245,0.009299733581,0.007757218069
-1.179183015,-0.01428479084,-0.003641993816,-0.01033805127,-0.02158959157,-0.001157009993,-0.02155730741,0.004394595918,0.007316852271
-1.185436669,-0.01227548901,-0.005968292842,-0.01012115038,-0.02289728556,-4.228615264e-05,-0.02392910522,0.006820250755,0.007168001852
-1.202684114,-0.0113523496,-0.005322344178,-0.007102848294,-0.01475874903,-0.0009666598563,-0.02366668229,0.01080504104,0.008578077219
-1.174615072,-0.008484956678,-0.005506041541,-0.008608329073,-0.01106040667,-0.001786765031,-0.02539142452,0.0119061539,0.009027038909
-1.16897901,-0.008380831527,-0.003935359244,-0.009552187057,-0.01853070469,-0.003054810557,-0.0229456985,0.009699479413,0.006310391375
-1.12353382,-0.007478202822,-0.0013148377,-0.007606793593,-0.01894687645,0.00290341876,-0.02394557685,0.009381209468,0.009005841296
-1.19460532,-0.007311364496,0.0005778991373,-0.002628013697,-0.01480766318,0.001617417673,-0.02358333538,0.01225964167,0.006444424861
-1.178204677,-0.008408133173,-0.001874682289,-0.007781661898,-0.009376028863,0.001368387562,-0.0243574659,0.00715002757,0.007499044448
-1.183522813,-0.008436879554,-0.002697339284,-0.01353656908,-0.01487957712,-0.0009234679639,-0.01899018307,0.004524110686,0.008390084179
-1.133869047,-0.003781461646,0.001932001428,-0.01285967773,-0.02395815341,0.002108444214,-0.02568476181,0.006763435033,0.01001637036
-1.174811366,-0.004214184311,-0.008461853691,0.001825331573,-0.01374499556,0.002594054874,-0.02319913627,0.01645623387,0.01102071564
-1.200595109,-0.001678664286,0.004764699212,0.006656778164,-0.0232050943,-0.0006792212428,-0.0248601581,0.0121926237,0.006598241305
-1.180198928,-0.003672532255,0.009795235287,-0.009118847557,-0.001447924445,0.0006352848551,-0.02149567568,0.008695229653,0.00859541357
-1.155526656,-0.002296968967,0.005291849535,-0.02537710814,-0.007346308374,0.0007008878639,-0.0228598883,-0.002107235933,0.008718564569
-1.191214711,-0.002421665936,-0.0004218936125,-0.0152869909,-0.0298234829,0.001124566987,-0.02311066108,0.007282335698,0.01004469294
-1.209682824,-0.002463296282,0.0001769505694,0.009864715526,-0.02415773288,0.003710988166,-0.02330294327,0.02559398259,0.01049928019
-1.138765156,-0.000344029308,0.01354167115,0.006655870474,0.0009526983337,0.002802132194,-0.01818421344,0.02389133952,0.006428597078
-1.166024222,-0.0009750638823,-0.003109082512,-0.01541318914,0.00294923467,0.002268775622,-0.02259615785,0.001446158427,0.008924440633
-1.147302438,-0.002901603244,0.0008484187283,-0.01366678265,-0.03494890927,0.0006114965644,-0.02277862109,-0.01337582497,0.005906157951
-1.149891546,0.000497866906,0.01286615771,-0.005740754397,-0.02708907919,0.000488125344,-0.02762950121,0.01678067127,0.01127057882
-1.178894238,-0.0003455625618,0.01887512544,0.002698865634,0.003416797316,0.001511386499,-0.01351836773,0.02177393821,0.01076930897
-1.166859346,-0.0006359425074,-0.004223006586,-0.006254325871,-0.006167916917,0.00145841185,-0.02570928579,0.01115333808,0.00713988943
-1.191420279,-0.003703825794,-0.01217735345,-0.01496807818,-0.04804034841,0.0007302801753,-0.02098361473,0.0007936114957,0.007293050463
-1.207778878,-0.001674303703,0.009774066725,-0.0009283908612,-0.000202106384,0.006172506097,-0.02762535551,0.01125137176,0.00636168268
-1.175541149,0.002161675881,0.01628016872,-0.001554039242,0.01650857987,-0.0003439295084,-0.02106033671,0.01817046976,0.01319166964
-1.198170493,0.004014041696,0.008261955561,-0.006519195884,-0.02862560354,0.0003443130901,-0.01778225066,0.001571096472,0.0129845109
-1.173108444,0.005672288867,0.004243129967,-0.01006500226,-0.04634096022,0.0005912604556,-0.02116717448,0.007553020507,0.006050085606
-1.170249319,0.009226943444,0.01532467351,-0.001463851911,0.003550465048,0.01116725488,-0.02529809699,0.02200726922,0.00678024774
-1.163439941,0.008094180135,0.01968394906,0.005879751552,0.02254485624,0.007946012086,-0.02075130032,0.01639358929,0.01043453129
-1.18071665,0.002378512271,0.01022097035,-0.006670759579,-0.03014444371,0.001090149248,-0.01993544747,-0.002090333997,0.008845542679
-1.204645367,0.007489916109,0.008631605038,-0.002949982609,-0.03531647798,-0.0001153205373,-0.0191018535,-0.002926360584,0.01037706703
-1.189425824,0.006973091464,0.02082861441,-0.0004728186373,0.0007223062024,-0.0005160157384,-0.02978568162,0.02333512456,0.01036123261
-1.210240788,0.00497163666,0.007598622796,-0.005638446896,-0.009978653183,0.004625643104,-0.0172711785,0.02187155699,0.00956838621
-1.198717034,0.004744523712,-0.000558445816,-0.00687702233,-0.03502490722,0.001299758716,-0.02130289012,0.002039438058,0.00419885073
-1.171322884,0.003267385009,0.01457155072,-0.004588954092,-0.01614088978,0.005156674642,-0.02291853514,0.002598642528,0.009455397242
-1.192060245,0.001715948119,0.01661820376,0.001719320661,0.01214618502,0.0007751544163,-0.0225696419,0.01261969211,0.01138718718
-1.176964748,0.001767988995,0.006654176669,-0.005011386029,-0.01383330737,-0.003486459863,-0.01985251204,0.01216293036,0.01114844089
-1.184308486,-0.0002018688426,0.00105216911,-0.008544217846,-0.03994815521,0.003015637144,-0.02360399094,0.01118410945,0.007672809456
-1.22011782,0.0008327983091,0.008822049124,-0.005623803543,-0.00937119492,0.002573043126,-0.02840584453,0.01210671898,0.003021224542
-1.209714069,0.001512474807,0.006505321262,0.001300736737,-0.0002590831857,0.006130115436,-0.02116424408,0.007960871189,0.009344064725
-1.204525369,-0.003941923176,0.005398620218,-0.00723052153,-0.02534727155,-0.001944581754,-0.01594526402,0.001054933462,0.003270564502
-1.170520427,-0.004218837817,0.002539134527,-0.009477623518,-0.02250786955,-0.003192310292,-0.02792585628,0.01016964692,0.01060134271
-1.140779757,-0.004742352196,0.003970879964,-0.006278780573,-0.003678387247,-0.001823813644,-0.02671976456,0.01513971514,0.01350278549
-1.143483774,-0.00175000568,0.004379195929,-0.002157155727,-0.01342092728,0.002590131817,-0.02754353176,0.008415739694,0.008420881453
-1.20096082,-0.001875096947,0.0009249927418,-0.01003221044,-0.03769705867,0.002945256682,-0.01516370065,0.004585549009,0.005954169087
-1.175008407,-0.005091038459,0.0116654105,-0.003349837051,-0.01303367188,0.002684738277,-0.02486775448,0.01194252289,0.004579841813
-1.1868779,-0.006425508677,0.004870188413,-0.002700506752,0.003973360288,-0.0005223859952,-0.02389454122,0.0143753163,0.01102432464
-1.159997747,-0.003972595398,0.002046833202,-0.009693535632,-0.02469653065,-0.001928965046,-0.01913632737,0.01045587585,0.008324308213
-1.130637433,-0.003615293674,0.002108327718,-0.01027657624,-0.02732245881,0.001260942704,-0.02253040984,0.008783369925,0.008927465706
-1.170955081,-0.001092593086,0.008781543547,-0.002321204661,-0.003005511379,0.005339428327,-0.02921157565,0.007420593398,0.007248996886
-1.181448518,-0.001115271721,0.00308962744,0.004416938954,-0.004850720512,0.001617450652,-0.02225623024,0.007122487219,0.006869146761
-1.169555783,-0.003392369225,0.003183440385,-0.02381074916,-0.03721618522,-0.00431822072,-0.0185117893,0.006334292863,0.004146272347
-1.218498098,-0.007906341666,0.0006601020261,-0.02509415848,-0.01487150132,0.0008326860662,-0.01980517668,0.008882683993,0.008512236556
-1.169996281,-0.01127798772,-0.01270612168,0.01196762641,0.0131652168,-0.003830073404,-0.04063817017,0.01006613717,0.01005054339
-1.169549991,-0.01016140963,-0.004361763515,0.01953078034,-0.04145509929,-0.0005848826375,-0.0203372699,0.01004987043,0.01102021189
-1.132759184,-0.008927529358,-0.005447696333,-0.01922171728,-0.04070244961,-0.002136437654,-0.01894907561,0.0103814106,0.001166549183
-1.17007699,-0.01137068796,0.005099825052,-0.02916560819,0.006678912027,0.006228653426,-0.02999350825,0.005251458549,0.008264059089
-1.15249733,-0.01104486846,-0.00532387686,-0.0213326277,0.006469474714,-0.003757684085,-0.02768915661,0.01411609359,0.008408601443
-1.201977201,-0.01203248522,-0.008546786888,0.00337514108,-0.04644601429,-0.003223252119,-0.006807752254,0.005089770364,0.009858065092
-1.171818351,-0.005708877643,-0.004626314518,0.01732494404,-0.02304488796,0.005311765612,-0.02961838213,0.01055799633,0.007216211094
-1.192237544,-0.005776858995,0.003127460734,-0.00575562502,0.003676324281,0.0008989912509,-0.02813850309,0.01469117079,0.01001694146
-1.185519879,-0.009221633315,0.0009839205749,-0.03598376501,-0.008982645593,0.001581934239,-0.02094153068,0.00476847151,0.004951429357
-1.188493705,-0.006197279231,-0.007372638718,-0.01992468628,-0.02893762226,-0.009856586156,-0.01922861774,-0.001984420104,0.006829169601
-1.184830954,-0.001744693238,0.007151152468,0.0167890125,-0.01327255866,0.005295545039,-0.02409616464,0.0152320158,0.01416106835
-1.199717259,-0.003676719503,0.00481113874,0.01048663668,-0.01441024587,-0.001032798763,-0.02487793972,0.02638298955,0.009033669051
-1.184111846,-0.004982468119,0.001004132784,-0.01861113777,-0.01995291342,0.008453979806,-0.02533944783,1.953798403e-05,0.007511511764
-1.185759208,-0.003776399669,0.0001413757829,-0.02293787829,-0.004417991964,-0.002754581444,-0.02524492563,-0.001324700479,0.003653572479
-1.155202442,-0.006266950339,0.005194085655,-0.007972928372,-0.008445413898,0.001656934592,-0.02028506532,0.01743689309,0.01185049863
-1.156469168,0.0007516681035,0.003467519089,0.01137569393,-0.01625754788,-0.001008050943,-0.02285813262,0.01489601453,0.01119067098
-1.120515403,0.001653861606,0.003098372511,0.0003015353147,-0.03777818898,0.001742989305,-0.02444695906,0.007461561341,0.008481627131
-1.16849266,-0.002029085876,0.01058115741,-0.01493924087,-0.006277606015,0.008837423686,-0.02298701094,0.01362308461,0.003984599584
-1.154734038,-0.003567016803,0.003537750107,-0.01497949208,0.003180385051,-0.0006866985403,-0.02231751631,0.004431671625,0.007722446726
-1.184827833,-0.00185911373,-0.004491570831,-0.007780182729,-0.01149509048,-0.0006101431717,-0.02127741879,0.001491808204,0.01272821851
-1.172080193,0.0008730975258,0.001205972144,0.002713419144,-0.03562468141,-0.003782610883,-0.02156102991,0.01984334919,0.009722437803
-1.160918028,0.0001436375067,0.009417731464,-0.000893871791,-0.0094054077,0.008789048514,-0.02830341366,0.01926120978,0.0122215378
-1.153364019,-0.001407570031,0.008706421777,-0.01037334367,-0.00450175884,0.004902457574,-0.02282615866,0.006951244285,0.005729354371
-1.185795906,-0.0006807245937,0.005727141405,-0.01969763463,-0.02181990315,0.001997053594,-0.01622292894,-0.00187181852,0.005377936162
-1.165331282,-0.0005464334938,-0.004837640825,-0.0003845500761,-0.01780419291,-0.005264795554,-0.02154283114,0.01468489365,0.01076379799
-1.197314035,-0.0005859311873,0.01012700478,0.01027618849,-0.003497169309,0.003506153091,-0.02765695375,0.01790807245,0.01344226447
-1.161221422,0.007711591441,0.01507655576,-0.003033285434,-0.01340599409,0.004390240793,-0.02164784033,0.01467814533,0.008847934086
-1.185862567,0.007308461991,0.01809625968,-0.01634438387,-0.02911134077,0.008351836163,-0.01890192634,0.002278644562,0.0064367641
-1.189346146,0.006829809615,0.01200598865,-0.005757861116,-0.00424847856,0.007888756844,-0.02556239279,0.005629766634,0.007004373625
-1.170786418,0.006042332908,0.007855760491,0.007354438411,-0.003977570756,0.001454279706,-0.01790255578,0.01591514919,0.01082593289
-1.151522809,0.00881504292,0.01517488078,0.002445898758,-0.0182243911,0.002898144921,-0.0188422906,0.01325275838,0.01110770221
-1.175908513,0.007060755823,0.01123338846,-0.01163533256,-0.02199918062,0.001793121707,-0.02358605819,0.007397941149,0.007203597064
-1.132118678,0.004871124353,0.01842812922,-0.01360673327,-0.006657173607,0.006156411937,-0.02656489199,0.00589011395,0.009855517863
-1.176888719,0.0009196054326,0.004203648061,0.0007369763416,-0.009896237288,-0.001511084431,-0.02188843712,0.01702615794,0.008659400344
-1.136903782,0.004004545625,0.007451747963,0.006127073374,-0.02565079576,0.00379476449,-0.0218266193,0.01017056799,0.009765127919
-1.186807967,0.004333857257,0.01047443171,-0.001111182904,-0.01389961525,0.001529398885,-0.02010961362,0.01379648382,0.009104429016
-1.128635786,0.001418420209,0.0164102965,-0.01727413376,-0.009648940586,0.003875243308,-0.02566342739,0.007642007627,0.006022516947
-1.165991466,-0.0005094044726,0.003816740665,-0.01125146823,-0.01670160303,7.29705521e-05,-0.01976530223,0.006828631213,0.009611898552
-1.145532819,-0.001198077727,-0.0005727503885,-0.005500193538,-0.02550287591,-0.00205828397,-0.02424971437,0.005786892632,0.008029335068
-1.197899507,-0.001417033763,0.00175852027,0.006617728014,-0.0109283843,0.003120564493,-0.0224404999,0.01730613905,0.009653200287
-1.111611737,-0.001478887422,0.00749679597,-0.005072463696,-0.003431431987,7.264407623e-05,-0.02598680928,0.009950979722,0.004960887055
-1.302401481,-0.0007974676977,0.01100220263,-0.01467819923,-0.01986414048,0.0007157925409,-0.01953657363,-0.001555435304,0.005956444274
-0.5684108377,-0.004419875346,-0.002671610226,-0.01580312503,-0.02597004154,-0.002427025241,-0.02457894924,0.005637964713,0.005973682843
4.245369005,-0.003821232315,-0.001281263767,0.008041740709,-0.01424125727,0.0001170981471,-0.02449689316,0.01740435665,0.01096318976
4.43028969,-0.000971796625,0.004840896665,0.00807211252,-0.01630815672,0.002170981435,-0.02702887643,0.01828023525,0.01000694799
4.404612382,-0.002913308728,0.006178406957,-0.01293204954,-0.01845456097,0.00106812997,-0.01705299956,0.005981432168,0.00641337162
4.373092998,-0.005124743382,0.007908125975,-0.02447619168,-0.009008974514,0.003344239638,-0.02079769799,-0.001678535644,0.005659024475
4.417779163,-0.003527345655,0.00241058743,-0.004780699323,-0.01123394062,-0.001823526547,-0.02369380562,0.006341469116,0.006315059041
4.403621945,-0.00410226662,-4.402164504e-05,0.008787776879,-0.02100162761,-0.0009511756305,-0.02315471999,0.01790686678,0.01292544497
4.404411955,-0.002821716997,0.002552522916,0.003506799672,-0.02020417806,-0.002011272826,-0.01948200238,0.01761959577,0.006845286043
4.375583681,-0.001582072813,0.005061858565,-0.01275022,-0.01250201346,0.002940360314,-0.02640056252,0.006310221526,0.008234300974
4.371753648,-0.003412387353,0.006012989467,-0.01602208235,-0.01127350697,0.001135091089,-0.02396527332,0.0006648930507,0.004236693195
4.360262206,-0.005068432958,0.0001654741518,-0.007913467955,-0.01823428306,-0.0002294491784,-0.02094059042,0.007512115489,0.01060164435
4.366625003,-0.01402768018,-0.005150664982,0.002928595471,-0.01791546084,-0.001606956062,-0.0231608824,0.01172674237,0.008549402419
4.411308425,-0.01354217773,-0.005865439912,-0.004113944808,-0.01890689331,-0.003890183018,-0.02472459974,0.01617471467,0.009249421975
4.365942765,-0.01127537857,-0.002919939478,-0.0168514477,-0.01799914283,0.002102387477,-0.02398287883,0.005604910744,0.007625226071
4.382709003,-0.009293021798,-0.005226317167,-0.01653633927,-0.01424030997,-0.002760914667,-0.02518645857,0.001134081592,0.004224604691
4.401830941,-0.008922943796,-0.009453899551,-0.006972281095,-0.01856553581,-0.0007468654135,-0.02220022602,0.004742461826,0.01007741743
4.395501447,-0.00999965326,-0.002892117199,-0.0001620536331,-0.01814369715,-0.0003835932579,-0.02471557589,0.01610041689,0.007250522259
4.361569608,-0.008466555845,0.0008361081604,-0.004999565777,-0.01747038739,0.001087196216,-0.02509944634,0.01231784173,0.01066838834
4.361000604,-0.006889173716,0.003656293204,-0.0133228774,-0.01422298472,0.001299627313,-0.02483445666,0.004356869844,0.006584710649
4.388211064,-0.008496832584,-0.003093496736,-0.0126411049,-0.01536290099,0.001776520889,-0.01988133475,0.004263082555,0.006683504999
4.41011703,-0.007032631082,-0.003529590218,-0.004443239487,-0.01551007737,0.0001932562297,-0.02209642317,0.006978075534,0.00994629303
4.382554071,-0.003330559223,-0.0003420998489,-0.0008798110305,-0.01504281705,-0.001077861909,-0.02409079141,0.01680373511,0.01009396759
4.391922611,-0.002943937448,0.004128344567,-0.006281074059,-0.01800766959,0.0008391718456,-0.02430013676,0.01126957382,0.008838538558
4.328959638,-0.003774485325,0.004320621922,-0.01105304669,-0.01356759341,0.001204887265,-0.02290268774,0.009566994383,0.006628341078
4.432587821,-0.002995365128,0.005153451587,-0.008797463801,-0.01403769512,0.00148279334,-0.02204788408,0.004033243059,0.007878324854
4.280737605,-0.002508001384,-0.003392177959,-0.003554825118,-0.01589620996,0.000986410815,-0.02234804835,0.01359879373,0.01021337341
4.495261473,-0.001456836849,0.004101804828,-0.0008458340899,-0.02069878694,0.003919600308,-0.02400378579,0.014752101,0.01040434891
4.132593666,-0.001530869564,0.006618163987,-0.002830370495,-0.0119516057,0.004176882978,-0.02314522196,0.01141741676,0.007591846606
4.852232289,-0.001210249595,0.009464889972,-0.01191822898,-0.01540581958,0.003122220619,-0.02247160595,0.003569835799,0.00813732488
1.985144938,-0.001752954612,0.0003071784584,-0.01082668145,-0.01365510001,0.001212444281,-0.0196555368,0.005078174362,0.007289288208
-1.638659361,-0.002526568408,0.001726584692,-0.00398251095,-0.01445386141,-0.001365337614,-0.02290945307,0.01194875919,0.01285433738
-0.9777527688,-0.000151198081,0.003816456416,-0.002181716725,-0.01205202384,0.002521075154,-0.02294351214,0.01716867921,0.008607112225
-1.333345114,-0.0004092612588,0.006626001299,-0.004278812796,-0.01460551838,0.002691386643,-0.02195490634,0.01269521304,0.007871614266
-1.087957593,-0.001475308609,0.006138840725,-0.008905512925,-0.01474863207,0.003964293023,-0.02436941616,0.003327212959,0.007906433189
-1.218866956,-0.002712630441,0.00318808441,-0.0078956516,-0.01532764689,-9.423019905e-05,-0.02207601552,0.008813446298,0.008833150959
-1.093853391,-0.0008718510566,0.004111434566,-0.006618857843,-0.01353655959,0.003613239158,-0.02123800152,0.01152227848,0.01129600283
-1.206920111,-0.0005320718065,0.005467018903,-0.002703357962,-0.01362910568,0.001845244738,-0.02128855967,0.01398695535,0.0100395726
-1.209176007,0.00510822398,0.01065909604,-0.00509515505,-0.01598897759,0.003405244172,-0.02302046193,0.006513161461,0.008640308722
-1.177488516,0.008845586842,0.01599301907,-0.005742723291,-0.01225374,0.002900072835,-0.02131586636,0.008083202995,0.00771355112
-1.189104021,0.00712209002,0.01247607365,-0.004523011774,-0.01092462312,0.003737476789,-0.02308686081,0.009246880939,0.009922458969
-1.156370822,0.007711269072,0.009912005788,-0.002052122247,-0.01105757605,0.001601482344,-0.02210725494,0.01628465898,0.01002853044
-1.207490677,0.007643351081,0.01312601825,-0.0006886715904,-0.01822190691,0.005157890222,-0.02056105064,0.01281097544,0.009066410687
-1.153934979,0.007225577635,0.01360299171,-0.0004552017806,-0.01104387677,0.005943278194,-0.02327390529,0.008685375996,0.009952560608
-1.195370155,0.003945232036,0.0138408891,-0.006699635052,-0.0129769341,0.002796064837,-0.02187776191,0.005307182613,0.007163993501
-1.182724063,0.001305202382,0.00460967158,-0.009441771287,-0.01250613945,0.002374872008,-0.02169872698,0.009810472805,0.01027830487
-1.180851818,0.003448815149,0.008450916774,0.001512900854,-0.02361234363,0.0005957433126,-0.02366082474,0.01320695524,0.009393812817
-1.207417779,0.005787715746,0.0161730528,0.0009302790298,-0.01299308384,0.002800687784,-0.02321883745,0.01671750155,0.01027315169
-1.186756529,0.002740799941,0.008009328994,-0.009065872084,-0.00433974969,0.0009651098045,-0.01876301949,0.009357169192,0.006317884378
-1.168728715,0.0009328926113,0.006083831437,-0.01299080011,-0.0193193807,0.001764655996,-0.02447488795,-0.0004909857233,0.006491690101
-1.185708406,-0.001555803574,0.0001639336884,-0.00117111908,-0.02444240039,0.0008113362686,-0.02423743968,0.01390361238,0.007877742633
-1.19931035,-0.001388115529,0.009902131042,0.00180270847,-0.009629356677,0.002972786364,-0.02187916809,0.01916546634,0.00872699042
-1.198374938,-0.001502816737,0.008319641216,-0.007433028201,-0.006236891381,-0.001226981383,-0.02202902766,0.01182440691,0.009777343231
-1.211935074,-0.002193411244,0.004923997042,-0.01517515304,-0.02775625923,0.00143307294,-0.02388598236,-0.006971626966,0.00625028887
-1.177376691,-0.004680356711,-0.002983696148,-0.009014927677,-0.02330229323,0.00219149927,-0.02375582865,0.008914884683,0.006780775456
-1.232860118,-0.005522132037,0.004997891763,0.001809677189,-0.003519704492,4.506428291e-05,-0.02375099633,0.01836566446,0.00770985471
-1.183918762,-0.003161799782,0.009998097486,0.0001974290862,-0.003976486608,-0.001721013511,-0.02230142755,0.01095654185,0.008622264695
-1.166033896,-0.003692701262,0.002838612869,-0.016140593,-0.02693913453,-0.0008323471599,-0.02339868369,0.002179637158,0.008441578112
-1.221375618,-0.002704719732,0.005190492617,-0.008312240702,-0.02625709421,0.003252115207,-0.02687048446,0.006269132445,0.007927413786
-1.199651274,-0.003647663462,0.00208185138,-1.776462014e-05,-0.00808373633,-0.0008725381118,-0.02574273245,0.01914789079,0.007028878848
-1.132541372,-0.002671828979,0.0041845553,-0.003457528446,-0.01014367476,0.001780017929,-0.01934994524,0.01402020723,0.009130602066
-1.162600575,-0.003010104373,0.00319018053,-0.01157934287,-0.02055201684,-0.0007116777068,-0.02057252572,0.004347623434,0.009004435019
-1.202091857,-0.00382831264,0.00787643,-0.008792391391,-0.0159586547,0.004622089261,-0.02727196611,-0.0005510445899,0.007342957169
-1.176317684,-0.004151469476,0.006850750783,-0.002514332375,-0.01052158495,0.0007232244878,-0.02312567691,0.01161854629,0.0072064629
-1.188159065,-0.002970080249,0.001135629757,-0.003559570787,-0.01920119165,-0.0003127370394,-0.02158000889,0.01511429172,0.008836649216
-1.191006527,-0.007695119197,-0.009022436623,-0.005965139185,-0.02225870053,-0.002644020535,-0.02360155005,0.01051066703,0.006511774003
-1.182618785,-0.01190942074,-0.006167612955,-0.0127806851,-0.01734184949,-0.001487948275,-0.02772835276,0.006597675338,0.005430584529
-1.187126281,-0.01196510105,-0.001765655964,-0.01232684051,-0.01005935288,0.001337412621,-0.02316148446,0.007282926768,0.007943903017
-1.19978519,-0.01182045555,-0.001923155782,-0.008399988949,-0.01769719419,-0.0006636933661,-0.02332363008,0.004976224156,0.007390929664
-1.186682907,-0.009332968863,-0.006317729723,-0.006421735853,-0.0224195165,-0.0001370730201,-0.02386127646,0.009819111498,0.008650060334
-1.215344427,-0.009230494177,-0.004741306076,-0.006990828376,-0.01608735497,-0.001803814,-0.02580069061,0.01231030164,0.009584086326
-1.159192566,-0.007130007213,-0.001991645832,-0.009686817104,-0.009711960862,0.0003175009584,-0.02386195166,0.007643381182,0.007530973914
-1.179890116,-0.00725857967,-0.0005642087508,-0.009611464953,-0.01984077267,-0.0006380719067,-0.01988570511,0.0102136529,0.007589896518
-1.16880632,-0.009112740562,-0.0006786610172,-0.00884877377,-0.01887289577,0.002062233901,-0.02296679347,0.008541672066,0.006376644662
-1.183623072,-0.008418797833,-0.002166181627,-0.004509677393,-0.009093963881,-0.001589511464,-0.02519010391,0.008752410537,0.009125267634
-1.226586082,-0.005290723143,-0.001011638127,-0.003779750375,-0.01432290247,7.812531448e-05,-0.02241359362,0.007044389194,0.01081392815
-1.167554599,-0.004220938783,0.0004819281663,-0.008882908226,-0.02079019161,0.001243785135,-0.02258319384,0.0111229267,0.007231321864
-1.147891853,-0.004327386718,0.003786472317,-0.007519828591,-0.01585650229,0.004158184246,-0.02360829708,0.009419249944,0.007323636695
-1.176596986,-0.003995377439,0.005595678734,-0.004852481449,-0.007864058356,0.0007430764567,-0.02345927156,0.01027512966,0.009584247898
-1.169941888,-0.003598710762,0.004559606845,-0.006260383926,-0.01790634425,-0.0008247594615,-0.01982215585,0.007555598452,0.008274582002
-1.159672408,-0.002745576466,0.003156483492,-0.004992329914,-0.01793993479,0.001076745153,-0.023289933,0.009218807082,0.009373658789
-1.164859397,-0.0001952537184,0.007606436448,-0.005218694968,-0.01227661387,0.003568665183,-0.02457369311,0.01073050127,0.007957674508
-1.193642278,-0.0005115433942,0.003848170194,-0.004937886113,-0.01265730144,0.001355862352,-0.02303628777,0.0138294359,0.008590656658
-1.190707972,-0.00120417601,0.0003271474132,-0.006468455597,-0.01813323976,-0.0002635204852,-0.01928757324,0.009839894354,0.008499151597
-1.193937549,-0.001920806042,0.004336758687,-0.002308411326,-0.01359103376,0.005957009111,-0.02229515322,0.01019645948,0.009110940615
-1.20173459,0.0003636728808,0.005655423153,-0.005940678525,-0.01090636142,0.003684645312,-0.02357770867,0.01257442315,0.009268517657
-1.199928167,0.0006543699515,0.008080177907,-0.009558808842,-0.01540181613,-0.0007180212477,-0.02138631129,0.005511613022,0.009561687633
-1.181877304,-0.0005481146802,0.00395282448,-0.009022447054,-0.01198695117,0.0003502665353,-0.02333050642,0.006642336664,0.009280837401
-1.186853567,-7.896852187e-05,-0.00353826266,-0.003191406254,-0.01657582899,0.001168111746,-0.02179960081,0.01404486288,0.009072995701
-1.1765177,-0.0003033218409,0.01038124319,0.0007318842837,-0.02474006784,0.004688826357,-0.02397007543,0.0143816684,0.008816939299
-1.212143801,-0.002725783088,0.005325779181,-0.008617939971,-0.008546692098,0.002098598952,-0.0245379046,0.009729038689,0.006897749994
-1.139159907,0.002691502915,0.00607762883,-0.01004705975,-0.006089341224,0.002843920749,-0.02047125045,0.003687334528,0.009454821339
-1.239694755,0.006479128835,0.01214100301,-0.008256216942,-0.01794685573,0.002206398321,-0.02147443265,0.009977948602,0.01165009856
-1.181230295,0.008316523719,0.0185108222,0.002258253419,-0.02175411378,0.005241619219,-0.01989457069,0.01734435486,0.0106611927
-1.177079897,0.009589972022,0.01502925868,0.004060752411,-0.0009034205176,0.004352527543,-0.02233923646,0.01470240326,0.009511835925
-1.152699636,0.006837765377,0.009675376829,-0.005341123215,-0.0168770898,0.001819500181,-0.02073797473,0.005918657058,0.008461074316
-1.177738982,0.005924209172,0.009309752008,-0.005774993778,-0.01888223371,0.004605329201,-0.02263642936,0.004031837464,0.006699763813
-1.165814431,0.006364168663,0.01543580124,-0.001148731304,-0.008362447225,0.001416029074,-0.02520040748,0.01401116173,0.01096018966
-1.149390734,0.004158603784,0.01726003349,0.0006970116003,-0.009970765587,0.001933228709,-0.01949855667,0.01318586668,0.01253290671
-1.21118177,0.002206874116,0.0079917922,-0.006917543822,-0.02762857405,0.0007982405954,-0.0232782529,0.008993002223,0.007658695037
-1.171282536,0.004352381933,0.008198536962,-0.007734219155,-0.01751760428,0.006176950447,-0.02098405023,0.009212148003,0.00536909445
-1.176596284,0.00437931412,0.01048711053,-0.00294277988,-0.00212291773,0.002602634596,-0.02188162014,0.01486905757,0.006902046065
-1.175297042,0.0003132548608,0.004829632894,-0.006620655905,-0.01315947913,0.0002561669277,-0.0224220593,0.009962689703,0.009676126606
-1.165254983,0.0004183495601,0.00716262801,-0.003125443395,-0.02733549539,-0.001218857689,-0.02098597736,0.003523890175,0.009596339971
-1.187125126,-0.001138934726,0.008922633978,-0.005226568792,-0.01802708973,0.001252695784,-0.02533555662,0.009702681862,0.008262005576
-1.164296262,-0.001960580104,0.007071208039,-0.004513942975,-0.006572010581,0.002322805843,-0.0226100854,0.01106465973,0.007911078804
-1.188525432,-0.001214877638,-0.0007055761454,-0.01241396728,-0.01840239155,0.001219595218,-0.02336301165,0.007496117554,0.006724416469
-1.119987953,-0.002944713897,0.003344074749,-0.007344668471,-0.02001261611,0.001822435845,-0.02515218898,0.007382465518,0.007183950726
-1.149751832,-0.003727477224,0.00189642782,-0.0007918969919,-0.01194277197,-0.001466978645,-0.02349197909,0.01235140859,0.00842643605
-1.211804891,-0.003291693662,0.007199856742,-0.004306266751,-0.01561132247,0.001490668146,-0.02292971157,0.009275173846,0.01164592636
-1.150244339,-0.001566889334,0.0002961364439,-0.00991463656,-0.02401858736,0.0002407718794,-0.02305348479,0.009532485244,0.004433152683
-1.188661932,-0.001051948914,0.005106108724,-0.0083417843,-0.01542806422,0.002326878304,-0.02302853661,0.009351301347,0.006862988126
-1.169466847,-0.003737078451,0.002800370684,-0.00409397025,-0.006643093014,0.0001431806811,-0.02222471956,0.01198347806,0.006850779787
-1.168045691,-0.001534575142,0.005117685663,-0.004314858752,-0.02198980102,-0.0002813596087,-0.02086812404,0.007895903374,0.00775643433
-1.178566788,-0.003533572833,0.003468763134,-0.00778874833,-0.02029144183,-0.0001251467922,-0.0238865754,0.008236832617,0.00897054541
-1.149350664,-0.004531353136,0.004624855666,-0.005701192854,-0.01204365972,0.001149553886,-0.02524830023,0.008619490879,0.007781220962
-1.187978353,-0.003641898853,0.00335848205,-0.005125373195,-0.0109769722,0.002041322889,-0.02187836787,0.008547614495,0.00817703984
-1.181663179,-0.002434885774,0.0007276414446,-0.006314077636,-0.02435404921,-0.001982348868,-0.01910047652,0.006444290145,0.005828160175
-1.174665128,-0.004808632557,0.0007362315691,-0.005759231879,-0.01647696428,0.001387408433,-0.02283599488,0.008039585403,0.008429451011
-1.155595742,-0.01311838094,-0.005034587665,-0.008883540453,-0.01023138526,-0.00174292466,-0.02687398088,0.01232778955,0.006293140762
-1.210066141,-0.01329045957,-0.003519410409,-0.01093067428,-0.01782204461,-0.001319439882,-0.02350792334,0.005672098323,0.008296549317
-1.197393585,-0.0121127273,-0.009006557664,-0.008733412365,-0.0207856916,-0.001907621531,-0.02453874208,0.01006728916,0.00816519887
-1.18531515,-0.009124489633,-0.00283984608,-0.005463011044,-0.01649865189,0.001454714508,-0.02443581179,0.00835877306,0.007973348086
-1.202272156,-0.009470555459,-0.002434397699,-0.006898435355,-0.01269173432,0.0003777774419,-0.02359884684,0.01198185608,0.008660458396
-1.13536453,-0.008655662595,-0.002464676487,-0.009367092956,-0.02344186858,-3.603567872e-06,-0.02145798172,0.005746462832,0.005146735677
-1.149757357,-0.004931334123,-0.0020084767,-0.01142332988,-0.01664890195,-0.0006323413191,-0.0250298152,0.01081716655,0.01071449956
-1.153993721,-0.006690838906,-0.003640907389,-0.00481558978,-0.006163976904,-0.0007720025442,-0.0228845706,0.009768799447,0.008480494727
-1.17469144,-0.007540989196,-0.003958818504,0.00012532479,-0.01371832906,-0.0001425793194,-0.0245606501,0.005984242013,0.009817106732
-1.139102037,-0.005188961753,0.0003932121495,-0.009311519478,-0.03035237606,0.001839012246,-0.02047545689,0.006785332485,0.006644123874
-1.133605862,-0.003633396809,-0.0007322332846,-0.01697985535,-0.008760183183,0.003528794971,-0.02470845525,0.01198233759,0.006919387669
-1.09702221,-0.00491790788,0.005481128342,-0.01020945701,-0.003434414606,0.0007751949272,-0.02468189772,0.01080869396,0.009045592025
-1.248809708,-0.003348398038,-0.00143530323,-0.002578759579,-0.01302563645,-0.001403625062,-0.02489067321,0.00757268981,0.008813201779
-1.092656737,-0.002803680304,-0.001486415399,0.008103853247,-0.03581740693,0.001874474564,-0.019622829,0.01015947082,0.01097056814
-1.263602987,-0.001846402421,0.01399742386,0.002590435295,-0.01653911986,0.004237557912,-0.02991720762,0.01495352393,0.006988456719
-1.028499917,-0.003554450247,0.006012601493,-0.02314827443,-0.001454836532,0.002729936559,-0.01886077623,0.01551617037,0.006796340676
-1.509277864,0.0002538311241,2.760944089e-05,-0.02929796459,-0.01947893642,-0.0002269870589,-0.01885183917,-0.0006999454102,0.008010439614
0.3917597412,-0.001630900631,-0.004042962136,0.004842379387,-0.02097919429,0.001347815349,-0.02472580253,0.005282323425,0.01025213644
4.707800142,-0.0009197173262,0.01150721954,0.02360000027,-0.004006907237,0.004544454754,-0.02436046447,0.01712135044,0.01192546331
4.222674271,-0.00168836504,0.01167882082,-0.00101728339,-0.01076280361,0.0002758897656,-0.0188143734,0.01552764966,0.006859725627
4.508194974,-0.002593432186,0.001485124461,-0.03313289765,-0.02950508169,0.004101247241,-0.02572233908,-0.001716217619,0.007187062311
4.348608641,-0.001224966572,-0.003191813357,-0.01594485662,-0.01549240687,6.244893798e-05,-0.02380304359,0.009380485476,0.005488211063
4.470424858,0.0005503712417,0.007932624012,0.009751941216,0.001885972816,0.003858483353,-0.02339833201,0.01912644411,0.01389925965
4.353342217,3.92766499e-05,0.01011492231,0.01264552789,-0.01514391584,0.001780785309,-0.01628576158,0.008456727802,0.01149751777
4.398113556,-0.002355907034,0.004335911924,-0.01868407369,-0.03401131853,0.003064809181,-0.02451790286,0.002701375383,0.008706741913
4.383757812,-0.004306626272,0.008464042231,-0.0215640267,-0.006736021509,0.004350989071,-0.02418521472,0.01121599814,0.008577124808
4.430053847,0.005249010554,0.005254629818,-0.001361281252,0.004588244937,-0.003036515498,-0.02459074855,0.01599408747,0.009131070525
4.379030283,0.01231728529,0.01061557998,0.0103493503,-0.02453653266,0.004480628758,-0.01574136342,0.008586359719,0.01364948995
4.42006262,0.01063239356,0.01169122831,0.001903820833,-0.03175595745,0.001794216587,-0.02296795701,0.01539837304,0.008611550764
4.398784788,0.004014431714,0.0278053946,-0.009319023291,-0.003682802216,0.01174004128,-0.02633653008,0.01179292256,0.009335351765
4.362750439,0.002622280901,0.01227567017,-0.01113434971,0.007760051388,0.0003887772688,-0.02304162261,0.009496389845,0.008491307569
4.397640249,0.004784342738,0.002310650778,-0.005608944727,-0.0264157181,0.002607356578,-0.01248512339,0.000925420789,0.01024474291
4.404688441,0.006444729932,0.001289127842,0.006265481727,-0.02109759996,-9.629625859e-05,-0.02488143343,0.01477442324,0.01057219359
4.375659804,0.003990260367,0.01362057651,0.00362458942,-0.0074614399,0.003256953786,-0.02542893403,0.01876911737,0.009784815606
4.378650693,0.004711232227,0.02055093118,-0.01330317914,-0.00641657911,0.004470009345,-0.02248544836,0.01140709935,0.007548814039
4.367541338,0.001175125978,0.008380188934,-0.01432110248,-0.02914101967,-0.001044318328,-0.01898008159,0.0003304596996,0.005498580317
4.377802782,0.0006298505688,0.0005876181233,0.001770696796,-0.01317197473,0.003606535275,-0.02663592208,0.005406636785,0.009928486893
4.355823419,0.001550048404,0.004259639112,0.006084181648,-0.009045851265,-0.002588925992,-0.02118735607,0.02148553951,0.009938272098
4.370690817,0.001451719636,0.008505414131,-0.002453762786,-0.0155994328,0.002025004108,-0.02139409396,0.01315912362,0.006918142548
4.353701187,-0.002845715031,0.00891583201,-0.01602472176,-0.02517711109,0.002967593433,-0.0251124516,0.007187687719,0.006272632135
4.366729461,-0.00286430591,0.006564033453,-0.01350676762,-0.01754161455,0.004728338482,-0.02284167533,0.002601617714,0.007332646139
4.417843765,-0.001394036937,0.0005061031309,-0.002551283597,-0.00533720885,-0.002112534515,-0.02019860297,0.007891402649,0.008554347383
4.315895801,-0.003763469347,0.001389476752,0.001538301129,-0.01608267555,-0.002958352328,-0.02153892392,0.00936912016,0.008343060061
4.471049176,-0.003354182999,0.0006970756615,-0.007710111603,-0.01991289142,0.0004096030073,-0.02449103361,0.01334018014,0.007338522561
4.211217796,-0.002523537805,0.01257104422,-0.01167382486,-0.01649758285,0.003483329574,-0.02621996852,0.01054552518,0.007824090766
4.716330839,-0.003055629732,0.004025217878,-0.007855864825,-0.008117290153,0.0003360043926,-0.02370007872,0.004828593747,0.006870297238
0.5368087281,-0.003001390937,-0.003794920493,-0.003368448693,-0.02380215241,0.000436745683,-0.02045837623,0.007953683625,0.009531932825
-1.594841185,-0.003821956793,0.002817020313,-0.003018548281,-0.0193867491,0.005332376972,-0.02307719965,0.0136733248,0.008914762371
-0.9788243464,-0.002247999227,0.007673268924,-0.00269343058,-0.01250771694,0.0006304999948,-0.0262747293,0.01130595337,0.007562324857
-1.311817028,-0.003162113622,0.008907489349,-0.01047634012,-0.01175051615,0.0001231665374,-0.02235454389,0.00576688536,0.00888470386
-1.112012508,-0.004268791211,-0.0008824794341,-0.01096229886,-0.02248510813,-0.003876280465,-0.0213252716,0.005818130524,0.00745211666
-1.268019149,-0.00396951712,-0.0008916960732,-0.006094142825,-0.01669674469,0.002074268354,-0.02438174002,0.01256975747,0.01073552223
-1.170467032,-0.003543849835,0.003235160593,-0.0005283532272,-0.009805311665,0.000572905155,-0.02507811124,0.0172461609,0.006036310691
-1.173715243,-0.009820722422,-0.001030426551,-0.01104037297,-0.01816189784,0.001936495672,-0.02175902061,0.009324528132,0.007705961744
-1.186956534,-0.01286764869,-0.003962748187,-0.01037957259,-0.02046410058,-0.001129031576,-0.02325258532,0.0003172530941,0.005415918354
-1.23174439,-0.01247365445,-0.008514168839,-0.01289006232,-0.01490623586,-0.0008329136396,-0.02576387945,-0.0004969888076,0.007396932876
-1.102891912,-0.01132144754,-0.01131440843,-0.002411025959,-0.01878793681,-0.001217799616,-0.02259135949,0.01429688941,0.0107311222
-1.193195777,-0.0104595584,-0.002877628064,-0.003705053634,-0.02608821283,-0.001217470501,-0.02535887945,0.0155498994,0.007272851351
-1.184574828,-0.008757834844,-0.0004127737299,-0.01158472632,-0.007550263183,0.001361013839,-0.02325571221,0.01227052526,0.008126293468
-1.179165874,-0.008119842553,-0.0001136009865,-0.01649610639,-0.01092342837,-0.002269555303,-0.02467845526,-0.0009457518121,0.005285380333
-1.183131231,-0.008622669591,-0.004977063549,-0.00757729442,-0.02012134451,0.0006366043774,-0.02420946501,0.006417366546,0.009826546283
-1.197287225,-0.0107183045,-0.008806713204,-1.32637869e-05,-0.01905245543,-0.0007971534868,-0.02256180131,0.01784543249,0.007433971964
-1.232959925,-0.005800445752,0.002924020467,0.00214100738,-0.01030987506,0.001065306072,-0.02346226502,0.02232485769,0.009473761747
-1.199160193,-0.003203771155,0.002802311695,-0.01062204498,-0.01748922392,0.002652733572,-0.02433345612,0.005245963535,0.0055852683
-1.184994482,-0.004027284362,0.002370677715,-0.01449041833,-0.02151403423,0.002778338059,-0.0223030613,-0.004046118392,0.005377142493
-1.18625598,-0.004523919259,0.0001334953374,-0.01130609764,-0.0122765931,0.0007083539823,-0.02404355725,0.009364780005,0.01097488054
-1.172213454,-0.004769280482,0.006720326298,0.003495654507,-0.008515126623,0.001624532675,-0.02128056841,0.01446666547,0.00840785866
-1.177227055,-0.00184538476,0.00104896709,-0.003471778077,-0.01494192209,-0.001880856809,-0.02390608126,0.01767976946,0.01079732041
-1.202669366,-0.002589849492,0.003778486369,-0.006517459169,-0.02226275273,0.00139324246,-0.02129161625,0.00371753493,0.007717502895
-1.17805937,-5.519617935e-05,0.004033344032,-0.01006400824,-0.009768326576,0.001706314387,-0.0266494815,0.007078242111,0.008977485492
-1.171415308,-0.0009979548932,0.006192258328,-0.01041634922,-0.008331882738,0.003595721668,-0.02114324379,0.01104587422,0.00989943654
-1.181953053,-0.0005494989227,0.005592396031,-0.004173657573,-0.01637764314,0.0005773585578,-0.01969981786,0.01252426916,0.009009804772
-1.159994262,-0.002746298551,0.005537453163,-0.002013302716,-0.03111084209,0.002597764673,-0.02314565369,0.009047498649,0.01118869318
-1.179429027,-0.002231696373,0.002309598407,-0.004177194467,-0.0128272067,0.005884632716,-0.02252271764,0.01077027958,0.008433781821
-1.212611607,-0.0025030784,0.002962511241,-0.009283241627,-0.002935604852,0.000527397692,-0.0223971424,0.01050579907,0.006673570426
-1.188846432,-0.0001748422392,0.006317517591,-0.01115514105,-0.008046057784,-0.0004251658754,-0.02209871127,0.004079210622,0.01023940279
-1.19265317,0.0006467845706,0.001676337611,-0.002762500887,-0.0220176471,-0.001687752945,-0.02211989675,0.00742855051,0.009273926328
-1.170393113,0.001369052236,0.008908699593,-0.001675783039,-0.0217893939,0.003692048658,-0.0238107327,0.01951436203,0.01141531867
-1.192761293,-0.002390500615,0.0064578123,-0.00181227621,-0.01145577495,0.0007666162966,-0.02329891103,0.01639639578,0.006453389392
-1.133728056,0.001628383582,0.005107016819,-0.00705934064,-0.008841399004,0.005181839486,-0.02239390632,0.008370773474,0.00823034594
-1.189962549,0.008626662918,0.01064596336,-0.006574295841,-0.01047292695,0.006083093647,-0.01880208618,0.003417659926,0.01051501245
-1.167665517,0.008711784563,0.01716114906,-0.002373893112,-0.01173188704,0.004373521128,-0.02145186087,0.003817477491,0.01059093127
-1.155052964,0.008194783244,0.01679987747,-0.001544188924,-0.01156297256,0.0007488493943,-0.0225162407,0.01741930145,0.01103133561
-1.163676246,0.006491982351,0.01416959258,-0.001147319746,-0.01927970825,0.003545904452,-0.02022656329,0.0142209944,0.009328533547
-1.175231744,0.005594257272,0.01155782042,-0.007087661803,-0.01380691782,0.001900504483,-0.02137710935,0.01225551684,0.006878176778
-1.204661197,0.003366317312,0.008691013423,-0.006791100113,-0.01303502334,0.002821082277,-0.01965851136,0.006401966497,0.006961977244
-1.191844241,0.003017220883,0.008962820478,-0.002992546268,-0.008848784731,0.001706809645,-0.02211144368,0.009493140145,0.01044021611
-1.171097077,0.002803107296,0.01111435442,-0.0008023866899,-0.01675368188,0.003146419367,-0.02247340513,0.01209931198,0.01126511349
-1.189131118,0.003344219559,0.01504444168,-0.001859818644,-0.01607253029,0.002477395544,-0.0225777106,0.007961274853,0.01027318429
-1.203296674,0.002357103033,0.007930868303,-0.00733907006,-0.01363792531,0.003211340002,-0.02127446375,0.009475910101,0.007570362279
-1.194340516,0.0001671111613,0.005191821671,-0.00777217107,-0.0153555422,0.002002974184,-0.02091992601,0.007702381237,0.007541171788
-1.18272934,-0.0002144924279,0.003754527652,-0.003718143191,-0.01413937473,-5.421528988e-05,-0.02521930887,0.009103561073,0.00852278826
-1.164960032,-0.001981552275,0.004031879081,-0.003763233367,-0.0144793154,-0.0008605747261,-0.02466521727,0.009520471381,0.008965303171
-1.201875342,-0.002681163105,0.00639404514,-0.003838118724,-0.0143636206,-0.001109138862,-0.02490539417,0.008454790527,0.007802537019
-1.174448825,-0.002506534454,0.007082232524,-0.009167109163,-0.01856959145,0.001616963152,-0.02470187595,0.007141169013,0.008891241093
-1.148722037,-0.001161516104,0.002845251274,-0.007585139348,-0.0221279171,0.00387825411,-0.02282989208,0.01246922606,0.006719453683
-1.219751773,-0.003928295641,0.0008250696699,-0.007007938348,-0.01495032528,0.001380536696,-0.02338017175,0.01124426945,0.007150494253
-1.187308782,-0.00231043943,0.0063291578,-0.000957911917,-0.0126143689,0.0005512333671,-0.0230213927,0.007439932492,0.008428683549
-1.181582306,-0.002528746211,0.0009446366008,-0.007116222805,-0.01351182662,-0.002866940862,-0.02276439385,0.005165708748,0.007952276458
-1.191401365,-0.002324563126,0.002893548616,-0.005831168253,-0.0220310688,-0.002457198192,-0.02462277827,0.009284603574,0.00892558234
-1.157407421,-0.001942365727,0.007993190832,-0.004745203641,-0.02040929704,0.001245740269,-0.0240199618,0.01290559604,0.007873966497
-1.147549597,-0.001748293062,0.004330812173,-0.005193240121,-0.005695734217,0.004297858073,-0.02549210872,0.01361260031,0.00673535164
-1.140595175,-0.0035305915,-0.0005694644822,-0.009395317965,-0.01398567708,0.00283456931,-0.02321007698,0.005125781604,0.006490216081
-1.167996416,-0.003783506031,0.0006907071384,-0.007395374382,-0.02020875678,-0.002970724185,-0.0204313535,0.006055585384,0.007365868644
-1.175793683,-0.004456647147,0.007478836526,-0.001049173687,-0.009854179718,0.0006375706789,-0.02146709429,0.0144775439,0.01101651444
-1.200062084,-0.0048074045,0.006570182003,-0.004011076851,-0.01118083014,0.001262487845,-0.02461883501,0.01687995383,0.008883756359
-1.169368902,-0.009775222908,-0.003849793407,-0.01130260554,-0.02599100969,0.00138438705,-0.02418547454,0.003481783195,0.005499005014
-1.162961012,-0.01110691466,-0.007903317132,-0.01208605936,-0.02036208885,-0.002504405653,-0.02555832553,0.002425957944,0.004727098552
-1.184075747,-0.01099327563,-0.004154275681,-0.005923042761,-0.007768458499,-0.001291092457,-0.02326528113,0.0116398091,0.007891619413
-1.167485797,-0.01078019225,-0.002080953872,-0.006013467809,-0.0156774103,-0.001802903225,-0.02363384674,0.01307218638,0.008996692812
-1.129149883,-0.01291474843,-0.005033982556,-0.0119802444,-0.02740930315,-0.0003580284505,-0.02337022313,0.008837259409,0.009844666239
-1.20438273,-0.01208390107,-0.0028132164,-0.009037701861,-0.01568392941,0.002622200405,-0.02516745183,0.006177205573,0.00704859455
-1.148327178,-0.008290017565,-0.006032374958,-0.007311897867,-0.01199123649,0.0003370772561,-0.02201739448,0.009294940861,0.007229192654
-1.17491542,-0.004833578212,-0.001613468037,-0.007933287989,-0.01709722076,0.0005176572924,-0.02238929244,0.008309624031,0.009545662698
-1.176295506,-0.006555762053,-0.002170613021,-0.009192319285,-0.01630802241,-0.003688920935,-0.02444049339,0.01205457504,0.007546165215
-1.14395183,-0.009170955803,0.003577650238,-0.007794192526,-0.01193244959,0.002471137963,-0.0248270439,0.01049402566,0.01045913508
-1.19520089,-0.007554362692,0.001494533503,-0.008360059996,-0.0117396838,0.001380321924,-0.0214727789,0.008790399256,0.008089705101
-1.158370608,-0.004422337253,-0.002648683022,-0.006631804581,-0.02193160379,0.002288743205,-0.0225584666,0.007202300665,0.008030025044
-1.151893609,-0.002152573669,-0.001122161235,-0.004085417867,-0.01529640497,0.0005197812077,-0.02568543531,0.01305561359,0.006630666536
-1.182206473,-0.00174443024,0.005862909695,-0.004779023571,-0.01128466325,0.0005236935194,-0.0246076415,0.01124280111,0.009833671739
-1.17804321,-0.002382780591,0.003431782513,-0.01106343157,-0.0131370414,0.00161578676,-0.02093365139,0.006391388909,0.009468415818
-1.146713777,-0.001933620815,0.003189285384,-0.009582507545,-0.02390940103,-9.729892111e-05,-0.02094568272,0.005919862448,0.008878764332
-1.170068691,-0.0009658928049,0.003809821069,-0.003646156288,-0.01082853047,0.004679842797,-0.02175050005,0.01069236626,0.008477379435
-1.156363973,-0.001429336148,0.005007445232,-0.00323007524,-0.01281742156,0.001401484612,-0.0220506565,0.01316261543,0.008497591127
-1.163791242,-0.0004201285477,0.00161691983,-0.008304839304,-0.013562872,0.002773573824,-0.02124348698,0.007757961759,0.007672017994
-1.15502709,-0.001885440279,0.004413978011,-0.007267186897,-0.02002030861,0.001135780802,-0.02460629493,0.008520876798,0.008951407264
-1.167387006,-0.002057774147,0.005971771272,0.001468905587,-0.01229522948,0.004237594115,-0.0243680482,0.01025297767,0.009550100869
-1.154462102,-0.000853955268,0.005204748156,0.0005822560248,-0.01585583971,0.001915210716,-0.02189093103,0.01356512759,0.008882728468
-1.20141919,-0.000438596119,0.001872509862,-0.01634016459,-0.01507584026,0.001405146329,-0.02054472837,0.008668029626,0.007675646972
-1.207435153,-0.0002154312009,0.002628713979,-0.01395241347,-0.009434448232,-0.0003214291108,-0.02262509362,0.005360997588,0.01027343168
-1.182692271,-0.001528787114,0.005901550185,0.001652999638,-0.01666603893,0.002407269398,-0.02677259532,0.0102482214,0.008475498854
-1.173829818,-0.004088123344,0.006891475163,0.004278280936,-0.01931007795,0.001811128307,-0.01866754499,0.01488013357,0.01110824391
-1.201894162,-0.001443334745,0.006823082798,-0.006987909742,-0.01727958245,0.003387786927,-0.02194332943,0.009845802458,0.006575589686
-1.153551158,0.008235680664,0.01193735285,-0.01212137202,-0.007360256613,0.005882347864,-0.02369114617,0.006594195839,0.01028106427
-1.122228966,0.009485516419,0.0103374845,-0.005089937633,-0.01235840417,0.002503804398,-0.02057017585,0.01104962159,0.007857163913
-1.154313224,0.008853690244,0.0152892036,0.003393495794,-0.01541279624,0.002186245943,-0.02081011601,0.01259120523,0.01234886354
-1.158393941,0.005722708226,0.01472299479,0.003605486544,-0.01438229773,0.005396152889,-0.02101987215,0.01382043069,0.01028048173
-1.166264907,0.006078523014,0.01856458688,-0.007535050142,-0.01119853837,0.006812360032,-0.02368331785,0.007694379295,0.008231834289
-1.171067366,0.005028405463,0.00755032108,-0.01376115798,-0.01129176838,0.002520318838,-0.02100367491,0.008855446006,0.00734628044
-1.139569444,0.00341132496,0.008630132406,-0.003365071765,-0.01685078256,-0.0003240527373,-0.02301917787,0.006874225899,0.007554884805
-1.191821799,0.00560362811,0.006589891019,0.001127600441,-0.01126803938,-4.744229679e-05,-0.02203146859,0.01626823588,0.01187193622
-1.179946303,0.005440608996,0.01984708441,0.0002989709245,-0.01797236598,0.003263199492,-0.02373283684,0.01134132121,0.007989302289
-1.134123517,0.001579710311,0.00382828823,-0.01001147331,-0.009520777229,0.002605505293,-0.02334089911,0.008373342177,0.008524832367
-1.172072544,-0.002063403448,0.005978354986,-0.00311006451,-0.03078903844,0.002564500515,-0.02386623109,0.004137070907,0.007920957749
-1.178353414,-0.0005102037385,0.005884395468,-0.002738200858,-0.01167585651,0.003295165448,-0.0245015873,0.01672444349,0.008872190429
-1.217555846,-0.001020093551,0.004756661816,-0.008645951965,0.001540475865,-0.0002424461863,-0.02001229296,0.009387559818,0.009557041878
-1.152103675,0.001401064315,0.0009384156031,-0.01450437185,-0.01463652378,-0.001293017643,-0.02367693125,0.001309821455,0.006395069841
-1.199059019,-0.003144149285,0.003403552906,-0.005565018308,-0.03559178735,0.001292899763,-0.02147926444,0.0085639992,0.009917810848
-1.039231084,-0.001633093355,0.01065058614,0.004844431311,-0.01000960032,0.003921627187,-0.02536007518,0.01727290678,0.003926318446
-1.264047976,-0.004706307361,0.003622364849,-0.003949371334,-0.002720810009,-0.001642918385,-0.02276329847,0.01246044587,0.01005014213
-0.9468239074,-0.003788954319,-0.003262031727,-0.01801848899,-0.0281511286,-0.0001217819271,-0.02158853889,-0.001300710481,0.004448649003
-1.628031511,-0.002583316124,0.002652745842,-0.009504138076,-0.02236418754,0.001327606999,-0.02603672252,0.006140628635,0.01009999961
2.244501927,-0.002168237033,0.01193805897,0.005331376315,-0.002971214144,0.005556452468,-0.02351145889,0.01562450973,0.009474722636
4.854864202,-0.004294662018,0.009696612238,0.001042544812,-0.01540047767,-0.001413994224,-0.01860817339,0.01428604303,0.007647553002
4.179474299,-0.003890598709,-0.001120966377,-0.016303575,-0.03618816324,0.0008210594823,-0.02280284259,0.002848542106,0.006805291647
4.520762422,-0.002725625856,-0.00146358623,-0.01259248485,-0.01046041398,0.0007825002088,-0.02662541913,0.008707768113,0.007643610986
4.302855314,-0.0009225576309,0.002017196422,-0.0005302886646,0.004699429043,-0.001184168352,-0.02509457593,0.01289147987,0.01052719269
4.432061106,-0.003123198617,0.009356309079,0.0003259860522,-0.02141542401,-0.0007038476721,-0.02121144414,0.0100965975,0.009721382179
4.336337278,-0.003668773732,0.002421702759,-0.006322942602,-0.03302354231,0.002396800853,-0.02153736301,0.005662675999,0.008666225171
4.40677989,-0.00794644395,0.003990532441,-0.0118786066,-0.0138035467,0.003064764096,-0.02791374331,0.01113676349,0.006652149184
4.385128258,-0.01098018054,-0.008662219308,-0.01207996139,-0.004840511835,-0.001346426256,-0.02148618134,0.01099293585,0.005543896876
4.441727348,-0.009862511858,-0.01262996077,-0.007705802785,-0.02049684272,-0.003388786459,-0.02097684234,0.004729898762,0.008488267907
4.379179104,-0.008673298894,-0.006930532717,-0.004214803383,-0.03147767862,-0.001562087234,-0.02423139936,0.006192173971,0.01125515172
4.381935637,-0.01278566769,0.003455375668,-0.006943829454,-0.009761135001,-0.001238768621,-0.02764222487,0.01209660698,0.008222518239
4.375243762,-0.01037612561,-0.001343278648,-0.0104230575,-0.00735091576,-0.001323671343,-0.0235914031,0.0102891001,0.009461341462
4.392721087,-0.01030841583,-0.005466526516,-0.01533978061,-0.02610974351,-0.001089372857,-0.02046929839,0.005224134,0.006095762675
4.35895122,-0.003408562059,-0.01013157948,-0.007070361618,-0.02238390448,0.002303832536,-0.0222374097,0.01144324279,0.00561781864
4.387445663,-0.005962268029,0.002885331102,0.001122849787,-0.002121874698,0.003769187961,-0.02740563869,0.013300441,0.01063008807
4.404685053,-0.00871667577,-0.0006122777447,-0.003702094652,-0.009263894466,-0.001395530353,-0.02280869423,0.01021583683,0.008320137989
4.388811835,-0.009703252659,0.003364920909,-0.01276918888,-0.0263814508,0.001251145356,-0.02011309554,0.0006121204594,0.007592421637
4.400490676,-0.005390733972,-0.002665620244,-0.01386772797,-0.01632221816,0.0007663853037,-0.02325054652,0.008649353075,0.006994783194
4.3725603,-0.001280894691,0.003411120103,-0.003764383961,-0.005891601188,0.0003574480728,-0.02278012375,0.01188390098,0.008664441286
4.37559746,0.0006004272231,-0.001562138378,-0.001448743039,-0.01238964481,-0.0005653191622,-0.02086669424,0.01264428898,0.009115931065
4.360782343,-0.003848640482,0.005783217872,-0.005222447642,-0.02674143902,0.002593648447,-0.02386642282,0.009215431898,0.009929207198
4.323498027,-0.00442787804,0.004880074583,-0.006884029656,-0.01206735939,0.004205411025,-0.02870546397,0.007034483489,0.009331698047
4.378704436,-0.005402695536,0.006757616742,-0.009650802703,-0.0084764416,-0.0003344381451,-0.02178148935,0.01144041321,0.01113187496
4.367799072,6.364392139e-05,0.002408560728,-0.006346453088,-0.01387712974,-0.0004369944352,-0.01786836303,0.008721320559,0.00917154878
4.41904806,0.0001244346724,0.002127797308,-0.003789501785,-0.02281922521,0.002039545587,-0.02350978532,0.01238330849,0.009760178939
4.38846151,4.755044235e-05,0.007560526547,-0.00427164422,-0.01762042972,0.006312831605,-0.0256661427,0.01257230985,0.006888751102
4.429865957,-0.002069879869,0.008285277168,-0.008700419203,-0.008141377425,0.001398831835,-0.02286970646,0.01183451732,0.008714375642
4.078574854,-0.002499109701,0.00241811141,-0.01141420847,-0.01482732809,0.0006371642431,-0.02094334102,0.004109357754,0.009025335631
-0.7907531612,-0.001622033255,-0.003315482807,-0.00725426719,-0.0157324502,-0.0006279214871,-0.0223419755,0.007983853255,0.009844740271
-1.299858631,0.0009246554802,0.005732099008,-0.001345477513,-0.01176396709,0.002627901696,-0.02308551632,0.01023152309,0.01001832254
-1.170623706,0.0004481686415,0.008651497979,-0.001841363455,-0.007282143696,0.002514693875,-0.02239841333,0.01249942126,0.00846245334
-1.195722407,0.001455402578,0.009737953781,-0.008529736315,-0.0231684119,0.003074263154,-0.02111066613,0.006621370252,0.007322137628
-1.157769022,-0.002568702356,-0.003213444566,-0.01009764556,-0.01555660052,0.0031118331,-0.02159211397,0.01035325608,0.007873710388
-1.202698016,0.007377955865,0.01099262719,0.004216324206,-0.01521691749,0.003300199234,-0.02345421155,0.01087223836,0.008923513669
-1.177120438,0.0097813278,0.01850270032,-0.0007789992453,-0.003485458598,0.004001999559,-0.01945116259,0.0138043903,0.01180447461
-1.144701498,0.007237207975,0.01560788631,-0.008406152889,-0.01217270752,0.002134178855,-0.01605138148,0.007683521315,0.008520941165
-1.158023935,0.006498657842,0.01451863965,-0.01119094314,-0.01937146446,0.005080281957,-0.02585163513,0.004236733493,0.00938945927
-1.217789246,0.005620438854,0.008545125879,0.00133036604,-0.02086551053,0.002208274802,-0.02172836064,0.01499548322,0.01016333371
-1.157056538,0.007168894999,0.01232497179,0.005075963285,-0.008975997935,0.003599049522,-0.01983542717,0.02018497416,0.008503815116
-1.157568529,0.005672646748,0.009760994943,-0.002480624793,-0.01062859397,0.0005921018201,-0.02152806673,0.01245476122,0.007244853844
-1.180139254,0.001130061814,0.01198815033,-0.01238068001,-0.01924172951,0.004964385542,-0.02443635835,-0.002856399553,0.008482633724
-1.150443973,0.003316201852,0.01318245876,-0.008070189619,-0.01163187197,0.002768167371,-0.02389387708,0.008252852578,0.00994908161
-1.184285554,0.00214935587,0.01340996182,-0.001669104501,-0.007597869029,0.002139612126,-0.02070092161,0.01005770887,0.009808056999
-1.194152482,0.00111546676,0.00774804051,-9.246204709e-06,-0.0151675803,0.001701063185,-0.02242262584,0.01514019013,0.007710624354
-1.175658218,0.0007389964713,0.0007310802594,-0.009241659034,-0.02404082008,0.00130572426,-0.02480302225,0.01355455003,0.00877638219
-1.182010747,0.0004989216502,0.006605733084,-0.004255762674,-0.01171663003,0.0001662346274,-0.02594599168,0.007044087094,0.006478895476
-1.176916912,-0.001530250096,0.004653572399,-0.008779708033,-0.008711564437,-0.001512985905,-0.02374341624,0.006105865811,0.008127461844
-1.157678077,-0.0004574975584,0.006509010868,-0.005898085833,-0.02425187503,0.001935157537,-0.02029318315,0.006355713247,0.008371292843
-1.225397783,-0.002269678456,0.002934733961,-0.004843870205,-0.02309659888,0.0002528094622,-0.02665063135,0.01285579466,0.008938649243
-1.18325013,-0.003303773335,0.006775262793,-0.003383162791,-0.0120264185,0.002946417581,-0.02440747602,0.01098001811,0.007272637642
-1.241746,-0.004234975364,0.001802367004,-0.01028439626,-0.01181301273,0.0008789799824,-0.02004482236,0.008659753718,0.00725507667
-1.180201439,-0.00142936441,0.002945963848,-0.009698373576,-0.01951499343,0.001360898235,-0.02271142878,0.003780186883,0.006699622039
-1.188230709,-0.002243932878,-0.0001696718792,-0.005383940351,-0.01533288445,-0.0006589490742,-0.02385434347,0.006180941335,0.008014702559
-1.200931435,-0.001851519677,0.007581263624,-0.002893203551,-0.01437691141,-0.001216986475,-0.02428078916,0.01531629002,0.008937681906
-1.197667225,-0.003155510684,0.003246225926,-0.005275993475,-0.01371156085,0.0006484656563,-0.02176525167,0.01364143512,0.007590673768
-1.16716164,-0.004837236334,0.005395993031,-0.007025218872,-0.018615972,0.002076651005,-0.02333267512,0.0056324536,0.005044294413
-1.202327195,-0.001913227613,0.002938359465,-0.008618707602,-0.01148098548,0.00357846085,-0.0239804217,0.008007853506,0.005763199999
-1.192223306,-0.003083727497,0.002405099667,0.001668676406,-0.02177142263,-9.488251758e-05,-0.02194806137,0.008151159691,0.009223440201
-1.215150806,-0.002748686693,-0.0007235023507,-0.003369024063,-0.02356355467,0.0007640396376,-0.02408082659,0.01175369189,0.01004648433
-1.192013355,-0.003718077373,0.0005339301009,-0.01076115949,-0.01602411849,-0.0003621103809,-0.02134854345,0.01371049334,0.007295784984
-1.226119355,-0.0109150408,0.002072801458,-0.01817459878,-0.002991861528,-0.0003210371437,-0.02721538334,0.004287586189,0.005380168463
-1.150505575,-0.01258551471,-0.00625637609,-0.004419590717,-0.01528641703,-0.00223014702,-0.02332786952,0.001178669872,0.008113748138
-1.209097345,-0.01100654083,-0.007296365607,-0.001108809218,-0.03265806962,0.001070329773,-0.0221522059,0.0112146706,0.006792976189
-1.22830179,-0.01075307745,-0.005983329251,-0.001772510383,-0.02407000107,-8.809022476e-05,-0.02484345028,0.02333713038,0.00744607865
-1.213405405,-0.01201472787,-0.003855899663,-0.01588553999,-0.006928476727,-0.0009206459058,-0.02578171456,0.01367540609,0.007996938484
-1.199660918,-0.0109649792,-0.001875441889,-0.01871725737,-0.00652674214,0.0002468726573,-0.02180573824,0.0002326677261,0.008794165944
-1.178911437,-0.006927827884,-0.00222744109,-0.007524993589,-0.0205470664,0.003343226831,-0.01988166203,-0.005979954179,0.007779834726
-1.156093901,-0.006451019642,0.005798571969,0.003408037469,-0.01900727933,-0.0001917282052,-0.02462127063,0.01237261981,0.008522313576
-1.205449547,-0.008775345316,-0.0004636439117,-0.004665038305,-0.01512064018,-0.001405524145,-0.02614315146,0.02064431083,0.007291137882
-1.212019546,-0.00754694111,-0.00594127247,-0.01473773384,-0.01822149417,1.085474173e-05,-0.02432460876,0.01221356649,0.006985345789
-1.190617205,-0.005782360737,-0.004309684718,-0.01434562415,-0.01726002564,-0.000848578911,-0.02227984696,0.007554006808,0.007239308299
-1.184596081,-0.004625460087,0.004911812665,-0.0001048233577,-0.01356139631,0.003893702592,-0.02422302614,0.005804830843,0.009123803131
-1.176011934,-0.002564197904,0.006801000489,-0.0006256857837,-0.01399031348,0.001887770492,-0.02253520119,0.0107056385,0.01002016505
-1.226807838,-0.003168144713,0.006069478552,-0.005897057231,-0.0186431606,-0.0004337163473,-0.02385746658,0.007354074472,0.01070093788
-1.2031445,-0.002650939689,0.001520359422,-0.01628711705,-0.01377606723,0.001856720505,-0.02426595805,0.00983181364,0.005410481163
-1.194926178,-0.001550995899,-0.004680030781,-0.006989880109,-0.01389320798,-0.0004018342991,-0.0220652061,0.01352447614,0.008358612974
-1.14558353,0.00248408684,0.006337389523,0.004795837983,-0.02271303084,0.003941624864,-0.02296150013,0.009394757458,0.009781872835
-1.179654289,-0.0009685780837,0.008448820649,-0.001150286881,-0.00931732615,0.002584822127,-0.02256278851,0.01020094004,0.00755218063
-1.149922458,-0.001577037039,0.008918915845,-0.0158721106,-0.006517391744,0.001660031883,-0.0187854847,0.002939733457,0.007820193883
-1.228888071,-0.002980682872,0.001735625949,-0.01577040687,-0.01644245581,-0.002032593585,-0.02598817413,0.007256033062,0.009688611635
-1.190409849,-7.942989869e-06,0.0001579280543,-0.001172864779,-0.0225321751,0.001204805613,-0.02033976306,0.01462258566,0.008998123746
-1.156758641,0.001084925612,0.00442065599,0.004550610216,-0.008554376069,0.005160976638,-0.0220964144,0.01782395461,0.009055094954
-1.176082526,-0.001540871062,0.006170292032,-0.004038306608,-0.01569722275,0.006047497041,-0.02294730982,0.01040237665,0.008718767825
-1.162036377,-0.003857922556,0.006211417071,-0.01335183572,-0.01981100681,0.001747937046,-0.02128800381,-0.0003224047972,0.007516018081
-1.121652169,-0.002308687399,0.007859564356,-0.01297928786,-0.009084404869,-0.001567723284,-0.02124891936,0.008475433188,0.01107842536
-1.20461251,-0.00179172866,0.002555491581,5.398412216e-05,-0.007110198718,0.0007955887185,-0.02280545579,0.01355924363,0.01022385569
-1.165514062,0.004065204344,0.006724753763,0.001639761918,-0.02184871609,0.002224580902,-0.0227385802,0.01609089838,0.01116421268
-1.191810658,0.007729120148,0.01279470487,-0.002934207569,-0.02039587632,0.006510135336,-0.02032009032,0.01010132569,0.006609124547
-1.183904027,0.009102976321,0.01620980474,-0.006135810453,-0.005678993233,0.007764736463,-0.02412789769,0.007706359026,0.006877202064
-1.146407868,0.005062136233,0.009652026521,-0.006599654552,-0.006865812192,0.0003561363652,-0.02003993906,0.009876169802,0.01139430703
-1.238024666,0.00693724991,0.01369572954,-0.00233097015,-0.01833932149,0.0002631903572,-0.02135555502,0.01198755492,0.01143659155
-1.213475062,0.007557774662,0.01577725605,-0.001524128541,-0.0162881774,0.001555614005,-0.02453824527,0.01289293274,0.01259871881
-1.169027205,0.007302853547,0.01593005695,0.0003361564146,-0.0111300501,0.00495695229,-0.02305639303,0.008028277516,0.007432524863
-1.222977702,0.001277245308,0.006836137383,-0.008799666819,-0.01809777035,0.005092618642,-0.01958722873,0.01013432553,0.005304385054
-1.191078182,0.003979563455,0.005364154963,-0.007807656528,-0.01542661739,0.003265727623,-0.02393114541,0.01248421868,0.006684401945
-1.181155217,0.005796419321,0.008874068675,0.00109559471,-0.008852799638,-0.0004719998585,-0.02397815839,0.01157881907,0.01127640058
-1.182011227,0.003599074055,0.01170438255,-0.001825463801,-0.01410419115,0.000220639201,-0.02359074961,0.009719559908,0.01208515081
-1.219609549,0.0009647577486,0.007942161033,-0.006886982655,-0.02300114085,0.002678763741,-0.01985324992,0.004618103825,0.007834756485
-1.167061024,0.0007789881895,0.006307337036,-0.008293261477,-0.01579668201,0.003628104618,-0.02465668226,0.008268773971,0.004247735756
-1.195552551,-0.001030077172,0.002645117625,-0.005854762105,-0.0119684157,0.001513522729,-0.02120194812,0.013262237,0.005060530074
-1.186403384,-0.0007470989718,0.001140807055,-0.004774146033,-0.0121957819,0.001281034583,-0.02352172089,0.01073837306,0.009495002759
-1.135222598,-0.001860753152,0.003296120746,-0.006394674553,-0.01949618405,-0.001610989867,-0.02356057549,0.006892589558,0.007499146479
-1.177398548,-0.001558598196,0.009331684394,-0.005378983198,-0.01755557948,0.003717056162,-0.02507227879,0.007693811262,0.009848125102
-1.148411311,-0.005214699342,0.006131068143,-0.008311707686,-0.01525406122,0.0011222654,-0.02164452235,0.009911741329,0.005811516633
-1.139116918,-0.002906219207,0.0007601804296,-0.004068737975,-0.0194967091,6.340065253e-05,-0.02276291421,0.009996835337,0.004497181013
-1.151997761,-0.002079500677,-0.0003107329269,-0.00620629516,-0.0165372667,-0.0007464823895,-0.02005171088,0.01096495663,0.01004173095
-1.153382383,-0.002640645514,0.007185958718,-0.003995261358,-0.01377056343,-0.001044214156,-0.02361924537,0.009711895393,0.008208994799
-1.224549566,-0.003052285092,0.006243234538,-0.006596044974,-0.01335097994,0.002588898183,-0.02292357039,0.004901418323,0.00954461137
-1.173901329,-0.004590565652,0.004829035833,-0.004924643711,-0.02027104101,-0.0004042700707,-0.02151744417,0.008432157603,0.007920737428
-1.134634789,-0.004242563247,0.004148257694,-0.008108037479,-0.0141207542,0.0002858157192,-0.02317467646,0.00886582045,0.006746663799
-1.173732753,-0.002099809351,0.0007860490436,-0.005151048932,-0.007536447043,-0.001559869178,-0.02338182465,0.01169425932,0.009263024483
-1.157355484,-0.002802387017,0.002039253247,-0.003649380889,-0.02275267525,0.002024496322,-0.02446874836,0.006839463435,0.007452099539
-1.180127714,-0.002699424205,0.003045838036,0.002919031949,-0.0221729687,0.002081411935,-0.02145695554,0.01241798164,0.008926315345
-1.148369026,-0.008876544496,0.004454990548,-0.008762300391,-0.01482302217,0.0001431750092,-0.02560303775,0.009399087209,0.006986429078
-1.178970395,-0.01347904281,-0.009462534721,-0.01924423361,-0.00304354968,-0.00254192786,-0.0212367711,0.00474379853,0.007634309771
-1.161062876,-0.01203976273,-0.008616814841,-0.01771568209,-0.02550713921,-0.002890634178,-0.02426064529,0.002242453992,0.006287454935
-1.16162699,-0.01041014787,-0.00685333933,0.002939207112,-0.02384128449,-0.0007595139515,-0.02519102136,0.01210075528,0.006998483989
-1.184572799,-0.008611512411,0.003849089245,-0.0009307816058,-0.01148477113,0.002698377814,-0.02495991266,0.01622913634,0.007146659533
-1.175300845,-0.01068189518,-0.009830103037,-0.009618631772,-0.01041927295,-0.00195165598,-0.02354248401,0.007856850772,0.005023925996
-1.16181911,-0.009158843539,-0.006832682201,-0.01512141135,-0.03525355217,-0.001563597071,-0.02629432068,0.0007346861109,0.008702658131
-1.157751597,-0.005964779669,0.001123526529,-0.005733697672,-0.01163827346,0.001201978516,-0.02215568547,0.01181211995,0.006977805662
-1.175949517,-0.008566803805,0.003613383225,-0.007502775077,0.004008019467,5.754880489e-05,-0.02112584283,0.01531441862,0.0105832282
-1.177249526,-0.009017647665,-0.0009873527654,-0.006029508328,-0.0211197651,0.002776602287,-0.02370688715,0.00171999702,0.005608606112
-1.126593891,-0.007526233949,-0.004208434283,-0.01213482445,-0.03493602837,-0.002310549456,-0.02289327781,0.006579465875,0.006789956242
-1.133379676,-0.003418187809,0.003799221473,-0.001472882198,-0.004257724218,0.002973004768,-0.02326897641,0.01623142187,0.00892327132
-1.147138526,-0.003196728392,0.001794667849,-0.005921540793,0.001232363122,-0.004572348323,-0.02650763343,0.01627505215,0.009756199609
-1.147336252,-0.003379019904,-1.127315728e-05,-0.009886812507,-0.03265017454,0.004187118605,-0.01962401941,0.001331369905,0.008691398756
-1.175047856,-0.001214038451,0.004167138529,-0.008974988042,-0.02563841959,0.0008450280078,-0.025531141,0.008787375058,0.006688688685
-1.154385582,-0.004113243288,0.01222966495,-8.859683366e-05,0.0002860924447,0.003976958024,-0.02454224552,0.01265750641,0.00874756546
-1.154584668,-0.002415557663,0.003440126707,-0.006410526349,-0.007894945234,-0.0007636262151,-0.02123838461,0.01283967197,0.008471254359
-1.126194266,-0.001420165598,-0.003181356447,-0.01363231672,-0.03299693274,-0.0001699419923,-0.02022638479,0.005830083436,0.008827896661
-1.231354751,0.0005561715475,0.002947979259,-0.004131200022,-0.01330766521,0.003316903463,-0.02739213127,0.008780421227,0.00971128704
-1.043865468,0.0002403424042,0.007127135806,-0.001816594806,0.0005060321638,-0.0001821332904,-0.02360563515,0.01581416007,0.008443007446
-1.317993355,-0.001734574448,0.007711319798,-0.006940877706,-0.01878351781,0.001306913015,-0.01853207779,0.007439695202,0.009147628475
3.284120271,-0.00224857827,0.0007378826043,-0.007677987813,-0.02588073516,-0.0005163461368,-0.02342997923,0.006024683439,0.008836480573
4.636428531,-0.001377925978,0.006392325217,-0.0009089986625,-0.008629241987,0.005602122998,-0.02547789831,0.01165009001,0.009252564868
4.201661004,-0.0004099755522,0.004933438032,-0.003913263087,-0.003431025396,0.001417408265,-0.02101935987,0.01582242478,0.007789520175
4.509115199,-0.0001678637518,0.004886599554,-0.009096071415,-0.02063191348,0.002860496152,-0.02207872894,0.002573672558,0.01093782072
4.300532933,0.0003064475781,0.001635138838,-0.006052620701,-0.02324595734,0.002258957048,-0.02306393607,0.008672930079,0.007310819049
4.442268489,-0.0005798655237,0.01211692869,-0.003027166773,-0.009310141056,0.002368693795,-0.0235514193,0.01279160324,0.01068364224
4.378916971,0.007891309392,0.0116132611,-0.001142775985,-0.002728526513,0.002083445921,-0.01999761457,0.01269099334,0.009097079174
4.396243519,0.009872160456,0.01274240939,-0.003887722896,-0.02461673207,0.002794623664,-0.02027998202,0.005597029552,0.00809905162
4.35808674,0.008496592447,0.01223998527,-0.007341634766,-0.01702495489,0.00652151873,-0.02306697269,0.01239476709,0.01173794536
4.368587302,0.006060460443,0.01460261779,-0.0007310150447,-0.007342730998,0.002424757352,-0.02543789958,0.0150004055,0.009375058205
4.429253466,0.007553320765,0.01346672332,-0.001732209796,-0.005215062493,0.003646918201,-0.02084843848,0.008736106082,0.01217826287
4.373041192,0.004802846912,0.01073516459,-0.004840539148,-0.02580307072,0.002312172049,-0.01732873218,0.008193905652,0.007136971907
4.451529654,0.004244970186,0.01117836404,-0.006376261987,-0.01434290814,0.006090704063,-0.0232438391,0.007820632712,0.009367633385
4.352434018,0.002328882852,0.01009605299,-0.003463834118,-0.004890744592,-0.001062949268,-0.02360521957,0.01350865007,0.009613553678
4.386417253,0.004680453562,0.01054796711,-0.005290473577,-0.01689178109,0.001754827007,-0.01895595625,0.0084966581,0.008371937194
4.387515808,0.003607559344,0.004856186444,-0.005799167823,-0.02213664915,0.001671102044,-0.02271217023,0.01427418747,0.009150218866
4.405236147,0.001563315651,0.009857973754,-0.00269538943,-0.01220058577,0.004121744646,-0.02618256859,0.008158908204,0.006876813334
4.314928339,-0.0007878187604,0.008686219149,-0.006538353944,-0.006118330843,0.0001436826772,-0.02381013394,0.01153757783,0.009266752912
4.323729546,-0.00194087187,0.004504729578,-0.006974596769,-0.02351464244,-0.0006811666898,-0.01936812221,0.003891532461,0.006551364894
4.380572593,-0.0005057547978,0.0009284752011,-0.004009164257,-0.01831651428,0.002133736713,-0.02300980515,0.008484478745,0.01043641455
4.364689898,-0.001864621871,0.005464829407,-0.003997775862,-0.01188822331,-0.0002240722401,-0.02498310332,0.01267176668,0.007676323041
4.416088971,-0.001653302991,0.00702279175,-0.005283329595,-0.01185025805,0.0008758326963,-0.0240367793,0.01379381265,0.007806897199
4.313260164,-0.003183259971,0.001559128879,-0.01221903062,-0.02183212379,-0.0004102675368,-0.02150537061,0.006299774835,0.007459228217
4.350459358,-0.005115817178,0.003480716432,-0.007240599305,-0.01762805895,0.000560691904,-0.02359197487,0.006691657452,0.007003325735
4.298201245,-0.001751560809,0.00293596474,-0.00446619764,-0.01073497557,0.0007235939011,-0.02262661161,0.01216833225,0.01030189506
4.487649667,-0.001806223664,0.003748277117,-0.0007613934292,-0.01318090885,-0.001142879016,-0.02364998211,0.009891662556,0.0086490826
4.202781786,-0.001344492308,0.001248241117,-0.005181316008,-0.02016331526,0.0009879508089,-0.02173694566,0.009065478841,0.008180602682
4.764575657,-0.002609994681,0.007512075278,-0.007096738805,-0.02265344545,0.001615927748,-0.02452400068,0.008309233217,0.005919167568
2.869383361,-0.002399091551,0.004520816269,-0.007845859249,-0.01680025812,0.001604917276,-0.02476834698,0.01070970438,0.009507655036
-1.475039619,-0.003169495692,0.00356890936,-0.005890659914,-0.01448531498,-0.0008399507455,-0.01991674707,0.008034634365,0.008596657121
-0.9943364572,-0.003117327189,-0.002744273347,-0.004959870272,-0.01090031932,0.000501248933,-0.02322861878,0.009635351246,0.008030775073
-1.286849384,-0.004556824908,0.003532137244,-0.007523727169,-0.01523927836,0.0005308101012,-0.02452160464,0.007123536687,0.007916001606
-1.131391258,-0.005020894618,0.003151278244,-0.007468089349,-0.01113779431,0.0006339017786,-0.02364366915,0.008933408609,0.006523027837
-1.235270954,-0.01319463798,-0.004163264718,-0.006474823675,-0.02378256808,-0.003656634617,-0.02433998627,0.007205609346,0.00886968346
-1.186997785,-0.01292856333,-0.008270261465,-0.005373032119,-0.01856632504,-0.0001700038741,-0.02500447779,0.01144111423,0.006379671921
-1.201947014,-0.01126529184,-0.004577231175,-0.007686431111,-0.01773217232,-0.001878773074,-0.02342903539,0.009033408937,0.006596679554
-1.178888303,-0.0101338611,-0.002434854682,-0.01385885859,-0.01429877361,0.000978546676,-0.02130592015,0.009621740145,0.007087736756
-1.204835931,-0.01138511851,-0.003222597426,-0.01122401731,-0.01633111947,-0.001528998749,-0.02222920467,0.007858924677,0.007635237045
-1.162050073,-0.01039135854,-0.003793207718,-0.007012691374,-0.01904622214,-0.0003968943229,-0.02226085838,0.009670616062,0.01004588725
-1.203877275,-0.006530865912,-0.002946782555,-0.003227683739,-0.01844687055,-0.0009097941623,-0.02200890045,0.01116537802,0.00849541235
-1.200162021,-0.006179774753,-0.002103034299,-0.006093232407,-0.01572550513,0.0005732389094,-0.02431263287,0.009784136961,0.007796901603
-1.187743264,-0.008240018512,-0.002114366402,-0.01023907077,-0.01369518154,0.001899365685,-0.02447283303,0.007857641328,0.008252434392
-1.188596121,-0.005630979887,0.003642485117,-0.01107396771,-0.01625916329,0.001542722131,-0.0243780822,0.003096056151,0.007263900296
-1.176140399,-0.006459620869,0.0008767360173,-0.007214311676,-0.01350135744,0.001946239006,-0.02250719804,0.009327048196,0.01082000218
-1.185415976,-0.003568459177,0.0001580858138,-0.004823876122,-0.01319864622,0.001724260885,-0.02442317478,0.01209577485,0.008699443343
-1.164666796,-0.003049173105,0.000885146252,-0.004363723944,-0.01289774174,0.003465056546,-0.0241005507,0.01180241609,0.00991079363
-1.198969484,-0.00127319394,0.000872969741,-0.007102173633,-0.01809021207,0.001312579646,-0.02391220275,0.006074084663,0.006950094801
-1.202294601,-0.0009060538322,0.005683213575,-0.006456392738,-0.01429411446,0.002166482611,-0.02197609939,0.008337788459,0.008062619814
-1.184017545,-0.002083622217,0.002981583452,-0.007028964764,-0.01441194582,0.0003567582624,-0.02229448986,0.009995617917,0.008584003428
-1.168817116,0.0001033029614,0.006691214317,-0.006642553681,-0.01477926539,0.001708156282,-0.02165043542,0.01335598335,0.009776104288
-1.19091648,-0.001440229226,0.002419325023,-0.007320964905,-0.01568771197,0.001823376277,-0.02442057394,0.01174906182,0.00994800721
-1.180657611,-0.001539328155,0.004537743323,-0.004431171536,-0.01304815762,0.004117249678,-0.02058911341,0.008815121641,0.009104787313
-1.172591569,-0.0008200627918,0.003743738553,-0.003936376745,-0.01351118993,0.004598219983,-0.02310443797,0.007502816933,0.009038781411
-1.200543211,-0.0007038926588,0.006108732254,-0.004423975619,-0.01740466537,0.0009963124204,-0.0201498949,0.008542587577,0.01023113993
-1.225859397,-0.001712441677,0.005127827037,-0.005850794499,-0.01423726381,0.001460827584,-0.02443509354,0.01033635579,0.007897796581
-1.156171208,-0.0004318387024,0.004549190596,-0.006701745873,-0.0129797768,0.000158905476,-0.02149127636,0.008405812432,0.008725791775
-1.190653483,-0.0006849942694,0.003561047318,-0.00466931067,-0.01277281152,0.00340221945,-0.02373738614,0.009322831821,0.008502919359
-1.182244554,-0.0006838436573,0.006392294603,-0.004441685397,-0.01492057663,0.003318219831,-0.02157855353,0.01068186,0.008912273837
-1.15359518,-0.0003818988052,0.004018844695,-0.008768334721,-0.0135407985,0.001626072157,-0.02389798518,0.01043691503,0.00811252198
-1.188674971,0.004195558767,0.0105033202,-0.006726333302,-0.007024023277,0.00263112991,-0.02054660365,0.009348020153,0.01031724733
-1.189016443,0.009227639671,0.01442607555,-0.001791791732,-0.01133261162,0.003003592817,-0.02260748215,0.01078688441,0.008966553841
-1.165015255,0.008385587626,0.0159904286,0.001100049272,-0.02164974956,0.004624385156,-0.02112190326,0.01102648599,0.01126858559
-1.201215426,0.007334374013,0.01468841493,-0.0008314720886,-0.01964000188,0.003848996949,-0.02189707855,0.0127156877,0.008924105835
-1.20357888,0.006475771443,0.0131810008,-0.006675444362,-0.01293780596,0.001804193207,-0.02244200047,0.009952306455,0.01012912264
-1.180570941,0.006372247576,0.01259288052,-0.007570632642,-0.008435189644,0.003754292265,-0.02230146477,0.01217778222,0.007697607436
-1.170926749,0.005079571259,0.01043227443,-0.004958201046,-0.01572380092,0.0004059922167,-0.02154676207,0.009365337828,0.00833629696
-1.187991702,0.001897634105,0.007518175486,-0.002854117454,-0.0114203769,0.003945527691,-0.02211595056,0.009345312336,0.01133776822
-1.159009427,0.004671313888,0.01326438229,-0.004231760437,-0.01386967287,0.002826899363,-0.02267186959,0.01014404788,0.007698410148
-1.200014702,0.004629516398,0.01003284327,-0.00617820489,-0.01290681764,0.005299726136,-0.02163522398,0.01170160457,0.008248376371
-1.200935864,0.001675705562,0.01094814782,-0.007963681322,-0.0139265323,8.739732279e-05,-0.02419501946,0.01091742422,0.007178983581
-1.121683401,0.000202673808,0.001070018609,-0.001687461086,-0.01120950763,0.001568766254,-0.02285122657,0.0099800712,0.009457859656
-1.175197105,-0.0001002847609,0.009279691793,0.004203586709,-0.02588010011,0.001984311588,-0.02459853739,0.008555099434,0.00868610354
-1.175527502,-0.001801037843,0.01048105264,-0.005776959088,-0.0129446664,0.003071860774,-0.02549329067,0.009618480272,0.007777452668
-1.184402833,-0.001375706122,0.005992407719,-0.01782289656,-0.005304248957,-0.0001736661665,-0.02042558953,0.005729490785,0.008673780943
-1.185366544,-0.001386759887,-0.001836099292,-0.009471178474,-0.02314608736,-0.000459297,-0.02403921243,0.004931127884,0.005511429735
-1.20880274,-0.001895337256,-0.0007988454227,0.004348873474,-0.0262277775,-0.0001945500979,-0.0242333154,0.01469305601,0.01065392955
-1.19487173,-0.002746572886,0.006560481535,0.002391787535,-0.01098685476,0.001258386031,-0.02310450172,0.01570590325,0.005733391584
-1.217255353,-0.00197380849,0.01010958106,-0.01640157483,-0.006245767625,0.0006265976742,-0.02415377416,0.005933915436,0.007939091614
-1.163034084,-0.005327456381,0.0008776850351,-0.01819446119,-0.02337237605,0.0008086802706,-0.0216982874,-0.003248588255,0.006756552427
-1.166099762,-0.002971319473,0.004395209569,-0.006906006104,-0.01600868345,0.000888063047,-0.02379848286,0.01152445494,0.009206497523
-1.181477895,-0.002886802831,0.005762701924,0.007831836803,-0.004927214587,-0.0004672971996,-0.02343660651,0.01852185969,0.009173148243
-1.171346331,-0.001992626488,0.006274038887,-0.005059144605,-0.01469886233,0.002457810247,-0.02213057709,0.008063005142,0.008073361272
-1.160608476,-0.004091975773,0.002461777253,-0.01799135585,-0.02371794305,-0.0006024052296,-0.02204164998,0.002183035477,0.006737427881
-1.174948637,-0.004614037586,0.00491918296,-0.009469618753,-0.01034027368,0.002796765209,-0.02372354023,0.007111523135,0.006963042823
-1.243069935,-0.001192174867,0.00094124432,0.002803985094,-0.01045566066,-0.0004013684519,-0.02700801247,0.01848742502,0.01013279442
-1.199608783,-0.00205362847,0.003323988237,-0.002997066798,-0.0252950249,-0.002427134355,-0.02181819023,0.01091614309,0.009098540629
-1.199682755,-0.0106645903,-0.002576077478,-0.01121788702,-0.02026520979,-0.001842265408,-0.02193957807,0.0007387868842,0.005823126651
-1.172919985,-0.014130573,-0.003910621991,-0.01311767427,-0.009966544512,0.002234032445,-0.02535913372,0.008311936444,0.006876383315
-1.163274984,-0.01260525825,-0.005038936334,-0.006522559932,-0.01926890599,0.0009379454262,-0.02191256299,0.01367913092,0.007506703042
-1.149060564,-0.01097492669,-0.00787670009,-0.006097488194,-0.02326483558,-0.002670672986,-0.02691865691,0.00937100947,0.008183294075
-1.225692858,-0.008708327687,-0.003936262355,-0.004466693995,-0.01549349244,-0.000852254461,-0.02512670719,0.005071255728,0.009058124983
-1.168739722,-0.009742130178,0.00126111153,-0.01199610472,-0.008369126961,-0.001740405546,-0.02381121972,0.007953102062,0.008078967405
-1.131077805,-0.009134663999,0.001372147332,-0.01343782884,-0.01922281052,-0.000392335397,-0.01984195381,0.01204121384,0.00557730322
-1.164273182,-0.005814503059,-0.001643101876,-0.00872442056,-0.01744805584,0.001048941754,-0.02542682937,0.01135624977,0.006506983474
-1.179141112,-0.007057044941,-0.005313517461,-0.001800931859,-0.01252988144,-0.0001741677849,-0.02440214742,0.01269168609,0.007874232825
-1.20066841,-0.005999374328,-0.001890950988,-0.004826888863,-0.01669942253,0.001634131689,-0.02308944636,0.005855139121,0.008058972019
-1.155620076,-0.003160826597,0.001068985887,-0.01189949295,-0.0207028871,0.0005116541472,-0.022073233,0.006233858237,0.007287044767
-1.16807386,-0.004249098719,0.005604989295,-0.01216573702,-0.01657207154,0.001333519663,-0.0246557174,0.01112780685,0.008356861976
-1.164750331,-0.003890876126,0.003924322136,-0.005736035958,-0.007826659316,0.001197636644,-0.02297906283,0.01340115858,0.008210570174
-1.184181712,-0.002586401892,-0.0003349656709,-0.00330892345,-0.01637222686,0.0002422674327,-0.0203311011,0.00798183578,0.007575219647
-1.179925278,-0.0003100147374,0.0006832268845,-0.0054982684,-0.01986669293,0.001260154706,-0.02189368971,0.009061765688,0.008098737484
-1.196660931,-0.002488757219,0.006582895225,-0.01097548508,-0.01104439102,0.003446271551,-0.02743863693,0.01242067335,0.007725303866
-1.176963841,-0.001247250154,0.00822736242,-0.00785731932,-0.009097742311,0.004828321288,-0.02439716921,0.00830314198,0.01037512048
-1.187454774,-0.003396232691,0.00450020231,-0.00703266862,-0.0172629345,0.0005241158904,-0.02034718754,0.007095671742,0.008921807533
-1.105353864,-0.001340339374,0.003434436588,-0.001518510045,-0.01698070073,0.001374556754,-0.02011511533,0.0056259489,0.008426351256
-1.145218809,-0.001797592995,0.007306419196,-0.003621548986,-0.008879500953,0.001755169683,-0.02429948061,0.01250947665,0.009180140056
-1.203823046,-0.001133853105,0.007523893699,-0.006641261384,-0.0154396639,0.0009037089688,-0.02411530508,0.01125428399,0.006960943377
-1.164150369,-0.000135127177,0.002467812769,-0.00796343755,-0.01710112492,2.799508409e-05,-0.02311866887,0.01108709888,0.009168684663
-1.149369347,-0.001231671927,0.004199969137,-0.004555617066,-0.01241750374,0.002469611885,-0.02288996063,0.008344537136,0.009491462232
-1.180996683,-0.001839163888,0.003696910466,-0.002832879522,-0.01045620741,0.0024305473,-0.02264349448,0.00947635537,0.008486882614
-1.224792736,-0.001250569247,0.006547156696,-0.006423821259,-0.01997461307,0.002066046706,-0.02061577898,0.01082769013,0.008799071534
-1.178926721,-0.001446986381,0.001293690118,-0.007936957546,-0.01382391605,0.002371817815,-0.02199889751,0.0116870958,0.009025197931
-1.170365093,0.002737585802,0.0120390403,-0.005862510439,-0.01015817462,0.001528915618,-0.02245669895,0.01075100143,0.008981719785
-1.147010485,0.007938057727,0.005666032302,-0.003846491771,-0.01191203902,0.002355999025,-0.02004187486,0.01095404362,0.009834727948
-1.185674044,0.009061633143,0.02485593261,0.00386842184,-0.02375746855,0.005010135738,-0.02212353911,0.008358381121,0.01120053319
-1.162358961,0.008065873296,-0.007910169754,-0.00101115281,-0.01201479636,0.003623398551,-0.02207304701,0.01452935633,0.009193698257
-1.165620462,0.006732960484,0.1836395933,-0.004286605083,-0.01262592018,0.003389722056,-0.0192443095,0.01115713914,0.009063555294
-1.167303636,0.007671068061,0.07906963611,-0.0101088056,-0.01267514576,0.00137004363,-0.02489094847,0.006914155663,0.007673232255
-1.149741339,0.005674474138,0.03143080439,-0.008443217127,-0.01120310617,0.001140294905,-0.0180583523,0.008367567896,0.01120216588
-1.17434273,0.004577614443,0.04658672945,-0.004504104512,-0.01696536245,0.003190132881,-0.02335155001,0.01252192727,0.008773267311
-1.162364812,0.003009448941,0.03490864261,0.002825676433,-0.02055871301,0.003539777537,-0.02452395757,0.01683015456,0.008691067161
-1.172657982,0.003334831444,0.0483957578,0.002977771707,-0.011003111,0.004791530901,-0.02327607401,0.01064237198,0.005977327636
-1.18352314,0.0005168647499,0.0364847786,-0.009738529831,-0.009519873286,-0.0007340808938,-0.02199924233,0.007122060367,0.008558128355
-1.160134966,-0.000239290444,0.0357125927,-0.01354025865,-0.01945431769,0.001748649723,-0.01902120964,0.001685638489,0.008782951886
-1.151128212,9.595278209e-07,0.02947232687,-0.005106316574,-0.01759972277,-0.0007545955807,-0.02437914632,0.01212062829,0.008738197343
-1.165529053,-0.0007049832777,0.03254200111,0.0009748943319,-0.0147226836,0.004241021022,-0.02467787105,0.0159424955,0.01040604615
-1.133538135,-0.002247613097,0.03068316115,0.001582933729,-0.01245698669,0.001775104139,-0.02376459675,0.009998735056,0.005981272792
-1.168225816,-0.003291231734,0.02674901508,-0.01428374524,-0.01983571248,-2.246357808e-06,-0.02259157897,0.002534292287,0.007540835996
-1.117346951,-0.001888493567,0.0270539217,-0.01241071394,-0.01540016606,-0.001213435157,-0.02238515477,0.003984781947,0.007278981378
-1.238932319,-0.002950067301,0.02263306296,-0.007818574528,-0.01409068846,-0.001962421515,-0.02503702789,0.01299291136,0.009485084105
-1.086144053,-0.001292823759,0.02601561325,-0.001016457847,-0.01739076457,0.002921674779,-0.02162816508,0.0138496381,0.009003222535
-1.286628134,-0.002245061833,0.02350419934,-0.002342175452,-0.0219680764,0.0007481138081,-0.02531163534,0.01113063137,0.005889392775
-0.9669765926,-0.003998821063,0.02480245656,-0.007406108331,-0.0120764607,0.002960160437,-0.02381540728,0.003878115693,0.008401130838
-1.582123002,-0.003970226738,0.01972187119,-0.008983637851,-0.007679015473,-0.002449696791,-0.02333476245,0.008559589413,0.008849265282
0.7798205052,-0.002289633078,0.0212682832,-0.01056619157,-0.01779225052,-0.0008668315705,-0.02095469264,0.007881069033,0.009756845132
4.84701561,-0.0006259614796,0.01693331021,-0.002715284828,-0.01790464968,0.0003797218805,-0.02186062902,0.01381524287,0.008733021627
4.201697078,-0.00251490308,0.02308662388,-0.003406341732,-0.01612524071,0.002316783177,-0.02390489627,0.009621011089,0.006620273076
4.539925501,-0.003919275473,0.01733531053,-0.006696535978,-0.01232470281,0.000255439285,-0.02292369199,0.00749857441,0.007946459625
4.339532058,-0.004104050342,0.01507759995,-0.01044841285,-0.01906696881,-0.0006243274839,-0.02048259207,0.002891926361,0.00723763609
4.428565539,-0.006876186779,0.009868322518,-0.007454091192,-0.0134216564,-0.0008310169402,-0.0246458986,0.01071570543,0.0101622374
4.339489135,-0.01322481178,0.008333094383,-0.00498314116,-0.01861982642,-0.002080600884,-0.0243206237,0.01120556032,0.007800991754
4.341731697,-0.01165760868,0.01141510353,-0.004261265287,-0.01823055256,-0.0005279551096,-0.02520240367,0.009586773267,0.00689315662
4.354362742,-0.01134778762,0.008570739678,-0.01044354163,-0.02221260554,-0.00054688245,-0.0242210279,0.005799312266,0.004369870149
4.409730559,-0.01274073776,0.00731052318,-0.01107899677,-0.01559920509,0.001548600894,-0.02308853614,0.0084448623,0.005712631876
4.371200709,-0.01009797247,0.003003428527,-0.009410806234,-0.01374135513,-0.001427629566,-0.02274320081,0.01492827255,0.009463867633
4.396370625,-0.007517303093,0.008396136193,-0.004873439491,-0.01411903208,0.000187726565,-0.02300627751,0.01057427995,0.01066723704
4.43608805,-0.005957641907,0.01061798042,-0.006750823782,-0.01637956769,-0.0006202504448,-0.02470373605,0.01024626691,0.009001640763
4.380104075,-0.008761102855,0.01153166525,-0.008247586209,-0.02007099201,0.001544727372,-0.0222810708,0.002343086972,0.007640262088
4.411534927,-0.008580963997,0.00718008622,-0.009442402213,-0.01310426743,0.0008787535602,-0.02321042874,0.008704282707,0.006671209537
4.380732431,-0.005324150156,0.007726230177,-0.007668859552,-0.01737314893,0.001209928277,-0.01936517505,0.009719868294,0.007983654297
4.370973529,-0.003349457857,0.006174371684,-0.005577513695,-0.01318458427,0.0005920566454,-0.02172125932,0.01254425714,0.009565027283
4.380587315,-0.001918643266,0.0110435272,-0.00488427032,-0.01494335684,0.0009225341734,-0.02513228467,0.009803945895,0.009604669493
4.344339763,-0.003903626257,0.01169403576,-0.007512086487,-0.01411746174,0.003001108004,-0.02455027864,0.007685422321,0.008895224856
4.357983917,-0.002379600341,0.01102860793,-0.0103548834,-0.01842370231,0.001675272693,-0.02391159834,0.01108431327,0.00737079407
4.39091314,-0.002759800091,0.01197061989,-0.007910670057,-0.01431702499,0.002833870622,-0.02101838745,0.01050444277,0.008057178685
4.314570835,0.0003423804003,0.009010758439,-0.005010721999,-0.01004727123,-0.0008065915193,-0.02224844948,0.0125171312,0.007442854346
4.42624915,-2.702459044e-05,0.007473185628,-7.125902411e-05,-0.01982211579,0.001619676219,-0.02123065063,0.01005408023,0.01107298685
4.376735829,-0.001609768953,0.0126072074,0.001225197211,-0.02494881849,0.002982750101,-0.02682807064,0.009614337956,0.006772483906
4.367156501,-0.0008557510975,0.01446438156,-0.009374990723,-0.00639612171,0.003206182608,-0.02209459864,0.010332487,0.009873419106
4.354871545,-0.002444696425,0.01101857541,-0.01422422108,-0.003805763442,-0.0002110564271,-0.01961825351,0.006963727518,0.008035370618
4.443044002,-0.001598254172,0.006530110624,-0.01189082902,-0.02302430915,-0.001744957012,-0.02128013526,0.004959113104,0.01010534625
4.295982678,-0.001925774208,0.009150023803,0.001294734998,-0.0195107642,0.003153479523,-0.02200850146,0.01253003161,0.009240558569
4.458765267,-0.0008413892008,0.01352005927,0.004138395231,-0.00568995129,0.002635569907,-0.02383354014,0.01570472945,0.009487626224
-0.1074597619,-0.001522521318,0.009293413523,-0.007715521324,-0.009876149351,0.002713619507,-0.02240762509,0.009153945984,0.00848712428
-1.451296378,-0.002588236811,0.006581070766,-0.0158749553,-0.02336413279,-0.0003551799847,-0.02211021906,2.56611843e-05,0.006610815566
-1.068522396,-0.0004340658215,0.01151906052,-0.008192625271,-0.01240217234,0.002686186107,-0.02277355443,0.01092359189,0.01115434273
-1.263863026,0.007102227646,0.02173622025,0.00557433051,-0.005292826475,0.003897158125,-0.01896519163,0.01478319884,0.01074660909
-1.137340907,0.007964620393,0.02024566343,0.002449455533,-0.01895898544,0.005217527878,-0.01991043407,0.01413796027,0.009780430044
-1.201737512,0.008640399896,0.0156801516,-0.00758442947,-0.02292644346,0.006200108423,-0.02188929804,0.008750159458,0.008336292172
-1.131323875,0.006385078585,0.01347234469,-0.007017548917,-0.005775429043,0.002768456847,-0.02357746855,0.009789992322,0.009032817007
-1.185220386,0.008962038692,0.01555448024,-0.005880556425,-0.003353314428,-0.0001934591204,-0.02127904641,0.01083568944,0.0113653067
-1.201933004,0.006518978869,0.01591456683,-0.002047028843,-0.01843454464,0.001064674517,-0.01806384336,0.00979519315,0.009998862614
-1.223182631,0.003467687461,0.01506935224,-0.002634106894,-0.02088779192,0.004233682497,-0.02480675806,0.01059467259,0.009520361117
-1.186782728,0.001289433689,0.0157930391,0.001385421164,-0.01141239908,0.004589361335,-0.02342798089,0.01088986017,0.006769622542
-1.18162568,0.003490778359,0.01387290063,-0.00413565389,-0.008749855607,0.002958541497,-0.01960184346,0.01006930734,0.007536911399
-1.195881331,0.004698663526,0.009865487015,-0.007961124466,-0.01686500608,0.002528850018,-0.02067348707,0.005620841253,0.01129190381
-1.198045241,0.002099811888,0.007937483032,-0.00431139778,-0.01891509293,0.0003956409178,-0.02484998768,0.01076050014,0.008680230408
-1.210637563,0.0003876447327,0.01335737862,-0.0009678411904,-0.0124420363,0.002466956112,-0.02417761398,0.0141242025,0.01011008184
-1.195100137,-0.001885581337,0.01046156494,-0.00426283867,-0.01430637894,0.000502991155,-0.02125265229,0.009027313617,0.006685257248
-1.168480295,-0.00154828851,0.004763770142,-0.007818130185,-0.02156347826,0.0003858401144,-0.02150384777,0.005599115148,0.005724846734
-1.233778045,-0.00179806065,0.003854752733,-0.009550520171,-0.0167817931,8.053827938e-05,-0.02428658036,0.00913459977,0.007895563523
-1.174489464,-0.001543825634,0.006138894457,-0.00334085805,-0.01164959598,0.0001864838976,-0.02348966292,0.01062696752,0.00930296989
-1.212231422,-0.002916589545,0.005893463509,-0.003333052635,-0.0154636513,-0.0006806872549,-0.02314159915,0.00938671886,0.01055721793
-1.180381221,-0.004016389709,0.009338435253,-0.005857161713,-0.02323528507,0.0005603857377,-0.02176828154,0.006582042477,0.00719928757
-1.191256534,-0.00395315696,0.006348802013,-0.009596343434,-0.01404342273,0.003154956822,-0.02378497335,0.009839297009,0.006263279622
-1.154839192,-0.004805199998,0.005264838859,-0.00667054608,-0.01056516817,0.001190293022,-0.02235783696,0.0097914535,0.007216245875
-1.103591429,-0.001925574197,0.005230611715,-0.006408849648,-0.01485624104,0.0001470887932,-0.02188430604,0.01133993061,0.00923101847
-1.179011904,-0.002651683015,0.003017277115,-0.006072932987,-0.01823682422,0.0008823888634,-0.02439215293,0.01108930468,0.008469313364
-1.176281113,-0.00278730695,0.005499590854,-0.005410799579,-0.01427105567,0.001467783677,-0.02528556919,0.008061298068,0.008712031621
-1.20026576,-0.003554991317,0.00700146462,-0.00674524365,-0.01462785507,0.0002030068632,-0.02347761247,0.007638992465,0.008966629465
-1.179180239,-0.004429838146,0.002257879476,-0.008394356842,-0.01963450841,0.001763632708,-0.02015771606,0.007493493561,0.005930962734
-1.187700512,-0.002129490859,0.006235186702,-0.003816906644,-0.01774123391,0.002750849837,-0.0234986656,0.01187350191,0.007895176052
-1.197163505,-0.004954655336,0.00476118108,-0.005135319303,-0.01536735844,0.000518362013,-0.0247844557,0.009836910924,0.007549876149
-1.172407029,-0.01153553085,-0.00369731596,-0.009483453128,-0.01639394764,-0.001950594846,-0.02619372438,0.009042752885,0.009013517157
-1.203033045,-0.01397518062,-0.004909401505,-0.01316124552,-0.01713804021,-0.0007943111833,-0.02449200741,0.00756764651,0.007022714562
-1.203048915,-0.01109112378,-0.006016276522,-0.00820550968,-0.01397904067,0.0005815772312,-0.02340389193,0.009152508218,0.007704684014
-1.209855901,-0.01161504076,-0.001982762423,-0.007332726544,-0.01863167299,9.927709665e-06,-0.02306890659,0.009836779343,0.008136027858
-1.197010769,-0.0105506852,-0.001843277803,-0.006344652525,-0.01387203169,0.0003348501546,-0.0229900628,0.008522563967,0.007024189064
-1.169076588,-0.009833999455,-0.004024100691,-0.005240429744,-0.01523286226,-0.001782949657,-0.02396389559,0.006496063663,0.008511540189
-1.140865997,-0.007485189059,-0.0002841204141,-0.00473554736,-0.01973539326,-0.0002205729417,-0.02507560117,0.007928377301,0.009605956342
-1.176979664,-0.006657759159,-0.003135243754,-0.008132646195,-0.01820044675,0.0003090806512,-0.02056861378,0.01240848008,0.008539607235
-1.143453937,-0.008620207466,0.003700589809,-0.01036912006,-0.0221474638,-0.0004756759795,-0.02343269006,0.009077894692,0.006704113905
-1.187414647,-0.005452614229,0.002396216309,-0.01639807153,-0.002596696095,0.0006440986646,-0.02324158195,0.009473842005,0.007384325365
-1.17383201,-0.004934912405,-0.00138378085,-0.009904983613,-0.01040111119,0.001033227222,-0.02012137959,0.005846838366,0.008148325983
-1.178542529,-0.002837017223,-0.003425083116,0.0006350250625,-0.02508540301,-0.001120311376,-0.02784268908,0.01473945238,0.008341504725
-1.189594818,-0.005920604575,0.005223308295,0.00121535804,-0.02169331423,0.001185558559,-0.02351787528,0.01549669653,0.009912105817
-1.177849613,-0.0008649471942,0.008007839304,-0.01127532271,0.001743210349,0.002801324638,-0.02575621807,0.01443708026,0.00712903163
-1.190543295,-0.002171690737,0.002331997704,-0.01500135765,-0.02074697838,0.00164073034,-0.02031832948,-0.0007654511252,0.009996594156
-1.214231778,-0.002594706682,0.001103964352,-0.004626025998,-0.02275580007,0.002558400933,-0.02199044754,0.004065051457,0.006357256021
-1.167386575,0.000248444007,0.009332026491,0.0009483617477,-0.008076573377,0.0009050318184,-0.02248897449,0.0186512883,0.01149619148
-1.20298373,-0.001952388065,0.0102537752,-0.001882588792,-0.002530310166,0.004992888562,-0.02459268887,0.01372842889,0.01040488054
-1.188121584,-0.004058384638,-0.0007037022593,-0.01231604256,-0.02724280886,-0.001483252705,-0.02373035218,0.002709893026,0.007667366088
-1.170702562,-0.002683191244,0.002140954896,-0.01345296423,-0.02486320731,0.00470452322,-0.02101662786,0.009823727214,0.009418337368
-1.202331209,0.000405203199,0.006929944224,-1.159620887e-05,0.001377966079,3.27638243e-05,-0.02620404864,0.01613350914,0.009052502899
-1.241147152,0.001116174027,0.006027607365,-0.002972929192,-0.01315787878,0.002413712644,-0.02440393644,0.01114443123,0.01288556421
-1.157629826,-0.0006738104761,0.006938724975,-0.005096037261,-0.02612753007,0.001289862596,-0.01795879496,0.006310617551,0.007968729782
-1.187331436,-0.004488207137,0.007460655605,-0.009034667805,-0.01422318483,0.004167959016,-0.02481151179,0.006885228802,0.008287871964
-1.186941582,7.332674857e-05,0.005441911089,-0.004817503933,-0.002169764147,0.003288853467,-0.02244989192,0.01470999967,0.009149046783
-1.172449928,0.0007600736291,-0.001536507759,-0.005193889707,-0.01922663822,0.0003935163767,-0.02440245852,0.0127290623,0.01108460641
-1.147056403,0.006155017998,0.008419333191,-0.002475083927,-0.01763519145,0.001011888206,-0.0218093275,0.007115148842,0.008092786083
-1.188977286,0.01065595591,0.01699606681,-0.0003714794846,-0.005111824843,0.001632006919,-0.01899903781,0.006981669658,0.009034264088
-1.176212862,0.009485111443,0.02030630976,-0.005815030674,-0.009168183759,0.004675706095,-0.02231774449,0.01256824656,0.01192496537
-1.196546337,0.007073217026,0.007921553436,-0.006414475328,-0.02278794046,0.002752802429,-0.02018304638,0.01636639542,0.006384984105
-1.173192099,0.00565043132,0.01244807024,-0.0009130136616,-0.0128141761,0.004171217799,-0.02526096252,0.01056112603,0.01028816069
-1.136125044,0.007102848388,0.008797732473,0.002254455687,-0.006733004368,0.00375996351,-0.02198605545,0.01065505493,0.009480537057
-1.188974143,0.005098088604,0.01484891697,-0.003494147229,-0.01775913954,0.003270348358,-0.01817188129,0.003330804143,0.009628791477
-1.170181496,0.0009880045124,0.011875515,-0.006936846249,-0.01722477396,0.002120426723,-0.02404556181,0.01022972045,0.007970966297
-1.151190233,0.002591068486,0.01415991813,4.338273673e-05,-0.005898829266,0.002522528411,-0.02360353527,0.01485763851,0.006835877335
-1.134257638,0.004882904221,0.007430690387,-0.00679579808,-0.01608847253,0.002343782176,-0.02348861588,0.01272909314,0.009394910934
-1.209034907,0.002058179529,0.002751800831,-0.008347634927,-0.03291636172,-0.001056934792,-0.01852449804,0.003542228104,0.007734254162
-1.147576887,0.002396615616,0.009669380136,-0.006371410616,-0.004169544418,0.004132456116,-0.02898324257,0.009278778135,0.007812150192
-1.207338244,-0.003324534887,0.008163434373,-0.0009626946694,-0.003229642689,-0.001615648844,-0.02457341168,0.0118670302,0.0110632709
-1.136896823,-0.003231086197,0.006173545224,-0.003987316142,-0.01779742007,-0.001017277457,-0.02098723921,0.002645430555,0.007974219348
-1.181353672,-0.001961263073,0.004448437313,-0.01315710832,-0.02908751461,-0.0006700055849,-0.02404514975,0.004646843895,0.007140027304
-1.197685147,3.51465654e-05,0.007960875871,-0.01041653397,-0.01512304885,0.00239392203,-0.02525576022,0.01504807476,0.007849188322
-1.171278785,-0.002559709744,0.006202941093,0.005000916349,-0.003736377786,0.001320376559,-0.02630158387,0.01463753916,0.008757663717
-1.162032783,-0.00338089092,-0.002152756146,0.00116652545,-0.01898811105,-0.0007359160041,-0.02278281299,0.007412554658,0.004815412441
-1.162777191,-0.001688457597,0.004740453077,-0.01173659726,-0.02400228192,0.00118614397,-0.01853897726,0.00805743778,0.007181050122
-1.17300339,-0.00366271829,0.0127581739,-0.01473710241,-0.006884510769,0.004174473137,-0.0281724941,0.01117091987,0.009029745845
-1.168207613,-0.0001669534755,0.003302579102,-0.006354695501,-0.01633275827,-0.0007616543307,-0.02130147311,0.008417433008,0.01143155698
-1.158939685,-0.0002616243575,-0.0007308754944,-0.001382165966,-0.03012703736,-0.002190293063,-0.01910755957,0.01008059539,0.007668942837
-1.151753826,-0.002660194492,0.0002155847418,0.001022619931,-0.01324754153,0.001296146333,-0.02237230953,0.008862116208,0.006207047301
-1.158338107,-0.001996252158,0.002929165834,-0.002611349649,-0.0001268560994,0.0005931234999,-0.02657334987,0.007224075351,0.008854955832
-1.155485726,-0.005376248183,0.01228481747,-0.007531140985,-0.02461021228,-0.001192684552,-0.02334858756,0.002725927536,0.00981976894
-1.191305121,-0.005329790098,0.003941768229,-0.0106671181,-0.02252003546,-0.002909171773,-0.0224938522,0.01400231653,0.007789232182
-1.183236528,-0.001043399715,0.001682048527,-0.00465908808,-0.005798857099,0.001337280514,-0.02441723854,0.01455306202,0.01017081969
-1.133118568,-0.009284367974,-0.006632570941,-0.005612933271,-0.01419617508,-7.822107687e-05,-0.02744236872,0.01014667535,0.005198115745
-1.195374782,-0.01319831644,-0.01047761118,-0.008667251396,-0.02976839235,-4.939448248e-05,-0.02114021429,0.009983273077,0.003826381344
-1.15215935,-0.01372254035,-0.0004095966866,-0.004989122648,-0.01016287843,-0.002587798395,-0.02419804421,0.008458884247,0.005955639784
-1.166729231,-0.01321062435,-0.0005349424325,-0.01022276303,-0.009449789204,-0.004041727174,-0.02558363064,0.009810175185,0.01024169455
-1.186900046,-0.009098703599,-0.007937167073,-0.01428122165,-0.02663359355,-0.00286104303,-0.02247105199,0.004153086457,0.008088055503
-1.136783008,-0.009085206583,-0.004738056877,-0.01068500165,-0.02214530587,-0.0005388756595,-0.02524915482,0.006759506166,0.00862930935
-1.157332028,-0.006237740176,-0.0006031712932,-0.002592393504,-0.003072474044,0.004588272317,-0.02161694939,0.01518006347,0.007261426317
-1.161993919,-0.006505038307,-0.0006519493868,-0.005225550502,-0.01999879563,0.0007939710882,-0.02374764393,0.009625774556,0.008938398331
-1.145949966,-0.01071139554,-0.004966571977,-0.01058190516,-0.02817129246,0.0003504785653,-0.02160328838,0.006292146908,0.009513534485
-1.111673481,-0.009950682888,0.003021087208,-0.009757597608,-0.002927158128,-0.004410881423,-0.02505025939,0.008178707645,0.007323017024
-1.159791009,-0.003736373789,-0.0004770019867,-0.00846726254,0.001425639072,-0.001034751536,-0.02284307487,0.01094670737,0.0112291292
-1.150277164,-0.002814734709,0.001458719909,-0.009391736114,-0.03169371507,-6.126868323e-05,-0.02158228667,0.009573858251,0.006921437158
-1.146473675,-0.003226327413,0.003039426465,-0.003084745451,-0.02714112332,0.00359699535,-0.02467262069,0.01019735458,0.007358947895
-1.18009295,-0.005347102539,0.006018079334,0.002359173681,-0.0001426207332,0.002416659875,-0.0273172436,0.02168508033,0.008554813488
-1.167076232,-0.004634765681,0.004705153841,-0.0009645318797,-0.001860504765,0.0005880899418,-0.02231967923,0.008893533564,0.008432887333
-1.169916666,-0.001741904072,-0.002584500887,-0.01536908012,-0.02897115142,-0.001397772947,-0.02182089963,-0.004399192411,0.01016411103
-1.183534919,0.002574914114,0.003747045627,-0.01373246082,-0.0272539606,0.003093358384,-0.02241152674,0.004494087072,0.008776173408
-1.10484633,0.0002463683956,0.0113944241,0.0005739663188,-0.0008599010174,0.002178450921,-0.02532220316,0.02138939198,0.01022706966
-1.208292925,-0.001571148679,0.006130790676,0.003602012669,-0.008363774365,0.003581552226,-0.0238775038,0.01500017591,0.00826808538
-1.158511669,-0.002542565966,-0.0006939383706,-0.003290139794,-0.02700924744,-0.0009695642873,-0.01810803431,0.001617169605,0.007212004822
-1.224951782,-0.001433930768,0.002109890187,-0.01225948221,-0.01983331235,0.0008539129663,-0.02571194327,0.005867658474,0.008777282517
-1.040491377,-0.0006123210974,0.008063953689,-0.008757270492,0.0005573448429,0.00288016355,-0.02359803369,0.01658383306,0.01193055514
-1.375939924,0.001489540431,0.00415309949,-0.005833760699,-0.01582485722,0.0006508624942,-0.02497660903,0.01645401114,0.01157671752
3.217202376,-0.001909552685,0.003301557196,0.001220751642,-0.03244755654,0.0049817279,-0.02030159364,0.006232301821,0.007507350722
4.703902835,-0.0006361575452,0.006802969372,-0.005008544051,-0.008548143661,0.004613230369,-0.02351967643,0.01029504604,0.005732029626
4.215225236,-0.002157858293,0.008037667814,-0.01240302457,0.001063635674,0.003519611576,-0.01652811266,0.005771632412,0.007671366659
4.470637621,0.00262622113,0.001610464775,-0.01212987278,-0.01579538737,-0.001158735138,-0.02338347786,0.006869711756,0.01016439361
4.328027267,0.008119044036,0.009176866148,0.0005563867827,-0.02631335998,0.001916255362,-0.0254984524,0.01518668572,0.01351933621
4.438497864,0.01014392561,0.019254317,0.006522298019,-0.005243743108,0.004211771135,-0.02411662854,0.01669608649,0.009644654688
4.334363094,0.006647476106,0.01782507316,-0.002408681783,-0.01050382161,0.004434281059,-0.01978517083,0.006139845697,0.009511089813
4.397479447,0.004437714036,0.0138054704,-0.01317234322,-0.018302678,0.005714876686,-0.02092624752,0.00436339702,0.007113224671
4.360485731,0.004810345033,0.01023683652,-0.002456699896,-0.01836732241,0.003667015261,-0.02205437267,0.009636480027,0.00822449336
4.395783265,0.004653837667,0.01355625287,0.00433733327,-0.005255703852,0.00316939978,-0.02437416617,0.01787850873,0.01423936599
4.364032463,0.004394888739,0.008962666228,-3.485612168e-05,-0.01540995858,-0.002972864531,-0.02093319239,0.01345830578,0.01021010287
4.395031287,0.003304456451,0.01108281428,-0.01298583666,-0.02220461693,0.004287437414,-0.0228220528,0.003945999363,0.01038575635
4.407793925,0.003715468748,0.01147994161,-0.01045514114,-0.01274308427,0.004347605464,-0.0247654298,0.009649935271,0.004325222086
4.383686521,0.002129310631,0.01189812913,-0.00199593768,-0.00732126397,0.002812690192,-0.01866435778,0.01209478334,0.00842592661
4.382498936,0.0007571721569,0.003637325167,0.001704689699,-0.01189565935,-0.001104827412,-0.01917063187,0.01067854403,0.009366898107
4.325797124,0.000529287784,0.006242921497,-0.005076696381,-0.02381476506,-0.0004608832096,-0.02333736939,0.008605418557,0.009739573205
4.410246973,-0.0003757970173,0.002755590627,-0.0102180022,-0.009400807563,0.001711267425,-0.02770152696,0.009404804361,0.009912896554
4.395568622,-0.0006837063265,0.007700859091,-0.003866966105,-0.02593063662,0.001011462899,-0.02465721558,0.006285672701,0.007184835992
4.407000388,-1.72723639e-05,0.00659978617,-0.007186052579,-0.01428744012,0.003580230091,-0.02008329582,0.00900600091,0.007520852395
4.404225879,-0.001029609136,0.001151674415,-0.009822150116,-0.01009785467,-0.0006370365242,-0.01617614874,0.008857245997,0.008132685106
4.419976202,-0.003021260855,-0.00101233213,-0.01163479552,-0.01230659289,-0.002179958337,-0.02819054511,0.003163523357,0.007316908558
4.388249598,-0.002096393373,0.001268619989,-0.00123913853,-0.02069972616,-0.001202112927,-0.02463261058,0.01262564894,0.0104537472
4.344535142,-0.002391652618,0.00480920029,-0.001077102219,-0.01545417885,0.00494289579,-0.02423406865,0.01595605886,0.007288671674
4.392960436,-0.002905114491,0.005214738233,-0.004086186865,-0.01469413364,0.0007456292058,-0.02471013378,0.01163196961,0.007664426383
4.316009716,-0.003239634857,0.003295346548,-0.009301109436,-0.01918329294,0.0009504228629,-0.02321699001,0.0004740355489,0.006299122014
4.457138775,-0.001919882251,0.003932923161,-0.009505208034,-0.01641505359,-2.986547836e-05,-0.02131772642,0.005946883488,0.007312941698
4.254466335,-0.004038974836,0.005249368322,-0.003031070809,-0.01048795596,0.0008880058991,-0.02253551058,0.009996199445,0.01090417584
4.657263446,-0.004648413331,0.00656899524,0.0004117167043,-0.01283003359,0.0004432709072,-0.02531978506,0.01094177611,0.008852072231
3.166660953,-0.004729476606,0.0006488730276,-0.009283924419,-0.02387858582,-0.0003025359251,-0.02490277604,0.009211517622,0.007833883104
-1.377121149,-0.001892804559,0.002107652441,-0.004410236988,-0.01719336202,-0.001950337915,-0.02238583513,0.00486844716,0.006983070601
-1.036721391,-0.006810336455,-0.001357444822,-0.00886234169,-0.01187298092,-0.001372273437,-0.02331447259,0.008735926074,0.007556733386
-1.261444057,-0.01180339378,-0.003549073048,-0.008972871174,-0.0190232263,-0.0007057670016,-0.02117261913,0.009491074866,0.007442605314
-1.121027958,-0.01343428342,-0.005022913071,-0.007176921917,-0.02181273592,-0.000909848297,-0.02529561372,0.009777775503,0.007024482621
-1.223350763,-0.01171924906,-0.001966487363,-0.006512071209,-0.01353771178,0.0003134384919,-0.02546989488,0.007151564045,0.007770639428
-1.156600965,-0.01113627144,-0.004069579542,-0.01120328084,-0.01228151168,0.0008214912885,-0.02232456515,0.009026089289,0.00899530204
-1.19700818,-0.009520467603,-0.004973688522,-0.01257087342,-0.01872608377,-0.0001133716171,-0.02209584702,0.006319685788,0.009353920392
-1.150359229,-0.009445993848,-0.005210114526,-0.007752972663,-0.01909714523,-0.00185076383,-0.02531914854,0.008096863056,0.007186535879
-1.209406699,-0.006007033693,0.0005612941233,-0.00646244955,-0.0151951771,0.0009824510867,-0.02414177282,0.01186649895,0.007962648821
-1.198694137,-0.007277424985,-0.000970361307,-0.006196343541,-0.01158680374,-0.001068470871,-0.02309663853,0.01113867427,0.008156122223
-1.154467201,-0.008942337192,-0.002079082914,-0.01114102087,-0.01807674847,-0.001144843293,-0.02551568823,0.004137886505,0.009768769423
-1.186565697,-0.006117002407,-0.002398599076,-0.01293989955,-0.01456115509,0.00213063888,-0.02285826345,0.007735647698,0.006770259593
-1.188800468,-0.003749638526,0.0007347572819,-0.004454356728,-0.01433163839,0.00108202605,-0.02351032085,0.01094184456,0.009497853476
-1.211904518,-0.004082077144,0.002663936926,-0.0006901334371,-0.01375474179,0.001082327451,-0.02456520113,0.01319319031,0.009340076157
-1.193162399,-0.003566796678,0.002872590684,-0.004034638212,-0.01883901408,0.0002228403676,-0.02292785852,0.008247778263,0.006300564557
-1.217696318,-0.00288808936,0.006450754769,-0.008651202504,-0.01269966322,0.0024151502,-0.02122694803,0.007818211538,0.008478321815
-1.191939027,-0.001915849783,0.004453223658,-0.01118652601,-0.008539569597,2.473805129e-05,-0.02290882957,0.009290619315,0.008093741494
-1.187413909,0.0007048675705,0.002659457616,-0.006877832175,-0.01637396109,0.001034000068,-0.02115857048,0.01048440787,0.008596220218
-1.180105919,-0.0004639308832,0.002832768611,-0.00333564224,-0.01649082166,0.001650184883,-0.02378683772,0.0156359437,0.008326693855
-1.165137148,-0.001562442558,0.006316115751,-0.0003044644623,-0.01609559547,0.003314709017,-0.02329565384,0.01026604155,0.01065789976
-1.211710845,-0.001811165983,0.006534378331,-0.003361848664,-0.01143636604,0.001512080102,-0.02359249509,0.008511107363,0.008164853347
-1.133801548,-0.001729862435,0.003768777733,-0.01065418222,-0.01768623461,0.002304820739,-0.01984127999,0.003770542629,0.008299289177
-1.221372176,-5.682878867e-06,0.004509338294,-0.008667096156,-0.01451597855,0.001981331977,-0.02154596656,0.009482370564,0.01068218049
-1.141652366,0.0004641541386,0.003433360892,-0.003071518301,-0.01323871016,0.002085233473,-0.02334857246,0.01452657316,0.0102526784
-1.194706516,-0.0005207855699,0.003805466102,-0.002294806683,-0.01136287199,0.001680309475,-0.02260420612,0.01458733407,0.0103391501
-1.160194494,-0.002673284987,0.002492143813,-0.005771747051,-0.01505149348,0.002874463333,-0.02208039188,0.009145084263,0.007421210137
-1.206056343,-0.001185139455,0.004282005282,-0.008931704631,-0.01361759702,0.004912386373,-0.0230161464,0.007734199411,0.008389182991
-1.155883411,-0.0007385040376,0.005011407678,-0.007380720457,-0.01455839067,0.001704613532,-0.02361244434,0.01105852864,0.007590971748
-1.162980522,0.006409991702,0.01126218142,-0.004649176322,-0.01219620938,0.004409409039,-0.01929099414,0.01125634085,0.01065411919
-1.199955333,0.009561428444,0.01550387666,0.0001201533797,-0.01683797566,0.003397651698,-0.02139328944,0.009019567066,0.009925068934
-1.191287055,0.006747104362,0.01169527901,-0.005028187857,-0.01027305679,0.00350069461,-0.02396163229,0.01178704727,0.009249799039
-1.183057759,0.005361752397,0.01268940658,0.001020035694,-0.02065265584,0.005142675365,-0.02326411852,0.00979110923,0.009325082608
-1.183195283,0.006861833438,0.01698290885,-0.004260724542,-0.01250609395,0.003824810266,-0.02370515571,0.0141418478,0.008741116265
-1.207434618,0.005430818931,0.01381510601,-0.008625338953,-0.004787498121,0.001171740651,-0.01848722354,0.008395588944,0.009417400949
-1.183866516,0.006124561463,0.008630388991,-0.009749131239,-0.01609454391,0.001731043967,-0.02551887902,0.003596557009,0.007428861369
-1.196487989,0.00112579016,0.005291845343,-0.003269590987,-0.02359685205,0.001945866632,-0.02231176447,0.01309845991,0.01110445337
-1.212893635,0.003592823293,0.01487281452,0.004629525488,-0.01107459897,0.004401362595,-0.02152381579,0.01639145074,0.008097247473
-1.176765303,0.003048163724,0.01324397535,-0.002236114634,-0.005812127847,0.001285303394,-0.02194011344,0.01357225935,0.009245129219
-1.161532096,0.001162398579,0.006508163616,-0.008635702829,-0.02033029389,0.002578592156,-0.02001166548,0.0008369249292,0.00599042437
-1.18027208,0.0001355891738,0.003948192776,-0.01243892151,-0.02071045965,0.000371444347,-0.023097011,0.005508641746,0.006534839794
-1.138952003,-0.0002316647785,0.007263577782,-0.003592386078,-0.01206258929,0.001647802533,-0.02382445461,0.01201442951,0.009045757447
-1.17792371,-4.469329566e-05,0.009417842373,8.308849324e-05,-0.01004106302,0.0008455444257,-0.02288682192,0.01269486175,0.007698445923
-1.160238135,-0.001663949332,0.001833754609,-0.008696534527,-0.02325718023,-0.001153202369,-0.020505082,0.006773968687,0.007100665268
-1.165384244,-0.001773315637,0.003492519972,-0.005908788963,-0.01718224711,0.001385880968,-0.02564492618,0.003782256088,0.005823645664
-1.219105804,-0.002551231588,0.002258676025,-0.008727731857,-0.01146442775,-0.0009014656261,-0.02667978855,0.01160140496,0.008119442622
-1.192425753,-0.002072605146,0.003112850332,-0.004876964111,-0.01870908439,-0.000496130912,-0.02316214388,0.01343430968,0.009812948961
-1.130492649,-0.002131162162,0.006225559193,-0.003212477224,-0.02122871081,0.001847324506,-0.02484307345,0.007433278469,0.00789934439
-1.142342274,-0.003497677881,0.00749314276,-0.005894767301,-0.01384191171,0.002376745796,-0.02144649902,0.004691236344,0.006053096971
-1.176369579,-0.001882877114,0.003582347384,-0.004884817571,-0.009647033884,0.002161069287,-0.02005679164,0.009811055183,0.007698434251
-1.162965681,-0.003246954899,0.001201120277,-0.007681495293,-0.01775648986,-0.0002510614453,-0.02586425574,0.01087529394,0.008182730222
-1.173706192,-0.0008863508103,-0.0007248255548,-0.003046853534,-0.01807858968,0.0003475950862,-0.0234784068,0.0117614604,0.009359803961
-1.153809722,-0.003601723148,0.007246510065,-0.005071564975,-0.01395308847,-0.003334368844,-0.02669621568,0.008009909497,0.008238144632
-1.156540795,-0.003886280879,0.004730245223,-0.004648727176,-0.01858709296,0.0002102896726,-0.0223156104,0.008253086487,0.009794975831
-1.171253563,-0.004812637305,0.004646458352,-0.008549096655,-0.02035129711,0.001709513327,-0.02186070373,0.009628739065,0.004997403241
-1.191200173,-0.00502995624,0.004050166358,-0.007016283497,-0.01335168751,0.004227721064,-0.02620915957,0.01429081033,0.007154588406
-1.179779756,-0.01115548313,-0.007406765767,-0.007598982106,-0.01488682362,-0.003984011805,-0.02510231074,0.007476671931,0.008436606865
-1.178048787,-0.01217854058,-0.006689779552,-0.0073414698,-0.01957962215,-0.003550057342,-0.02438804179,0.002886481814,0.008946718727
-1.140201185,-0.0104473908,-0.004057828751,-0.01007823453,-0.02041431022,-0.001045764143,-0.02230703991,0.01201597075,0.008404384873
-1.223436087,-0.01096384946,0.0006812528878,-0.01086881565,-0.01576439553,0.001488743282,-0.02532581515,0.01373965491,0.006734345107
-1.19180073,-0.01149801552,-0.004563143978,-0.009737649235,-0.01466408355,0.0007443955132,-0.02354243002,0.00928960487,0.007657492104
-1.181345095,-0.009217660669,-0.007158138985,-0.006104924451,-0.01938830194,-0.001040337496,-0.02410451705,0.002306548446,0.006392584033
-1.205902509,-0.004938920686,-0.00201393633,-0.008744964824,-0.01193834079,-0.0005565116402,-0.0236043169,0.009194767301,0.01038361294
-1.146130848,-0.006806694379,0.00292096531,-0.01054413514,-0.01530918478,-0.0004133628197,-0.02244366246,0.0109029381,0.009766320278
-1.205060743,-0.009734664316,-0.00374071529,-0.01363433177,-0.01583613582,0.001394093679,-0.02585367834,0.01098476325,0.009522600826
-1.173276525,-0.007468266334,0.0003251590008,-0.004079236235,-0.02234549994,0.0002965070758,-0.02109291149,0.007348635832,0.009003770054
-1.150107987,-0.003746590659,-0.0002195919901,-0.005536916509,-0.009956103554,0.002887924627,-0.02325638168,0.006723639006,0.007774890802
-1.216134013,-0.00373737393,0.003518330409,-0.005762820025,-0.01288979275,-0.0002975336694,-0.02358937535,0.007764133099,0.006499019135
-1.153847474,-0.002194638164,0.001240365851,-0.009094964197,-0.02020490739,0.0009513329397,-0.02414371437,0.0118817427,0.009210018875
-1.208064574,-0.004426961439,0.003833963314,-0.006980687021,-0.01649044055,0.0003106148201,-0.02639931886,0.01304183687,0.009654050453
-1.192872213,-0.002387128179,0.003979892897,-0.001504468481,-0.008276794592,0.002192596447,-0.02284671492,0.008474206275,0.008888663901
-1.173608348,-0.001415880027,0.00568176797,-0.005294827837,-0.01328410994,0.003478750388,-0.02231211549,0.005650832277,0.007751071012
-1.144521734,-0.0008759725499,0.004885533213,-0.00944178267,-0.01491235622,0.001927345146,-0.02148933649,0.006558452563,0.005945175057
-1.150917939,-3.517931083e-05,0.01066652922,-0.009504902308,-0.0119044739,0.002437811811,-0.02349377623,0.009970529328,0.009721473993
-1.150563846,-0.002452094853,-0.001342317235,-0.00202517876,-0.01313990859,-0.0001752476044,-0.02279335185,0.01510270289,0.009045321223
-1.161720112,-0.001937828702,0.002902618928,0.004382745697,-0.03240698188,0.0007254452986,-0.02101486995,0.01010403418,0.008427282348
-1.158068027,-4.28200406e-05,0.01142643652,-0.005521526076,-0.0122387059,0.003793057423,-0.02363617467,0.01009157133,0.008581593024
-1.177794631,-0.001586546616,0.006595345812,-0.01520940333,-0.001731865,0.002689908808,-0.01963900177,0.008235591711,0.008290732386
-1.187265955,-0.001414657878,0.003772617574,-0.01561686364,-0.02148515647,0.0006275277422,-0.0228515888,0.004877180816,0.009610415155
-1.147435553,-0.001184753983,0.0003915468154,-0.0003549105329,-0.02432516454,-0.0004801172015,-0.02381379891,0.01332765318,0.0114623387
-1.182273548,0.0007564760434,0.010021092,0.008855342745,-0.009491197496,0.006484028347,-0.02357060257,0.01572457789,0.01025033918
-1.161189761,-0.0009656728573,0.002786376089,-0.00895501106,-0.005643099169,-6.783069396e-05,-0.02474980399,0.0123408875,0.008892487958
-1.193869292,0.001605506263,0.009368186933,-0.01589909157,-0.0206121386,0.004388997679,-0.02028736238,0.0002989469204,0.006242045825
-1.143376611,0.009251901796,0.01370379737,-0.007953152466,-0.006751563978,0.002442242967,-0.02413225558,0.01195506823,0.007943388905
-1.179144071,0.008419378574,0.01760212885,0.006165313867,-0.007414863314,0.002788302681,-0.02040224944,0.01583536879,0.01336323008
-1.211133481,0.007069994251,0.0155308398,0.004673284077,-0.02127867537,0.005793856964,-0.02338314298,0.01077190798,0.008769905485
-1.163470905,0.00521682713,0.01080502856,-0.008898825056,-0.02567499447,0.003958960922,-0.02156661695,0.01051868644,0.006745234141
-1.164132266,0.006532816978,0.01446997565,-0.003627035986,-0.005475831425,0.006110081776,-0.02334378516,0.01070660617,0.009161584707
-1.162521945,0.004981660234,0.008589255028,-0.009141578665,-0.005609506159,-0.003149676542,-0.0234324022,0.01046353774,0.009927483323
-1.125463656,0.003657628336,0.008671226371,-0.005977124007,-0.02669505232,0.001738855206,-0.01794868465,0.004858858224,0.01155796864
-1.174749943,0.003985539168,0.01158646433,-0.00171404515,-0.01942099554,0.001222671966,-0.02415581381,0.01416986663,0.00971865947
-1.217986724,0.003362642333,0.01585963741,0.0007745762309,-0.005146325914,0.006055425517,-0.02502604161,0.01336899664,0.01040523498
-1.158083962,0.000908576783,0.01006830462,-0.005980872646,-0.009377575547,0.002408996221,-0.02046797177,0.008474897318,0.005552991047
-1.192800775,-0.0008184209592,0.002676750093,-0.0137749558,-0.0164463677,-0.0001084182148,-0.02037348631,0.004396640263,0.00833743426
-1.163334616,0.0001490496657,-0.002465313821,-0.002687747507,-0.02191266383,0.002368691236,-0.02309479426,0.01071278845,0.01068211011
-1.16284831,0.0005559410184,0.009188588838,-0.002942847687,-0.01792419354,0.001154351023,-0.0254789817,0.01633081717,0.007105978123
-1.185767934,-0.000399316847,0.0130564914,-0.0002033728819,-0.009873296557,0.001640191469,-0.02292881924,0.008317548271,0.007779723659
-1.134735424,-0.002271536609,0.003976666213,-0.00536900707,-0.01086490127,-0.001745755523,-0.02470231884,0.001426613634,0.003801388794
-1.124961535,-0.002603399586,-0.005630147718,-0.01055143333,-0.02314415254,-0.0005137123593,-0.02227135691,0.00426575934,0.00804889705
-1.195266885,-0.00339451096,-0.001644659007,-0.006701026655,-0.0273526409,-0.001519460055,-0.02456700002,0.0180592297,0.008703237765
-1.129074283,-0.002227548341,0.009937723773,-0.00258480532,-0.007890306989,0.002287237755,-0.02825052402,0.017968312,0.009050490153
-1.174666323,-0.002199425706,0.007323113471,-0.0006979194749,-0.009275929661,0.002902064947,-0.02290286577,0.006360709078,0.008787829147
-1.136415311,-0.004602464718,0.003246738564,-0.0076381061,-0.02837090749,0.0007822540538,-0.02017579913,-0.003710519201,0.006229650469
-1.211512034,-0.005112986139,0.0006277007942,-0.01304074893,-0.01893960232,0.001607422855,-0.02072599882,0.01009959472,0.006668399068
-1.126022257,-0.002160082497,0.001214758159,-0.0100627693,-0.006230620783,0.0001427454433,-0.02303108352,0.02245495233,0.009693394658
-1.257200672,-0.003078086097,0.006927523793,-0.005476183868,-0.01081518624,-0.0006016084144,-0.02604392292,0.01781352501,0.01043082986
-0.6932463011,-0.004177636593,0.005704070381,0.002374889129,-0.02492476925,0.00141458419,-0.02096596226,-0.003875530756,0.006149738195
4.100472385,-0.002921782019,0.004353718057,-0.004335925965,-0.0165882014,0.0004098683492,-0.02054180682,0.004349154948,0.007862994357
4.42665175,-0.00441221848,0.006155429582,-0.008733176448,-0.01097053682,0.0007942569204,-0.02567058377,0.01414809876,0.008166104472
4.404870739,-0.008248560304,-0.004072140942,-0.008989744974,-0.01257907555,-0.001403522412,-0.02767047844,0.01797158069,0.01001467855
4.415047663,-0.01096093275,-0.00824858037,-0.006246904782,-0.02952382887,-0.001706258339,-0.02188554636,0.006175838826,0.008822135075
4.363173599,-0.01083279973,-0.003187304137,-0.002976849448,-0.01956837813,0.001638102814,-0.02402186996,0.00255069521,0.005891370655
4.366870523,-0.01025852231,-0.004179212017,-0.01017907392,-0.01113056262,-0.0003684818598,-0.02420562176,0.008065364167,0.006859585775
4.381897495,-0.01086832548,-0.003502078158,-0.01433919539,-0.013027898,-0.0004744467482,-0.0254117567,0.01143151905,0.007941116043
4.384703317,-0.009566630723,-0.008124721989,-0.01090714945,-0.02283738741,-0.003145275003,-0.02352637246,0.01063957409,0.008287336768
4.399851653,-0.007106118866,-0.0007669551913,-0.004648339062,-0.012859511,0.0003997649415,-0.02317056,0.009321964938,0.008849264874
4.402001589,-0.006264264714,0.003315042796,-0.00633857687,-0.01330693601,-0.001069413292,-0.02446418149,0.006722070638,0.008259605479
4.384775988,-0.008249086411,-0.007718719188,-0.01562949386,-0.01647162349,0.002400461515,-0.02381724596,0.005768467258,0.008609228693
4.384064519,-0.008535788378,-0.003427680475,-0.004370860265,-0.02621035881,0.001444345173,-0.02397346256,0.01080042963,0.007327478098
4.386804768,-0.005187028098,0.004049075675,-0.00363360466,-0.008540145763,0.002245570751,-0.02425878716,0.01345785695,0.01074088643
4.374662634,-0.002682021913,0.005955233667,-0.008600435598,-0.0001288758346,-0.001113044996,-0.01859069362,0.002982008507,0.008776922801
4.38862977,-0.002202954149,-0.001446045821,-0.01520479182,-0.023440199,-0.001308860517,-0.02505919777,-0.001942090364,0.009397494649
4.367032661,-0.005812070461,-0.000769576998,-0.003660400587,-0.02531782905,0.003334208859,-0.02332377403,0.01335539147,0.01018186209
4.368883311,-0.003243585924,0.007009369435,0.005189915069,-0.005638480579,0.002417731524,-0.02407073984,0.0255845667,0.007183755455
4.372144739,-0.002150887765,0.007297282194,-0.002608462349,-0.006452447535,0.001805756845,-0.02086533024,0.01171173211,0.009367764619
4.369056181,-0.002771388748,0.001277387805,-0.01185156528,-0.02501219983,0.00141236394,-0.02452926446,-0.003457617497,0.006472870586
4.364732503,-0.001424603793,0.00352632887,-0.009482184989,-0.01900065961,0.00262811207,-0.02277156005,0.006679302352,0.009123915013
4.357950871,-0.00045051494,0.00663110805,0.001896716252,-0.001442286982,0.001854294979,-0.02405973213,0.01753662666,0.01027900021
4.385675477,-0.002111862668,0.007089302289,-0.00116909754,-0.01699912379,2.950909826e-05,-0.02146191586,0.01465886134,0.008404835314
4.324189885,-0.002969028631,0.0007755977904,-0.009572325308,-0.02928550385,0.00242953977,-0.02294979778,0.008388180403,0.009632941746
4.437775408,-0.002261593003,0.00389899953,-0.004527848623,-0.010763884,0.001768656969,-0.02416975812,0.003744777751,0.007534281787
4.278638395,-0.0008776264906,0.00496796678,-0.008039949589,-0.001834378741,0.0003834392102,-0.02128425045,0.01029456061,0.01095556732
4.51142808,0.001250954057,0.00291566743,-0.009471573714,-0.01832952367,-0.001983792516,-0.01882433432,0.0108360411,0.01014639294
4.125178092,-0.0002507974495,0.00560601384,-0.007090136185,-0.02084180234,0.004693927655,-0.02734550222,0.01491671469,0.0113983132
4.890048649,-0.002005245041,0.005561698945,-0.001614564735,-0.009034090733,0.00265410183,-0.02423971565,0.01304487473,0.008930642026
2.11640336,0.002038178864,0.008365669631,-0.006019208013,-0.00810127323,0.005272601632,-0.01860352457,0.007862097957,0.007254858114
-1.617697408,0.007641309792,0.009641514662,-0.006762351003,-0.02076886885,0.003385360468,-0.0186909576,0.006795365127,0.008731729852
-0.917974765,0.009464682574,0.01353533403,-0.004757511164,-0.01505500594,0.004290538729,-0.02266194738,0.01478934284,0.01144579761
-1.319422535,0.008949161556,0.01624127479,-0.002321921524,-0.006945735756,0.001797175278,-0.02349454812,0.01760934062,0.0108182127
-1.105584114,0.007953808164,0.01214368523,-0.00271295867,-0.008105280274,0.000999520182,-0.02009907199,0.007608099241,0.008550909708
-1.231478853,0.006612245906,0.01092726941,-0.004822566407,-0.022589299,0.004294067729,-0.02043291398,0.001881631625,0.007002739897
-1.14765898,0.005479187333,0.01177794875,-0.003531814796,-0.01601942578,0.003745005715,-0.02283762407,0.0112550775,0.006943503064
-1.191544119,0.003043481768,0.009845936295,-0.0008750832781,-0.008654123528,0.003021724963,-0.02262929346,0.01585202846,0.009670551828
-1.187274566,0.001407306311,0.009928209537,-0.003019343819,-0.01220836722,-0.0005907119806,-0.02212854533,0.01083099493,0.009012197647
-1.184054537,0.003380178542,0.009488514102,-0.005667879594,-0.02124075911,0.003368174347,-0.02126547043,0.002819127,0.01056580559
-1.197775442,0.0009237997365,0.01396478086,-0.006198855901,-0.01430379339,0.002414323405,-0.02650858868,0.006153519275,0.006308143709
-1.174080574,-0.0003778457078,0.009889300431,-0.003179693944,-0.00836650164,0.001768567687,-0.02113773874,0.01134421254,0.009416250741
-1.209413272,-0.0004848535853,0.006239909692,-0.004552672747,-0.01728953927,-0.001166183201,-0.02050233319,0.01193910766,0.007881549683
-1.192055632,-0.001087404756,0.0007498607912,-0.003871811102,-0.01986035591,0.000935310421,-0.0245107248,0.0111612989,0.006879088654
-1.215689177,-0.001916224573,0.006280971897,-0.006022414318,-0.0147046674,0.003604092953,-0.02652509062,0.006765661384,0.01014773044
-1.162700045,-0.002070102917,0.01094894496,-0.01754387426,-0.006542496372,-0.0003869288203,-0.02069516245,0.006596666295,0.007774373043
-1.188311599,-0.002487787654,0.003426219809,-0.011311585,-0.02078565849,0.000638597165,-0.01911985259,0.002229832792,0.009030716083
-1.196103023,-0.003378805041,-0.005078575735,0.005711324964,-0.02515705184,0.002136512622,-0.02710989713,0.01382786201,0.007889703116
-1.175625269,-0.002414559211,0.004215445924,0.009219704758,-0.01495444808,-0.0001865302257,-0.02377752433,0.01487430191,0.008782601413
-1.184853825,3.208325983e-05,0.01016886903,-0.01165524849,-0.003550401565,-6.130959499e-05,-0.02203207363,0.007320029575,0.007818212993
-1.189046181,-0.001486406168,0.005662666295,-0.02239754612,-0.01567102488,-0.0009587934476,-0.02596016231,0.002617597001,0.008196201056
-1.169776389,-0.002771260189,-3.599605453e-05,-0.01193202692,-0.02902129074,0.003944548603,-0.02526943345,0.007615627748,0.009798916985
-1.188625195,-0.001667564495,0.002281604213,0.006072831751,-0.01460189354,0.0005739810151,-0.02125775339,0.02050058237,0.007577191145
-1.187771753,-0.001454957394,0.004271830605,0.006328054505,-0.005639239207,0.0006998415955,-0.02200961828,0.01285252834,0.007643944502
-1.162664943,-0.003730984469,0.002917362169,-0.008616676023,-0.01619574149,0.001000289992,-0.02161895453,0.001801148861,0.005759721155
-1.186431505,-0.004318375149,0.003398312697,-0.02278072153,-0.02337559907,-0.001014810603,-0.02494569572,-0.0007198021887,0.006596719903
-1.180604686,-0.001505847497,0.004417993522,-0.005690840442,-0.01387807831,-1.343790676e-05,-0.02429223003,0.0142896789,0.01027972486
-1.167945392,-0.005630156679,0.0009428514252,0.007351748419,-0.02312921285,-0.001212421246,-0.02367339425,0.01954266422,0.009854968634
-1.187522582,-0.0137501539,-0.00524828485,-0.0007087806487,-0.02376928586,0.0007602242136,-0.02095446724,0.01021559366,0.006836104584
-1.225795353,-0.01335196196,-0.005180940857,-0.01799688275,-0.01285616323,-0.001984574465,-0.02409005367,-0.004316861911,0.002924631508
-1.172406658,-0.01314959347,-0.007900062193,-0.02070027818,-0.01065705177,-0.001414236257,-0.02591060421,0.003878218832,0.007846820256
-1.180264113,-0.01015783373,-0.003492557295,-0.00831640235,-0.02033840734,-0.00254962187,-0.02036151103,0.01778903997,0.01050311383
-1.161323508,-0.009040797388,-0.00529084162,0.003446929101,-0.01868358609,9.612250746e-05,-0.02299887221,0.01705592701,0.008852841827
-1.120345513,-0.00780263606,-0.0007548405675,-0.0004696887519,-0.01871353868,0.0007543328117,-0.02804816337,0.004354000066,0.007282611681
-1.178567336,-0.006802419182,0.003070357227,-0.01495738945,-0.01570406277,0.003928862784,-0.02251382556,0.0006537608685,0.003385944079
-1.142474227,-0.008025610958,-0.00302829453,-0.02095980584,-0.01008233264,0.00106312289,-0.02154568844,0.007571786593,0.008898160166
-1.163085102,-0.009898830022,-0.002943234249,-0.00648348097,-0.009864238822,-0.002032388348,-0.02393888335,0.0145826197,0.01139201207
-1.197497064,-0.003998594765,-0.002198850108,0.001150719197,-0.01872220267,-0.002906662409,-0.0234281686,0.01267349131,0.012617032
-1.20026116,-0.004196974307,0.0005504928529,-0.001434766745,-0.02030420637,0.001758413578,-0.02189915388,0.004347553078,0.009012426206
-1.201703545,-0.002531388932,0.008248596676,-0.009602701569,-0.01491160804,0.004587906267,-0.02530234721,0.005911594115,0.006478290127
-1.193875152,-0.004695233964,0.001270184178,-0.01755968433,-0.01392759992,0.001132544225,-0.02159342001,0.01127995475,0.00778809878
-1.165203602,-0.004919288485,0.001099815703,-0.009803103668,-0.01390607096,-0.0005254833094,-0.0207021584,0.01311601771,0.01129421156
-1.185038881,-0.0029102612,0.002148613871,-0.001321026037,-0.01139662056,-0.001293180405,-0.0227238885,0.008849102209,0.01093941031
-1.188657863,-0.001555530928,0.005953871378,-0.0003651764802,-0.01433052055,0.002565702695,-0.02101253295,0.009441334138,0.01086008367
-1.159137512,0.000458846069,0.009684875405,-0.008414237807,-0.01739069434,0.006835991429,-0.02426964253,0.01032478478,0.004924425007
-1.204891498,-0.004259096426,0.003422273805,-0.009603042567,-0.01459003876,0.003788490356,-0.0239197331,0.008250791605,0.006747164588
-1.211595862,-0.001055149238,-0.002643218144,-0.004772582873,-0.01415542066,-0.001691882009,-0.02040292512,0.0104516971,0.008383828696
-1.213830829,0.0008149430371,0.004131937768,-0.002077614956,-0.01182671393,-0.003517342972,-0.02175011349,0.01192877796,0.01030985049
-1.170374013,-0.0005799922013,0.005293977543,-0.00281026379,-0.01390829174,0.001332555801,-0.02280275927,0.008340276101,0.009617761585
-1.187448196,-0.0009348663304,0.01046633825,-0.006716901422,-0.01744870461,0.00531994172,-0.02511400169,0.01026910319,0.009520274157
-1.162481422,-0.0005255981385,0.002770295077,-0.008318453365,-0.01932771879,0.004064385984,-0.02158173938,0.01363536314,0.008045957545
-1.179701157,8.161305471e-05,0.004302318432,-0.005024881178,-0.01195084119,0.0009459603943,-0.02337802238,0.009567027609,0.009286017151
-1.177201766,0.0006410361169,0.0008546780301,-0.003238318192,-0.0113872193,-0.000539964816,-0.0230988584,0.01024559156,0.01009083554
-1.193425019,0.000398131986,0.006789504299,-0.004337279083,-0.01761808545,0.001270955062,-0.02093316778,0.01348799318,0.007836083497
-1.156243497,0.0055136879,0.0158365103,-0.005831078467,-0.01227988649,0.005133561839,-0.02146576098,0.01048435045,0.009358857053
-1.177215448,0.006883940752,0.01604487522,-0.003508071693,-0.01361224911,0.006747331962,-0.02150677276,0.01068030077,0.008703732627
-1.182527276,0.008719983795,0.01014844877,-0.004616777365,-0.01647595508,0.005840823415,-0.02454705764,0.01274789934,0.01007915679
-1.184576434,0.006159103549,0.01021344155,-0.003854544829,-0.01118585887,0.0009197941352,-0.02117874864,0.008905233364,0.009438781232
-1.214791393,0.00514917237,0.01583802563,-0.001331806434,-0.006518089931,0.001265022691,-0.02078660042,0.007088019777,0.008528212317
-1.13342706,0.005630439807,0.01645065849,-0.006451482272,-0.01478738995,0.004904527716,-0.02276673907,0.01347681465,0.009933893187
-1.165403336,0.002376191475,0.01440379403,-0.004601228776,-0.02273228797,0.004450424466,-0.02083130391,0.01003652895,0.008203796263
-1.187310972,0.0007801530864,0.006257043095,-0.003420794466,-0.01565090603,0.001683943907,-0.02776006381,0.007994559132,0.009442159721
-1.154191968,0.006204405028,0.01141142134,-0.001339077933,-0.01397485003,0.002079862924,-0.02091206134,0.01040200782,0.01034627868
-1.214733129,0.004595633432,0.0107379613,-0.003038539208,-0.01109921655,0.0009752285278,-0.02303139811,0.01356701212,0.008385547639
-1.176498066,-0.001729358038,0.01182619536,-0.007172557204,-0.01371151357,0.001814868987,-0.0224773416,0.008161558209,0.00795164714
-1.196559232,-0.0009228294666,0.006423405061,-0.006124503708,-0.01567844897,0.002116740989,-0.02302993599,0.007664633194,0.007198318846
-1.149722907,-0.0005537449427,0.002259917366,-0.006757085773,-0.02029359641,0.001899338216,-0.02146311908,0.008473929192,0.008711002136
-1.142827115,0.0003830250065,0.00392382596,-0.003543007429,-0.01301990021,0.0003264372536,-0.02484874789,0.009828459851,0.007520843095
-1.145790725,0.000331064408,0.006291454909,-0.009582076788,-0.01326324175,-0.001519260308,-0.02434829732,0.009383680818,0.007684573255
-1.147166526,-0.001282543977,0.002364891913,-0.008174263104,-0.01403944636,-0.001087833625,-0.02407104721,0.009477040997,0.008231103214
-1.190778671,-0.003581510873,0.006340237313,0.002201126061,-0.02868814898,0.0005303797834,-0.02435140104,0.006375817529,0.007665875763
-1.169766742,-0.004110883243,0.003554614005,-0.007104260362,-0.01294909206,0.001356822827,-0.0235831129,0.01307312183,0.006366169031
-1.206752802,-0.0006820542369,0.003286815315,-0.01421571899,-0.006252453676,0.0007660438452,-0.01769622982,0.009270074759,0.006919375085
-1.16022779,-0.00174998907,-0.001676520855,-0.01372209698,-0.01581922813,0.0002281730987,-0.02924824326,0.004171863699,0.009006075806
-1.174441942,-0.001652491649,0.003600628838,0.001167486048,-0.02149388491,0.0007440409923,-0.02146094284,0.01092003599,0.01008824765
-1.157566524,-0.002772695378,0.01103016149,0.004893288215,-0.01048533812,7.189043266e-05,-0.02295975158,0.01593191458,0.007498462132
-1.20047181,-0.004431486509,0.002477812363,-0.008442897879,-0.01090602713,0.001784756289,-0.02371179239,0.00834836765,0.008721205189
-1.214870574,-0.003120749185,0.001076049598,-0.0139057266,-0.02480206065,0.0006526947971,-0.02214395918,0.002417884294,0.004390342544
-1.153340707,-0.00178700241,0.002304591836,-0.01157395915,-0.01461473138,-6.03817849e-05,-0.02335808676,0.01065084407,0.008736285866
-1.177067307,-0.002983879229,0.005836552364,0.005707433322,-0.008315845752,-0.001114368849,-0.02239441809,0.01128765197,0.008373344729
-1.172754794,-0.004623309629,0.00480537179,-0.0002655837555,-0.02126323695,0.0008346835715,-0.02529787185,0.00812435313,0.008266063343
-1.174122593,-0.01428824281,-0.00669791288,-0.01352749858,-0.02582301461,0.0003860445676,-0.02434623927,0.008386745037,0.007608677135
-1.163405393,-0.01379388373,-0.007376301729,-0.01335544465,-0.01069542079,-0.002234675781,-0.02732466137,0.008486936958,0.003010095149
-1.151905358,-0.01116797015,-0.007838384258,-0.01239234506,-0.01134209256,-0.004116636776,-0.02364239758,0.009403723933,0.009964680786
-1.159352461,-0.007992532554,-0.005009186394,-0.004806999208,-0.02920723506,-0.00376802622,-0.02145361604,0.008512392807,0.007482885483
-1.206225928,-0.01051655493,-0.002840317858,-0.004514167254,-0.02038844758,0.001017846088,-0.02770131235,0.01284925113,0.009897419528
-1.151652173,-0.01300251178,0.0002642090187,-0.008590980999,-0.008485140592,0.001093574494,-0.025569542,0.008730466726,0.007802634058
-1.192730544,-0.007713453441,-0.002886739443,-0.01525089851,-0.01087096904,0.00242369023,-0.02020566162,0.007651569304,0.006314906067
-1.12217041,-0.006482385062,-0.007332954831,-0.01076538464,-0.02174749269,-0.002184062732,-0.0222276069,0.004736392623,0.01015773847
-1.152846966,-0.005856087594,-0.003792363228,-0.001215443418,-0.0166678153,-7.811702551e-05,-0.02541063782,0.01177877399,0.008515153205
-1.172138034,-0.00523628211,0.001714770034,-0.004861856825,-0.01245270496,0.0002438427224,-0.02334284729,0.01451462549,0.01016134105
-1.190966847,-0.005044078024,0.002536016777,-0.01159957488,-0.01769320581,0.002530045759,-0.02273666368,0.006450113761,0.006254543382
-1.149077526,-0.004742795529,-0.000621894313,-0.01033812582,-0.01870308569,0.0003966537533,-0.02348018326,0.0055392813,0.007116420979
-1.192480498,-0.004263322898,0.000316923431,-0.004499415127,-0.01095678544,0.001113143853,-0.02298519309,0.01211826223,0.009204476489
-1.152086237,-0.001618923843,0.006550629546,-0.0005324111536,-0.01175286632,0.0003065433856,-0.02333781314,0.01356893146,0.008998345458
-1.153385292,-0.001460820735,0.002365120606,-0.009696042272,-0.01670048999,0.0006188387572,-0.02324292917,0.009841548269,0.00831077621
-1.130344868,-0.002605669533,0.008981929091,-0.007242341129,-0.01440284315,0.003140531489,-0.02206000481,0.007558911326,0.007711761814
-1.197828873,-0.001399658311,0.001821303928,-0.007075313324,-0.01350953736,0.001863676411,-0.02396320819,0.01053612804,0.007305002609
-1.15272661,-0.001471159603,-0.003458727727,-0.004900045297,-0.02363712633,0.0007373113951,-0.01828813206,0.01047552483,0.009244293967
-1.186373049,-0.0003068043757,0.01003297825,-0.004327598358,-0.02571856147,0.00284859697,-0.02434926554,0.008944889574,0.008124868009
-1.125625671,-0.00144900025,0.008310623821,-0.0001433003062,0.007583471609,-0.001171936013,-0.02754361067,0.01434026536,0.009560554124
-1.222270241,-0.002673554267,0.005752420135,-0.004686527966,-0.005367062908,0.001289815698,-0.01997584497,0.002152505314,0.01074908354
-1.099843197,-0.002367635787,-0.005152139202,-0.0165725836,-0.03359673966,-0.002770214061,-0.02164730731,0.004304741678,0.005326125042
-1.252658039,-0.000910083053,0.004512004923,-0.001733928252,-0.02986060866,0.007969972636,-0.02140563185,0.01687236692,0.01044645242
-1.065001382,-0.000807586993,0.01639115737,0.001193511069,0.01407911338,0.003160519081,-0.02884704008,0.02956821338,0.009164745153
-1.377063571,-0.002123269063,0.005532233861,-0.007056200566,-0.007383575088,-0.001468180056,-0.01631767456,0.0008661938894,0.01318743301
-0.1584445914,-0.002638626861,-0.005348377189,-0.01765787068,-0.03902384408,0.00251733516,-0.01922596863,-0.009751444097,0.003071064571
4.533996309,0.004235060688,0.006462928186,-0.003950569594,-0.01667584634,0.003198458794,-0.02427479987,0.0171162588,0.009165443166
4.262777733,0.009178225376,0.02539098764,0.009988466837,0.0199071552,0.009886399117,-0.02256551131,0.03034748249,0.0123794107
4.485636685,0.01025497827,0.0137463258,-0.002674347292,-0.02009509168,-0.00354308234,-0.01982948162,0.01254648956,0.007221530009
4.354758872,0.007305068437,0.00710131062,-0.01342428266,-0.0394849282,0.007967596031,-0.01994837277,-0.01039902794,0.009997530633
4.388690909,0.00709618393,0.01269272166,0.001515051355,-0.004202282865,0.001109761827,-0.02687763829,0.00996354132,0.008346223277
4.323772253,0.008750737288,0.01633702113,-0.003694579285,0.01100241462,0.005050242034,-0.02164991086,0.0197184775,0.01316058374
4.412539414,0.005077132524,0.005101706857,0.003438385225,-0.02734781388,-0.001426820159,-0.01742923633,0.0113174778,0.007151995073
4.367545366,0.002456386088,0.01132097673,-0.006148439353,-0.04658101428,0.004474430678,-0.02690691974,0.01056264575,0.007991248513
4.410018012,0.00139719449,0.0177572354,-0.00225438138,0.01517893587,0.006315236732,-0.02069081412,0.01160109105,0.009551325821
4.342965657,0.005153860499,0.01056229536,-0.01899547948,0.006408242705,0.0002464211936,-0.02036241287,0.0027343154,0.00893033803
4.398145661,0.002694374236,-0.003581257793,-0.006803980887,-0.04167824751,0.0006435274272,-0.02009525502,0.003727781843,0.009540923381
4.401122342,0.0008543372903,0.006717543387,0.007796875384,-0.0257751525,0.001289636146,-0.0268197054,0.02335264412,0.008308288708
4.398744811,-0.0003820218475,0.01843317961,0.006102332948,0.01622098283,0.00379109466,-0.02628242024,0.02030028558,0.009968610615
4.396091115,-0.0007415270097,0.00604367191,-0.01731740175,-0.01601742029,-0.002897086466,-0.02030565923,-0.002524536895,0.004333692618
4.384263929,-0.002496658743,-0.005302620486,-0.02065209651,-0.05018950594,0.002875534501,-0.01689642263,-0.009695933021,0.005578373433
4.388373361,0.001038035112,0.001242584917,0.001423262873,-0.00644580033,0.001822746312,-0.03006347923,0.01972152393,0.009993595379
4.359598664,-0.001618437125,0.01562806424,0.01291592786,0.01009602124,5.846332252e-05,-0.02501875381,0.02313949647,0.01169301593
4.418454961,-0.003298276269,0.001995186948,-0.01430404706,-0.02645340534,-0.002621399777,-0.02073237966,0.0030003951,0.007517279836
4.385730916,-0.005442282007,-0.0004993924331,-0.01940324915,-0.0417789551,0.001846274017,-0.022391949,-0.005938114447,0.005164857198
4.399264846,-0.003924796932,0.004553012826,-0.003729113371,0.004967583121,0.001766613519,-0.02984328041,0.0159209348,0.00765159922
4.383582534,-0.00125341702,0.002767781936,0.003592901938,-0.004366679202,-0.002421734535,-0.01672633774,0.02176801057,0.007592795018
4.405000494,-0.0004059209541,0.004119484115,-0.002985522545,-0.03268062587,0.0001221504494,-0.01964458413,0.01120729217,0.01030914897
4.334979168,-0.006562861156,0.008215531979,-0.00966043355,-0.02472658581,0.003493331906,-0.03016596011,0.004626455402,0.007373782964
4.398303093,-0.00502642669,0.008023397249,-0.01124900987,0.004748928059,0.00432510484,-0.02369607328,0.006431164858,0.007457234009
4.251051793,-0.004392768484,0.003419281909,-0.01099781989,-0.01077609422,-0.003777763141,-0.01730100227,0.005614453953,0.008490769825
4.491804267,-0.001431595488,-0.00702593906,-0.001715011313,-0.03322131646,-0.0007393984219,-0.02122505182,0.006775894153,0.007879468345
4.116285093,-0.001418036413,0.002582191818,0.003244025704,-0.02309958743,0.002242819627,-0.02879836644,0.0196209809,0.009683814654
4.778000111,-0.00786609586,0.008760536274,-0.004864932747,-0.005463750674,0.001782461113,-0.02696903677,0.01116734924,0.008314053213
0.9741042932,-0.01449230809,-0.005424081232,-0.01917392735,-0.01573122779,-0.004480157981,-0.02188941869,-0.005697724471,0.00571995856
-1.644350553,-0.01381780238,-0.01228144485,-0.01702669418,-0.02844266896,-0.004119966075,-0.0216100503,0.003606583925,0.005559995668
-0.9726772279,-0.009245993165,-0.007814506307,-0.003309906953,-0.01180078073,0.002385400236,-0.02495809756,0.02270254165,0.01075063662
-1.317873512,-0.009881498303,-0.001965579563,0.003873177668,-0.002101788848,-0.0008779946181,-0.0252072404,0.01977818221,0.006539301696
-1.096503507,-0.01036954702,-0.001950174936,-0.00720098772,-0.02175460522,-3.712481184e-05,-0.02131276936,0.004055550082,0.008679428544
-1.245021258,-0.01078798395,-0.002797087185,-0.01846457691,-0.03292301451,0.003024610776,-0.02092391526,0.0004150185921,0.003949224034
-1.149651358,-0.007361309592,0.0002104185048,-0.01598259419,-0.006867994172,0.00115214969,-0.02664919823,0.009350340974,0.007525453491
-1.198875459,-0.005881965767,-0.003609189564,-0.001992596517,-0.003974947863,-0.00229486238,-0.02114998934,0.01572620319,0.009355933444
-1.183903908,-0.00732530253,-0.002831934246,-0.0001869584087,-0.02465509629,-0.004367338873,-0.01980297354,0.01311039098,0.009948150599
-1.187982953,-0.007653397025,0.0009957209538,-0.00130389716,-0.02470795862,0.004868629037,-0.02580549468,0.005230300246,0.009928855323
-1.175707899,-0.005576465294,0.006132746164,-0.01036793226,-0.008148293819,-0.0001082199583,-0.02850865799,0.005141616377,0.007621882604
-1.175646462,-0.003939729753,0.001570706276,-0.01462161337,-0.01264564575,-0.0009781335673,-0.01951138262,0.01160998036,0.008421110838
-1.163885604,-0.003386789375,-0.00252688976,-0.01145373984,-0.02266112144,-0.001560954121,-0.02068008458,0.01298470589,0.009933895633
-1.196450959,0.0003706088076,0.002159421788,0.00223913698,-0.01522074568,0.004305545792,-0.02439892444,0.01227325575,0.009017861405
-1.175925959,-0.001896694715,0.009510285594,-0.001528146536,-0.009219239725,0.001511319581,-0.02411726127,0.006655459924,0.008604225205
-1.202581484,-0.002633568527,0.00704271149,-0.007716726206,-0.01100718093,0.0007575611915,-0.01969064114,0.007872844211,0.006919037619
-1.171940854,-0.002001919604,-0.001700732706,-0.0137466993,-0.01900105153,0.002932701496,-0.02412383284,0.008817742955,0.008645087193
-1.229803631,-0.0005050478935,0.0006582209509,-0.0007276619799,-0.01543477016,0.002386518722,-0.0247426414,0.02034533951,0.008575236891
-1.154572744,0.001923506726,0.008747710111,-0.004514131619,-0.008391922498,0.001043289643,-0.02244242895,0.01232834925,0.008723965251
-1.163256884,-0.0001820404644,0.009802968621,-0.01356157148,-0.01616939918,-0.000432908977,-0.01705790062,-0.00091575474,0.009728884285
-1.193576322,-0.001339074004,-0.001479401716,-0.00910620254,-0.02331475017,0.003058378544,-0.02426777919,0.0007353418423,0.00757988531
-1.193499135,-0.002720802766,-0.005882266836,0.01247896363,-0.01688666531,0.002821710444,-0.0262588191,0.02050181743,0.01042468223
-1.181921405,-0.0007197577875,0.01008847749,0.004662445937,-0.01314239185,-0.001289341807,-0.02089771044,0.01847861732,0.008589529915
-1.132990203,0.001396857232,0.01338159437,-0.01552616919,0.00584546977,0.001201688194,-0.0187869556,0.005055481091,0.009505234093
-1.199636138,-0.0002289394802,0.001309012134,-0.02713201955,-0.02422005203,0.002364869471,-0.025590887,-0.002749584455,0.009950786479
-1.190976731,-0.002838787925,0.006414145401,-0.009227586112,-0.02815148676,0.005031227642,-0.02432832535,0.01414624365,0.007640230213
-1.162061437,0.005113159531,0.0105655712,0.01733097302,-0.003703381783,0.004441205246,-0.0180543681,0.02947965373,0.008079251684
-1.203389224,0.01029476331,0.01599591999,0.01441320751,0.003956881653,0.003522571298,-0.01994267748,0.01973872481,0.01051313272
-1.186645866,0.006977908259,0.01175608049,-0.0115781609,-0.02053592577,0.001734996833,-0.0215704984,-0.00321306716,0.009000945636
-1.216953035,0.005451906449,0.01452575043,-0.02692650357,-0.01954528642,0.002736686479,-0.02585678768,-0.008298046883,0.006543549507
-1.182421969,0.008237651753,0.0199120463,-0.01073023245,-0.009287843197,0.001906995676,-0.01964598652,0.02079612688,0.01312304609
-1.204763821,0.004798757094,0.009164729753,0.01607158573,-0.01940445907,0.003338576391,-0.02101517395,0.02571061471,0.009086425158
-1.213083443,0.00267521116,0.007644520195,0.008437085481,-0.01666507581,0.002833549387,-0.02121622693,0.01506063495,0.009009917879
-1.195105599,0.001425847493,0.007401903737,-0.006781853596,-0.01082958053,0.001148363742,-0.02549538255,-0.006372420317,0.004811000986
-1.210438687,0.004758895575,0.01503746457,-0.01830307205,-0.003473989675,0.00553845944,-0.02590749581,0.004069576683,0.008117739997
-1.236823974,0.006516257658,0.007940310069,-0.01504903788,-0.02131613262,-0.0006063874783,-0.01941570826,0.01880621124,0.01051666089
-1.159041057,0.003457862784,0.007586093844,0.01106024896,-0.01948635947,0.001113312827,-0.02374025469,0.01843661876,0.009607834033
-1.152530088,-0.00118892162,0.004088186817,0.007781595857,-0.01660721484,0.0004841047111,-0.0258232207,0.01370982896,0.008052546576
-1.167243514,-0.001609044182,0.009505598666,-0.01074431846,-0.01322091459,0.006794970738,-0.01609771285,0.002759066221,0.0009338165613
-1.193677947,-0.004418925415,0.005534554115,-0.03018321234,-0.005247287391,0.004015845574,-0.02420330191,-0.001454163732,0.006584347338
-1.17972851,-0.002145978098,0.0002391310668,-0.006658553447,-0.01593303138,-0.005893200047,-0.02420788297,0.006486226767,0.01083133672
-1.184453436,7.408171557e-05,-0.001993486114,0.01090206244,-0.02083653684,-0.00870464931,-0.02969429504,0.01602714566,0.01285948708
-1.163117311,-0.002209282925,0.005538974989,0.006490566054,-0.02632134981,0.0001159826996,-0.01991961388,0.01390791748,0.009369628855
-1.181763594,-0.002235992128,0.00981383714,-0.01265353133,-0.01854818772,0.004006705973,-0.02385949338,0.004261770027,-0.0006443365029
-1.162663535,-0.004378226966,0.008918744529,-0.02318786407,-0.006602551269,0.006053541273,-0.02102257248,0.003745003238,0.008034382663
-1.185795235,-0.005552160829,-0.00489553132,-0.002483045053,-0.01392591465,-0.004760185731,-0.02573236401,0.0081058772,0.008005780242
-1.156891896,-0.001817185151,0.0003925988234,0.008472264151,-0.01785107661,-0.002145922315,-0.02219142613,0.0137276597,0.01578100265
-1.156327994,-0.002188374564,0.002859945144,-0.0005578211849,-0.01455535921,5.35549632e-05,-0.02421686806,0.01728826876,0.01099797471
-1.171704319,-0.00190178357,0.01377541904,-0.01788133763,-0.01460727297,0.007776642821,-0.02469249229,0.005809717968,0.003563080326
-1.166797995,-0.005063199212,0.00290172409,-0.01504243698,-0.01607977411,0.004619653673,-0.02206502482,0.001697927544,0.00431805031
-1.195459371,-0.003922960734,-0.0004857673805,0.002273075177,-0.02164387878,-0.002583043515,-0.01736771477,0.007755714243,0.005910141548
-1.179084993,-0.001458257169,0.0008308407784,0.001549141379,-0.00425380731,-0.0002418991544,-0.02283957872,0.01897029179,0.01351736559
-1.173700454,-0.004676822682,-0.0008795740648,-0.007483751231,-0.01451688917,-0.005415564681,-0.02769178743,0.008729091973,0.009645730915
-1.183898301,-0.01245914754,0.002122549859,-0.02167759829,-0.02253129705,0.002176076092,-0.02636094001,-0.000670608349,0.008924882911
-1.208309684,-0.01222103763,-0.006789450157,-0.01007223896,-0.02184569934,0.001024033068,-0.02320332551,0.008892391063,0.004157173764
-1.1901964,-0.01113223668,-0.002864820626,0.001277534554,-0.008858417616,0.003034391555,-0.0247787505,0.01001282524,0.006638544574
-1.193269005,-0.01019992916,-0.007470949543,-0.00591299106,-0.01900895938,-0.00646777095,-0.01870341453,0.009997576827,0.01011856633
-1.191563045,-0.01096202652,-0.006381373573,-0.01385992577,-0.02055774483,-0.003028792505,-0.02591118701,0.004357706281,0.005615101136
-1.152685786,-0.007941116079,-0.0004096948619,-0.01460356071,-0.01040647599,0.001347923147,-0.02623918452,0.01423835725,0.01134690752
-1.145971478,-0.006415977833,0.004837715287,-0.004734451024,-0.01384928296,0.00261016929,-0.02386886285,0.01200417251,0.006826095339
-1.169593838,-0.008044885185,-0.007096945948,-0.003868745959,-0.02371643192,0.00339211213,-0.0223229955,0.008217211902,0.008656315096
-1.179157778,-0.007501737932,-0.00477094739,-0.004682971026,-0.01527848562,0.001117865612,-0.02289728108,0.00501149078,0.006555095464
-1.144509723,-0.006106807702,-0.0005500316119,-0.00646594023,-0.001880587006,0.00046511814,-0.02300701645,0.00758761661,0.006105429006
-1.15071773,-0.004521782626,0.00418971877,-0.01508726476,-0.01716845401,-0.0006033547818,-0.02296935528,0.01298380273,0.01026846908
-1.182050039,-0.002697909808,0.0004457268439,-0.002514074443,-0.02022119863,-0.001370427407,-0.0242064214,0.008532416169,0.0113358533
-1.226167885,-0.001930603615,0.001277868883,0.007838579219,-0.02668502113,0.002242061601,-0.03007494113,0.0102126438,0.01054125342
-1.220917492,-0.00261732044,0.00608389802,-0.004989427589,-0.005304044991,0.001691892571,-0.01761717568,0.01561983297,0.006945056666
-1.174454033,-0.001841033915,0.004542456934,-0.02071172064,-0.003045661007,0.001700308641,-0.01976295077,0.001952852218,0.006000342285
-1.193755121,-0.002484458211,0.00425560243,-0.01400890183,-0.01786870819,0.0001700171726,-0.02534197466,0.005044753794,0.008427290723
-1.184851668,-0.002146616012,0.006136340762,0.005872404038,-0.02066808098,0.002061767635,-0.02162949392,0.01363357457,0.01177230411
-1.160268571,-0.001432663416,0.004733259046,0.008427543244,-0.008747895158,0.004249421863,-0.02299135874,0.01736370564,0.01141348712
-1.180616931,-0.002218819619,0.0007522903958,-0.008428445533,-0.01507483452,0.001754904016,-0.02130437194,0.005526937396,0.007226657014
-1.208919988,-0.001049954231,0.003318622797,-0.02081083364,-0.01598523522,0.003607105976,-0.02201339233,0.002926094707,0.004588950457
-1.187175577,-4.985170246e-05,0.008150441165,-0.01165066292,-0.004111379335,0.002521957817,-0.02344058794,0.01105646995,0.009522206712
-1.199310257,-0.0004228812086,0.00825353612,0.007418554331,-0.01228566446,-0.0004802641216,-0.01973234588,0.009079455538,0.0123917341
-1.181568668,-0.002122772192,0.002281652169,-0.0002037024069,-0.0286650883,-0.0004160507238,-0.02376702776,0.01443926847,0.01310150724
-1.170959745,-0.001555074556,0.003073234754,-0.008001499506,-0.01837992771,0.007047253498,-0.02277507299,0.01046538976,0.008579181287
-1.180561509,-0.001456070427,0.006648599456,-0.01084013511,0.001737113987,0.001838616312,-0.02766164351,0.009536641211,0.006118114269
-1.144926135,-0.001826942721,0.003463914727,-0.01096361418,-0.01419472607,0.0004599205526,-0.01628856111,0.006398699444,0.008716347292
-1.188133301,0.007242321415,0.01189364512,0.0007136256021,-0.02427584188,-0.0001262947878,-0.02199387805,0.01084924627,0.01150120704
-1.177823626,0.007978227046,0.01739957693,0.00509015199,-0.01049937907,0.005281797081,-0.02464365595,0.01437439542,0.01334412571
-1.155429178,0.008807054223,0.01763061522,-0.001604316429,-0.004912054681,0.006757887673,-0.02122985207,0.011629162,0.00767297841
-1.180683847,0.006426992676,0.007454275047,-0.01186928608,-0.01613684765,0.004190601118,-0.01704491938,0.007641200009,0.006303080947
-1.194876238,0.007355269359,0.0088307716,-0.002026048657,-0.01223253396,0.002163342404,-0.02261689582,0.006198442166,0.008644461118
-1.195494626,0.00728834365,0.01365248803,0.004788194083,-0.01072477652,0.001404481063,-0.02270805775,0.01578447352,0.01210420785
-1.161925131,0.004444872056,0.01573130317,-0.001693752918,-0.0156512144,0.002800207039,-0.02150771555,0.01213054521,0.009792690866
-1.182373354,0.002114954996,0.01009606436,-0.008358647316,-0.02325217939,0.003169236739,-0.02094485648,0.009318731895,0.006546317898
-1.158464862,0.002903407259,0.009345087903,-0.007111198572,-0.01293168778,0.004847073672,-0.02259579276,0.008675570295,0.007083876171
-1.141163091,0.005337900152,0.007066899516,-0.001283472726,-0.006917316098,0.001397349872,-0.02162318354,0.01492204681,0.00706706052
-1.193347642,0.002581167046,0.006542781728,-0.0002584519456,-0.01736112015,0.0004306945893,-0.02145782928,0.01027507683,0.0104441852
-1.148370873,-0.0005285026285,0.005653006507,-0.003688275342,-0.02005647574,0.000358595456,-0.02348707698,0.007914119892,0.008699059778
-1.177141396,-0.00128654645,0.01118715727,-0.00928879334,-0.01435678418,0.005579195385,-0.02391423989,0.009174216388,0.007349855319
-1.191544837,-0.001107783832,0.00577770413,-0.008113314354,-0.008846010934,0.0003854252894,-0.02447112113,0.007521044745,0.005230961923
-1.16046526,-0.001188094746,-0.0006620661313,-0.003237567367,-0.01956747541,-0.002994755823,-0.02071784936,0.006259871532,0.00786608496
-1.174309556,-0.0002935598254,0.003370818956,-0.004822998096,-0.01936458998,0.0008784642152,-0.02231996956,0.01190094141,0.009071715007
-1.133728515,-0.004539435403,0.00558854054,-0.005312208953,-0.01062311575,0.001062203919,-0.0248167658,0.0125417523,0.007918988356
-1.175192039,-0.005903667718,0.005666363646,-0.009483901995,-0.01093457422,0.001775287296,-0.02453832279,0.00506690731,0.008961696528
-1.136598596,-0.005890924454,0.001531305967,-0.008163225326,-0.02147054189,0.0002614966188,-0.02068184774,0.006254088996,0.006573417939
-1.148801929,-0.002912328514,0.004615244374,-0.003813143835,-0.01801252908,0.001769036443,-0.02324744266,0.009127538807,0.00886868668
-1.198208455,-0.0006127957096,0.004678574618,0.002431655355,-0.006131534303,-0.0002454679512,-0.02404081733,0.0145513454,0.009377312395
-1.134886163,-0.002359332557,0.004389707507,-0.01119795631,-0.02463433502,9.08612286e-05,-0.0208094074,0.007484610655,0.007002509427
-1.22530758,-0.003992950974,0.002086058178,-0.01751769161,-0.02585767348,0.002132499171,-0.02128832091,0.00742904813,0.008600691318
-1.050900631,-0.003527161582,0.007074202463,-0.004225869951,-0.006691875953,0.002120868161,-0.02850173667,0.008021831602,0.007078795597
-1.302072931,-0.003391715888,0.002952559254,0.007790778197,-0.0004001079827,0.0009604336605,-0.02286666157,0.01338966586,0.01075535897
-0.9041661389,-0.002316952731,0.0008795927976,-0.004879458204,-0.0283822792,-0.002345589949,-0.02044947778,0.004103474491,0.00751651766
-1.637532354,-0.002665325102,0.002419882844,-0.01652270334,-0.02543891369,0.003715938968,-0.0242020762,0.003904466809,0.006769337184
1.921640776,-0.009187219721,-0.001641895675,-0.01574543967,-0.004564445995,-0.002549883973,-0.02825628636,0.01485253011,0.006253667253
4.849796637,-0.01312518058,-0.00902886117,-0.001174081936,-0.009707143374,-0.002974342736,-0.02041283619,0.0136071454,0.01088746015
4.122872694,-0.01177428501,-0.008850532156,0.003640908776,-0.0363411516,-0.004025622165,-0.02229762481,0.004411189095,0.00814316414
4.565028257,-0.01051976089,-0.002488209033,-0.007762616894,-0.01736281847,0.002648921684,-0.02391089828,0.006237291755,0.0056388157
4.251547673,-0.008824520971,0.002074761471,-0.0209148896,0.004084301094,0.002025713966,-0.02398745137,0.01295193629,0.007352634005
4.445813313,-0.01064783078,-0.005085454622,-0.01361305872,-0.01746304745,-0.002541107317,-0.02449009394,0.004363923659,0.007281324709
4.310978681,-0.008132950579,-0.008992090671,0.003884060526,-0.03243063274,-0.001816770797,-0.02101243201,0.008505381244,0.009937978405
4.416419789,-0.004862757366,-7.731776932e-05,0.004423548131,-0.01267750583,0.001491695317,-0.02305298592,0.01791161576,0.009669297499
4.405398054,-0.00800404749,0.000885885697,-0.01087610599,-0.00154208981,0.003395635935,-0.02453778161,0.0116726964,0.01048439354
4.353527361,-0.009030175136,-0.003255724288,-0.02105672022,-0.0224623198,-0.001073073173,-0.02404585794,-0.001625644298,0.004751869983
4.432169524,-0.005301230307,-0.001749510331,-0.009099204523,-0.02437016902,0.002510948348,-0.0205170165,0.008095947837,0.01076979038
4.411460778,-0.00485562415,0.003401947334,0.009062673145,-0.004754929323,0.001363702187,-0.02334309341,0.01640414468,0.01074214647
4.412699069,-0.003303040023,0.004576916695,-0.00200480419,-0.01028433637,0.0001921444166,-0.02046975301,0.01236119262,0.010923825
4.387839856,-0.003889406802,0.0006855027866,-0.02178097718,-0.02760218869,0.001371536584,-0.02339317719,0.003737410353,0.007993435934
4.42441914,-0.00347793751,0.004058287616,-0.01335027087,-0.01687584908,0.003830880246,-0.02723753502,0.006529332498,0.006530644316
4.431273263,-0.0006702867226,0.002081861109,0.001321027731,-0.000321852298,0.000643754265,-0.02444073797,0.01133732468,0.009772893619
4.40494684,-0.0003453557952,0.006125996554,0.001321951202,-0.01689444612,-0.0007957370309,-0.01896285126,0.01184750811,0.009759109621
4.371220228,-0.001352596374,0.002198675432,-0.009699509721,-0.02603688579,0.001885192611,-0.02488550209,0.00855622145,0.009377967411
4.396600787,-0.00185654001,0.007545757633,-0.00899369692,-0.01160316672,0.003898496639,-0.02587714305,0.00909371346,0.009280491798
4.402616113,-0.001858463113,0.005332387089,-0.007074192099,-0.004185871822,0.002455558111,-0.02030368269,0.01142678443,0.007650930827
4.394571853,2.157857825e-05,0.001378879976,-0.00405028405,-0.01897286471,0.00145514775,-0.01642179348,0.006488102486,0.01058478713
4.401744297,-0.0001503552633,0.002550136189,-0.0008321184171,-0.02171268182,0.00298293557,-0.02562091125,0.008430200087,0.009685426024
4.371375441,-0.002627235555,0.008069391172,-0.006930883095,-0.007262995998,0.003315086679,-0.02679904853,0.01370457935,0.01060520455
4.355919973,-0.001515748318,0.008290406737,-0.01115459681,-0.00702775949,8.169175213e-05,-0.02173515848,0.01233991877,0.00835923044
4.404350923,-0.0009152972282,0.002309460185,-0.006303173427,-0.02181190901,9.593564042e-05,-0.01863628988,0.00374904197,0.009463641255
4.35549624,-0.0003292508599,8.864829272e-05,-0.0004981347704,-0.02024252902,0.00247977948,-0.02357533147,0.01197557157,0.008763365551
4.328203367,0.00399168235,0.01116435465,0.0004209697094,-0.005578814562,0.003662088978,-0.02444647864,0.01623954276,0.009200961317
4.432119253,0.008139039706,0.01736274294,-0.005824854711,-0.005906220807,0.004023310705,-0.02215120416,0.008512713608,0.008482902768
4.148941767,0.006820080286,0.01494579285,-0.01029660773,-0.02165051338,0.002212266674,-0.01855474158,0.003044567946,0.009169128156
-0.7073756214,0.007027306954,0.01066371035,-0.005533726148,-0.01531532963,0.003956700156,-0.02222884717,0.01157244246,0.01015516884
-1.271595438,0.006930971384,0.01398795416,0.003991084249,-0.002064737081,0.001858082536,-0.02312840461,0.0151134209,0.01119038814
-1.103084587,0.007148098013,0.01165196387,-0.0008343081,-0.0117573654,0.003395598366,-0.0196736061,0.01173536349,0.007168253001
-1.1821587,0.005819845476,0.01163594963,-0.00703542163,-0.0240369041,0.004460491097,-0.02128787932,0.009494505344,0.008961653402
-1.16477569,0.001672458112,0.01191766647,-0.009872825849,-0.0135805787,0.002891396021,-0.02687643542,0.008102271438,0.007217006009
-1.203932173,0.002674678875,0.01030972074,-0.002447101701,-0.005403767228,-1.776977019e-06,-0.02260914292,0.01116502958,0.009874257401
-1.158340597,0.003868969117,0.007790773008,-0.002204927686,-0.01897650174,0.001327722541,-0.01599622501,0.009421716109,0.009391096638
-1.20877912,0.003496752677,0.009990505774,-0.003934961054,-0.02471782037,0.002868423467,-0.02351680657,0.01059108198,0.009822371173
-1.18345451,0.001259760874,0.01068772238,-0.004467850344,-0.01077868169,0.003993822859,-0.02631478115,0.008015180227,0.007721822181
-1.166565529,-0.001341330223,0.009959555557,-0.007495522852,-0.009268370561,-0.001574065217,-0.02179469768,0.008782733552,0.007858770126
-1.229008946,-0.001789460962,0.002173480397,-0.008240017884,-0.01896949038,-0.001073734757,-0.02018986934,0.006967019373,0.008887609228
-1.180298116,-0.002562371404,0.003299604612,-0.005459715304,-0.01884161289,0.0002788313443,-0.02493086027,0.01133127112,0.009248148539
-1.188806742,9.043709938e-05,0.006425896709,-0.003949774591,-0.009927041792,0.002786259795,-0.02457762805,0.01435182532,0.006882645711
-1.194351106,-0.001392416609,0.0108874107,-0.006391261904,-0.0127405309,0.0007406175199,-0.022184761,0.005281385566,0.006781328528
-1.183050788,-0.005302021374,-0.003855075749,-0.01033666098,-0.01787300978,-8.138906608e-05,-0.02371986957,0.003619508213,0.005030857128
-1.213156603,-0.003266951195,-0.002061383253,-0.0007292706412,-0.02796512407,0.00195457665,-0.02314015134,0.01003343833,0.008848884652
-1.200961086,-0.001829259186,0.009168602193,-0.0008637032307,-0.01575471135,0.001655511616,-0.02661029103,0.01778397804,0.00771427537
-1.173752603,-0.003060824248,0.007388960031,-0.009685634276,-0.002717069552,-0.002692123571,-0.01719286001,0.009895227899,0.007643247528
-1.165385001,-0.002704159463,0.002349383586,-0.01534723037,-0.01978276536,0.001440527167,-0.0232699983,-0.002062028619,0.006353326243
-1.141020273,-0.004101986981,-0.001393362616,-0.007414923589,-0.02921759016,0.001771928863,-0.02647365093,0.00962161023,0.007544052514
-1.234281569,-0.002956136927,0.00404518201,0.007784244834,-0.008093057184,0.003202425896,-0.02353400515,0.01840308805,0.009446669815
-1.199092674,-0.002632958205,0.007880233445,-0.01085770542,0.00156610847,-0.004359489291,-0.02109053167,0.0156846025,0.007489816793
-1.179494346,-0.004004400294,0.005904896114,-0.01893287932,-0.03648843839,-0.0002983060273,-0.01805709266,-0.006396167265,0.009323157734
-1.191412606,-0.003008824379,-0.008542171997,-0.005360603111,-0.02079775715,0.007647379335,-0.03227211894,0.006558704433,0.008160280139
-1.176780716,-0.008298594381,-0.002745250954,0.0100643562,-0.006756336327,-0.002944005757,-0.02057677646,0.02290953688,0.008989200751
-1.20329592,-0.01313391901,0.006706008192,-0.005107603689,-0.001524471981,-0.001069255847,-0.01982417104,0.005870836503,0.005274941707
-1.152255477,-0.01339649025,-0.004922705797,-0.01956145499,-0.02826734363,-0.004185279775,-0.02576026803,-0.002016804095,0.007712406608
-1.189508852,-0.008874121297,-0.006482785521,-0.01950324121,-0.03854896287,0.002706685708,-0.02811290935,0.00384737761,0.009945550693
-1.17329088,-0.01248968436,-0.005005397039,-0.003558554255,-0.007544860789,-0.002208794103,-0.02308520202,0.02616780484,0.007690031842
-1.162840744,-0.009006410025,-0.009859256073,-0.001759763235,-0.002201846261,-0.00149949234,-0.02137181735,0.01739034384,0.007317378272
-1.175452221,-0.006323039887,-0.002096562911,-0.001348734867,-0.02098469274,-7.517386586e-05,-0.02171746104,0.0006230301027,0.009779185667
-1.190479501,-0.01112540888,0.003497262063,-0.01283822474,-0.02544445935,0.001630079456,-0.02656520644,-0.005828165906,0.005854707086
-1.198767915,-0.007855423474,0.01016713447,-0.005131334136,-0.009441471108,0.0006585419994,-0.02016050767,0.00713511215,0.00812397619
-1.214143529,-0.007282630629,-0.005582693485,-0.01573479085,-0.01169029371,-0.004957850644,-0.02710103065,0.02219976545,0.01055805521
-1.215011396,-0.005720895529,-0.008829751138,-0.002661668256,-0.02701575669,0.002818367807,-0.01952962595,0.0127548328,0.008778547612
-1.199646145,-0.002722719302,-0.004026403635,-0.004689596002,-0.0166049476,0.0008336447933,-0.02953080159,0.009348569559,0.00740010658
-1.196911342,-0.004773727344,0.0117370595,-0.001873043883,-0.001274375472,0.003601271525,-0.0202005891,0.0003945841377,0.008349840781
-1.167106024,-0.003878802455,0.005754860012,-0.01150533947,-0.01105047679,-0.001837399115,-0.02221706483,0.009858873828,0.00590581232
-1.18879475,-0.002510144581,-0.003621925554,-0.01154004744,-0.02713284078,-0.0007137643179,-0.02233787796,0.008877747553,0.01053613856
-1.166114083,-0.0001727363991,0.0001344744038,-0.002487027252,-0.01648946399,-0.001248870035,-0.02878757422,0.01601451722,0.007058517726
-1.22246593,0.0002238656057,0.005242525387,-0.002677679526,-0.01277200355,0.003916784775,-0.02001485333,0.01511242094,0.008705382916
-1.184736924,-0.001241647179,0.009523610096,-0.005831136054,-0.009743509587,0.006724834392,-0.02074352021,0.00718210292,0.006462153177
-1.165189684,-0.005450708024,0.005849308045,-0.01231890673,-0.01882687684,0.003038482119,-0.0231331252,7.852634378e-05,0.008045613068
-1.16740404,-0.00274412299,0.004597429361,-0.00918438527,-0.005545868262,-0.002374002678,-0.02471108162,0.009180010614,0.01024799066
-1.177536129,3.438386948e-05,0.0006608919909,0.0001084025613,-0.01321621876,-0.003737207211,-0.02101041484,0.01357397137,0.01097843166
-1.133766918,0.001777549695,0.00221716135,-0.005274602107,-0.02189287065,0.005273371747,-0.02274246809,0.01448743192,0.01045074035
-1.205616037,8.215107177e-05,0.007072615767,-0.008170730328,-0.02370248096,0.004038316671,-0.02296313204,0.007401527746,0.002863093949
-1.186653617,-0.002608935612,0.01066612672,-0.01075069436,-0.0020823807,0.007198113162,-0.02361112653,0.00754027541,0.01016196852
-1.165603206,-0.005354139354,0.002476891123,-0.003211086888,-0.006969918657,-0.005066749014,-0.01916018997,0.009040354065,0.009238323542
-1.193350495,-0.001385379206,0.004626219402,-0.001845155509,-0.02006795804,0.0006650991267,-0.02173698589,0.009200851951,0.01047176273
-1.161203275,0.0003252972683,0.006076727496,-0.006124788009,-0.01613028306,0.001834368524,-0.02639683214,0.01389561025,0.01207282247
-1.141762061,0.009482754592,0.01718802815,-0.001240674907,-0.01311048138,0.008743660917,-0.02584478958,0.008506913588,0.006202924681
-1.206645335,0.009499922971,0.01241620903,-0.006774821374,-0.01249881877,0.004363543196,-0.02073460382,0.01209711484,0.00820769908
-1.17381374,0.004641936791,0.01192098503,-0.002938064542,-0.01268605663,0.003659266748,-0.01638526339,0.009565262058,0.006899043534
-1.190344332,0.00603529566,0.0125537473,-0.001992128578,-0.005916286803,0.004492169926,-0.02523785458,0.01298480114,0.01261807474
-1.159873759,0.007550194002,0.01544382927,-0.002446724446,-0.01554332025,-1.143049634e-05,-0.02344280885,0.008561431537,0.01213313992
-1.174879181,0.006458447343,0.01404415472,-0.006110403055,-0.01916179989,0.001951352563,-0.01992332239,0.004427347695,0.00972074648
-1.176266039,0.006107302534,0.009464300164,-0.00683905658,-0.01190488694,0.004287636422,-0.02455280482,0.01273862925,0.005877245273
-1.219047901,0.003159136593,0.003659539602,-0.001347698111,-0.009583912508,0.003485564287,-0.02076020678,0.01403939425,0.00744290252
-1.190057218,0.003566129462,0.01506352512,0.006468192553,-0.0289532067,0.001601128701,-0.0227477298,0.01136775222,0.006903985479
-1.199958484,0.002593183536,0.01182788175,-0.007471703851,-0.01270220485,0.0009613970406,-0.02405715921,0.01016156429,0.008888582844
-1.126677608,0.002220362921,0.00714118848,-0.01568481881,-0.002576171213,0.001563256827,-0.02085778317,0.005949209127,0.01113420935
-1.188896662,6.64415982e-05,0.002849519744,-0.0127114603,-0.01512818042,-0.00311195525,-0.02664036123,0.009740636673,0.007843262106
-1.155787285,-0.001259723052,0.002449361532,0.00605575038,-0.02377944569,0.003810898277,-0.02191608236,0.01135522875,0.008939943717
-1.181602016,-0.0009351082095,0.01201302763,0.00425429529,-0.01175809199,0.001061076163,-0.02199485571,0.01454372364,0.00371246306
-1.185972902,-0.002752290812,0.005677098022,-0.01280227032,-0.01112203542,0.003253527882,-0.02311142567,0.004467520905,0.007800174118
-1.190777746,-0.002761250039,0.001453170897,-0.01600564583,-0.02244268997,-0.0009579323928,-0.02425864066,0.0004925642845,0.004476022539
-1.16530175,-0.003737862967,0.001048409644,-0.002114592706,-0.01530945959,-0.002567596251,-0.02732209502,0.0135793559,0.0129385683
-1.195178362,-0.001962818195,0.00587875784,0.008019374277,-0.0129855555,-0.000510252943,-0.02330636674,0.01500653636,0.01131954954
-1.17778482,-0.001795274379,0.008490923779,-0.009071272303,-0.01932231367,0.002346298657,-0.02295367966,0.007286663107,0.005113471104
-1.184374621,-0.005058915349,0.004259211083,-0.02087195349,-0.02026097556,0.002790308281,-0.01895222671,0.003183197935,0.005618753965
-1.182934559,-0.003172387329,0.003004172809,-0.005417219342,-0.009449619282,0.0002832538307,-0.02669445832,0.01133666436,0.005068814593
-1.145394782,-0.001582608434,0.0003632742838,0.003026162272,-0.01502630118,-0.0006574557919,-0.01982374031,0.01263352858,0.01275141566
-1.191332032,-0.001198211746,0.00282692659,-0.004030056619,-0.02395039956,0.0008627853578,-0.02351541824,0.009541279558,0.01026426108
-1.156994721,-0.003077943811,0.005858441974,-0.01289022456,-0.01357962401,0.001864642246,-0.02459468051,0.006934270224,0.008698729791
-1.174825385,-0.003811316924,0.008903284339,-0.01088708388,-0.007018865798,0.0022464888,-0.02571595204,0.007166481452,0.006007283464
-1.203797269,-0.0033849206,0.001537706196,-0.004837348795,-0.01798875822,-0.0005557908633,-0.01829833275,0.01029471789,0.006212241202
-1.166301568,-0.003739895613,-0.002370351727,-0.0003738861896,-0.02312693022,0.00158828289,-0.02369412986,0.01017043786,0.007615548089
-1.16415466,-0.01109622608,-0.007836788729,-0.007006069152,-0.01623784467,-0.0008458683056,-0.02365356511,0.009274695123,0.009962137146
-1.161552166,-0.01168758404,-0.001612461931,-0.01432362751,-0.01211773986,-0.0001115561713,-0.0270920297,0.008578530184,0.007755360381
-1.176323173,-0.01206373796,-0.005982848545,-0.01353184445,-0.01926738748,-0.002905938803,-0.02089913873,0.006864650388,0.005121778585
-1.170475613,-0.01117947933,-0.005980754528,-0.004740143899,-0.02064446659,-0.001635543223,-0.0247728951,0.0109294423,0.007081768759
-1.107231082,-0.00958715787,-0.006229416247,-0.002342970125,-0.01530836403,-0.0005223016367,-0.02291742014,0.01393701995,0.008319968434
-1.188143696,-0.009056854066,-0.001561430954,-0.007937154376,-0.01650154533,0.001678626024,-0.02532535447,0.009131879109,0.008238738791
-1.185645325,-0.005798307356,-0.000602446788,-0.01141941622,-0.01796885716,0.001039716209,-0.02164937529,0.005308845232,0.005819099202
-1.184609939,-0.009490651231,0.00215816335,-0.008152623885,-0.0154468983,-0.000125231838,-0.0232121145,0.007937689172,0.009636546851
-1.158684668,-0.01044434236,-0.003675169779,-0.005246719554,-0.01262680296,-0.0008686378513,-0.02235037841,0.01185227137,0.008344456277
-1.165520696,-0.006860572544,-0.001922140888,-0.001845841429,-0.01550467613,0.000874683561,-0.02428335269,0.01138965475,0.0096462318
-1.139429076,-0.00414824079,0.0005044435713,-0.01194469124,-0.01803813369,0.000206159259,-0.02266318086,0.009823067857,0.007587676493
-1.142126314,-0.002837079867,0.004443312625,-0.01142948462,-0.01620371496,0.001229712053,-0.02429058218,0.01184453363,0.007194924048
-1.161712708,-0.00223526073,0.003595338262,-0.006218151961,-0.01193264163,0.0007108077385,-0.02267526598,0.008276022475,0.008032984997
-1.185219076,-0.00264866381,0.003638711275,-0.001883848418,-0.01694261778,-0.0001217647064,-0.02143998865,0.01090606563,0.008910661699
-1.176877915,-0.004111933221,0.003625170929,-0.005343058814,-0.01811873274,0.002757406806,-0.0229318518,0.008856021653,0.008084766893
-1.173011847,-0.002107697671,0.004838388301,-0.007110290117,-0.01130375235,0.003153166841,-0.02529995812,0.01117090618,0.007864590672
-1.188282154,0.001339442934,0.006526293905,-0.01053268912,-0.01391455868,0.001517742406,-0.02221300667,0.008391599168,0.008336798004
-1.130549178,-0.0005955857959,0.003802153975,-0.007352274409,-0.01925228997,0.0009502421227,-0.0214264624,0.01152838717,0.009671081184
-1.166927924,-0.0001044680816,0.002763106468,-0.005665745009,-0.0150331324,0.003962378859,-0.02283776262,0.009052489072,0.009606822439
-1.167503119,-0.001578388515,0.006474576023,-0.004453778224,-0.009239602459,0.003463795232,-0.02342528071,0.01227037649,0.009356806355
-1.130565545,-0.00184337187,0.005982381801,-0.00981207613,-0.01663111275,0.001870113989,-0.02160764987,0.008988861687,0.00773634638
-1.176608957,-0.003041173718,0.002955576717,-0.008725702055,-0.0137840585,0.001567500733,-0.02258330574,0.007277048278,0.01004310767
-1.09467531,-0.001031564771,0.005873758666,-0.003689015325,-0.0129192373,0.001409625496,-0.02216702675,0.01042461185,0.008942313306
-1.204903753,-0.000898857652,0.006115868417,-0.007194401209,-0.01219053866,0.001695080117,-0.02241889637,0.01340605134,0.01011879404
-1.104451499,-7.549022251e-05,0.002499146858,0.003812695706,-0.01566192415,0.001237285803,-0.01993546792,0.009571911025,0.008007845102
-1.253373382,0.0004875089631,0.01036038781,0.001745922349,-0.02802849037,0.00444548895,-0.02476813226,0.007981498037,0.008355522457
-0.9731852967,0.002890729444,0.01064967719,-0.02213662213,-0.01076918965,0.003729415158,-0.01500141772,0.01366334766,0.008650255117
-1.449832028,0.007704673774,0.01263047316,-0.0188289381,0.0009315759449,0.003163450508,-0.02106307353,0.003000983384,0.01081729409
3.03095382,0.009199816887,0.006073764967,0.007471621208,-0.008051962441,0.001543213571,-0.02555449308,0.01177333331,0.01225491111
4.727972133,0.005585470894,0.01595202251,0.01939641582,-0.02773695718,0.002531961536,-0.01751208865,0.01674246441,0.008627310959
4.215333715,0.008383449564,0.02013105606,0.0004339649735,-0.01244490965,0.0078344479,-0.01979236902,0.01424391903,0.007198458967
4.490892586,0.005589544183,0.01222848781,-0.02235422911,-0.008177016577,0.003090576236,-0.02789190574,0.004793251174,0.006984062276
4.333115121,0.004893352957,0.00746753954,-0.01939043802,-0.01226527639,0.001035997353,-0.01785306708,0.005213733215,0.008535099961
4.446177553,0.002273697841,0.006060258715,0.002285309513,-0.01352182107,-0.0004677788723,-0.02227153127,0.01250553275,0.0115511297
4.311448283,0.006229056785,0.01332644082,0.01993702369,-0.01312070574,0.006419624358,-0.02057529982,0.01182653815,0.01084471116
4.426098175,0.002357790859,0.01568643909,-0.003710717817,-0.01952574168,0.002330539706,-0.02231451915,0.01235191388,0.006121911982
4.372458343,-0.00179438716,0.007716767246,-0.02277379888,-0.0176659705,0.002386208538,-0.02156100698,0.008066860073,0.005975904779
4.391966612,-1.846841756e-05,0.001869847152,-0.01092286443,-0.007542406397,-0.003975410876,-0.02500201087,0.002762086669,0.007674448225
4.378747258,0.003180607018,0.00134848034,0.0001506613023,-0.01772553569,-0.002773194318,-0.0195851538,0.01162222368,0.01164044137
4.378502231,0.001334956584,0.008548770255,0.006467879419,-0.02500661154,0.001445472134,-0.02303351785,0.01615296891,0.00997956056
4.428864312,-0.002346648043,0.01010684147,-0.003515502862,-0.01342367753,0.004062618844,-0.02727078713,0.007627834748,0.006852172981
4.429835182,-0.005479154689,0.007366779515,-0.01601428751,-0.007868589455,0.002702391199,-0.02571014977,0.004861510118,0.005685632402
4.432957244,-0.00529835679,-0.001868661742,-0.01720223219,-0.01702026042,-0.00181237253,-0.01654236437,0.006487588534,0.005285447834
4.414853874,-0.0001428480075,-0.003032378059,-0.001789050983,-0.01494066481,-0.002464307637,-0.02370457058,0.008510873373,0.01180536508
4.409367666,0.001957420234,0.005579616959,0.006396425886,-0.02028839847,-0.0006164983213,-0.0234083383,0.014087161,0.009450484287
4.387841208,-0.003256579491,0.01261913717,-0.005348431523,-0.01757181626,0.002824914351,-0.02569435882,0.01394275396,0.006511726171
4.394309657,-0.005805260428,0.00912369753,-0.01600225809,-0.01503410414,0.001833975705,-0.02385932715,0.001892797305,0.005548492624
4.371151171,-0.004737911323,-0.003984617732,-0.01335243216,-0.0118676517,-0.003140790121,-0.02111482404,0.00233132019,0.006810895374
4.375622782,-0.001734067412,-0.0003536598849,-0.001778801968,-0.01902433571,-0.002760814838,-0.0182294604,0.01468287379,0.01026057861
4.376166544,-0.001702453439,0.00171847606,0.005196664527,-0.01649838657,0.003356348245,-0.02594113673,0.01626454926,0.01052737898
4.344895051,-0.001632874506,0.01186842203,-0.002911694704,-0.01723679729,0.002511447386,-0.02615716434,0.008300537726,0.008979711404
4.417202304,-0.006580586494,0.0111059344,-0.01577816018,-0.01860877364,0.002605719148,-0.02225566185,0.002329867808,0.00569874124
4.349028606,-0.004833848208,-0.002105673367,-0.01290154519,-0.01152868823,-0.001796597819,-0.02094756515,0.003712955743,0.006942562977
4.463649253,-0.01029467924,-0.009101676605,-0.003694843809,-0.01088436708,-0.004660617089,-0.02476369826,0.01065586142,0.009927020261
4.240218622,-0.01138259702,-0.008466390211,-0.002667797008,-0.02031234198,-0.00141071834,-0.02177501667,0.02012152917,0.007810598628
4.66284178,-0.01135312604,0.001372040636,-0.006796682821,-0.01889686962,0.001671554191,-0.02602158163,0.01211794576,0.007483186385
3.274336503,-0.01247450623,0.003128985078,-0.01182438708,-0.01683968831,0.002551459268,-0.02588743004,-0.002417134957,0.008011486946
-1.341534081,-0.01383837881,-0.01133830765,-0.01258471854,-0.01969419416,-0.002817833118,-0.02185509918,0.002362001894,0.005296949339
-1.029622307,-0.01024933135,-0.006648541032,-0.007495472831,-0.01445130708,-0.001055236465,-0.02162068405,0.01316897469,0.009957954417
-1.246036507,-0.006753681136,-0.001860184303,0.0001031307296,-0.01113114437,-0.001048704314,-0.02541181052,0.01542591036,0.009713322938
-1.160858896,-0.004672126326,0.002132234988,-0.00686558639,-0.02078464188,0.001468969095,-0.02429144558,0.009537823671,0.00733443508
-1.203116328,-0.00921523545,0.0007284256049,-0.01087196627,-0.01885335486,0.000666163408,-0.02429790016,0.005538962652,0.008058576957
-1.167850816,-0.009034917238,-0.003958708452,-0.01053281325,-0.01119826625,-0.0001358484385,-0.02461244147,0.004978974898,0.008571705418
-1.192496208,-0.004399074269,-0.002624395444,-0.007252073551,-0.01343055878,0.0002504975791,-0.02191028863,0.01389412223,0.008240961466
-1.163873382,-0.001335297913,0.001439607023,-0.006244124299,-0.01759392832,0.001804077924,-0.01878319177,0.01514789039,0.009252945822
-1.156767705,-0.002776418868,0.006818433095,-0.003661751802,-0.01531617572,0.001900238909,-0.02381161374,0.00701473096,0.009871721358
-1.215239083,-0.001922117898,0.00314532312,-0.008269857714,-0.01193530909,0.001087932823,-0.02343086271,0.004700614504,0.00787875892
-1.191625787,-0.004050227552,-0.003991579132,-0.008327256155,-0.02197453253,0.002929116565,-0.02138418729,0.00743541219,0.009133065732
-1.193822392,-0.002429749746,0.004263430444,-0.004953563283,-0.01821622991,0.001127676271,-0.02687072385,0.01593347156,0.008788131457
-1.23725018,-2.320097495e-05,0.008241814359,-0.007004998902,-0.002719868766,-0.0009550813887,-0.02018012927,0.0143402243,0.008906934556
-1.166020347,0.0005212982374,0.006876256975,-0.009726688102,-0.009157315909,0.0004262124675,-0.02241213296,0.005425282924,0.006794634765
-1.205615709,-0.001439959813,0.001199961309,-0.00823101549,-0.02373088689,0.003305165863,-0.02249156766,0.00564915507,0.01010749407
-1.165307162,-0.00205059466,0.001314775321,-0.000325659821,-0.01706257706,0.004513418331,-0.02235415932,0.01480339089,0.009564252251
-1.185441537,-0.001849215867,0.006198043136,-0.002118881379,-0.00436010841,0.000695639872,-0.02163962822,0.0221430537,0.009315665838
-1.154422889,-0.0001969436152,0.005713546552,-0.008508679955,-0.01410235796,0.001167215162,-0.02186711683,0.006404519516,0.009527726135
-1.133076332,-0.001507201828,0.005949866961,-0.009773955953,-0.02200490448,0.001598777921,-0.02274076441,0.000696287857,0.008313257404
-1.188852359,-0.001987528839,0.007289030339,-0.007509513898,-0.01460553762,0.002433466687,-0.02372163736,0.01034852281,0.01036130309
-1.151942816,-0.003003865788,0.005544123318,0.0008354225788,-0.005964279616,0.001673069532,-0.02134320565,0.01516281317,0.009283730747
-1.196846408,-0.002756496804,0.002463930828,-0.006570994834,-0.01730335551,0.0001137815442,-0.02195722001,0.01223785707,0.01031192359
-1.184911569,0.003063954308,0.006638556127,-0.006460347035,-0.02146923393,0.002353860658,-0.02236220816,0.006764518644,0.008120507117
-1.198397092,0.008744257124,0.01289654313,-0.003645485339,-0.007059630994,0.003805905198,-0.02504772711,0.01137884858,0.009514605943
-1.206471731,0.008741371608,0.01936790478,-0.004125028528,-0.003741416733,0.003702033052,-0.0202972083,0.009228345612,0.009793821453
-1.177183961,0.007282368677,0.0155084987,-0.003059804412,-0.02315708789,0.001638875422,-0.0188134432,0.007554884714,0.009077192593
-1.219205885,0.005136654219,0.00935485523,-0.001703975988,-0.03102220889,0.004984393052,-0.0226139731,0.01151632028,0.01052281523
-1.200196108,0.008624240891,0.01077127447,-0.0002833315518,-0.001911412409,0.004393577085,-0.02530916703,0.01769474735,0.00908326084
-1.180667823,0.005768113324,0.01445420137,-0.009496094976,0.003324485933,0.00116243149,-0.02176345228,0.009891976327,0.008673838685
-1.190238212,0.002621298109,0.009123873369,-0.006962420397,-0.01459745804,0.002065686238,-0.02159570852,-0.001020703054,0.006944542139
-1.153500174,0.003710923168,0.008185112261,-0.00230144893,-0.03055844565,0.002123965886,-0.02442719019,0.007770383763,0.01212103598
-1.188804409,0.003500985278,0.0145631172,6.935759678e-05,-0.01662034495,0.0035893514,-0.02365605169,0.0225162114,0.009244559528
-1.18612841,0.002531446152,0.00793450984,-0.003485296443,-0.008425544523,0.0002876144646,-0.02059858051,0.01840734348,0.004619044869
-1.221435524,0.002255943215,0.004097933041,-0.01082392074,-0.01286507242,0.003563321066,-0.02368151322,0.001495308123,0.008751496677
-1.183396764,-0.0003815121048,0.003102505297,-0.008357455276,-0.01631456706,-0.0001866548357,-0.02136802081,-0.004436974966,0.007351205148
-1.170789003,-0.0003101582858,0.01190397192,-0.0005371058699,-0.01197586699,5.743128315e-05,-0.02304622017,0.009347768603,0.01118125433
-1.146429269,-0.0006098936839,0.005600145573,-0.002068190109,-0.01520065103,-0.002992728267,-0.02295073405,0.01957858714,0.009941900202
-1.162735665,-0.002249783778,0.003992724452,-0.007854775003,-0.02646777168,0.00162570816,-0.02278788426,0.01383617042,0.006730444381
-1.144226516,-0.001641940737,0.000655173636,-0.01070891142,-0.01905081239,0.0008491680251,-0.02441120092,0.00755620442,0.004233770234
-1.173616737,-0.003635369971,0.002263666097,-0.003842108992,-0.009282223281,0.003023005497,-0.02380971318,0.005493679202,0.00668113983
-1.204075794,-0.002272750071,0.006327330859,-0.004888885662,-0.009634720551,0.00101171518,-0.0212650721,0.007171435354,0.01118048606
-1.186042982,-0.004028607792,0.004685975154,-0.006273738487,-0.02195036296,-0.002543748697,-0.02315347042,0.009423582562,0.008240053818
-1.143263937,-0.003263564433,0.006458279317,-0.009199495116,-0.01733009231,0.001808605333,-0.02322942428,0.008487121778,0.009026234859
-1.167642203,-0.003006100013,0.003443926598,-0.008914043273,-0.01275646449,-0.001151626419,-0.02243076832,0.01151814636,0.006485111746
-1.208412651,-0.002357042793,0.001973333826,-0.005889687429,-0.01400053774,0.0018025411,-0.02041402247,0.006839938682,0.005846655142
-1.16982279,-0.002253276591,0.001876034451,-0.004086035551,-0.01716599143,-0.0002443696896,-0.02445605383,0.007767860039,0.007198699444
-1.195709259,-0.002558090299,0.007412068981,-0.005852973557,-0.01419554351,-0.0004589510807,-0.02535778455,0.009359538243,0.009078856018
-1.166310856,-0.004476478397,0.006876523044,-0.007769063544,-0.008930861527,-0.000633133492,-0.02436525856,0.01059509205,0.01032053956
-1.140798686,-0.003486786945,0.0005688570125,-0.008109591601,-0.02117574977,-0.0001647767845,-0.02043753952,0.008920394699,0.008356450121
-1.184950116,-0.006673552666,-0.003361592209,-0.003923631381,-0.02251740793,0.001759761127,-0.02477171638,0.009544601162,0.006802655349
-1.200038877,-0.01187592791,-0.005353327676,-0.0079649087,-0.01090634944,-0.001680974423,-0.02537322386,0.008909330214,0.006612851979
-1.19866638,-0.01207164391,-0.003925445313,-0.006866522355,-0.01312149801,-0.00091527747,-0.02162676116,0.004326011812,0.009575108438
-1.175685215,-0.0117310884,-0.007235987991,-0.01547621155,-0.01872781375,-0.003839765265,-0.02488948672,0.005575983869,0.006935627386
-1.207905719,-0.01128273892,-0.009701882128,-0.002744268036,-0.02401645115,-0.004562609567,-0.02370599073,0.01155906203,0.01093739341
-1.171449958,-0.008189301481,-0.0007795397954,0.001593480534,-0.02376753369,0.003547485013,-0.02937971831,0.01548946133,0.007427083651
-1.170156046,-0.006764481921,-0.001278118315,-0.008061918548,-0.005211397621,0.002067274969,-0.02300592094,0.01372035418,0.006294624329
-1.162081453,-0.006554887114,-0.002230132189,-0.02272006784,-0.01218030514,3.164112792e-05,-0.01872177876,-0.001324692252,0.004790895638
-1.180055529,-0.01014779138,-0.003798371988,-0.008790105992,-0.01874436869,-0.003345496815,-0.02615722542,0.006315267487,0.008938352597
-1.166527888,-0.01108945147,0.001967354124,0.003795309068,-0.01537428243,0.0009813647035,-0.02427037864,0.0197764156,0.01177476022
-1.15617277,-0.004695888168,0.009315981608,-0.0004291164136,-0.01438415704,-0.000562367939,-0.0227147998,0.01671453539,0.009950479296
-1.139851274,-0.003170730282,-0.003989214476,-0.01635901755,-0.02299405224,0.00326610873,-0.02476142733,0.001498654491,0.006660345021
-1.189322199,-0.003670504379,-0.000998496747,-0.01160148951,-0.0135620337,0.003243139499,-0.02283381405,0.004516349405,0.004408090309
-1.192069594,-0.002897369015,0.004681384101,-0.006763028843,-0.004112903258,-0.002728720668,-0.02147430914,0.01723199712,0.0113636715
-1.200779327,-0.00552999961,0.005878822397,0.004764685471,-0.01726100272,-0.0004037441725,-0.02173630842,0.01304242422,0.01110479015
-1.19361063,-0.00304479301,0.003974399053,-0.009818571214,-0.02731858532,0.001235473026,-0.02796750949,0.009555543747,0.0102302319
-1.186687788,-0.002783451884,0.005660268423,-0.01182846097,-0.01649291598,0.004131621582,-0.02155984222,0.007114696218,0.00863870412
-1.185111833,0.0006234387939,0.001964178854,-0.006923132841,-0.003095917616,0.002359553907,-0.02341591471,0.01009939794,0.004544537219
-1.169824401,-0.0005316589248,0.002436611136,-0.004067318158,-0.01610124365,0.0004348401239,-0.02230776993,0.01068028722,0.01103029284
-1.162720704,-0.0009815544813,0.008573129262,-0.001355925048,-0.02038613058,0.0003231431286,-0.02346910826,0.01273079938,0.009885805125
-1.164716161,-0.003079351548,0.009846793461,-0.004892352063,-0.01024396589,0.001029375572,-0.02578439819,0.009910010509,0.009126418682
-1.179900949,-0.001461126032,0.00409913382,-0.008857172334,-0.01293261657,0.003920133743,-0.02125770379,0.008496217694,0.009474278741
-1.179248742,-1.003821224e-06,-0.002433850094,-0.01022957831,-0.01578381115,0.001193093139,-0.02318391473,0.009112020268,0.006981220939
-1.207096483,0.0009396500951,0.001544830459,-0.00034498901,-0.007476302232,0.003250417017,-0.02350643237,0.01068364348,0.007257458812
-1.17424759,0.0009586317016,0.005756569518,0.001324080518,-0.01005950334,0.001513083205,-0.02257796076,0.00906135456,0.01062688384
-1.139766029,-0.001563770419,0.008547916243,-0.009207223776,-0.02222176901,0.0001130563993,-0.02173367602,0.007396090948,0.0092172544
-1.160984263,-0.001493087005,0.004157547498,-0.01223685104,-0.01726951648,0.00203897223,-0.02232321752,0.01123563914,0.007315512253
-1.161571859,0.007282540817,0.01307988322,-0.002163367289,-0.001789861845,0.005243481141,-0.02474729203,0.01156449943,0.009528796449
-1.18688031,0.01143674688,0.0115710998,0.003283128719,-0.01795400966,0.002218369523,-0.02085298471,0.01439797388,0.008756974831
-1.16199543,0.01006091049,0.01307476258,0.001642261502,-0.02367544251,0.00526482976,-0.01911575688,0.01087589993,0.009364307184
-1.156851369,0.00528741334,0.01582128598,-0.004673589927,-0.01103886528,0.004101994611,-0.02563186057,0.01348474367,0.008460934223
-1.169681067,0.005484887795,0.01362779488,-0.006188385731,-0.008219502459,0.00337734446,-0.02117339505,0.01256549845,0.01038576546
-1.189158906,0.00803299868,0.01027156456,-0.003716316517,-0.01404386748,0.0006761583558,-0.02094081403,0.01047253736,0.008912539956
-1.16464542,0.005918749121,0.007643060594,-0.00233016769,-0.0142726952,0.001583998577,-0.01812621131,0.005161272435,0.01045822501
-1.165686659,0.004170675551,0.01115738038,-0.005219656125,-0.009321594578,0.003575706208,-0.02484046519,0.009293701565,0.009351499031
-1.146673795,0.004669064428,0.01523601677,-0.003136361907,-0.01260400339,0.0008938250923,-0.02302667086,0.01133422609,0.009618020684
-1.195036071,0.00230670097,0.009931053731,-0.004834857123,-0.01476794588,0.003876226272,-0.02286713005,0.01035849305,0.008136607259
-1.169134604,0.0006941737497,0.005395883461,-0.002779451282,-0.01348507721,0.0002983343308,-0.02211246877,0.00920042977,0.008533980674
-1.15709363,0.002166880714,0.005646020271,-0.005717120165,-0.01693886032,0.002329373351,-0.02364139898,0.007369674349,0.01064762543
-1.153860108,-0.0005133870886,0.006309896184,-0.005186189848,-0.02053102879,-0.001298061246,-0.02123691351,0.01048417226,0.007121131589
-1.214042702,-0.001778155633,0.008457297759,-0.007786261875,-0.01950872375,0.0009493256849,-0.02557883582,0.009995974521,0.007593927429
-1.202373799,-0.002668977726,0.006622055618,-0.00624464571,-0.01345645754,0.002388514184,-0.02195448062,0.01403391285,0.009399925777
-1.189799524,-0.003292601601,0.001381080473,-0.007117037204,-0.01396021848,0.0004908803764,-0.02414747539,0.005835824323,0.006337348824
-1.177467435,-0.002063846254,0.002563502952,-0.006850495242,-0.01700366981,0.0006368548077,-0.02242115908,0.004095458999,0.008182283456
-1.154575759,-0.002557456273,0.002894085784,-0.009119794995,-0.01704294693,0.0007478341678,-0.02295606536,0.009671230243,0.005511464806
-1.170860681,-0.002470659304,0.008357490854,-0.00504367523,-0.01032109129,0.0009921686933,-0.02284921308,0.01046431063,0.00782716245
-1.148135716,-0.002924271935,0.003081691676,-0.008815531729,-0.01222753795,-0.0002361610484,-0.02402707639,0.009594198532,0.005595082032
-1.205632729,-0.003075247786,-0.001046864815,-0.001292913893,-0.02304679099,0.0002186332328,-0.02176118152,0.004839422208,0.008240258919
-1.131897357,-0.002100617758,0.005873134697,-0.001548839613,-0.02161460492,0.002024649741,-0.02454558265,0.009818267562,0.008381914878
-1.226897158,-0.002565280255,0.008003357999,-0.008058060852,-0.002148872953,0.0003021362985,-0.02060171865,0.01230757424,0.008829357321
-1.117305343,-0.002658511266,0.003049424418,-0.01305631844,-0.0153336435,-0.0006643895115,-0.02308565456,0.006289031523,0.007353321817
-1.153537435,-0.004341204463,-0.002135802387,-0.006027650872,-0.02910921758,-0.0004710170891,-0.02354570351,0.008510666467,0.009973422085
-1.076353806,-0.003857163483,0.005585987501,0.004588588547,-0.01504298862,0.002586012862,-0.02426126988,0.01642347177,0.007786335659
-1.301252353,-0.005621611693,0.005354698465,-0.003156816792,-0.009271668705,0.0007478098522,-0.02292049285,0.01482708834,0.006286826405
-0.9545035396,-0.01256252112,-0.00529417146,-0.01405786491,-0.0241647238,-0.0009017962192,-0.02432323763,0.002753457047,0.005655206901
-1.451323435,-0.01216439041,-0.007180407617,-0.01551709325,-0.0223492059,-0.001818901878,-0.02596870127,0.002663930108,0.006820973402
0.09172115445,-0.0100486209,-0.003902411965,-0.004797462059,-0.009787077614,-0.002175882615,-0.02327404139,0.009253051039,0.00835118891
4.641433106,-0.01038070063,-0.00208853114,0.002223416547,-0.01719680356,-0.00165434798,-0.02258764749,0.009166343772,0.007522113002
4.231381754,-0.01031042382,-0.006126415009,-0.02167736606,-0.0233114664,-0.0009890527705,-0.02210844041,0.01129663525,0.008610035412
4.46491908,-0.009367604337,-0.00462402081,-0.01686145613,-0.01084919384,0.001376702774,-0.02461824508,0.00275495892,0.006684177722
4.294451103,-0.005679164958,0.001508915134,0.005495045893,-0.007140307252,-0.002090102128,-0.03234998036,0.00895264262,0.008821687201
4.367054795,-0.005739488591,-0.002983787347,0.005039477309,-0.02474185296,-0.00164310678,-0.01715536424,0.0110958334,0.009787710294
4.342199962,-0.006527215969,-0.00250021762,-0.01454923991,-0.02904394157,0.0003991660091,-0.02122771075,0.0129203085,0.00652164155
4.442405583,-0.00628232402,0.0004711584325,-0.02003096182,-0.01040858955,0.001260489387,-0.03034562951,0.01310002723,0.007334117968
4.368451692,-0.004629490516,0.005354074118,-0.008290477947,0.001184013587,0.002878348163,-0.02394276869,0.008911651536,0.008330464117
4.396665833,-0.002625198912,-0.00125531021,6.131026192e-05,-0.01997905205,-0.0006381945848,-0.01398811734,0.003999452735,0.01145565212
4.375716148,-0.003566458148,-0.0008666731199,0.002310197353,-0.03121167407,0.0009913995256,-0.02203438291,0.003161821423,0.007639211139
4.415553974,-0.002615813557,0.005104869709,-0.006269944737,-0.01171867517,0.001340651618,-0.02800086848,0.01978137354,0.007603005277
4.399759032,-0.002157977497,0.006089153483,-0.01777192602,-0.0008454771864,0.002922991317,-0.02510946639,0.01918754098,0.01091983834
4.39260587,-0.001250459668,0.0003682385795,-0.00761616363,-0.01779069419,-0.003528176942,-0.01989716265,-0.001271474116,0.005780972226
4.426945317,-0.0001828601328,0.003236988422,-0.0001005971596,-0.02420505422,0.002297236557,-0.01983285319,-0.0009388603196,0.01065356847
4.365144774,-0.001755198952,0.008522136337,0.005115861061,-0.0107882164,0.004169215495,-0.02232925593,0.01735492873,0.01040602385
4.389280634,-0.00198373718,0.007433783559,-0.007798854949,-0.004307139872,0.004264645113,-0.02867047513,0.01650386044,0.008898169771
4.377194342,-0.003997586323,0.001035220838,-0.01575728536,-0.02072055762,0.001186077309,-0.01957335481,0.008655276098,0.006676560454
4.396294845,-0.001270485656,-0.00011243153,-0.008565480956,-0.02401206399,0.0007834702886,-0.02246380321,0.00849430578,0.007878300625
4.369796113,0.001346386246,0.006095540548,0.005434772828,-0.002525244351,0.002560862481,-0.02204267512,0.009042260752,0.01082132158
4.398446234,0.001195184365,0.00829168849,-0.001678063119,-0.01505072463,-0.0006048387719,-0.02201011481,0.01111970865,0.008259874083
4.398870727,-0.002446322618,0.00844547863,-0.01787208905,-0.022303316,0.006971664167,-0.02102762033,0.0146086733,0.0080814238
4.42116968,-0.002920479832,0.004048109014,-0.007981442626,-0.0122982669,0.002117939712,-0.02888828831,0.01090992522,0.00647575085
4.370214764,-0.001142375416,0.003146388948,0.000668822063,-0.004250539563,0.001906289706,-0.02326352023,0.006165730309,0.01183418419
4.456651619,0.005631184749,0.00654385543,-0.001437478993,-0.01805700145,-0.001882879552,-0.01591662014,0.006092641954,0.009984083385
4.292487205,0.01008757815,0.01402049403,-0.006473184281,-0.02116916384,0.00776589515,-0.01991810733,0.009568912224,0.01077458952
4.536126321,0.007898743357,0.02195731032,-0.006491936591,-0.007520205247,0.005899354827,-0.02733570126,0.01578546273,0.009292898306
4.108319192,0.006588993092,0.01290261348,-0.003189030459,-0.007084640051,0.001743384624,-0.02068784911,0.009404444962,0.008061997307
4.734528565,0.006631781518,0.008579328852,0.0007774314283,-0.0181635885,0.001257870203,-0.01962388822,0.006201807866,0.01001208284
0.5852846285,0.007374781931,0.01048488134,-0.001885033158,-0.01700925063,0.003172390887,-0.02431841238,0.01099976061,0.009093678583
-1.566316248,0.003341959219,0.01887129168,-0.007194932133,-0.01083230764,0.006295833412,-0.02416000553,0.01962298342,0.009026325517
-0.95245275,0.001660940436,0.01127011415,-0.007870574812,-0.01006456061,0.002739270002,-0.02029575574,0.01442870019,0.006652964213
-1.316053922,0.002898837778,0.01161510854,-0.001313003231,-0.01866816016,0.001795343131,-0.02048163713,0.001411699934,0.009142509219
-1.087828929,0.005536896769,0.0004291782245,-0.001509239414,-0.01520489626,0.001132788511,-0.022600192,0.007127091828,0.007888420898
-1.23237571,0.003892079681,0.01089225043,0.005206423027,-0.02205606212,0.002819101816,-0.02453106752,0.01330878445,0.0102927857
-1.105790202,0.001861745509,0.01161289257,-0.007016541858,-0.0130383994,0.0005294656589,-0.02764733854,0.01727122205,0.007379887503
-1.194348053,-0.002384266296,0.007910092554,-0.01587014974,-0.01001483699,-8.392732682e-05,-0.01489799481,0.005711337976,0.007069287661
-1.124981203,-0.001091725663,0.002061853106,-0.01457144355,-0.01561459965,0.0004321419806,-0.02562733954,-0.000424474794,0.006040686506
-1.158501223,-0.002616112677,-0.0001573511661,0.002049861865,-0.02224634565,0.0002543914438,-0.02374406949,0.007394758681,0.009677893108
-1.197018806,-0.0005766105263,0.005854809731,0.005440870464,-0.01601279557,0.003740311219,-0.02389615408,0.01681811093,0.007203021507
-1.175094722,-0.002028122558,0.008521085545,-0.006731155107,-0.01210915886,-0.001025620817,-0.0222547449,0.0177021422,0.007947757985
-1.213495214,-0.004876406149,0.001715304616,-0.01691835671,-0.01795223422,0.0007654324081,-0.02422415392,-0.002149693006,0.005316663409
-1.160774473,-0.003188443905,0.003147103822,-0.01263612565,-0.01727445005,-0.001823573566,-0.02266709991,0.006480542954,0.008160871658
-1.221530391,-0.004026737362,0.003185916343,-0.002744995377,-0.01416293057,0.002932004955,-0.02287947228,0.01387228201,0.009342685031
-1.182823932,-0.002475178943,0.009145432737,0.004849747081,-0.01342004018,0.002022148437,-0.02295590122,0.01541511368,0.008527330707
-1.188484747,-0.003572791014,0.00392354894,-0.01003909402,-0.0210582745,0.0002126616332,-0.02465458328,0.009711266262,0.007558482428
-1.18768062,-0.002942033223,0.004482831144,-0.007333812063,-0.01653101914,0.00023333195,-0.02254247215,0.002402455592,0.006585925792
-1.178578391,-0.002486542551,-0.001106258772,-0.01141410869,-0.00690963062,-0.001886843706,-0.02558162495,0.008051272403,0.008085171768
-1.215157547,-0.002097818738,0.004618749423,-0.005717984109,-0.01786369838,0.001273936184,-0.01977099642,0.01014019301,0.01048576779
-1.19752713,-0.002629025687,0.005631161169,-0.004979488551,-0.02395119602,0.001659122943,-0.02315544152,0.01624821031,0.008056036452
-1.251659149,-0.005073895765,0.01001834615,-0.002102227968,-0.01581331369,0.001092191889,-0.02408153254,0.008113051826,0.007576208905
-1.225191841,-0.01053159794,-0.00225938838,-0.007543622573,-0.006973303695,0.0005204118143,-0.02484306252,0.005491487957,0.006593757729
-1.179759548,-0.01538421247,-0.009516296578,-0.01545359411,-0.017395977,-0.002421765796,-0.02234106439,0.006851505606,0.007469963067
-1.210009219,-0.01014871728,-0.009040103641,-0.007723075677,-0.01925759504,-0.001880678271,-0.0245270132,0.00990644443,0.005894086621
-1.224383853,-0.009181241178,-0.00148897528,-0.00370102903,-0.01837091877,-0.002539162786,-0.02525179668,0.01297505941,0.009592062871
-1.202322026,-0.01002531514,-0.002441239011,-0.00543965189,-0.01628063804,-9.541444095e-05,-0.02377052075,0.01102064047,0.007779080693
-1.217480686,-0.01095188474,-0.002249026397,-0.01156805931,-0.01899689164,0.0006853484057,-0.02086334345,0.003241009071,0.007005471445
-1.185054541,-0.008492348318,-0.005941244483,-0.0105859439,-0.01065317344,-0.0001766043909,-0.02519846652,0.008295442058,0.005597406755
-1.185552197,-0.005089797884,-0.00147107081,0.002263572952,-0.02011870589,-0.001546181983,-0.02361606602,0.009155673208,0.009733353142
-1.222116844,-0.008558321377,-0.004142974616,-0.003026191946,-0.02324781238,0.0017029084,-0.02518139658,0.01351387076,0.01024193257
-1.158228805,-0.00779798357,-0.00511018461,-0.01604639894,-0.01466025124,2.117041758e-05,-0.02143266339,0.01052423252,0.007154969495
-1.17455281,-0.007100751424,0.003645403249,-0.01767913586,-0.004007745044,0.00252613942,-0.02746097035,0.004138098323,0.007887596716
-1.173888437,-0.005674327286,0.004540022116,-0.001540517627,-0.009999655912,-0.0007228481065,-0.02310280587,0.007590910516,0.009850140759
-1.177687285,-0.002992708409,0.002512224334,0.004178447254,-0.02684463837,0.001446563331,-0.01900539489,0.009843310882,0.00954919105
-1.180288575,-0.003925588935,0.002249202125,-0.005808004495,-0.02116743748,0.0004241482165,-0.02349811411,0.01827052206,0.007309389429
-1.145428073,-0.002745807682,0.001663886919,-0.01355564546,-0.009516375989,0.00300907852,-0.02639859064,0.0128886273,0.007202860215
-1.199502749,-0.002548126192,0.004192823938,-0.01472611426,-0.004407719419,0.0004649319295,-0.0235284106,0.006811113694,0.009448163609
-1.159492601,-0.001283351509,0.005481623116,-0.003933576513,-0.0207463681,0.0005272433865,-0.01883128076,-0.0009433508229,0.0089316197
-1.159739935,-0.002228881048,0.009740153266,0.00366294146,-0.01793376869,0.003569564013,-0.02163952305,0.006426999875,0.0113720456
-1.202909836,-0.001389502111,0.006929063148,-0.003066673564,-0.01277168079,-0.0002284309292,-0.02636078538,0.0167663317,0.008366469857
-1.165100677,-0.002008913,0.002690304716,-0.01313653785,-0.01574909875,0.001067296223,-0.02399795902,0.01392165801,0.008701107134
-1.176844076,-0.0006729889049,-0.001795427412,-0.01126105476,-0.0187419969,-0.0004859729216,-0.02422826434,0.01006706551,0.006289158256
-1.167783884,-0.000495109852,0.004646355417,-0.003544371705,-0.01350163437,0.004612579218,-0.0214491917,0.006018000115,0.01062640605
-1.194655607,7.890612767e-05,0.01144746215,0.0003466417427,-0.008470872617,0.004164350676,-0.02108392424,0.009895727146,0.01072601446
-1.108821455,-0.0006445980268,0.007369542428,-0.008041950621,-0.01400640424,0.001031166091,-0.02156851,0.005234628342,0.008956301333
-1.180077976,-0.0002197811844,0.004091821599,-0.01020670094,-0.01766338076,0.003414801164,-0.02190537159,0.009137594034,0.007546718967
-1.203053706,-0.002054015926,-0.00141662454,-0.00954338426,-0.0106795274,-0.001310054664,-0.02483626585,0.01568746058,0.007790961517
-1.172901258,0.003003208256,0.004769565711,0.005495329399,-0.01780305857,0.003685322559,-0.02117703177,0.01095323751,0.01135209387
-1.214018727,0.009976161548,0.01875943019,0.001439354813,-0.02309920418,0.003635758372,-0.02357291244,0.01035455092,0.007332571531
-1.171915742,0.007260246869,0.01850290707,-0.008945036825,-0.004591094388,0.00527289257,-0.01737868552,0.006579370712,0.009750919895
-1.181754625,0.007506028805,0.01268561092,-0.01277622346,-0.005050673142,0.001935150444,-0.0222157099,0.008571106472,0.008411102478
-1.188764829,0.006573874644,0.003659042903,0.002161563097,-0.02037918576,-0.0009661672687,-0.02283420736,0.01376758178,0.01086880748
-1.168850877,0.007326413048,0.01265683805,0.007945001378,-0.01675118991,0.006324368612,-0.02188084868,0.01505066983,0.009090366503
-1.172717806,0.006119320176,0.01755473146,-0.002622501741,-0.008338856936,0.006378393633,-0.02542948866,0.01640153696,0.005552874571
-1.143075166,0.0009093079896,0.009554564099,-0.01562103343,-0.01853205736,0.00584467208,-0.0206303723,0.002629603308,0.008458208862
-1.164360985,0.001218659633,0.008872217199,-0.008505099886,-0.02030882179,-0.002809193957,-0.02111558142,0.004596706485,0.005651857622
-1.18958987,0.00476453827,0.0115435735,0.005513829187,-0.004694645047,0.0001093513977,-0.02342243156,0.01601806559,0.01372711115
-1.176925508,0.003483029179,0.01162401989,0.007911708975,-0.009391997486,0.002148760356,-0.02099008069,0.01332655064,0.009457777476
-1.192522802,0.0008461005474,0.006883669887,-0.01264204932,-0.02411880338,0.002626197153,-0.02439516145,0.006092659088,0.006860934305
-1.15947619,-0.001182369681,0.007415939296,-0.01379280299,-0.02032021975,0.004294172287,-0.02326077511,0.00560129771,0.0053003912
-1.152502631,-0.001265467376,0.003467718129,-0.003284298273,-0.005149166027,-0.002726630406,-0.02646310128,0.01250095261,0.008496001513
-1.172099817,-0.001658273162,0.005850565179,-0.001025455211,-0.01502417841,-0.0005404568529,-0.01927648445,0.01083110376,0.01101497237
-1.155097246,-0.0001503291209,0.007612077551,-0.00532530993,-0.02265380787,-0.001463932956,-0.02371275282,0.009366340035,0.009739518671
-1.209171274,-0.003013344164,0.01114489933,-0.00903632893,-0.01660523534,0.003623425879,-0.02442278679,0.00488611055,0.006060347627
-1.174608706,-0.003489796306,0.001501658095,-0.007859675773,-0.01245828699,0.002686238355,-0.02334774113,0.01377361219,0.004923192858
-1.215104863,-0.003360351195,-0.001281610985,-0.006083763174,-0.01936449696,2.282107847e-05,-0.02270060814,0.01176785863,0.008181649952
-1.209642633,-0.0007320078495,-0.0008631489593,-0.00227106459,-0.01635470564,0.0001690275749,-0.02344387119,0.008993427202,0.008620578398
-1.216848947,-0.0004835226436,0.008172023012,-0.003893821736,-0.01175153191,-0.0007034186181,-0.02292166951,0.006096177652,0.008482609364
-1.188060104,-0.002994530694,0.0105761487,-0.01142364071,-0.01417469518,0.002621352472,-0.02009806512,0.005357091406,0.009396423047
-1.198778905,-0.002899365669,0.003236949179,-0.009577919298,-0.0225383891,-0.0006597233654,-0.02082373814,0.008341019568,0.004572516992
-1.160838254,-0.001487098559,-0.0009024906091,-0.003968325285,-0.01401959915,7.837058514e-05,-0.02654476567,0.01227601701,0.007370049247
-1.143974764,-0.002807118031,-0.0003059783064,-0.001191233829,-0.009379142177,0.0001920821164,-0.02328671098,0.01302883948,0.01103850553
-1.170573261,-0.002935650783,0.004352238662,-0.005011395153,-0.01727123124,0.0008834937878,-0.02333073265,0.005211335793,0.007786515876
-1.156738643,-0.003448916882,0.00893367145,-0.008032728333,-0.02125053191,0.001231725034,-0.02167154656,0.0085745613,0.00808422853
-1.124512734,-0.009296958192,0.004026780295,-0.008249711357,-0.01424373022,0.0008810786664,-0.02221656582,0.008868253639,0.006521975396
-1.156718457,-0.01329193714,-0.009344284117,-0.00706010464,-0.01491999669,-0.002805598589,-0.02301570677,0.01008071563,0.006709349983
-1.153561906,-0.01229582769,-0.01025168657,-0.007975055597,-0.02291537286,-0.002827193965,-0.02269054468,0.006960915583,0.006410225853
-1.190324777,-0.009741218046,-0.004336037598,-0.01025775454,-0.0159512581,0.0008525627923,-0.02400677064,0.009378940121,0.00842030572
-1.153543646,-0.01017116942,5.923740945e-05,-0.01128360294,-0.01276878476,0.0005182387209,-0.0257980628,0.008068196179,0.00805627042
-1.20176226,-0.01149429007,-0.0008770174317,-0.007575030119,-0.01719614434,-0.001059255582,-0.02249075745,0.005891353012,0.009054186069
-1.157662037,-0.009357372236,-0.003343729817,-0.009391756033,-0.01929795495,-0.002498146871,-0.02352726215,0.008807820754,0.006501996418
-1.157197731,-0.005958125816,-0.001748307357,-0.008213679417,-0.01208981652,0.002041727402,-0.02372931437,0.01123291952,0.00889157441
-1.175605707,-0.005045750326,-0.004683325062,-0.000785158692,-0.0194430435,0.001045665967,-0.02672629784,0.009794948129,0.008684473857
-1.166316472,-0.007646987625,0.0002001548635,-0.00159998147,-0.02584567661,0.002156435591,-0.02112593591,0.009786708649,0.007864273902
-1.186211602,-0.007091407036,0.005749778154,-0.01119198266,-0.01206923104,0.0009840480801,-0.01983182287,0.01135411173,0.008532632924
-1.181411256,-0.005112089859,-0.002480082456,-0.01725065303,0.0005349809407,-0.001997938659,-0.02302908103,0.005763365645,0.0095212946
-1.204049443,-0.00229385422,-0.001675402633,-0.01129115005,-0.0214795082,0.0004347856921,-0.02358798694,0.006528720326,0.008393820926
-1.134030506,-0.002940498417,0.0009288589891,0.003187066761,-0.02520555415,0.0009205408224,-0.02247227911,0.01430080071,0.006809617141
-1.205385337,-0.001840791165,0.01023828612,0.005080175224,-0.007635417729,0.006694211785,-0.02485965839,0.01662123874,0.009843658361
-1.167472623,-0.003258687062,-0.0006590407719,-0.009471829585,-0.009440041276,-0.002743953849,-0.02321910178,0.007511845607,0.005165006368
-1.169357642,-0.002973282741,-0.001969212157,-0.01561287854,-0.03367513904,0.0002719114327,-0.02150019304,0.001403008451,0.01097360556
-1.180868611,-0.0004698130471,0.007169078438,-0.00546397534,-0.01498240984,0.0006204544413,-0.02277479661,0.01130342058,0.007034903815
-1.190552795,-0.0007607742221,0.008626830353,0.001969258052,0.007659857937,0.00350595666,-0.02182367007,0.01852745187,0.01210921325
-1.158995937,-0.001208576878,0.009157093547,-0.008021925881,-0.01784174225,0.003994742934,-0.02022300279,0.003221718932,0.00679165341
-1.18514996,-0.003008004395,-0.002285517883,-0.01225606671,-0.03520130651,0.0004932217949,-0.02336784826,0.003006119504,0.006518269256
-1.159613522,-0.002106749932,0.00308289567,-0.004379086063,-0.005094210277,0.003831854666,-0.02280874352,0.01587590418,0.009818436787
-1.194238869,-0.0002890112887,0.003704755177,-0.00289268108,0.003142507362,-0.004164307155,-0.02398038963,0.0221977073,0.008993234609
-1.18119963,0.0003194666892,0.005078626027,-0.006902539363,-0.02904258722,0.004993879778,-0.02084492064,0.003196929032,0.008863325752
-1.169273872,-0.0008335199336,0.00543843626,-0.006701362936,-0.02570554429,0.002251356807,-0.02523670241,0.002313001423,0.005662406881
-1.156267397,-0.001850777796,0.01104217988,-0.003568218701,-0.000846378325,0.007423600861,-0.02122240151,0.01266423707,0.01107713715
-1.23435736,-0.002379154998,0.007619694192,-0.004993466137,-0.002595297175,0.0005663847965,-0.01938079561,0.01229522839,0.008739015853
-1.111539563,0.00654724912,0.004939253226,-0.009550193103,-0.03075274111,0.001084668347,-0.01952792393,0.007831634847,0.01104957305
-1.278065495,0.01043916625,0.01254377,-0.0007735807561,-0.01712391981,0.007140078935,-0.0252584013,0.01006499559,0.009560482219
-0.9795718304,0.008422792579,0.01635959666,0.0002266601312,0.0007181975938,0.001319550812,-0.02326935908,0.01712840534,0.008804525666
-1.499510007,0.006660374674,0.01599990385,-0.005906002572,-0.01412221094,0.004013769701,-0.01876220118,0.005761857665,0.01138914021
2.854771765,0.00578935691,0.008256848763,-0.009238203461,-0.02782251392,0.0003400293811,-0.02021631129,0.008142654857,0.008167831933
4.73402286,0.005779946719,0.01247520293,-0.002719732356,-0.01139642191,0.004944323962,-0.02514514797,0.01407606073,0.01041732979
4.21689712,0.004166522339,0.01163025667,0.002871139956,0.001854349958,0.001696914255,-0.02268195912,0.0190679302,0.007790048439
4.517389236,0.001869744101,0.007058594218,-0.002314390202,-0.02128343716,0.003434639157,-0.02127173406,0.003155386827,0.008850462145
4.300439439,0.006069760074,0.009011898924,-0.006668631461,-0.02566462353,0.003241759671,-0.02293311262,0.006588809585,0.008487024277
4.401144251,0.003385403094,0.01429526812,-0.0104549582,-0.01001841123,0.001951995642,-0.02066394313,0.01189322722,0.007151965698
4.400205224,0.001195191489,0.01003837093,-0.009738672338,0.002743962655,0.000233155699,-0.02135223359,0.01164573314,0.008661891416
4.3775724,0.000890037854,0.002883878302,0.007507929615,-0.02252142402,-0.00285754561,-0.02295273697,0.006767161283,0.008079133153
4.355237476,-0.0002296279512,0.006279268647,0.005164360595,-0.02938195512,0.003012104753,-0.02508793777,0.006932583322,0.008858734081
4.350426144,-0.00127873306,0.007514169589,-0.009400776675,-0.01319557306,0.001249553232,-0.02273778889,0.01301699312,0.006794814598
4.39958025,-0.002226861939,0.007303937616,-0.02074233226,-0.005923995057,0.002491936707,-0.0242164957,0.006417735566,0.007816011602
4.381541337,-0.003616364296,0.0005561059525,-0.006647781634,-0.02286014935,-0.00260082864,-0.01878610694,0.01007276042,0.009054099872
4.366267757,-0.003663445058,0.002963283912,0.005416746652,-0.02550720965,0.001999248072,-0.02202417679,0.00714036741,0.008250282269
4.341727643,-0.003120041947,0.005512003192,0.001580292776,-0.007775640551,0.0003197289805,-0.02275854324,0.01201647917,0.00924841458
4.376147302,-0.003759490865,0.007073500392,-0.0186926296,-0.01435848542,0.0006234435792,-0.02477865086,0.008944551141,0.006272508076
4.419525757,-0.004605698409,-0.0001682661915,-0.01960221381,-0.01997495906,0.001730717781,-0.02387757898,0.009618120407,0.008618310754
4.373025151,-0.002770824034,0.001317276824,-0.002177323557,-0.01615994926,0.0009867061495,-0.02627068564,0.0115207818,0.006778976114
4.373859548,-0.00113678922,0.006872441175,0.009974610034,-0.01259000452,3.779630798e-05,-0.02087654193,0.009711745669,0.01123977761
4.374319332,-0.003646006929,0.006680785499,-0.006355235079,-0.01891713876,-0.0004988223152,-0.01979262917,0.006755494927,0.007394011324
4.397999923,-0.003375700555,0.003559608047,-0.01557196153,-0.01705660581,0.003131197696,-0.02621782992,0.006671608244,0.006731950806
4.34604655,-0.005067201549,0.00285556641,-0.01007761932,-0.01212938791,0.0009238348147,-0.02527409232,0.009805396173,0.007263649949
4.377019179,-0.002864793125,0.003303496379,0.0006738995453,-0.01578753732,-0.001325571365,-0.02409353038,0.0115805879,0.0108821735
4.363457065,-0.002437982994,8.294607814e-05,-0.0008174173331,-0.02267491446,-0.0001116362677,-0.02112402963,0.01019358912,0.0104952172
4.410608395,-0.01006356597,-0.00387497605,-0.01045508184,-0.01901420903,-0.0003202765867,-0.02889527931,0.009838221824,0.005343669711
4.337865109,-0.01443193216,-0.001663991688,-0.01662651471,-0.01136484988,0.001486648492,-0.02314933993,0.009268303169,0.00749903643
4.425062523,-0.01247625328,-0.006987376426,-0.01128045294,-0.01243097072,-0.002567717674,-0.02380302496,0.005486454871,0.005581364623
4.348152776,-0.008474301419,-0.006657117116,-0.00190254708,-0.02251894251,-0.001437988994,-0.02111753093,0.006750755832,0.01059580123
4.59347725,-0.007829842894,-0.0065040576,-0.007464053264,-0.01859832112,-0.0005977463753,-0.02741141744,0.01149363079,0.008052238309
3.573548339,-0.009787382286,-0.006072744703,-0.003501205047,-0.02163202472,0.001519264544,-0.0256528484,0.01023112784,0.008406088244
-1.203577325,-0.005797709482,0.005971513452,-0.008531998584,-0.02049433098,0.0005233953278,-0.02813218927,0.006839532229,0.007182155886
-1.13414297,-0.007737693265,-0.002690475472,-0.01306266847,-0.003540043548,-0.002997157979,-0.01501051605,0.007154928186,0.008434023452
-1.204152263,-0.009561177426,-0.004463955958,-0.01619013847,-0.009501960784,-0.0008905057495,-0.02643341286,0.0007000848019,0.008032016346
-1.177174189,-0.006017894219,-0.006372163511,-0.004440764526,-0.02346532819,-0.001398329741,-0.02487749086,0.01301720254,0.01026001127
-1.165358419,-0.004520338844,0.005060753197,-0.0001302495002,-0.02356512583,0.005561737727,-0.02413059466,0.01716550075,0.0084058691
-1.191259245,-0.003540418785,0.00567092294,-0.003843067298,-0.005357185851,0.001549343235,-0.02287435254,0.0158321544,0.006298293119
-1.20418193,-0.004250672757,-0.0005186329643,-0.01369183637,-0.01545745019,0.000612458466,-0.02268849851,-0.00199537846,0.007722136448
-1.208103258,-0.002343962966,0.0008053561263,-0.01267535766,-0.02116551421,0.002315911389,-0.01965758458,0.00170841734,0.007069245349
-1.174068701,-0.001634472726,0.004382549191,-0.002179448725,-0.01403852546,0.001219788452,-0.02502413151,0.01767784157,0.01047470942
-1.165024552,-0.0009529639357,0.01199341475,0.006341677714,-0.01035164493,0.003620193422,-0.02255113272,0.01272889918,0.008248230355
-1.175188815,-0.002023763049,0.003893233815,-0.009739297163,-0.02210164488,-0.001761656894,-0.02408507198,0.01164351891,0.00776028072
-1.176025318,-0.002623022065,0.001745608101,-0.01303124459,-0.02042558604,0.004161100579,-0.02128931718,0.0005730319413,0.009871478331
-1.181834203,-2.008538576e-05,-0.0003862184763,-0.007752610437,-0.002542245842,-0.001003652207,-0.02799881855,0.01258424872,0.007704070349
-1.211531836,-4.962948014e-05,0.009892780224,-0.001884416447,-0.01415895477,0.003839727325,-0.01657344307,0.01275219797,0.01175826853
-1.140226555,-0.00138467377,0.005694371101,-0.001392409022,-0.01999922419,0.0007056739424,-0.0227184853,0.01237774331,0.007381875573
-1.191147521,-0.002078956121,0.006678118874,-0.007304451705,-0.01838580979,0.002288623355,-0.02409817165,0.006478226952,0.01041910053
-1.158505748,-0.002237506521,0.005180649086,-0.008728333705,-0.003970353045,0.003897025702,-0.02322750787,0.01093090593,0.006778433493
-1.174357434,-0.001635863827,0.001258205759,-0.008086259784,-0.014467401,0.001320637713,-0.02084002989,0.01215020075,0.009289160837
-1.157816367,0.001030747188,0.003790500559,-0.002643122997,-0.01972551114,0.003627057447,-0.0221927792,0.009069729827,0.007952053566
-1.19892819,0.0004903626596,0.006855838839,-0.003529560916,-0.01779684045,-0.002967981045,-0.02566403941,0.01114799054,0.007526935584
-1.185533196,0.004433785712,0.01212442337,-0.007274482414,-0.00782410811,0.003128709652,-0.02194442825,0.01012222457,0.01001461798
-1.14966973,0.005520926917,0.01261150735,-0.007048740084,-0.01207968124,0.002559715041,-0.02003569367,0.008115043419,0.00897911116
-1.160555553,0.009102097678,0.01011109247,-0.00300189571,-0.01839505432,0.005469337785,-0.02066089109,0.009464967346,0.009454787818
-1.173384541,0.007887379919,0.01325635453,0.0008085839812,-0.01489377196,0.004905677017,-0.02029386434,0.01652515392,0.009791554577
-1.175997468,0.006625943335,0.01692779765,0.0004820452185,-0.007642678718,0.003528730215,-0.02249941605,0.01095756339,0.01025475205
-1.143535583,0.005605107018,0.01311189574,-0.005068660394,-0.01332522217,0.002822312833,-0.02142306053,0.005401832615,0.009129951317
-1.164747315,0.002910736617,0.01166206378,-0.007956154475,-0.02115696982,0.003786217035,-0.0208184275,0.007638342941,0.005837930069
-1.166497702,0.002711178537,0.00791323537,-0.005189708436,-0.0104745601,0.001464297402,-0.0225547868,0.01617195565,0.008633452353
-1.210269882,0.004278321418,0.01019657239,0.002076881879,-0.01227377256,0.002120440476,-0.02113006801,0.01360928757,0.008242546567
-1.187246563,0.00382905594,0.01082149545,-0.005739458517,-0.01602178252,0.0004926610312,-0.02361650258,0.01163398491,0.00797285908
-1.143185379,0.0006822174832,0.007712643064,-0.006371545629,-0.01758479536,0.0016885451,-0.02195550874,0.004195782136,0.007327928383
-1.221177511,0.0005683277138,0.01005922708,-0.007478674771,-0.007783979396,0.001320646738,-0.02561181969,0.009600890366,0.008929853032
-1.156490824,-0.001040389747,0.007221469744,0.0006917529913,-0.02120498222,0.00149235747,-0.02021640618,0.0100865888,0.008467047895
-1.127040048,0.0001343284532,0.005593355982,-0.003666888074,-0.02574217817,0.002131606509,-0.02247982673,0.009802971815,0.008528814968
-1.172683723,-0.002393049533,0.001947385126,-0.009586807351,-0.01545581606,0.0005801949064,-0.02262240641,0.007779361871,0.007232446892
-1.245462039,-0.002010375511,0.006779947619,-0.01332676953,-0.004593131669,-0.0005001989782,-0.02421358247,0.009143788156,0.006643941305
-1.191975303,-0.003852542864,0.004239337241,-0.007233192306,-0.01601807073,-0.002121828329,-0.02372431411,0.01072266708,0.008634387911
-1.134386926,-0.004381365883,0.003978267311,-7.250187931e-05,-0.02283779476,0.002319919505,-0.02338487061,0.008752025938,0.007129464979
-1.180950402,-0.001723503414,0.003310799987,-0.0009355560133,-0.01929433089,0.00152968845,-0.02287190396,0.01377113833,0.008741821893
-1.199421393,-0.00268615133,0.006742584204,-0.01101418061,-0.01281988772,0.001500597139,-0.0250669603,0.01196553633,0.005716667512
-1.19988715,-0.001386937083,-0.00126363847,-0.01069813273,-0.009496604646,-0.001659471044,-0.02244329533,0.007704965457,0.007251434093
-1.184681968,-0.001164881567,0.005702499808,-0.01145086529,-0.01692349993,0.0007540048754,-0.02322816172,0.004153117081,0.01039251082
-1.202006289,-0.003401780664,0.003449483101,-0.001758221253,-0.01357539051,0.0002431245201,-0.02190137835,0.00838862499,0.007437537342
-1.21370633,-0.003643118274,0.005445416036,0.004759792227,-0.0249164573,0.001116802004,-0.02501660098,0.00952870701,0.008358449325
-1.176941952,-0.003571667334,0.006704333466,-0.002635038571,-0.02199794771,0.002281011244,-0.02528429526,0.01343975711,0.005489475534
-1.18335205,-0.004295226,0.001150891436,-0.01625254468,-0.007995563689,-0.0008499245799,-0.01963807244,0.007919531225,0.005824323906
-1.142024363,-0.001207064506,-0.0002542024418,-0.01905416392,-0.007456514773,0.0005214462304,-0.02315070932,0.00194700841,0.008058094497
-1.158175923,-0.008898859612,-0.007267731021,-0.004440243489,-0.02626559747,-0.002452752946,-0.02442489679,0.01039417357,0.010575249
-1.17750975,-0.01429069642,-0.001105546087,0.0001586215859,-0.0173576677,0.001175620608,-0.02701199537,0.01458967287,0.007774277846
-1.201546188,-0.01289355274,-0.0002707463953,-0.001444461096,-0.009944067283,-0.002565717086,-0.02693932845,0.01239371608,0.006608647612
-1.163428546,-0.01232903727,-0.007487349679,-0.01492723296,-0.02269070619,0.0017001717,-0.02265026856,-0.00179474455,0.004606993456
-1.145695658,-0.0108333996,-0.011443082,-0.01779782876,-0.0225023908,-0.005115918738,-0.02333027073,0.007651422864,0.006009281675
-1.191434557,-0.0090944209,-0.002540152625,-0.006267046247,-0.009299358588,0.0004292235972,-0.02473575153,0.01464880318,0.01002949109
-1.163789295,-0.007486105719,0.003147925454,0.003351325129,-0.007990943444,-0.0006773801388,-0.02339682558,0.0118956474,0.009508487072
-1.218668448,-0.007228296638,-0.0002877100289,-0.008514385847,-0.02810996802,0.002029890145,-0.01944394384,0.001612430444,0.009888339416
-1.118487206,-0.008863814949,-0.001330471841,-0.01253436959,-0.01894081447,0.00435405271,-0.03046337825,0.009250879291,0.006452644282
-1.229193832,-0.007525554431,-0.007788000161,-0.01148448953,-0.006803004207,-0.001929280108,-0.02717300141,0.01413597925,0.009189475972
-1.188883267,-0.003874010931,-0.002064908205,-0.003639035799,-0.01476637828,-0.002395871457,-0.01848850404,0.01275965673,0.01100210793
-1.217078101,-0.003441057537,0.002223666846,-0.004255759209,-0.02131047786,0.001466302283,-0.0207078322,0.01042353643,0.006390529384
-1.167840678,-0.004146079443,0.01326836734,-0.004896478295,-0.01504602566,0.007423561503,-0.02542554529,0.006118433473,0.00939527326
-1.162581014,-0.004833721779,0.005778766554,-0.007903232919,-0.01115031934,0.00164901151,-0.02599258231,0.009822523736,0.005963181035
-1.153902766,-0.003109996585,-0.002446446402,-0.009032906266,-0.01822998766,0.001191419235,-0.02197292697,0.009433592116,0.01035465782
-1.182982118,0.0002698730481,-0.005600410253,-0.004837565424,-0.01278274854,-0.00159593662,-0.02184069571,0.01331130568,0.007680236564
-1.192942651,0.0004117277898,0.009265482386,-0.005874043828,-0.009890607729,0.0005075266856,-0.02359002469,0.01018285551,0.0100310786
-1.17225528,-0.001442899566,0.01122394561,-0.004205289502,-0.01232860351,0.005376782578,-0.02250316967,0.008249389277,0.007876931221
-1.149952703,-0.003393023078,0.005592315025,-0.007835535677,-0.02423640812,0.00270635105,-0.02276780754,0.007039822244,0.00508526264
-1.170852722,-0.001105688029,0.001818116471,-0.005907745317,-0.01513798759,0.002272608162,-0.0230596714,0.01162752145,0.008513321771
-1.15544147,3.164422848e-06,0.0006273228349,-0.004329212232,-0.007603153464,-0.0001571330382,-0.02170212134,0.01409406883,0.008702724051
-1.192095191,0.001064280468,0.003070688996,-0.004223971375,-0.01280090816,0.00258841781,-0.02247903897,0.007988288394,0.01095496347
-1.169136416,-0.001052806373,0.009516558696,-0.005599454846,-0.02052750081,0.002283430569,-0.02111058401,0.008454845524,0.007322082062
-1.154127466,-0.002431600725,0.01107625999,-0.007868133811,-0.01354978005,0.004472558343,-0.02252645358,0.009962965017,0.006902370504
-1.158622699,-0.002356005297,0.003368292586,-0.004978705907,-0.01228088204,0.001657391644,-0.0218397503,0.01061810054,0.009862762818
-1.14927306,-0.000442716715,-0.0009283074531,-0.006143273559,-0.01874818408,-0.0004743041246,-0.02122316164,0.007481573947,0.008423010871
-1.187468053,0.002717206192,0.005100714452,-0.004021858959,-0.01142905143,0.002170851092,-0.02107480307,0.01129346433,0.009992873268
-1.216072055,0.007104482475,0.01785900006,-0.003252182291,-0.006438284777,0.00528645864,-0.02443474024,0.01059709409,0.007947849228
-1.142868602,0.007400041804,0.01770227379,-0.002693707646,-0.01344758168,0.005053346114,-0.021660745,0.008607280475,0.009726495025
-1.182440882,0.005050385374,0.0103024606,-0.003913902552,-0.02022756946,0.001891245482,-0.0205938462,0.01068768949,0.008865775521
-1.219612222,0.006036964305,0.01355121783,-0.002223960916,-0.01169608413,0.004596558984,-0.02334167824,0.01207787349,0.00864193336
-1.175012853,0.008682774209,0.01117322782,-0.002148844813,-0.009408512363,0.003107448855,-0.02164831445,0.01131485254,0.009384236102
-1.194858037,0.006347301377,0.01620554229,-0.004749828754,-0.01911622761,0.004331391538,-0.02011133062,0.008839743805,0.009337468809
-1.167739929,0.001693364052,0.009506043183,-0.005165329383,-0.01282616942,0.003227620623,-0.02303263121,0.01130407964,0.008993117364
-1.194037879,0.001934739553,0.01048849278,-0.003391894435,-0.01083938979,0.001349662408,-0.02268399056,0.01036530192,0.009777787899
-1.149349807,0.004466610511,0.006596946656,-0.005547870763,-0.01406871535,0.002186417292,-0.02261899513,0.01273666375,0.008890570468
-1.154432627,0.003181680183,0.01202021405,-0.003855986551,-0.02145154885,0.002186697752,-0.0202099374,0.00786439487,0.008123756425
-1.17569525,0.002587559318,0.00744306617,-0.004877120471,-0.008731709808,0.003988892175,-0.02399914579,0.007467223501,0.006058931066
-1.154471368,0.0002491793553,0.008768284438,-0.001645396582,-0.01856860198,-1.609144083e-05,-0.02044763972,0.007487166017,0.008580814579
-1.166984886,-0.001752486145,0.0008692762487,-0.003682819497,-0.01802153179,0.0007486153291,-0.0249624242,0.01081356337,0.006120163359
-1.147261641,-0.002195722622,0.004013571401,-0.005064645168,-0.0200987462,-0.00136550003,-0.02314878119,0.01264815085,0.009351890213
-1.198887919,-0.000872697413,0.009608610218,-0.01018739592,-0.0114262247,0.002612741119,-0.02522385648,0.01012858372,0.007906167006
-1.146832777,-0.001163665373,0.005225086142,-0.01193184611,-0.008324160772,-0.00114432998,-0.01934001212,0.007937925108,0.006731773347
-1.174579428,-0.004437091143,0.0009677096814,-0.00885031405,-0.02548233214,0.001843331838,-0.02189773843,0.003468826087,0.007713177524
-1.166434903,-0.004333618214,0.001041180976,0.0007562443565,-0.02081190165,-0.002450003731,-0.02331162465,0.01494180727,0.008169648753
-1.201091794,-0.001827005027,0.006434126211,0.001323299989,-0.007788674351,0.004566809545,-0.02627185043,0.01682217284,0.008354945194
-1.146686058,-0.002498027883,0.004392992995,-0.01027224088,-0.008696769786,-0.002469167168,-0.02118389721,0.006940068524,0.007688812785
-1.1875258,-0.003062665293,0.002211920978,-0.01509476792,-0.02696128553,0.002087152182,-0.02250014758,-0.002373831688,0.007352156088
-1.195362686,-0.002577293567,0.006036893324,-0.003984910008,-0.01771824397,0.0006490801651,-0.02186215539,0.01109665483,0.009961782597
-1.168253676,-0.004002428964,0.006742188809,0.003266747049,-0.008191735199,-0.0003417733756,-0.02276460631,0.01951947654,0.00816508611
-1.189492105,-0.004464213587,0.005730289264,-0.002953140815,-0.01556145087,0.001467499698,-0.02164980994,0.007615056848,0.009004505803
-1.139232194,-0.004314703057,-0.003383324378,-0.01596907967,-0.02369908297,-0.001018083392,-0.02428732299,0.006011498752,0.005156487986
-1.173500696,-0.002352272229,0.005316454573,-0.006790947034,-0.01169245589,0.002472287,-0.02470442266,0.005180733275,0.009524655519
-1.155181458,-0.006137683542,-0.001505882083,-0.001394186154,-0.009863725992,-0.003448971176,-0.02665850881,0.01598864626,0.007773208455
-1.181987992,-0.01227602759,-0.002557008475,-0.005239648836,-0.02677248085,-0.0005751927781,-0.02226354701,0.01103316983,0.008484995255
-1.128187802,-0.01422239032,-0.004717715437,-0.01054820915,-0.02099482304,0.0004367360562,-0.02554629865,0.009690699462,0.006120852476
-1.149176516,-0.01231856801,-0.0007851430834,-0.01335125793,-0.00853152959,0.001086976196,-0.02341361185,0.005258686871,0.005756276131
-1.144217772,-0.009601491849,-0.005913095276,-0.009582669845,-0.01020623001,0.00109051618,-0.02313347048,0.006762759887,0.008793415447
-0.9514846849,-0.01077979537,-0.008551655722,-0.006084108807,-0.0257296911,-0.004902238806,-0.02263109366,0.008999361487,0.0101975799
3.773070764,-0.007448339239,-0.00391763439,-0.002558583836,-0.0187210876,-0.001038800631,-0.02451013287,0.01352949927,0.008673610143
4.588636479,-0.005635602117,0.004939402876,-0.009626621095,-0.00904587579,-0.001886393151,-0.02488347494,0.01215176076,0.008156886911
4.328552688,-0.007786177515,-0.001877284622,-0.01180292744,-0.01589303813,0.001627303455,-0.02143899978,0.004251413465,0.005604559604
4.411874836,-0.01025377484,-0.006101567344,-0.008938656804,-0.02262449656,-0.0007666822785,-0.02159817327,0.004776109744,0.005946511306
4.376498956,-0.005130414105,-0.0008313258595,-0.001193707925,-0.01416464823,0.002087100072,-0.02464536851,0.01209959184,0.009937479935
4.407442089,-0.002937643003,0.00294623703,-0.003200238711,-0.009120732569,-0.001559848342,-0.02216315665,0.01584693221,0.01070714788
4.325183631,-0.003509429448,0.004576110958,-0.009100164384,-0.01809034591,0.002372988996,-0.02368496111,0.005169232191,0.006690027473
4.384638951,-0.00439109819,6.050759007e-05,-0.01297562923,-0.0211590988,0.001783293198,-0.02082293548,0.007706586427,0.009053319841
4.374097454,-0.003208152853,0.006226197934,-0.006290298835,-0.01265126205,0.003277581535,-0.02327638028,0.008796287378,0.005562461356
4.412431484,-0.002566845171,0.001511339315,-0.0007722614028,-0.0082120523,-0.0005109303327,-0.02221226767,0.0127569207,0.01018679055
4.399290876,-0.001495850997,0.003221343649,-0.00312450531,-0.02033098336,-0.001443125132,-0.02322589676,0.008452329414,0.009702786511
4.433243849,-0.0009177431859,0.009047410951,-0.009407140474,-0.01772933687,0.002854180344,-0.02452393596,0.0106667028,0.009799091607
4.395495723,-0.002239955278,0.006169166163,-0.009789248755,-0.01392699265,0.004514146436,-0.02221357028,0.006957066771,0.008537131674
4.386779302,-0.002316914033,0.006437531193,-0.008139014578,-0.0108198213,0.0009950027512,-0.02042122775,0.01024192771,0.009700458644
4.364299129,-0.001173345176,0.002204228561,-0.00301816243,-0.02226996502,0.001523265885,-0.0192939067,0.01100004194,0.009592994287
4.394899071,-0.0004546566926,0.004966186195,-0.00272140986,-0.01441494205,0.002653315266,-0.02374559656,0.009273654239,0.01028151803
4.375492261,-0.0002701795328,0.004952581535,-0.005684693251,-0.01079071022,0.001160620567,-0.02423019567,0.009607414472,0.009863487447
4.376952576,-0.0008169994558,0.007707847894,-0.01316061057,-0.01202239154,0.002337062898,-0.02215438889,0.00958187429,0.009070501205
4.39021956,-0.0007884594298,-0.0002828801158,-0.008192852917,-0.01869573217,-0.0001593626838,-0.02339033223,0.0113976586,0.007676012638
4.384300529,0.000847545532,0.008001012127,-0.001620966355,-0.01500148145,0.003134415295,-0.02191190924,0.01041986465,0.009934462648
4.350487874,-0.0002567445749,0.002084007855,-0.001120516133,-0.009975259596,0.004164245777,-0.0204822625,0.01339770251,0.008934388431
4.369554545,0.00646242418,0.01810339798,-0.006811690303,-0.01505904573,0.003381343437,-0.02084575761,0.006633838261,0.008072289713
4.334677093,0.008589773032,0.006221357398,-0.00797009194,-0.01139357048,0.003934538862,-0.02428623962,0.00878011405,0.009548479866
4.417290294,0.007915427359,0.01498122822,0.004676951205,-0.02891527198,0.003146558246,-0.02409597551,0.009557456448,0.01049149498
4.334271354,0.008223609448,0.014838487,0.002263729258,-0.006719477158,0.002161701047,-0.02309889044,0.01850970001,0.01020388587
4.486909655,0.006839945677,0.01630088288,-0.01049018709,-0.003439157051,0.001910844813,-0.01488174045,0.008011048242,0.008508383871
4.177305383,0.006640485941,0.01032414039,-0.01505497553,-0.01442181715,0.003663058827,-0.02541057311,0.002610045257,0.005583939149
4.802864824,0.001884406387,0.008699477618,0.0006774936918,-0.02583409289,0.004086755444,-0.02263514088,0.01133179274,0.01116508157
2.533966922,0.001825657463,0.01088036853,0.01010753323,-0.004169470903,0.002793047309,-0.02425034515,0.01874806357,0.0070605734
-1.58531874,0.0036686944,0.01429439192,-0.003409287472,-0.009963898619,-0.0008236090684,-0.01899637832,0.01278773793,0.01041538907
-0.9885151099,0.003526416019,0.008244142216,-0.01639441294,-0.02418505952,0.005813679477,-0.02378766494,0.0003669598368,0.007440659129
-1.32166269,0.00204329043,0.006410521391,-0.01151078984,-0.01687669497,0.001080572955,-0.02280226336,0.008197525856,0.009323470459
-1.07719069,0.0001704265014,0.01037794095,0.004441322732,-0.006379360474,0.003959345462,-0.0234935062,0.01226877763,0.009011313002
-1.252828734,-0.001867820812,0.006549249473,0.003795864015,-0.01622739181,-0.0009187631708,-0.01976836527,0.01143431055,0.006765219853
-1.128831163,-0.0005416542851,0.002932210567,-0.0118564494,-0.02964492867,0.001518176021,-0.02382133359,0.006104564523,0.009048790199
-1.204783017,-0.001207869253,0.005078374099,-0.01099685123,-0.01180714197,0.0006735131757,-0.02833409415,0.007459069977,0.007012576047
-1.16535301,-0.0009769962396,0.004251098766,-0.01225461466,-0.004125298761,-0.001547171009,-0.02261374594,0.009027657723,0.006202348611
-1.200232609,-3.355542052e-05,0.004625659038,-0.006987777116,-0.01988376625,-0.0001441489805,-0.01618316268,0.008494526056,0.008508359152
-1.168192263,-0.003524903002,0.00074796647,0.002772321197,-0.02656640237,0.0009795239954,-0.027107095,0.009310932305,0.006640966528
-1.144246846,-0.003849410657,0.009545359261,-3.981051483e-05,-0.01105487004,0.003063764409,-0.02575748294,0.01114243974,0.008771767783
-1.185354657,-0.003167190961,0.00716688099,-0.009987202845,-0.0075991537,-0.001050592388,-0.01896991918,0.006120499794,0.007153133649
-1.168350385,-0.002842620015,0.002929106319,-0.01840049298,-0.01879477006,0.0003773827628,-0.02386029219,0.004721438847,0.009401827622
-1.21079806,-0.001357763797,-0.003207489201,-0.003290215643,-0.02374180276,0.001485056846,-0.02283795751,0.01047958929,0.007563479407
-1.18765169,-0.002601352642,0.007652626752,0.001702059959,-0.01351369299,0.001440938908,-0.02600355207,0.01672040409,0.007858564895
-1.187554441,-0.002406178779,0.005599302749,-0.0001869208015,-0.008975682441,-1.316444729e-05,-0.02031677881,0.01103067068,0.007721725364
-1.182431407,-0.004298835912,0.003961941527,-0.01053979202,-0.02054991361,-0.000697586238,-0.0257672843,0.0001104178611,0.004958657229
-1.214426376,-0.002746000603,0.0004832588137,-0.01286839779,-0.02314317741,0.002304658523,-0.02393026005,0.008873312258,0.009090032118
-1.164528525,-0.004207279219,0.002602993125,-0.008159225713,-0.005750387406,2.098776306e-05,-0.02261075544,0.01183469006,0.009103930265
-1.186733711,-0.008393548791,-0.00409046419,-0.003690689235,-0.01376053971,-0.002433348662,-0.02473803481,0.01320757738,0.009601859318
-1.147017105,-0.01341680107,-0.003698376318,-0.007207348776,-0.03255090125,5.347471838e-05,-0.02258173949,0.006621389851,0.00698919378
-1.166774226,-0.01379868836,-0.001289583016,-0.008842383034,-0.01935179746,0.002880817811,-0.02580222358,0.005714632125,0.004767614333
-1.190782177,-0.01046854013,-0.004877557231,-0.01129890447,-0.003412885464,-0.001699339637,-0.02437893281,0.01020040321,0.008035515398
-1.177012386,-0.009688737456,-0.00977415789,-0.008337363788,-0.01508252158,-0.004196719013,-0.02145203883,0.008269635174,0.00882685232
-1.206212243,-0.008500664966,-0.008018798385,-0.01077074416,-0.02616500623,-0.001957003519,-0.02535463698,0.01134360154,0.009426634848
-1.172165776,-0.006157866544,0.003996767387,-0.001323633779,-0.01569250509,0.002378041682,-0.0267689986,0.009444469073,0.009072843224
-1.194247901,-0.00719420287,0.006355181772,-0.006453611139,-0.005262978215,0.001591614127,-0.02396185647,0.01021433007,0.007058555616
-1.184338762,-0.01042898364,-0.00632161256,-0.01087555518,-0.02089528487,0.0005966212547,-0.01735575288,0.005691577247,0.006370257333
-1.176779402,-0.006679833094,-0.008652387731,-0.01107945373,-0.01931096544,0.002341310744,-0.02382647498,0.005791531374,0.009282222483
-1.215543878,-0.003013125456,0.00371346289,-0.005084181165,-0.008702005221,-0.001296034974,-0.02537132541,0.01294383969,0.009262745807
-1.15218079,-0.003002222498,0.005899410829,-0.003587394155,-0.01185405347,-0.0006430221022,-0.02232582135,0.01174093073,0.009725494057
-1.16023903,-0.003913896124,0.004945199514,-0.006670486267,-0.02341855449,-9.990414181e-05,-0.02351798475,0.00704760548,0.008053759012
-1.17269669,-0.004456678109,0.002269462382,-0.009470564858,-0.02354264002,0.004049552323,-0.02183003388,0.01003070839,0.008210800353
-1.176466626,-0.002798520576,0.003472193158,-0.009639047328,-0.009114338937,0.001257793372,-0.02299413308,0.01522464888,0.007329247992
-1.158828547,-0.0003097561419,-0.0002183048869,-0.003228945594,-0.004959549699,-0.0002973030064,-0.02248120601,0.01060400119,0.01003460964
-1.179895859,-0.0004980550055,0.007502090599,0.004245744054,-0.02271289483,-0.0002148733119,-0.02575437827,0.003832399877,0.009071342963
-1.184516138,-0.002129407728,0.006191238374,-0.006554536466,-0.02273009353,0.002000338657,-0.02479898945,0.009569744747,0.008223191697
-1.194301538,-0.003114495359,0.00718427522,-0.01292200072,-0.01604533601,0.005194021536,-0.0207696127,0.01230788201,0.006935794398
-1.214048691,-0.0003863102448,0.005228951493,-0.01437986554,-0.0003488505844,0.0007102692637,-0.02488370984,0.01333644355,0.007408141756
-1.20582601,-0.00120045866,0.0008256429847,-0.002605338554,-0.007594852711,0.0007771383135,-0.01863835209,0.004528634812,0.009396218944
-1.167571595,-0.0002556861174,0.002871237392,0.00221460375,-0.02143647205,0.0004432854766,-0.02222688671,0.007845205631,0.007600049405
-1.18144012,-0.001361992792,0.007443350958,-0.0009547473851,-0.02059535923,0.002643524493,-0.02675705287,0.01632043874,0.01132920844
-1.218069616,-0.001749283409,0.00790944406,-0.006905268261,-0.008200193821,0.003317524594,-0.02404002835,0.01682755072,0.00802744633
-1.155720155,-0.00110374453,0.002236704714,-0.01554778703,-0.00862016965,0.0008800768217,-0.02145590887,0.00776577103,0.007761697115
-1.157245406,0.0003186548817,0.004165983753,-0.005639238513,-0.01852810593,0.004213278054,-0.01807852018,-0.00222543539,0.006898267721
-1.172885456,0.004440762938,0.00931144073,0.002067977939,-0.01465407899,0.0004814940877,-0.02178867311,0.01595555686,0.01011888904
-1.183868408,0.008245502195,0.02110513037,0.003257030086,-0.009091326829,0.006371326619,-0.02432236858,0.01818602151,0.01193684579
-1.197412892,0.005800727335,0.01435712762,-0.00576940652,-0.01332612309,0.00330204487,-0.02161546947,0.007210064331,0.00819251876
-1.153131873,0.007471248814,0.008311139514,-0.01243628332,-0.01733133255,0.004434705859,-0.01851521502,0.006060739119,0.008589409429
-1.186079551,0.007798688852,0.01070878059,-0.0007124182701,-0.009235789211,0.003617207477,-0.01957696864,0.0127708652,0.008722606691
-1.18870919,0.008425355019,0.01491268791,0.0008892914938,-0.007722969289,0.003359004221,-0.02673430906,0.01293080184,0.01154924881
-1.212202159,0.005809059113,0.01854040071,0.0009184606298,-0.01957483499,0.002871293461,-0.02198301858,0.008260241868,0.009102205372
-1.201415535,0.001441196256,0.009759184305,-0.007781863886,-0.01903917402,0.003264424677,-0.01921470419,0.008311319206,0.008000210362
-1.177242582,0.002998993091,0.01061657692,-0.00967882607,-0.005672260875,0.001561783409,-0.02119468889,0.01129913647,0.007928325862
-1.213959612,0.005620895836,0.004609074692,-0.003720349104,-0.01203129341,0.003543649453,-0.02486624117,0.01331345958,0.01016123467
-1.178865647,0.005144298034,0.008389038485,0.001146801024,-0.02180313139,0.0005022354848,-0.02384685124,0.01145524472,0.00827929669
-1.138005001,0.002472523149,0.01086867494,0.0002094275361,-0.01679853675,-3.254626109e-05,-0.02037379097,0.006350050826,0.006684699617
-1.135138286,-0.000120142236,0.01235125112,-0.009567690541,-0.01086420834,0.0005838393516,-0.02159639949,0.005945212795,0.009283565882
-1.163451762,-0.00097497429,0.001567138514,-0.01214057171,-0.01869950042,0.0003721784045,-0.02296476672,0.01367830754,0.007582574137
-1.137599708,-0.001884717702,0.002063725036,-0.005083367862,-0.01957075166,0.001678494864,-0.02293509813,0.01341965771,0.008154867421
-1.169424817,0.001496576069,0.00205004599,0.0004399983645,-0.009322010091,-2.80633127e-05,-0.02619335033,0.009356578673,0.008795286578
-1.143846878,-0.001275053334,0.007906679644,-0.00486212589,-0.01763079627,0.002079152862,-0.02023173934,0.002720967358,0.008090664041
-1.191939996,-0.004488302994,0.005757713975,-0.01230471515,-0.02056239362,0.0006247476309,-0.02404446434,0.007656315508,0.005650635537
-1.148410904,-0.005736954925,0.004136931523,-0.008069554653,-0.01385502293,-0.000332827054,-0.02365501278,0.01376477984,0.006877967462
-1.191383679,-0.002592586988,0.002531623675,-0.000932619849,-0.0110936561,-0.0003417924845,-0.02321827147,0.0146843184,0.007351274738
-1.166926141,-0.00176044908,0.0002468006423,-0.002896193279,-0.02144104898,0.0001900951908,-0.02049814415,0.006728558504,0.008348357263
-1.167651102,-0.001003759138,0.005558970567,-0.009475080174,-0.01667436732,0.002959813119,-0.02485700915,0.003566542251,0.007463433189
-1.173094493,-0.004385993587,0.006889965784,-0.008879818091,-0.01066973777,0.001449260034,-0.02502528674,0.01173289352,0.01075373943
-1.183926587,-0.004597441674,0.00583156814,-0.003585091487,-0.01541683432,-0.000164843277,-0.02306330643,0.01076723593,0.008701335409
-1.244891119,-0.003907249474,-6.245697032e-05,-0.003229897036,-0.02138528816,-3.473407815e-05,-0.01998114583,0.008385209765,0.007829446461
-1.164546701,-0.000837875532,0.002839187152,-0.004271959423,-0.01883328238,0.0007952946853,-0.02259617927,0.006702084618,0.004398138331
-1.171827556,-0.001741106572,0.003983978895,-0.007305047986,-0.01293979395,0.0005310851184,-0.02235821064,0.01222416456,0.009683831504
-1.176279313,-0.008648372475,0.0006046768713,-0.007694693664,-0.01725190421,-0.002929108252,-0.02643156503,0.009964090457,0.007222444597
-1.17035374,-0.01312764834,-0.008042018467,-0.009724049149,-0.01862925933,-0.001611150643,-0.02507180844,0.01009683808,0.00898127871
-1.150193665,-0.01306301747,-0.003345150983,-0.007204478973,-0.0180164479,-0.001966644603,-0.02273275513,0.008400731473,0.007962086884
-1.144142667,-0.01032849461,-0.004090657079,-0.006775319849,-0.01330642659,0.001272764044,-0.02271693683,0.005109252961,0.005918647452
-1.177610931,-0.009881150296,-0.005151378365,-0.009659673474,-0.02101753676,-0.0001448697685,-0.02243755727,0.006921216224,0.007318740934
-1.196333975,-0.01053423517,-0.005822971912,-0.01021514487,-0.01623912629,-0.00141307448,-0.02458220924,0.01082736381,0.005623263969
-1.180488118,-0.007974809946,0.0004865439906,-0.004134022207,-0.01378584757,-0.0002160292416,-0.02383015059,0.008760468365,0.01014980108
-1.156592442,-0.005902627993,-0.003563808481,-0.009248053096,-0.01264098881,-0.002120623058,-0.02448565261,0.007861591067,0.008189116609
-1.15687337,-0.008576723127,-0.004048055758,-0.001453620846,-0.02785061503,-0.0008035120495,-0.02299069878,0.007481289578,0.008426860991
-1.150994572,-0.00823777047,0.002999110553,-0.004183580841,-0.02027343576,0.004571011397,-0.02762328148,0.01265896034,0.005557929625
-1.167047617,-0.005500253093,0.002931762179,-0.01076654061,0.0007529510788,0.0005050774753,-0.01831195947,0.01497918279,0.007590431464
-1.201824252,-0.004033358458,-0.0008616289207,-0.01936795297,-0.01258792181,0.001337261717,-0.02130875144,0.001931278552,0.008711859976
-1.144878773,-0.005505476532,-0.005201445997,-0.00456238801,-0.02729689902,-0.001115847707,-0.02280199186,0.005376233507,0.01001190375
-1.151450699,-0.003121007953,0.01016146757,0.005370467683,-0.01307491498,0.004464472088,-0.02381999992,0.01733540127,0.01091795186
-1.155768265,-0.002307236567,0.007496419161,-0.002207809023,-0.002032002993,-0.0001919793101,-0.02135177621,0.01785049368,0.007594200846
-1.166790947,-0.001840832524,0.003217509231,-0.01512820385,-0.02157428367,0.00200101214,-0.02466897893,0.0001758174829,0.006344677123
-1.155577008,-0.001517302094,0.003320842115,-0.01751790294,-0.01216029727,1.690562585e-05,-0.02157980601,0.005215275677,0.007974523887
-1.212319959,-0.0002573087698,0.0008139897157,0.0014341853,-0.007809879887,0.002032888944,-0.02147277028,0.0140219662,0.01104116403
-1.169415876,-0.0005864237525,0.009580775695,0.01178371995,-0.02506699643,0.005763187394,-0.02671701693,0.01463535488,0.0103659667
-1.18665695,-0.003275986046,0.01086007369,-0.007148735653,-0.02271889463,-0.0007231477795,-0.02220985378,0.0137162935,0.009280243174
-1.174871158,-0.001290740083,0.008709336819,-0.02053829042,0.001862901017,0.004685939039,-0.02423912768,0.0003445857294,0.007055562482
-1.144674323,-0.001772473274,-0.002893017836,-0.01705555582,-0.006041398786,-0.003562151501,-0.02125011612,0.002947154187,0.008071631819
-1.247467054,0.001070504458,0.000763936508,0.001707099364,-0.03543454003,0.001063117574,-0.0201664963,0.01070872445,0.009981125708
-1.190914281,0.0001841536268,0.009172584682,0.00923278009,-0.01678785542,0.003897712275,-0.02425960155,0.02796619536,0.009087972726
-1.138992338,-0.001644446251,0.01257549419,-0.001271204471,-0.0001510156159,0.005391839096,-0.02759171374,0.01356765921,0.009062396882
-1.139505821,-0.001513310343,0.005005678061,-0.01891763412,-0.01214778078,0.002189668422,-0.02212978953,-0.003708115747,0.007733739023
-1.165166231,-0.001845364443,-0.002679028108,-0.01963173403,-0.02665715026,-0.001263451794,-0.01741174187,-0.001250191488,0.007137140861
-1.153063929,0.01046769633,0.01272561895,0.01093451889,-0.005599373232,0.005039631016,-0.0238807437,0.0174485242,0.01228816937
-1.18020969,0.007811881319,0.0228011457,0.009665106075,-0.005250805866,0.00426349036,-0.02551756215,0.02826585336,0.01186327338
-1.130605424,0.006781077162,0.01620611454,-0.005015761001,-0.0218908017,0.005275145812,-0.01768758468,0.007295119108,0.006521615512
-1.221661501,0.00383068017,0.01089899049,-0.01760045829,-0.0187763722,0.0008613767939,-0.02416672889,-0.00220913511,0.007012114064
-1.088341428,0.007153029111,0.007203564642,-0.002428137336,-0.004446679862,0.0004343768176,-0.02065256583,0.006374150149,0.009946107385
-1.360588542,0.01032397673,0.01140323046,0.005543934931,-0.008768443024,0.002080582579,-0.02237676757,0.02238798309,0.01137650711
-0.3858146041,0.003613642996,0.01090158494,0.001382810387,-0.02561422591,0.002843827576,-0.01908154524,0.01640005727,0.007027906737
4.378845902,0.0009610526226,0.01572855478,-0.007318177105,-0.01834976802,0.00562036103,-0.02510668,0.006944208244,0.007764665548
4.356561589,0.004011778614,0.0151769165,-0.01277308324,-0.003686097555,0.003988811021,-0.02062113693,0.004784719239,0.006713209161
4.407754883,0.003002410711,0.003599909943,-0.001399765759,-0.01314568757,-0.0002357582154,-0.0200419038,0.00398714773,0.01082044626
4.360160206,0.002657403649,0.001663251605,-0.001036889739,-0.02479439217,-0.0006400918096,-0.02349281541,0.01275470497,0.01140295058
4.428098405,0.001625763227,0.006260333504,-0.003729187067,-0.01188835148,0.0005156974782,-0.02532204871,0.0233000132,0.008582280899
4.359803669,-0.0001667922678,0.01519042618,-0.008602483524,-0.006612013225,0.003009723679,-0.02486929137,0.006099849588,0.006586008741
4.37493483,-0.004222000211,0.006249898649,-0.01107853437,-0.01998156016,-0.001500677877,-0.02174951038,-0.003746542273,0.005762191856
4.396014141,-0.00189706992,-0.002981685413,-0.004766696122,-0.02934027762,0.001580527859,-0.02051471762,0.002422429323,0.007777901294
4.410764492,-0.002159596546,0.005767525758,-0.00175505797,-0.007608998071,0.002629926553,-0.02864498647,0.02207846239,0.01037011763
4.374607904,-0.002723379978,0.005185044586,-0.001647411847,-0.007484089353,-0.001644205642,-0.02316096696,0.01493319228,0.008399482229
4.352226496,-0.002898521615,0.008577369445,-0.01241637931,-0.024001767,3.164376444e-05,-0.02257875983,0.00361001865,0.008174849968
4.401324306,-0.003577286883,0.002366887736,-0.01054405361,-0.02340327394,0.0008163583509,-0.02112994367,0.00239692209,0.005387459365
4.383679066,-0.004176847682,0.005667848714,-0.0002185227174,-0.006348453691,0.003693885189,-0.02470660795,0.009849575473,0.00904313166
4.39513388,-0.0006726688746,0.0006286648618,-0.003250046488,-0.01269972445,-0.001701583256,-0.02201331022,0.0203773848,0.008423119254
4.347650227,-0.002069689745,0.004826123972,-0.005900939321,-0.02360262709,0.0006996836459,-0.02062878897,0.01065236551,0.008738702295
4.391246419,-0.002883173225,0.00502557368,-0.01014909302,-0.01517269659,0.00137446465,-0.02701600003,0.006152482148,0.009595965179
4.376418552,-0.003053222986,0.007524167914,-0.008518441287,-0.00762488371,0.0005935684079,-0.02126746314,0.003688496846,0.006514674904
4.355530991,-0.004498328702,-0.003523156339,-0.002210551588,-0.02239175843,-0.0004068017809,-0.01854599122,0.01009556732,0.008014057619
4.360240646,-0.00289446973,0.006845989133,0.001835917269,-0.03125345642,0.0005151230783,-0.02552009074,0.01443818584,0.00770466259
4.390797993,-0.004765768366,0.002754274682,-0.006425848969,-0.00279004559,0.0008440824432,-0.02407846433,0.01553680084,0.007250584048
4.361814498,-0.01189361289,-0.001889162967,-0.02160769342,-0.007063227793,-0.004365545667,-0.02286209038,0.0003005757576,0.007117993676
4.364930344,-0.01265352668,-0.01474365339,-0.01335477516,-0.02697955543,-0.002916961222,-0.02524814187,-0.002940149061,0.006222550407
4.372537098,-0.01119896075,-0.007201717377,0.001455370468,-0.02745890417,0.001642780205,-0.02550917001,0.01782251116,0.009671276529
4.403165539,-0.01073774368,0.003714517047,-0.001199450831,-0.003144819073,0.002296978381,-0.02283735995,0.02444537237,0.005298627609
4.284518204,-0.01146587157,-0.001450209114,-0.0154247202,-0.01308075833,-0.0006256708964,-0.02012312521,0.005567585083,0.007756191868
4.477217289,-0.01094658941,-0.009381370809,-0.0192975081,-0.02799821921,0.0005331633594,-0.02215878507,-0.006145068214,0.006614356168
4.140596695,-0.006799289355,-0.001884518007,-0.002329054988,-0.01522272312,-0.0003176290051,-0.02416588697,0.007419921535,0.00945762853
4.816799593,-0.008007228823,0.00444684701,0.004245139692,-0.003981164367,0.00207507163,-0.02431107708,0.01734615094,0.01050007122
1.238405953,-0.008537733761,-0.0009088858932,-0.009746810578,-0.01778771715,-0.001225059081,-0.02117303458,0.01399773804,0.007264630886
-1.678877319,-0.007899087729,-0.001561591884,-0.01648406294,-0.0270743233,0.002592902278,-0.02239980177,0.003409860155,0.009210594361
-0.9204356681,-0.005685231985,0.0008270551423,-0.004940802617,-0.008083366636,-0.0005069612578,-0.02774539321,0.005833325103,0.008045183855
-1.316457324,-0.002460086264,0.001567367412,0.000623894471,-0.008917120667,0.0009061193484,-0.0205431809,0.007906964109,0.009408970224
-1.083826614,-0.003163873452,0.004488548305,-0.006737316992,-0.02132655629,0.001101512619,-0.0195287831,0.0147767918,0.0106313953
-1.199313899,-0.003573755014,0.004056009248,-0.01002573773,-0.01978733421,0.001615504061,-0.02564212023,0.01213122882,0.007649564029
-1.152495346,-0.003407357466,0.007652914319,-0.007001578874,-0.00454143827,0.00335706852,-0.02554337418,0.009977006559,0.008011528514
-1.218418554,-0.001948197321,0.002326748467,-0.006927239604,-0.01064661557,-0.0005773511364,-0.01944754651,0.003830851842,0.007736473263
-1.139203675,-7.010515699e-05,0.0002647597141,-0.002185247011,-0.02528413164,0.002758206708,-0.02023196879,0.008286487467,0.01056045178
-1.220133406,0.0009413081223,0.003077055908,-0.002652726679,-0.01736901138,0.001910701044,-0.02749255519,0.017219071,0.007338177044
-1.172526672,-0.001584343356,0.01226110795,-0.003912204735,-0.008411506696,0.0007340590298,-0.02522306388,0.01462577386,0.01035518931
-1.183351859,-0.001070239213,0.006687059586,-0.02211991454,-0.01006883219,-0.0001364340499,-0.01954251258,0.004034868345,0.007500230804
-1.209719597,-0.001899398058,0.0002071304447,-0.01224792953,-0.01926614646,6.672702311e-05,-0.01858546316,-0.004852876363,0.008798417963
-1.221854904,0.0007011849599,-0.004113019154,0.007437410366,-0.0175151838,0.006593341774,-0.02972762551,0.0199403495,0.01049712512
-1.194624853,-0.001111771818,0.01079169674,0.0147433473,-0.01331108318,0.0005548440659,-0.02100237647,0.02269317573,0.009860240163
-1.153666819,3.748467463e-05,0.01110007329,-0.01161035621,-0.006679248299,0.0009134228582,-0.02038740253,0.006049179286,0.007704490327
-1.189650579,-0.002772429909,0.006791026206,-0.02598823495,-0.01545489241,0.002432740801,-0.02387989096,-0.001579252282,0.00820860582
-1.219333085,-0.002811507928,-0.0002623075648,-0.01353563878,-0.02133254541,0.001873256398,-0.02789739875,0.008940474069,0.009221161132
-1.191361562,0.004032294301,0.01177199306,0.01239538434,-0.01243494074,0.004720264686,-0.0165181662,0.02178396628,0.01060308362
-1.192551178,0.0102194717,0.01584375887,0.01284541088,-0.003104149003,0.002591287336,-0.02129947496,0.02017334804,0.01029955469
-1.174704603,0.006909844429,0.01702769317,-0.004743365512,-0.01433134887,0.005526901809,-0.01920379464,0.004547472848,0.009019214837
-1.179086941,0.003273616569,0.01388975461,-0.0236345517,-0.01633151875,0.002408037302,-0.02789774169,-0.00068139544,0.008115479329
-1.191966449,0.007145874527,0.01283745534,-0.01169094909,-0.01261518016,0.001600004275,-0.02089003175,0.005499279613,0.011292599
-1.174196364,0.008993342754,0.01260274162,0.00608522032,-0.01370360092,0.003373268073,-0.02013028482,0.02433225548,0.01063700968
-1.211676896,0.004189691183,0.01094672571,0.01503541197,-0.02250526727,0.003744302298,-0.02069682684,0.01607383625,0.01183302348
-1.203526854,0.001403514317,0.01292100671,-0.0009762666996,-0.008713142317,0.004304597385,-0.0273367337,0.003041287716,0.004378574174
-1.150965028,0.001721166008,0.00881076251,-0.02005479442,-0.006915200252,0.0001748189792,-0.02210185717,0.00438337846,0.006657102754
-1.155392794,0.004044745809,0.01082269988,-0.01684829684,-0.01413055471,0.004709502762,-0.02322365348,0.01261614957,0.01047242112
-1.163954132,0.004228114331,0.003993776481,-0.0008844260578,-0.0186225278,0.0009694239771,-0.02156919855,0.01869296029,0.01046834197
-1.219221089,0.002488995069,0.008464250057,0.01142207016,-0.0194770515,0.0007678475226,-0.02299824596,0.01272742739,0.01025474808
-1.160420877,-0.001321745648,0.01028196989,-0.003378750472,-0.01120563466,-0.001073687417,-0.0243103957,0.004547953645,0.005555751334
-1.146838542,-0.003193437771,0.002342645389,-0.01874044759,-0.009657333871,0.003989587515,-0.01999816248,-0.001672572858,0.005210228157
-1.2115782,-0.002970778905,0.001249289988,-0.01284927825,-0.02345471261,0.0004280498663,-0.02269867192,0.008145355278,0.006397452071
-1.223170354,0.0001331803648,0.009281659997,0.003337818127,-0.01910859253,-0.002157951824,-0.02620876798,0.01812158309,0.01034478844
-1.201748878,-0.0004920970172,0.004402089292,0.001574875357,-0.008077834146,-0.003451614703,-0.02048004126,0.01115769107,0.009035620496
-1.228438071,-0.003033659675,0.004445354845,-0.008304589592,-0.02126398195,0.001944343445,-0.02526652251,0.001016992885,0.005277499244
-1.178309149,-0.005540789603,0.001315792427,-0.01658672311,-0.02383908252,0.003066670361,-0.02152940837,0.006757499402,0.005031680024
-1.193124554,-0.005646354589,0.005043040195,-0.005333757747,-0.004472281479,0.002015537711,-0.02308692357,0.01891620363,0.005746237881
-1.191866943,-0.001857475722,0.005696509188,-0.001344414913,-0.0026758649,-0.004764311859,-0.02427824459,0.01312601831,0.01128963718
-1.160896146,-0.001580293226,-0.0004365022112,0.001244558055,-0.02805765199,0.0001752996054,-0.01963046845,0.004596647464,0.008059403279
-1.152503342,-0.002354201317,0.006623000465,-0.01055322085,-0.02563504774,0.00352319203,-0.02600335107,0.006187336677,0.007356445395
-1.171776982,-0.004085385581,0.009352592443,-0.007308942345,-0.007122209864,0.005826708621,-0.02409818714,0.01274159677,0.00588258744
-1.179810279,-0.004915821381,0.004860248119,-0.01016038436,-0.009796730626,-0.0008042276532,-0.02148792644,0.01035268711,0.006922982355
-1.214854217,-0.003243637395,-0.002043034544,-0.00582293926,-0.02143832763,-0.001803738663,-0.02027261045,0.007391410773,0.01070544088
-1.146618382,-0.002748672948,0.001111389804,-0.001829556076,-0.01561292467,-0.001637239515,-0.02454701738,0.00513067157,0.007559063886
-1.195140524,-0.009684049302,-0.0001664610365,-0.005014580229,-0.01396887281,-0.0007473268756,-0.02810385985,0.01381904036,0.009490288827
-1.195857098,-0.01364588314,-0.005739575547,-0.01694640605,-0.02454630477,0.000511209526,-0.02465009833,0.01071775381,0.007875419132
-1.145217283,-0.01204199082,-0.006653222823,-0.01171423956,-0.02166717312,-0.0007834437041,-0.02326554409,0.006754302171,0.004747557179
-1.140757135,-0.01017294429,-0.00359268322,-0.007639913484,-0.00737443083,-0.0009446364159,-0.02401687462,0.00772269714,0.008504666064
-1.174902656,-0.01075861614,-0.004495297718,-0.002164028303,-0.01332716147,-0.002433598028,-0.02134385296,0.011664581,0.008840925145
-1.164613277,-0.01025285818,-0.005001059197,-0.01058991856,-0.0237556785,-0.0005806611047,-0.02687840032,0.009333803666,0.009163288838
-1.173806637,-0.007758621982,0.001999464368,-0.009849290569,-0.01802163737,0.002840321058,-0.02440222028,0.01109808107,0.007403819218
-1.182803889,-0.007187822106,-0.002128494979,-0.009927631394,-0.01201942749,-0.0001532087278,-0.02356218882,0.01066824928,0.008523416141
-1.168471021,-0.008525127777,-0.003282765287,-0.004414382669,-0.01639122202,-0.003212419299,-0.02036243082,0.003432035779,0.009021396985
-1.199250945,-0.00715121761,-0.002410618563,-0.00610666288,-0.01774121962,0.0008375647581,-0.02341733066,0.00965475223,0.007629326723
-1.190230647,-0.004896969723,0.00399906852,-0.006129290244,-0.01248141912,0.00226789443,-0.02700683268,0.01364784783,0.009118626865
-1.163668054,-0.004635299938,0.001619251805,-0.009269191179,-0.01619620862,-0.001131062363,-0.02297760894,0.006659898565,0.01061214116
-1.189688315,-0.003522009106,-0.001011777797,-0.006366805717,-0.01506208036,0.001293943527,-0.0230046213,0.006388170443,0.007048313109
-1.149933825,-0.002811738889,-0.0004188264025,-0.007219399679,-0.01217713999,0.001446192711,-0.02166836497,0.01551570117,0.009393093714
-1.157733168,-0.001568556606,0.01253567522,-0.002569889564,-0.01288650999,0.004848736908,-0.02255134722,0.01146899128,0.007739074838
-1.147482893,-0.002998826581,0.006391802943,-0.007127261145,-0.01791691502,0.0003735369935,-0.02400803302,0.008502495564,0.006317831029
-1.209005603,-0.001617745978,0.005414647224,-0.007546403696,-0.02436342536,0.004828474334,-0.02195265479,0.007095036061,0.00900293082
-1.162134664,-0.002655286789,7.15353356e-05,-0.006317429281,-0.007881409014,0.0008621756548,-0.02299746199,0.01661326743,0.01000764389
-1.144260456,-0.001256776787,0.0008197361565,-0.004831610785,-0.01078074911,0.002673248766,-0.0226433493,0.009459330467,0.01028901035
-1.175386028,0.000915171464,0.00856255916,-0.006169378255,-0.01298331989,0.0003308559572,-0.02192555057,0.007262882561,0.008472844322
-1.169847252,-0.002967140753,0.01005107083,-0.005182337008,-0.01923700342,0.0008993597729,-0.02264461935,0.005358185459,0.00699182208
-1.188085255,-0.001506199851,0.008551712424,-0.004513612125,-0.01224165493,0.003728332551,-0.02279691191,0.009922317693,0.008478551775
-1.162019646,-0.002381405468,3.814086314e-05,-0.005620739565,-0.01614902137,-0.000403761326,-0.02317490414,0.01237905594,0.008776365413
-1.195694471,0.0003901044961,0.005051737771,-0.005438351393,-0.01564038231,0.002398872158,-0.02198769548,0.0116951115,0.01006942315
-1.17662804,3.856154789e-05,0.006646214348,-0.003995781582,-0.00769574127,0.0009068402142,-0.02441166239,0.01135189251,0.008398741037
-1.177969051,-0.002398399911,0.01139193143,-0.006224785547,-0.0129060762,0.001949206468,-0.02027050753,0.006757200921,0.00901394376
-1.148955445,0.001219646093,0.007406338376,-0.007232951717,-0.01969372822,0.001374934498,-0.02210410296,0.0122502122,0.007854430877
-1.153380674,0.008492899714,0.01363722108,-0.004492656768,-0.01545864354,0.003907744045,-0.02249054165,0.01110749541,0.01064242789
-1.168037477,0.008723422392,0.01004854973,-0.0001037953417,-0.00640635422,0.003258533226,-0.02350995008,0.01243023093,0.008936218353
-1.164641787,0.008640726929,0.01454823891,-0.008207963679,-0.0145776989,0.0008866967781,-0.01986301175,0.009479712772,0.008669226899
-1.176173557,0.005895319948,0.007949018585,0.0008225525574,-0.01358457683,0.002162521565,-0.02021192495,0.009562649567,0.008153688519
-1.184525803,0.005326708514,0.02046809193,0.006128811569,-0.02674215093,0.003865248814,-0.02527458438,0.00969996989,0.009363944302
-1.169580315,0.005151591303,0.0127974617,-0.004910388509,-0.004559740438,0.004874572399,-0.02067992053,0.01795349631,0.009692140613
-1.166579287,0.003095032384,0.006779115429,-0.01849839744,-0.005603821844,0.001432956711,-0.0177416666,0.005430935422,0.006791477834
-1.185421811,0.004427080381,0.005024231675,-0.008109512796,-0.01742953781,0.002170302208,-0.02657317347,0.00356390725,0.008387023367
-1.134616391,0.004695201103,0.01170294855,0.007526256712,-0.02256409038,0.003294182498,-0.02036000654,0.0147039152,0.01120532489
-1.138340673,0.001299482417,0.01564577499,0.003870094571,-0.006544965013,0.002955397653,-0.02242311873,0.01998431914,0.008452370244
-1.17116974,-0.0009810424818,0.004210626044,-0.01417737823,-0.01434027039,-0.0007216562249,-0.02325169724,0.008155552078,0.008452971682
-1.172839922,-0.0009193772583,0.002932350651,-0.01413181928,-0.02203450651,0.002485484021,-0.02428266503,0.0009643494927,0.003351233577
-1.180532702,-0.0003539344778,0.00626534144,-0.002697737943,-0.01361120401,0.00031114906,-0.02044296362,0.01021982139,0.008949173083
-1.15988129,-0.0004465922753,0.01240706399,0.006868425753,-0.01697778565,0.003309990837,-0.02170034471,0.009371268788,0.009456966584
-1.196480927,-0.004282025959,0.006138382507,-0.01124582649,-0.02156745123,0.0006266447078,-0.02428338418,0.01195527691,0.008256652236
-1.171396573,-0.004848521604,0.001129437687,-0.01455391314,-0.01753837237,0.001487421259,-0.02551356745,0.01022327438,0.007279360946
-1.187234098,-0.004691842489,-0.0006724909188,-0.004193789574,-0.003186690946,-0.0003095161375,-0.02531142176,0.006661182465,0.007734336962
-1.145264023,-0.001158864971,0.002649804413,-0.002772412236,-0.0178378234,-0.002271246007,-0.01874666384,0.007577653808,0.007723156583
-1.146581732,0.0008787908355,0.008002068884,-0.007183494063,-0.02563017953,0.002812813814,-0.0240732219,0.01287611305,0.009090630574
-1.141932666,-0.003116011359,0.01169016042,-0.008393433171,-0.01292154536,0.0006640000223,-0.02796598066,0.01218623919,0.00781263
-1.200084358,-0.003912974947,0.005298210959,-0.007043318986,-0.0003508943789,0.001634022316,-0.02398803318,0.008430527181,0.008404160448
-1.1988453,-0.002946889945,-0.007190197744,-0.004060754222,-0.02367987358,-0.002585752363,-0.01799458572,0.004115953335,0.008793470279
-1.164590295,-0.0004332943698,-0.0008554425235,-0.001711609096,-0.03534161401,0.004603045819,-0.02418073618,0.007012082276,0.009490671239
-1.17489223,-0.0002512710877,0.01289803587,-0.002081241826,-0.002559813092,1.592153129e-05,-0.02630958044,0.01759230218,0.008932248154
-1.138718394,-0.002981131987,0.01005246789,-0.01224723317,0.001010699397,-0.00301734521,-0.02363187985,0.009027166004,0.0083550522
-1.147348036,-0.003235812809,-0.004639865167,-0.01485422077,-0.03016027809,-0.002818062395,-0.01909805521,-0.004607322961,0.006636089564
-1.162720678,-0.008304463216,-0.009392347323,-0.003458821793,-0.03228684826,-0.000426691427,-0.02549313095,0.008420146684,0.007179505351
-1.149287522,-0.01222828365,0.0004649262794,0.002602906671,0.001744003569,0.002322509165,-0.02709194285,0.02611792844,0.009232280294
-1.111016542,-0.0119376405,-5.864805553e-05,-0.0104844767,-0.003392831083,-0.002728530753,-0.02480542466,0.01467009551,0.005962278484
-1.207733153,-0.01207190426,-0.007721588127,-0.02010406595,-0.03654921225,-0.001135330967,-0.02176474705,-0.004835855218,0.006841170285
-1.075430495,-0.01165222714,-0.006756111772,-0.009715017763,-0.02625603335,0.0007331184009,-0.02321449485,0.002718922836,0.005841331253
-1.339363246,-0.009666757579,0.001798738206,0.002324706152,0.003002254147,0.0004860755597,-0.02251417629,0.0190235656,0.009332932039
-0.9174149288,-0.008623493535,-0.001002914066,-0.00377416115,-0.0127259214,-0.001016906881,-0.02197358367,0.01338011268,0.009857394614
-1.61749091,-0.008040370573,-0.002255800359,-0.01796525614,-0.03361317007,-0.001008013621,-0.02358448426,0.00131180116,0.006763411728
1.918085967,-0.009228016138,-0.003592895464,-0.01128504665,-0.01561641928,0.0002100356777,-0.02691556043,0.00650938642,0.007032536964
4.883889446,-0.007129955449,-0.001010880239,-0.002595367161,-0.000739088815,-0.002490055476,-0.02437763259,0.01161320946,0.009347507396
4.17941917,-0.005287102646,-0.001872106776,-0.002225791675,-0.02095266579,-0.001551786147,-0.0211974615,0.0122014442,0.009801696819
4.532611697,-0.004624514978,0.0006056165767,-0.01065673521,-0.03294472378,0.004295243539,-0.02399874468,0.01166003726,0.007572251568
4.265477032,-0.002993686214,0.007645008541,-0.008628177905,-0.006119249089,0.003163820034,-0.02588218475,0.01154547453,0.007488604608
4.436043812,-0.003289030566,0.008096062495,-0.009723254821,-0.0009038479485,0.0008464657032,-0.02122113464,0.004027525424,0.007980479633
4.350839352,-0.001281543184,-0.003204670606,-0.008994376087,-0.02598370458,-0.002017781201,-0.01915257582,0.005604844088,0.01115918217
4.388751817,-0.0007933438764,0.001234351433,-0.003813886573,-0.02387715043,0.002247291958,-0.02445077105,0.01473739852,0.008326006458
4.39734449,-0.0006221142572,0.00857062161,-0.0009594142828,0.0002748748151,0.003559324738,-0.02822327921,0.01992512947,0.007180455084
4.37831016,3.271420153e-05,0.009438009398,-0.008199052491,-0.009463717152,0.002307851966,-0.02040437041,0.006530246531,0.01017116523
4.430613449,-0.00195913032,-0.000990882668,-0.009743841857,-0.02549659492,0.0001923155148,-0.02067846611,-0.001645437062,0.00890820557
4.379257808,0.0003023445614,0.00325559002,-0.006400240482,-0.01720016867,0.002175382985,-0.02401951077,0.006508087166,0.008770881859
4.442506341,0.0004384309055,0.001925501074,0.001565642981,-0.0006628108173,0.002074738245,-0.02372763925,0.01873728936,0.01213808708
4.374406037,-0.001555325901,0.00984194266,0.001475743565,-0.02709600767,0.001482779853,-0.02352449801,0.01430537113,0.008545095155
4.384339146,-0.00422982548,0.006085814626,-0.007952695938,-0.02072167041,0.004617447683,-0.02218343624,0.006637404191,0.008644240639
4.387264153,-0.001790527361,0.007873355098,-0.01576830839,7.255554095e-05,0.0007251238763,-0.0212458945,0.003653536957,0.006331862211
4.397432318,0.0001688941392,0.0006366951669,-0.01285670809,-0.006052504861,-0.0002010389147,-0.02193136691,0.007144101641,0.008959803932
4.424710871,-0.0007197628473,0.0001216927174,0.0008511382425,-0.02992087897,0.0006541308919,-0.02001878282,0.01606998013,0.01088362596
4.375656484,0.002684140403,0.009890214729,0.009433337884,-0.01417136234,0.006699458022,-0.02689335804,0.02174279087,0.009021957614
4.407015609,0.007334439087,0.01821967076,-0.002138605134,-0.003761571957,0.003273606439,-0.02394304043,0.01146851921,0.009640418499
4.378998,0.006584581025,0.01421971207,-0.01438864114,-0.01303916787,0.004415161818,-0.01858878689,-0.004008062419,0.00598352962
4.339923839,0.007998619085,0.009013954533,-0.01541877306,-0.01954211326,0.002777360949,-0.01761715424,0.005598678673,0.01143460082
4.400416631,0.00645248061,0.01593372765,0.005242945766,-0.008515370707,0.001987352927,-0.02469988425,0.01685845666,0.01262861614
4.358097558,0.006913299752,0.01838355503,0.009029218313,-0.008946719943,0.004805452168,-0.0254764817,0.01829452129,0.01222937783
4.374785981,0.005689933715,0.009743226115,-0.00385946499,-0.02559935139,0.002845162518,-0.01936338994,0.004789493088,0.007597171902
4.38414237,0.002555243603,0.008326995181,-0.01293033852,-0.01500850854,0.00126752251,-0.024058065,0.002565714602,0.00569694974
4.323122216,0.002323612426,0.007308178906,-0.01130455821,-0.00567848717,0.002873259052,-0.02491969099,0.01138698981,0.008738067377
4.46686337,0.007192483536,0.0138104495,0.0003780297188,-0.009963490178,0.0002472838697,-0.01817796075,0.01676075568,0.01069253758
4.076160217,0.003558603846,0.01004534183,0.00104492334,-0.02349879064,0.001933600511,-0.02188428563,0.01099122142,0.009562815239
-0.739708301,-0.0005137846589,0.01049077046,-0.00170792404,-0.01825958067,0.004621875799,-0.02335272916,0.004565054605,0.005891981764
-1.26705685,-0.001260238416,0.007328348624,-0.008786346502,-0.006675498026,0.0029149132,-0.02703788989,0.005904216932,0.006281617198
-1.176861519,-0.0003257559212,0.004404621034,-0.01184795848,-0.01507659463,-0.000157830352,-0.0210015308,0.0065691275,0.008641978775
-1.202222756,0.001000662333,4.768829487e-05,-0.005022315883,-0.01990190312,-0.003752188659,-0.023090756,0.01267475603,0.007334426168
-1.197906404,-0.001585829893,0.007271004293,0.0004106846953,-0.01772356838,0.001397076178,-0.02627398091,0.01402502455,0.01053974158
-1.191977694,-0.002229960926,0.008687165814,0.000102245863,-0.009897194753,-0.0002087674992,-0.02485423756,0.00844208394,0.004915996953
-1.15693663,-0.00688257755,0.006005257565,-0.01268919552,-0.0196350499,0.0009814808918,-0.0218513964,0.0008702977295,0.008061155119
-1.160740579,-0.003935441894,-0.002507300199,-0.01274335767,-0.01888922556,-0.0002862491355,-0.02235584676,0.009025195951,0.007461646149
-1.161581053,-0.001409653527,0.004331485987,-0.002288865424,-0.01536868549,0.001265389368,-0.02464677897,0.01493129127,0.01013836392
-1.170112711,-0.002397031248,0.003956305997,4.246227806e-05,-0.008676469526,0.0007065274899,-0.02416542841,0.01481101344,0.00949314061
-1.188345746,-0.002200904008,0.005676142108,-0.003362729003,-0.02302806265,-2.117449737e-05,-0.01983651806,0.002012278879,0.005733363183
-1.15867479,-0.002995596439,0.006234785387,-0.01382899318,-0.01795307881,0.004882137448,-0.02524281886,0.005078509339,0.007523782736
-1.192117919,-0.00371936962,0.00431894852,-0.007880690691,-0.01393312364,-0.001047677295,-0.02169075026,0.01162637318,0.006937720394
-1.211510734,-0.00187249446,0.001656707954,-0.003690245824,-0.01274392737,0.001900396337,-0.02421746054,0.0125961313,0.01070578573
-1.219255231,-0.003428065144,0.002108406808,-0.01033018022,-0.01538932174,-0.003394090135,-0.02052402273,0.01190753525,0.008740004816
-1.21105016,-0.002038417018,0.007429247052,-0.01419693358,-0.01525456606,0.004056772076,-0.02517167278,-4.492225882e-05,0.008723291702
-1.200324636,-0.006691589765,-0.001286128128,-0.003190641667,-0.02098723918,0.001556792248,-0.02570331473,0.00892862688,0.008370848397
-1.219799928,-0.01290178923,-0.009589554674,0.0027929867,-0.02428380786,-2.854879636e-05,-0.02387520165,0.0119306824,0.006212249562
-1.165764019,-0.01092187519,-0.0003530795585,-0.00421923021,-0.01007500601,-0.004488030186,-0.02083348208,0.01337531248,0.009696010234
-1.199126859,-0.009982777492,-0.003968615187,-0.01782778946,-0.009241448098,-0.002945814385,-0.02839448432,0.003927328984,0.00621069469
-1.191587344,-0.010063791,-0.00343020682,-0.01873288807,-0.02477497542,-0.0008601990254,-0.02453677224,0.002226395674,0.009492664083
-1.138189921,-0.01225307686,-0.006538347309,-0.01031608755,-0.02465496719,-0.0001112390724,-0.02298038777,0.01546042276,0.006651854665
-1.176587778,-0.01126593838,-0.003746196709,0.006485375806,-0.009382845714,0.002614181859,-0.02169747154,0.01881751053,0.008075659628
-1.213388017,-0.005782804333,-0.00108390261,-0.002286708239,-0.01085097194,0.0007320267032,-0.02554278213,0.009674891617,0.008810628324
-1.167661879,-0.005965114865,0.0002302004332,-0.0150937601,-0.020381667,-0.0009705756037,-0.02128878841,-0.005337300908,0.007242107638
-1.168745614,-0.008392507322,-0.002401844662,-0.01908550165,-0.01646176607,-0.001918533891,-0.02682703379,0.001374984272,0.008619673411
-1.180509407,-0.00599612071,0.0008932659174,-0.005194490931,-0.01202204123,0.001666992597,-0.02243335054,0.01731558676,0.01029769486
-1.188139073,-0.004283206148,0.001937636872,0.009093542635,-0.0237937722,0.003740848551,-0.02421807071,0.02039221469,0.01047656344
-1.158645398,-0.005026843135,0.004349242363,-0.001564186004,-0.01972389724,0.0002437131031,-0.02338888788,0.007508090097,0.008236031749
-1.1797883,-0.003372789625,0.001185527697,-0.01562165974,-4.402691906e-05,0.00133548168,-0.02261940284,-0.001234792313,0.006460096834
-1.208012684,-0.002233562203,0.003713181558,-0.0196240172,-0.01111140685,0.0003450384855,-0.0235147247,0.008950411621,0.006985130438
-1.156731043,-0.001641281081,0.001459988587,-0.005652050242,-0.02296436637,0.001273936731,-0.02253107778,0.01698397834,0.009349742062
-1.235883293,-0.001545174602,0.003817975613,0.008174551152,-0.01881139037,0.0001535707888,-0.02321514806,0.01417405232,0.01144329449
-1.171569179,-0.0007442771005,0.007818224104,-0.0008342098326,-0.009832037518,0.002977588214,-0.02428223335,0.01113307229,0.007580862318
-1.189777672,-0.003092773456,0.008648771781,-0.01541568416,-0.01427952312,0.007118887407,-0.01868758204,0.001211462285,0.005291675475
-1.188900125,-0.003418052269,0.003711752277,-0.01887095122,-0.01480803912,0.001815503527,-0.02446499682,0.008473077238,0.006791093652
-1.154926907,-0.001999708669,0.004294332939,-0.0002733697487,-0.01132258496,-0.0007032013449,-0.0243227458,0.01317641121,0.01263265282
-1.208221351,-0.0001618496892,0.003011457119,0.008275520507,-0.01398447875,-0.002136173428,-0.02420352756,0.01260948262,0.01102135205
-1.186341764,-0.001452417895,0.00517723595,-0.005248391929,-0.02073521048,0.002644894934,-0.01997874286,0.007037113434,0.008406337474
-1.170288114,-0.002166523923,0.009647968466,-0.01639949234,-0.01617456548,0.004339770746,-0.02348584604,0.006914905349,0.004411243583
-1.204059145,-0.002491559899,0.005196612752,-0.01435690398,-0.009913319822,0.00146018751,-0.0250058046,0.01355002988,0.009274835055
-1.20822466,-0.0001574945458,0.003234081519,0.003525100443,-0.01064726419,-0.001258432416,-0.02318198367,0.01177296942,0.01252088993
-1.148717466,0.0006205178782,0.001809567503,0.001941947436,-0.0171544481,-0.002326727302,-0.02073990263,0.009814750997,0.01053544095
-1.199289797,0.004288929537,0.01431000602,-0.008162945059,-0.01497538121,0.005659033172,-0.02119482209,0.007875076728,0.008853924959
-1.210517999,0.008826639796,0.01804641931,-0.01103030732,-0.01125274163,0.008252350379,-0.02144158196,0.01164117605,0.00724513317
-1.154339326,0.008051444222,0.01177943087,-0.0006765785986,-0.01570687664,0.003958514758,-0.02268700081,0.01196844909,0.008891627308
-1.170389893,0.0089661018,0.00768831388,0.005470534565,-0.01749695588,0.001023369081,-0.01940572999,0.01278166771,0.009814643419
-1.16369448,0.007843399895,0.01110262021,-0.001242513232,-0.01056819636,-0.0007507761738,-0.02193535607,0.007705709155,0.01022930636
-1.15688454,0.0076300278,0.01487659172,-0.01154518673,-0.00813682512,0.002387992587,-0.02436983778,0.01037937705,0.01092775923
-1.151493274,0.004416638438,0.01341480152,-0.009287036934,-0.01798246654,0.004160069496,-0.02384938302,0.01164522979,0.007422909568
-1.167654198,0.001293804557,0.007908333252,-0.0003448426019,-0.01665661233,0.003173563074,-0.02145112415,0.01125334795,0.007386563752
-1.127529408,0.00490562761,0.008388034128,0.003750361348,-0.0114120011,0.002693988474,-0.02068531279,0.009677367454,0.009525283273
-1.198634628,0.005065458012,0.008663721697,-0.005644610097,-0.01158457369,0.001454526418,-0.02090063847,0.007424176136,0.009327539727
-1.162242141,0.001184498094,0.0088185118,-0.008785504156,-0.01790454403,-0.0008700170632,-0.02531296375,0.01180108412,0.008265785103
-1.199549137,-0.001108123588,0.01096798053,-0.006116748078,-0.01244984762,0.002290244308,-0.02270393031,0.01191391143,0.008569203135
-1.128151853,8.883077945e-06,0.00561447519,0.0002075215299,-0.01429440986,0.003926888812,-0.02579821194,0.01124987541,0.007559627231
-1.150547449,-0.0001631080861,0.004614510791,-0.004522554108,-0.01957384578,0.002776190989,-0.02089689435,0.00366444809,0.007176136972
-1.176532862,-0.002882114381,0.002748382432,-0.01044290131,-0.01526423295,-0.001839177401,-0.02254185234,0.006000370926,0.006672192224
-1.187444766,-0.002042909593,0.008568083526,-0.007181566584,-0.009720238437,0.001379573361,-0.0236072569,0.01343370637,0.007876610932
-1.184898738,-0.004316411315,0.004121574201,-0.003963158947,-0.01853564571,0.0001262868041,-0.02332322028,0.01404588425,0.009187885531
-1.185001978,-0.00464372897,0.002773744627,-0.002982182442,-0.02122076523,0.001403510132,-0.02352569585,0.002779746736,0.006208212345
-1.193407912,-0.001532854202,0.003767903188,-0.003245513099,-0.02070702483,0.001735192894,-0.0257179623,0.006024748901,0.00826244387
-1.208322147,-0.0009083025511,0.00667507814,-0.005385648271,-0.01951559144,0.001364614475,-0.02297391449,0.01386662317,0.006769659352
-1.212868994,-0.002819575511,0.004243926088,-0.007652524323,-0.005354193698,0.0001216412875,-0.02294300825,0.01508371347,0.008796460106
-1.168944449,-0.00220566666,0.003641605862,-0.008997491727,-0.01558076465,-0.0007877334356,-0.02201765615,0.006873860584,0.008132452566
-1.210605791,-0.002935888954,0.002698453089,-0.003774130058,-0.01536488392,0.002681422406,-0.02228634658,0.005303427685,0.008344095587
-1.139382704,-0.002807466693,0.004077854508,-0.005562130204,-0.01783566326,0.004324032325,-0.02273445454,0.00858323099,0.008808303187
-1.201248393,-0.001111649587,0.003084517794,-0.00703804878,-0.01562035938,-0.0001536521518,-0.0237428252,0.01153428973,0.006858625861
-1.165373998,-0.002913489726,0.004009737004,-0.009431787882,-0.0157119924,-0.0004976071419,-0.02457081821,0.01002640253,0.007180026522
-1.203951312,-0.004846057262,-0.0007289624177,-0.004675066963,-0.01183741139,-2.990245948e-05,-0.02372087934,0.007977213444,0.007740739482
-1.157676719,-0.009718663498,0.0007208093665,0.00429470998,-0.03006803572,-0.001909688766,-0.02354048599,0.005281763686,0.008169711493
-1.167191563,-0.01336250311,-0.001215326385,-0.00798181878,-0.01917459362,0.001343342309,-0.02424403967,0.01159478695,0.006852550512
-1.171065356,-0.01276296857,-0.005120961897,-0.01989019319,-0.006657604511,-0.003297512976,-0.02160529634,0.01248345884,0.008022030774
-1.133338754,-0.01123228716,-0.009861076282,-0.01496498203,-0.01452674064,-0.0007178070823,-0.027563873,0.003011751328,0.006151207222
-1.148372801,-0.01231780886,-0.009802717368,0.001569944186,-0.02106695836,-0.002137467962,-0.02087958477,0.008941585887,0.008063130342
-1.15329583,-0.009063277193,0.0009529293596,0.0003258399036,-0.0129575814,9.290213219e-05,-0.02029271644,0.01369817838,0.007560046732
-1.166608041,-0.008467925568,0.002342272837,-0.01303659616,-0.01076444183,0.0008439604791,-0.02431875893,0.009960625224,0.009272186971
-1.178344585,-0.007305579712,-0.001486328084,-0.01695830814,-0.02174416774,0.001294298596,-0.02504749207,0.002375906812,0.004682735785
-1.19560644,-0.007829688543,-0.006806841336,-0.006081731303,-0.01417807035,0.001830985067,-0.02128137881,0.009807379781,0.007723392701
-1.178694458,-0.00739671468,-0.0002977783361,0.006105514465,-0.01119792424,-0.0002609070274,-0.0221925399,0.01093231514,0.008591606965
-1.18329331,-0.004274671069,0.005243580859,-0.005530760745,-0.01801808833,0.001987310092,-0.02447538911,0.009042885903,0.009366012819
-1.19435017,-0.00504638156,0.00373244037,-0.01845633678,-0.02598216022,-0.000116882437,-0.022798729,0.009755302677,0.007782422449
-1.196817577,-0.004607017957,0.003440258473,-0.00813199536,-0.008318551361,0.00169023251,-0.02651080803,0.009472813923,0.00701411505
-1.129857259,-0.00255617805,-0.002209917964,-0.0009688092701,-0.01026821032,-0.003142316063,-0.02208275102,0.01200022682,0.01014120977
-1.148167254,-3.683559333e-05,0.002009970013,-0.001980187192,-0.02547323908,0.002624695154,-0.02190317384,0.009263445173,0.009821747883
-1.148867575,-0.001990689677,0.007088586256,-0.009889607889,-0.0170715289,0.003369877845,-0.02611545664,0.01025850728,0.008138541076
-1.211555858,-0.002522280753,0.01148990113,-0.01113461577,-0.002694945133,0.004487278977,-0.0239285176,0.007073069937,0.007780465601
-1.137092039,-0.001825156273,0.001031942658,-0.006354602688,-0.01171600346,0.001810841353,-0.01827828592,0.008803338029,0.008768904464
-1.161075787,-0.001544250778,-0.002040376021,-0.002783059142,-0.02467848679,-0.0003363917268,-0.02286643168,0.008404872226,0.009542096739
-1.167346794,0.0002669042825,0.00317762851,-0.0009026776682,-0.01165287482,0.003344853699,-0.02391933325,0.01151905735,0.01018181869
-1.181663742,-0.0005214674592,0.01196833352,-0.007945719927,-0.01101672797,0.00137331693,-0.02536608759,0.01348956501,0.008891155099
-1.16417342,-0.002734425686,0.007447622514,-0.01001529117,-0.01697686595,0.002834279535,-0.01887696672,0.00811981252,0.007427045061
-1.157503981,-0.004387075608,0.001973651112,-0.007641519344,-0.02022090126,-0.0004373208128,-0.02584037345,0.00704326959,0.009346059175
-1.174193262,-0.0003237655177,0.003593706541,-0.002221479012,-0.01043547939,0.003407870133,-0.02173083593,0.01424816422,0.01103231379
-1.185150383,0.0001770620741,0.006674546539,0.0003291507254,-0.01103186221,0.002288115771,-0.0246228102,0.01467184796,0.009516253147
-1.16673032,-0.0008212386763,0.00579208339,-0.004104045149,-0.01057810881,0.003780815045,-0.02247328952,0.007485631771,0.008987670914
-1.167518331,-0.0003482519216,0.005393499886,-0.01478634679,-0.02437644873,0.004487757726,-0.02038227527,0.005787572883,0.007515969332
-1.124458258,0.007266382344,0.01348231996,-0.01354384702,-0.01819109438,0.00498829329,-0.01922665664,0.00905741918,0.007855663601
-1.145456636,0.009151093802,0.01810737266,0.00336708022,0.005301851254,0.00345859584,-0.02465135656,0.01497759811,0.01054515827
-1.197753758,0.007878525723,0.01291007428,0.01093791294,-0.008872547057,0.00108937177,-0.02044842532,0.01145787015,0.01087992783
-1.166867748,0.006232867262,0.01212782246,-0.004249091673,-0.03029429672,0.004571831481,-0.02137113782,0.006665089899,0.007382968026
-1.15829843,0.007038822288,0.01367721079,-0.0130613493,-0.02126670654,0.004666758799,-0.02292499439,0.01003016635,0.009098091018
-1.078613671,0.006372315853,0.01367543538,-0.009718423805,0.003159667233,0.003110929673,-0.02652685513,0.019593688,0.01082038115
-1.159883858,0.002572390782,0.009317329169,-0.0001265664568,-0.0131005478,-0.001329535154,-0.01787240628,0.01277900042,0.01098360775
-1.027564673,0.002955864475,0.005427423127,0.004821210443,-0.03040559429,0.002648263401,-0.02006563641,0.005052648774,0.008101886205
-1.247587583,0.005992354751,0.01372544506,0.0008111891217,-0.01554779633,0.005889981175,-0.02235009149,0.005062385563,0.007408448521
3.411300278,0.001178660911,0.01448543511,-0.01172631312,0.002899996012,0.003247620854,-0.02371604717,0.01403714018,0.006883762618
4.621335889,-0.001358795739,0.005067031965,-0.01490430155,-0.01366473525,-0.002202271892,-0.02207680538,0.007661690248,0.01021501637
4.296097514,-0.001331188814,0.001285558357,-0.003549471535,-0.0244398923,0.0001884907129,-0.02458525738,0.003507286079,0.008436297365
4.493259672,0.0009639711608,0.006228151746,0.004825042051,-0.01628883337,0.00196838347,-0.02241012807,0.01081692223,0.009085174775
4.376649721,0.00021367779,0.01066404636,-4.126677542e-05,-0.007080846382,0.002871153253,-0.02481661297,0.01072694907,0.008611184085
4.428205717,-0.003070724528,0.003233519491,-0.01502739815,-0.01960141557,-0.0001936692606,-0.02429731516,0.005247088133,0.004480359279
4.358546597,-0.003834092257,-0.005077136544,-0.01471174928,-0.02368901566,-0.001706364656,-0.02493486334,0.008208662679,0.008497683142
4.400243149,-0.003669071746,0.004167910055,0.003907070262,-0.02225469434,0.001055615806,-0.02449652466,0.0138349059,0.01084799341
4.389538268,-0.002929222781,0.01002911124,0.001023225637,-0.009098320405,0.0009460869477,-0.02298357379,0.01254099283,0.009560423498
4.380839503,-0.001958946188,0.00660164801,-0.013078376,-0.01423669427,0.002473291828,-0.01988823608,0.004934316436,0.008111372779
4.354410881,-0.003370689681,0.0003314913507,-0.01914602139,-0.02010715008,-0.000230912154,-0.02657736518,0.003143620307,0.004329661019
4.388638568,-0.004022656438,-0.001680742918,-0.005133864543,-0.009388048545,0.0008437040011,-0.02442062366,0.01284357232,0.009597516816
4.411080313,-0.002830053146,0.005285973636,0.006945619759,-0.008031655982,-0.002217553568,-0.01918387023,0.01525667134,0.009904397811
4.356932486,-0.002192463836,0.004622323147,-0.003738837431,-0.02306104098,0.000826270417,-0.02312564204,0.008817259718,0.008874267808
4.360506369,-0.004189293081,0.004532501349,-0.01294224222,-0.02425297259,0.003677762925,-0.02428014983,-9.745562871e-05,0.006015051398
4.369995049,-0.002404186902,0.00689318904,-0.01338882451,-0.006223952674,0.0006676130381,-0.02514939666,0.007528657346,0.007758155952
4.414112215,-0.001878011075,0.004342704956,-0.003932273691,-0.00741253528,-0.001427791715,-0.01840866939,0.009979007387,0.01134376881
4.407278831,-0.007220725999,-0.001472453666,0.001149599988,-0.02599660855,-0.003146275949,-0.02475881546,0.010361497,0.00803367248
4.356836906,-0.01534169288,-0.008339053906,-0.006548782554,-0.02626204627,0.001578468369,-0.02671018893,0.01031199123,0.006526478538
4.401801781,-0.01355243262,-0.001253546526,-0.007432928485,-0.01274247794,0.0006889162202,-0.02588149083,0.01277868158,0.005393537066
4.346563639,-0.01090578602,-0.004378121137,-0.01353052398,-0.01227695686,-0.001068184901,-0.02325669029,0.008424156929,0.006981619188
4.415152641,-0.01016075974,-0.007677275921,-0.009597095799,-0.02368930215,-0.002438966131,-0.02196930829,0.004378321568,0.008933629921
4.289146141,-0.008943495531,-0.002163027897,-0.004203182721,-0.02172115479,0.0001450785453,-0.02339647642,0.01005205191,0.008486070702
4.423542687,-0.01013250052,0.003041485574,-0.006499101041,-0.009820284028,0.002045727818,-0.02330872766,0.01019039516,0.006762803343
4.299003342,-0.007756010893,0.0008102437946,-0.009985366932,-0.01059678385,0.0008783037974,-0.02268403604,0.007277235586,0.005306194576
4.525501985,-0.008219065615,-0.007714626601,-0.01247100075,-0.02015374224,-0.0007688633362,-0.02455318835,0.002769021112,0.009465575531
4.23472567,-0.007335288859,-0.005777015759,-0.00366541659,-0.01337437402,-0.003671692611,-0.02371556549,0.007590072016,0.01165715547
4.696255227,-0.003607617753,0.00260062813,-0.002518703744,-0.01364875315,-0.0003608739369,-0.02462214302,0.01232298941,0.009418579237
2.825058821,-0.002659721625,0.005259223287,-0.008928777155,-0.01815859914,0.001886151911,-0.023304,0.01449648736,0.007041919861
-1.507746577,-0.005515520764,0.002665485957,-0.01150004434,-0.02251528653,0.003182259315,-0.02428519212,0.007175596773,0.005518461204
-1.004971359,-0.002667725312,0.001610144784,-0.008144760138,-0.01143093616,0.0007058046441,-0.02607442586,0.009003800294,0.008267405554
-1.28458077,-0.002328167806,-0.001183201284,-0.0008407866292,-0.01106815708,0.0009443902161,-0.01913265263,0.008255956087,0.01007401783
-1.094767466,-0.00225800846,0.003227436234,-0.004882387448,-0.01722725737,0.001667107231,-0.02248589466,0.0113755302,0.008562433796
-1.211690868,-0.001330807494,0.008680938312,-0.007965737548,-0.02020970366,0.003171561332,-0.02354934549,0.008884461865,0.00927147381
-1.195732549,-0.001507885565,0.01194574498,-0.009744419158,-0.01174594914,0.002440530744,-0.02408366002,0.007553718254,0.005938826085
-1.209243018,-0.002633700461,0.0005201751794,-0.004661700722,-0.0110270314,-0.002446200187,-0.02168946916,0.008635365152,0.007619806474
-1.16035933,-0.0001082758676,-0.001032174383,-0.001666545266,-0.01552583027,0.002847286262,-0.02288186623,0.007035394486,0.01137923829
-1.193677147,-0.001200714072,0.007236987214,-0.003348584966,-0.01155428052,0.001052063001,-0.02562514597,0.01503029559,0.008861916702
-1.187265075,-0.003535844291,0.008782745019,-0.009037378286,-0.009057731754,0.004414432561,-0.02562396335,0.008523478888,0.01012594056
-1.182861945,-0.002647851507,0.008922767003,-0.005851125245,-0.01285327194,0.001105972448,-0.02176826817,0.006077072243,0.009200226184
-1.140051892,-0.001495458818,0.003142832435,-0.00537872834,-0.02205080685,0.001211747115,-0.02063023157,0.006386757331,0.00841199175
-1.196632726,-0.000674090862,0.00467895837,-0.001673771489,-0.01744670764,0.002243917928,-0.0224859618,0.01581606499,0.00994479675
-1.198468814,-0.0001036622263,0.005483571996,-0.004395542647,-0.01195042752,0.0002939947911,-0.02238144098,0.01491558512,0.008963074358
-1.205158675,0.000495589073,0.007517094245,-0.008409060638,-0.01366376999,0.001983353759,-0.02062001774,0.01035289271,0.01014997014
-1.167253797,0.00516364557,0.01015109366,-0.005942193196,-0.01563505491,0.004755881465,-0.0227403208,0.00988664688,0.008774848797
-1.199329877,0.008548362768,0.01560279376,0.001052523164,-0.01134868288,0.006966032129,-0.02221190625,0.009445202617,0.01045929757
-1.180027852,0.008975876295,0.01524925696,-0.004772193186,-0.007547112669,0.00444474644,-0.0209225671,0.01249468232,0.009154349892
-1.192430385,0.007078930339,0.01560296181,-0.01226812583,-0.01452264321,0.00365420159,-0.0162718735,0.005443235112,0.009085388059
-1.169484951,0.009308029913,0.01070609673,-0.003615852054,-0.01973641714,0.003638061047,-0.0244322774,0.006541520192,0.009827842776
-1.203156237,0.006762386842,0.002630941028,0.00704856308,-0.01340760507,0.0009124766734,-0.02378565275,0.01516348953,0.01153377892
-1.1656397,0.003525794618,0.01580622131,0.00734264702,-0.0181815309,0.002056123704,-0.02123610208,0.01344241478,0.008757166306
-1.203128744,0.003183424101,0.01553305364,-0.0115756119,-9.593857611e-05,0.002061018871,-0.02380152934,0.01079372786,0.007101343345
-1.175380742,0.003917608543,0.01195452359,-0.02132176622,-0.01473224943,0.004012033008,-0.019916646,0.001709557276,0.01028976905
-1.19385341,0.002661191257,0.006959439167,-0.008917577058,-0.02808949004,0.0006747649567,-0.02385093758,0.01135139184,0.00735272455
-1.204015788,0.0005436265992,0.004095758155,0.01059029066,-0.01665335146,0.003950981213,-0.02307069669,0.02277748554,0.008426595579
-1.19461687,0.0005291563837,0.007911216627,0.008125915583,-0.001810660645,0.000243230609,-0.02085061249,0.01806125454,0.008783987071
-1.218532539,-0.001129298847,0.008244091695,-0.0139267445,-0.0157154339,0.0006394503598,-0.02439197101,-0.001697271839,0.008061667829
-1.217665408,-0.001602795012,0.006320537121,-0.02007559385,-0.02778995519,-9.80676169e-05,-0.02273366714,-0.01080750891,0.006699128935
-1.200148625,-0.0006052699301,0.009580315389,-0.00916798218,-0.01435840743,-0.001520918202,-0.02467193858,0.01506350307,0.01084602713
-1.166623205,-0.001462370659,0.006326969219,0.007813391009,-0.01188883624,0.001108446189,-0.0212814692,0.02304181798,0.009579764792
-1.243748754,-0.004771013361,-0.002660403623,0.001700291064,-0.02167881172,0.0005550384572,-0.02413936665,0.01128897588,0.004949996588
-1.173281676,-0.0042065734,0.002556095545,-0.01222416077,-0.02184774608,0.002971260485,-0.0227449144,-0.0003146976616,0.009121161353
-1.185018586,-0.003571864377,0.006369164355,-0.01435149272,-0.003285919526,0.003070266743,-0.02724473672,0.00264442126,0.006859938876
-1.165187386,-0.001570288909,0.005899265279,-0.01022209047,-0.009776313756,-0.002340004832,-0.02130605583,0.01167554013,0.01036325328
-1.1787695,-0.0008268323911,0.003966422471,-0.001410835335,-0.02511481921,-0.001037768085,-0.02391721555,0.010908203,0.01037319257
-1.215125298,-0.002755047792,0.002080264951,0.001727068206,-0.02699448832,-0.0002010068369,-0.02391883276,0.01180942475,0.008387034465
-1.175743285,-0.003150962308,0.009997018417,-0.006211379397,-0.006623583566,0.005974117547,-0.02332209309,0.01271718,0.004195214627
-1.181535873,-0.004946852446,0.00335121973,-0.01399817998,-0.006195701685,0.002822950159,-0.02038043364,0.008959608696,0.006574636496
-1.172127281,-0.003621557462,-0.004375750406,-0.009960664798,-0.02303118025,-0.002538275296,-0.02468988602,0.003172086776,0.009767420098
-1.187649686,-0.0002375512413,0.001264001072,0.0008220118216,-0.01967274389,-0.004364461956,-0.0248080494,0.00810604592,0.009915147856
-1.177250859,-0.002713076133,0.01056224997,-0.002000049895,-0.01020407609,-0.0007414528218,-0.02552078096,0.01428269997,0.01025907719
-1.189051682,-0.01126812912,-0.0007854840915,-0.01203606103,-0.0210423319,0.0008834353106,-0.02126254811,0.008219311223,0.003057911215
-1.159601734,-0.01490317215,-0.00805359073,-0.01539693864,-0.02539576862,0.001638365639,-0.0248244712,0.002714892699,0.004070211261
-1.181043719,-0.01263328144,-0.008347857657,-0.005018336741,-0.01204502825,-0.002722800972,-0.02534334165,0.01020809026,0.007186443589
-1.183407836,-0.01133179378,-0.005176166994,-0.001512598715,-0.005491852743,-0.004495587014,-0.02415701718,0.01168608627,0.01186780637
-1.190051712,-0.00920147392,-0.003795396871,-0.004811211698,-0.01714333486,-0.003693685777,-0.02293803579,0.009943041411,0.01064925931
-1.189066344,-0.01025149993,0.00387706182,-0.01162774946,-0.02896151637,0.00374823692,-0.02637555412,0.003943714938,0.005907885115
-1.146671935,-0.007872517055,0.003978363191,-0.01126966055,-0.0154484105,0.004533870194,-0.02220847526,0.01063076401,0.005041607029
-1.177013382,-0.00884445354,-0.004981443062,-0.003055178066,-0.01254993902,0.0007148186559,-0.02077073788,0.01250631135,0.006912555865
-1.183066934,-0.008913122078,-0.008383204338,-0.005440276647,-0.01550292078,-0.002867262604,-0.02174123055,0.008189295259,0.009389396345
-1.168134655,-0.005378262448,-0.002151825904,-0.009311922324,-0.01693512963,-0.002778846967,-0.02510317581,0.007925947328,0.009668061248
-1.175002703,-0.00319027486,0.0102829013,-0.01003276704,-0.01037719191,0.002502214143,-0.02561272662,0.007865271583,0.01167457605
-1.158514662,-0.005129239996,0.003968217568,-0.007805121788,-0.01792788085,0.003484342107,-0.02117493564,0.009683912596,0.005940904538
-1.201147053,-0.004070939418,0.001742502737,-0.005024340038,-0.02318001423,0.004660718531,-0.02317377894,0.01093673273,0.007426079033
-1.200430048,-0.001213281813,-0.001303785601,-0.004525679187,-0.01218621363,-0.0008592586476,-0.02346246045,0.01174335356,0.006183994786
-1.174080149,-0.001476361965,0.004519072438,-0.005912580524,-0.009108017044,-0.001393280717,-0.02261852729,0.007079737399,0.009575349268
-1.17495946,-0.001680601286,0.006415152349,-0.01088619452,-0.01267916754,0.001714112521,-0.02388966627,0.01268740507,0.01198216318
-1.215287302,-0.001378165666,0.009001244635,-0.007911171657,-0.02004289591,0.001584103218,-0.02399012052,0.01216287235,0.009049070709
-1.184037134,-0.002248214434,0.004552945911,-0.001610969166,-0.011683708,0.005907429939,-0.02425240842,0.005575465032,0.008424172118
-1.160813421,-0.002339255734,0.003907727092,-0.005686614687,-0.01652932243,0.0004180379639,-0.02146424647,0.006775605359,0.005424104221
-1.214070286,-0.001242512271,0.001333663556,-0.007446863433,-0.01257885273,0.0005368103046,-0.01919901486,0.009252107943,0.008286418842
-1.221344292,-0.0004695316947,0.007571200455,-0.009073006529,-0.0135892597,-0.002397872656,-0.02493199335,0.0145624354,0.01013135862
-1.154939323,-0.001214543204,0.001358009728,-0.004396816303,-0.01226726328,0.002415347118,-0.02541531984,0.01144740313,0.01195392962
-1.174158865,-0.0006621888355,0.005102274838,0.002762889569,-0.03014223178,0.002074370626,-0.02246827569,0.007976420855,0.0107637591
-1.187390543,-0.001183037278,0.01072930562,-0.005397809131,-0.01685456842,0.003436372522,-0.02391035598,0.0103439533,0.005285876215
-1.206629963,0.0007063838273,0.004662241342,-0.01714188887,0.002724181728,0.001867380457,-0.0174958797,0.009921454138,0.008127481117
-1.125298906,-0.001463531817,0.00200634262,-0.01425657906,-0.0112322342,-0.000705165517,-0.02422401336,0.006272603348,0.007726700205
-1.189686797,0.002721669188,0.006276410924,0.004541854046,-0.02516260196,0.002015754231,-0.02183132421,0.01056201031,0.01325102861
-1.1648088,0.009355522314,0.01726421454,0.007260240903,-0.01062155118,0.006296881879,-0.02223664484,0.01522978062,0.009345534636
-1.182091497,0.009522660328,0.01507558242,-0.007612188291,-0.005368610759,0.004381295307,-0.02215351211,0.01185298469,0.01018778038
-1.209141621,0.007649488525,0.01022790482,-0.01347699935,-0.02074334762,0.003155684823,-0.02377146384,0.004618055205,0.005966412259
-1.169992186,0.007031088181,0.01199794555,-0.003865663314,-0.01213110831,0.002325820969,-0.0200689925,0.009372310211,0.007983051611
-1.211295359,0.006769355751,0.01904130968,0.009137524497,-0.005899351401,0.002706763348,-0.01892112807,0.01486003748,0.01143399239
-1.185693913,0.004443581291,0.01348073286,-0.0009116982109,-0.01909084988,0.005079894467,-0.02214502299,0.009199758946,0.01095908255
-1.195688562,0.0009537342485,0.004886857655,-0.01531148175,-0.02673805412,0.003390264579,-0.02219431487,0.009957104273,0.008275670951
-1.165734098,0.003314452887,0.009221963977,-0.006590830955,-0.008262236743,0.002068135135,-0.0247247483,0.01107799846,0.00741307965
-1.196271972,0.006116469383,0.008302901369,0.004548171051,-0.003712878503,-0.001847073164,-0.02059562486,0.0119593324,0.01072482774
-1.151071889,0.002896777656,0.01140321449,0.0003091923396,-0.02472718848,0.0005916192564,-0.01927332823,0.007232889725,0.01082641565
-1.165215714,-0.0006233361081,0.01094192029,-0.008284672981,-0.02132294782,0.002025033471,-0.02547027718,0.007082683265,0.007385077265
-1.161125415,-0.0008781722443,0.01020610936,-0.008808484331,-0.00857776065,0.003510512991,-0.02441468972,0.009811889289,0.006564190353
-1.147762257,-0.001907853711,0.001857945185,-0.005527651397,-0.01122363255,-0.001250439844,-0.02197375618,0.01137921578,0.008549163341
-1.208911811,-0.001155994161,-0.001096451555,-0.002956499187,-0.02496455084,-1.159041587e-05,-0.02230847714,0.007855440754,0.008989606588
-1.180711888,-0.0003297975472,0.006733807067,-0.003103429247,-0.01479658013,0.001281702893,-0.02487987425,0.00852781757,0.009909821724
-1.145183504,-0.003517372132,0.01019435743,-0.009515561421,-0.009819524294,-0.0004500808576,-0.02499304324,0.01065399875,0.009106014966
-1.143568334,-0.004321790259,0.003353712119,-0.009849186377,-0.02043707461,-0.0002837469931,-0.02115033393,0.009113349537,0.005317282504
-1.199544286,-0.00293535752,0.001105793427,-0.006162254762,-0.02395290583,-0.001270232725,-0.02409990207,0.01043803464,0.005792125792
-1.182156634,-0.0003484240716,2.50726224e-05,0.000492497551,-0.01391551058,0.002695352099,-0.02425275851,0.01366583133,0.009379605491
-1.160678487,0.0006810444412,0.005249652199,-0.001971339746,-0.007270339634,0.0002799687028,-0.02432491431,0.01182745004,0.008513718783
-1.132297363,-0.003686005065,0.006410952133,-0.01112827803,-0.01887334597,0.0005437650817,-0.02116266878,0.003926812179,0.007463618943
-1.181265319,-0.004194273515,0.004680860195,-0.01064820408,-0.01867784717,0.002612541817,-0.02171680142,0.007173757041,0.008165053334
-1.163015447,-0.003929416324,0.003818447094,-0.006515926288,-0.01168694683,0.000806776962,-0.02319412551,0.01135488767,0.00695412032
-1.199502589,-0.001992464499,0.003839682253,-0.0008046715637,-0.0128333071,-0.00133636929,-0.02272075223,0.009851757504,0.008152619965
-1.168031806,-0.001112644002,-5.839969751e-05,-0.006373133894,-0.02301568195,-0.001517488964,-0.02299523303,0.007421282339,0.007563536078
-1.178754733,-0.003689904381,0.006929125991,-0.007403365052,-0.01843564353,0.002384631436,-0.02301909457,0.009636706315,0.006961580697
-1.142827176,-0.01228218608,0.0001357907313,-0.007617327218,-0.01102375425,-0.001936375467,-0.02609909568,0.008431395656,0.007533504441
-1.210236368,-0.01580191058,-0.006975730143,-0.008127112002,-0.0150197367,-0.003775848756,-0.02457163734,0.00885038767,0.007404839423
-1.167671432,-0.01176221831,-0.006287682304,-0.006808035387,-0.02644684517,-0.001673725764,-0.02208910826,0.007760088077,0.008475157756
-1.228750051,-0.008688310364,-0.0007276131947,-0.003910734586,-0.01074924242,0.001002571117,-0.02572133789,0.009392893067,0.007577133712
-1.121438388,-0.010249087,-0.001455804341,-0.01201453425,-0.01535476955,-0.0007491160531,-0.02389735711,0.009736313673,0.005665809026
-1.26656698,-0.01171317683,-0.006361141855,-0.02049772706,-0.02566688542,-0.0001200231472,-0.01964765861,0.008023185303,0.007413471522
-1.094722313,-0.008664924975,-0.00470925643,-0.01007042965,-0.01415106608,8.299635508e-05,-0.02787555385,0.009011763846,0.007498154356
-1.225007736,-0.00615194378,0.003551105816,0.007662335282,-0.003797874335,-0.0004388293599,-0.02521738342,0.01358131064,0.01198714472
-0.9745700004,-0.009224334834,-0.002369583968,-3.757973936e-05,-0.01703923082,-0.0009517248892,-0.02265926343,0.007062239275,0.006492379124
-1.50612933,-0.007018108513,-0.00193537679,-0.01381815435,-0.03257858374,0.001996860126,-0.02169030634,0.001779535068,0.008840172407
0.2893231512,-0.004824592866,0.001833266784,-0.01803200771,-0.01254068042,0.0009602483505,-0.02728501462,0.01370994585,0.008373245801
4.69260261,-0.004393849399,0.001486969924,-0.001880783876,-0.003326821752,-0.0008797897603,-0.0224615335,0.01851415549,0.01054250382
4.190675296,-0.003437075922,0.002940411784,0.004127747285,-0.0261627408,0.001031382408,-0.0223873208,0.009448536393,0.01083506615
4.511444371,-0.002543075962,0.001157633905,-0.005698889216,-0.02135391019,0.002184604917,-0.01838544946,0.003130723259,0.00710133552
4.321115504,-0.003105359518,0.007753683344,-0.01789868906,-0.001238578475,0.004591311856,-0.0247322867,0.007789740967,0.007055515813
4.450031679,-0.002458465461,0.00133486034,-0.01479087453,-0.007984796765,-0.001818908763,-0.02432928664,0.01058672338,0.008063237502
4.361632696,-0.001542929175,0.003932531206,-0.000710153683,-0.02788587892,-0.002099491177,-0.02087939052,0.009317812384,0.01025757235
4.442917948,4.53359176e-05,0.0053444247,0.01066960834,-0.01954587993,-5.787750661e-05,-0.02356523819,0.01766799692,0.008318619386
4.346754626,-0.0003673834931,0.00960805648,-0.0007590744918,-0.006607993707,0.005635666196,-0.02689066852,0.01205477736,0.009834740162
4.412085442,-0.002646111984,0.00361391143,-0.01572197973,-0.01266497927,0.002701684099,-0.02143831047,0.002124759665,0.005186705668
4.433897591,-0.002031371128,-8.341072035e-05,-0.01979059667,-0.02185898821,0.0007062877398,-0.02198407208,0.00693377525,0.009530643106
4.384387129,-0.001539990276,0.006782835975,-0.002791056416,-0.006447344789,0.003066811116,-0.02014883641,0.01259164658,0.01038818494
4.409705199,-0.0009433979276,0.007359100984,0.004774048952,-0.01050243978,-0.0006825111678,-0.02230553518,0.01635691089,0.008995609316
4.384734657,-0.000824153974,0.006869404909,-0.002884247564,-0.02299014078,0.003658845955,-0.021888355,0.006371045431,0.009732477211
4.413585267,-0.0007188765841,0.00496037043,-0.01152719405,-0.01666611733,0.001736005776,-0.02538995453,0.00664246611,0.005265282465
4.405419251,-0.001499827609,0.00327835226,-0.01286776928,-0.006279388631,0.003441941029,-0.02276274281,0.01005232551,0.009880907382
4.394357626,0.0009890811739,0.008110353065,-0.007461817509,-0.007277433581,-0.00126819878,-0.02147790835,0.0121167135,0.01034055707
4.41374338,0.007469423903,0.01295393079,-0.001336866194,-0.02071806104,-0.0004724124913,-0.01897721486,0.009681850535,0.01181428843
4.348085367,0.008250255006,0.01742099022,0.003925818471,-0.01435432059,0.005763191132,-0.02298965492,0.01177189553,0.01022560453
4.400874631,0.007036245353,0.01560509389,0.001170097723,-0.009987923347,0.006078254802,-0.02086878752,0.01193889639,0.006189548621
4.374888617,0.006496437697,0.012433177,-0.008256302586,-0.01241458027,0.005011268214,-0.02020539042,0.00653439672,0.009044337563
4.388676666,0.008550057182,0.007328706987,-0.007726723823,-0.01679993114,-0.0004282670756,-0.02288508523,0.007693836062,0.008510643393
4.39444921,0.007105713029,0.01344200887,-0.001904713407,-0.0120733747,0.00187478236,-0.02520998422,0.01236938473,0.01114896093
4.376262908,0.003414204002,0.0136737346,-0.00110191392,-0.01154879258,0.00352356893,-0.0236342932,0.01691499644,0.008987278043
4.401478292,0.002345666669,0.01250790805,-0.0009542183571,-0.02032915939,0.004087654252,-0.01959946392,0.007338444576,0.00729306294
4.315984001,0.004201419054,0.00794865275,-0.004415230083,-0.01801630366,0.005861955365,-0.0214312323,0.009380457317,0.007871153484
4.515600572,0.002835008843,0.00767670411,-0.005159347602,-0.0136168064,0.001235581393,-0.0238128578,0.01099311122,0.006657640527
4.21081818,0.001882608565,0.007014413064,-0.004582005465,-0.009879426946,0.002002118441,-0.02251259271,0.008428368181,0.01071525782
4.737903974,-0.001227466538,0.009351028734,-0.005214573205,-0.01901843801,-0.001642202128,-0.02248857145,0.006502987794,0.008025483211
0.4804050883,-0.001250922551,0.009995189385,-0.00538477485,-0.01609018092,0.0009534907665,-0.02414349468,0.009150886247,0.01016387379
-1.572265739,-0.002804998978,0.004639065994,-0.006731256353,-0.01279953934,0.001359103181,-0.02282408232,0.01050686122,0.006551458462
-0.969975695,-0.0006203488122,0.001691658614,-0.006896734986,-0.01126058167,-0.0002963195475,-0.02504267443,0.008777164392,0.006323634289
-1.301253044,-0.0005846663738,0.00136834969,-0.005904519737,-0.01972360893,0.0005293598379,-0.02277899423,0.008938780429,0.008552265203
-1.060742463,-0.003833982126,0.004377064029,-0.005594884811,-0.01849149485,-0.0005772654663,-0.02598829005,0.01083935972,0.005735572509
-1.241803237,-0.003076334681,0.008030227715,-0.004964334316,-0.01574940856,0.001728978163,-0.02444526459,0.008315798225,0.00959497682
-1.171752897,-0.002856418039,0.00593009469,-0.006925193024,-0.01845711982,-0.000290224401,-0.02082662952,0.008631349978,0.008151019009
-1.177914731,-0.003343918484,0.001203148019,-0.005984929979,-0.01962117379,0.0007429219893,-0.01953521206,0.00832911124,0.006686690748
-1.201812052,-0.002818005868,0.002261001818,-0.005686952351,-0.01384857253,0.0009178300653,-0.02385831537,0.01030392176,0.008280030788
-1.177892763,-0.001857805664,0.003826786772,-0.006448874695,-0.01327170616,-0.0003765752611,-0.02426162104,0.01128512048,0.008939880954
-1.190901181,-0.002581008825,0.005197697597,-0.005261119873,-0.01688166007,0.0002474902086,-0.02489984987,0.008538077314,0.009666919927
-1.134836116,-0.004334697764,0.00385396652,-0.005044878167,-0.01561945616,0.0009969527161,-0.02355570043,0.008448405119,0.006902854368
-1.217362299,-0.003234712999,0.004362176311,-0.004879584545,-0.01568417416,0.00207112617,-0.02110099019,0.00785609521,0.008760284598
-1.169029232,-0.003135903111,0.006215302182,-0.004709323403,-0.01295333371,0.0009345384773,-0.0207930189,0.01072370761,0.006800452175
-1.180810181,-0.006417377919,0.0001281824359,-0.006201890597,-0.01678498586,-0.0009231732259,-0.02480742504,0.008437873915,0.007320233275
-1.164548529,-0.01343366493,-0.006384477423,-0.01150797619,-0.01656968353,-0.002878552643,-0.0261080126,0.009432134324,0.008421860482
-1.175395438,-0.01262892556,-0.009962148828,-0.003287435784,-0.02417208062,-0.002483609705,-0.02347904506,0.00723705942,0.008200206312
-1.192606928,-0.01087027518,0.001569763265,-0.003583420361,-0.02338894283,0.001133083501,-0.02596263119,0.01147882514,0.007184690467
-1.197311261,-0.01055257792,-0.005030957836,-0.01087333274,-0.007286492644,-0.001159112753,-0.01905971825,0.009942359195,0.006052766058
-1.190911663,-0.009119822147,-0.003092648395,-0.01612073389,-0.012138981,0.0007499569662,-0.02515775823,0.002918772045,0.006381407816
-1.177140767,-0.009234287939,-0.008915151588,-0.006492750151,-0.02131893414,-0.001912982739,-0.02715856956,0.01035942935,0.007647864511
-1.203081861,-0.00694279789,0.00304351345,-0.0003188099602,-0.01892405482,0.003033030849,-0.02259444264,0.01176731993,0.009265270924
-1.207947109,-0.00742721975,0.001413088315,-0.005318043058,-0.01001988262,0.0001079192351,-0.02332171435,0.01285913006,0.009007904139
-1.158481841,-0.009006473583,-0.003214822282,-0.0151410969,-0.01834556498,0.001839152748,-0.0243416871,0.001581325936,0.009249931909
-1.186640489,-0.005914554359,-0.006058591755,-0.01100209626,-0.01407112862,0.0006061324285,-0.02441527163,0.005041466829,0.004453043464
-1.185000563,-0.004132556477,0.004430949874,-0.005421325066,-0.008808399732,-0.001662693108,-0.02203816866,0.01038245819,0.01036522496
-1.201393204,-0.00230781361,0.008286700605,0.002771423924,-0.008355615127,0.001048044249,-0.02342014369,0.009974696472,0.007012329388
-1.193533355,-0.004102114275,0.001207923796,-0.01093961092,-0.02824944733,0.0004221505832,-0.02444589848,0.01266023194,0.01157441848
-1.171064601,-0.004484096306,0.002392552344,-0.01030478125,-0.02439382912,0.003547793605,-0.02330829388,0.01085766003,0.005720578711
-1.182612867,-0.001869338943,0.002159967313,-0.004896629944,-0.001563320045,-0.0003160103582,-0.02645258205,0.01223096706,0.009355523536
-1.154601994,-0.001217669714,0.004856881463,-0.001798970752,-0.006826238531,0.002364637812,-0.01678003752,0.006567982439,0.008495549109
-1.193063121,-0.0003158891462,0.008534850245,-0.004734904178,-0.02407990067,0.0008147304964,-0.01898348662,0.005255432796,0.009157649947
-1.183136761,-0.003084791444,0.007399637613,-0.008171997066,-0.02075410546,0.002625056476,-0.02322237171,0.007465513045,0.009249665638
-1.201143483,-0.001101387079,0.006675391258,-0.00543769939,-0.007577346942,0.002899505478,-0.02617050349,0.01674910817,0.009088114415
-1.186609104,-0.001506510061,-0.0002843326187,-0.006287258684,-0.01443932553,0.001114943362,-0.02094377956,0.01478805456,0.011047207
-1.238384902,0.0003104832381,-0.001079540891,-0.003491041702,-0.01847268278,0.001145901361,-0.02246027093,0.007758821424,0.005698517741
-1.16092844,-0.0008037827176,0.006248534663,-0.004718064041,-0.01263739655,0.001535984477,-0.02405802921,0.005999344651,0.009943581736
-1.187231608,-0.0007153879285,0.01036512348,-0.006133293703,-0.006955883116,0.002858412509,-0.02444141737,0.009905734868,0.009296027211
-1.168473358,-5.096523735e-05,0.006299855952,-0.006706407254,-0.01425187485,0.002274276029,-0.02161873116,0.01001270738,0.007748714067
-1.204392381,-0.001570910158,-0.0001640594658,-0.00823939852,-0.02249360428,0.002974688186,-0.02400271831,0.01127999508,0.00687894399
-1.196125031,0.0004106247364,0.002984746777,-0.001855597123,-0.01706680486,0.002605837203,-0.02366272492,0.01311821994,0.0104841909
-1.178976981,0.007553213533,0.0166013808,-0.0003433318364,-0.004009320879,0.003775087237,-0.02383493893,0.01286712566,0.01011957575
-1.177318294,0.008359301546,0.01488091134,-0.004274476108,-0.01301184527,0.001593722436,-0.01883651561,0.00689620193,0.009311832905
-1.187713411,0.006123308331,0.01509687127,-0.007330183539,-0.02041024256,0.00463585439,-0.02072607744,0.007702109368,0.00929626387
-1.203505786,0.007479439673,0.01303809509,-0.003118539502,-0.009012205757,0.002382608001,-0.02323946437,0.01457173284,0.007719518005
-1.196917599,0.008855456664,0.01237379443,0.001081481428,-0.009026248962,0.004161978934,-0.02155897262,0.01236873852,0.01218546384
-1.134499726,0.006167732792,0.01066719295,-0.004015494716,-0.02134823469,0.004126579893,-0.02071175718,0.009782704253,0.007700315463
-1.235385202,0.002616878688,0.01278467098,-0.006227225558,-0.01756127464,0.0037967005,-0.02138190965,0.006384762481,0.009560838295
-1.189805251,-0.0002591247414,0.01286180548,-0.005364736202,-0.006172306388,0.001333424668,-0.0214334367,0.009684074931,0.008309113029
-1.185444008,0.003008626538,0.0136639282,-0.002626220551,-0.01112453395,0.0005952823083,-0.02122997556,0.01127173706,0.01033859021
-1.169068144,0.004292148002,0.008285978789,-0.002781134588,-0.02350417871,0.000926625974,-0.02195116078,0.008853039728,0.009316561274
-1.153386865,0.002102500395,0.01064140972,-0.002495918296,-0.0161597286,0.003787161257,-0.0236396782,0.01215408784,0.005617954412
-1.152712179,0.00064142031,0.008335027395,-0.002731476017,-0.009255923371,0.0009378829542,-0.02412822859,0.01269366951,0.006683088782
-1.200096712,-0.002156140941,0.00340370046,-0.007770139452,-0.01576234655,-0.001656414919,-0.02148346094,0.008294150259,0.009424767554
-1.217589564,-0.0015365703,0.004882847385,-0.005918436298,-0.01962425886,0.003202284748,-0.0257614026,0.006826152988,0.0063041568
-1.17431682,-0.001174757482,0.005668522338,-0.004244012299,-0.01430964431,-0.0001497293625,-0.02446255455,0.01082927563,0.008675784527
-1.208547452,-6.264981667e-05,0.007994100577,-0.007073747493,-0.01581882381,0.0002857175665,-0.01987247788,0.004710874144,0.009198822755
-1.174786382,-0.0003620638996,0.001192921617,-0.005907244953,-0.01826008743,-0.0002691137039,-0.02209108668,0.006235570042,0.006713632392
-1.169295592,-0.004095037861,0.002518292435,-0.01059879244,-0.01498285769,0.001352450409,-0.0237880354,0.01341975065,0.006779348895
-1.159496933,-0.003774794521,0.001478806775,-0.0001695282495,-0.0144290451,-0.0001581282899,-0.02162069088,0.01318059774,0.006904998294
-1.15659846,-0.001117076237,0.005026061809,-0.0004225180597,-0.02577570066,0.003981381935,-0.02753297362,0.009029193693,0.008544412963
-1.17207964,-0.002962657572,0.005056618818,-0.007018902278,-0.01201382635,-0.0006232677984,-0.0206315689,0.009321369957,0.009547085905
-1.164439825,-0.002133712966,0.006104185295,-0.01895358022,-0.007996621825,-0.0002181972041,-0.02152053187,0.005681486426,0.007508457343
-1.193102606,-0.003027817554,0.0004617546201,-0.009321666141,-0.01726888543,0.0005583722653,-0.02603390627,0.009919178546,0.008412746499
-1.194361645,-0.003426770814,0.004187054544,0.002859766722,-0.02024535415,1.700615053e-05,-0.02260641105,0.0134301736,0.006264890781
-1.194741953,-0.004106365495,0.006298964385,0.003436766327,-0.01300050611,0.0004083894001,-0.02379796618,0.0116680002,0.007575965948
-1.121733342,-0.004525563241,0.002962997294,-0.01089412522,-0.01699480169,0.001861523487,-0.02490708294,0.006446378184,0.006200210016
-1.212017701,-0.004140718285,0.001810601253,-0.01577063929,-0.01905192595,0.0003446459067,-0.0226526004,0.004033471378,0.007338850925
-1.178823566,-0.01299715454,-0.004256473389,-0.009649642982,-0.01298069476,-0.002464252835,-0.02467280546,0.0112064042,0.008357556507
-1.1701155,-0.01293751948,-0.003647550457,0.003630756705,-0.01690260726,-0.002320464345,-0.02417415876,0.009832282005,0.00647771021
-1.170333912,-0.0109520568,-0.003127087914,-0.00513410415,-0.02250237319,0.0003260966498,-0.02448372356,0.01083501763,0.008592180473
-1.130242227,-0.0130893976,-0.003956414422,-0.01242166878,-0.02236776833,0.0008984437297,-0.02210925837,0.008377714637,0.005540013397
-1.199615509,-0.01028441697,-0.005926180664,-0.01589854507,-0.007498945431,-9.511961773e-05,-0.02717535158,0.00851044978,0.009092294389
-1.174139822,-0.008695049506,-0.006524573481,-0.009938556758,-0.01581686726,-0.001706734718,-0.02207416778,0.009685781508,0.01031998652
-1.157402921,-0.005919206489,0.00134296554,-0.001237883989,-0.02201035005,-0.0005814835624,-0.0221994085,0.009888728566,0.008596170844
-1.195284742,-0.007368954963,0.004286457874,-0.004873585459,-0.0148288729,0.0007677277212,-0.0242174118,0.00810489353,0.009625282969
-1.179949655,-0.009974027103,0.0008741869164,-0.01182441307,-0.0109527298,0.00250186532,-0.02487788259,0.009078694205,0.005374153223
-1.175764535,-0.007729582606,-0.005147097937,-0.01211458103,-0.0174568043,4.494081557e-05,-0.02212468405,0.01118775164,0.007958773072
-1.161273514,-0.00466399103,-0.003201803419,-0.004613816066,-0.01670587158,0.0003684247957,-0.02359019269,0.009755870043,0.008529175998
-1.153213994,-0.002231754818,0.003286643105,-7.817429163e-05,-0.01209821989,0.001269582016,-0.02389993601,0.01042732969,0.01210602562
-1.16197271,-0.00316379776,0.007444357122,-0.006012662042,-0.01599530932,0.001101348756,-0.02207925865,0.008048437539,0.009312738188
-1.155954396,-0.004843847187,0.004158684601,-0.01126371415,-0.01724322927,0.00179367702,-0.02205094338,0.008652425751,0.005704978442
-1.135613255,-0.003071547535,0.001580648945,-0.009557821952,-0.01350586809,0.00139318855,-0.02434306078,0.01128975357,0.008520022194
-1.131694267,-0.0002733490886,0.001755780388,-0.001576201874,-0.01313168716,9.469152188e-05,-0.02130879297,0.01409212128,0.009330252679
-1.194870191,0.0006636222669,0.003983537384,-0.001817308424,-0.01806811167,0.0006855863685,-0.02311785732,0.008389811786,0.009776539651
-1.166055593,-0.001352682271,0.006126882532,-0.005410724835,-0.01622591966,0.002540805769,-0.02303201099,0.007848940664,0.008388841868
-1.196665597,-0.00397554823,0.01043071377,-0.009106598132,-0.01268176281,0.002998669033,-0.0229605425,0.008566078782,0.009416588194
-1.157643064,-0.002265634107,0.003425194368,-0.008301011062,-0.01156108175,3.424094273e-05,-0.0199675208,0.01120889881,0.00811253111
-1.172454253,-0.00133212374,0.002162297178,-0.001757637351,-0.01619333014,0.0006914812511,-0.02113010216,0.00748640571,0.01093122806
-1.156116987,0.001638095561,0.003961541079,-0.005459117848,-0.01603772855,0.001497121925,-0.02327808374,0.01428392048,0.01004331594
-1.146639812,0.0009910786679,0.00518521643,-0.005636603387,-0.01223142936,0.003787438976,-0.02463748109,0.01336941187,0.008285723191
-1.19011495,-0.002354493648,0.008047739691,-0.006397976651,-0.01201018652,0.001532521527,-0.02505073099,0.007645529564,0.009343004443
-1.187306628,-0.002487471333,0.003126976077,-0.008211147573,-0.017723226,2.21961082e-05,-0.02046977754,0.007333021083,0.008266145195
-1.175276727,-0.002749101127,0.002637906108,-0.004719959831,-0.01548307696,0.003071455629,-0.02221242632,0.01050576999,0.009709088275
-1.169371106,0.005064768474,0.01007769932,-0.0009224319318,-0.01085304221,0.003144690433,-0.02458047284,0.01362074142,0.008987713033
-1.220038403,0.008702446818,0.01540340954,-0.003210302926,-0.01630853375,0.00365377234,-0.02090824306,0.01006975753,0.009456391687
-1.155984755,0.00713590981,0.01401669194,-0.006811257436,-0.01414112817,0.003142430418,-0.02062826163,0.01102484128,0.01010859336
-1.167361446,0.006843400342,0.01469477156,-0.004109653064,-0.01102174834,0.004880868149,-0.0229123838,0.009679897171,0.008451855471
-1.157426135,0.006306713786,0.01098370376,-0.002516734332,-0.01040305037,0.002482298355,-0.02192758217,0.0119188042,0.009088329801
-1.145374498,0.006015559427,0.01382642465,-0.003008237309,-0.01709934535,0.002756736873,-0.0219606886,0.01043146768,0.009514284493
-1.104953254,0.005737914978,0.0124547709,-0.0006726083767,-0.01394001022,0.003607198239,-0.02359841255,0.008977293029,0.00726483355
-1.207127596,0.001688588243,0.01120630055,-0.006239603477,-0.01049297592,0.001620919443,-0.02334653766,0.009247956632,0.008460185341
-1.099997408,0.002817453813,0.00278391027,0.0044872134,-0.008851098618,0.001595969851,-0.01968636717,0.01163987915,0.00872561678
-1.234432366,0.005194037755,0.01326147773,-0.003507784263,-0.03622460501,0.002449230395,-0.02284816885,0.01059998809,0.009537487582
-1.026711351,0.0007425218299,0.01142362379,-0.01883049479,-0.01543319951,0.002345943874,-0.02006984944,0.01145252955,0.007814734434
-1.38967406,0.000688510357,0.01115148787,-0.009923522806,0.008152849384,0.0007551945231,-0.02416792218,0.005938458447,0.007991825157
3.084664474,-0.001414609272,-0.001231667237,0.005541262677,-0.01299461025,-0.003566499706,-0.02547490986,0.005349926532,0.008856636654
4.673532077,-0.002302222287,0.0006105586274,0.004500950507,-0.04264622356,-0.001489533693,-0.01589585737,0.0092263853,0.007527579555
4.242336193,-0.0007556360718,0.009487883945,-0.005347135723,-0.01180260862,0.003297921834,-0.02716505102,0.0176375153,0.005539502114
4.440776712,-0.0005046076055,0.01020729056,-0.01603272358,0.0030467895,-0.0005409556882,-0.02782662223,0.01453988498,0.009760152145
4.339357923,-0.003803080014,0.004796477471,-0.01630947442,-0.02220042121,0.0008508201695,-0.0172215419,-0.002277505732,0.007605602358
4.45474103,-0.004743124839,-0.004717297886,-0.003457432788,-0.029210798,-0.0006688953134,-0.02070042827,0.0005824712213,0.006496299828
4.362221849,-0.002532870644,0.007750051069,0.01159958058,-0.0063176588,0.004746432402,-0.02246760146,0.01382332261,0.008145770052
4.419292478,-0.003372098391,0.009177844577,-0.005380499339,-0.00453566496,-0.0005653950642,-0.02429072528,0.0224482739,0.008325784912
4.346524002,-0.003636782912,0.0009883568012,-0.02093289454,-0.02643511709,-0.0001475723441,-0.02305364681,0.00374397151,0.008623325546
4.386572351,-0.002750615202,0.00153851681,-0.01132128261,-0.02121362928,-0.002130330899,-0.02334113062,-0.0008531784723,0.00667160227
4.369439525,-0.0005440855858,0.002887693804,-0.0001892667018,-0.009364518817,0.00066720073,-0.02163527878,0.01106991544,0.009540415854
4.355213908,-0.001319125959,0.006636748466,0.005938208886,-0.01442960942,0.001649723098,-0.02114496299,0.01791352451,0.01007982095
4.384279641,-0.005458274475,0.003863752755,-0.006925043923,-0.02534361651,0.000337787305,-0.02723306427,0.008878175222,0.006477807506
4.386855713,-0.006856815576,0.00587610474,-0.01285131129,-0.01663154468,0.004302990352,-0.02419688396,0.007371625877,0.004776234629
4.369766191,-0.002872617448,0.0008633568593,-0.01280691862,-0.00207308645,-0.0006404534061,-0.02028824431,0.009504498818,0.007545142232
4.365124936,-0.00730676747,-0.004319992476,-0.002019339381,-0.01870016215,-0.003287679254,-0.02312452854,0.00183375442,0.009892822227
4.346619542,-0.01021226551,-0.01033916128,-0.003578170694,-0.03236973126,-0.00256553436,-0.02564841717,0.01345623345,0.008058053707
4.376715894,-0.0113945661,0.004858520721,-0.01059553256,-0.01560249659,0.004245539228,-0.0267457229,0.01472397083,0.006659101636
4.376189563,-0.01236033667,-0.001447232238,-0.01388163274,-0.001664970291,-0.0008755126814,-0.02495541169,0.006276402383,0.004552890478
4.354162675,-0.01223437671,-0.009233718351,-0.01301209367,-0.02199443367,-0.004684193976,-0.02053283678,-0.003496979657,0.007736178213
4.324286427,-0.008704210234,-0.01342705706,-0.0004348570089,-0.0283143231,-0.001499798916,-0.02285147564,0.01028035012,0.009269110611
4.349152355,-0.007861209784,0.00271496466,0.001959212083,-0.01076803999,0.004041754675,-0.02651649463,0.01881777587,0.009797640452
4.357227275,-0.003499739178,0.007017544299,-0.01094988669,-0.006189003821,0.002691223151,-0.0242194619,0.01276434876,0.00781140635
4.441313685,-0.009541069744,-0.0009478680455,-0.01918208574,-0.02929129237,-0.001482442651,-0.01923564593,-0.001315114227,0.006986822272
4.337058746,-0.009343819564,-0.007939330693,-0.007370252631,-0.01551964472,-0.001224675716,-0.02464824484,0.002430015569,0.007400333975
4.442772673,-0.005657226899,-0.001610972527,0.002729326159,-0.004355186355,-0.001206500125,-0.02185968974,0.01567443647,0.01125545622
4.206346928,-0.002218983458,0.002915117677,-0.00700684169,-0.01397463931,0.0005890366401,-0.01952960948,0.02047032294,0.009278374758
4.738265909,-0.003301052517,0.005225441291,-0.01376709395,-0.02394615768,0.001706269932,-0.02486319462,0.01119330885,0.007754485487
3.158014612,-0.002827006027,0.003895829479,-0.006552845698,-0.01474554689,0.004665044972,-0.026978783,-0.000809132704,0.008413600663
-1.392154406,-0.0042764276,0.002865054201,-0.002083045209,-0.007390037177,-0.0007545121322,-0.02041393499,0.006922972378,0.009359063212
-1.063886239,-0.001669034928,0.003784306648,-0.004503876894,-0.01552015796,0.0007782451696,-0.01970425682,0.007530001909,0.009121968704
-1.250961931,-0.0015921336,0.006206875053,-0.007968524277,-0.01875913658,0.001206179803,-0.02459010564,0.01491207369,0.00963217118
-1.109507793,-0.0008626609682,0.007630510852,-0.01132875389,-0.0114240256,0.003784414461,-0.02542962115,0.01303077596,0.008480258879
-1.20600835,4.045704558e-05,0.004169753297,-0.00435334406,-0.008234448499,3.867188639e-05,-0.02104467326,0.007319690729,0.009815400852
-1.150538954,-0.001847737775,0.0009015296079,-0.001435007594,-0.02294561013,0.001273459782,-0.02343511092,0.006167436174,0.00948704198
-1.231232234,-0.00187406245,0.005705794122,-0.002610149884,-0.01762056496,0.004555803139,-0.02221037302,0.01783481751,0.009234712835
-1.13827986,-0.0005287279544,0.007990011177,-0.006556654138,-0.009756628562,0.003447835226,-0.02281348932,0.01514109501,0.00718038841
-1.167301309,-0.0007740077885,0.006524441429,-0.00834807843,-0.008892154374,0.001200197638,-0.0213638895,0.003441777497,0.01005510605
-1.23790334,-0.001925661596,-0.0008948293281,-0.008081139679,-0.02038619612,0.0002155272441,-0.01822471672,0.002566662725,0.008820255679
-1.200788083,-0.00114257663,0.005290101994,-0.004777513896,-0.0181333877,0.003749394669,-0.02322522837,0.01049799569,0.0106630187
-1.172086135,0.0005317762627,0.005083771801,0.0003386590294,-0.007803125883,0.003220751299,-0.02648508719,0.01820946806,0.008894350981
-1.176227378,0.00030978991,0.01147074477,-0.006868112071,-0.01452809736,0.0006646440019,-0.01968050746,0.01043721641,0.007984625693
-1.166073818,0.006463630709,0.01066070498,-0.008085962656,-0.01709265684,0.002021685858,-0.01981405371,0.005295768295,0.00928486329
-1.219172016,0.008172919639,0.01329175506,-0.002253845164,-0.0144563342,0.005394150626,-0.02479668039,0.004934623435,0.00854199526
-1.204591253,0.00866933603,0.01070295355,-0.0017310266,-0.01309616035,0.005582602051,-0.02283179223,0.01900476817,0.01303137666
-1.20496616,0.0053003007,0.01733923902,-0.004007882137,-0.01971167659,0.002691703689,-0.01827120561,0.01667287636,0.009272741482
-1.178526689,0.006869525459,0.01478515673,-0.004890159508,-0.004071641008,0.004923004792,-0.02391879772,0.01057412109,0.009131280667
-1.18690517,0.004313314754,0.009798994206,-0.008587932397,-0.009468111793,0.002377015334,-0.02087530608,0.004434604794,0.009131001063
-1.158218153,0.002663965814,0.007614528502,-0.002491318634,-0.01704054067,0.002387770235,-0.02333307334,0.009017382344,0.007280114376
-1.186861012,0.001975478227,0.008626410119,0.0002427267647,-0.01881620834,0.0007353487736,-0.02169203274,0.01590317656,0.008445939792
-1.217449526,0.007736130145,0.01630178427,-0.002669673212,-0.01003231024,0.003600927872,-0.02175312312,0.01477453358,0.009065247398
-1.212802505,0.003951359467,0.01009138382,-0.009225291646,-0.01603003415,0.00129232641,-0.02331347163,0.007290302497,0.0104621888
-1.184237639,0.0007675673893,0.006891724717,-0.004866873605,-0.01504104048,0.002131628592,-0.02271105251,0.0006277701567,0.007604928798
-1.197212675,-0.00129313976,0.008392590959,-0.001125335503,-0.007364889352,0.0007863073678,-0.02248987176,0.009662688642,0.009420734022
-1.188762909,0.0002074010065,0.009543462698,-0.0008257018304,-0.02354518532,0.0003301130442,-0.02100311576,0.01345249727,0.009038789648
-1.184220475,1.017666285e-05,0.005173955684,-0.004206852453,-0.03099603242,0.001006429951,-0.02398196733,0.008809078388,0.008151908451
-1.159019984,-0.0001694766713,-0.002205780072,-0.01236326105,-0.01560942229,0.000511897639,-0.02715651987,0.01003400254,0.00810515533
-1.182947174,-0.001024874592,0.005808242727,-0.01035794716,-0.003005395115,0.000670999419,-0.02305957539,0.0116775179,0.00601128325
-1.15762097,-0.003865625496,0.006908564525,-0.005950863923,-0.009577617407,0.001452046606,-0.02219430352,0.005546970251,0.007005043652
-1.136447338,-0.003731192061,0.004873206381,-0.004036764074,-0.02506604142,0.0003295771862,-0.02115715171,0.006790858393,0.009390845356
-1.191644828,-0.002910544561,0.004514876748,-0.002672344127,-0.02459868455,0.001798886175,-0.02474327294,0.01315674648,0.006964512827
-1.183522484,-0.003083966313,0.003297832716,-0.006596601652,-0.008115994644,0.002209261262,-0.02589960436,0.01812791253,0.006380624863
-1.19499194,-0.001627472363,-0.0006920946871,-0.003773084164,-0.008549147524,0.002381042812,-0.02082895548,0.006851766639,0.007325065777
-1.209981798,-0.002626535044,0.004250598683,-0.007815197047,-0.01751852829,-0.0007480222817,-0.02093647758,-0.003393628902,0.007922603475
-1.190029783,-0.002418038966,0.007794649029,-0.001959177309,-0.01950668537,0.0009853468327,-0.02239071494,0.00153250216,0.007698634591
-1.170398726,-0.004662931967,0.01066082956,-0.00179559415,-0.006168224005,9.06364328e-06,-0.024925994,0.02111947677,0.009376886548
-1.176577701,-0.006086353663,0.0002361082619,-0.006075405135,-0.01959919711,0.001087368722,-0.02447971037,0.01593868318,0.007132075363
-1.205796461,-0.003315676978,-0.00326678206,-0.01207902354,-0.02519407796,-0.0002101341607,-0.02097521259,0.007058698854,0.005129768574
-1.183986802,-0.005533542916,-0.0007856061012,-0.008456331661,-0.01442584483,0.001315686152,-0.02342550855,0.005497240549,0.007367300308
-1.191837664,-0.01301046871,0.001025419539,-0.005063336396,-0.01116269497,0.001085784386,-0.0245090124,0.009162825519,0.009755149552
-1.221755049,-0.01366134995,-0.002548802561,-0.00455710635,-0.02647541238,-0.003262887286,-0.02417469694,0.01042225034,0.006992597628
-1.185819594,-0.01241951112,-0.003526361274,-0.009998502414,-0.0216678206,-0.0004385152535,-0.02390866519,0.005320486981,0.006808538239
-1.196963447,-0.01154858553,-0.01065554264,-0.01377243344,-0.0040395903,-0.003266729695,-0.02574435172,0.008559110899,0.0065065848
-1.177649504,-0.009629973189,-0.004181348492,-0.01277151738,-0.01386754595,-0.001035427982,-0.02238821117,0.006660468022,0.009673837583
-1.171995231,-0.009547376165,-0.0009567867597,-0.007238961644,-0.02274916627,0.001179869406,-0.02436928079,0.008741017814,0.007633610155
-1.208038567,-0.007294809606,0.002279474539,-0.004610992829,-0.01639435357,0.001633197763,-0.02521480193,0.009703581158,0.00796649245
-1.171179756,-0.008579606283,-0.0005796967467,-0.005461370429,-0.008760716136,-0.00124409815,-0.02205039047,0.008931522346,0.00777794831
-1.161862518,-0.009950684326,-0.007688290048,-0.01498563912,-0.01930827982,-0.001301206812,-0.02251934151,0.006754927297,0.007952123871
-1.14173145,-0.004733418854,-0.001602547582,-0.00710373731,-0.01793048773,0.0007231593139,-0.02446891784,0.01096235405,0.008351294509
-1.220142263,-0.003351412922,0.00396758103,0.003989162972,-0.009615769962,0.002565651604,-0.02470085438,0.01498774645,0.01006063135
-1.228801523,-0.005133009105,0.01192758832,0.0003489103491,-0.02016530766,0.002545573669,-0.02224203913,0.01071831522,0.006904354078
-1.181684731,-0.004040046405,-0.0002574732008,-0.01448799668,-0.01958485278,-0.0006817555626,-0.02054266681,0.006678827639,0.006517749301
-1.211658776,-0.002989568671,-0.0006918688072,-0.006065296965,-0.01862734525,0.001045773419,-0.02253131099,0.007069707085,0.009499303811
-1.186350185,-4.458918323e-05,0.004556485019,-8.555520855e-05,-0.008897136643,0.004718946468,-0.02442303211,0.01551631945,0.008244529302
-1.191813344,0.0002315246786,0.005024633652,-0.002503176589,-0.007684485929,0.002594657771,-0.02000245747,0.01125804328,0.008844926426
-1.211198867,0.0004818671824,0.005619311288,-0.01286343453,-0.01598765725,0.0001788474289,-0.02190515317,-0.0024810265,0.008334626678
-1.189751157,-0.005392059743,0.00416656332,-0.006634364591,-0.01716686845,-0.0007574856045,-0.02231970767,0.008128215329,0.008164467841
-1.167988008,-0.002206429209,0.008320572607,-0.002020516685,-0.006536248042,0.003015267111,-0.02391885804,0.02139937246,0.009711049241
-1.172385213,-0.0001160823902,0.004996820009,-0.002594892976,-0.01515948229,0.0007785718575,-0.02194133212,0.01417048254,0.01125135584
-1.149554352,0.001045111918,0.002628818509,-0.007738103601,-0.02206734667,0.003932038298,-0.02431457592,0.003650431774,0.005488563897
-1.170806629,-0.002190103678,0.006674819419,-0.005822232238,-0.01145117029,0.004427899004,-0.02389315752,0.00704822598,0.006805222182
-1.20914975,-0.002885212475,0.005936803671,-0.006191539097,-0.007073228045,0.0003387286826,-0.02175199879,0.01519537445,0.0100356114
-1.135045041,-0.002102543998,0.004155440841,-0.005585385674,-0.02032523791,-0.001674684157,-0.02093135678,0.01071828706,0.008992356715
-1.152015836,-0.0009978618908,0.005586031669,-0.007444533471,-0.01997931254,0.002300951398,-0.02332472426,0.01164826578,0.00959107461
-1.161716042,-5.187547006e-06,0.007193112279,-0.002799831848,-0.01076505159,0.005085691156,-0.02067582935,0.005933845567,0.00745932666
-1.17530886,0.0061895828,0.009512692332,-0.004772859589,-0.008162334108,0.00386728359,-0.01990384213,0.00521479138,0.008404448305
-1.14586167,0.007163232707,0.01434758673,-0.004931727942,-0.01474073296,0.002013157547,-0.01965894191,0.009577392546,0.008323847666
-1.178958511,0.007153864957,0.01585775493,-6.260629975e-05,-0.009771795562,0.00195339227,-0.02351982109,0.01749804176,0.01199553356
-1.181561239,0.006217294971,0.01510048366,0.001954659164,-0.009606977559,0.003355561741,-0.0232757933,0.01394546404,0.009937413363
-1.129419293,0.006574947386,0.01509662609,-0.005821919905,-0.02016800768,0.003819872346,-0.01979235037,0.008050662793,0.008835387057
-1.161374714,0.004884199106,0.01236408804,-0.009490693363,-0.01557751365,0.005303279697,-0.02078927439,0.008567793934,0.00758877019
-1.183079646,0.005108761709,0.01115830767,-0.003597309797,-0.005935193853,0.002729836405,-0.02336587812,0.01198851107,0.007956045658
-1.170684824,0.001758242304,0.009421633162,0.002178035319,-0.01156466122,0.0007057632318,-0.02135783621,0.01108283478,0.009843756705
-1.112404285,0.003100860151,0.009759790522,0.0009283527421,-0.02138577569,-0.0002423277095,-0.02118923064,0.01031881965,0.008258696636
-1.207401653,0.005127620629,0.01106975713,-0.00318174412,-0.01771288409,0.002620564451,-0.02474196173,0.00835767457,0.008523882447
-1.173563625,0.003671929594,0.01052287529,-0.006932417098,-0.01028120937,0.002628882143,-0.02444633557,0.01003572241,0.007334725368
-1.162673373,0.0005270750096,0.005940701786,-0.007206147275,-0.01722589461,0.0006433805869,-0.02105251589,0.009075562545,0.006418855858
-1.181572216,0.000286398543,0.005665619104,-0.001113144311,-0.01611597837,0.0003108992684,-0.02273268324,0.006283570859,0.006889782543
-1.16049155,-0.001715336461,0.008083758852,-0.002437659417,-0.01355572449,0.001567921956,-0.02403278828,0.01006984461,0.009657571491
-1.137658768,-0.001140986974,0.005400523139,-0.003367886511,-0.01355667535,0.001730369342,-0.02330257823,0.01031664695,0.008846190175
-1.161518227,-0.0006548165225,0.004048190703,-0.01142393674,-0.0204039963,-0.0001386481655,-0.02297488934,0.008291688245,0.005995304083
-1.131049761,-0.003888401417,0.001868729423,-0.01142385122,-0.0164067962,-0.001186217949,-0.0211148536,0.01074659297,0.00791666754
-1.122080998,-0.00371870349,0.003083038849,-0.003097252056,-0.01337126946,-0.0004180876942,-0.02516090969,0.01041298442,0.007391968932
-1.199451454,-0.003839308505,0.006332113554,0.0008568830878,-0.01820095206,0.0001249631744,-0.02304415059,0.00924523628,0.009261929569
-1.171895748,-0.003230276705,0.006304642021,-0.007115955637,-0.02213445628,0.000630018696,-0.0214369622,0.007623185925,0.007668123173
-1.181076709,-0.004436061892,0.003695119026,-0.009411994721,-0.01368660924,0.001750298776,-0.02571321819,0.00824454588,0.007800478311
-1.176142144,-0.003548231231,0.0008498742996,-0.007161224768,-0.01115041666,0.0001289585546,-0.02372845089,0.00991273771,0.009604830735
-1.162899332,-0.002485082145,0.002117719136,-0.003932134027,-0.01985947926,-0.002026314741,-0.02014334638,0.00844896877,0.008713114045
-1.167931721,-0.003059288829,0.005533927512,-0.005723954865,-0.01968092047,0.0006687370929,-0.02329048404,0.01018030795,0.006904113895
-1.151773307,-0.005042322296,0.009025735568,-0.007940224269,-0.01127184025,0.002429222845,-0.02528710307,0.01045577558,0.008467940289
-1.182264723,-0.005210585116,0.006099752393,-0.01088895626,-0.01134808786,0.001042557072,-0.02397702587,0.00897465966,0.008377027515
-1.133580535,-0.003231643192,-0.0009441932211,-0.005454439218,-0.02080880544,-0.001953822631,-0.01970711874,0.008554616751,0.006456330135
-1.195510225,-0.008734822923,-0.005678917657,-0.004604511507,-0.02006403707,-0.0005138539482,-0.02653914421,0.009653119712,0.007963282602
-1.187920741,-0.01144011986,-0.003461557496,-0.005169862443,-0.0135967089,-0.002096559951,-0.02486050785,0.01340946649,0.006886039702
-1.151591958,-0.01058458957,0.001304548631,-0.01512252906,-0.0182028199,-0.0003313012107,-0.02396133339,0.006261677395,0.006546962135
-1.188419449,-0.01196717736,-0.01134947019,-0.009620636599,-0.02083315381,-0.003257497716,-0.02100317308,0.004553184512,0.006999300907
-1.152423135,-0.01011370959,-0.001674625806,0.0002294773057,-0.02736781007,0.0004165806533,-0.02551644337,0.005827957535,0.00880550832
-1.183634375,-0.007768179934,-0.003373925688,-0.005107894026,-0.00341669954,-0.001451925536,-0.02316996604,0.01505946569,0.008942261671
-1.181626993,-0.005517676279,-0.001196183183,-0.01800974977,-0.008746041921,-0.001217958595,-0.02298525265,0.004828365984,0.007688659493
-1.114061894,-0.005831386818,-0.005115793848,-0.01503030712,-0.02166159566,-9.291633422e-05,-0.02666476211,0.004318246752,0.008317760129
-1.173595349,-0.009572330448,-0.002316571467,0.003453361266,-0.02423416649,0.002354212201,-0.02414654727,0.01347819002,0.007931752803
-1.190382712,-0.005994314682,0.003446583825,0.003202623774,-0.00281525678,0.002964550255,-0.02107219619,0.01857406754,0.007069403194
-1.121803649,-0.005420474203,-0.001587615923,-0.01053031319,-0.01599335206,0.0002357963145,-0.02309511891,0.005898552982,0.008106731512
-1.177403201,-0.005017766549,-0.0007280986289,-0.0180198543,-0.02616971826,0.0009699443768,-0.0235520728,-0.0005036026775,0.006543016972
-0.8164915504,-0.002758158904,0.001624074827,-0.006632808354,-0.007589038871,0.0003687445284,-0.02220385925,0.01276636185,0.009554776144
3.986402255,-0.001995085324,0.008335156141,0.008397180461,-0.007688856557,0.0004799698472,-0.02308123946,0.01485373546,0.01012683007
4.45027697,-0.003192987315,0.001083182149,-0.007769402911,-0.02823161462,0.0007928044108,-0.02071845391,0.009802860833,0.008458068105
4.372977548,-0.003054290914,0.0006307113669,-0.02360895835,-0.02426185947,0.002421998896,-0.02283983027,0.004909401551,0.006192740479
4.368568571,-0.0005370797542,0.007952824834,0.002268347712,0.00637383171,0.002044935692,-0.02875636639,0.009757439996,0.008127740611
4.350554644,-0.0007719921808,0.003312353472,0.006278554293,-0.008685434843,-0.001791307403,-0.02282886973,0.01246833375,0.01062243283
4.438730428,-0.001020148626,0.005717111523,0.001382233586,-0.03831921687,0.002186337574,-0.01341758298,0.009648175183,0.01134973354
4.319570964,-0.001329840834,0.005251426013,-0.01670902672,-0.01854362945,0.003897218423,-0.03081026308,0.009531639902,0.006015989662
4.360958831,-0.002993634929,0.01351909717,-0.01257236299,0.006541311257,0.006045390421,-0.02241411943,0.0169267425,0.01143411435
4.425829379,-0.002190095683,0.003246290619,-0.01061150651,-0.006978233243,-0.0003877747537,-0.01625765972,0.00792056949,0.007988943947
4.402149931,-0.002160224652,-0.002210801313,0.003020576478,-0.03136488835,0.0003216761248,-0.01822947033,-0.0007695959235,0.01068119139
4.398011787,-0.0003478513477,0.004249037247,0.003094639397,-0.01734864801,0.003329028852,-0.02736050641,0.01312145469,0.008070576673
4.385476528,0.0005753602275,0.01308916008,-0.01006212713,-0.003334769419,0.001556545489,-0.02216324845,0.02270028977,0.0107382568
4.363081569,-0.001150157287,0.003619193459,-0.01917691475,-0.01219526654,0.001404476627,-0.02382662931,0.005345977985,0.007706392814
4.396856645,0.002512592103,0.000199893289,-0.004402431739,-0.02967533321,-0.0007861783563,-0.01886031307,-0.002418551374,0.008095778693
4.382308402,0.009163930447,0.01672358899,0.004657294996,-0.00941374994,0.008360898158,-0.0224738579,0.01455571605,0.01357909023
4.353130145,0.008339643611,0.01892439581,0.009610039988,0.002409015553,0.003799200104,-0.02053161898,0.01895571955,0.01054469831
4.411837291,0.007193398887,0.01666641431,-0.0116453599,-0.01236396785,0.0042542533,-0.02499744853,0.008384812949,0.01005443369
4.393998277,0.002733552805,0.009945304844,-0.01541377829,-0.02827617743,0.002333417401,-0.01883822477,0.005886399244,0.007052089039
4.368419195,0.007474248605,0.01154998584,-0.0009131931428,-0.005201411467,0.002118775354,-0.02390563856,0.01299084246,0.008257871282
4.390426187,0.008574956749,0.0108977176,0.01030399511,-0.004203909591,-0.000179507326,-0.02055809766,0.01167941104,0.01155337056
4.347929047,0.00314132233,0.008875871201,-0.003100480548,-0.02565630399,0.001626988345,-0.01943531094,0.0116676673,0.006901652159
4.380544117,0.001814014893,0.01557778753,-0.01119951223,-0.02036271423,0.005010582866,-0.02360938342,0.008435078482,0.008382472688
4.383163492,0.003598698649,0.01223822404,-0.007673411373,-0.001490425142,0.00240173752,-0.02471797697,0.006534838844,0.009409495893
4.444218787,0.000769392599,0.006321640219,-0.001060393294,-0.01010110427,-0.0008830643006,-0.01941512929,0.006846043874,0.01015838369
4.260002232,0.002500233203,0.0008386838138,-0.0004428330732,-0.03069542145,0.0006279112444,-0.02037758374,0.01092814012,0.008977217327
4.549350951,0.0009085487767,0.00954240142,-0.0004757417833,-0.01855928177,0.002902637994,-0.02561666382,0.01309807587,0.007197174
4.175320006,0.0009430447981,0.01264890792,-0.008533034166,-0.005180968709,0.002488293201,-0.02633690749,0.01296591159,0.006297747995
4.843211518,-0.002691362308,0.003937533891,-0.01086345183,-0.01536689702,-0.003445301385,-0.01936486454,0.005837460157,0.0079746593
1.858386973,-0.002958267215,-0.0002521561517,-0.007554043856,-0.02146058713,-0.000656944633,-0.0245993316,0.002157482892,0.009469759948
-1.663737392,-0.001888164509,0.004292915221,0.0002437386691,-0.01662849208,0.00283906819,-0.02569638601,0.01492636577,0.007472417388
-0.9116650794,-0.001876447698,0.006770192979,-0.003894030349,-0.01159595233,0.00254478132,-0.02237008273,0.01914427603,0.007412913435
-1.297516842,-0.004408308846,0.01198160706,-0.008271339036,-0.01832443619,0.001538992591,-0.02125918201,0.004440112128,0.006538141382
-1.081189787,-0.003644522433,-0.003602946237,-0.01210913465,-0.01837331571,-0.001168627569,-0.02290093286,-0.0002981232588,0.005563392782
-1.238193334,-0.003610345376,0.0003361382361,0.002882831905,-0.02209750357,0.0009403642249,-0.02322387652,0.01025737724,0.01033575554
-1.165235445,-0.002142751029,0.009630894189,0.001984046051,-0.01171793352,-0.001625310869,-0.02439274195,0.01813376764,0.008298557394
-1.205275616,-0.002628239167,0.006705251038,-0.0126201167,-0.009839129921,-0.001390152221,-0.01753633269,0.01040223142,0.007817878995
-1.139387382,-0.003881296651,0.003925415887,-0.01669072399,-0.02083140286,0.0005071574714,-0.02604725662,0.002181982795,0.006207235506
-1.185076688,-0.006306469814,-0.0002306814528,-0.002919851968,-0.02215223278,0.002620015678,-0.02390634504,0.007819789746,0.008922215638
-1.162805502,-0.003957854517,0.004501133352,0.005213457406,-0.008999618114,0.003349482608,-0.02180322577,0.01551056484,0.006663534786
-1.173977264,-0.003725451801,0.00541787408,-0.004163674395,-0.01229599691,-0.002466690805,-0.01954327966,0.01604088168,0.008089330634
-1.187737036,-0.007213107015,-0.0004149278943,-0.01740963954,-0.0222425282,0.000925992089,-0.02599402768,0.001279383032,0.007156668183
-1.171728314,-0.01300752778,-0.008135098246,-0.0131542278,-0.01781305019,-0.003599585524,-0.02680451746,0.002495437265,0.008277969072
-1.208839747,-0.01081786018,-0.006439956671,-0.003443012756,-0.01410220264,-0.0003161898944,-0.02189729084,0.009895279878,0.009413541714
-1.202246212,-0.009555447676,-0.004338199225,0.0005162582366,-0.01774267708,-0.0002416094422,-0.02110469417,0.01298591143,0.006459725272
-1.139506667,-0.01051308356,-0.001770318018,-0.01232325712,-0.02352008053,0.001013704274,-0.02372942021,0.01024825715,0.006306404237
-1.209382348,-0.01071541313,-0.000940127364,-0.01380717774,-0.01493652579,0.0002733739723,-0.02648795231,0.001575085355,0.008229787757
-1.171376445,-0.008386855712,-0.005166588405,-0.009378145306,-0.01017952691,-0.002858380163,-0.02568127411,0.006003729717,0.007274870166
-1.165060905,-0.005151711397,-0.001414392905,-0.001975306434,-0.01813756109,0.001506408921,-0.02163482352,0.008562379833,0.01025023437
-1.184559895,-0.007705425422,-0.002643105292,-0.00551110291,-0.02242745322,0.0001584671598,-0.02563181019,0.01556818718,0.006345282422
-1.212213427,-0.008713861121,0.004137109294,-0.01027807275,-0.01440599129,3.334187496e-06,-0.02407605296,0.01003126981,0.008383769109
-1.179939039,-0.005603122668,0.004082686745,-0.009824015145,-0.00746115661,0.0004074565571,-0.02316665237,0.00786092913,0.006846923143
-1.174490464,-0.004612961738,-0.002052389553,-0.006563233595,-0.01877430814,0.0004641528997,-0.02141565489,0.005914069307,0.00777216047
-1.193028928,-0.002106740671,-0.0009326835061,-0.0014345352,-0.01954022268,0.003045553568,-0.02351062066,0.01114450751,0.008526977409
-1.17931672,-0.003296590278,0.004110053288,-0.004761645922,-0.01270138467,-0.0005705581866,-0.02604382695,0.01302261214,0.008906529409
-1.156309596,-0.003569684157,0.006305740342,-0.006343786399,-0.01121853164,0.002769553204,-0.02228332593,0.009356669978,0.007329967521
-1.186868673,-0.004757162621,0.003941742285,-0.01103562729,-0.02016934758,-0.0004656861982,-0.022486006,0.003484572761,0.006575447085
-1.19606906,-0.00276616485,0.001830908563,-0.0007742551954,-0.01198160329,0.003172322096,-0.02404262364,0.008875464977,0.008008174006
-1.167687054,0.0002081941744,0.005498938454,0.00385208331,-0.01530181493,0.000293512898,-0.02413511737,0.01414655667,0.009442434492
-1.190822132,-0.001349664997,0.005289263078,-0.005330672462,-0.01921695409,0.001210449462,-0.02089471324,0.01150403716,0.01032746799
-1.163853367,-0.001684630537,0.001718493669,-0.01544304853,-0.01434101284,0.0007160446889,-0.02214012412,0.008185703633,0.007750352627
-1.155461397,-0.0016722653,0.007092760621,-0.0131809926,-0.008092389264,0.0031392566,-0.02469913059,0.008602761056,0.008123449567
-1.19277466,-0.00144375954,0.005072529844,-0.0009674146148,-0.009832374237,0.001801454967,-0.02047724997,0.01130120876,0.009196697513
-1.178029041,-0.0002605416241,0.00592815375,0.00260833785,-0.02150440229,0.002313973179,-0.0202315187,0.01145471577,0.01012251721
-1.200968689,-0.001121445406,0.00644575315,-0.005659603518,-0.02312286242,0.001549484759,-0.02260231327,0.01270252527,0.008223194957
-1.155460181,-0.0007623932396,0.005545497185,-0.01192118429,-0.0113507773,0.002740615571,-0.02398290569,0.0119791156,0.007569385611
-1.15622249,-0.0004231479835,0.003621773742,-0.01209781969,-0.007522584256,0.001321562161,-0.02173339266,0.009089713508,0.009577203917
-1.188018555,-0.0002120581438,0.00447350355,-0.002847618633,-0.01280773221,0.001495777863,-0.01982578397,0.003806434732,0.0100766915
-1.200240505,0.005535525074,0.01606655969,0.002253860531,-0.01582556595,0.003597874837,-0.02058201984,0.008630543972,0.01054672861
-1.160583099,0.009418180042,0.01815826966,-3.679651786e-05,-0.01381660774,0.003488331081,-0.0234436385,0.01466489634,0.009905757351
-1.235686503,0.008268482084,0.01488559617,-0.007002040088,-0.01406762222,0.003506705641,-0.02421110449,0.01222714797,0.008607974819
-1.17285996,0.006708700589,0.006853044071,-0.008022652804,-0.01285094227,0.003106372993,-0.02108963296,0.01269945984,0.008781915447
-1.158627785,0.006368277285,0.01474574708,-0.001977235199,-0.008784082387,0.004291128141,-0.01959386875,0.009091472939,0.008112617623
-1.157302354,0.006947856078,0.01579131829,0.001614242355,-0.009079696563,0.003155520117,-0.02386625532,0.01008339947,0.009980459231
-1.157871216,0.003213927486,0.01315720547,-0.002933961064,-0.01847797501,0.002749410051,-0.02300507394,0.007485049685,0.01016062882
-1.198342422,0.001272115808,0.008654190244,-0.006256142139,-0.0180784213,0.0009030029183,-0.02391449932,0.009782388874,0.006608078082
-1.181910868,0.00436728563,0.009071766119,-0.007705018839,-0.01121284737,0.001100702889,-0.02296058222,0.01052408925,0.008693414627
-1.198871052,0.005196385999,0.001025555691,0.002473144959,-0.01751353341,-0.0006402531325,-0.02303795094,0.01092484701,0.008224508976
-1.159598419,0.00114840817,0.01631358824,-0.001250549288,-0.02536099595,0.0009948264579,-0.02291318007,0.007602374106,0.008088582297
-1.187851176,-0.001580641603,0.009787694047,-0.006623694559,-0.003428077303,0.003255955437,-0.02081042145,0.009159960235,0.007938396987
-1.17691441,-0.001807518812,0.006694354383,-0.01196185256,-0.009393032831,-0.0007770017909,-0.02263085266,0.003837697729,0.009844820269
-1.18970497,-0.002286977901,-0.001391158167,-0.01031148621,-0.02143280995,-0.001018797568,-0.02484094278,0.009489762025,0.006581852199
-1.158420276,-0.0002202594033,0.003328819582,-0.002893998194,-0.01867818066,-0.001041614844,-0.01995091048,0.01055105772,0.007564496218
-1.151503169,-0.0001887370749,0.009117759198,0.002365573145,-0.004715913517,0.004891310019,-0.02659212205,0.01448572099,0.008079646105
-1.177726957,-0.005573395287,0.006503113373,-0.006681986582,-0.02300714618,0.001655776731,-0.02377688102,0.006941734893,0.007370866322
-1.209928145,-0.005393419915,0.002208383875,-0.01228169968,-0.02524313091,-0.002192581676,-0.02380711402,0.001870430155,0.005141859698
-1.165407545,-0.002746718796,0.005166642629,-0.006021110579,-0.006771979752,-0.002212667369,-0.02267414542,0.0127351051,0.01077222328
-1.15964184,-0.0005073575146,0.001981507629,-0.002178196023,-0.00979928308,0.0004370919285,-0.02289397382,0.01580280251,0.007936824545
-1.129394928,-0.00149185383,0.006004164494,-0.005925307654,-0.02888496505,0.0001068197925,-0.02108150303,0.01057843005,0.008302396437
-1.183281672,-0.00405467506,0.003582387501,-0.004090790838,-0.02222220925,0.003978775698,-0.02502415844,0.005024631562,0.005184910437
-1.156702258,-0.003868727424,0.004416028946,-0.004550045217,-0.007830587483,0.001587298202,-0.02349288374,0.01097587624,0.007965585041
-1.153371362,-0.004285645289,0.001945166119,-0.0111960284,-0.01528370903,-0.001913511237,-0.02209655922,0.009116165951,0.008117342852
-1.205736935,-0.002538976548,0.003197792729,-0.008522708412,-0.01963325535,-0.003467929009,-0.02132856327,0.008158097954,0.01012069385
-1.142137789,-0.000766202509,0.006051932601,-0.003356775052,-0.01294402111,0.001697331902,-0.02436435641,0.008266909003,0.009240357349
-1.167849292,-0.006535941159,0.005148179133,-0.004869435371,-0.01350043619,0.004712472413,-0.02280003241,0.01177389806,0.005115618909
-1.152938806,-0.0125841878,-0.008747765796,-0.01142206626,-0.02277049542,0.0001837451188,-0.02569885277,0.006473268929,0.003665824049
-1.171783565,-0.01400695348,-0.008767697953,-0.009921733438,-0.01603875451,-0.00169770057,-0.02550384169,0.007411088714,0.007487605453
-1.17185171,-0.0117263252,-0.005874047363,-0.006997555047,-0.01215947088,-0.003131629115,-0.02472957512,0.009928247571,0.01035559705
-1.203447969,-0.008228727088,-0.001444565022,-0.007346052693,-0.01531778531,-0.002155259017,-0.02343012145,0.005103442925,0.008168536949
-1.153086928,-0.009252913142,-0.005368538447,-0.009056021827,-0.0239918808,-0.0007371176941,-0.02268378338,0.005865093558,0.005903304789
-1.164871288,-0.00937873974,-0.0001958472608,-0.008089964305,-0.01612637241,0.0002644038717,-0.02605631469,0.01221882574,0.00658124422
-1.194033321,-0.007326606489,-0.003363257639,-0.006169105855,-0.01393259096,0.0005609809799,-0.02435318876,0.01389280182,0.008773927958
-1.179108653,-0.007157962077,-0.002481035783,-0.005810922751,-0.01938154611,-0.001300904876,-0.02491217262,0.006857454797,0.01045751016
-1.150414555,-0.009282204757,-0.002861240704,-0.007330294426,-0.02046805399,-0.0007720053961,-0.02470519678,0.009048630786,0.009766560059
-1.193399236,-0.007676267363,0.004122159256,-0.008278960268,-0.0129509643,0.001692887397,-0.02418088494,0.007898858152,0.008651531082
-1.174786112,-0.004778210539,0.001529726619,-0.007707388991,-0.01165218534,0.002480037541,-0.02213757276,0.00764906002,0.007642365378
-1.179364468,-0.002710503044,0.000597353397,-0.009576366731,-0.01992993394,-0.0008070452642,-0.02037376106,0.009148465069,0.006603154562
-1.146080189,-0.00298276452,0.0004485624375,-0.005509487051,-0.01075413724,7.178960802e-05,-0.02342812206,0.01269456843,0.008898220266
-1.214331566,-0.003643340516,0.003919865506,-0.003774744036,-0.0086013227,0.001046884673,-0.02624882207,0.01077944002,0.01085912271
-1.214655732,-0.001243629453,0.006091683201,-0.005623665006,-0.01774879558,0.001183226645,-0.02222648997,0.007928088837,0.009280689568
-1.179937759,-0.003297081902,0.006080894084,-0.009280682505,-0.02149963651,0.001952760683,-0.0232553514,0.008512665935,0.00766656135
-1.167380828,-0.001605935957,0.005104734965,-0.003105599685,-0.008345710464,0.003943618786,-0.02204000206,0.009897083906,0.00866088936
-1.179532977,7.562217589e-06,0.002600662419,-0.002497874324,-0.01686979408,0.002118655212,-0.02327170585,0.01012796156,0.008932792678
-1.206382419,-0.0009517405167,0.001172160646,-0.001612115109,-0.02176864096,0.001297075493,-0.02267384438,0.01043286369,0.009499088349
-1.126070712,-0.0009414750283,0.007973095554,-0.001037878512,-0.01874540584,0.002796790694,-0.02348078102,0.01239300706,0.01075194061
-1.17583275,-0.00117843266,0.00878641675,-0.01701341538,-0.003480631508,0.0005557379886,-0.02075527678,0.009655245198,0.008796437451
-1.171622274,-0.0009509095511,-0.0008290828876,-0.01434502874,-0.01045020733,0.001380643464,-0.01969372338,0.004861992485,0.008682816161
-1.14470368,-0.0003162426459,0.003192461421,-0.001389757189,-0.02472273848,0.00253937968,-0.02523816307,0.008338289302,0.006650697181
-1.180171931,0.0008962304975,0.005640243474,0.007356377324,-0.01216619696,0.004255415134,-0.02068443703,0.01842702512,0.009452428235
-1.113473962,0.0001445301482,0.01372755478,-0.00749498975,-0.009316695699,0.002892391945,-0.02404972267,0.009898263833,0.008220776458
-1.154209234,-0.0004793075958,-0.004103106934,-0.01816497858,-0.01327979993,-0.001322264541,-0.02507134603,0.006414579189,0.009675656381
-1.127229068,0.004062115561,0.01082615586,-0.0006207630738,-0.02659948775,0.002329158811,-0.02241814066,0.003761727462,0.01055968688
-1.154450803,0.009474870968,0.0177697991,0.007621630421,-0.006431478704,0.003850298482,-0.02297281102,0.01833058925,0.01086050945
-1.146605666,0.008312356273,0.01939162697,-0.001891435752,-0.002990374239,0.005733143068,-0.01567669606,0.01204915591,0.009578929207
-1.150201288,0.006981046467,0.01022472655,-0.01754249905,-0.01534911177,0.001722367749,-0.02716228183,0.0004590985858,0.006349445154
-1.158915057,0.005682878808,0.006772076734,-0.008052610177,-0.02570152697,0.003904363876,-0.01910891838,0.01102234868,0.01122799457
-1.173830954,0.007248413287,0.01404714208,0.01031870899,-0.001227484827,0.002950756405,-0.02628596766,0.01980442302,0.008373804167
-1.14901738,0.005993457551,0.0132944644,0.003435709091,-0.009056490519,0.001517900724,-0.02045480094,0.01473390663,0.01098772073
-1.186386699,0.002080783335,0.01005800216,-0.01410269189,-0.03024589469,0.004592071327,-0.02456764955,0.000964646718,0.004856358803
-1.154601289,0.003183526918,0.01269746742,-0.01384694596,-0.01483295645,0.002701182944,-0.02242161714,0.005789314198,0.007901227608
-1.178699672,0.003624325668,0.01578294456,0.004238456639,-0.001801613799,0.00275376691,-0.02219701531,0.01443747289,0.008988835147
-1.118917461,0.001213026455,0.005072036255,0.00537775559,-0.01646634039,-0.0008989559399,-0.01813797418,0.01491582743,0.009663624109
-1.237258712,0.001141145072,0.002367720183,-0.008743595486,-0.02943902978,0.002649021265,-0.02489711419,0.00565119287,0.008934164861
-1.106732319,0.000318024563,0.007067692883,-0.009362195013,-0.009777368494,0.002566045965,-0.02606124028,0.008173621502,0.005492043739
-1.358594204,-0.0002992086037,0.007923466691,-0.009395498449,-0.002853167113,-0.003009556962,-0.02483817533,0.009033525293,0.008322851049
-0.3079377622,-0.0008905479897,0.003916101598,-0.003455852064,-0.02523172527,-0.001482791123,-0.01987431194,0.007164914393,0.00715004453
4.452920313,-0.002311549918,0.001744880757,-0.001936875824,-0.02314803109,0.001984104422,-0.02464256096,0.01049086409,0.009699635898
4.371903194,-0.003660507242,0.007266710918,-0.005398448671,-0.01205235432,0.002742986498,-0.02354173971,0.01123609831,0.007576125757
4.439924816,-0.004824683202,0.004053566418,-0.009662393487,-0.005587545821,0.002345517595,-0.02272554363,0.006968937663,0.006867747325
4.366416209,-0.003380934369,-0.001059878014,-0.01011896197,-0.02301020678,-0.001614077822,-0.02176525962,0.003545823869,0.006399302729
4.426760071,-0.002391538842,0.003950168096,-0.003176861312,-0.02333542691,0.001088801777,-0.02149914376,0.009860501963,0.009441268133
4.378747139,-0.002372446543,0.008572824564,-0.002861549086,-0.008283365734,-0.001609704512,-0.02492913873,0.01504477439,0.008238683549
4.437191285,-0.001819279218,0.004717313003,-0.003166407372,-0.01333216621,0.001819349965,-0.02333158546,0.01071294758,0.006759309339
4.337423647,-0.003635386724,0.005458551469,-0.01095906783,-0.0244531592,0.001770864295,-0.02199272805,0.00412360774,0.007038076902
4.377307633,-0.003056856947,0.001316010383,-0.005771170785,-0.01936028144,0.0006304077556,-0.02356903865,0.009566325023,0.006070550375
4.377075811,-0.0005978474765,0.006647557597,-0.003781474739,-0.005691035634,0.003377946114,-0.02325448039,0.01113784288,0.01150157547
4.406799258,-0.004088091596,0.001095587039,-0.00610790366,-0.013711731,-0.003103520735,-0.02111657554,0.01261613037,0.00738061593
4.375756079,-0.00364527773,0.008453815237,-0.008657219218,-0.02671991327,0.004652902135,-0.02241007672,0.002184276879,0.008198327615
4.38646677,-0.01227039406,-0.005214724148,-0.00669063565,-0.01602448545,-0.001987146086,-0.0263863616,0.007725528427,0.003141093412
4.380119038,-0.01366733707,-0.002604567777,-0.006805565647,-0.01280731837,-0.001393058149,-0.02449502378,0.007957804869,0.007739257984
4.397784932,-0.01182979385,-0.009390685251,-0.007556572062,-0.01592489313,-0.003504212962,-0.02277341812,0.01344695324,0.008055246537
4.400329938,-0.01101514786,-0.006235868358,-0.01001386164,-0.02590710802,-0.0008481429871,-0.02541602062,0.008692453362,0.008371755306
4.366583185,-0.008669675699,-0.002285349537,-0.006569786969,-0.01211584013,0.002898961114,-0.02678055722,0.008113287371,0.00850541377
4.365797116,-0.01077931987,-0.001282832699,-0.009372379494,-0.01678307653,-0.001528540876,-0.0238570593,0.008950103195,0.008982041204
4.397104153,-0.008124800734,-0.003214852715,-0.004894080989,-0.01836758458,0.003321857764,-0.01937415667,0.004101069618,0.008015190189
4.400232423,-0.007782261202,-0.003188108589,-0.009473449791,-0.02162001396,-0.002089017158,-0.02467168609,0.01327697073,0.009067763086
4.380195639,-0.006770019976,0.000633004035,-0.006732321855,-0.01209498953,0.002644919436,-0.0259530471,0.01097671849,0.006759306364
4.405811207,-0.006155392028,-0.001836836714,-0.008540660499,-0.01271613823,-0.002106028058,-0.02514048774,0.01234105564,0.009275105634
4.402037173,-0.005696568087,0.002648001173,-0.007037253336,-0.02216482202,0.004005906125,-0.02227775962,0.004306695488,0.008540835341
4.45834526,-0.004861239777,0.0007578979316,-0.00529244061,-0.01136308656,0.001082425037,-0.02540093159,0.01225181926,0.008631708706
4.246083269,-0.003461052341,0.005756983911,-0.007593240303,-0.01398838463,0.002273430497,-0.02248656629,0.01236952073,0.008961968614
4.535565979,-0.002540411682,0.002685263629,-0.006813759923,-0.007640895497,0.0008034950879,-0.02271038507,0.0108173643,0.009865783736
4.143496888,-0.001645146012,0.00642630116,-0.008905947553,-0.02349620484,0.002463514964,-0.0209339422,0.005644660869,0.007515769016
4.833377857,-0.001569756134,-0.00163517944,-0.005829965946,-0.01121915127,0.0007079860648,-0.02512932792,0.009366635141,0.007753263772
1.310223865,-0.000545702631,0.006189683926,0.003901248036,-0.02693164163,0.0003800245028,-0.02414106927,0.009954750071,0.009036969054
-1.658829469,-0.0007138033303,0.008700393887,-0.005159300897,-0.01278567928,0.00261089959,-0.02218769448,0.01570343133,0.009745965368
-0.9461721019,-0.001790430993,0.004835165199,-0.01388712526,-0.005280469909,-0.00080915568,-0.01760401354,0.008211183145,0.008085940697
-1.29760557,-0.0007771034183,0.004908203571,-0.01483422158,-0.01359828547,0.004566855404,-0.02594850082,0.003548914931,0.008145643913
-1.097492911,-0.002084252797,-0.0002742556347,-0.0007145200426,-0.02391959392,0.002322839421,-0.02103727217,0.01207787336,0.01046673963
-1.22117908,-0.001322253798,0.009704602449,0.006686565438,-0.01308779418,0.004211730536,-0.02139101067,0.01722532661,0.0103652037
-1.125476659,-0.0003013526632,0.004134303169,-0.002653421452,-0.004319367481,-3.034974655e-05,-0.02463430459,0.01670260459,0.008672236441
-1.196886149,-0.002367534213,0.006484564526,-0.01544137488,-0.02046397962,0.003088830997,-0.02058249791,-0.002210979792,0.007294478536
-1.153009574,1.45643481e-05,0.003032980787,-0.01455270082,-0.01389744207,0.002181985579,-0.02459282277,0.007710164529,0.008945245637
-1.211681217,-0.001682116727,0.00813428494,0.0001772153278,-0.01074138894,0.003200325081,-0.02187081675,0.01070729144,0.01055196643
-1.225582166,0.002085649134,0.00936420927,0.006678590587,-0.01176116475,0.003182628384,-0.02163506839,0.01557467425,0.008855377765
-1.20221401,0.006962082626,0.01185044259,-0.006423120528,-0.0243528605,0.00168469237,-0.02118433595,0.01106762214,0.0096356739
-1.181981761,0.008453464062,0.01190325994,-0.005431851088,-0.01029876541,0.004885947212,-0.0227992221,0.007362930763,0.00949981453
-1.174912055,0.007712685548,0.01359503702,-0.01117620114,-0.004142941163,0.0006522932024,-0.02457640402,0.009479484519,0.01030037226
-1.154246566,0.008028300457,0.01398458503,-0.00313826268,-0.01631651773,0.005846687933,-0.01909111767,0.009358562336,0.01094800447
-1.160607664,0.007287586262,0.01342551342,0.0002557599965,-0.02082831057,-0.0001443738959,-0.02205993651,0.01215768536,0.007992500999
-1.145231042,0.003442626156,0.01501000195,0.0007980740251,-0.0125266522,0.004501314461,-0.02545455859,0.01186452293,0.009787455354
-1.174870669,0.002448264297,0.01088492108,-0.003725395118,-0.008409049741,0.002900329368,-0.02126134567,0.01354499128,0.007205866097
-1.169775841,0.0029080387,0.00876039303,-0.01098452702,-0.0153968382,0.003845083387,-0.02276322035,0.00487092665,0.007271848373
-1.182862016,0.004872783989,0.007651039229,-0.005464352376,-0.01813889894,0.002761456479,-0.02053504012,0.007734905344,0.009134021942
-1.184577989,0.002253520828,0.01301934467,-0.0005052426438,-0.01637911292,-0.0002368130736,-0.0256024164,0.01328408658,0.008852927416
-1.192357751,0.001158409647,0.01054069313,0.0002438986007,-0.008456176324,0.001533528161,-0.02126134848,0.01373961824,0.00867713627
-1.179789033,-0.001340410491,0.007104893265,-0.006230156827,-0.01898338796,0.000925348447,-0.02311687324,0.005834193671,0.004757894986
-1.15952453,5.407165888e-05,0.001434159589,-0.0107719222,-0.01809928523,0.001911988503,-0.02089029702,0.009960795905,0.007550301587
-1.193452599,-0.000123387228,0.004291848698,-0.003909072767,-0.01550257162,-0.0001089067141,-0.02250795659,0.01099277151,0.008614482466
-1.133189118,-0.000850012968,0.005773551588,-0.002204783474,-0.01149376279,0.0004726586919,-0.02402106921,0.01156086076,0.009228559886
-1.189649197,-0.002487911431,0.006229731954,-0.003273646277,-0.0236868097,-0.0006552118119,-0.02301322692,0.007961789999,0.006608340822
-1.152870163,-0.004872532544,0.00711621379,-0.009316461681,-0.01979058619,0.003306272168,-0.02530751939,0.007846358006,0.006643996386
-1.220095821,-0.003530221315,0.002956144754,-0.008447346113,-0.008912294862,0.0004796133603,-0.02366896044,0.01150723761,0.00903345661
-1.202707487,-0.0023416363,0.003796160529,-0.006527681319,-0.01593488847,0.0016747588,-0.01996453089,0.007539922879,0.009583801038
-1.192273281,-0.00237061747,5.613543e-06,-0.008426340729,-0.01954156085,5.505995419e-05,-0.02226044181,0.01191084528,0.008586981766
-1.200807114,-0.001797307877,0.005491092925,-0.00249571063,-0.01366475058,0.001360389016,-0.02255900514,0.008274257068,0.008682479965
-1.181275284,-0.002828366553,0.009441615371,0.003485835289,-0.008064070933,-0.0005936285615,-0.02729121562,0.009095418339,0.007824148347
-1.211086706,-0.004658191698,0.003994956722,-0.004063802418,-0.02642585825,0.00102073113,-0.02090330767,0.004110133279,0.006160069626
-1.164301301,-0.002498220061,0.001508002365,-0.01482322461,-0.0214683213,0.001254651948,-0.02150379275,0.007262964556,0.007766207942
-1.159590413,-0.002721074866,-5.115290814e-06,-0.01523760027,-0.008895672122,-0.001049476443,-0.02616125409,0.01178774416,0.008921159911
-1.202983697,-0.001597812536,0.007476403503,-0.0004966672473,-0.005732864801,-0.0003462796694,-0.02536988289,0.01102759009,0.01067915372
-1.192001641,-0.008493166308,0.001410329619,0.003051032241,-0.02025938551,-0.001412253711,-0.0224439066,0.006173185591,0.008220847256
-1.163931227,-0.01465237852,-0.003462316821,-0.00448737602,-0.0316083415,0.0009894554649,-0.02409032111,0.005230427712,0.005834074481
-1.235817793,-0.0123234688,-0.004951176729,-0.01528507179,-0.01667378697,-0.0007285711078,-0.0260723138,0.01274031158,0.004426077563
-1.145126163,-0.01051908504,-0.006113244372,-0.01743153943,-0.007650526311,-0.002775536419,-0.02426929761,0.01298730767,0.007971568619
-1.203465696,-0.008248126889,-0.008187401493,-0.006990559174,-0.01521653656,-0.001900297062,-0.02205249599,0.00462526902,0.009434567686
-1.220562549,-0.01163480296,-0.00427420751,-9.061802331e-05,-0.01892491899,-0.002012083914,-0.02445288903,0.002546976466,0.008419856874
-1.188029086,-0.00862908889,0.00229390535,0.0003386639497,-0.02375212314,0.004878278036,-0.02630459982,0.01044924334,0.007202040315
-1.170451995,-0.00696156288,0.006381519169,-0.01175843651,-0.01109735825,0.001821857998,-0.02619550326,0.01648957076,0.007139474263
-1.200242039,-0.008847944776,-0.00712305456,-0.01584083961,-0.01263729661,-0.001845524054,-0.02297308305,0.006716836876,0.008082038152
-1.187665536,-0.007123459322,-0.009530340371,-0.01115529348,-0.01862657653,-0.002316674911,-0.02231809728,0.005859084691,0.006205280625
-1.175719988,-0.004554722083,0.001524985695,-7.383833597e-05,-0.01434916557,5.029497078e-05,-0.02349537402,0.01169222357,0.01243736248
-1.198877368,-0.003724518607,0.01154999841,0.002326021702,-0.009597127319,0.004234964385,-0.02368486421,0.01214347839,0.009161410751
-1.164791706,-0.004594066719,0.004427107795,-0.01058179882,-0.01561665706,0.0013006103,-0.02480168262,0.01217282814,0.006416140246
-1.149993835,-0.00476620199,-0.001601831958,-0.01352815158,-0.02216102838,0.003217506294,-0.02049496362,0.001761694337,0.007271225309
-1.187348614,-0.001134289579,-0.001365654814,-0.007748900545,-0.0123764915,-0.001865136046,-0.02738104607,0.009280753613,0.008068959459
-1.181253724,0.0006655735085,0.00342087306,0.00429736138,-0.01207789688,0.000304851509,-0.02107189982,0.01376316419,0.01326855365
-1.123679072,-0.001258563783,0.01206490113,-0.002813115985,-0.0163315861,0.002093030316,-0.02305339644,0.01152581379,0.006872863798
-1.203083679,-0.002295761921,0.008080715825,-0.01238856384,-0.01811954706,0.003131532039,-0.01842004202,0.003589500809,0.008692743315
-1.192380076,-0.00134215994,0.003562256986,-0.00882448271,-0.009851877776,0.004145085051,-0.02596830007,0.007614229015,0.008022472565
-1.172301981,-0.001197494967,-0.0002889220794,-0.00175420386,-0.01353235346,-0.001000188433,-0.02532859508,0.01762022783,0.01070265167
-1.179592031,7.952382456e-05,0.002162926348,-0.003388783745,-0.0174856042,-0.001298685616,-0.0227462587,0.01053323013,0.01241744086
-1.12329293,-0.000355491572,0.01070191649,-0.006428803845,-0.01369539166,0.0004577251591,-0.01980003724,0.009622657403,0.008070159133
-1.148672984,-0.003547638887,0.01125624278,-0.01015036242,-0.01177660712,0.00593026397,-0.0207736653,0.008675443471,0.007252557606
-1.133613623,-0.003592999274,0.005168337393,-0.005070648805,-0.01727736497,0.001503951388,-0.02242048271,0.01058424982,0.008075263061
-1.171445997,-0.0004867921427,-0.0009766563073,-0.001267399412,-0.01812449846,0.00095539804,-0.02531371526,0.01098537023,0.009444384962
-1.150588287,0.001721763948,0.001019869953,-0.001012586461,-0.01104644725,0.001337961919,-0.02365780178,0.01160926635,0.00931345679
-1.213923007,0.001081533561,0.006350697084,-0.01134990981,-0.01054892414,0.0003755682958,-0.024593286,0.009525162528,0.009425986273
-1.144053783,0.006409278167,0.01723273951,-0.008659106316,-0.01466807134,0.004163763248,-0.01817636772,0.008293549706,0.009097785315
-1.155765179,0.007456765771,0.01541054179,-0.0008673854479,-0.01528948838,0.00308282262,-0.02094766483,0.01207517661,0.007902105815
-1.176120722,0.009108752707,0.01397308617,0.003135381569,-0.01143841471,0.003064025934,-0.02089560314,0.01410003377,0.009471786474
-1.162950837,0.008099409467,0.009658870049,-0.001682478093,-0.01397188315,0.002285872395,-0.02257658037,0.009661131648,0.009006212845
-1.16005842,0.009776517332,0.01217105835,-0.007263845892,-0.01471000266,0.002468495416,-0.02529172981,0.007974905932,0.009981737399
-1.192437272,0.007132521182,0.01737888091,-0.005059934811,-0.01337478644,0.003726660013,-0.02324671525,0.01281759763,0.01009787479
-1.177527372,0.0001985739052,0.0116236897,-0.003252181772,-0.01170389157,0.00181027325,-0.02329110689,0.01194788849,0.006229309191
-1.181895442,0.001682299458,0.00768470588,-0.002929304492,-0.01986326988,0.001979787681,-0.01998947289,0.008663261494,0.008327185233
-1.192733161,0.005292792388,0.01119033341,-0.005766672193,-0.01432211633,0.003231623099,-0.02131024064,0.008951246289,0.00813003718
-1.172327602,0.005254981296,0.01062469097,-0.002876469955,-0.01144369281,0.002326352146,-0.02481717826,0.01000836093,0.009144273609
-1.166809204,0.001478815999,0.008166529517,-0.005701148303,-0.01468913363,0.001214068328,-0.02304360815,0.009496874417,0.01034145891
-1.166578975,-0.001309804766,0.008618516663,-0.004270121556,-0.01827876635,-0.002149365019,-0.02297082121,0.009364670246,0.006753552007
-1.183756483,-0.001437765241,0.006428511615,-0.004676293992,-0.01591982281,0.001741084569,-0.02339099336,0.006266575559,0.01024697175
-1.177863414,-0.001660949298,0.008007821984,-0.005776310715,-0.01634680591,0.000959735032,-0.02385330309,0.01002899835,0.005447631972
-1.154261618,-0.003352476422,0.004597944783,-0.007313936687,-0.01992932388,0.001898327546,-0.02341717539,0.01078454768,0.006061652411
-1.224867116,-0.001184858427,0.004952745427,-0.005353936744,-0.01442024007,0.0009513275042,-0.02348179539,0.01049334673,0.008284360984
-1.187534426,-0.004867446877,0.0002911796555,-0.006323934898,-0.01211177193,-0.001231813198,-0.02369660686,0.01086376002,0.00998792887
-1.191591798,-0.004817786903,0.007582123675,-0.00754103488,-0.01427770601,-0.0004825044534,-0.02285564884,0.008599109337,0.008432265575
-1.146212377,-0.002206113723,-0.001899046769,-0.009634061372,-0.01978862851,-0.0005156111243,-0.02288268373,0.009652070097,0.007490011968
-1.17232284,-0.001341027182,0.01822676091,-0.004309130694,-0.01634623011,0.001340381384,-0.02249480615,0.007482142166,0.007452666871
-1.122911927,-0.001407675353,-0.009470780161,-0.006333520436,-0.01262527524,-0.0007996829695,-0.02264158907,0.01012761133,0.007427859481
-1.152250702,-0.003411276842,0.03080098593,-0.009398524384,-0.01276803175,0.0002823821244,-0.02096030446,0.007647858032,0.009979171787
-1.203843017,-0.001564367558,-0.05332345646,-0.003800779872,-0.02065543976,-0.0002853592253,-0.02350894911,0.008406556948,0.008789167766
-1.152232827,-0.002721369646,0.2149555614,0.01283242417,-0.02500679793,0.004405648547,-0.02508122597,0.01297479106,0.007962365023
-1.166531331,-0.00291066174,0.1879185804,0.01549209473,-0.01462916989,0.0001960861039,-0.02137855717,0.01249799016,0.00721387253
-1.173163068,-0.003222273127,0.02134254159,-0.02776105446,0.002428544345,-0.003244074181,-0.02023284799,0.002812405907,0.007797726425
-1.142924751,-0.003659842001,0.07190136698,-0.01321955651,-0.01907858375,-0.001775274718,-0.02119439496,-0.0009498317417,0.008225367487
-1.193027771,-0.01204131915,0.02561835207,0.007303958737,-0.03192244833,-0.001534639707,-0.02949444253,0.01516244555,0.007596936207
-1.172948929,-0.01206610598,0.0598964907,0.01771728326,-0.01207826161,0.0006347546192,-0.02205144158,0.02455660151,0.009071802263
-1.145548035,-0.01144845807,0.04282857942,-0.006923761232,-0.001913918918,-0.002509323547,-0.02715042246,0.009370120304,0.003204623611
-1.146898435,-0.01098023566,0.03743091335,-0.02782353358,-0.02745258707,-0.0006465470813,-0.02358530736,-0.008508066722,0.009025792105
-1.115990867,-0.01025879026,0.03311401539,-0.01276963958,-0.0242869971,-0.001862314772,-0.02167730893,0.002811812853,0.00689803544
-1.157985602,-0.008470455353,0.04433873841,0.01399184086,-0.005838603534,-0.001157357113,-0.02588633103,0.02153517903,0.01084570504
-1.158336607,-0.00756599829,0.04398362306,0.01172451567,-0.01192137016,0.002911109858,-0.02318618344,0.01673017113,0.009414107396
-1.116067158,-0.008865683233,0.03558599821,-0.01707196407,-0.02834862919,0.0009593307724,-0.02439105009,-0.0001178409424,0.005787156193
-1.18877054,-0.01043977859,0.03125068912,-0.02126681997,-0.01262417793,0.000900020259,-0.02518152384,-0.001565231008,0.008277967418
-1.107307815,-0.004743513624,0.02799860926,0.002356576318,-0.003347616136,-0.005380529335,-0.02475549487,0.0135156943,0.008720152821
-1.228882186,-0.00060651458,0.0353527928,0.005399435945,-0.02251562104,0.002177098749,-0.02073512063,0.02063641751,0.01418820964
-1.093959798,-0.002253493361,0.03705536029,0.0003082068717,-0.02863116415,0.002624599721,-0.02539308451,0.01168148474,0.005329358232
-1.291821146,-0.005259241514,0.04212659763,-0.01287976817,-0.00924737474,0.006350453451,-0.02522689125,0.003790791442,0.006217800354
-0.9298273496,-0.004557780582,0.03084130711,-0.01564325582,-0.002494843886,0.001611783451,-0.0190099171,0.005363743061,0.005605069481
-1.646466996,-0.002803922988,0.02206353724,-0.003079699588,-0.0196441517,-0.0007085683733,-0.02033919999,0.005346531723,0.0115237032
2.01793474,-5.304237953e-05,0.02762320652,0.002395227691,-0.02142652496,0.0008447684616,-0.02798407853,0.01404125386,0.0102219812
4.865626834,0.0005069311303,0.03435080236,0.002594146428,-0.00936864007,0.001451955741,-0.02391651902,0.01832659903,0.00993735209
4.160075671,-0.002620568225,0.03862435146,-0.007792398869,-0.008393466604,0.003315114196,-0.02499732696,0.004438176821,0.007637361305
4.54607416,-0.004122372542,0.02464387496,-0.01316901737,-0.02370971663,0.0001348430477,-0.01807786287,-0.001624428739,0.006593849187
4.305645812,-0.001638233133,0.01863454712,-0.007648959542,-0.01581434767,0.002261572469,-0.02174670258,0.008184030859,0.008206884485
4.467619421,0.0002135544057,0.02434471322,0.005205781114,-0.003970794575,0.0004922528708,-0.02740761218,0.02261426021,0.01229370532
4.348224131,-3.377153233e-05,0.02689395147,0.005479105973,-0.01029054746,0.003176615846,-0.02363061782,0.0122334017,0.01075959261
4.397216326,-0.0008528015897,0.0290307929,-0.01064893379,-0.02556949189,0.003578024993,-0.02032890461,0.0024161347,0.006267944395
4.417708554,-0.002599257441,0.02599791942,-0.01290227672,-0.02099175057,0.005773331413,-0.02035954091,0.003923755738,0.00633922722
4.384438481,-4.352455293e-05,0.02199421132,-0.001231507763,-0.004404566762,0.001145419237,-0.02427189531,0.01461180139,0.00824214902
4.39659515,-0.0005859657053,0.01583990608,0.0006000633165,-0.01240796429,-0.002548902,-0.02146014496,0.01855789408,0.01172750613
4.386885462,0.004888926456,0.02690169602,0.001094554345,-0.02251465197,0.002597228262,-0.02213041649,0.01228275026,0.008867933071
4.42322278,0.008504278858,0.03577218727,-0.004558916846,-0.01083196539,0.004822250422,-0.02577270884,0.006086040253,0.009092608086
4.424605361,0.007477250791,0.03249691859,-0.00541343628,-0.006959254285,0.006255544045,-0.01822166751,0.005071608814,0.009787376416
4.388975825,0.006754422423,0.02284427506,-0.008235180459,-0.01669134629,0.0008361711818,-0.01896759217,0.01237891099,0.009497858924
4.408982925,0.00831679393,0.02498788529,0.001176611063,-0.01727863714,0.004764732009,-0.02046705833,0.01402062492,0.01060530517
4.425329567,0.008913638474,0.02626714652,0.004638983801,-0.007909264398,0.001306449871,-0.02475550882,0.01489526218,0.009062262912
4.402066853,0.00489509423,0.0311771135,-0.005111128433,-0.01198785969,0.004209657231,-0.02124241405,0.005354147022,0.009520955692
4.343860831,0.001119706089,0.01823076852,-0.008960539946,-0.01617969595,0.001837842537,-0.02171577866,0.005015396012,0.007390815155
4.381496465,0.002795293527,0.01985612157,-0.007485080471,-0.01835636766,0.0009765773158,-0.02461271684,0.01209141232,0.00797594776
4.366205366,0.007241465966,0.02219847783,0.002001492215,-0.008082863427,0.0021439506,-0.02100965723,0.02056018819,0.009695003335
4.417451398,0.003462875483,0.02233440162,0.0002252359176,-0.01669217444,0.001359236184,-0.01926208711,0.01029462284,0.007657111034
4.336533834,-4.582583633e-05,0.01389316725,-0.005449263032,-0.01789939455,0.002947976513,-0.0236074206,0.0009135621312,0.006568627752
4.409422155,-0.001592120375,0.01563946584,-0.001397135253,-0.0325102799,0.000906149765,-0.02554429761,0.006276376789,0.008454149014
4.330851459,-0.0008022312275,0.01958010252,-0.005047298496,-0.006775133924,0.003149806989,-0.02571195075,0.01691641345,0.009761211878
4.426121334,-0.001751838256,0.013258604,-0.007705861387,-0.001196116231,-0.003775909398,-0.01656843655,0.009756135253,0.007695665237
4.278673636,-0.0008763314745,0.01061982949,-0.01213553369,-0.02314106125,1.350183605e-05,-0.02410377458,0.00124786344,0.005377467204
4.56194698,-0.003629592097,0.01238800295,-0.0006810639531,-0.02679017573,0.002620379244,-0.02481355448,0.006316183822,0.006069017011
3.765494238,-0.005512498041,0.0152084666,0.003824484465,-0.007860797434,0.003041557629,-0.0246847003,0.01395202853,0.007349039487
-1.028465869,-0.004427724504,0.01192963855,-0.007578427872,-0.006639073941,-0.001609806506,-0.02273075895,0.01644161196,0.01042937181
-1.173249991,-0.002873989381,0.005842203349,-0.01317381729,-0.02759610189,-0.001842077667,-0.01949729259,-0.0008758203255,0.008893283171
-1.212726327,-0.001841192957,0.01015855869,-0.008847038833,-0.01752760743,0.002384642785,-0.02753887238,0.008022783265,0.009746556915
-1.180200109,-0.001150786113,0.0174710881,0.002560936758,-0.009863764132,0.001297259416,-0.02268953019,0.01027901184,0.008129151866
-1.190877051,-0.003917290013,0.01337370875,-0.001023740449,-0.01854771911,0.001299859502,-0.02041607187,0.0128534236,0.006483210689
-1.173453438,-0.005262820675,0.003487712356,-0.009682139126,-0.02611069774,-0.0005064294985,-0.02408451434,0.01074056379,0.008726628969
-1.193244425,-0.003877990737,0.008474998889,-0.007205420735,-0.01125519276,0.000806946557,-0.02566586139,0.007656009962,0.006956778997
-1.184394165,-0.001813456191,0.006679756448,-0.008478212038,-0.003849319493,-0.001341555343,-0.02340713336,0.009771389068,0.00748598305
-1.205952171,-0.001529917967,0.01297821843,-0.006512686844,-0.02125224111,0.001239427451,-0.01996513211,0.003444895563,0.01022243561
-1.141019369,-0.01071394807,0.002992292297,-0.005406551452,-0.02644817106,0.0002270112469,-0.02612578133,0.008765723099,0.008350452522
-1.155483275,-0.01452167314,0.001223372136,-0.008818348393,-0.01384932465,-0.002281654865,-0.02702142468,0.01207524499,0.007067918315
-1.172713664,-0.01318726411,-0.001022211011,-0.008161348778,-0.005711274282,-0.001008382047,-0.02390059158,0.008572395003,0.007420708015
-1.202230159,-0.01168145884,-0.003586085103,-0.01293545678,-0.01852408998,-0.002238292397,-0.02281015501,0.002547603994,0.008313879374
-1.143347775,-0.008519069306,-0.001533756922,-0.006303790611,-0.02428672231,0.00174906862,-0.0238466767,0.005252612397,0.006932165965
-1.189696302,-0.01033300547,0.004858350555,-0.004607684797,-0.01718917781,-0.00165647487,-0.02707440314,0.01418420024,0.009447570395
-1.192455535,-0.007929458377,0.001580667871,-0.005860039201,-0.01155982826,-0.001184547823,-0.02189646098,0.01360087349,0.007730212827
-1.164797025,-0.007525660823,0.001434290892,-0.009949362977,-0.01898155627,-0.0005885606463,-0.02198818466,0.006171900434,0.008475311266
-1.189703164,-0.008485064018,-0.001087061182,-0.01136745354,-0.01787849705,0.001658886165,-0.02646611131,0.007718627771,0.006896592717
-1.126667855,-0.007512302399,0.004704447644,-0.002609423412,-0.01382899186,0.0006245138993,-0.02288992326,0.00676394165,0.008491015808
-1.208253123,-0.003706505884,0.005338149543,-0.003653214075,-0.01208251651,-0.0001407349115,-0.02250787001,0.0116041485,0.008873616776
-1.219076016,-0.006864507237,0.004749826989,-0.005585881831,-0.02280612757,0.0005132389292,-0.02140350425,0.009188620978,0.009853696874
-1.172353089,-0.004720782326,0.004776011298,-0.008867142606,-0.01424969067,0.003461880818,-0.02543787883,0.009711728856,0.006839982783
-1.161811041,-0.002466478836,0.005032092636,-0.00746899027,-0.008139474254,-0.0001679259677,-0.02263594545,0.01077415886,0.008883729771
-1.181019344,-0.001399294141,0.008115447513,-0.004004986118,-0.01545213447,0.001573447855,-0.02191649517,0.006448275621,0.007062674852
-1.208298763,-0.001712622048,0.004681488761,-0.005076509821,-0.01903162898,0.0004679969888,-0.02262443677,0.009765936886,0.009064577265
-1.164202882,-0.001503459274,0.007762619822,-0.004505764055,-0.01584041149,0.002425884683,-0.02498009546,0.00855462,0.00918012908
-1.165240097,-0.001149891967,0.009308902229,-0.006554483928,-0.009076608885,0.001093779481,-0.0226068129,0.01391717361,0.009190767622
-1.189897016,-0.001835993939,0.004092951273,-0.006970048368,-0.01510872845,0.001518607222,-0.02195790229,0.007960283611,0.00752656508
-1.168698387,4.110811051e-05,0.007418372731,-0.003175982593,-0.01969336395,0.003338015336,-0.02140119914,0.009421870171,0.007656905773
-1.15271689,-0.0008553838114,0.008756674731,-0.004540009356,-0.01608010108,0.002542875524,-0.02439544325,0.01075782033,0.009536502615
-1.172765358,-0.002295665811,0.008760549362,-0.005241466376,-0.01362606495,0.0005611114541,-0.02372294025,0.009755340043,0.01009522531
-1.165647281,-0.001686864692,0.004563163469,-0.009617838444,-0.01395836052,5.624142268e-05,-0.02415477929,0.01267747763,0.009794942855
-1.186458656,-0.00108773993,0.005120410486,-0.004963288664,-0.01603582869,0.003398970836,-0.02171432674,0.009572461975,0.007128796912
-1.176663904,7.710509658e-05,0.009512134253,-0.006049222674,-0.01221426019,0.004399204561,-0.02248661714,0.01002296918,0.008473651909
-1.248988196,-0.0006788286855,0.006621777764,-0.0035410186,-0.01021849462,0.001584768078,-0.02107824664,0.007943720671,0.008468674474
-1.198833162,0.002234950528,0.009852465776,-0.001500488297,-0.01549219809,0.002435975668,-0.02537946602,0.007241829459,0.009762737212
-1.203514992,0.006869936147,0.01046259882,-0.0007429967139,-0.01301596877,0.001485700802,-0.02198696174,0.01166424489,0.01049579249
-1.165636074,0.009038818232,0.01698125368,0.0008998700922,-0.02158296208,0.002303376335,-0.02138207415,0.01287561792,0.01004520972
-1.20058963,0.008477263406,0.01927602446,-0.005877735593,-0.008441854886,0.003798249389,-0.02240591305,0.01488410649,0.009143299132
-1.190772105,0.00823688731,0.01582159336,-0.008489143297,-0.0004859436006,0.002868939307,-0.01922965695,0.006001596076,0.009480642637
-1.201269361,0.006903158227,0.01264091801,-0.006646652912,-0.01690018259,0.002554300538,-0.02130066834,0.005764353894,0.008410001269
-1.182483154,0.005084428086,0.009074351275,0.0005728037094,-0.02673685158,0.002113910674,-0.02320970032,0.01538258252,0.009043288426
-1.133173982,0.002904710774,0.01461436795,0.003893078349,-0.01007211465,0.002763012306,-0.02237425783,0.0186017721,0.009559925296
-1.202872376,0.00430359568,0.01202062253,-0.005702389207,-0.00294762487,0.001904194235,-0.02306488959,0.01238055583,0.009715763024
-1.172879406,0.004704675958,0.01061232855,-0.01076622316,-0.0220949463,0.004272492741,-0.01791932156,-0.003731197583,0.006399335708
-1.199116873,0.003410410227,0.008033819509,-0.007937444724,-0.01802187357,0.003063184701,-0.02462044462,0.009770094456,0.006228123874
-1.170698531,0.0002679592956,0.01358000388,0.002973193689,-0.006685467391,0.002218454131,-0.02466020575,0.01753226464,0.01116849124
-1.216257547,-0.001311209593,0.007818658907,0.002231239074,-0.01280020457,0.000364117063,-0.02553378415,0.01351306429,0.008043985074
-1.208780283,-0.00346446367,0.002510904258,-0.01278148199,-0.026834352,7.105802825e-05,-0.0195520475,0.003226981515,0.008189777404
-1.188833496,-0.002105722759,0.00674217066,-0.01018308965,-0.01201688577,0.001893514382,-0.02241389767,0.00431980652,0.005152387255
-1.164223125,-0.001646066143,0.005613700284,-0.006784793222,-0.007277540588,-0.001671820028,-0.02668894741,0.01577615171,0.01012434176
-1.134337032,-0.0005073396535,0.007514668512,-0.00248081294,-0.02046246173,0.0006188780783,-0.02413066175,0.01056815854,0.008224713187
-1.202089979,-0.00475559329,0.002744408414,-0.0050421308,-0.02547882074,-0.00198173543,-0.02316932823,0.006829581798,0.007352942022
-1.152323546,-0.004558499965,0.007920723135,-0.008517499834,-0.01049801349,0.003427782107,-0.02416153808,0.006566096667,0.007056131905
-1.149076129,-0.001566810142,0.004796808448,-0.006716604114,-0.008631188595,0.003176828612,-0.02527502032,0.01356405513,0.009454347076
-1.157476249,-0.003403224387,-7.728284488e-05,-0.008510476955,-0.0222135182,-0.0006239111385,-0.02356599246,0.009301552581,0.00812730971
-1.181913076,-0.0007346723463,0.003043644361,-0.002749494501,-0.01646826223,-0.003536955175,-0.02159378799,0.007112999203,0.007448576491
-1.159250702,-0.0003491216013,0.01036636336,-0.003566417442,-0.01043036562,7.156290828e-06,-0.02406587411,0.007334291698,0.009795185196
-1.226462125,-0.003404083438,0.005139688431,-0.01029383204,-0.01588511202,0.002157882068,-0.02402698714,0.01149365422,0.008057399108
-1.174861926,-0.003037562584,0.005193673457,-0.01003313631,-0.02382897708,3.330917427e-05,-0.02306425332,0.00863424355,0.00707189039
-1.148513634,-0.004274192271,0.001043320522,-0.006577808068,-0.009514148791,0.0008251142759,-0.02610156603,0.01033937511,0.00852314368
-1.185917278,-0.00178476458,0.003783995746,0.001556208125,-0.01156008844,-0.0002446036911,-0.0205962452,0.00760594799,0.009295371735
-1.160638132,-0.006219118051,0.0006575486235,-0.005656359917,-0.01873766582,-0.0006931642477,-0.02381464669,0.008216463721,0.007483214821
-1.206264208,-0.01361166299,-0.003862111991,-0.01034753645,-0.02449817467,-0.001054864776,-0.02508532103,0.007733899698,0.007225985635
-1.232350785,-0.01207723255,-0.0005336372385,-0.01139461503,-0.01225910116,0.0005107431954,-0.02583351872,0.01072117404,0.006590665857
-1.157346843,-0.01038727888,-0.007308555008,-0.007732120137,-0.01634416551,-7.857702169e-05,-0.02075359448,0.007824119562,0.007671215121
-1.198838794,-0.0104386154,-0.008202887646,-0.007824336937,-0.02081506124,-0.001616949979,-0.02298795261,0.005041446912,0.006113512053
-1.17926481,-0.01085144972,-0.003020978549,-0.007336550346,-0.01301355348,-0.001273534102,-0.02551315692,0.01022823774,0.009378894531
-1.196715091,-0.01112308621,0.002339606278,-0.00674360518,-0.01130016508,-0.0003931059986,-0.02692146441,0.0113239216,0.00828041554
-1.162377931,-0.007220778062,0.0007769394279,-0.00709629497,-0.01813568186,0.0009122305972,-0.02319121233,0.007662523966,0.008271668154
-1.154489451,-0.008217181145,-0.002164072943,-0.007783269916,-0.02224255285,-0.0002513793662,-0.02198085166,0.005825112295,0.007179386283
-1.224900286,-0.007701860558,-0.003311188773,-0.002532046836,-0.01406191356,0.0008449818909,-0.02326075692,0.01036157165,0.007496906786
-1.15516294,-0.005456942622,0.002561120989,-0.005653486498,-0.01179934635,0.0002738103248,-0.02380176688,0.01073175572,0.00738977964
-1.145736129,-0.005729308835,0.0007793925887,-0.009863223247,-0.01718328323,0.001135599259,-0.02374934643,0.008868822831,0.008770053673
-1.191454102,-0.004412940189,0.0009156930177,-0.009095336479,-0.01703666149,0.0002074273258,-0.02474675366,0.007575943717,0.008932017522
-1.17700263,-0.003129788103,0.003396648118,-0.003678008015,-0.01163734654,0.002178463878,-0.02442366011,0.008243437285,0.009091086765
-1.183912174,-0.001712135576,0.003782523039,-0.005829533306,-0.0171515122,0.001531652942,-0.02139348897,0.008934111307,0.007331450331
-1.178416365,-0.0007862681823,0.002175057738,-0.007058861179,-0.01721376613,0.003454741184,-0.0238251586,0.01158585263,0.008220982364
-1.19600222,-0.001295654035,0.005837332401,-0.003891273475,-0.01093426241,4.881664672e-05,-0.02536185114,0.01060298132,0.009511074682
-1.171871847,-0.0003634014147,0.008030513743,-0.009307366417,-0.009595238743,0.001036787299,-0.02573123111,0.009241069977,0.009938849191
-1.165038402,-0.00198571847,-0.003326127835,-0.002793668129,-0.02169954339,-0.0004104415777,-0.01982255322,0.01003856508,0.01090202778
-1.164585676,-0.0009471918898,0.01049477496,0.0009841783153,-0.02844160534,0.004464115274,-0.02666168974,0.01008594571,0.007540771423
-1.176152513,-0.002505439043,0.005646051324,-0.008810183229,0.0007069354051,0.002663642351,-0.01923868734,0.01592769024,0.008000643412
-1.156932413,-0.0004517862297,0.005820177245,-0.0172599943,-0.005805933097,0.0006127891053,-0.02045128684,0.003702098277,0.007080356339
-1.135181906,-0.001572092524,-0.002156959042,-0.007345052056,-0.02194964256,-0.0003686583528,-0.02217784732,0.004763303786,0.008666389688
-1.151632441,-0.001406006486,0.00639643069,0.006745584863,-0.02401378092,0.0026494368,-0.02326328161,0.01630526364,0.009480676484
-1.202227729,0.001002255965,0.01030736304,-4.104599056e-05,0.0004890947822,0.002884224752,-0.02416016913,0.01938428269,0.01012266267
-1.19541949,-0.001596560981,0.007354269982,-0.01510523338,-0.01729950925,0.000889747866,-0.0225875483,0.002170996651,0.007877901127
-1.161202401,-0.0007978424641,0.005087149877,-0.01452700744,-0.01925415513,0.003885956127,-0.02125302701,0.001049082573,0.006576592978
-1.128013839,0.005649179156,0.005293611751,0.001081743893,-0.009560627837,0.002090843817,-0.01931397984,0.01649573103,0.01175453241
-1.186631282,0.008913317588,0.0171200093,0.01430498729,-0.01732283783,0.008365095869,-0.0227543349,0.01530240557,0.01077282787
-1.167314006,0.006648077687,0.01748039318,-0.006294195245,-0.01550678117,0.002391680661,-0.02269771647,0.01312897777,0.0110175771
-1.155630213,0.006289360524,0.01767750116,-0.01674802023,-0.00692985219,0.004705541992,-0.01791821664,0.000264596745,0.00838957369
-1.222579851,0.006906746257,0.008082439326,-0.007843139759,-0.003847857908,-0.001480582361,-0.02404978451,0.007309945434,0.008681373757
-1.161209413,0.006821896768,0.005860822562,0.003157774546,-0.02767753384,0.002044371428,-0.01920147656,0.01596321374,0.01022915422
-1.201864068,0.006004085495,0.01434957001,0.007447267844,-0.01636444763,0.003784435645,-0.02446291264,0.02215458309,0.009775632092
-1.160199077,0.0001166419073,0.01384946781,-0.00507988431,-0.004823542753,0.004560884014,-0.02578193739,0.01014006909,0.008875793956
-1.197027302,0.003693093671,0.01207007939,-0.01052686267,-0.01096722668,0.003717462824,-0.02040049567,-0.001568214203,0.005514454788
-1.192394423,0.003615553437,0.002144307118,-0.01100486574,-0.02496817441,0.0004400845669,-0.01722375797,0.006623299368,0.008709042232
-1.157583091,0.001795357413,0.006925925573,0.007569864186,-0.01304075329,0.001897195684,-0.02469698792,0.01808916626,0.01083245329
-1.104913183,0.001166398151,0.01076381954,-0.0001353848385,-0.006273917082,0.00110834028,-0.02664039711,0.01930033373,0.009299070574
-1.141801728,-0.001933337092,0.01084517659,-0.01311098106,-0.01943136457,0.001542802015,-0.02110964373,0.001541027378,0.006712575812
-1.113179756,-0.002472364292,0.0015306877,-0.01112272371,-0.02293307302,5.067404159e-05,-0.02179375494,-0.0005641738633,0.003264506015
-1.206872248,-0.001886033635,0.00158479034,-0.001860027879,-0.01522207241,-0.00124682188,-0.02572022209,0.01311881103,0.009056240325
-1.110917425,0.002042812972,0.001784336907,0.00311586532,-0.009929415521,-0.001709036957,-0.02471944451,0.02487260083,0.01048230588
-1.120303866,-0.004170298884,0.005247425828,-0.005311980853,-0.02275489519,0.0002690506867,-0.02517036809,0.007531611032,0.009043737565
3.629819906,-0.004142537689,0.006731518548,-0.01470153477,-0.02057269843,0.001941975323,-0.020627611,0.0004874895832,0.00436615355
4.58032893,-0.005085826048,0.009503223239,-0.01035615909,-0.01131002445,0.003175376793,-0.02140724999,0.006223560096,0.007440393764
4.27295105,-0.003811927828,0.0007506259996,-0.002302337784,-0.007643860771,-0.0005720731449,-0.02242451666,0.01451598163,0.008994759226
4.430983801,-0.001819212089,-0.0002857843881,0.001186358341,-0.02105447313,-0.001902791537,-0.02333629967,0.01216284714,0.00942822365
4.298227323,-0.001443356408,0.005040980771,-0.007548548388,-0.0184301914,0.0003509917654,-0.02461060785,0.01155822506,0.009561978735
4.394248049,-0.002628354317,0.009136031567,-0.00877276991,-0.01105307947,0.0007069514145,-0.02449384734,0.005642366074,0.006070928566
4.369670106,-0.004038772851,0.004438540009,-0.009628431355,-0.01535251699,0.001862555228,-0.02176308187,0.003528272468,0.006784071709
4.408757447,-0.005265318169,-0.0003460685888,-0.004730612988,-0.02275848516,-0.000765470038,-0.02057837204,0.01214587374,0.008196700245
4.366331257,-0.001145470656,0.003728405214,-0.000355919161,-0.01544453426,0.002259918807,-0.02455347817,0.01369033576,0.01073297319
4.382840006,-0.003686675108,0.004529058349,-0.004405337252,-0.0106572101,-0.0007725040711,-0.0248918872,0.01079862385,0.01075272443
4.392120465,-0.01023242938,-0.003345826205,-0.01300173683,-0.02184358305,-0.0009362039598,-0.02147021229,0.000972747363,0.006586663318
4.39901363,-0.0144522031,-0.006419093945,-0.01386484995,-0.02066921335,-0.0007543097949,-0.02540638595,0.00911822673,0.00743840147
4.406449929,-0.01158537814,-0.007526668697,-0.004489017118,-0.01239386849,-0.0004132035398,-0.02482848489,0.012913194,0.007061973335
4.375954387,-0.01033782272,-0.002310704507,-0.004168991574,-0.01251226441,-0.00138833545,-0.02394790684,0.01439918076,0.008470695233
4.382327325,-0.009903580654,-0.003467342785,-0.0087815262,-0.0195416785,0.001185209972,-0.02248731307,0.006166001551,0.007451774354
4.394715762,-0.01020760161,-0.002091372745,-0.01112972501,-0.01812791637,8.760138734e-05,-0.02702713347,0.0008677485561,0.007932820315
4.364383835,-0.007303960014,-0.004546170578,-0.01299309643,-0.01101986205,-0.0002843405438,-0.02397945579,0.01028004306,0.008030138308
4.344794032,-0.005950108691,-0.00358848399,-0.0006322776495,-0.02235771299,7.083527096e-05,-0.02233162197,0.01197367998,0.008714050167
4.394791604,-0.007697123625,0.0003510882738,-0.001774849039,-0.02224111243,0.0002421361425,-0.02373500462,0.01440793406,0.006876429364
4.364075267,-0.007331584359,0.002149494177,-0.008520313586,-0.004861337774,-0.000332206331,-0.02089732379,0.006483393224,0.008448205588
4.40704817,-0.003514947192,0.001395430792,-0.01519034312,-0.01176784494,1.351295366e-05,-0.02366097584,0.0003603908661,0.006858034484
4.384130445,-0.005233271491,-0.005066094748,-0.01125433764,-0.02088662349,0.002220547646,-0.02574487127,0.008365821634,0.008920567077
4.344043752,-0.001669816509,0.001781136092,0.0006793586587,-0.01538058942,0.0009358625428,-0.02223015617,0.019945008,0.00829551334
4.432260143,-0.002952385426,0.009585101738,-0.004059934224,-0.008268471865,0.0007972582639,-0.02533466212,0.01793090626,0.007795656567
4.292935757,-0.003388183586,0.002370041117,-0.009719151882,-0.02450419671,0.001861275986,-0.01957611509,0.001424490214,0.007102262303
4.533331398,-0.003562394775,0.0005649912447,-0.01196085087,-0.02271410108,0.001764581955,-0.02325677153,0.003570873961,0.006479946677
4.167254997,-0.00199207364,0.004210857426,-0.00153573565,-0.001019393156,0.002862052536,-0.02316226459,0.01184216857,0.01128080468
4.782343304,-0.001458304594,0.007732302976,0.0008359465686,-0.004767700691,-0.001136232177,-0.02236939631,0.01095689784,0.01084165377
2.593618352,-1.810596302e-05,0.005652622119,-0.007738500268,-0.02515849404,0.0003818326731,-0.02369501427,0.01083620704,0.0104587169
-1.56070049,-0.003291725749,0.004115745048,-0.007291080616,-0.02251981665,0.003597054729,-0.02392428687,0.00681978064,0.008168100557
-1.021124783,-0.002546189058,0.003322133976,-0.006450321833,-0.006357718841,0.002315421753,-0.0235378273,0.01516936294,0.005099444997
-1.300656742,-0.001321427763,0.0009789750958,-0.009211511926,-0.005754569049,0.003671854828,-0.01995394039,0.00995058692,0.009170313958
-1.110915464,-0.001574928932,0.004509359364,-0.004811253799,-0.01874912505,0.0006248083256,-0.02188303997,0.005675824935,0.01030676288
-1.23661576,-0.00236568075,0.00880317465,-0.002981529892,-0.01559968611,0.001233668073,-0.02767177414,0.007696018612,0.01138423001
-1.157982407,-0.00111757137,0.01086328405,-0.0002341318893,-0.01258988049,0.002589760782,-0.02149243203,0.00969480826,0.007428143069
-1.24683381,-0.002549510293,0.0006010312662,-0.009849794875,-0.01898471368,0.002087022021,-0.02212187271,0.01385084025,0.007705521984
-1.14282642,0.005589043149,0.002362994758,-0.0089578843,-0.01833840098,0.002842939199,-0.02015998078,0.01341883312,0.008729350562
-1.204901092,0.009596131224,0.01090852855,-0.00368338232,-0.008078632892,0.003705818563,-0.02296933972,0.01350953747,0.01029862422
-1.197379108,0.008773464375,0.01890833422,0.0001081641084,-0.006316927438,0.003187634355,-0.02238508771,0.008948946189,0.01163358276
-1.184555986,0.004380230395,0.01716105893,-0.0007572450883,-0.01667955172,0.002981922573,-0.01950077129,0.004795706987,0.01010577463
-1.175120125,0.006588591373,0.01317585314,-0.004577387503,-0.01948720195,0.003878509666,-0.02314710005,0.00805652281,0.007645176848
-1.206580034,0.005871067759,0.008272822037,-0.005218279751,-0.008765401266,0.003314918979,-0.02181775032,0.01699386236,0.008191633407
-1.19472508,0.007539782227,0.01069982084,-0.003462483042,-0.01051120104,0.003366791304,-0.0200855014,0.0115751737,0.00975016136
-1.16523396,0.002250714582,0.008039183082,-0.002610024095,-0.01623813491,0.001751475894,-0.02236452441,0.008453849965,0.009392250095
-1.200300812,0.001995454228,0.01595149207,-0.001596018932,-0.02050324162,0.003480378775,-0.02220344848,0.006394779796,0.00676536697
-1.212552211,0.003375278354,0.01405955465,-0.004991239106,-0.008653645651,0.002826956017,-0.02372080992,0.01048361228,0.008247481516
-1.185979198,7.454346905e-05,0.004996133478,-0.005052087606,-0.01426647621,-0.001289235492,-0.02192721352,0.009904384374,0.007798132537
-1.171102434,0.003624178888,0.001654125904,-0.005161935145,-0.01975831262,0.001651216329,-0.02305328739,0.01188292264,0.008334856237
-1.196975603,-0.0003931116258,0.005783644475,-0.00502262281,-0.01822628516,0.002678778781,-0.02309982844,0.01190302501,0.008048127246
-1.166508121,-0.0006176354231,0.01137668596,-0.003563450149,-0.01180676791,0.003130884936,-0.02361937034,0.009142460783,0.007606091549
-1.16504801,-0.004136785752,0.006954531548,-0.00937756211,-0.01430329988,0.0003854297851,-0.0221036803,0.005190847703,0.009050610128
-1.184050125,-0.004456278546,0.001998252413,-0.007655970587,-0.01879209336,0.0006604768793,-0.02118128296,0.004262346101,0.008763778637
-1.19684873,-0.0009737625488,0.002548095416,-0.0009128619856,-0.0124367402,-0.001709445165,-0.02574395738,0.01096210964,0.007519070831
-1.195122862,-0.002594252863,0.003679160472,-0.004650645358,-0.01487065454,-0.001467973336,-0.02240876712,0.011858833,0.007828429718
-1.18581762,-0.001843622106,0.005250208514,-0.00720985421,-0.01899838626,0.002384486707,-0.02237878066,0.01145741311,0.006846203132
-1.182587762,-0.003745646838,0.004747275154,-0.006471261778,-0.01692663641,-0.0006184915943,-0.02527500898,0.007481828236,0.007117569041
-1.210617432,-0.00546745363,0.004578101529,-0.0006885046052,-0.014552823,0.002013376385,-0.02279609203,0.007766857268,0.009812609868
-1.193826235,-0.00367334906,0.0005056719482,-0.005277164305,-0.01523011356,-0.0009669282572,-0.02105888855,0.00888479062,0.008367559781
-1.176923218,-0.001141440104,0.002667356224,-0.01317883926,-0.01260350618,-0.0004666873814,-0.0232402807,0.00783670321,0.009260031445
-1.196959361,-0.002711355373,0.003497202654,-0.01276820248,-0.01248357012,0.0002919899712,-0.0234208026,0.009672722166,0.006476601354
-1.181619632,-0.003865295739,0.003491077564,0.003223467375,-0.02090978096,0.0008629715036,-0.02224826519,0.0129086426,0.007439781013
-1.183593563,-0.005379407593,0.007054235395,0.005449519116,-0.024889622,0.003500253673,-0.02165494103,0.0108173297,0.007140903935
-1.184346232,-0.00525897877,0.00357889771,-0.008337490498,-0.01100679979,-0.0008521673809,-0.0224713706,0.009935054831,0.007892139919
-1.208432225,-0.008267510397,-0.002536984686,-0.0229186102,-0.009330205812,-0.001293697318,-0.02559226682,0.003075258771,0.006880203416
-1.142298926,-0.01386869403,-0.010427765,-0.01106180304,-0.02093989258,-0.003081385302,-0.02468907776,0.007973948294,0.008001578082
-1.197280202,-0.01128759207,-0.003877200845,8.423837913e-05,-0.02044827608,0.0008286276667,-0.02301343182,0.01263084663,0.008765058801
-1.213051728,-0.01072424085,-3.100943506e-05,0.0001539753217,-0.01142091133,0.0002281126578,-0.02263873953,0.01665620658,0.004480738025
-1.172620469,-0.01013837355,-0.005730594016,-0.006058045941,-0.01789062072,0.00170605867,-0.02838330912,0.002077139639,0.00676226648
-1.184972924,-0.01139681158,-0.006146425964,-0.01201515466,-0.02093812221,-0.0004054629839,-0.02590592701,0.002245644138,0.006026736224
-1.171383728,-0.007714800761,-0.00341697631,-0.01948784948,-0.01298835342,-0.003251314374,-0.01914362669,0.01215639377,0.009420068098
-1.200621901,-0.005951800363,0.005449944501,-0.005406512704,-0.007190905314,-6.152786272e-05,-0.02310259034,0.01118573213,0.01072342462
-1.19205286,-0.009930796063,-0.00423707635,-0.001053235614,-0.01854188619,-0.00103771729,-0.02701655538,0.01176883674,0.009223018287
-1.159560024,-0.008960042337,-0.001059268549,-0.002417550815,-0.0242714665,0.003486183729,-0.01829022245,0.005181662789,0.005614806052
-1.189083454,-0.005678336454,-0.00116392973,-0.01481176948,-0.01459156599,0.0005272002602,-0.0243631679,0.01204505458,0.005652656751
-1.149412597,-0.0030002229,-0.0004049962433,-0.01250676463,-0.01317978176,-0.0001834017416,-0.02215241356,0.01016410154,0.01133631993
-1.179705163,-0.001388271058,0.003149747702,-0.006425504677,-0.01575499848,-0.003361405781,-0.02583010293,0.01153146891,0.01293727066
-1.186578146,-0.004505481306,0.003501784244,-0.001582396501,-0.01808897596,-0.0007177420583,-0.02007678239,0.005658311969,0.00838462451
-1.179228111,-0.001707119153,0.007342546373,-0.00487644616,-0.01088461842,0.003809261267,-0.02605647816,0.008058649421,0.005993075402
-1.246490684,-0.003865274164,0.004528514146,-0.01098926919,-0.01606480945,0.004138680564,-0.02116267637,0.01327834637,0.007433187908
-1.181098975,-0.0007332326558,-0.002142666976,-0.00862576531,-0.01691629062,0.002585298819,-0.0248034962,0.01315640923,0.007501704705
-1.227026227,0.001218579384,0.001328389717,-0.002538396818,-0.01436218159,-0.002837721743,-0.0226175567,0.007473064547,0.01029654364
-1.158235485,-0.001215053216,0.006516351756,-0.004329730737,-0.00982408749,-0.001031644598,-0.02336670296,0.009133909053,0.01179939508
-1.173485041,-0.002385182747,0.009176093208,-0.006121968433,-0.01557873013,0.002767788897,-0.01873666061,0.009729447204,0.007785518802
-1.172434047,-0.005082267767,0.009813359246,-0.01030245236,-0.01828706478,0.00768590965,-0.0251676545,0.01131482568,0.006727344271
-1.181374088,-0.00272485551,0.001165071108,-0.004610869766,-0.01492807562,0.000805581773,-0.02311423415,0.01194973885,0.009416371436
-1.171012515,0.0003326600135,0.002260802173,-0.003542946211,-0.01303036888,-0.0004288985132,-0.02295763235,0.009368760318,0.01012219373
-1.173532178,0.00126025692,0.001691141788,-0.0001511198592,-0.01182026811,0.0004799689654,-0.0210849121,0.009701199906,0.01202190594
-1.192216588,-0.0001330490285,0.01021303545,-0.00841919408,-0.01658703804,0.003980848208,-0.02236599723,0.01291404205,0.009183936132
-1.128704457,-0.002718832929,0.01067804171,-0.01013733634,-0.01580656213,0.004145390173,-0.02054432047,0.009456419867,0.008743004589
-1.16482051,-0.0003504213212,0.004152592886,-0.006041091425,-0.01347364436,0.002958666673,-0.02461857051,0.005882233973,0.006602866479
-1.115624098,0.009689908572,0.007220377081,-0.001990026877,-0.01512559569,0.002696460161,-0.01940365159,0.01037229209,0.01326940485
-1.159724554,0.01006442796,0.0105834191,-0.001867917903,-0.01012344531,0.0001241005964,-0.02134274086,0.01406864619,0.007713091895
-1.142495633,0.008043611108,0.01865085014,-0.003857693485,-0.005951298347,0.002759749184,-0.02410261114,0.0133548274,0.01215792657
-1.170030212,0.004525940256,0.01543749714,-0.006035730049,-0.01389521726,0.004246797158,-0.02225094956,0.00953845947,0.007780205298
-1.157222586,0.005963786861,0.01473492506,-0.004917928432,-0.020728092,0.00327593784,-0.01948562483,0.007514976511,0.009239826139
-1.187813448,0.006872215948,0.01127438245,-0.0009884550794,-0.01300428736,0.004870826427,-0.02343908359,0.01077670726,0.009225967146
-1.198700738,0.004347926937,0.00932917706,-0.002401571141,-0.01386807215,5.532630124e-05,-0.02408751731,0.01135211299,0.008046941094
-1.148739198,0.005351247183,0.009366219864,-0.006659649023,-0.01341753131,0.003328501249,-0.02309149371,0.01460644496,0.01169286972
-1.18567617,0.003165568796,0.01378111552,-0.006826492893,-0.01275241871,-0.0001074909874,-0.02213972966,0.007580664037,0.008162637878
-1.164424019,0.001411343519,0.01034963764,-0.002664850808,-0.01209573129,0.003205368699,-0.0219397587,0.005360681033,0.009508781959
-1.184742941,0.0005036591193,0.005589435977,-0.006677356706,-0.01818231698,0.000553792855,-0.02077219408,0.01042519028,0.00887233656
-1.15478169,0.000756673746,0.005166482551,-0.003510586953,-0.01698196707,0.002304428925,-0.02301381913,0.01068674077,0.007100333713
-1.134648067,-0.000832507692,0.008925498629,-0.007743315336,-0.01241957103,-0.0001491667249,-0.0256967608,0.009061822324,0.00780915388
-1.195562497,-0.00297781032,0.001051606685,-0.00489142128,-0.01416771009,-0.0003047893006,-0.01928404736,0.01108370072,0.008103340639
-1.201401948,-0.00180213272,0.006192106672,0.001841193902,-0.02897900462,0.001201733165,-0.02550148889,0.006358756668,0.01104845283
-1.156409377,-0.002916497333,0.00756606563,-0.005885136067,-0.01243080095,0.0004539714621,-0.02317351177,0.01299408146,0.006822878477
-1.180169729,-0.003134440883,0.003981418928,-0.01759525046,-0.00497311667,0.0008571341712,-0.02020817418,0.006541271156,0.007832044932
-1.16466869,-0.002471081472,0.000366565156,-0.01362623562,-0.0197151149,-0.0006194744799,-0.0253665126,0.003724088595,0.007046220731
-1.159008656,-0.003490080348,0.001306005659,0.00102965162,-0.026754722,0.001194797535,-0.02212760366,0.008888730449,0.008691734736
-1.167547783,-0.00271836679,0.006595242064,0.006506169304,-0.007810476036,0.001861733103,-0.02157673348,0.01867737972,0.009772681437
-1.179294293,-0.00375633396,0.001909878578,-0.008143688714,-0.01153076413,-0.0002822990032,-0.0252755491,0.01115060542,0.007140217582
-1.150237613,-0.002698319762,0.003332893116,-0.01551610402,-0.0231513874,0.002332778046,-0.02190121044,0.0007538962805,0.006852863827
-1.167853449,-0.002357563939,0.004296158376,-0.01135249658,-0.01401622358,2.567899522e-05,-0.02331619587,0.007512059818,0.006247405542
-1.157925661,-0.002563047527,0.009205979777,0.005710333136,-0.009884150718,0.002280779592,-0.02149933545,0.01365774725,0.01086327502
-1.166151731,-0.006522926713,0.003226698197,-0.001732785459,-0.02162840982,-0.0001618159705,-0.02387242187,0.01079278281,0.008482318315
-1.141214323,-0.004894650806,0.001007266325,-0.01128049116,-0.02406952125,0.001581954067,-0.02264465796,0.008429249776,0.006241606746
-1.147099317,-0.006780026,-0.001323225952,-0.01255518945,-0.007173553765,0.0005878255524,-0.02597318076,0.009558541935,0.006136475864
-1.169448806,-0.01223490689,-0.006519932059,-0.007705715979,-0.01129527253,-0.005798687396,-0.02425615017,0.007240210439,0.006971426031
-1.14720548,-0.01050809913,-0.005718926456,-0.003334727757,-0.02853531983,-0.0008383299704,-0.02324250261,0.008022926016,0.00955345136
-1.200057186,-0.01265371537,-0.0008961322985,-0.005730736059,-0.02599134069,-0.000216840578,-0.02521881369,0.009762580802,0.007206453173
-1.181175563,-0.01238305791,0.003013956924,-0.008989209192,-0.005390358634,0.002111695423,-0.02516772815,0.009772969146,0.005910812589
-1.184419584,-0.01268468301,-0.008791203421,-0.01565564558,-0.007526252282,0.0003406550746,-0.02122603531,0.007426578169,0.005979373597
-1.171425785,-0.01001943093,-0.0149593541,-0.008910833798,-0.03635236721,-0.0006476241368,-0.02288061871,0.004901972924,0.00794565865
-1.182523754,-0.003183381637,0.003099275564,0.0001179495915,-0.02088475962,0.0008211059047,-0.02532506416,0.01345089386,0.01067292115
-1.179734493,-0.006608431195,0.008314561462,-0.0004903758615,0.006567563126,-0.0009894432781,-0.0264108055,0.0153729606,0.01009852711
-1.180866419,-0.009253495426,-0.001404934355,-0.01374483097,-0.01602238605,-0.001887041108,-0.02118233439,0.0008954454267,0.006955544985
-1.153714843,-0.008777212524,-0.007645086848,-0.01806260818,-0.04110795851,-0.001090680618,-0.02190473787,0.001446742562,0.005560463814
-1.127381485,-0.004434025246,-0.0008686638803,-0.001757916394,-0.01177205144,0.004427706121,-0.0264404745,0.02127260597,0.008891147073
-1.172436412,-0.00172077518,0.008626203971,0.003824115621,0.009923050874,0.001422644597,-0.0243600923,0.02205057788,0.01132049654
-1.197075788,-0.002076996904,1.794725888e-05,-0.005634886062,-0.02160927329,-0.0004917253251,-0.02095394522,0.001051532187,0.008248968124
-1.094523597,-0.004054047661,0.003597296315,-0.01621305229,-0.03849443632,0.002985057773,-0.02051677879,-0.006233385269,0.007457244397
-1.294650545,-0.003369468507,0.006524062881,-0.009694221618,-0.0005628513866,0.003190104481,-0.02382471286,0.01734327702,0.007206912463
-0.97448114,-0.001315886158,0.01027873755,0.0007365755604,0.002628402451,-0.0009363446703,-0.02295809211,0.02221280793,0.01192843654
-1.476846958,-0.002579859398,-0.0002912795015,-0.00336867184,-0.02813349648,-0.0009249771728,-0.01998163842,0.004963276523,0.008970517178
0.1159269294,-0.002547593198,0.001451940208,-0.00696739459,-0.02894117146,0.002597649736,-0.02236372776,0.001265399597,0.008445889159
4.65926398,-0.0002378111545,0.009645162474,-0.005252815163,0.00137838295,0.005242137901,-0.02578417963,0.01233443027,0.01005064368
4.228873832,-0.002205029821,0.005933184674,-0.005112607675,-0.003233628847,-0.002203534708,-0.02240325967,0.01681424514,0.009501131841
4.460424836,-0.002075287764,0.000319681478,-0.007354054861,-0.03380396918,0.003147736893,-0.02034525158,0.006871216273,0.01162841352
4.389833756,-0.0005554009728,0.005392495806,-0.003503013093,-0.02250104517,0.003456404739,-0.02453656219,0.01022846831,0.008343456206
4.407357584,-0.001832577669,0.01153062749,-0.0002403479276,0.001556082831,0.004031225951,-0.02325650068,0.00901499951,0.008636159307
4.355581626,-0.0007674499237,0.003753892533,-0.01001365169,-0.0111962137,-0.0001060735162,-0.01987303974,0.01032420013,0.008717420689
4.404568496,-0.001090890303,-0.001282622249,-0.010055155,-0.03233372335,0.001974306616,-0.02214710288,0.009251496739,0.01063364575
4.363545932,-0.002647990331,0.006105849277,-0.003359712394,-0.008352951869,0.003815773542,-0.02865549607,0.01718865323,0.01083489736
4.389393939,0.006253702088,0.01509729654,0.001973068166,0.002304130358,0.002418365764,-0.02288345165,0.0142884365,0.009183450437
4.348543099,0.009644545338,0.01770792231,-0.004874868203,-0.02037257623,0.006377302964,-0.01610701581,0.001067856537,0.008771482596
4.41498614,0.007350031312,0.007522421548,-0.007828146842,-0.02279179945,0.003103032043,-0.0225047836,0.007022641645,0.007067970745
4.36869135,0.006397906289,0.01300907403,0.00368422508,-0.01189059189,0.004959164165,-0.02503493361,0.01486452162,0.01067472514
4.426155421,0.007426176172,0.01686779655,0.0004932700048,-0.005414872676,0.001777305893,-0.02213477799,0.01896553416,0.01279581013
4.367300483,0.006462145096,0.01206725814,-0.006099494514,-0.01491918954,0.0008367941634,-0.0177297764,0.005537312598,0.00869797036
4.417465523,0.005212592039,0.008845321762,-0.01037918001,-0.01940202278,0.003956342822,-0.02436331498,0.00154512198,0.0076300017
4.380859658,-0.0002006215622,0.009127328972,-0.00512079732,-0.01328177224,0.003509417045,-0.02369698015,0.01086324744,0.007692364712
4.374132829,0.004768611662,0.0111213517,0.005473584029,-0.01050203389,0.004150487139,-0.01810583836,0.01932310129,0.0103636644
4.373342545,0.003483102678,0.008932197549,-0.001614975271,-0.01753601651,-0.001450560941,-0.02257958033,0.01549721924,0.008681033933
4.422957633,0.0005663468402,0.007372658822,-0.007281701122,-0.01929049239,0.002201784838,-0.02292715083,0.00354032672,0.007911593095
4.34562575,3.636864896e-05,0.006761085331,-0.01213173725,-0.01128548226,0.001025542283,-0.02402823252,0.006364764263,0.007658391228
4.392820583,0.0001128804596,0.00992099889,-0.005684891322,-0.01063945924,0.0009683119512,-0.02040347519,0.007123768749,0.00921105954
4.393436097,-0.003110064117,0.006101712669,-0.002088774627,-0.01856360051,0.002493183987,-0.02093843084,0.01117045271,0.005708683687
4.349412287,-0.002564886372,0.003950601697,-0.004087210262,-0.02255255821,0.0007961104133,-0.02652061493,0.01248177488,0.009146114894
4.460185293,-0.002971823482,0.007048832774,-0.003542100843,-0.01129549499,-0.0004868746087,-0.02414318187,0.005349428127,0.007513609904
4.28292556,-0.004435185425,0.002572038836,-0.01303199211,-0.01314232863,-0.002662677314,-0.02147460743,0.005676586718,0.005324326777
4.474234751,-0.003226051824,0.0005036116211,-0.01109669931,-0.02053618272,0.002269205143,-0.02248614695,0.009727859044,0.00894270408
4.176362969,-0.001832758288,0.006296562737,-0.002247796819,-0.01825903553,0.002194141735,-0.02525563319,0.01538136249,0.007926463704
4.723326337,-0.004612936454,0.007635264071,-0.002733396085,-0.01170949118,0.0004344115776,-0.02361176713,0.01096318256,0.00848784274
0.5955615208,-0.003518785026,0.004310316941,-0.006109499,-0.01535846099,0.0006309250749,-0.01978974375,0.006136989817,0.006711592951
-1.547893461,-0.002973481111,0.0007824129388,-0.01041268133,-0.01889333805,0.001448259332,-0.02368891663,0.005426403232,0.007654090429
-0.9797746067,-0.00217893796,0.002012308396,-0.006358746576,-0.01381900123,0.001425963959,-0.02599536181,0.01169588779,0.007714044909
-1.305994867,-0.001982225204,0.003905126116,-0.003855607483,-0.01450034071,-0.001563308309,-0.02350390755,0.01437134539,0.009980208061
-1.087865914,-0.00322525582,0.003814226673,-0.00267510594,-0.01623093163,0.0001979003135,-0.02133825056,0.008074301706,0.007735566362
-1.220120861,-0.003159090719,0.003311301456,-0.005099478748,-0.01850724306,0.001322538601,-0.0246065833,0.004750180751,0.008340793799
-1.165821139,-0.003976457795,0.002864803655,-0.009828764999,-0.01481941266,0.0008088774777,-0.02355589648,0.007365547023,0.007284309338
-1.184094283,-0.01121941053,-0.00699437611,-0.008410639588,-0.01547275894,-0.002196892582,-0.02242512216,0.0117501562,0.008688683599
-1.174989798,-0.01240928625,-0.00731894802,-0.006728902299,-0.01701456221,-0.001345392245,-0.0243185675,0.009507676763,0.007074407752
-1.160577348,-0.01080060701,-0.004395870038,-0.007399464751,-0.01928820775,-0.001873126808,-0.02438668843,0.008654743196,0.008108063915
-1.215847432,-0.01091169164,-0.001190253335,-0.008817270276,-0.01704913591,0.0008460144822,-0.0261418774,0.005464115773,0.00688154469
-1.183346139,-0.01225424708,-0.003909047216,-0.00956112078,-0.01307711488,-0.002248660021,-0.0232821839,0.008441684103,0.00676854908
-1.166879568,-0.009353674619,-0.005707792598,-0.007516555035,-0.02019858575,-0.0004535707783,-0.02305624822,0.01147270834,0.007252931676
-1.170935287,-0.006510397246,-0.0009712872006,-0.003853436401,-0.01599058504,0.0006630379055,-0.02529878214,0.0152851203,0.008822802898
-1.199084932,-0.005365249364,0.001816881732,-0.009483143791,-0.01324113892,0.001395227029,-0.02502888396,0.007823422358,0.009582263674
-1.16808423,-0.009711499694,0.0009763827006,-0.01677052019,-0.01293505631,-0.0001406005339,-0.02195850358,0.002407093753,0.00880036392
-1.171838865,-0.008168738661,-0.002075429255,-0.008665936066,-0.02404502715,0.0001834329097,-0.02330065711,0.005833341606,0.008804622031
-1.225960746,-0.005723989422,-0.002535542073,0.004192210952,-0.01747553327,0.003660589978,-0.02289881363,0.0146923954,0.01148020371
-1.156173607,-0.003694673622,0.003303130687,-7.627115942e-05,-0.009339504733,-0.001843951889,-0.02311862795,0.01340847713,0.008456210441
-1.218325634,-0.003070808903,0.007901588227,-0.01343824919,-0.01016050089,2.976251239e-05,-0.02369903877,0.002780864622,0.007453242047
-1.188315927,-0.003506957386,0.002116589025,-0.01747940546,-0.01682156163,0.00287881635,-0.02560961992,0.006220487718,0.01050039662
-1.229789919,-0.003020643067,0.003309014887,-0.0065777541,-0.02486616062,0.002666325137,-0.02219443041,0.01312942789,0.006604694991
-1.166603869,-0.0007952592791,0.002430350848,0.003506213369,-0.01231308023,0.002317122947,-0.02262957921,0.0209642513,0.01037035841
-1.19421412,-0.001496798361,0.004734208991,-0.001694995784,-0.009880832239,0.00165890209,-0.02134213545,0.01219956186,0.006599003902
-1.18041851,0.001003390457,0.005209858453,-0.01116281772,-0.01148850943,0.003698948241,-0.02197405453,0.002868273236,0.008807540895
-1.180808674,-0.002029430747,0.008600863222,-0.0173043768,-0.01864094814,-3.094808858e-07,-0.0218884489,-0.0005592584118,0.008699788732
-1.168882244,-0.002548444434,0.001723768479,-0.002494704204,-0.01246530926,0.0004276107057,-0.02302687903,0.01233724209,0.009934867339
-1.212393316,-0.0009225433543,0.004789966458,0.008965002523,-0.02979046342,0.004760542182,-0.02468995163,0.01875213908,0.01058574598
-1.229172407,-0.0009344433505,0.006200315886,0.001779390799,-0.01282538054,0.003069274411,-0.02399897683,0.01833009693,0.006825732688
-1.177895644,-0.001661307266,0.005342547088,-0.02045834976,0.0009573605331,0.002762456613,-0.02047259373,-0.0018017084,0.006081860206
-1.178234572,-0.000367408809,0.001270212833,-0.01918860263,-0.01137686901,-0.0007106256111,-0.02351618167,-0.001091348851,0.009944756546
-1.190577473,-0.0004051542268,0.005005720376,0.00258665762,-0.02682689877,0.003047109865,-0.02283146831,0.01432535348,0.01059804981
-1.149076074,0.001487289787,0.009495204823,0.01004622117,-0.009685245503,0.001641512426,-0.02207011243,0.02430019961,0.0089048001
-1.159037793,0.001811377491,0.01161513188,-0.005597574911,-0.008459200265,0.001106148904,-0.02378347496,0.01106953956,0.008521012307
-1.164737263,0.007087791933,0.01289319075,-0.01846060715,-0.01833078714,0.007520746693,-0.02041690925,-0.001543833293,0.004665756849
-1.158483608,0.008109561725,0.008712345659,-0.01145004948,-0.01531862197,0.002758046371,-0.02122032454,0.008597853731,0.01079680903
-1.170339075,0.006188137267,0.01774362004,0.0116841248,-0.003940606644,0.006823229586,-0.02345797293,0.0162647094,0.01244780883
-1.176621815,0.006498668046,0.01390952853,0.006228405152,-0.009118128237,-0.002602445111,-0.02255031936,0.0180164505,0.01129154544
-1.185277884,0.006588344934,0.01416072371,-0.00892479087,-0.02413147469,0.003967986303,-0.02143842686,0.001858338417,0.008271907765
-1.204448005,0.004806214118,0.01358986936,-0.01493840577,-0.01603770564,0.005194945379,-0.02667146631,0.004603803093,0.005202215916
-1.173178356,0.002800054363,0.003252522279,-0.006863535871,-0.01227003304,0.002222855769,-0.01925199984,0.0133395473,0.007839689899
-1.209949828,0.003853673301,0.01093130188,0.003428056115,-0.01113100265,0.001789289148,-0.02374857678,0.01849365563,0.01151357445
-1.161540322,0.004084159175,0.01076031294,0.001307343282,-0.01522611572,-0.002654749101,-0.0201946576,0.007869626517,0.01034292209
-1.21747381,0.001532649576,0.01489775529,-0.005944994488,-0.01162683001,0.00478212477,-0.02536349955,0.001615363976,0.008772262268
-1.188697632,0.0001242317195,0.007666946247,-0.01157379538,-0.02063177301,0.001628791942,-0.02156587922,0.01074385485,0.007773032958
-1.174786215,-0.002119288002,0.00214785312,-0.006256570766,-0.02039087608,0.003184785701,-0.0222158213,0.01353690458,0.007335497035
-1.212589732,0.0003689527811,0.001354769725,-0.0009315745166,-0.01399327349,-0.0007478107892,-0.02376528441,0.01773746307,0.007553246401
-1.175284892,-0.001164527495,0.005318392112,-0.000573111051,-0.01311593835,0.0002470119233,-0.02485427441,0.004813742497,0.009581074308
-1.134955095,-0.002171459495,0.006960095124,-0.007779771138,-0.01597211693,-0.001287506389,-0.02101002703,0.0007663559127,0.00670960879
-1.143294712,-0.004343899596,0.007588102428,-0.01394935164,-0.01973094017,-2.973907203e-05,-0.02502269524,0.00802023407,0.007850172522
-1.128980792,-0.004140251729,-0.0002862107297,-0.007098219518,-0.01433587683,0.001930786816,-0.02289853241,0.01805787579,0.008055611667
-1.194031899,-0.001384398391,0.003621644617,-0.001117024714,-0.01359952069,-0.001869978095,-0.02679651788,0.01229524558,0.009901850162
-1.180109608,-0.001318709427,0.002304068016,-0.0004056544395,-0.01691365474,0.0002946248221,-0.01887676694,0.001253047804,0.007037218012
-1.191545818,-0.003873066181,0.008050981178,-0.008671219708,-0.0170009903,0.0005664013836,-0.02101646237,0.008657818227,0.004539950589
-1.169666741,-0.004346860295,0.007345679913,-0.01158664061,-0.01095539765,0.003758363781,-0.02155434305,0.01507560426,0.008283418067
-1.166599123,-0.00486496965,0.001377314143,-0.002785477729,-0.0160954965,0.0003947220913,-0.02814826112,0.01468407604,0.008283585904
-1.179271724,-0.001658295053,-0.0003885325398,-0.00410133158,-0.01964866235,0.0002791237717,-0.02527247894,0.00642976308,0.01013018549
-1.181406047,-0.002763360026,0.00275227759,-0.004535758256,-0.01512494753,-0.0003801206812,-0.02018273006,0.005719360322,0.007607984981
-1.167288689,-0.003624306366,0.006498539091,-0.007346736944,-0.01022494133,0.001943102799,-0.02164548714,0.006413222706,0.004740774007
-1.166008112,-0.004573783672,0.006628218884,-0.009629635678,-0.01435825682,0.001118432374,-0.02341343028,0.01354580808,0.008083432286
-1.189917289,-0.0100672509,-0.002638843202,-0.005845907189,-0.02390220543,-0.002385701965,-0.02254748119,0.00790046717,0.008617445531
-1.190348789,-0.01100613983,-0.007165774924,-0.004921017399,-0.0157757069,-0.0006915227941,-0.02826059442,0.005147544274,0.009188398851
-1.153605624,-0.009110812201,-0.007392421437,-0.006635135006,-0.01885976894,-0.0002988018785,-0.02258908885,0.005749984766,0.006366472643
-1.209738491,-0.01185546018,-0.001208749919,-0.01268731852,-0.01327707545,0.0004013516769,-0.02639038726,0.01187534346,0.006792383024
-1.192293143,-0.01218490566,-0.002087842333,-0.01109774444,-0.01474388367,-0.001624785607,-0.02428152993,0.01151592086,0.007784388342
-1.163608663,-0.01116259674,-0.004146057055,-0.005918327927,-0.01513296843,-0.000696989192,-0.02238520899,0.01043035467,0.007177853582
-1.186500258,-0.006651250049,-0.004864944829,-0.007024114036,-0.02220180274,0.0009459511989,-0.0214931391,0.007186241869,0.007827387565
-1.192659671,-0.004051466511,-0.00183108108,-0.004872073781,-0.01508426009,0.0005390709495,-0.02514005271,0.007614690552,0.006698249272
-1.136350681,-0.006559371908,0.002170018085,-0.01168922049,-0.01010881081,-0.0005841853531,-0.02832201312,0.009291513747,0.006986267422
-1.17286583,-0.009524038515,-0.005686761998,-0.007398000889,-0.01247056411,-0.0006042343877,-0.02245300499,0.009775233762,0.007743409429
-1.209809362,-0.006834374702,0.002904374908,0.002094718701,-0.03374143694,0.0001255717475,-0.02307753163,0.007436999504,0.007812141472
-1.169089419,-0.004462134862,0.005205131266,-0.005749424262,-0.01456734931,0.002387544748,-0.02266519718,0.01236349219,0.008972561686
-1.180205771,-0.001520426563,0.000817418315,-0.01517651918,-0.0002848045043,0.0001222487041,-0.01909460137,0.01047092267,0.005994248776
-1.171627726,-0.001977739185,-0.001515524899,-0.01734539594,-0.01349180977,0.001160249834,-0.02719593215,0.005439909106,0.008193580093
-1.142568602,-0.004232235354,0.001105861607,0.002844541726,-0.0246297875,0.0005538480858,-0.022517178,0.009157772959,0.01021364363
-1.17600954,-0.002635918279,0.00887476193,0.005717675809,-0.009993958914,0.002061027569,-0.02508247021,0.01743333033,0.008648054336
-1.182462369,-0.001400569465,0.005259415003,-0.008635841048,-0.01223163825,0.001036503363,-0.02278398768,0.01275978805,0.008606809125
-1.186264175,-0.00233887263,0.001942282152,-0.01586485106,-0.02127567854,0.002652968833,-0.02241543457,0.003749666309,0.003772675988
-1.190954173,0.001085462222,0.003024131519,-0.01108524152,-0.008934942464,0.002816955058,-0.02459991069,0.01064669786,0.008080260756
-1.18680293,0.0001366167623,0.009474031774,0.008408609116,-0.009247036279,0.002342306498,-0.01931264247,0.008318869228,0.01140096571
-1.164173572,-0.001843935698,0.007297321462,-0.003639558102,-0.02418628386,0.001567496018,-0.02318106392,0.009840214781,0.00852385877
-1.208888461,-0.002864834371,0.002402722669,-0.01311065988,-0.02054719089,0.00225689829,-0.02145009204,0.01236759861,0.008213709498
-1.185418634,-0.001751651773,0.005029522417,-0.009585865238,-0.002687899596,0.002175882999,-0.02611893251,0.01071359613,0.005600727548
-1.17499006,0.0003034532851,-0.001065245214,-0.007904443514,-0.007305016869,-0.0007038600422,-0.02116827956,0.00744482159,0.01013502513
-1.172098514,0.002013613194,0.006010641698,-0.002315069365,-0.02657822846,0.001405257545,-0.02005802479,0.006693925413,0.009131872194
-1.195627897,-0.0005610931716,0.01103120828,-0.001748441755,-0.01670371234,0.003284480862,-0.02697999769,0.01690293069,0.00944271903
-1.174319205,-0.002106883955,0.01149040389,-0.004270181379,-0.004017129584,0.004685987937,-0.02627652173,0.01480387621,0.007840894947
-1.146659331,0.006163668252,0.0110894873,-0.01033921796,-0.008886532895,0.003957002682,-0.01968566047,0.007475617896,0.008210401004
-1.193956475,0.008287883344,0.008297611585,-0.006021119237,-0.01974640674,0.002575555534,-0.01938870463,0.002960549634,0.009093717518
-1.147188694,0.009848262907,0.01255206818,0.003133760299,-0.01374798266,0.003391090026,-0.02282703705,0.0130362486,0.01052381496
-1.186086903,0.007605748228,0.01801888231,0.0004144977054,-0.008861319211,0.002757771442,-0.02217777838,0.01893334925,0.01094017489
-1.170843102,0.007292403166,0.0151259499,-0.006909336883,-0.01652013514,0.004278705623,-0.02152573379,0.009162406797,0.007435604015
-1.174355913,0.003981346451,0.0101077148,-0.007938105889,-0.01608253684,0.002224669353,-0.02212250053,0.00443354217,0.007430956342
-1.147014256,0.003474385706,0.007249077174,-0.001809059946,-0.009343109238,0.002205422109,-0.02165268487,0.009728272457,0.009563649774
-1.168529729,0.004485998108,0.0100936576,0.002259763987,-0.01257518092,0.002422358853,-0.02128894425,0.01632069517,0.01001835277
-1.14373317,0.004705551476,0.01317439879,-0.0009383937731,-0.01616789638,0.002412854369,-0.0229331257,0.01357753741,0.009085182905
-1.150016306,4.431821448e-05,0.01072415794,-0.008903431053,-0.02167120639,0.005405740462,-0.02314014605,0.00841627086,0.006813775272
-1.152279947,-0.0005457602351,0.006044822068,-0.01388257599,-0.01619047544,0.001384175973,-0.02047452298,0.006637872941,0.006936975957
-1.12502107,0.0007923007506,0.007655374918,-4.51704588e-05,-0.0064175522,0.0002782986814,-0.02339715755,0.006979549522,0.009105424232
-1.189589497,-0.0006576925722,0.005021942364,0.003236813066,-0.01145075576,-0.002151073925,-0.0243340325,0.01149986434,0.008841505618
-1.150238356,-0.001390665932,0.005989622365,-0.008131680945,-0.01984490759,0.0007432987631,-0.02245470029,0.01031897977,0.007216848996
-1.180737891,-0.002063963914,0.005018931563,-0.01415659637,-0.02329149626,0.000961586615,-0.02478240627,0.005122710509,0.006301363639
-1.135405253,-0.003414390664,0.006379826342,-0.007738210665,-0.009748302162,0.0004275745355,-0.02457514316,0.01413359083,0.008670820277
-1.180353651,-0.004234542662,0.002064681557,-0.0008028582106,-0.01306357314,0.0002296195172,-0.02096349071,0.009723976299,0.007820199151
-1.059952218,-0.002052288806,0.002050572253,-0.0009095300349,-0.02114265578,0.0004092761234,-0.0211387443,0.006843269565,0.01001653414
-1.258781485,-0.00172751896,0.005715646005,-0.007348048154,-0.02218869036,0.000342639505,-0.02313654336,0.003541796977,0.006823262744
3.427183868,-0.002458262474,0.007569114988,-0.01146976823,-0.007768998787,0.0009391907569,-0.02502596318,0.01405815363,0.00711457759
4.649711863,-0.003651068,0.0003651457062,-0.009106672711,-0.01340217431,-0.001130164557,-0.02266329718,0.0125235368,0.009865577991
4.291953255,-0.001944848017,0.002383265767,-0.0005240973539,-0.02035596738,0.001238914436,-0.02167262786,0.006432938459,0.007713076221
4.476127324,-0.001039068227,0.00267280479,-0.00277455484,-0.01678720885,0.0007633480743,-0.02247572837,0.009954784631,0.007330639596
4.301060757,-0.003433857933,0.009978684418,-0.004693063924,-0.008089394697,0.002756356423,-0.02479639647,0.008062097194,0.009096523886
4.398488948,-0.003130537207,0.0002694373707,-0.0139426495,-0.01273460273,-0.002629531706,-0.02474861197,0.007091235699,0.008781502018
4.3766125,-0.004934931174,-0.002099648597,-0.004424520943,-0.02698264713,-0.0007692145064,-0.02077300738,0.008403534689,0.008255006644
4.408326507,-0.0053365485,0.001304611489,0.00204378583,-0.0249988635,0.001585887688,-0.02530727832,0.01412802864,0.007613628518
4.354192612,-0.01310101252,-0.0004653855489,-0.006566109583,-0.006032306731,-0.0006130770074,-0.0223265224,0.01244225538,0.007330833382
4.378403673,-0.01116600834,-0.00464728745,-0.02221512556,-0.01079720313,-0.003183220726,-0.02198498643,0.002546802551,0.006057782604
4.34531167,-0.01255662702,-0.01010555763,-0.01609742748,-0.02931448637,-0.003217790959,-0.02540196398,0.001091714604,0.006425575346
4.376041128,-0.009230427263,-0.00639494181,0.003127073572,-0.01572883257,0.001290690643,-0.02673173812,0.01528109512,0.01151802874
4.350896071,-0.01077738154,-0.001963211106,0.00252678161,-0.006186783082,-0.002573008095,-0.021515887,0.02077561138,0.008056462037
4.386286153,-0.009824458614,-0.002106449255,-0.01346245744,-0.02105139917,0.003850657523,-0.02292174377,0.005685866276,0.006390444939
4.41412467,-0.008301785254,-0.002767273297,-0.01736062597,-0.02517981862,0.001000208867,-0.02303517772,-0.00163356448,0.005603529565
4.413968063,-0.007556460514,-0.001245317267,-0.01021687144,-0.008184970691,0.0003116302666,-0.02403363592,0.007540855296,0.01131128974
4.342026312,-0.009208949911,-0.0005546542412,0.002630645725,-0.005507531867,-0.001123582935,-0.0192448731,0.0116553155,0.01206778738
4.37700706,-0.006557632147,-0.002305091924,-0.006146961047,-0.02382226154,-0.001152235735,-0.02500885582,0.01155182304,0.008831733302
4.357184733,-0.00438530747,0.002461478949,-0.01018737471,-0.02402229513,0.004208750307,-0.02436870604,0.007664053602,0.007280843974
4.400838728,-0.004648442737,0.003058785173,-0.01129022748,-0.006702316465,0.0001630232582,-0.02733083485,0.01118700502,0.005890325056
4.373067041,-0.002994665108,0.00162291385,-0.006576471633,-0.01056579147,-0.001661303995,-0.01819231146,0.007786012454,0.009343501401
4.437125096,-0.001349670444,0.0004732585523,-0.005324110777,-0.02461059228,-3.130618363e-05,-0.02228866142,0.01025689684,0.009450269365
4.318806733,-0.004347897102,0.007138207085,-0.003484397603,-0.01705142542,0.003060652761,-0.02370551777,0.01423344729,0.01059263285
4.42902485,-0.002531217803,0.008288026572,-0.004365537069,-0.003678144693,0.004169208384,-0.0249960254,0.01024219477,0.00754734176
4.248144827,-0.001921291404,0.006345008864,-0.0127114802,-0.01366936056,0.002530171344,-0.01822816081,0.003625046878,0.008281604366
4.449356915,-0.0009728404952,-0.003192527832,-0.008214833354,-0.02358796707,0.0004536402938,-0.02260738363,0.002960845472,0.007191198485
4.152321569,-0.001105166497,0.00234815257,-0.0006313083341,-0.01505739775,0.0006875072852,-0.02519143562,0.0154782367,0.01119289538
4.765228078,0.0004754230076,0.009359015382,-0.002296960659,-0.006209405382,-0.0005000037518,-0.025829932,0.01675202908,0.009093992864
2.720890142,-0.001958688264,0.008188354811,-0.007875691238,-0.01669092392,0.002141869032,-0.0194739836,0.006908754216,0.008847164984
-1.525329688,-0.002364924131,0.002541192842,-0.01067147742,-0.02158613357,0.002987588049,-0.02457664405,0.00287085239,0.006072088351
-0.9979784446,-0.0005681696066,0.002598293416,-0.003774144695,-0.0118516726,0.00208806249,-0.02318268836,0.01174195025,0.009437054761
-1.324138103,-0.0008008815751,0.004629893806,-0.00166348104,-0.009362106846,0.00373142286,-0.0210776947,0.01608523746,0.009099849575
-1.087671836,-0.000561518307,0.004096324171,-0.003488682426,-0.01785241858,0.0006129625507,-0.01957974945,0.01347967512,0.01151121328
-1.208425119,-0.002386983331,0.008943379338,-0.008671711533,-0.02090155398,0.005440787471,-0.02421601921,0.004496523336,0.008318648986
-1.140961086,0.002887743371,0.01286096975,-0.007584388201,-0.004915608491,0.002717098327,-0.02226819451,0.008299425712,0.00822732362
-1.226410355,0.008783744642,0.01126047533,-0.001523114459,-0.01024838445,0.0036014014,-0.01985517613,0.008899387499,0.00988387661
-1.164648239,0.008197559727,0.01101492373,-0.001258145283,-0.01632051035,0.001228667851,-0.02066584157,0.01476500469,0.008588372115
-1.195549535,0.006869438452,0.01369275018,-0.0009355019244,-0.01689918643,0.004214999006,-0.02328327474,0.01385702969,0.008752312934
-1.212609387,0.004924839893,0.01601889234,-0.003733978854,-0.006725027238,0.005228655278,-0.02365164324,0.007113386107,0.01178132543
-1.199802654,0.00380141981,0.01359938172,-0.004442050238,-0.01332587629,0.001555850711,-0.01971954383,0.004670257311,0.007551795179
-1.212595916,0.003609610719,0.009799821009,-0.006777943284,-0.02002584734,0.004481463643,-0.01883242347,0.006260341023,0.009669874014
-1.188194431,0.003081617298,0.008089918323,-0.001658287037,-0.01281196949,0.001070551016,-0.02405021969,0.01803113773,0.008515918169
-1.191569392,0.005088604201,0.01330358699,0.0003361690472,-0.009547686333,0.001277902518,-0.02291049058,0.01086399108,0.009895555247
-1.167755356,0.004277165178,0.0100569932,-0.005755283216,-0.01435810164,0.0001736379819,-0.02151263266,0.01084865823,0.008060488316
-1.219498629,-0.0003227495658,0.00675052592,-0.0067572096,-0.02117922415,0.003958416708,-0.02286867125,0.007122662246,0.009725245847
-1.189979281,4.229292957e-05,0.007068887252,-0.005575573253,-0.0105399216,0.004511972067,-0.02557107436,0.01379152561,0.007172610361
-1.198765716,-0.001286713256,0.008871992395,-0.007719333578,-0.0147314974,-0.001250727136,-0.020536077,0.009633113037,0.009248428379
-1.170511882,-0.0001423346552,0.005336171407,-0.003460364311,-0.01863648531,0.002584603403,-0.02192787451,0.004577754497,0.00799948798
-1.213881147,-0.001931523719,0.002626630561,-0.005188797809,-0.02246673222,-0.0005312856099,-0.02490931407,0.007839832597,0.007664287389
-1.19862676,-0.002717141966,-0.000808279554,-0.004446934128,-0.007492850371,0.002394519855,-0.02278531816,0.01311121125,0.007920385961
-1.134133399,-0.002812257818,0.008898454269,-0.001128598873,-0.02234554398,-0.002001969659,-0.02544821137,0.009997327389,0.006381154933
-1.145023136,-0.003830034993,0.006347609405,-0.009872315515,-0.01271841398,0.00268605124,-0.02201254504,0.008626196085,0.008356557652
-1.197023688,-0.002238215624,0.00543912805,-0.01433143725,-0.01314586712,-0.0006587306323,-0.01947633792,0.004414801032,0.005641581087
-1.178691147,-0.002789747519,-0.0007068326355,-0.009548330236,-0.01921196305,0.00276373502,-0.02650831207,0.01008960837,0.008703522795
-1.215129933,-0.003932018284,-0.0001226209745,0.003551982997,-0.02092501037,0.001583381369,-0.02297094589,0.01943534231,0.008819038732
-1.174109673,-0.003166506657,0.008210007834,0.001114803637,-0.01097520149,0.001656958336,-0.02044894945,0.01473183899,0.007193400757
-1.176028315,-0.002902004092,0.005911172868,-0.01203547673,-0.01083412289,-0.0002370016609,-0.02257255807,0.00236912703,0.008282449627
-1.202497896,-0.004115299191,0.00452844731,-0.01534689816,-0.02491241308,0.0005855396009,-0.0237643781,-0.002482463376,0.007191172012
-1.134603273,-0.002364344202,0.001571434119,-0.00550558722,-0.02017421207,0.0004985619913,-0.0234804635,0.01388202104,0.01151595166
-1.172609774,-0.003146785375,0.007186751761,0.005979530688,-0.01297039171,0.001376374435,-0.02274709303,0.01904520902,0.006377836747
-1.183272811,-0.004245302898,0.002379762446,-0.003270212423,-0.009710454509,-0.0008745162374,-0.02357193471,0.01079614826,0.007731780674
-1.161043677,-0.01255648898,-0.006506648758,-0.01824825339,-0.02494283315,-0.0003300599865,-0.02134279353,-0.0003604918698,0.008074755208
-1.147232517,-0.01358191601,-0.005539022814,-0.01381730586,-0.01398021727,-0.001340292613,-0.02852634597,0.005539634522,0.007858894602
-1.191618204,-0.01054131988,-0.005244261262,-0.005493781848,-0.01316031475,-0.001556344708,-0.02605426932,0.01355337514,0.009537822479
-1.190144382,-0.009489452107,-0.001391392572,-0.002882425868,-0.02008913294,-0.001811266055,-0.02284820885,0.01475520791,0.009255355958
-1.188807585,-0.01286850415,-0.003561454145,-0.008153189642,-0.02148791285,-0.002109896684,-0.02549851637,0.007942919402,0.005191119449
-1.219706592,-0.01122232484,-0.00151120376,-0.01328251031,-0.01214144563,0.003256111825,-0.02539602122,0.005087823056,0.006834892062
-1.210600318,-0.009261774743,-0.003297345673,-0.01075037738,-0.01103949904,0.001096856916,-0.02317765758,0.01054927765,0.007441755786
-1.195081606,-0.007420063082,-0.003478298322,-0.004746118902,-0.02012803946,0.0002864974465,-0.02452934642,0.01079421472,0.009793608606
-1.182727927,-0.007064436575,-0.005268492907,-0.00198202243,-0.01683322169,-0.002045659296,-0.02510224171,0.01002804061,0.00938958922
-1.171563237,-0.006923036736,0.003786705052,-0.00823484452,-0.01373943278,0.0006004056219,-0.02583561495,0.006840588343,0.009473314421
-1.185314366,-0.005323884962,0.002640016755,-0.01068448721,-0.01564584058,0.002612320264,-0.01852248212,0.00782260503,0.006310226056
-1.188844027,-0.005407784126,0.0005163021071,-0.01111496776,-0.02032426853,0.001034508504,-0.02332086238,0.00893851408,0.007672747818
-1.19397826,-0.004280177538,0.000242981175,-0.003492928469,-0.01246546175,0.001833224423,-0.0231302906,0.01561971541,0.01045966541
-1.184631652,-0.002072306879,0.003081117742,-0.002791262019,-0.008301546822,-0.001880932879,-0.02540730808,0.0108241359,0.009495803369
-1.202156827,-0.001957923089,0.006646380182,-0.005083757255,-0.01584228418,0.0008872961845,-0.02385755315,0.006155801909,0.009281845644
-1.163953494,-0.003429867983,0.006305301818,-0.01045139023,-0.02212938693,0.0009037591377,-0.02297586078,0.01011249957,0.005671489113
-1.196006413,-0.001720316915,0.007479189741,-0.007885330877,-0.01199493858,0.004440310395,-0.02134199359,0.01366228055,0.007679196046
-1.186765754,-0.001083940784,0.002480737775,-0.001845974726,-0.009621654123,0.0001492618544,-0.02190870682,0.01375212717,0.00711478621
-1.176064841,-0.001445559728,0.002789571561,-0.004631636117,-0.01837179691,-0.0002395307859,-0.02207607657,0.006268913582,0.0091844006
-1.202836262,-0.001534551242,0.003618884355,-0.009446843777,-0.01606057746,0.00258728965,-0.02440397584,0.007729114257,0.009147379634
-1.15616475,-0.001470324133,0.008285910385,-0.007119609499,-0.01113721117,0.003086684103,-0.02419628128,0.009754389928,0.009264485415
-1.197877825,-0.002733080694,0.006119075407,-0.007157454949,-0.01385575244,0.00319512391,-0.0232994081,0.01233020766,0.007497921212
-1.162030838,-0.002555703266,0.003095009973,-0.004798735617,-0.02012932614,0.002457926245,-0.02335003693,0.01187931486,0.00745410272
-1.196112316,-0.00165257495,0.003621828327,-0.005753034337,-0.01177319884,0.001251033126,-0.02311924443,0.007962935201,0.008658837444
-1.186912194,-0.0004588016729,0.008579390071,-0.00525292752,-0.01170467284,-4.999921455e-05,-0.02065382756,0.009596800435,0.008166214378
-1.173556574,-0.0009642472734,0.004887550245,-0.0102553166,-0.01503863325,0.003625830112,-0.0229345442,0.01508534485,0.01056660839
-1.18249388,0.001946949229,0.0109112621,-0.005625226607,-0.01645675253,0.002827188639,-0.0228586243,0.01326755881,0.009291939687
-1.193167181,0.007520812173,0.01376994717,-0.001132300308,-0.009297266503,0.005849117097,-0.02277559973,0.007853474821,0.00952721354
-1.182048952,0.009584349175,0.01402782016,-0.001669890299,-0.01426480123,0.004778743416,-0.0190163151,0.007896082955,0.01025230643
-1.180232789,0.008508121501,0.01231567604,-0.003887465427,-0.01158820428,0.001079269163,-0.02053992542,0.01066634828,0.008839022072
-1.168393506,0.006094335819,0.01489704226,-0.003911984812,-0.008757804692,0.001366156446,-0.0246010609,0.01419559723,0.009192313522
-1.181850517,0.006125877344,0.007789276547,-0.002995981563,-0.01227128487,0.002881663349,-0.0236162975,0.0136778745,0.01178597088
-1.185287063,0.005969168114,0.01465183506,0.002363909151,-0.03008280137,0.005155434618,-0.02379357835,0.008975173011,0.009813628753
-1.134714573,0.002740354633,0.01334244026,-0.004068126379,-0.01199433035,0.003403137503,-0.02141147625,0.01102974702,0.005706298395
-1.142994049,0.001667700329,0.009134433898,-0.01071459939,-0.0005509642165,0.001996027384,-0.01994824389,0.008012828906,0.007479959327
-1.183505639,0.002970358086,0.01062238199,-0.01189259077,-0.01343186584,0.0006520335191,-0.02203135678,0.006764557842,0.01025845803
-1.181127537,0.0008534477903,0.007737822967,-0.0003349680918,-0.02404054162,0.0008400202869,-0.02005045888,0.01144778777,0.009147434815
-1.161591267,0.001728682882,0.01108750544,0.006744209515,-0.00902813955,0.00359170492,-0.02432813606,0.01496217363,0.007919558589
-1.180718146,0.0004821456475,0.005270424218,-0.0046600313,-0.01228821563,0.001120041888,-0.02291952913,0.009463378763,0.00854201545
-1.18496797,-0.002311334724,0.004663943309,-0.01336312626,-0.02380315156,0.0004680577448,-0.02174854645,0.002692002351,0.002635075261
-1.15273368,-0.001066621088,0.005745508494,-0.01214228132,-0.0121192661,0.0002192752162,-0.02417347138,0.008396424044,0.008013361365
-1.151507576,-0.00261635889,0.00935778726,-0.0009115255192,-0.01167301818,0.0009331235775,-0.0208211673,0.01143922801,0.009746658908
-1.151146316,-0.00192005674,0.003427636384,0.0001827228383,-0.02047256002,4.576158132e-05,-0.02246987998,0.01088076873,0.007755164223
-1.17046038,-0.004418533959,0.001221582173,-0.006831975042,-0.02368386021,0.001073557275,-0.02463957605,0.007077492042,0.007237883348
-1.162845768,-0.002344386573,0.00672150667,-0.006561100321,-0.006015033544,0.0004875924004,-0.02458716772,0.01033134714,0.005142471366
-1.148241449,-0.002371641532,0.002484921578,-0.01282020826,-0.01117663435,-0.001361506146,-0.02082973448,0.008054889311,0.009148297614
-1.208046089,-0.00167818781,0.005595814638,-0.00770393015,-0.02128947813,-0.0007980432325,-0.02215540073,0.006866491989,0.008069372459
-1.19236894,-0.002943682803,0.005926336187,-0.003328246853,-0.01649861309,0.001141195021,-0.02587984764,0.01122412704,0.009354311459
-1.186580122,-0.003695499011,0.007021949518,0.0002573891831,-0.00935338764,0.003706658359,-0.02448698353,0.01018705688,0.006327120967
-1.154200562,-0.003067031043,0.001634801586,-0.00669749614,-0.01820367045,0.0009033458583,-0.020992205,0.007948920984,0.006508616369
-1.195614884,-0.00338332865,0.002543307769,-0.01173381752,-0.02188328308,0.000804500046,-0.02271066943,0.005619152604,0.006466503159
-1.18685093,-0.00238405048,0.002160543677,-0.005711391941,-0.01153938977,-0.001288669458,-0.02401803911,0.01353239546,0.008312902436
-1.206351052,-0.001567838158,0.006910429742,-0.002501109705,-0.01537821305,-0.0002711327618,-0.02245772399,0.009114457167,0.009714789425
-1.144229583,-0.007364429365,-0.001621376788,-0.005403411473,-0.02288935413,-0.0007954520033,-0.02135144206,0.008008529584,0.005055621373
-1.219068161,-0.0146942254,-0.005232632891,-0.01014139718,-0.0204355489,-0.00094004058,-0.02476847084,0.006910399409,0.00409924629
-1.175333485,-0.0117988288,-0.006806984496,-0.009273688819,-0.006390540357,-0.0006272944653,-0.02545154764,0.01163745572,0.007873189943
-1.177707726,-0.01013222119,-0.006308279314,-0.007870569449,-0.0209595872,-0.001675602282,-0.0226296857,0.009111864559,0.008842543465
-1.152624672,-0.01039712075,-0.004111847201,-0.007477917935,-0.02115920443,0.0004729752186,-0.02539247518,0.008350689509,0.007425517346
-1.16721436,-0.01155788689,-0.002445546111,-0.005652706821,-0.01577579886,-0.0007523713779,-0.02448981862,0.009009865202,0.005903309408
-1.18900658,-0.009289935103,0.001777392573,-0.01002270395,-0.01013252053,0.0006130679579,-0.02295190303,0.006636857262,0.007273807374
-1.149041774,-0.007621416815,-0.002482407144,-0.008827574375,-0.01732746834,-0.002167678566,-0.01935548605,0.007917998784,0.007086323065
-1.162251926,-0.007708570613,-0.005029273381,-0.008465789543,-0.01994397906,-0.000104235139,-0.02295029879,0.009830640243,0.009028555071
-1.20763417,-0.008002826801,-0.001668695584,-0.003088704993,-0.01150887916,-0.00140105765,-0.02565700624,0.01634397328,0.008005939243
-1.113263569,-0.00717505516,0.003776318065,-0.0072444036,-0.01596347216,0.001211029014,-0.02535520912,0.008460299132,0.008566490989
-1.126297412,-0.00622473913,0.002469639643,-0.01095121411,-0.01838586976,0.0006216591116,-0.0224269896,0.006904501157,0.007462993446
-1.146523189,-0.00497490952,0.002537051892,-0.006649682477,-0.0185285881,0.0001023763005,-0.02322107473,0.008098583558,0.009358941201
-1.167690016,-0.003143538012,0.006752220563,-0.002115446276,-0.00461143384,0.001479164028,-0.02231001302,0.0136877599,0.01029929369
-1.177675813,-0.001775961115,0.003349300951,-0.004743854664,-0.01674695277,-0.001556633463,-0.02193981316,0.0105657638,0.008421983107
-1.171471629,-0.002554926962,0.0002341427931,-0.01480801167,-0.02684525745,0.003868692706,-0.02033027455,0.007869695529,0.007691859629
-1.124826675,-0.000835033572,0.00754715978,-0.01095505325,-0.009703583129,0.00329614583,-0.02428311896,0.0102119877,0.008967565019
-1.192831941,-0.00081497769,0.008002645521,0.004283539417,0.00221661389,0.001493844947,-0.02540779363,0.01028201931,0.009767721051
-1.055259957,-0.001753303597,0.002296233313,0.0002285226344,-0.02048785371,-0.0003393283574,-0.01971882907,0.00721113503,0.008584796194
-1.35626986,-0.001451479961,0.002585103325,-0.01004152517,-0.03238144269,0.001796910186,-0.01983418037,0.004243330893,0.00741569794
-0.3852784359,-0.001107229673,0.007977305296,-0.009883443918,-0.005312112032,0.002486763507,-0.02776316849,0.01586005398,0.007888743282
4.363596893,-0.0008678708909,0.009420159739,-0.008973141035,-0.002592842006,0.002692166267,-0.0246643169,0.01653942149,0.01095113418
4.352112927,-0.002799292023,-0.004216998711,-8.789906025e-05,-0.02563867346,0.0005199549282,-0.01828498434,0.0070678727,0.01063581012
4.425415798,-0.0003427974995,0.005754022381,0.00435339602,-0.03539890506,0.00474354473,-0.02461445599,0.00281809668,0.008711271952
4.374728681,-0.001686994909,0.01088204602,-0.007357867423,0.005396462431,0.003460402564,-0.02307632951,0.01761819815,0.009100909344
4.388943611,-0.00163285236,0.009254279717,-0.02238550778,0.003693239431,0.001297861866,-0.01993771071,0.009658937204,0.007976165001
4.391947985,-0.0009364439254,-0.002169978428,-0.009429998878,-0.03202349732,-0.0008989565076,-0.02361675058,0.0002622239483,0.009696101442
4.359770138,0.006332303416,0.01082205006,0.01147560565,-0.02669878001,0.006770963536,-0.02177974645,0.01119363867,0.01155597666
4.367674441,0.009944839625,0.02080427456,0.009876261551,0.005946448054,0.005857209709,-0.02139798113,0.02451040239,0.009355790929
4.366165341,0.006690432336,0.01617215444,-0.01406906778,-0.006304860805,0.003400635034,-0.02196036777,0.004663666292,0.009057470293
4.401643621,0.004838543008,0.008221956618,-0.01835337997,-0.02943477515,0.003216833349,-0.02082769148,-3.262303087e-05,0.006041642483
4.380174536,0.007738596855,0.01236030233,0.000877453827,-0.01168217348,0.004327305449,-0.0233426681,0.01500841938,0.01324104266
4.388527599,0.005340658592,0.02035287353,0.01601568082,0.003116372387,0.004870889254,-0.01998823319,0.01639367938,0.01112807225
4.394587367,0.003909059456,0.009070982677,-0.007553309121,-0.02372137897,0.0004993516769,-0.02192510745,0.01094089311,0.008429276222
4.354120489,0.001789894108,0.008409987977,-0.02118468215,-0.03072774762,0.005888575471,-0.02338369658,0.007068723273,0.007037768106
4.410763361,0.003346077263,0.01159488362,-0.002577125697,0.001485593144,0.002016325021,-0.02697273387,0.0133659129,0.006646603497
4.374700105,0.004331285932,0.01085028235,0.005439790774,-0.003946893696,0.001084597152,-0.01707296229,0.008851339286,0.01271450554
4.371432508,0.00173656674,0.005200609827,-0.00150333745,-0.03373667372,-0.001095768312,-0.01836086031,0.008388832917,0.008524462259
4.404230335,-0.001251235617,0.007803107928,-0.00997522072,-0.0247123192,0.004816613673,-0.0259767197,0.00907024137,0.007613115192
4.36693362,-0.001580983332,0.01063893862,-0.008119556229,0.003007850785,0.001942571513,-0.02703536338,0.01333085909,0.007088095757
4.380195909,-0.001442447308,0.006052323211,-0.005924128385,-0.01183322283,0.0004614751416,-0.01549981457,0.005533460689,0.006411355567
4.325849663,-0.001803949691,-0.002174703804,-0.003226983902,-0.02811012165,-0.001612179334,-0.0221930006,0.003640829434,0.008649188851
4.395333004,-0.001273483782,0.00315950327,0.0004802642268,-0.01801260643,0.0009246228461,-0.02862884194,0.01219790194,0.008559759347
4.293637166,-0.005160316512,0.01179664243,-0.007365869315,-0.003732957378,0.0002391894728,-0.02745157483,0.01885625283,0.008193815137
4.426774349,-0.004766049651,0.004587625015,-0.01437058693,-0.01604771061,-0.001545147619,-0.01850607771,0.006756142443,0.005280850246
4.273927317,-0.00333831469,0.0001309697598,-0.005125806458,-0.02581220274,0.001508027915,-0.02337548031,-2.543189338e-05,0.008161367952
4.49614809,-0.002456613141,0.0002369020544,0.001048851455,-0.01754194275,0.002858103708,-0.02403131022,0.01416308868,0.007076429712
4.131995784,-0.001888592325,0.008614926785,-0.001323124806,-0.005936764966,0.003043541639,-0.02469976219,0.01435896702,0.008539070362
4.876290054,-0.003171761741,0.006114195471,-0.01147237125,-0.01354228998,-0.00134714413,-0.02143666796,0.006292996327,0.007238173997
1.510808194,-0.005482632149,0.002930310717,-0.01493021511,-0.02696634337,0.0006167971129,-0.02203385881,0.002032545852,0.007446389094
-1.640698458,-0.002775384489,0.001702702334,-0.004818533415,-0.01093210551,0.001374795739,-0.02561487018,0.01072024807,0.008418773041
-0.906920996,-0.001996867871,0.003609219977,0.003415271973,-0.006572003938,-0.0006801541572,-0.02276065353,0.01167184769,0.009161218099
-1.346585178,-0.001327865448,0.002683207982,-0.004966334128,-0.01997619018,0.00226677949,-0.02020307421,0.01106995555,0.005275082205
-1.064784686,-0.006016164501,0.002353126418,-0.01194981217,-0.02468710577,0.003009907678,-0.02435269717,0.008558961262,0.007304278574
-1.230902994,-0.0135395004,-0.001131183287,-0.01060340825,-0.009947818488,-0.0006202384294,-0.02804326357,0.004047462031,0.006685308525
-1.072443012,-0.01464231735,-0.007198813784,-0.007649068747,-0.01248577454,-0.003700718975,-0.0215682417,0.007415637375,0.009904865511
-1.223077615,-0.0103242735,-0.007137952637,-0.008262973258,-0.02487715077,-0.0009627798447,-0.01941079239,0.01042631682,0.00778746479
-1.149730012,-0.009079896036,-0.002962152419,-0.005172477563,-0.01901722039,0.0005436116614,-0.02725426344,0.0120789929,0.007556515577
-1.177603493,-0.01015518452,-0.0003786357217,-0.01099125783,-0.009836179652,0.0009419091435,-0.02774280503,0.008123088082,0.005496175776
-1.181119972,-0.008904838862,-0.004885576326,-0.01014573759,-0.01452567526,-0.002135020436,-0.02065936511,0.007039880342,0.007753673484
-1.184223469,-0.008079150669,-0.004371290535,-0.00852204978,-0.02121757454,-6.366185787e-06,-0.02233298845,0.006860646137,0.009411264012
-1.151682764,-0.007447494368,-4.21321774e-05,-0.003005111182,-0.01659199422,0.002851146215,-0.02712969029,0.01551889715,0.009985272095
-1.24322499,-0.008183948445,0.003079648518,-0.008443938777,-0.01232006927,0.001632804849,-0.02346749313,0.01230095915,0.009249240734
-1.191967552,-0.007016658074,0.002905375257,-0.007507781079,-0.01281844598,0.0007093314243,-0.02133718356,0.003905814427,0.006112062643
-1.212075198,-0.005306583421,-0.002038374374,-0.01291429355,-0.0165247416,0.0004743888623,-0.02420054084,0.002734767731,0.007136310408
-1.19675156,-0.00386617114,-0.001971378307,-0.002727854109,-0.01750635202,0.001661887173,-0.02338580016,0.0136289077,0.0100182968
-1.184343509,-0.001145936385,0.006931879396,0.001728841425,-0.01804006335,0.001088682208,-0.02635237514,0.01737272376,0.008828775407
-1.181637719,-0.001861681081,0.007986539207,-0.007338567378,-0.005364749842,0.0007218469515,-0.01963925972,0.01114706314,0.008910420443
-1.207404003,-0.001599962009,0.005715125765,-0.01582884266,-0.01591713786,0.001104987926,-0.02250216716,-0.0001967005396,0.007970483384
-1.192818288,-0.003329310467,-0.0007257337797,-0.008386822815,-0.01949310617,0.001621830155,-0.0268055902,0.008849636678,0.007427573211
-1.213746435,-0.0001129117694,0.005831265593,-0.0006546860754,-0.008890982881,0.003236667394,-0.02146197508,0.01761960742,0.01103142294
-1.208360892,-0.001370621657,0.009183877968,-0.002822585623,-0.01252369812,0.0001412782441,-0.02054113975,0.01630569309,0.01012886463
-1.180249316,-0.0007350159266,0.0007975567614,-0.008504243523,-0.02516799982,0.005679104661,-0.02338024097,0.005534322209,0.009679484562
-1.152675392,-0.001351895577,0.0008673996642,-0.005970368715,-0.01576421666,0.003999116838,-0.02480193277,0.004104335785,0.004548943184
-1.191643981,-0.0008014083644,0.00680991086,-0.006603726342,-0.001821501536,-0.00040812165,-0.02227868822,0.01287644066,0.01030257883
-1.193682522,-0.001569535155,0.01345056007,-0.002231303862,-0.006809438499,0.0006650269578,-0.0190702049,0.007595762575,0.007883220343
-1.165124433,-0.0004666797674,0.004193734027,-0.009218301929,-0.02719924898,0.001934971508,-0.02449014374,0.01199090674,0.01189798579
-1.183115433,-0.002474240233,0.003465201808,-0.009556417094,-0.02605958086,0.004278600551,-0.02246915079,0.01146871137,0.008539313408
-1.197006463,-0.001431182463,0.002436596173,-0.002064981835,-0.00435875796,0.002351487538,-0.02505174767,0.01644626875,0.005382574074
-1.157840092,-0.000312831154,0.0018761525,-0.00545793458,-0.004492986953,0.002652255113,-0.02055652127,0.009559008833,0.01155141643
-1.157067718,0.004123233087,0.01237528815,-0.005204318592,-0.02067115164,0.002380041239,-0.01822016854,0.003623016472,0.009101133125
-1.142563248,0.008804047414,0.02220017247,-0.004872856674,-0.01809970103,0.003768051523,-0.02170687294,0.005591063916,0.009695043352
-1.190695353,0.009231968697,0.01903509558,-6.305311823e-05,-0.009165489967,0.0045356062,-0.02516363449,0.014954674,0.01045521417
-1.169992738,0.005857048589,0.009706814856,-0.005277673917,-0.01432766056,0.004142219994,-0.02250994908,0.01657683857,0.008764092726
-1.145695346,0.005880917522,0.00470772927,-0.004242429851,-0.01841179859,0.002752170244,-0.02155253616,0.01102947603,0.006662435421
-1.170904821,0.00739793015,0.01277932213,-0.002907214102,-0.0107491679,0.002962055735,-0.02237907341,0.007162555528,0.01073946496
-1.217746887,0.006436304083,0.01748945644,-0.004409670216,-0.004598264378,0.003206880318,-0.02219264809,0.008700795489,0.008414932263
-1.177197832,0.0009659388026,0.01149783041,-0.006611626359,-0.01551518363,0.001205117988,-0.01924827484,0.007977232066,0.008944299171
-1.171378623,0.003138377292,0.008963339047,-0.006193108017,-0.02245236076,0.002999912748,-0.02441226786,0.009354151185,0.006472486146
-1.144520507,0.005841953437,0.006759720889,-0.003361581504,-0.01530686462,0.001898023596,-0.02243462895,0.01696381245,0.009314763973
-1.241734318,0.002586308431,0.00987441545,-0.001796774677,-0.007717710033,0.001757456096,-0.02218224947,0.01212351832,0.008235755408
-1.193029307,-0.001173538702,0.008191363841,-0.005881147862,-0.01089665403,0.0008072244887,-0.02088676187,0.007618729657,0.008622212096
-1.170995319,-0.001908909632,0.00841902021,-0.007550215675,-0.02251518953,0.0008592759173,-0.02199204954,0.004854880972,0.007742965129
-1.184904501,-0.001526552832,0.009000399733,-0.005327007857,-0.01315811408,-0.001749704697,-0.0253765215,0.01134804759,0.006628657698
-1.152041376,-0.001136054602,0.003689361892,-0.002192791462,-0.01537370399,0.000193203098,-0.02465672213,0.009804069385,0.009312005012
-1.181394886,0.001086911666,0.002730369131,-0.007006990214,-0.02238475563,0.001305713015,-0.02138396373,0.009554754762,0.006250871125
-1.176303114,-0.004876265405,0.003471695906,-0.008112137997,-0.02117501253,0.002025858957,-0.02216866279,0.008294704755,0.007333484243
-1.229510985,-0.006535356012,0.006466939119,-0.008060546787,-0.006738748851,0.001097725197,-0.02334242476,0.008957671663,0.007799540498
-1.221622839,-0.004954094498,0.00507796755,-0.004175898691,-0.008665658546,-0.002324094417,-0.02370468313,0.0079309925,0.009238959895
-1.229012241,-0.002256420551,0.003364252731,-0.005916690169,-0.02401924791,0.0004019998669,-0.02315604827,0.006026410976,0.008567722869
-1.170314312,-0.001686897376,0.004621744737,-0.004369496785,-0.01995959144,0.002677231969,-0.02608413277,0.01100332926,0.007551609568
-1.186569074,-0.001161666221,0.005313872356,-0.004093631847,-0.01200710954,0.002493695014,-0.0251160423,0.009417043315,0.007224706188
-1.187249767,-0.003872662179,0.001452426436,-0.006275741478,-0.01449308312,-0.002167313545,-0.02061615291,0.0118195774,0.006084097016
-1.189816933,-0.005504610238,0.0005143888752,-0.007908731018,-0.01719392133,0.002198495952,-0.02400045167,0.007276473716,0.007942357731
-1.178944873,-0.002611701596,0.00648093304,-0.004023106838,-0.01194696002,0.00112616794,-0.02764914199,0.009739971408,0.008246917313
-1.215583833,-0.002258138017,0.004796177039,-0.008759875631,-0.01501731914,-0.00122473909,-0.02317436996,0.006698115201,0.01038534595
-1.207270223,-0.002098554444,0.005228644606,-0.007199376724,-0.01921943201,-7.820257385e-05,-0.02220350313,0.007226344368,0.006469240776
-1.178677075,-0.008831096789,-0.00944904003,-0.007823526731,-0.01516565569,-0.0007893289852,-0.02479265852,0.01187188364,0.006163363993
-1.179681781,-0.01230191067,-0.005146272944,-0.003263543405,-0.02498902855,-0.0004728626815,-0.02329565769,0.01136152738,0.006987566697
-1.21843787,-0.0124344941,-0.001990480079,-0.008534969297,-0.01750989751,-0.001036415945,-0.02718994447,0.007718113677,0.005196902986
-1.219480522,-0.0103701946,-0.005090758577,-0.01162560673,-0.01168014925,-0.00187249136,-0.02337514584,0.003058702053,0.01019627242
-1.163582014,-0.009985376394,-0.005310249288,-0.01386277684,-0.01545141137,-0.001577995066,-0.02361510038,0.006573473527,0.008031106308
-1.192296896,-0.01071462609,-0.00536415085,-0.008544469771,-0.01959843837,-0.0007651878718,-0.02351612991,0.01055200533,0.008769060136
-1.196360157,-0.006667094997,0.0005747451419,-0.0002339368964,-0.01309376385,0.002789937911,-0.0232485311,0.01293463578,0.006398323676
-1.190901172,-0.007722153026,0.001206261444,-0.00447898182,-0.01479002826,0.0002504886831,-0.02341588704,0.009439236148,0.007898613742
-1.147091363,-0.01051484396,-0.004016210747,-0.01488278679,-0.02082692966,0.001589704412,-0.02298352379,0.00407879049,0.006513400729
-1.157425298,-0.006917099289,-0.001789325934,-0.01205283487,-0.01365664739,-0.001751220648,-0.02642918077,0.008205630978,0.009123989412
-1.170191364,-0.004377145164,0.003170673011,-0.002452326731,-0.01149927445,0.0007345477458,-0.02236080265,0.01149285834,0.01275504137
-1.172368335,-0.004818632651,0.006225016354,-0.001093159812,-0.01941701302,0.001745394956,-0.02359090019,0.01114774326,0.006691840774
-1.209133967,-0.004706160089,0.002089523358,-0.01045983736,-0.02054630384,0.002872198904,-0.02236915199,0.008474019516,0.00851404177
-1.189650556,-0.004208012056,0.004342492576,-0.0101254636,-0.01127411517,0.002336565381,-0.02183796849,0.008777144441,0.003756613691
-1.193232169,-0.001781994634,-0.0008336742315,-0.008744400179,-0.01244252517,-0.001096531304,-0.02294740985,0.01203272069,0.009352839053
-1.173867199,-0.0005806255509,0.003989704634,-0.002232604054,-0.01853032002,0.001701320095,-0.02402186635,0.008865012418,0.01240959093
-1.133611149,-5.305347949e-05,0.0074785552,-0.004127788013,-0.01502952869,0.001142276334,-0.02483434048,0.009754554523,0.009266687128
-1.165343904,-0.002091589539,0.008482515739,-0.007994676674,-0.01118497177,0.0046815309,-0.02116601225,0.007982797999,0.007723488681
-1.151908795,-0.002283819423,0.003753388319,-0.009232432351,-0.01202531795,0.0006495586425,-0.02440164628,0.0100913065,0.00822627391
-1.213828996,-0.0003128305353,0.0007768973075,-0.004523740263,-0.01777757313,0.0025079508,-0.02278650087,0.01149776402,0.009750507858
-1.179934291,-0.0005891753524,0.004704973435,-0.001510377931,-0.01441465891,0.000867147716,-0.02185917098,0.01046798548,0.007577664212
-1.165066435,0.0002800944361,0.007004080693,-0.007535762785,-0.01194424927,0.002745674025,-0.02009081652,0.008336949424,0.01239821925
-1.192234806,-0.00134465445,0.005875984863,-0.01010745764,-0.01475802758,0.001530660071,-0.02321560123,0.006674227132,0.007543795887
-1.179034641,-0.002751548747,0.003957026758,-0.007361101182,-0.01672022024,0.001066490905,-0.02407833946,0.0111807735,0.007421985648
-1.227565786,-0.0009762759009,0.002557288081,-0.001898792868,-0.01332001601,0.001697330424,-0.02232567817,0.01446738697,0.008498988525
-1.17050907,-0.0004465694499,0.003984630542,-0.003047954233,-0.01430600243,0.0001108684254,-0.0231826105,0.01109767231,0.008083288181
-1.21327111,0.002890948713,0.005741812334,-0.007468395432,-0.01667784262,0.003498938102,-0.02267911292,0.006309918081,0.01013970623
-1.175792967,0.006868019725,0.017463977,-0.002788596764,-0.01223285137,0.005231995232,-0.02160261896,0.01053691103,0.008828010971
-1.170658879,0.007415548512,0.01645739489,-0.0005046248666,-0.009563667423,0.004589938671,-0.0200515477,0.011017243,0.01083990421
-1.196700966,0.006339293204,0.01230889992,-0.0002140135275,-0.01352345877,0.002807570233,-0.0202401788,0.01116852669,0.009485090889
-1.202060166,0.005555334701,0.01306741534,-0.005230002303,-0.01601441261,0.003082765082,-0.0214720538,0.007875796956,0.009323914223
-1.161384884,0.00734335415,0.01470116351,-0.006459496512,-0.01279066069,0.003414422434,-0.0225888737,0.01250448809,0.009241360466
-1.180685053,0.005726728201,0.01391064865,-0.002598753695,-0.01143245712,0.001939775353,-0.02341935147,0.01139956525,0.007965739958
-1.168143127,0.001897600054,0.009224845764,-0.0009947983506,-0.01562968867,0.001496886476,-0.02198316085,0.01026417949,0.009503833513
-1.142707818,0.001616027765,0.009813609911,-0.004223030408,-0.01861840124,0.003334783621,-0.02274455424,0.006667924692,0.008075736043
-1.134818302,0.005082835433,0.01337037495,-0.004255162528,-0.01190771283,0.002193614018,-0.02308987172,0.009202945644,0.009444189865
-1.191089664,0.003158573513,0.008835212368,-0.006604575369,-0.01627032918,0.003225911521,-0.02312719569,0.009146477243,0.008500064119
-1.15465874,0.0002200651206,0.006922973868,-0.005175808139,-0.01707115108,0.0008603523615,-0.02211337509,0.009914641436,0.009195878233
-1.234408558,-0.0005505416685,0.003652288664,-0.005062231672,-0.01666013211,0.0002856971602,-0.02716554338,0.01294757633,0.00896071232
