Tachometer,Motor,B1_Z,B1_Y,B1_X,B2_Z,B2_Y,B2_X,Gearbox
3.452719279,0.0009156443191,0.0064197553,-0.00262340999,-0.00854859867,-0.0003234580515,-0.01281458564,0.004614975724,0.005142543216
5.594959046,0.0003666518721,0.009162466781,-0.00567720993,-0.01562199901,-0.0001308842966,-0.02518213093,0.01109841128,0.01012210187
4.965742444,-0.0006359335826,0.00643979198,-0.005269315008,-0.01458147941,-0.001093684414,-0.02106947204,0.01460149225,0.007258873055
5.282146833,-0.003177980212,0.005065451087,-0.006673703361,-0.01860627983,0.001284244353,-0.02388104535,0.008126463118,0.007225276859
5.128871293,-0.002075466905,0.007774485484,-0.004256333323,-0.01643770609,-0.0002399672579,-0.02149086244,0.009803903507,0.008245876854
5.186232503,-0.001502432535,0.006452332015,-0.004837716584,-0.01373468978,0.0004999835753,-0.02045988289,0.01081282982,0.008925988587
5.198797529,-0.001997672025,0.005354307766,-0.00765358388,-0.01583098824,0.0006010629579,-0.02231416309,0.01131716941,0.007680178627
5.130982301,-0.00243039158,0.006020916586,-0.005280283104,-0.01698121383,0.0007882835676,-0.02312388428,0.006477882483,0.006756670983
5.223363555,-0.003188019151,0.005804122233,-0.005398974375,-0.01433003888,0.0001207389567,-0.02280544532,0.01003338915,0.008274472765
-0.04388988896,-0.002206042001,0.006240330317,-0.006105104854,-0.01588473622,-0.002526676016,-0.0220728672,0.01414361465,0.008875028386
-1.353347439,-0.006231591998,0.0006891835568,-0.008287818002,-0.01901080338,0.0007896040837,-0.02096758592,0.008951759841,0.007991457178
-0.9530298741,-0.01389413113,-0.003393502035,-0.008514209336,-0.02012012534,-0.003510300472,-0.02458000359,0.01316414391,0.007257566229
-1.215019044,-0.01342248441,-0.004944761716,-0.009177269482,-0.01668483116,0.0003060083427,-0.02173793623,0.001135871245,0.007374125114
-1.084427697,-0.0125381303,-0.003181495406,-0.008103626693,-0.01406470396,-0.005023679536,-0.02718887296,0.02310275715,0.008966859662
-1.188166228,-0.008051038905,-0.006324616285,-0.009124311512,-0.01750826738,0.008425327595,-0.0100844335,-0.00524140311,0.007624518292
-1.105216057,-0.008655897571,0.005383665159,-0.002819301957,-0.01298483113,-0.01361435138,-0.04860581756,-0.006859419605,0.01121598969
-1.124763786,-0.007613718266,0.001679228419,-0.01239750898,-0.0004440774445,0.001854051965,-0.006094068489,0.05099990006,0.008620635793
-1.154797708,-0.004571007142,-0.002929213375,-0.006955226273,-0.02462101087,0.006748085726,-0.007258898263,-0.01626558694,0.004144015399
-1.154971807,-0.005300188165,0.01186346957,-0.005193536304,-0.02855703574,-0.0009940433769,-0.05493291715,0.01448916573,0.01313291733
-1.165725556,-0.002125533777,0.007910303582,-0.003384822055,0.005411419168,0.0002611883046,-0.0042974433,0.01755624822,0.009678954168
-1.124625932,-0.004798051978,0.002068342153,-0.01243337324,-0.02003530947,-0.002139055128,-0.01327066038,0.005144886011,0.004270016519
-1.130150838,0.004682904889,0.005444464911,-0.00141210819,-0.03721767352,0.009053207515,-0.04120645624,0.01783657179,0.0136924575
-1.145680154,-0.003596721107,0.00966400061,-0.003810753472,0.001363117121,-0.001584081047,-0.008811285471,-0.01092177347,0.007773746896
-1.157393065,0.002327143643,0.009535450426,-0.01209616543,0.0002710632752,-0.001215120986,-0.02412127148,0.03485833016,0.01206218441
-1.114484115,-0.004773018899,0.00142601287,-0.006236184613,-0.03143298774,0.001662427851,-0.02559585794,0.008215900493,0.01102563648
-1.156331916,-0.0002481211933,0.01428052384,-0.003086699625,-0.01859272236,0.008605365804,-0.0133652468,0.003631167829,0.005616116205
-1.182874892,0.00106703298,0.007537024091,-0.0008314787861,0.001429904584,0.00213289912,-0.02887192294,0.01851712798,0.01255102194
-1.134648776,-0.001696422723,0.001903819247,-0.01226253865,-0.009236028993,-0.00288262632,-0.0174181476,0.001615546308,0.008190544792
-1.114494151,0.007701905183,0.01769530675,0.0009737377743,-0.02515053642,0.006598271541,-0.0220614512,0.01092013147,0.01017545275
-1.130528282,0.01165315067,0.02322051505,-0.00168721982,-0.007513598938,0.003311318817,-0.01812434027,0.01234327887,0.009132491764
-1.101622383,0.008015681272,0.01346457628,-0.004924326009,-0.001843477938,0.00166898362,-0.02183007772,0.01853378219,0.01059847267
-1.14537508,0.01025960367,0.01780409903,-0.003142843416,-0.02582561554,0.004890142434,-0.02416570765,0.007599078357,0.0121641634
-1.197239146,0.004941181497,0.01528038641,-0.002833971828,-0.01275152851,0.003016899475,-0.01454302376,0.01340089204,0.007459694437
-1.120989232,0.004897724366,0.01159601842,-0.005582600731,-0.006899653155,0.003107813621,-0.02063478903,0.01264859585,0.008131877665
-1.15128835,0.007111734995,0.01236008601,-0.002497830657,-0.01211739261,0.001606619213,-0.02898629712,0.00597281642,0.01038799736
-1.185726575,0.001557368994,0.01118611147,-0.002427918071,-0.01994192574,0.001781029706,-0.01940580494,0.008450156398,0.007991843542
-1.106099064,-0.001463919888,0.009454304775,-0.006187189133,-0.009708160569,-0.0003937328491,-0.02261081471,0.01396619954,0.006451198087
-1.139285037,-0.0008032056063,0.007872246439,-0.009223633841,-0.01367861936,-4.540734114e-05,-0.02147930274,0.0192266536,0.007987325783
-1.106968307,-0.0003259643493,0.006135967919,-0.003570504167,-0.02255445054,0.0006121933017,-0.02185623497,0.0006637641844,0.008378673328
-1.171909984,-0.003724809139,0.007640220087,-0.003956125258,-0.01466025856,-0.000468802821,-0.02409467002,0.01374574013,0.008394529027
-1.109227918,-0.003610838161,0.004462526999,-0.009063023348,-0.009391378072,0.002653184019,-0.01924026122,0.01005856922,0.006098043522
-1.107226972,-0.0008420037177,0.002506614868,-0.004238835684,-0.0220242343,-0.001491521779,-0.02298510404,0.00770564994,0.008407255682
-1.140148149,-0.00420413985,0.008664626088,-0.002325026578,-0.01549761049,-7.055923953e-05,-0.02367211287,0.01069072157,0.009835316472
-1.1287772,-0.003374683004,0.007304989446,-0.007201610181,-0.007036741379,0.0008358020174,-0.02116934175,0.01184081031,0.007247844172
-1.107070533,-0.001942171085,0.005173942638,-0.01345476822,-0.01791824824,0.0005984782875,-0.02138554468,0.01308139478,0.008085707504
-1.105102532,-0.002726146852,0.006208042532,-0.001890235449,-0.01864298227,-0.0002328102487,-0.02168526136,0.00660180588,0.009283041469
-1.131081859,-0.012696001,-0.001273043814,-0.003755451973,-0.01351147766,-0.002400435545,-0.02332659069,0.009895565946,0.008373480256
-1.132081168,-0.01221535534,-0.008707625966,-0.01389884205,-0.01384509664,-0.001315937144,-0.02567300678,0.006385365556,0.00729852163
-1.143495319,-0.00998413448,-0.004736813095,-0.01155509497,-0.02188439428,-0.002325272546,-0.02177985103,0.008979030498,0.007045345073
-1.145911303,-0.01358746975,-0.0006346144762,-0.003113901712,-0.01432442843,0.001279213833,-0.02478614783,0.0120376923,0.008930862324
-1.123051583,-0.01018410333,0.000969008024,-0.008862652405,-0.01230888807,-0.003377068876,-0.02300868589,0.01719957696,0.007878438614
-1.140054312,-0.008193854866,-0.001810218476,-0.01158146967,-0.01639046432,-0.002391465227,-0.02071742259,-0.006367886964,0.007626525574
-1.1137171,-0.006780091803,0.003536602074,-0.00396786147,-0.01835412784,0.005003989567,-0.02487160281,0.02287869032,0.009474270327
-1.135003239,-0.002923928115,0.0004568289649,-0.005086186457,-0.01482732922,-0.004048182837,-0.02011019842,0.005053598208,0.008870738094
-1.115493494,-0.00194013484,0.002856040103,-0.0114647662,-0.008752647965,0.003269362209,-0.01832130947,0.007528853493,0.008601335319
-1.081237298,-0.001716358285,0.007209094261,-0.006183771526,-0.01251978482,0.002483638688,-0.0267867132,0.02027290034,0.01047429977
-1.117780043,-0.002221272127,0.00935423227,-0.002858160708,-0.01721793711,-0.0002723026033,-0.01973735485,-0.0005210007022,0.007170452501
-1.101742713,-0.001490220448,0.007732023489,-0.004501421483,-0.01434531199,0.004436289068,-0.02281889344,0.02549037492,0.008177773504
-1.134789086,-0.001068100504,0.005211767566,-0.007400060779,-0.01387610019,0.0006446833193,-0.02236375258,-0.0007907668552,0.01032341414
-1.136907818,0.0003779043378,0.008071226047,-0.003935638735,-0.01289202537,0.003174399048,-0.01945913742,0.01617841268,0.009265713982
-1.110908081,-0.0001608775951,0.00519946108,-0.005158074439,-0.0140816406,0.001061552765,-0.02323444962,0.004595528501,0.01017702694
-1.134035184,-0.001918945581,0.01140745888,-0.00825772431,-0.01365384566,0.003367077961,-0.01975772252,0.01520801022,0.007808136991
-1.142051756,-0.0007047463915,0.004159633361,-0.006569640717,-0.01552887695,0.002274063636,-0.02267730002,0.01475444741,0.01131135018
-1.086397876,0.000878111736,0.009364183442,-0.00225748965,-0.01424290674,0.001523143472,-0.02191448437,0.008138143279,0.009111243561
-1.115975386,0.01050954234,0.02072282339,-0.003441639325,-0.009351417088,0.004803102289,-0.0197350698,0.01630419151,0.01042404998
-1.13784116,0.009957137592,0.01746975212,-0.003812759356,-0.01108995393,0.00238373168,-0.01955091544,0.00605065855,0.01053441158
-1.08547816,0.01053441022,0.01542951565,-0.000558099124,-0.01280444112,0.004346643953,-0.02070703918,0.01570765361,0.008854251466
-1.116194314,0.008361973203,0.01735394364,-0.001414889834,-0.01039742096,0.002769165368,-0.02338810784,0.006302920236,0.009387728447
-1.073398493,0.004193968964,0.01455120255,-0.006209518574,-0.01521561279,0.002238564407,-0.02106259591,0.01636571217,0.00916984338
-1.097295282,0.00434806142,0.01116974291,-0.002786128072,-0.01538797393,0.002135584805,-0.02193306145,0.01093188678,0.008267160763
-1.133194538,0.004824605538,0.01521583223,-0.002899769321,-0.01376308527,0.001314842905,-0.01576299127,0.01094806743,0.008565391136
-1.129316376,0.0004585523667,0.01067350729,-0.00872606364,-0.01201993357,0.0006628748059,-0.02082922574,0.008361455429,0.008397816469
-1.140525326,-0.0003979823534,0.005587643886,-0.005983755662,-0.01795209459,-0.00138001043,-0.02291984752,0.009003305851,0.008574963676
-1.163370908,-0.0005666351046,0.007101974493,-0.001288634884,-0.01634254925,0.001810920564,-0.02118856037,0.01110710523,0.00742499071
-1.142943254,-0.002271765402,0.005618600158,-0.004988319586,-0.01457100676,4.989793562e-05,-0.0243213927,0.008596652158,0.006287779178
-1.127024922,-0.002977043701,0.004225274712,-0.008393675357,-0.01439538161,-0.001098195291,-0.02240602585,0.01459130462,0.01068467812
-1.111988475,-0.002259547764,0.007415014876,-0.006999370456,-0.0148591318,0.001051774405,-0.02151675781,0.006958241378,0.007495394679
-1.11193111,-0.001678101042,0.006740099737,-0.002456836846,-0.01708409284,0.001062374174,-0.02166491681,0.01234539899,0.007276700811
-1.148172183,-0.001860649439,0.004806688472,-0.004778921476,-0.01559719965,0.0003189691573,-0.02059641977,0.007439904016,0.008296080197
-1.060997088,-0.002481294512,0.004669222133,-0.007346319967,-0.01664471081,0.0006053647555,-0.02200736977,0.009445310723,0.009895803593
-1.244421178,-0.002011041666,0.007191839317,-0.005670806179,-0.01577857617,-0.0005379135784,-0.02217009902,0.01109999754,0.007885091778
-0.8987538764,-0.006973413728,0.004073897545,-0.008233512088,-0.01586262226,-0.0008183599627,-0.01923285499,0.009192008564,0.006435864254
-1.428206103,-0.01339889047,-0.00568422692,-0.009696075354,-0.01791340235,-0.001394517501,-0.02546967986,0.01102238069,0.00831690858
3.631772153,-0.01171966245,-0.005041400596,-0.01047623258,-0.01895255878,-0.0022478928,-0.02350645662,0.00627778117,0.009308174834
5.522294626,-0.01164313155,-0.005408378407,-0.008933685991,-0.01711764968,-0.001176373857,-0.02491221512,0.008903353609,0.007409152826
4.962302014,-0.009287599999,-0.002460253044,-0.006577768458,-0.01515556271,-0.001070560347,-0.02207016082,0.009167857979,0.00680647466
5.321497887,-0.006036735843,0.0002436381382,-0.007671646314,-0.01377253993,-0.0003740695756,-0.02091271497,0.009817173729,0.00830081079
5.110776254,-0.008034078936,0.0009237983549,-0.008868615347,-0.0144198964,0.000982291495,-0.02401237159,0.01136992791,0.009736472466
5.190434392,-0.008013526975,0.004758035362,-0.006350335543,-0.01545797773,0.0008572642134,-0.02213189557,0.009651927348,0.008590105603
5.165811485,-0.005624152421,0.004701358489,-0.004211464498,-0.01554600625,0.001509068635,-0.0211736439,0.01047102723,0.009304138827
5.193692359,-0.002489163004,0.003570443565,-0.005502583168,-0.01415847716,0.0004794311924,-0.02249927887,0.00793521509,0.009438646124
5.181868695,-0.0008856465299,0.004998010151,-0.006895116008,-0.01213331972,0.001068204718,-0.02282014877,0.01045442792,0.009002111394
5.224444649,0.001404246465,0.007716756918,-0.006286566632,-0.01512505217,0.001920801457,-0.02218542621,0.01073773306,0.009602973037
5.135221387,-0.001755548701,0.009618072272,-0.006379945517,-0.01347947045,0.002487877603,-0.02030163551,0.0103484861,0.00934904631
5.220634723,-0.001305459181,0.006192325092,-0.005078439584,-0.01516906067,0.001264177888,-0.0237973689,0.0155648678,0.009999419461
5.03452159,0.0002126282954,0.006301804663,-0.004785438876,-0.01505177801,0.001530279836,-0.02340557473,0.008247363674,0.008864694352
5.327715423,-0.0008344522852,0.007088348669,-0.005057395777,-0.01311030947,0.001519141974,-0.01992316056,0.01225304253,0.009666083181
4.93274508,-0.0001795925864,0.008293964959,-0.005868256266,-0.0112090623,0.001707897403,-0.01987815961,0.009369254462,0.009357456
5.656538937,-0.0004615886565,0.005725071365,-0.007335784276,-0.01201476402,0.001772894584,-0.02099820902,0.0100369531,0.008630707209
1.274122581,0.006409306919,0.01177359192,-0.003160075613,-0.01269342918,0.004486764597,-0.02385219399,0.01299710362,0.010535702
-1.637519243,0.01032353406,0.02043329636,-4.847335463e-05,-0.01193535298,0.005007227839,-0.02056673727,0.01107910347,0.01007758509
-0.8358161023,0.008853163972,0.01701868667,-0.00235626479,-0.01164829869,0.003563880984,-0.02081868253,0.01547229269,0.009824947851
-1.296554109,0.008343096716,0.0162824342,-0.002607463704,-0.01464789011,0.003803775678,-0.02109001313,0.00925538571,0.009996228214
-1.025580496,0.005650057366,0.01457434214,-0.00277577314,-0.01255890117,0.00323467554,-0.01794149627,0.00920472236,0.01044106605
-1.244182503,0.004719764977,0.01284320907,-0.003200815948,-0.01230012899,0.001640292576,-0.02210439127,0.01122967147,0.008678284899
-1.072281342,0.00505090967,0.01460620753,-0.002611107866,-0.0159121995,0.002217317138,-0.02802908771,0.01275988294,0.009419510482
-1.133056687,0.002516602706,0.009510936852,-0.00722085402,-0.01397599894,0.005742818616,0.0001390130658,0.01115839894,0.007247099818
-1.170594228,-0.001442109072,0.009903047284,-0.0003738151057,-0.01816797036,-0.01054416773,-0.05284203537,-0.00355768476,0.01565136738
-1.133481156,-0.0004366426719,0.01133111153,-0.009485313402,-0.00584730294,0.008695924764,-0.008667113079,0.03808024738,0.004427283712
-1.11051018,-0.001014191807,0.002489019404,-0.004511651004,-0.02252749655,0.002354423902,-0.006628917875,-0.009745833922,0.003313326248
-1.147727159,-0.003554327514,0.008915828788,-0.006168287824,-0.02509278169,-0.00269591931,-0.05048408699,0.009141308287,0.01534950524
-1.168557714,-0.001630885208,0.007585962561,-0.002900410142,0.003784775499,0.0003804972996,-0.002704257093,0.02377361702,0.007861601067
-1.202389527,-0.0023661873,0.005561117913,-0.007107191016,-0.02411965334,-0.0009252662745,-0.02483215031,-0.004871327003,0.004482250022
-1.136141047,-0.001793927845,0.005866630607,-0.003744700636,-0.02903354808,0.005724446109,-0.03264797898,0.02551931855,0.01041053358
-1.130961373,-0.002792185553,0.006805947377,-0.005898140694,-5.420348087e-05,-0.003109558527,-0.007575132632,-0.007927625584,0.007766379951
-1.155421664,-0.001866657947,0.009751625166,-0.007389383612,-0.01041946578,0.001227068893,-0.03444313948,0.0254836548,0.01170530437
-1.141741615,-0.006684122992,3.70232688e-08,-0.003205382073,-0.02812460313,-0.002745965649,-0.01833565741,0.002609952389,0.004710701157
-1.126147714,-0.008867491123,0.002981466888,-0.008123566405,-0.01618957616,0.004101443339,-0.01888761294,0.004036581718,0.005116602968
-1.09732526,-0.01235279019,-0.004106420266,-0.008404327883,-0.008368351794,-0.003254384983,-0.03118225183,0.02494502902,0.01031122619
-1.158964876,-0.01267876015,-0.009035524708,-0.01120337423,-0.01861182779,-0.003891582273,-0.01512973462,-0.006485895524,0.005306005629
-1.133427067,-0.01130101403,0.0005773061278,-0.006428099648,-0.02397214829,0.002635936085,-0.02986733167,0.01719723796,0.007108746138
-1.106909721,-0.008661012924,0.001868053982,-0.007174220658,-0.01007184976,-0.003872358461,-0.02040365049,0.007914439588,0.00644421294
-1.108757312,-0.008156924092,-0.00550018168,-0.009610882708,-0.01406894752,0.001607251835,-0.02303001493,0.009458541086,0.01054825065
-1.16997184,-0.007094771736,0.001141900873,-0.008820653989,-0.02209024215,-0.0008488110088,-0.02819739044,0.008971304922,0.01186724296
-1.135315546,-0.006238899781,0.005788121835,-0.006598617179,-0.008766521314,0.0008641176894,-0.01260279906,0.01031055619,0.007244389013
-1.161561967,-0.005061220303,0.003139667358,-0.008192538475,-0.01052486488,0.003262899717,-0.02349105247,0.01757749638,0.009876809142
-1.168767896,-0.0009113701608,0.003747418149,-0.005233303088,-0.01871700009,0.002182715705,-0.02815848116,0.007496622227,0.01052269866
-1.102213856,-0.001582623043,0.01023047801,-0.005525898245,-0.01553726915,0.002909572457,-0.01774572905,0.0051045953,0.008284320385
-1.133091875,-0.0007521127496,0.007529698711,-0.002880649062,-0.00763624641,0.000596558365,-0.02365072401,0.01715968029,0.008979914874
-1.14350512,-0.001097361532,0.001976949255,-0.006085180198,-0.01652987252,0.002780689784,-0.01770670502,0.01029859179,0.01110530683
-1.200495605,0.001115121401,0.006824324128,-0.006253092166,-0.0165243666,0.002459403609,-0.02438349988,0.00350517459,0.01209879903
-1.112201553,-0.001649546545,0.01109902009,-0.003149711828,-0.009686308254,-0.0002064949831,-0.02254318907,0.01937792981,0.01005148825
-1.122555495,-0.002429333133,0.00567203131,-0.006869502488,-0.01261347728,0.003816741421,-0.01844051016,0.01184642224,0.006648931652
-1.103925703,0.001658279528,0.006858096301,-0.009193959718,-0.02361670226,0.002298628067,-0.02404313404,0.008589418456,0.01024388842
-1.133171264,0.00110182096,0.01010396656,-0.002620633232,-0.0102191003,0.002365441301,-0.02128670238,0.008032669821,0.01001499414
-1.128125558,0.00929919591,0.01710425183,-0.002000097668,-0.003325259494,0.002818900884,-0.01727559766,0.01640802863,0.009602461023
-1.120052106,0.01235854148,0.01591018716,-0.006582772999,-0.01813795421,0.004027478831,-0.01996323332,0.008626886443,0.01082159223
-1.139361894,0.00838070289,0.01838298083,-0.00182006025,-0.01640170067,0.006059789591,-0.02146132156,0.01140543063,0.01039472401
-1.145602535,0.006461117901,0.01863505452,-0.0006617477823,-0.007439586996,0.002862237051,-0.02002550701,0.01509419349,0.01031296368
-1.174134111,0.004066260557,0.01005540134,-0.00311561342,-0.01352029832,0.002678949463,-0.02275014892,0.009508388847,0.009339597538
-1.098209279,0.005738895851,0.01307523765,-0.006513920456,-0.02051004578,0.002312068054,-0.01770809334,0.01101918758,0.008957205037
-1.129008917,0.005509898338,0.01389883734,-0.002827055095,-0.008823448899,0.003404087144,-0.0198588788,0.007131876698,0.008586364731
-1.11524953,0.0008228848073,0.007846683664,-0.00295940372,-0.01086726319,-0.0007799754888,-0.02197372633,0.02001318618,0.007981885776
-1.147001484,0.001439264153,0.00665653895,-0.008637204499,-0.01951234983,-0.001330098575,-0.02205616091,-0.009662833758,0.007824089864
-1.143724322,-0.0008490420515,0.01129869935,-0.006030610175,-0.01649039734,0.005633539529,-0.02596416157,0.02784469263,0.008003284298
-1.125775397,-0.00165120701,-3.631040621e-05,-0.0007636971162,-0.01661080094,-0.004767574981,-0.02300629407,0.007048913932,0.008083372528
-1.123362582,-0.001973251912,0.005441950145,-0.009420539195,-0.01532412265,0.002021286339,-0.01781081019,0.004425247471,0.006642788965
-1.148987947,-0.0009763388374,0.01130239907,-0.01014372652,-0.01245233881,0.002912239792,-0.0268272029,0.01632163328,0.01079908279
-1.129806502,-0.002967681336,0.005303560076,-0.003045810188,-0.01437030592,-0.002102551495,-0.0187756147,0.0007955518186,0.006738346636
-1.08873783,-0.001491797441,0.003392027294,-0.001148323881,-0.01778410181,0.003312819785,-0.02355118664,0.02039361816,0.007290238369
-1.11524232,-0.003656236805,0.007671978133,-0.008095577574,-0.01742572955,0.0009765241407,-0.02389649204,0.0002026336547,0.008199982609
-1.143347898,-0.004006066151,0.006684598988,-0.007291550928,-0.01104380424,-0.0008338805549,-0.01873459923,0.01711821731,0.008248717932
-1.078144143,-0.004957874152,0.0005462245759,-0.00322212327,-0.01674467002,-0.0008146995878,-0.02417412862,0.00556639542,0.008976278095
-1.131765774,-0.01404914128,-0.001567774912,-0.009731887892,-0.01904010982,-0.00136929061,-0.02181948696,0.01175142014,0.005957441171
-1.127296351,-0.01336959188,-0.006431441567,-0.01125597011,-0.01847342856,-0.0003733088405,-0.02298372272,0.00869400435,0.007935563244
-1.153520537,-0.01180737755,-0.005409801315,-0.007200546457,-0.01661847125,-0.003187708727,-0.02551459379,0.007158707223,0.008883820962
-1.131055693,-0.008689276815,-0.002808920635,-0.007286489694,-0.01686968197,0.000342287244,-0.0218964437,0.01222108579,0.007434340946
-1.098866616,-0.007191965747,0.002971579435,-0.01096748416,-0.01496517825,-0.0002563827628,-0.02013087916,0.006726476681,0.006945253989
-1.123333907,-0.007790356797,-0.002755964872,-0.007082660512,-0.0129593711,0.0006283961055,-0.02265336599,0.01747878917,0.009161391384
-1.114374918,-0.005265682228,-0.001750904611,-0.00437956806,-0.01491849947,0.001654916329,-0.02425305918,0.004574014035,0.008244913581
-1.167529386,-0.004171814529,0.008338235762,-0.007700713411,-0.0162867494,0.001204760348,-0.02308351411,0.01026642039,0.007375832818
-1.071883878,-0.002611579842,0.004663457571,-0.002384149284,-0.01375797672,0.001146588416,-0.02206969801,0.0114007727,0.008545096417
-1.126287804,-0.001008386114,0.002539018664,-0.008674833511,-0.01377357214,0.001000862185,-0.02000093115,0.009990878501,0.00869489291
-1.080180746,0.0002768090753,0.01019207977,-0.008979242641,-0.01222585571,0.003096715235,-0.02277745944,0.009442173421,0.01059037749
-1.139209053,-0.001531295537,0.009118049262,-0.0008174168494,-0.01410686861,0.001412937817,-0.02080373109,0.0111614645,0.009220905143
-1.117466927,-0.002401446304,0.003843229276,-0.004307001786,-0.01660358343,0.001265980511,-0.02216526824,0.0127566057,0.00746103978
-1.112478469,0.000976388333,0.006522094814,-0.007360457713,-0.01401843769,0.003375613875,-0.02230570624,0.008388717327,0.009545529124
-1.050668558,-0.0008360343026,0.009082111817,-0.004138695475,-0.01177508907,0.001912865898,-0.01965328099,0.01271476835,0.01073354815
-1.131694791,0.0002507686971,0.007801426164,-0.003622187546,-0.01109485458,0.001717052405,-0.02126471869,0.009055645474,0.01043782219
-1.018507525,0.0006215025531,0.006579049202,-0.007489411866,-0.01396349802,0.002956455984,-0.02114176029,0.01174744202,0.008717568671
-1.303159945,0.004656111191,0.01258385071,-0.001758327267,-0.01291405772,0.003664142009,-0.02121261387,0.01134848123,0.009741057576
-0.8772104035,0.01153003377,0.01814539321,-0.0008122723475,-0.01043254203,0.003927849163,-0.02002447417,0.01187880731,0.01100025958
-1.54723755,0.008839408503,0.01800652718,-0.004206758683,-0.01208272426,0.003452526632,-0.0198313351,0.01247902061,0.009873630781
2.948922321,0.009773017887,0.01877590745,-0.002432251978,-0.01383953468,0.003607809927,-0.01704509823,0.01054332056,0.009961773806
5.659948343,0.006312571287,0.0149619271,-0.001163790143,-0.01262234285,0.00225097888,-0.02049359261,0.01310513568,0.009566475876
4.916169175,0.003646610295,0.01261128522,-0.005505011485,-0.01442021843,0.001685371079,-0.02218104261,0.009528434139,0.008308715257
5.314515995,0.004853842002,0.01401150897,-0.002580133049,-0.01414202842,0.002135792586,-0.02073110182,0.01148442202,0.008534900486
5.061109717,0.0009002027268,0.00942344993,-0.001927138384,-0.01482454288,4.694335999e-06,-0.01973250427,0.01161770802,0.008579690112
5.252536478,0.001485679351,0.008231213747,-0.006318205105,-0.01263474326,0.001140662422,-0.02090106399,0.01019423682,0.00784799578
5.140340751,-0.0002349177369,0.007995439597,-0.007476054939,-0.01551313759,0.000928197887,-0.02157337611,0.009140690148,0.007524218461
5.222887012,-0.00111596658,0.007253474488,-0.004273174751,-0.0179775796,0.0005023410406,-0.02237559069,0.009475008304,0.008042869651
5.163541063,-0.002941913965,0.005319243214,-0.005030752583,-0.01573249778,-0.0007831769826,-0.02245876014,0.01017092899,0.006857277394
5.213887027,-0.001336687131,0.006706966427,-0.006496050962,-0.01546756037,-0.0008012509094,-0.02348155562,0.009790356757,0.007873824773
5.089188393,-0.001215529576,0.004681634739,-0.005974823597,-0.01656961203,-0.0002526376263,-0.0212930989,0.01131333628,0.007965741695
5.223457831,-0.002811586187,0.00692133392,-0.006102877887,-0.01539536625,0.001590282579,-0.02011807087,0.008790959452,0.009151805487
5.046604528,-0.003164618052,0.007660793109,-0.005272067852,-0.01517936611,2.30597599e-05,-0.02167352466,0.0102678188,0.007795130701
5.327292832,-0.004838769101,0.003452655658,-0.00524091173,-0.01667420119,-0.0001758684088,-0.02257671827,0.01039250855,0.008276260255
4.894242226,-0.001726467873,0.005720367819,-0.005317817163,-0.016368706,0.0004978929352,-0.02240567349,0.01036678033,0.008179143321
5.728004063,-0.008168352963,0.0005868794554,-0.009146027156,-0.01583436437,-0.001585346675,-0.02213802893,0.009135166817,0.006943865314
2.227816426,-0.0142448397,-0.004475404711,-0.009097113975,-0.01558580985,-0.002416612881,-0.02213462137,0.00813371949,0.007654477516
-1.687130982,-0.01096389562,-0.005282446306,-0.007840438137,-0.01710218483,-0.001751439095,-0.02320260829,0.008486429636,0.007720419009
-0.8652761587,-0.01241968345,-0.005368848683,-0.011402438,-0.0184594486,-0.0007390960776,-0.02531592213,0.009470431185,0.007694498204
-1.280736501,-0.007906882535,-0.0004999077237,-0.006163122886,-0.01467388538,-0.001080427997,-0.02302647292,0.008676593561,0.008495939822
-1.075253564,-0.008037833642,0.0001767176976,-0.004513393333,-0.0158782181,-0.001138101222,-0.02334502697,0.01164587759,0.009081673208
-1.162150535,-0.008607788548,0.0006475902784,-0.01349591498,-0.01674082238,-0.0004925651041,-0.02074404412,0.011330957,0.008902138961
-1.134144549,-0.00343788337,0.003202772339,-0.007361605995,-0.01307704448,0.002610564952,-0.02479035987,0.008604031554,0.009206272404
-1.175708565,-0.002357550334,0.006368170456,-0.003404328374,-0.01309613351,0.002021080096,-0.01917969636,0.01112390649,0.007636997812
-1.113408305,-0.004142069328,0.004243882632,-0.004518983771,-0.01573800399,-0.0003235912403,-0.03144893246,0.008088503881,0.009862503638
-1.162281929,-0.001451772204,0.005634018599,-0.009782936352,-0.01434479876,0.006970092866,-0.00286263663,0.0160765555,0.007306521275
-1.138483261,-0.0006793223572,0.007231296473,-0.000480442929,-0.01503834958,-0.00338031255,-0.03532653113,-0.001347060327,0.01313063792
-1.155754451,-0.001209237649,0.0123923481,-0.006655024676,-0.01033740694,0.003438777475,-0.03265883433,0.02210066501,0.009971187232
-1.161392898,-0.001105982781,0.005967320613,-0.00998648453,-0.009464210013,0.006530000064,0.008932746143,0.00769761611,0.003070217987
-1.134184426,-0.0008996042335,0.006596341724,-0.001334740102,-0.02626818194,-0.003077713907,-0.04901727623,0.002901478859,0.01590232444
-1.156698934,0.0008203974001,0.01025527059,-0.004733963916,-0.003789518595,0.004071531437,-0.0126136972,0.02338757912,0.009110345569
-1.09991056,0.0004389248941,0.007274220259,-0.006951236386,-0.01042324367,0.001403580809,-0.0156764544,-0.003862578211,0.005344855533
-1.134273096,0.0005208986377,0.007686494343,-0.007208492902,-0.02616631709,0.004450516608,-0.03239537722,0.0258756141,0.01026470789
-1.170398604,0.008663319224,0.01280398611,-0.000172937841,-0.006363016995,0.00180831288,-0.009754386863,-0.002379095741,0.01128793139
-1.108746485,0.01176070453,0.02594059988,-0.006780603167,-0.007241842056,0.006402600445,-0.0265198326,0.01731190682,0.01143050898
-1.11499609,0.007239967462,0.01318407355,-0.0004200193013,-0.01604394305,0.0008453373297,-0.02294800665,0.01427264184,0.009686841128
-1.085494978,0.00855141336,0.01479625456,-0.004397318121,-0.01548960241,0.005725604249,-0.01078049604,0.005305122577,0.005616112455
-1.185232404,0.007175945125,0.01841616156,-0.0008112432753,-0.008188607812,0.004200565419,-0.03219307099,0.01953275531,0.01282633533
-1.134239492,0.003340333027,0.01051761702,-0.00711546984,-0.01284411001,0.0004445246919,-0.01336329802,0.003423028554,0.007908618193
-1.114501056,0.003627330722,0.01288891936,-0.00300011077,-0.01823024816,0.00455930872,-0.0240357602,0.01201231668,0.01024806623
-1.120996129,0.001268928344,0.01147503994,-0.001988533221,-0.01555428862,0.001171457672,-0.02233373895,0.01223749125,0.007774910794
-1.106906531,-0.002130679759,0.007597464911,-0.005482176299,-0.01111841574,0.0009739200182,-0.02013960726,0.00973660463,0.006391630166
-1.138091182,0.0007177707703,0.006287817049,-0.006422316739,-0.02077250164,-0.0006389255224,-0.02978703981,0.009841600164,0.01108333781
-1.083985185,-0.002612451159,0.007986084207,-0.005298312899,-0.01441595221,0.0004409520775,-0.01391645654,0.00592022993,0.005901269872
-1.13019705,-0.0044264417,0.006221342394,-0.005156544951,-0.0147052435,0.001997213952,-0.02314032605,0.01347910115,0.008322688247
-1.108677596,-0.001260735685,0.005710476879,-0.004657920758,-0.01681900762,-0.001550023808,-0.02652823782,0.008014540701,0.01007344857
-1.167044854,-0.001733143589,0.004802206001,-0.005829088518,-0.01393892846,0.000551970107,-0.01849132391,0.00680974354,0.008715078777
-1.096081006,-0.001088377661,0.007762610411,-0.006941872824,-0.01275194087,7.539315814e-05,-0.02486321861,0.01271858253,0.007527109701
-1.149095529,-0.003934566245,0.004243245131,-0.003952769068,-0.01524958815,-0.0004328175494,-0.02082992828,0.01481586017,0.008393785301
-1.131535739,-0.001576656634,0.008661753736,-0.004711932224,-0.01708874696,0.001895670345,-0.0235859532,0.00166179984,0.008014428103
-1.157354214,-0.003657436313,0.006324081187,-0.00856993806,-0.01416339173,-0.001294403361,-0.02580447073,0.01247388642,0.008390314521
-1.140247516,-0.01307628586,-0.008268409058,-0.007684368906,-0.01599697757,-0.003208433742,-0.01956471189,0.007659564947,0.005985461912
-1.123187422,-0.01144839172,-0.004815796239,-0.006526380389,-0.01852461273,-0.002360925851,-0.02423841682,0.01403607334,0.008040002883
-1.156851927,-0.01096708932,-0.002538642675,-0.01017561883,-0.02027424803,0.0007370950456,-0.02602339593,0.01182565026,0.008487500947
-1.184965775,-0.01224576041,-0.0005769145247,-0.01048273487,-0.01255448572,-0.000514810302,-0.0217446422,0.004672887281,0.006696717171
-1.086314475,-0.007998122483,0.0007263153594,-0.007781009992,-0.01812676862,-0.001542950282,-0.02312153571,0.01618305594,0.01140633371
-1.162680767,-0.008373446005,-0.002354047648,-0.005349764672,-0.01815118408,-0.0004700648473,-0.02193582688,0.005135847574,0.008251218867
-1.124311176,-0.006278925652,8.058239153e-05,-0.007165639332,-0.01400742097,0.001754731393,-0.0229701504,0.008844730461,0.008069097227
-1.121326793,-0.002284541013,0.005324490475,-0.006364335618,-0.008700204018,-0.0008714575903,-0.02460190221,0.009225602524,0.01009827839
-1.119273958,-0.001473055319,0.007215181725,-0.005560831472,-0.01293977433,-0.002382419787,-0.01856166618,0.01604715662,0.008270391668
-1.110844181,-0.002237055983,0.005323481619,-0.00671994923,-0.01789619177,0.005724731,-0.02193628305,0.009084782387,0.008974936621
-1.091003206,-0.0007681168921,0.007351072678,-0.007848999263,-0.01081604815,0.001531267843,-0.0225423451,0.01913208947,0.008105079861
-1.134383292,0.0003940206606,0.005125237943,-0.003856734112,-0.01464933383,-0.001296932391,-0.0213540007,-0.007082290182,0.01023903458
-1.12417015,0.0003674829599,0.01043240244,-0.004698308473,-0.01474895952,0.005030978455,-0.02341816962,0.01744645509,0.008504459685
-1.114491473,0.0008478882769,0.001663818218,-0.003588618758,-0.01681195674,-0.002629980466,-0.02156933835,0.01495214578,0.01019398844
-1.084230268,-0.0001384156691,0.005856172415,-0.009029638336,-0.0116493858,0.002945691344,-0.01567367773,0.002891615012,0.008058573591
-1.114705594,0.0009724271785,0.01379568035,-0.009060577791,-0.006732802485,0.005709597443,-0.02573041669,0.02209664562,0.009659052007
-1.136702583,-0.003129655961,0.006276872514,-0.001076979789,-0.02059551975,-0.0006466794317,-0.02186787402,0.001870121569,0.009983208644
-1.113814907,0.001776188953,0.01056197541,-0.002902097479,-0.01512929593,0.003354746129,-0.01806111828,0.02278907793,0.008031899127
-1.064987311,0.01252553841,0.01767920055,-0.005144008097,-0.01135871573,0.006250787647,-0.02367158836,0.007475082123,0.0106060752
-1.139666444,0.008340575538,0.01732577626,-0.001702188337,-0.01132479308,0.003936073547,-0.01540403219,0.01012349009,0.009237164663
-1.129725575,0.01161137306,0.01671639698,0.001777203985,-0.01338994562,-4.600455737e-05,-0.02141361882,0.007635495553,0.01180248849
-1.158505813,0.006872800819,0.01908626875,-0.006632017958,-0.01272849411,-0.0004786804977,-0.02518286848,0.01311921596,0.01056464169
-1.146233527,0.004946397671,0.01034872828,-0.006069738828,-0.01311996115,0.005007921268,-0.01613004871,0.02105223072,0.007225115242
-1.116180339,0.005567356618,0.01410801756,0.0008546037485,-0.01957505436,0.0008208377662,-0.02796280863,0.001817225695,0.009059352347
-1.106774348,0.003021561414,0.01386695917,-0.005601971686,-0.009303827909,0.004710382386,-0.01828013046,0.01691982918,0.01013288978
-1.13145589,-0.0002831028976,0.00548428325,-0.008521431652,-0.007456618575,0.001224822988,-0.01130456637,-0.0007399251837,0.007431581619
-1.170160105,0.001019473985,0.007411097293,-0.0005661723112,-0.01801627972,-0.001340944408,-0.03166635661,0.006705517854,0.009518733409
-1.141976992,-0.001005204939,0.008458852055,-0.001754928587,-0.01244308966,0.00235750669,-0.02103742464,0.01444209625,0.008650004076
-1.139621933,-0.002511167691,0.007419632194,-0.01214560997,-0.01592333038,-0.001564030607,-0.01924844199,0.005119138545,0.005484743811
-1.11168696,-0.003131489837,0.007226967933,-0.004948657802,-0.01661879131,0.001540664864,-0.02800671663,0.02502070464,0.009852091558
-1.096803491,-0.0008995300942,0.004887825245,0.0005966528101,-0.02051845981,0.000873958679,-0.01516058941,0.00222962857,0.006424631015
-1.131363918,-0.003376933104,0.0119786707,-0.009151453288,-0.01619205136,0.001592302633,-0.02318736867,0.01468771592,0.006696328946
-1.137716817,-0.004104984976,0.001408622798,-0.01392537185,-0.01906797229,0.0008694168604,-0.02468689374,0.007000173885,0.0103961781
-1.05340729,-0.003211290587,0.001498387193,-0.005914788845,-0.01867580301,0.0001419092901,-0.02056433732,0.006362900052,0.00605242241
-1.212363937,-0.0004362634661,0.008553511659,0.002237663192,-0.01353736046,-0.0004166531708,-0.02466025559,0.01765241234,0.00958329622
-1.022140167,-0.009881280778,0.002252208355,-0.01171052116,-0.01009295636,-0.001046516821,-0.01977365756,0.0102479056,0.006968467792
-1.253935643,-0.01317301579,-0.005770277831,-0.01629173726,-0.01541853076,-0.0006077634827,-0.02356259405,0.01110475506,0.008347743349
-0.8411835264,-0.01168950005,-1.61319862e-05,-0.0007534794755,-0.01992083,0.0005035520066,-0.02260257144,0.005646533191,0.008175979718
-1.593557859,-0.01448625207,-0.002346466962,-0.003673262468,-0.01140660302,-0.0005776879306,-0.02046800635,0.006510369955,0.005940867196
0.9174197547,-0.008024689195,-0.007225200261,-0.01282269463,-0.013875962,-0.001008041326,-0.02589251596,0.007507605856,0.008816439634
5.61202323,-0.005229281134,-0.0002903030273,-0.007527831765,-0.01631286905,-0.001909142888,-0.02247419317,0.01247319774,0.009133108086
4.893738854,-0.007952174734,0.005664359871,-0.005338775542,-0.01590978454,0.002584313609,-0.02353676588,0.00477097735,0.008327645678
5.32594517,-0.006139199346,0.004477849689,-0.00976334732,-0.01232702244,-6.112578739e-05,-0.01959589937,0.01494795979,0.008142773619
5.069909912,-0.005033066977,0.0004729465716,-0.007746383648,-0.01800121254,0.0001102776742,-0.02377718374,0.01068530001,0.01161601772
5.205522492,-0.001093150979,0.005343861745,-0.005124649141,-0.01761619137,0.004732215116,-0.022933094,0.01004804317,0.008558221916
5.14147903,-0.001054971569,0.008235420412,-0.004598435732,-0.01206363103,-0.000176959759,-0.01984192967,0.007609090057,0.006881959015
5.186827446,0.002417114949,0.004001156536,-0.003792115424,-0.009723432971,6.348943809e-05,-0.02599841,0.009868724306,0.01197585055
5.18171324,0.001872416283,0.004210140847,-0.009331511536,-0.01350156045,0.001636192159,-0.01589705188,0.01254813656,0.01036276729
5.195231885,-0.000866153303,0.008649402985,-0.006470448023,-0.01556995007,0.00375003224,-0.02542889362,0.00529529266,0.009133374925
5.15658478,-0.003933550924,0.009288978111,-0.0007619059658,-0.01480321096,0.004151400847,-0.02425263797,0.02064876788,0.008652930328
5.17633362,-0.002423573053,0.003337554768,-0.002122579144,-0.01379410641,0.0002247814496,-0.01841735078,0.004062539016,0.008012651509
5.124497796,0.001481788146,0.01201096624,-0.006952623993,-0.01248777461,0.0006419139139,-0.02272012421,0.01874329811,0.01097782811
5.20838357,-0.0002892468048,0.006422522821,-0.006731455223,-0.01447788547,0.001318000028,-0.02180522045,0.009090688429,0.009029590681
5.05641838,0.007884358642,0.01536344,-0.001545297889,-0.01407368373,0.005567998359,-0.01833659932,0.00701266437,0.008801499775
5.379101842,0.009892302943,0.01881445914,-0.000702400525,-0.01132025672,0.00452444555,-0.02243359257,0.01776123868,0.01156331328
4.2483592,0.006467595338,0.01233653403,-0.004003722464,-0.01277947115,0.001340916426,-0.02034386754,0.01208643755,0.01125380733
-1.093121608,0.01118120392,0.01801024177,-0.002937591761,-0.01356066486,0.003813312594,-0.02074505898,0.01361293913,0.00956366395
-1.08192201,0.006243816383,0.01609794407,-0.003691243499,-0.01274048642,0.005266618259,-0.02020369399,0.01154569353,0.008123929782
-1.118314166,0.004782320505,0.01471815395,-0.008775227149,-0.01221268755,0.004075715921,-0.01860848153,0.008327166744,0.008824403967
-1.143915349,0.006460399358,0.01126429622,-0.002769301009,-0.01252990666,0.0009637328038,-0.02635447952,0.01052257479,0.01169054275
-1.172951934,0.001901481255,0.00948103816,-0.0006004760378,-0.01778263263,-0.001129621784,-0.02072899604,0.01058650705,0.007733004661
-1.104739871,-0.000152065989,0.009914582788,-0.005532028888,-0.01205271648,0.003390886401,-0.02276772925,0.00941388973,0.006285313183
-1.140834003,-0.001402654066,0.006992533282,-0.009035969731,-0.01394162587,0.001634711955,-0.02088933485,0.01343828977,0.008639893876
-1.127583521,-0.001254391595,0.005760915463,-0.004127518066,-0.01660155493,0.0003097757025,-0.02447921978,0.009090490042,0.007555065358
-1.113726014,-0.003658550596,0.007724510712,-0.005166766893,-0.01758989226,-9.134400272e-07,-0.01585237039,0.01099590123,0.008447368839
-1.12367262,-0.003771582626,0.007787287397,-0.003552724191,-0.01379783323,0.0006176799227,-0.03458872394,0.006909078362,0.007279366508
-1.107227925,-0.001422588588,0.003969008783,-0.008642715174,-0.01499356936,0.004073788436,-0.005663713655,0.01307453089,0.006350484131
-1.142678166,-0.0003635034139,0.003251470343,-0.003901095791,-0.0113339191,-0.006407419672,-0.02256052257,9.363837937e-05,0.01143475287
-1.107840276,-0.002598185005,0.01042898762,-0.004947864747,-0.01534022847,0.002182375652,-0.05094028703,0.02559655152,0.01247625179
-1.174895504,-0.004129883397,0.003664256357,-0.01197031873,-0.01051944978,0.00634817995,0.01559312202,0.0004482991592,-0.002098701383
-1.114264413,-0.004066389267,0.004376205577,-0.002321218351,-0.0255121975,-0.004097211481,-0.04361051806,0.007217622142,0.01364606714
-1.164148356,-0.0127207417,-0.002999085056,-0.0106828965,-0.01396304171,-0.002041366693,-0.02255730354,0.02346099936,0.01081612427
-1.128697609,-0.0131615805,-0.005779961612,-0.00592142031,-0.01203431012,-0.001719621141,-0.01268484621,-0.01216759155,0.002010412384
-1.155031906,-0.01119598817,-0.0009044923752,-0.01115771973,-0.0287987239,0.0002571118038,-0.03679060032,0.0298396814,0.008882198138
-1.12018626,-0.01196162825,-0.009155520813,-0.007473768371,-0.01139994943,-0.004577837609,-0.01231301085,-0.004631794668,0.007052796407
-1.110106973,-0.005493211626,0.006881746814,-0.009251303691,-0.01413098442,0.001894249948,-0.02465179593,0.01660670942,0.0099819827
-1.174039538,-0.01007723729,-0.00163327498,-0.001981872885,-0.01795568934,-0.002047694291,-0.02969387671,0.0132723134,0.008272501084
-1.142238899,-0.008912178281,-0.002707292265,-0.01256725339,-0.01900680177,0.00189201193,-0.007954976987,0.006373002569,0.003295191514
-1.16479671,0.0005670116182,0.007164684461,-0.004343918492,-0.01006896653,0.003761508224,-0.03316876722,0.01513942926,0.01226534014
-1.158813209,-0.002902710357,0.004187650579,-0.005266962401,-0.01187240288,-0.002974119618,-0.0161370698,0.004441620744,0.008561332048
-1.131289374,-0.00250641025,0.002277961743,-0.007534145197,-0.01242322119,0.003114477257,-0.02438408079,0.01429875127,0.008503091179
-1.156914664,0.001269203962,0.007310398296,-0.007175598622,-0.01551139496,-0.0005150620929,-0.02440315359,0.01217575035,0.01021929595
-1.131219404,-0.001569257456,0.009873427486,-0.002235854553,-0.01067556157,0.003975714496,-0.01717973953,0.01085072964,0.008051885311
-1.114326104,-0.001044747639,0.008184626634,-0.005045108693,-0.01833844931,0.00169880797,-0.02762120404,0.009490304462,0.01222840425
-1.17076288,0.0001951179245,0.005741865717,-0.01040079982,-0.01390821686,-0.0004051294373,-0.0155809992,0.01090582164,0.007146303144
-1.121370757,-0.001618918406,0.008239963847,-0.003666526562,-0.01035403264,0.002160416974,-0.01713540419,0.01436028436,0.009587034943
-1.145141848,-0.0007706082195,0.007372135279,-0.002208488526,-0.01734065179,0.002939376366,-0.03199332239,0.009283117454,0.01091804709
-1.172112082,-0.001116329585,0.004480325938,-0.01246453151,-0.01299731694,0.001561905325,-0.01750403741,0.006658007412,0.007480303224
-1.161806877,0.003150446333,0.01134777648,0.0008573582573,-0.009024547685,0.001833514663,-0.02026781449,0.01459717633,0.01031506662
-1.067980762,0.009159679873,0.01967617436,0.001485898993,-0.01395238145,0.006768911186,-0.02049176789,0.01766328514,0.01081392944
-1.13561594,0.009119857343,0.01758595996,-0.00917757556,-0.01216477182,0.005480552174,-0.01976679214,0.0007992014974,0.007750888212
-1.113875619,0.01025989096,0.01960869589,0.0001484473208,-0.009074065951,-0.0001307114618,-0.02431321377,0.0221865588,0.01283394477
-1.152108924,0.007741762368,0.01350882601,-0.0006657081046,-0.01417477296,0.003273097993,-0.01622705196,0.007342055272,0.008052126855
-1.135540667,0.005151378097,0.01287309779,-0.007115051227,-0.01846618982,0.004253492475,-0.02149192888,0.009085812579,0.007136802102
-1.151379956,0.006253515571,0.01524400707,-0.001855949017,-0.01419129701,0.002513424498,-0.02470788913,0.01517964941,0.01173161301
-1.131362749,0.002866592529,0.01273400591,-0.003167582749,-0.0104397214,-6.736151935e-05,-0.01528047692,0.008837892865,0.007435912295
-1.181239569,0.001188056034,0.008104401966,-0.006527437267,-0.01846942258,0.0007800794373,-0.02537255176,0.0125357422,0.009577740574
-1.129173524,-0.0004482857812,0.008481705611,-0.003590837732,-0.01678442533,0.001000569696,-0.02367862464,0.006479132643,0.007460362785
-1.090728704,-0.0004264948039,0.007492564897,-0.005909059297,-0.01229391121,0.0003716945192,-0.02010689654,0.01171293788,0.008620904351
-1.094566715,-0.002097381411,0.00716829572,-0.007047125409,-0.01319778907,-0.0003296490761,-0.02525767347,0.01201689815,0.008110397266
-1.084720263,-0.002659801875,0.006565617843,-0.006368536118,-0.01739950082,0.001171104876,-0.02070845355,0.007522972906,0.0084099782
-1.088369053,-0.002724899774,0.007329535229,-0.00339390072,-0.0132205856,0.002031910388,-0.02111186664,0.00997095389,0.007751789683
-1.148003389,-0.002938577009,0.00610284383,-0.005273421311,-0.01232814087,-0.0001231136801,-0.02234635,0.01682073549,0.008354845994
-1.111675556,-0.002747165645,0.005499008471,-0.007845428368,-0.01803671354,-0.001763156489,-0.022797538,0.006765015172,0.007820903308
-1.169829728,-0.002741739503,0.006083234049,-0.004561868755,-0.01921057821,0.003134743754,-0.02765543564,-0.005827893865,0.008397776169
-1.113154626,-0.003129341858,0.008162601176,-0.006349843957,-0.0118412708,-0.002093293206,-0.01557580023,0.03068522655,0.008091175707
-1.124617552,-0.005207740776,-0.006866174104,-0.010236107,-0.01845878137,-0.003136866711,-0.01939417096,-0.00387816219,0.009774084032
-1.150056316,-0.01282381216,-0.001335667907,-0.01236383113,-0.02027545334,0.004951709262,-0.0312989845,0.02204939282,0.006471914019
-1.141533113,-0.01211096625,-0.001040935204,-0.006255856426,-0.01490388656,-0.004255765377,-0.01739805617,0.00180225533,0.006031305217
-1.085538768,-0.01244999618,-0.004416962052,-0.006384308841,-0.01477690325,-0.002780616633,-0.02278153695,0.008283685648,0.007961502539
-1.151205655,-0.008928497165,-0.003290475488,-0.008535241313,-0.02073560327,0.002240517908,-0.02940756673,0.02536667716,0.01029625782
-1.107167628,-0.006092644001,-0.0007050948989,-0.00673807638,-0.0182510435,-0.0002226194658,-0.01411061205,-0.02008156248,0.005750129291
-1.10466274,-0.009320677741,0.002817900777,-0.006128611231,-0.004923643334,-0.0004247915294,-0.024577057,0.03008636826,0.00993226955
-1.095572452,-0.004150815458,-0.001624162611,-0.006548930046,-0.01601553133,-0.002759858762,-0.0265993915,0.01102512279,0.01060036621
-1.122815074,-0.00329594385,0.006101998584,-0.01001709126,-0.02175218598,0.005563917805,-0.01654318557,0.005460995345,0.004512583382
-1.108746338,-0.003619782295,0.007957623483,-0.003804532997,-0.01089730043,0.002511052327,-0.02573100909,0.01932108737,0.009861826541
-1.159716822,-0.00428177678,0.005549166626,-0.005330938483,-0.01149004472,4.293553164e-05,-0.02123743498,0.005762532708,0.009593447786
-1.148879232,0.001787787935,0.005399835962,-0.01044739149,-0.01812575736,0.00274980069,-0.0194576532,0.006916386313,0.01008531766
-1.15190259,-0.0007664713347,0.01090450445,-0.005595872587,-0.01223186556,-0.001176278695,-0.02568861404,0.009401043899,0.01077719199
-1.116209819,-0.0004586222717,0.005181703753,-0.003593974868,-0.007874533212,0.003119306895,-0.01760004844,0.01511289964,0.007570893913
-1.116822832,0.00196148755,0.00713977702,-0.005935690154,-0.01418118694,0.001559429555,-0.02510279796,0.007728453398,0.009441058492
-1.150661679,7.514299421e-05,0.009287094353,-0.008296724755,-0.01917024196,0.00273925635,-0.0228129254,0.01561411385,0.01237085221
-1.133562005,-0.003039774994,0.007557418307,-0.003652756163,-0.008705957527,0.003774683634,-0.01531993365,0.009745354925,0.007851318225
-1.120376449,-0.0003488381945,0.006639010405,-0.004160054971,-0.01493362764,0.0009369742392,-0.02103119788,0.008949922325,0.007587070487
-1.156104979,0.00632924035,0.01375179655,-0.002902710945,-0.01429027666,0.003415322717,-0.0247711994,0.009772076971,0.009923635543
-1.065841893,0.01072930193,0.01965431984,-0.0009828827661,-0.01155930364,0.002152883987,-0.01815201481,0.01089481337,0.01085534199
-1.149120174,0.009652423191,0.01889607155,2.258228216e-05,-0.01017009517,0.003562300244,-0.02278355416,0.02136472356,0.009088899857
-1.033721777,0.009732391343,0.01598851142,-0.003277442911,-0.01617490477,0.004786022833,-0.01785199504,0.005461252798,0.008603854292
-1.228954329,0.00559213561,0.01589739703,-0.003558298682,-0.01344139381,0.003256722055,-0.01954218898,0.009968919041,0.01040471214
-0.4694265696,0.004315816394,0.01317769337,-0.003264792696,-0.01165993641,0.001543957522,-0.02228440203,0.01658420563,0.01013658391
4.989910406,0.007059150766,0.009856332401,-0.002134258014,-0.01619359168,0.002272789845,-0.01942818553,0.001270193477,0.006607568886
5.230839599,0.004215178755,0.009287506399,-0.004571403631,-0.01389463874,-0.0003044593543,-0.02479228934,0.01457368994,0.01066313322
5.195096371,7.494292976e-05,0.008860426129,-0.007325908545,-0.009680722709,-0.0008684778749,-0.02220384437,0.0120285416,0.009386042917
5.179026822,-0.001021020368,0.009144283775,-0.007899843962,-0.01798566314,0.0009652311448,-0.02115996601,0.01130382799,0.007972548144
5.17442102,-0.003332343637,0.009773531134,-0.005029915828,-0.02085385499,0.002876735888,-0.02433682892,0.005187585878,0.00824628134
5.174478552,-0.005175970939,0.007457084452,-0.004730052519,-0.01298692204,-0.0004499654682,-0.01899150343,0.01977655571,0.00788954759
5.162529358,-0.001079052833,0.0007132980748,-0.004684315241,-0.01561233096,-0.0007266802109,-0.02149180083,0.006512851045,0.008296805955
5.186585703,-0.0005460989178,0.006853539572,-0.004971896225,-0.01813412599,0.003206455065,-0.02372173145,0.006128285863,0.00588113299
5.156999261,-0.003799656018,0.01094383522,-0.004028913248,-0.01256373187,-0.0001313977257,-0.02130193707,0.01350773694,0.00796935491
5.152806474,-0.002604698751,0.005224565468,-0.004331068638,-0.01362545156,-0.001063384587,-0.02056419125,0.0113210673,0.008668731163
5.14494788,-0.002650796289,0.004145373609,-0.006788971035,-0.02042478798,0.001929201339,-0.02479200902,0.01398976297,0.008164611806
5.207220148,-0.00172858892,0.007466246718,-0.00520578187,-0.01592656118,0.002161867945,-0.02383171221,-0.0006292071529,0.006466686652
5.158570606,-0.01173060444,-0.001279964424,-0.00778126218,-0.01112387536,-0.004866636761,-0.01997641971,0.01360893155,0.006751869479
5.210720905,-0.01073015278,-0.009860709827,-0.01136060512,-0.01604956242,-0.002913477252,-0.0239288954,0.009621945774,0.008811847023
5.130974691,-0.009699706992,-0.001155637276,-0.01182657515,-0.02106703711,0.001808495935,-0.02421244527,0.005150698164,0.007713078949
5.17397946,-0.01261486089,-0.003003367813,-0.008110948282,-0.01488603535,5.948007032e-05,-0.02412519444,0.01028613135,0.007731184779
-0.1975586177,-0.01045588908,-0.0021761066,-0.006403759781,-0.01333145101,-0.002271001257,-0.02226893268,0.0107380448,0.00808332094
-1.373735697,-0.008358546001,-0.0007739504981,-0.007330172689,-0.01723240631,0.0003799814513,-0.02208757306,0.01152552361,0.009551165142
-1.021136495,-0.006882591509,0.002518408191,-0.005848664521,-0.01735556139,0.001324773154,-0.0228819872,0.006266182931,0.008695177212
-1.20229532,-0.003982398618,0.006604574497,-0.003799075236,-0.01087406632,0.0008204754255,-0.02288393855,0.01213104179,0.006633978688
-1.088345629,-0.00240311758,0.00399000473,-0.006375110179,-0.0130967986,0.001846718482,-0.02196469599,0.009545652799,0.01050732806
-1.194979002,-0.002012411787,0.004812304568,-0.005099038865,-0.01705890562,0.001996120596,-0.02255713558,0.01001686943,0.009166467399
-1.136465697,-0.0009840993918,0.006233247019,-0.002859955817,-0.01204107029,0.001489860857,-0.02100514561,0.01350224349,0.008185575423
-1.131814079,0.0005446036269,0.008278359,-0.005817823595,-0.01120826948,0.002440175081,-0.02065374574,0.009982952352,0.009434455664
-1.106655636,0.00144374355,0.006984657464,-0.006904407205,-0.01621481073,0.002436376053,-0.02130860674,0.01046987743,0.009252819924
-1.142732084,-0.0008323766449,0.006615550007,-0.003525353879,-0.01473353072,0.001101289923,-0.02193140013,0.01021753956,0.008487550651
-1.152299073,0.001198369092,0.005630860827,-0.005357965751,-0.01164014663,0.001968946314,-0.02072668176,0.01320699429,0.008233634888
-1.15089438,0.0004146553427,0.006219173211,-0.006211804883,-0.01500996992,0.001696309229,-0.02683916926,0.009015424967,0.008679977541
-1.110066485,-7.892762469e-05,0.007328092861,-0.004490281298,-0.01533690516,0.004436718087,-0.01795912877,0.0127535695,0.009064290944
-1.099850934,0.0005718081393,0.008342336401,-0.006758360178,-0.009096693508,-5.956380019e-06,-0.008960539844,0.008989426879,0.007756247954
-1.154523946,0.01059997566,0.0196082326,-0.0003381210526,-0.0140208933,0.003575073908,-0.04854014245,0.01700120933,0.01415613835
-1.187823023,0.00924002378,0.02106373816,-0.006452009713,-0.01018773616,0.008239193882,0.002463555122,0.009450839666,0.003846771755
-1.163130315,0.008224212717,0.01648707875,-0.0003781391814,-0.01329748201,0.0009438307446,-0.02391077089,0.004362664746,0.01005841286
-1.143328262,0.008709484601,0.01815266692,-0.005071794616,-0.01263199496,0.003861606532,-0.02992471394,0.0254077069,0.01447466025
-1.091576011,0.005609678548,0.01224383545,-0.002398930035,-0.00809071265,0.004395950605,-0.007368868402,-0.004709844574,0.004363372182
-1.134260155,0.005547612878,0.01927100917,-0.004323478879,-0.02055167747,0.00355689629,-0.03052142177,0.02092317767,0.01032312875
-1.127389065,0.00389566187,0.008490561625,-0.002007728386,-0.01188770561,0.0006493335776,-0.01801212447,0.009612853978,0.00936584623
-1.122487735,0.00299910583,0.007727932763,-0.008377856235,-0.01570819806,0.002226853167,-0.01807596309,0.002849804403,0.008371774412
-1.128983817,-6.797264647e-05,0.01085543306,-0.0003712467248,-0.01614627539,0.0009558907021,-0.03369519781,0.01676245976,0.009448578592
-1.170124144,-0.002541659614,0.004250969774,-0.00771248622,-0.01385061105,-0.001021351716,-0.01080462664,0.004226360935,0.005075815342
-1.104912609,-0.0008432095029,0.006854388694,-0.007793829975,-0.0133937812,0.002726170402,-0.02951848944,0.01261092279,0.009558937273
-1.139894852,-0.003408288402,0.005027092621,-0.003051804766,-0.01636897424,-0.001378548237,-0.02187144565,0.01004895659,0.009716935885
-1.12649525,-0.004097155333,0.00604930497,-0.00495470635,-0.01442714903,0.002228187882,-0.01738260329,0.007607380917,0.006193261913
-1.155251202,-0.002875996475,0.005504395227,-0.007290608235,-0.01616627635,0.001178402646,-0.0277295833,0.01347090285,0.009500493971
-1.176331946,-0.00244293285,0.006294881679,-0.003279447513,-0.01520876887,0.0002926756328,-0.01782880178,0.007430484867,0.007162880796
-1.123701934,-0.002327691265,0.007412942238,-0.004743707691,-0.01682297759,0.0008821034286,-0.0275119482,0.01105695119,0.009297008484
-1.122002557,-0.001691681054,0.008125694626,-0.009200712521,-0.0153396713,-0.001515972265,-0.02128917194,0.009103408265,0.008273179525
-1.142498459,-0.005263668518,0.002431613174,-0.007181068735,-0.0136498999,0.001258966318,-0.01544592387,0.007618927704,0.005937070771
-1.119521751,-0.01169969426,-0.006891747382,-0.007548076162,-0.02081325126,-0.0006009033327,-0.03420455688,0.01605488239,0.009639932178
-1.115370978,-0.01038063739,-0.005115795831,-0.009307056277,-0.017409139,-0.00141750105,-0.01997825353,0.003156515236,0.006359356193
-1.100022149,-0.01076612446,-0.001739489799,-0.0114198904,-0.01464575739,-0.002406099116,-0.02056247089,0.009274807155,0.006656956119
-1.119935305,-0.009753019477,-0.002341644129,-0.006561088903,-0.01441377916,-0.0007686571495,-0.02649440248,0.0164059355,0.0104606914
-1.126708234,-0.006280951411,0.000625452106,-0.007316295841,-0.01619318018,0.001143483432,-0.01711951227,7.793151797e-05,0.007393207073
-1.112507032,-0.008301789399,0.00068796524,-0.00806728175,-0.01312362087,-0.0004955315184,-0.02892404637,0.01379527413,0.009537817189
-1.143599893,-0.006981147273,0.001452548211,-0.008110269939,-0.01358075525,-0.001440631867,-0.02067300085,0.01211095083,0.008388898865
-1.114389741,-0.003739159276,0.002770768275,-0.006100219364,-0.01464736645,0.001929488806,-0.02014638219,0.007878650353,0.007545247401
-1.119355835,-0.002511867361,0.007330308451,-0.00536133486,-0.01694577421,0.001487808147,-0.02501911741,0.01297064279,0.009826708115
-1.093256483,-0.003580610452,0.004672881082,-0.005567775834,-0.01062836931,0.0009114025211,-0.02010924921,0.009014636059,0.007811851378
-1.123580072,0.0003229781555,0.006858471263,-0.005771868747,-0.01506000544,0.002167599163,-0.0208066853,0.01269402885,0.009096959051
-1.1673472,0.0006424530798,0.006875160234,-0.004261424834,-0.01544872194,0.001483234513,-0.02299525156,0.01011037241,0.008125343105
-1.150938341,-0.001293549577,0.005087718338,-0.00534394704,-0.01495890729,0.00144130535,-0.02018774117,0.009943917566,0.00888386143
-1.124509653,0.001446455131,0.007099679416,-0.005066722429,-0.01133223962,0.002872027548,-0.02302554133,0.01285887628,0.01019059121
-1.126757654,-0.0007533535339,0.008422759411,-0.006965263007,-0.0151359869,0.001109511928,-0.02055311568,0.01032165379,0.0094269531
-1.153528661,-0.0001481341859,0.008294961102,-0.004718825578,-0.01683040111,0.003433001082,-0.02096131341,0.009361115249,0.007977749912
-1.166630137,-0.0003966144874,0.005743072623,-0.004661036241,-0.01209508578,0.001233425699,-0.02050846004,0.01493384179,0.01005295595
-1.110110676,0.004080503572,0.01222580931,-0.004610569971,-0.01134730014,0.001640469798,-0.02073485569,0.01111230144,0.009764522808
-1.105204962,0.01082775555,0.0206410755,-0.0006516642291,-0.01410223672,0.007845355337,-0.02579837151,-0.002492088143,0.01048157436
-1.113147813,0.007156250675,0.01816456467,-0.002868788527,-0.008779855449,0.002966007088,-0.01428454585,0.02502128368,0.007931109421
-1.131244215,0.009256535268,0.01117192671,-0.004176539292,-0.01197609976,-0.0002599332012,-0.02057026384,0.00980496466,0.01144071466
-1.152530294,0.005761704621,0.01694581477,-0.006761547734,-0.01571575857,0.007317014086,-0.022729163,0.01084605945,0.008127663518
-1.151132481,0.003160826758,0.01806422559,-0.002595020586,-0.01032834492,0.001712962401,-0.02001664075,0.009838591043,0.008724001843
-1.141455862,0.003585930983,0.01132891068,-0.001194217504,-0.01410574634,-0.0006453643462,-0.02068889269,0.01557174429,0.009104683053
-1.081833458,0.003794140554,0.007729303527,-0.006424346989,-0.01638874193,0.003302382811,-0.02220145423,0.01374497327,0.008238059593
-1.140449996,0.001290127025,0.01163732201,-0.005308632161,-0.01747420576,0.004112106678,-0.02214767236,-0.004124107513,0.007631697306
-1.127328181,-0.002562597783,0.009289308585,-0.002294728608,-0.008391621454,-0.002548856645,-0.02114258769,0.02072434516,0.009637226056
-1.153435392,0.001127418028,0.004557930495,-0.008370667082,-0.01631201489,-0.001958381019,-0.0221435266,0.005731302108,0.008275348606
-1.127829928,-0.00315532866,0.009075273993,-0.009231160673,-0.01989900223,0.002251343697,-0.02373198402,0.01340419689,0.00691675975
-1.140625681,-0.003753223643,0.00581102081,-0.001062760754,-0.0147494807,-0.0002903034278,-0.02126525435,0.01023696257,0.007765673635
-1.113828563,-0.002955066893,0.004990699725,-0.007265099424,-0.01269776332,0.001043720044,-0.02061928719,0.009765770185,0.0072218588
-1.128875623,-0.001445457318,0.006031600087,-0.01075032966,-0.01690231494,0.0002031537025,-0.02333423164,0.009256966295,0.00958471369
-1.097377662,-0.00467781236,0.007543882802,-0.002881255405,-0.01679975073,-0.001250095876,-0.02038787946,0.006342656455,0.008087064862
-1.120239912,-0.003915204585,0.004383032312,-0.004660621049,-0.01181930329,0.0005563282003,-0.02341021697,0.0153238088,0.006976274092
-1.142247599,-0.002367500111,0.006848670811,-0.008928999432,-0.01568264567,0.0001799082138,-0.02360816409,0.006360224106,0.007660554967
-1.126647901,-0.01073415696,0.000134315192,-0.006340039156,-0.02088412249,-0.0006063059776,-0.02360637933,0.01421753645,0.00828612932
-1.117258511,-0.01520685896,-0.00655816257,-0.008688447238,-0.01637395386,-0.002815421246,-0.02123239584,0.008216467206,0.006869524957
-1.147813606,-0.01066558894,-0.002233623064,-0.01070176771,-0.01447794037,0.0001012543255,-0.02149523422,0.008219446887,0.005684878522
-1.144345015,-0.01099699416,-0.003436366854,-0.007677460941,-0.01805497567,-0.0006396001641,-0.02453351096,0.009178022737,0.00886819945
-1.089615078,-0.007739148871,-0.0008103105829,-0.006544394967,-0.01582413945,-0.001912838626,-0.02220157706,0.009295504019,0.008295377679
-1.109560122,-0.007163748133,-0.0008794027655,-0.01045305799,-0.01294148507,8.86960169e-05,-0.02313896147,0.01343776446,0.007630873476
-0.9564365394,-0.008731016414,-0.0003151547762,-0.007537698641,-0.01586689934,-0.001313199175,-0.02279357939,0.008888522387,0.009382595983
4.421347082,-0.004535712654,0.002684659283,-0.004468752846,-0.01605401409,0.001231845462,-0.02092407642,0.01311790463,0.0101386387
5.365470703,-0.00234955243,0.004859097222,-0.007732325583,-0.01202927025,0.001933490985,-0.02249769315,0.008395716873,0.007868897948
5.089598721,-0.00271500225,0.00451705784,-0.007111687886,-0.01517576485,0.002689799087,-0.02222539752,0.009944138969,0.009385608959
5.283260931,-0.0021078833,0.004911436975,-0.00240029527,-0.01660883546,0.00100762703,-0.02239164752,0.009760370603,0.009400345468
5.153348625,-0.0007758867599,0.007756070479,-0.006873496339,-0.01083324979,0.002774667115,-0.0220481502,0.01014969455,0.008988900256
5.19322753,-0.0002172172478,0.008368167951,-0.008470812615,-0.01266567909,0.001951045754,-0.02191430497,0.01233464044,0.009504170568
5.135853513,-0.001451325696,0.00680404619,-0.003689956337,-0.01631320169,0.001533575671,-0.0201430392,0.01066410338,0.009841544869
5.225255929,-0.001775241739,0.00817099295,-0.005764705313,-0.01377869607,0.002770629909,-0.0219206573,0.01204118303,0.008762929884
5.172744449,0.0003651445174,0.007709193254,-0.007550981604,-0.01144816024,0.002070239956,-0.02229151499,0.009534211752,0.009184613895
5.176033929,0.0003187773947,0.005400645029,-0.004562106545,-0.01564931629,0.001671417998,-0.02056908506,0.01259017232,0.01035950209
5.127291175,0.0008331802074,0.009740458287,-0.003804449256,-0.01453938042,0.00210432336,-0.02228829094,0.01032573814,0.009307364075
5.180771024,0.009280236341,0.0189873369,-0.003355399522,-0.01028925044,0.003914287462,-0.01946235142,0.01144443147,0.0102856611
5.070270123,0.0104122789,0.0175484175,-0.00189326148,-0.01224080706,0.004375698589,-0.02085148915,0.01512036408,0.01036932154
5.274787478,0.008603731732,0.01586206119,-0.002832524381,-0.01474525607,0.005326808636,-0.02263557414,0.003491046052,0.009256046315
4.981031014,0.008344823744,0.01895028742,-0.002990698733,-0.01052030632,0.0009538723174,-0.01885901652,0.01469553519,0.009288056908
5.418481707,0.005105174963,0.01195564318,-0.004068075344,-0.01209369716,0.0009991906808,-0.0176163783,0.01678073319,0.009558678018
0.3825507532,0.005827092988,0.01384536474,-0.004601755842,-0.01692827927,0.004883479058,-0.0252131604,0.005877273971,0.007909424202
-1.493479514,0.004631320785,0.01432323982,-0.003535526408,-0.01399636812,0.0008170281554,-0.02213493161,0.00943542805,0.008341646237
-0.9345165888,-0.001553873205,0.007993832027,-0.003629050323,-0.0120266119,-0.0005492585258,-0.01878965924,0.01316046601,0.0095953526
-1.202469524,-0.0014145159,0.006969331619,-0.006178185287,-0.02134084678,0.001638077918,-0.02392963738,0.01248380201,0.007191143872
-1.044928476,0.0005818653812,0.007823769131,-0.004070525882,-0.02089443829,0.002794979059,-0.02437395577,0.0001914089285,0.008467250802
-1.189493125,-0.001913623252,0.007687757124,-0.004879416504,-0.007589443546,-0.002182258162,-0.02133361465,0.01322424056,0.008302951766
-1.078211613,-0.003244932204,0.003863879529,-0.008219904076,-0.01312060458,-0.001482438785,-0.02093261714,0.01334403719,0.008250250034
-1.132648633,-0.002099742752,0.007945833002,-0.007597352536,-0.02118953232,0.003080224038,-0.02218622853,0.007042627001,0.00779633911
-1.146213304,-0.00262658823,0.008274877258,-0.00406121009,-0.01498406441,0.001394228483,-0.02241070236,0.009999223218,0.007967428839
-1.144493031,-0.00197292561,0.007454566519,-0.005306862617,-0.01044744626,0.0003830567943,-0.02239057968,0.01139437624,0.008744948226
-1.134037607,-0.002764029683,0.005491689677,-0.008071224127,-0.01894378258,-0.001052939802,-0.02186849873,0.007664727525,0.008402178729
-1.103309729,-0.003574209913,0.007041059944,-0.002607304951,-0.01863265305,0.0005187041068,-0.02437348999,0.008926725604,0.008150927148
-1.148313634,-0.00472776831,0.003051765737,-0.006458446628,-0.01227122865,-0.0005463396415,-0.02206492455,0.01171628629,0.007378136646
-1.156361257,-0.01267231979,-0.004671601112,-0.01295278083,-0.0178076244,-0.002587869273,-0.02659729803,0.01026147417,0.007813450294
-1.159580927,-0.01302072391,-0.005190994773,-0.008030274627,-0.0225531038,0.0004298389853,-0.01789388589,0.008548790906,0.007064683117
-1.110353842,-0.01333037112,-0.004220400635,-0.00570272261,-0.01418596379,-0.003981814442,-0.02282272881,0.01217468944,0.007981529961
-1.166547216,-0.0102312068,-0.002723609999,-0.009989733529,-0.01457102732,0.0004651193571,-0.02955193344,0.01544125025,0.008683756195
-1.157323004,-0.007327439653,-0.0004107810864,-0.009505249502,-0.01570622038,0.003945496445,-0.01643024444,-0.007239006497,0.004871446987
-1.121152156,-0.00817317138,0.001560325547,-0.003385069669,-0.01498335066,-0.007059579523,-0.02702867019,0.01516333831,0.01091904491
-1.159255572,-0.00553974391,-0.0007510643439,-0.008316739965,-0.01024591088,0.0005031154084,-0.02092171751,0.01885028156,0.008442066745
-1.147202439,-0.003887173915,0.004545282737,-0.01039421056,-0.01766714377,0.004961219419,-0.0203052505,0.001972095358,0.005862245049
-1.147960965,-0.002938366424,0.007620691409,-0.003948444497,-0.01766983826,2.397387257e-05,-0.0305756642,0.01056690313,0.01071719073
-1.128933923,-0.00310872633,0.003584239175,-0.004273850313,-0.005557796271,-0.0006697689516,-0.01367936718,0.01728129376,0.008478827206
-1.121806391,0.0007546661053,0.005104144263,-0.008037536854,-0.01823138463,0.002868953369,-0.02181058385,0.004809685435,0.008951134341
-1.133122992,4.598106901e-05,0.01013055482,-0.003312909924,-0.02006611023,0.003570993889,-0.02859331762,0.006208348182,0.009913099728
-1.124910998,-0.001640982003,0.005221009462,-0.005124071872,-0.002633221696,-0.0008500282694,-0.01705989848,0.01560737396,0.008126934883
-1.104889656,0.001276876593,0.007123968381,-0.007377778053,-0.01116020892,0.002455028572,-0.0211492509,0.01743607748,0.009247974901
-1.153849796,-0.001108968794,0.008048462098,-0.004872316979,-0.02476552059,0.003598821164,-0.02523680869,0.005884235926,0.009404518011
-1.177130766,-0.001715652604,0.01041366262,-0.00431960929,-0.01181094018,0.002427305758,-0.0216991876,0.01309229859,0.009658617159
-1.188964142,-0.0005818395313,0.005071860863,-0.008590312161,-0.01161825127,0.002366553533,-0.01767891509,0.01195222307,0.007960667666
-1.117048412,0.004044708479,0.01005043401,-0.001813240178,-0.01701621956,0.003150797037,-0.02432373573,0.004668255934,0.01054896152
-1.145817999,0.01317951123,0.01973198089,-0.002264804679,-0.01186379142,0.004573277673,-0.0217852195,0.0117821219,0.01110460773
-1.113939855,0.01011358393,0.01716105318,-0.007107384119,-0.002445666406,0.00211562905,-0.02111212585,0.0169582059,0.00890020537
-1.16547822,0.009573354874,0.02251638331,-0.000330977633,-0.01201880523,0.004251489285,-0.01223971903,0.008940659785,0.009744235416
-1.144290299,0.004141786808,0.0177812357,-0.000685455773,-0.01957463088,0.007021097187,-0.03072632608,0.01478384669,0.01188953383
-1.103463195,0.005358666662,0.009510669504,-0.008000708173,-0.01379955349,0.001654423341,-0.02179311249,0.009583160174,0.007958221509
-1.14284267,0.006275785823,0.01381855772,0.00245054864,-0.005864057086,0.001106711251,-0.01122806648,0.006483365882,0.007399798062
-1.105951197,0.00298290177,0.01178290104,-0.002729690827,-0.01869352248,0.001782559677,-0.02942718992,0.0174529112,0.01100006293
-1.105141751,0.0003238894565,0.007299892431,-0.009092273902,-0.01858204142,0.003220050906,-0.02081522247,-0.0002667226655,0.007628897168
-1.17734728,-0.001556592904,0.01025451456,-0.006231253343,-0.01206465954,-0.0008704367968,-0.01362812013,0.01877161032,0.007997009148
-1.125881519,-0.003572851579,0.009792614743,-0.003461329549,-0.01739592056,-0.0004566013521,-0.02990533039,0.01686591726,0.0116002991
-1.106978354,-0.004575585361,0.005887509704,-0.008459756719,-0.02055162414,0.001783739854,-0.01864082293,0.005661140613,0.005388535955
-1.126328177,-0.0009988089273,0.005677256304,-0.005138320635,-0.01485077564,-0.0005156316329,-0.02240979951,0.006542638951,0.007539903437
-1.120570358,-0.0009018306118,0.00609957288,-0.003793309875,-0.01073695061,-0.001859908586,-0.02268893137,0.01574506339,0.009710518867
-1.127542789,-0.001932856589,0.003166132119,-0.009612111243,-0.01717134827,0.003425537927,-0.01890267003,0.0002060811962,0.00732565905
-1.134104352,-0.0008505506362,0.008373319258,-0.00565322748,-0.0165595552,1.108299373e-05,-0.02559136851,0.009367216139,0.008164145606
-1.12629498,-0.005123043075,0.004607381967,-0.004053881422,-0.01163326821,-0.001663528067,-0.01972653678,0.02136076719,0.006711478
-1.141178108,-0.001205740293,0.007738987312,-0.006765069361,-0.01382722941,0.002332699922,-0.01917958757,0.00667390941,0.006182897411
-1.07991914,-0.007990389946,0.001708327537,-0.006545793651,-0.02229800725,0.0001776826469,-0.02608163506,0.01084046269,0.006746639518
-1.105723673,-0.01563738211,-0.005692728022,-0.007871020397,-0.01480259012,-0.004102324818,-0.01958427473,0.005408130273,0.007679251887
-1.101847137,-0.01206326439,-0.004312100348,-0.009801638417,-0.01599077194,0.0002198091516,-0.02228123681,0.01108254375,0.007603253742
-1.093880675,-0.01271194629,-0.005666310129,-0.007914005439,-0.02150513048,-0.001997746642,-0.02610360456,0.0067542099,0.006769069965
-1.112215344,-0.00952934621,-0.001411573241,-0.006796715843,-0.01564029048,0.001054740624,-0.02452794142,0.0001555977924,0.009040056609
-1.088625894,-0.007444839805,0.003355735818,-0.01063058843,-0.009767552696,-0.002289704835,-0.01968551305,0.02487014311,0.009739777482
-1.092410743,-0.006002889341,-0.003958973573,-0.007373358677,-0.01893703819,-0.002391540055,-0.02422762752,0.005089459512,0.009739334038
-1.129914764,-0.005478351608,0.005006010512,-0.005948846104,-0.01796880645,0.005531270779,-0.02022693283,0.01068262597,0.006354690875
-1.090757393,-0.002665734797,0.007788501576,-0.005308175212,-0.008061361941,0.0002767015219,-0.02185314415,0.008084520321,0.007720131379
-1.143606639,-0.000888675751,0.003902099394,-0.006167035532,-0.01379249182,0.0005886055395,-0.02378932562,0.01217091614,0.01003575054
-1.128598436,-0.0001935042147,0.003416431989,-0.005579933021,-0.02100461925,0.002868824691,-0.02131406433,0.01076524307,0.008591641269
-1.13118371,-9.454517655e-05,0.01274963273,-0.003919192228,-0.01507464815,0.004205288209,-0.02177224728,0.00782497725,0.007938463278
-1.118307806,-0.002183251885,0.00768747827,-0.006152377614,-0.007948643375,0.001114952432,-0.02008210102,0.01768375954,0.009425521425
-1.109477448,0.0008073672802,0.004385275669,-0.007754150379,-0.01588438474,-0.001915227221,-0.01828817739,0.005628877151,0.01063291755
-1.12251815,6.982877697e-05,0.0102120115,-0.00474344869,-0.01836451334,0.003337306755,-0.02513000139,0.01555500658,0.009812170241
-1.077028242,-0.001385825637,0.005622986507,-0.00318525198,-0.01016516405,0.001843453352,-0.01853576178,0.008153074945,0.008407679025
-1.11312815,0.001797444879,0.006325485512,-0.006158433309,-0.0104602444,0.0009228653434,-0.02227189821,0.01208705234,0.009301983473
-1.11299187,0.001915940539,0.00872237481,-0.006987423667,-0.01604495272,0.000294887693,-0.02449726351,0.01017559112,0.01196775564
-1.091012662,0.006975965087,0.0169813073,-0.002579593148,-0.01098657125,0.00412517511,-0.01722373463,0.0112118402,0.00988121482
-1.095770323,0.01090742436,0.01736770343,-0.003684167785,-0.01009557474,0.005187125954,-0.01929524756,0.01429101785,0.008845406578
-1.104956492,0.009598757869,0.01782936729,-0.002877780187,-0.01379846565,0.002958176732,-0.02132630544,0.008366304336,0.01195063167
-1.128050329,0.008472725418,0.018183317,-0.0009597759713,-0.01462440827,0.003353404111,-0.01966245182,0.01248322497,0.01127291263
-1.079617221,0.004738319813,0.01402601425,-0.003557353381,-0.01216200084,0.001330406585,-0.02102387533,0.01021168654,0.008011507748
-1.174860472,0.004051966386,0.0132099262,-0.004393435343,-0.0128004602,0.002658306891,-0.01981737628,0.01417664515,0.009287774436
-0.9659242482,0.003468984711,0.01498849373,-0.003106010608,-0.01558955165,0.002397477796,-0.02327373314,0.009842819246,0.01139783698
-1.395382376,0.0009536910453,0.00939750777,-0.006941593723,-0.01493608758,0.001930584083,-0.02144964436,0.01009887934,0.008449452859
3.755174394,1.244454463e-05,0.008018992445,-0.004478315087,-0.01394681557,5.016622784e-05,-0.02130090782,0.01247734296,0.006520800987
5.52273256,0.0009079917335,0.008749101078,-0.003363080828,-0.01675512152,-0.0009099958575,-0.02081628486,0.008948417204,0.009489569338
5.011151856,-0.002144632079,0.007113489072,-0.005387706291,-0.01266270033,0.001696239634,-0.02285455247,0.009592659183,0.008347014328
5.289229804,-0.001184754716,0.004953299245,-0.007285307977,-0.01364272155,9.050393821e-05,-0.02275410674,0.009520925003,0.007809432265
5.142301115,-0.002181121326,0.005713872938,-0.004927374291,-0.01668567481,0.0007425754135,-0.02106487013,0.01117025516,0.008202458826
5.224460868,-0.003337973266,0.006752914587,-0.00440440955,-0.01817825663,-0.0001053325651,-0.02245412815,0.01048243336,0.00840761865
5.137662951,-0.002280943272,0.006569930998,-0.007254477326,-0.01403199213,-0.0007255466612,-0.02215204999,0.01064262958,0.008738363872
5.236796101,-0.003752572207,0.006317345885,-0.007129474281,-0.01490756345,9.195368056e-05,-0.0209559645,0.01037687438,0.008996852974
5.216870029,-0.003450447131,0.006730821545,-0.005848816459,-0.01716268192,-0.0003856249814,-0.02324390819,0.01106985765,0.008741964142
5.168737019,-0.005135836901,0.005323351018,-0.00694195172,-0.0155372169,-0.0003694439272,-0.01889088375,0.008254682575,0.007858341756
5.151325932,-0.01192057524,-0.005367804644,-0.009658402898,-0.01570827474,-0.001763832228,-0.02619667087,0.00913877945,0.007658508982
5.25903599,-0.01255713604,-0.004796332624,-0.009497588888,-0.01866084423,-0.0008176067092,-0.02494648828,0.01155332652,0.008321385616
5.031485305,-0.01143662366,-0.002928865399,-0.008508429403,-0.01603688834,-0.00187439174,-0.02009986491,0.005249073749,0.007229137801
5.309855952,-0.009769155926,-0.001032345977,-0.009534597614,-0.01187282996,-0.001816282075,-0.02023302672,0.0162402893,0.007604703766
4.947869576,-0.006673160496,-0.001185595806,-0.007358457908,-0.01746304401,0.004291718693,-0.02797396125,0.01382889352,0.00918104005
5.661495597,-0.008157301782,0.0005914263344,-0.008085950514,-0.02050353818,-0.001332606914,-0.02821045019,-0.01404807934,0.008532451664
1.307173978,-0.007241812442,0.004444439215,-0.006879986873,-0.003864401286,-0.005527672586,-0.009371232497,0.03370690938,0.009165846023
-1.652884438,-0.002954086496,-0.00286866943,-0.007497899511,-0.0185196442,0.005369538917,-0.02283407281,0.01215879904,0.009775954201
-0.9082965691,-0.002885080136,0.008882446208,-0.00964304587,-0.02611944283,0.002869832006,-0.02997136201,-0.002215393935,0.007726703479
-1.298164914,-0.00141515324,0.009332233484,-0.003040146976,-0.00448055243,0.0005611636905,-0.01858694948,0.01458410028,0.01110591548
-0.9797398041,-0.004078108971,0.00674158268,-0.007320677443,-0.008110968748,-0.002655055104,-0.01536843025,0.02247579335,0.008713070771
-1.169145953,0.00234139187,0.002055979946,-0.004930118693,-0.02980176767,0.004371574823,-0.02717190828,-0.001227689679,0.009043756083
-1.090455887,-0.002124924627,0.01394482517,-6.036688596e-05,-0.01094577947,0.002839200728,-0.02562292086,0.005217643276,0.007736829036
-1.147852856,-0.0008171242392,0.009314446382,-0.008494009254,0.005614313459,-0.00359896766,-0.0164253703,0.02240276337,0.009845243414
-1.113235319,-0.0007882823162,0.001172397113,-0.006890216322,-0.02240486512,0.001368166624,-0.0212944492,0.008304160796,0.009264900509
-1.181727706,0.0004898709748,0.01168534843,-0.003650577199,-0.02242436212,0.006598139332,-0.02272468838,0.01118524614,0.008749549982
-1.166164028,-0.002047349508,0.01121065121,-0.006111384934,-0.004680935311,0.002600393852,-0.01970237249,0.009978098729,0.0103046037
-1.128286693,0.001298524081,0.008026906785,-0.007080488378,-0.01015553985,0.000460426821,-0.02102810564,0.01226174496,0.01038316475
-1.139758068,0.01284635947,0.01741149318,-0.0002707785093,-0.02146172615,0.002720424587,-0.02172484778,0.00932126551,0.01304426804
-1.163007119,0.008767184384,0.01917483748,0.0001110962561,-0.009530914367,0.00453622385,-0.020288006,0.01143456143,0.009340951065
-1.100320025,0.008434196273,0.01653935528,-0.005644682485,-0.005177293738,0.001835205446,-0.01982305234,0.01891509964,0.008480369999
-1.152269267,0.007143650478,0.01417292517,-0.003846758268,-0.01909956636,0.002502830547,-0.02759961624,0.0126674696,0.01050209759
-1.144042169,0.004276544473,0.01500767407,-0.001772275711,-0.01901583405,0.004352600933,-0.01241793306,0.00255299797,0.00893709669
-1.114287425,0.004588032604,0.01622320556,-0.002589195727,-0.00365139387,-0.000794014005,-0.01864558134,0.01306570362,0.009614595829
-1.146763259,0.003641788786,0.006776350598,-0.006976195168,-0.01468069881,0.0006130176311,-0.0305216747,0.01721932421,0.01106866982
-1.183334062,0.002571693815,0.009702741345,-0.003283331125,-0.02100629877,0.003536610432,-0.01480081248,-0.007564246429,0.006942178293
-1.157378806,0.0001283646738,0.01470796651,-0.003865213235,-0.01140892026,-0.000968623021,-0.02501811199,0.0224089062,0.007733502034
-1.138052358,-0.001472559519,0.004430313178,-0.009423978119,-0.01103880052,-0.002625087445,-0.02214571674,0.01483995048,0.009788052033
-1.160251054,-0.002200646541,0.006943588552,-0.007300426726,-0.02444903856,0.003605685936,-0.01778260335,0.00252835484,0.005376414955
-1.128473596,-0.003772252538,0.01149176754,-0.001824205601,-0.02023069366,0.001434907307,-0.02747103562,0.01359977315,0.008109800542
-1.140853263,-0.002891367694,0.003717882494,-0.006674546765,-0.007660685093,0.0006418518587,-0.01682675246,0.003398268554,0.007671769278
-1.148917229,-0.0007173158956,0.001817421536,-0.007203244109,-0.01560711523,-0.001020065261,-0.02274201321,0.01768340176,0.009906243678
-1.163806679,-0.001753160126,0.008711806075,-0.00158617607,-0.02014872473,0.001203626605,-0.02374092075,0.001545664232,0.00858412764
-1.121506597,-0.006117106783,0.008418759016,-0.007656918159,-0.007685127312,0.003369724642,-0.01989396634,0.01719250993,0.004143165169
-1.166239655,-0.00188371252,0.005783169957,-0.009014998582,-0.01573005168,-0.002556976741,-0.02524484664,0.008209630848,0.009804929713
-1.140052675,-0.007129296976,0.0006733416399,-0.002533034404,-0.02218125223,0.0004493566964,-0.02030066862,0.009963613551,0.008012936612
-1.099545113,-0.01506221318,-0.004534200447,-0.006980409128,-0.01511326231,-0.0006313260012,-0.02276928236,0.009566119165,0.006482725427
-1.114681218,-0.009936043054,-0.004064682993,-0.01157758134,-0.01265672489,-0.0009698110194,-0.02561303294,0.002047838206,0.005842839257
-1.173377905,-0.01083524802,-0.006401311538,-0.007914096778,-0.02082031505,-0.00289760547,-0.02321074482,0.01439175149,0.008324278632
-1.110712314,-0.008948309491,-0.0005907289803,-0.005946365223,-0.01947505771,-0.002195662972,-0.02189449746,0.004489540968,0.009025688926
-1.088589003,-0.007980798249,0.001044994059,-0.01100466471,-0.01105011516,0.002315763244,-0.02448358927,0.02240245388,0.007060742034
-1.13318082,-0.008885497985,-0.002359281226,-0.009028483155,-0.01719306297,-0.002569885994,-0.01731870451,0.0006386588173,0.007425711116
-1.09612299,-0.004666675889,0.008402923057,-0.004117403746,-0.01712345976,0.00273403432,-0.02326048978,0.0122844932,0.009388865839
-1.119215562,-0.003268801044,0.004318988574,-0.006401916087,-0.01203480139,0.0009136286337,-0.02909978404,0.0165495481,0.00859386655
-1.189339645,-0.0005141228489,0.001228115417,-0.008091978841,-0.01249443297,-0.001294719422,-0.01475963746,-0.003036192606,0.006644603951
-1.159759782,-0.0009535711555,0.008603443152,-0.004191684279,-0.01058770695,0.001213525011,-0.02709792859,0.02364501528,0.009937425446
-1.124698549,-0.001230777444,0.009511043334,-0.006991289733,-0.01499904377,0.002700616951,-0.02169791682,0.00437278155,0.009039962457
-1.140742012,-0.00169341108,0.007133092199,-0.006587599982,-0.01379595448,0.003968079742,-0.01967314529,0.01293023993,0.00846014331
-1.091180289,-0.001878906851,0.006296882416,-0.005038753674,-0.01469516288,-0.0007129692854,-0.02354391128,0.0158221904,0.01260043988
-1.11633271,0.0008108628653,0.008351062974,-0.006336870887,-0.01468033949,0.002179307829,-0.01761149449,0.01088221959,0.008285203035
-1.14124101,0.0003144284717,0.00729161965,-0.006241914819,-0.01672783903,0.005288464784,-0.02383227688,0.005027916369,0.00898356966
-1.145822445,0.000822394119,0.01062898004,-0.001616201759,-0.01289577284,0.0004620364916,-0.02261613685,0.01334551863,0.01162254831
-1.141500844,2.563423361e-05,0.006119708312,-0.005495131754,-0.01121134074,0.002175097474,-0.01761231726,0.0176661268,0.008925654082
-1.102906137,0.007747540827,0.01510852736,-0.004842757304,-0.01623826898,0.004937926925,-0.02178243149,0.008278050463,0.008999992168
-1.155885027,0.01018953822,0.0198965883,-0.0004365535604,-0.009368915537,0.004548704552,-0.01945558305,0.01352278919,0.01109168751
-1.086491236,0.008094040524,0.01779312451,-0.001885223763,-0.007876824746,0.002198509162,-0.01748517916,0.01193111863,0.01165925141
-1.115770417,0.00976842296,0.01721819591,-0.004157084651,-0.01348396856,0.003283041678,-0.01932272177,0.0132330492,0.008629237739
-1.104621617,0.006981245706,0.0142712547,-0.00203291348,-0.01438679402,0.004146555001,-0.02124479684,0.007793449248,0.009025741587
-1.125509912,0.004769699081,0.01438890539,-0.001290664491,-0.01288409309,0.001201165013,-0.02203527419,0.01254499317,0.00961056695
-1.096075289,0.004384804231,0.01450561882,-0.00659649225,-0.01212145487,0.001097528323,-0.01945243006,0.01758165633,0.008266976876
-1.119633037,0.0003545267008,0.0088882112,-0.005209454361,-0.01770160769,0.003841152426,-0.02225427688,0.003890137042,0.007351487964
-1.127008447,-0.0002940540223,0.01091145829,-0.003402930429,-0.01739937027,0.002451344988,-0.0226119373,0.006251323314,0.007505576757
-1.151842121,-0.001067051003,0.008301385848,-0.004125606486,-0.01090082151,-0.002699866767,-0.01951496949,0.02061521622,0.008332718509
-1.113786856,0.0001726937033,0.002680443152,-0.006040018036,-0.01947699498,0.001392646946,-0.02492108904,0.001436037553,0.008435988877
-1.12276134,-0.003428288033,0.007710912073,-0.008188752396,-0.01438502511,0.001017698144,-0.01889539652,0.01537753809,0.006242916726
-1.148223112,-0.0003335736052,0.008173240317,-0.004380966272,-0.01200180109,-0.0009568662427,-0.02250764935,0.007374822992,0.01007827948
-1.186065632,-0.002658058177,0.006606294291,-0.004252804561,-0.01480671198,1.854842429e-05,-0.02134328648,0.01861867159,0.008464016939
-1.156922234,-0.002233241142,0.002410037466,-0.005563736651,-0.02056350576,0.004204494355,-0.02269354072,0.002985498652,0.008106255533
-1.136582245,-0.00302960609,0.009126671174,-0.003147737159,-0.01489003951,0.003008129653,-0.02243807688,0.005489291156,0.006668495298
-1.11152436,-0.003124788994,0.004689546224,-0.003111285184,-0.01078096424,-0.003258332006,-0.02024164758,0.0165480323,0.01100404765
-1.089465036,-0.002493635182,0.003673615054,-0.009814422339,-0.01897727895,0.000803476208,-0.02307818793,0.004596331528,0.008865956593
-1.120631979,-0.01253364661,-0.0009470321493,-0.009586623213,-0.01775783652,0.0005302621134,-0.02174016827,0.01781974707,0.006012129184
-1.093586026,-0.01308387514,-0.006030525762,-0.005264452924,-0.01450722644,-0.001788772457,-0.02260959818,0.004854188469,0.005639311901
-1.122916747,-0.01154726381,-0.003677614155,-0.01085667233,-0.01750192452,0.0001204134398,-0.02369018196,0.01531881266,0.007241366651
-1.044038254,-0.01152245152,-0.005324951313,-0.01063960819,-0.02004133223,-0.00231757433,-0.02338894469,0.002605148831,0.009422313898
-1.156003179,-0.008189235157,0.001200582384,-0.004836418017,-0.01410383123,-3.988414278e-05,-0.02098411494,0.01032186375,0.007404052652
-1.002250168,-0.006871579605,-0.00177030492,-0.00709593095,-0.01007206016,-0.0009330270609,-0.0220657606,0.01192638871,0.008661982638
-1.282856396,-0.007546937941,0.001341143861,-0.009994390769,-0.01615499411,0.0003456727321,-0.02457098981,0.005469684693,0.009902216703
-0.7947100574,-0.004221418172,0.006164051219,-0.003776635087,-0.01549444961,0.002226021147,-0.02275054147,0.01768104885,0.01017400094
-1.684033802,-0.003587330908,0.003917253345,-0.005480527449,-0.01353810615,0.00142227529,-0.01979179973,0.005329023137,0.009123851367
2.027605387,-0.003307139312,0.005929106341,-0.009123461596,-0.01392400843,0.00271175136,-0.02260657227,0.01620759845,0.008325405108
5.732838894,-9.585741072e-06,0.004589792649,-0.004688209092,-0.01654034452,0.001489096097,-0.02082853496,0.001463627533,0.01033917285
4.923301514,0.0006883381938,0.0073091401,-0.004386110304,-0.01046630151,0.001671881717,-0.02121078947,0.01272870006,0.009179310631
5.346498681,0.0002041836194,0.005856281969,-0.005778286577,-0.01112468926,0.001736375188,-0.02389421546,0.01411762289,0.009017103951
5.027754589,-0.001027164024,0.008231602725,-0.004750448308,-0.01740455081,0.001420071552,-0.02251371798,0.007669959641,0.01040574859
5.226927727,-0.001187153493,0.007554905406,-0.003865819129,-0.01404474685,0.003168055045,-0.02220683338,0.01494651853,0.01013521933
5.091834071,-0.0009351567813,0.008131462949,-0.006308160607,-0.01095805818,0.002189122631,-0.01734069371,0.007930344903,0.009917813881
5.202190607,0.0003615339628,0.005640442121,-0.005816728384,-0.01475503326,0.001853955984,-0.02053978487,0.01007329616,0.009906934057
5.159483179,0.001422486336,0.009177267094,-0.004887515165,-0.01496965964,0.002238940477,-0.0226432518,0.007419935994,0.01046201627
5.212562359,0.0110846019,0.01837985949,-0.001733513616,-0.007920267655,0.003891300927,-0.019462082,0.01372131409,0.009353513687
5.1573116,0.009670605529,0.01711054055,-0.002768075008,-0.0119984876,0.004172810334,-0.02159428273,0.01326610021,0.01070755437
5.249007217,0.007740982709,0.01805985582,-0.002275019459,-0.01550286877,0.003472813321,-0.02140038063,0.01060225467,0.01056642689
5.040288019,0.006951418107,0.0183135097,-0.002956862143,-0.01182501879,0.004568302594,-0.02041144609,0.01471801276,0.009730518549
5.310300634,0.004527336949,0.01229507587,-0.002134481405,-0.01332293369,0.002861965991,-0.0213222372,0.006629557069,0.0085365545
4.937102753,0.007288373863,0.01314878301,-0.002609085955,-0.01422129251,0.002921998672,-0.01995340955,0.01138140305,0.008273390627
5.617457039,0.004163892326,0.01148244872,-0.003474112975,-0.01402511505,0.001639897342,-0.02353612704,0.004596735315,0.009041772279
3.171078108,0.001434374809,0.01166466096,-0.005988909578,-0.01215945058,0.0006858618253,-0.01864514479,0.02727049108,0.00836866215
-1.562162965,-0.0005995955335,0.005870015142,-0.006585133335,-0.0213596437,0.008421889921,-0.02687580766,-0.006727653844,0.008709651713
-0.9150043305,-0.0009364418483,0.01156382146,-0.004724469931,-0.0119489446,-0.0104390572,-0.02856763204,-0.001277348058,0.008753164106
-1.305529884,-0.001062861722,0.001756109499,-0.006243593206,-0.003490640457,0.001075421942,-0.004303627106,0.04317499121,0.007926120578
-1.038772868,-0.003373109647,0.001401486484,-0.006297672412,-0.03081713774,0.004259930602,-0.03147321178,-0.01185120576,0.006221905321
-1.176576326,-0.00182347588,0.01319812959,-0.005833721845,-0.01930326569,0.001796010032,-0.03068640053,0.006567752946,0.008436785788
-1.11346151,-0.00375814018,0.007158982478,-0.002314867003,0.003616927218,-0.002175071132,-0.01075952458,0.02174312426,0.0103670007
-1.169347185,-0.004355373513,0.0007172205109,-0.01016909058,-0.02402341082,-0.002611147102,-0.02169854525,0.01313943057,0.008065848344
-1.142487977,-0.0006562162287,0.004096027901,-0.002179641509,-0.03223913096,0.007547425978,-0.02912679121,-0.00263691783,0.0076382471
-1.137901818,-0.003840499967,0.01531593122,-0.003237226141,0.002746232332,-0.0005749162952,-0.01940682026,0.006956227602,0.006459136454
-1.133792153,-0.00398940901,0.0008193477456,-0.01172049853,-0.009367129534,-0.005382898962,-0.02146982829,0.02332943245,0.01088978698
-1.147525314,-0.01350882686,-0.01078182486,-0.008873978708,-0.0335597906,-0.0008752852706,-0.02393478823,-7.134727372e-05,0.007041089082
-1.113421219,-0.01148499997,0.004597190232,-0.004856889815,-0.01662402296,0.003851542878,-0.02363676608,0.01363162866,0.007282162622
-1.125295697,-0.0141965829,-0.003941226737,-0.01005458228,-0.003457180195,-0.001783423036,-0.02252166327,0.0106639767,0.005799373207
-1.127854837,-0.009435164081,-0.005874776403,-0.0135617115,-0.02147941999,-0.002305399712,-0.02109219533,0.005357443302,0.009121287434
-1.118446527,-0.00577612004,0.0007796568862,-0.001996377923,-0.02513786763,-0.0001091572597,-0.02475608331,0.007433480749,0.0113102626
-1.209053472,-0.008723642148,0.001225030341,-0.005463252663,-0.005510315438,0.0001843705797,-0.02114725331,0.01314945204,0.00598284962
-1.161066602,-0.005623308447,0.0005884438786,-0.0125961951,-0.009512923927,9.365434742e-05,-0.0251379683,0.01191732386,0.008921649912
-1.115378107,-0.002008522903,0.005794287326,-0.007818750578,-0.02381713631,0.001294585114,-0.02311881192,0.004932888717,0.01103235528
-1.141337929,-0.003343165918,0.00858168266,0.0006868655145,-0.01084932734,0.002040314134,-0.01540138139,0.01564466211,0.008723856483
-1.171496349,-0.002120638157,0.002665901179,-0.00913365477,-0.009633553298,0.001057877076,-0.02669672953,0.01517500319,0.008199332496
-1.1424581,0.0007829799127,0.00463126867,-0.008473395348,-0.01679435472,0.004192773704,-0.02392557874,0.003833998268,0.009634567439
-1.126859049,-0.0001678921219,0.01569090283,0.001017797461,-0.01584621161,0.002946595504,-0.01737899575,0.00890508215,0.009606141534
-1.174240695,9.236166074e-05,0.006735325317,-0.009078965348,-0.01009069467,-0.0003002763507,-0.02551693579,0.01609487697,0.01091114685
-1.140503153,0.0002804485752,0.00348732837,-0.009954223809,-0.01328623828,0.001849430588,-0.0190803689,0.009994874981,0.008805780847
-1.109426764,-0.00126945702,0.00876227464,0.0002474765415,-0.01830559304,0.003548469611,-0.02401631369,0.007706976481,0.009981322806
-1.103601921,-0.001746886174,0.01023510603,-0.005769880911,-0.01185900793,0.003306309523,-0.02124059645,0.01249917288,0.009516457765
-1.183003351,0.0009983032191,0.00547298887,-0.00982181732,-0.01070937478,0.0006505974627,-0.01907277578,0.01256849128,0.008264213801
-1.113719759,0.007173551335,0.01408574424,0.001063020611,-0.0202924663,0.002983640909,-0.02203365227,0.01083405129,0.0122365265
-1.122798929,0.009980656572,0.02238933876,-1.909578531e-05,-0.01033679014,0.00502755583,-0.02039361011,0.01070885107,0.009024713195
-1.122559546,0.007018548957,0.01537859329,-0.009673750989,-0.007596199914,0.003349401743,-0.02053654754,0.01267149585,0.01038618071
-1.087373258,0.01013968327,0.01856094611,0.001405858908,-0.01567172328,0.002122546401,-0.02157681703,0.01407360257,0.0112571454
-1.112669967,0.006005047235,0.01392775209,0.0001593742183,-0.01622263745,0.002276044142,-0.01882895859,0.01098017782,0.009123961188
-1.154970786,0.004613414917,0.01334192642,-0.009970126436,-0.006407825984,0.003937831317,-0.02065205454,0.009117251048,0.007844137507
-1.155312056,0.006036669932,0.01430535842,-0.002708802498,-0.01284508553,0.00232977094,-0.02134726345,0.01155646181,0.01071636136
-1.125315984,0.00318493384,0.01075132858,0.0004217058349,-0.02137536337,0.001373357029,-0.0200780622,0.008239723502,0.009023850564
-1.181285715,1.781703553e-05,0.01169754317,-0.01015509108,-0.01305319843,0.0004755813878,-0.0259623411,0.01759395365,0.006528753891
-1.132086607,0.0003227187813,0.005428621565,-0.006432694719,-0.01123576044,-0.002571648205,-0.01670692506,0.002743801416,0.007921723503
-1.082400894,-0.0006313950471,0.010296484,0.0003670899109,-0.01779087366,0.004519490585,-0.02802750471,0.00791423685,0.008538373727
-1.153572959,-0.004077386071,0.006390273224,-0.007057604512,-0.02171778354,-0.001249687277,-0.02612176968,0.02107572869,0.0082398663
-1.166531262,-0.002743156442,0.003959403125,-0.007172659349,-0.01251931018,-0.0007936907371,-0.01078548483,-0.002406472102,0.004539787025
-1.108854771,-0.001624900338,0.009426517175,-0.004272655572,-0.01144638661,0.002339700505,-0.02801982143,0.02262829785,0.009472988998
-1.093368116,-0.002651109804,0.00680431972,-0.007019530668,-0.01783627864,0.0001157239996,-0.02193096947,-0.002239899201,0.008398202451
-1.129551589,-0.003238549479,0.00844710849,-0.00561581341,-0.01414385038,0.0005719171113,-0.01865831215,0.01383468708,0.006469487274
-1.12176684,-0.003221849176,0.003630851844,-0.00434098289,-0.01483601964,-0.0002700053113,-0.02519843025,0.01602863656,0.009847714243
-1.115489194,-0.002648184445,0.006195780468,-0.006764941604,-0.01444746414,0.001562923542,-0.02120578017,0.004639762654,0.007100688803
-1.120823358,-0.009844833143,-0.002302113341,-0.009513434987,-0.01963164237,-0.00133787972,-0.02546857906,0.01153657222,0.009188088593
-1.129413502,-0.01489413449,-0.005155204539,-0.00560720146,-0.01531257719,-0.002599631312,-0.02281009714,0.007901926064,0.007296440127
-1.148477399,-0.01098684297,-0.003863043362,-0.0100212077,-0.01775394324,0.0005177756938,-0.02133808401,0.0153273968,0.006240816793
-1.139030977,-0.009303252867,-0.005023218288,-0.008614790903,-0.01971648802,-0.0006058890326,-0.02612191672,-0.0002603114704,0.008298520971
-1.110251207,-0.008097023875,0.0008387999854,-0.007708105436,-0.01358877983,-0.001463720421,-0.02181538348,0.0158113661,0.009032733583
-1.132111521,-0.008059843069,0.0005526181216,-0.009028599425,-0.01173229195,0.0001741029892,-0.02239673585,0.006285942328,0.009410801311
-1.132655286,-0.006926227588,-0.0005452321306,-0.006515463136,-0.01926425936,0.000598964439,-0.02216256533,0.01257525327,0.007841744333
-1.155061609,-0.004039124598,0.002661432135,-0.006208996684,-0.01152637916,0.001330096647,-0.02242896995,0.008101420261,0.008586819417
-1.132273386,-0.00332602501,0.008006236276,-0.00774672706,-0.009730085985,0.0007079589189,-0.02194354452,0.01232630456,0.01068795193
-1.131667615,-0.004991965026,0.003473362258,-0.006828167854,-0.01733211967,0.002113112598,-0.02367196641,0.01017378874,0.008227410797
-1.135545093,-0.0005851194975,0.006462212958,-0.004516899601,-0.01727774791,0.002134155648,-0.0215594266,0.007249371644,0.00808602697
-1.112893352,0.001380293352,0.01068912876,-0.00472324944,-0.01056186482,0.003060423024,-0.02099267627,0.01678051752,0.009839682075
-1.118264218,-0.0006181506182,0.006557195316,-0.009310391103,-0.01429859062,0.001373214348,-0.02244170564,0.00659019395,0.009898016879
-1.170904503,-0.0009612062987,0.005655491674,-0.005738677508,-0.01924095275,0.002145896769,-0.02202307724,0.01203832002,0.009304849788
-1.110465327,-0.0003865781537,0.008058086653,-0.003532587516,-0.01091047738,0.001858956976,-0.0214458715,0.009924292092,0.009655526593
-1.108474618,0.0003836013613,0.00770457091,-0.006922252049,-0.01115306546,0.001740473536,-0.02065796022,0.0107316055,0.009278406695
-1.150144406,0.0002601354904,0.00476184832,-0.005562861642,-0.01357423124,0.00276782631,-0.02237140675,0.00933214727,0.01064097085
-1.139502309,0.0008874715418,0.01272545335,-0.003479333142,-0.01448399397,0.001772740313,-0.02210406763,0.01147706143,0.008827972789
-1.128085489,0.01047621663,0.01929553841,-0.002615447993,-0.008353311524,0.003684201832,-0.01996245478,0.01384134938,0.00911292639
-1.181450483,0.01006270957,0.01688075156,-0.002057488593,-0.01462942937,0.003222363332,-0.01879891879,0.01419592328,0.01149389193
-1.131096356,0.009843308064,0.01673001027,-0.002063407772,-0.01706068292,0.003959851239,-0.0220109025,0.004650244469,0.0111537626
-1.146226255,0.007342468051,0.01854875238,-0.002665957939,-0.01244540125,0.003420619302,-0.01791558762,0.01966434291,0.007904667122
-1.064772491,0.004585207241,0.01044863636,-0.003121524952,-0.01643402851,0.002397506208,-0.02084633785,0.005432471594,0.008863234326
-1.147929743,0.006214106516,0.01432280052,-0.003894047892,-0.01401685926,0.001590541396,-0.02332880222,0.00849652181,0.01011347656
-1.019324858,0.00505780413,0.01235045129,-0.005104957136,-0.009060463642,0.001457327793,-0.02156917891,0.01475122207,0.009465902491
-1.274170609,-6.349976821e-05,0.008871681129,-0.005773594156,-0.01426056977,0.001027263796,-0.01841573197,0.007913776136,0.007471457132
-0.8945546586,0.001363525417,0.007249602622,-0.003419807835,-0.01903196169,0.001839007819,-0.02381429614,0.01200612749,0.009516741311
-1.547987943,-0.0006008543621,0.009461421199,-0.006575801478,-0.01236220191,0.0006948313006,-0.02301816124,0.00349998169,0.01019639149
0.8342493209,-0.003368578008,0.005435837525,-0.006921798656,-0.01221176895,5.623982835e-05,-0.02317854723,0.01366782169,0.007996720221
5.568570418,-0.002032240016,0.002686381453,-0.005090852359,-0.02064110067,-0.0008050701908,-0.0223954765,0.008824589212,0.008049414708
4.963660749,-0.001579227743,0.00845757593,-0.005731344758,-0.01761134699,0.001936165478,-0.021028867,0.01107215591,0.007345416919
5.31201182,-0.002768796238,0.006397473757,-0.007131139301,-0.0121264568,6.121308479e-05,-0.02400952979,0.01234973896,0.009307879786
5.107204753,-0.002432305131,0.006449235376,-0.006879554546,-0.01624070806,0.0008121617643,-0.0218237677,0.007031719132,0.008712827499
5.233663087,-0.004341943529,0.005783553236,-0.004704316533,-0.01794558521,0.0008570522254,-0.02030139823,0.01175413213,0.008986353969
5.151356717,-0.002414913922,0.005980900136,-0.002886700479,-0.01234823848,0.001059604109,-0.02200643292,0.006245636311,0.00755422803
5.228317062,-0.00482167933,0.002827170461,-0.006361166115,-0.01111498109,-0.0007747274344,-0.02511277245,0.0132632356,0.007576266036
5.197323071,-0.01303337246,-0.005420091518,-0.009911333227,-0.01987949813,-0.002799128494,-0.02349523508,0.006733373014,0.008178830087
5.224134199,-0.01211948439,-0.001303909805,-0.008700662517,-0.01831275832,-0.001189330454,-0.02265228492,0.01051282024,0.007023247432
5.175080997,-0.01320253926,-0.003944482884,-0.009387503774,-0.01523775435,-0.001818849698,-0.02260118717,0.01413975893,0.007480664243
5.181671664,-0.01050606586,-0.003540086133,-0.007677262083,-0.02025353275,0.0003085209661,-0.02255129995,0.005231588121,0.007214058575
5.080266996,-0.00783520314,0.00128011114,-0.006268745938,-0.01698374027,0.0007389224159,-0.02307506937,0.007271219488,0.009155722451
5.230670953,-0.008533216091,-0.001444315889,-0.00519121733,-0.01202950402,-0.001280457954,-0.02313787719,0.009564449381,0.008687677614
5.043953367,-0.005703985577,0.00161384369,-0.00827209369,-0.01163041836,-0.000173218098,-0.0201877023,0.01376033956,0.008686412061
5.38493055,-0.004250982705,0.004593088276,-0.006865359872,-0.01509442823,0.002247656221,-0.02691303021,0.009075959585,0.009439640411
4.123211507,-0.003631068918,0.008286760718,-0.005279906299,-0.01315335,0.002709726748,-0.02122064988,0.01403780266,0.007654389843
-1.249156954,-0.00156398675,0.003440369829,-0.005015547246,-0.01335050306,0.001750185589,-0.01884247711,0.006371771678,0.009682270008
-1.04165109,0.001042806785,0.006543015462,-0.005181735532,-0.01513157529,-0.002085647336,-0.02305009288,0.02302520698,0.01008429633
-1.194923244,0.0002904943827,0.005021158796,-0.005414051219,-0.02019413567,0.01367261735,-0.01906311293,-0.004926449685,0.008178888107
-1.077928063,-0.001271443411,0.01214063688,-0.004622488335,-0.012412141,-0.01197989223,-0.0329036194,-0.0009369870356,0.01207295951
-1.13624407,0.001067483267,0.00450743299,-0.00758500651,-0.001681573906,0.001803414441,-0.008662375869,0.04430594034,0.01067063988
-1.153650384,-0.0008075477083,0.004215928983,-0.005988526068,-0.0262332576,0.007639669703,-0.01805443573,-0.002247115322,0.00550589702
-1.133359504,-7.273435145e-05,0.01294782687,-0.005913117681,-0.02310032313,0.004214197881,-0.04106801763,0.00630569966,0.01001908868
-1.10849813,0.0003660710031,0.007298892494,-0.002431652103,0.002409303182,0.0002756190707,-0.01022522064,0.02207553488,0.01126751442
-1.104127799,0.002789345735,0.008469998227,-0.007312572004,-0.01392207258,-0.002463774573,-0.01193820251,0.009542352808,0.008049100753
-1.175008054,0.01533944639,0.0164960355,0.001928216322,-0.02937647257,0.01269498773,-0.03377447815,0.008422035995,0.01198046751
-1.181961289,0.005909607571,0.01913954886,-0.001235933627,0.0005019179531,0.001427802896,-0.01520076863,0.0003552140755,0.007901379058
-1.165656094,0.01136072549,0.02071608908,-0.008771163937,0.00199005309,-0.0002917169961,-0.01922570871,0.02623091446,0.01253943703
-1.141204969,0.004160869762,0.01309550573,-0.001259512518,-0.0311806713,0.004050192535,-0.02371856044,0.01156787381,0.009382113427
-1.119460302,0.004329567169,0.01556260936,-0.0006953575325,-0.02190298038,0.005167757171,-0.0142196129,0.005062328819,0.00662052323
-1.185704547,0.00469177262,0.01517369417,-0.004909981718,-0.0009443845671,0.002952542924,-0.02481937784,0.01787314345,0.009438609045
-1.156508584,0.001996121268,0.006643166869,-0.010734844,-0.0143092191,-0.001821772257,-0.01823793556,0.003607759235,0.00908540202
-1.107471639,0.001882463088,0.00904479237,-0.0005976224183,-0.02459891501,0.002595839639,-0.02522708574,0.006702267354,0.008927427243
-1.160436124,-0.0005534509922,0.009439599961,-0.002845806719,-0.008921938426,-0.0003599738752,-0.02307287375,0.01548586766,0.006434341619
-1.167862347,-0.001519406771,0.004107940301,-0.01195151031,-0.007903337346,-0.001234224032,-0.01957415174,0.01381601398,0.007468847656
-1.131200132,-0.002696894832,0.007080710006,-0.006908302715,-0.02545902257,0.002183173855,-0.03196504454,0.005616741983,0.0100900445
-1.123344191,-0.003093725004,0.01076822338,-0.001913573408,-0.01462345894,0.0009984423399,-0.009342024573,0.009360956035,0.00662916939
-1.161947867,-0.001880420013,0.005116226577,-0.008782670054,-0.008775010462,-0.002631037591,-0.02248227401,0.01435667095,0.006266707795
-1.152361799,-0.0001473946503,-2.879379265e-05,-0.006530126059,-0.01901857361,0.003621606502,-0.03582720039,0.00643259798,0.01057172068
-1.143011961,-0.0005417336127,0.01116797718,-0.002655839293,-0.01586924247,0.001706627438,-0.0103117828,-0.004180393047,0.004432415188
-1.129928826,-0.003941173017,0.009185378536,-0.007185118401,-0.01062765931,-0.001884063133,-0.02893187342,0.02369294534,0.01031536309
-1.115220044,-0.003818856365,0.002580124258,-0.01085800375,-0.01688420269,-0.001221015915,-0.01830955785,0.01411345126,0.008562893323
-1.128857919,-0.00934061355,4.659179242e-05,-0.004873031559,-0.02308304503,0.001580356197,-0.02283352417,0.001911424623,0.007006231649
-1.128460327,-0.0139621115,-0.001410970991,-0.008571416389,-0.01572386974,-0.001213721391,-0.02780626621,0.01191645022,0.007305283709
-1.100021496,-0.01225522962,-0.006938570468,-0.01255824434,-0.01003502279,-0.003820096466,-0.01628723953,0.01050637338,0.005663690195
-1.112142448,-0.008274597806,-0.00715094102,-0.007271845033,-0.02361647568,-0.0008152681225,-0.02524341009,0.00696981076,0.01006834349
-1.121935893,-0.009176038227,0.003806841301,-0.003090553605,-0.01607036686,0.000257490844,-0.02657114433,0.008357527866,0.007103701452
-1.147038899,-0.008787300655,0.0023493852,-0.01495406077,-0.006675285107,0.0007978553651,-0.01722817157,0.01232556636,0.006055197268
-1.147614747,-0.007087567087,-0.003099373679,-0.008600281894,-0.01945519435,-4.185953602e-05,-0.02606235859,0.0128226507,0.01102551445
-1.129568503,-0.004126154194,0.002635477474,0.0005539956522,-0.01973810995,-0.000681609386,-0.01906066659,0.01118404875,0.008253460544
-1.165728277,-0.004009112886,0.0092419735,-0.004404997558,-0.008221139565,0.003289655801,-0.02137607111,0.006839259273,0.006846048136
-1.134729031,-0.001528190097,0.002610048623,-0.01370020389,-0.01404098948,-0.0007740706623,-0.02487919423,0.01041619848,0.008963010638
-1.128193972,-0.0002528325546,0.00497847308,-0.006352634968,-0.01955556922,0.001481052293,-0.01810708874,0.00682980793,0.009025475303
-1.135126117,-0.001906554907,0.01011837175,0.00153370305,-0.01224514872,0.005531939693,-0.02317842767,0.01576644136,0.009559020538
-1.074608708,-0.002523583769,0.005494874288,-0.009720635024,-0.009714505228,-0.0008878446364,-0.02135233563,0.01396485794,0.007689886139
-1.125292455,0.0006580519913,0.004521935647,-0.0109813176,-0.01614145591,0.003185708665,-0.01960850853,-0.00284171469,0.009585929488
-1.156263481,-0.001241888344,0.01348505125,3.021051885e-05,-0.01647788484,0.004788899402,-0.02825307157,0.0255743297,0.0107428053
-1.159227329,-0.0009217506037,0.0033896147,-0.002852536537,-0.01320218478,-0.001324310088,-0.01604546893,0.002907206944,0.007641517392
-1.122687417,0.0005267733004,0.005459396973,-0.01014980064,-0.008077171164,0.00215229505,-0.01920230866,0.01014395586,0.007742438894
-1.156517069,0.001664681632,0.01071522645,-0.006462976246,-0.01177478024,0.002706040926,-0.02890523973,0.01947715958,0.01192017224
-1.119939411,0.008806392932,0.01929929039,0.0008644303139,-0.01604861029,0.004726485868,-0.01450143988,0.001967763603,0.008193635891
-1.116382835,0.009222044418,0.01918252085,-0.002782018893,-0.01196287589,0.006401110202,-0.02072927761,0.0276105243,0.01000578167
-1.113650901,0.008717377916,0.0141874845,-0.007241664472,-0.01567313595,0.00266215484,-0.02292948675,0.001524998586,0.01122566497
-1.115687696,0.009548039299,0.01667149676,-0.00207137534,-0.009956756418,0.003701637207,-0.01701826731,0.01371517221,0.008994211534
-1.079477675,0.006192907691,0.01371395231,-0.0008452806407,-0.01408545506,0.0005373441428,-0.02257974844,0.007351042934,0.01056555127
-1.094333239,0.005762373059,0.01627198886,-0.005411734326,-0.01326665619,0.003106876282,-0.02076274201,0.01717353219,0.006929542602
-1.108817476,0.005176761072,0.008700615669,-0.006556938556,-0.01635762868,0.003992434957,-0.02019497526,0.009928057338,0.01078993425
-1.117138721,0.001021086067,0.01275033585,-0.002579515398,-0.01286792863,0.00165101607,-0.02421874621,0.009222813433,0.007663773785
-1.126408381,-0.001426174811,0.009279082545,-0.003866463774,-0.01529756025,0.002132102631,-0.01817498907,0.01310178052,0.006664172244
-1.169350215,-0.001082737623,0.007098686884,-0.008203802808,-0.01523631497,4.926661198e-05,-0.02109709196,0.005259222053,0.007709584023
-1.124624171,-0.0002664017251,0.005653347854,-0.005797595681,-0.0145226422,-0.0005948546526,-0.02294969603,0.01437379922,0.008966343593
-1.130931963,-0.001962370486,0.007094562583,-0.003461532808,-0.01325498649,0.001092336947,-0.02346999938,0.003055466028,0.007642849048
-1.106641514,-0.002250561662,0.007803593442,-0.00763212232,-0.01894212215,0.0009213540978,-0.02146684895,0.0162248146,0.007611157084
-1.112680259,-0.004852228256,0.003529684818,-0.006864515376,-0.01722293942,0.0009050133902,-0.02320998119,0.008816291002,0.008711429495
-1.142707318,-0.002796275256,0.008886725854,-0.005032492532,-0.0139036566,0.000695888632,-0.01905989417,0.0109488973,0.006639101849
-1.097408732,-0.001760172697,0.007173864343,-0.006620531996,-0.01576108398,-0.0002523555819,-0.02331065911,0.007194149067,0.01025008552
-1.11105704,-0.002057525764,0.004637738298,-0.009015297885,-0.01762224573,0.001053200044,-0.02310793071,0.008993324384,0.0075555313
-1.112785831,-0.004054432892,0.00204412011,-0.004041043157,-0.01474815999,0.001822137292,-0.0213306168,0.01030946869,0.007256353029
-1.087581629,-0.01192158973,-0.003305411226,-0.00790861139,-0.01447882354,-0.0038246536,-0.02294465672,0.008227830244,0.007870756098
-1.098363845,-0.01225944228,-0.0053412485,-0.01148801989,-0.01745106095,-0.001613574331,-0.02231433389,0.01309964785,0.00732014816
-1.122287734,-0.01214856924,-0.003501571626,-0.008536879158,-0.01824919373,0.002451085315,-0.02317445897,-0.0006403057883,0.007490800864
-1.111095113,-0.0111761558,-0.0007935229039,-0.006005666484,-0.01650699746,-0.0001202528978,-0.02584507567,0.01565485996,0.008383537547
-1.096091955,-0.005825150062,-0.00478148878,-0.006742276341,-0.0154410996,-0.003663360761,-0.02125091296,0.008440457804,0.008249635873
-1.065676749,-0.007706354322,-0.002069529397,-0.01029064929,-0.01580219717,-5.465648578e-05,-0.01885085452,0.007086054055,0.008111878506
-1.121590759,-0.005026354398,0.002383763445,-0.005828822899,-0.01444287375,0.001274174934,-0.02788575259,0.01595736152,0.008346092942
-1.085470643,-0.004886855813,0.004004976763,-0.008997774377,-0.01562751052,0.001005640138,-0.01738601116,0.004901613986,0.007255602784
-1.101095748,-0.00250967087,0.005682700284,-0.006631128854,-0.01226487082,0.002040308137,-0.02382687965,0.01668305896,0.009913372851
-1.08794823,-0.0008066089099,0.006266641787,-0.005403823279,-0.01760214072,0.0003253281426,-0.02562494675,0.006035066537,0.009768243931
-1.139822846,-0.0001132157595,0.006232628713,-0.004891246438,-0.0125079973,0.001632319109,-0.01980555374,0.009858001315,0.006690679663
-0.8396402803,-0.0001662550971,0.007524337463,-0.005518398361,-0.01327755707,-0.0001514266532,-0.02314153975,0.01266469519,0.01004746481
4.596739124,-0.000321237154,0.008537174692,-0.006556988074,-0.01247097177,0.001977396582,-0.02085259643,0.010362113,0.009902260826
5.341998745,2.676912635e-05,0.006930464048,-0.00561951016,-0.01594108563,0.002590484755,-0.02272411736,0.01224746748,0.00981328234
5.117028544,-0.002271095266,0.006472493865,-0.0041679744,-0.01366949078,0.001455493237,-0.02378423876,0.01048517894,0.008974372385
5.210645586,7.177555659e-05,0.009650578625,-0.00586576376,-0.0127301018,0.001983924295,-0.0200249677,0.01251891941,0.009189194665
5.124505754,-0.0005403945486,0.006211868551,-0.005239311077,-0.01446269212,0.001454349028,-0.02120915878,0.007109540659,0.009802245452
5.194657804,0.004840515983,0.01164038507,-0.004518853167,-0.01296102153,0.002451409086,-0.02156376737,0.01485039636,0.009947850172
5.143130915,0.01226645667,0.01940448183,-0.002357847519,-0.01179151719,0.004126072058,-0.02036705584,0.00922520548,0.0105082825
5.197650005,0.008859983452,0.01867455121,-0.00246869986,-0.01258473628,0.003297273046,-0.02060200041,0.01324300196,0.01007600339
5.208842727,0.008003977756,0.01593412652,-0.002674683819,-0.01338459082,0.002606425415,-0.02094711005,0.01578028059,0.01013190704
5.183444224,0.007875428861,0.01623854941,-0.003715098982,-0.01438818519,0.003259099168,-0.0200610163,0.01059907239,0.009552334775
5.120680438,0.004764003629,0.01343971736,-0.003930791884,-0.01450196405,0.004181148261,-0.02113410091,0.01241752016,0.009514047964
5.211196892,0.005107992704,0.01363553518,-0.003355714569,-0.01358426363,0.002949046204,-0.02144048085,-0.002919970557,0.009062188076
5.131270786,0.003484195994,0.01109509548,-0.005039067605,-0.01236951942,0.0002356807634,-0.02250674862,0.02366676741,0.00933899525
5.283602479,0.001056343457,0.005353231316,-0.005667953146,-0.0191156629,0.0009825339788,-0.02055540945,0.008355836601,0.008139020318
4.988765068,-0.001406828157,0.01105070002,-0.006205901504,-0.01535362222,0.003361111593,-0.02316518311,0.008796330017,0.006417925621
5.417441616,-0.001724889299,0.009432861456,-0.005132196467,-0.01237571803,0.0004177617663,-0.02367034393,0.01617915903,0.01015755904
0.3223848764,-0.004174116011,0.004035952192,-0.006417780585,-0.01857100268,-0.002622144875,-0.0185104687,0.005404815823,0.007352552369
-1.47189307,-0.002814074994,0.005211923272,-0.005599422005,-0.01882473239,0.0006556397648,-0.02332152954,0.0134903032,0.008766547271
-0.920291533,-0.00146607727,0.006998952348,-0.005754018611,-0.01463774485,0.002932977146,-0.02144723647,-0.0006241393819,0.006900943651
-1.275888774,-0.001608778403,0.005643296662,-0.005112723949,-0.009725996167,-0.004342399069,-0.02744024292,0.01686509492,0.008629546514
-1.053901089,-0.001692531361,0.004324714578,-0.008884623932,-0.01686015318,0.006635401744,-0.01177545276,0.01920278781,0.007863496075
-1.182457336,-0.003666711165,0.00637408279,-0.005305042843,-0.02121087404,-0.001296238926,-0.03331356708,-0.01935934436,0.008640097252
-1.049148348,-0.003330324916,0.0118756667,-0.005195254901,-0.003916419476,-0.006685849843,-0.02343882195,0.04064284129,0.01071995526
-1.144778532,-0.007763275658,-0.008566519777,-0.009129981398,-0.01626233118,0.006970711074,-0.001694944708,0.007264608846,0.001933299715
-1.10950257,-0.01466144945,-0.002512121801,-0.009935068963,-0.03688661473,-0.002421448032,-0.04612655876,-0.01485073042,0.006302102461
-1.171017556,-0.009492762735,0.0009378603661,-0.00450936702,-0.0008268998143,-0.002188775491,-0.01760172623,0.02647455968,0.01235051722
-1.135453478,-0.01346134966,-0.005948427336,-0.01060268174,-0.007352102175,-0.005691707411,-0.01352649996,0.009227831974,0.006001709346
-1.111224566,-0.007443237774,-0.002628841089,-0.01301977789,-0.03935005661,0.007532029443,-0.03527744383,0.01125577736,0.008321057162
-1.141206441,-0.009349101051,0.001557329596,0.0009733194288,-0.01306089891,-0.0004318131699,-0.01625291433,-0.005124592988,0.008348403783
-1.130618865,-0.007592034957,0.00365021446,-0.01097936468,0.004660782424,-0.003354509103,-0.02244240322,0.02643256277,0.008940829195
-1.10495156,-0.003728480538,-0.004684555908,-0.01158612878,-0.02504168433,-0.0009374407232,-0.02767900224,0.005354375847,0.01001899347
-1.129313553,-0.002895636587,0.008869520372,-0.004695128026,-0.02241309498,0.005136229893,-0.0163964883,0.000618471337,0.004403901457
-1.156169937,-0.00275131037,0.009082572481,0.0005030107839,-0.002447877049,0.0008115433352,-0.02590906069,0.02583423134,0.01240902088
-1.169910018,-0.001170662889,0.001326697774,-0.01626150698,-0.01294210771,-0.0003227746974,-0.02178309588,0.0004167120044,0.007144745451
-1.114277707,-0.0002606068461,0.009344463405,-0.005497555185,-0.02550966489,0.004203755394,-0.02517876864,0.01189142814,0.01154006467
-1.146481074,-0.001424923257,0.01000243604,0.00380648193,-0.01163221901,0.0001590883238,-0.01853075496,0.01065280799,0.008302964551
-1.101507391,-0.0005858306449,0.004085616977,-0.01191126371,-0.003485458154,0.002382161335,-0.01963687336,0.01583453483,0.006948904848
-1.13491742,0.00154747935,0.003572953924,-0.01008560196,-0.02375728865,0.003190737849,-0.02822793452,0.003382915816,0.01144593583
-1.201907206,-0.00124760149,0.01418768908,0.00177452288,-0.01566285824,0.001564235686,-0.01623718947,0.01282757283,0.009080363027
-1.133271122,-0.0008951827894,0.007408038304,-0.007798169751,-0.00682168706,0.002656129175,-0.01809338274,0.01797508228,0.007258372441
-1.123984143,-0.0001199429165,0.002759781895,-0.01086267332,-0.01587974183,0.0009790931136,-0.02873213224,0.007996260969,0.01025387053
-1.111632692,0.007878432219,0.01930210635,0.00268156687,-0.01489689602,0.005989682082,-0.01915208807,0.007569828916,0.0110015386
-1.112320683,0.01013267498,0.02258833145,-0.001738106562,-0.006062199757,0.002816191578,-0.01888156446,0.009988350452,0.008073220595
-1.103418393,0.008948876369,0.01346859891,-0.009555022093,-0.01084453473,0.00275075314,-0.02085811888,0.02033679978,0.0104005137
-1.120710514,0.009881946595,0.01649200623,0.000654254264,-0.01873896772,0.003744468713,-0.01846087741,0.002792054223,0.01089752967
-1.133997475,0.004829796756,0.01708959764,-0.001738120845,-0.01383877922,0.003567850411,-0.02421431877,0.01480774953,0.008873000169
-1.162313622,0.003858314621,0.01415131303,-0.01017774902,-0.007661280485,0.003029645568,-0.0185493528,0.01331264452,0.006140432489
-1.117097807,0.006349598474,0.01152728237,-0.0004463653512,-0.01750698161,0.001348663028,-0.02070391734,0.009986123549,0.01083741679
-1.12959439,0.001514508367,0.009682827729,-0.003615283856,-0.02075059742,0.001477221213,-0.02359763851,0.0122033428,0.01008660114
-1.140290929,-0.002134646413,0.008048850323,-0.01118528216,-0.006919863802,0.001475876692,-0.02151593163,0.006022830753,0.005724550297
-1.12011295,0.001076204038,0.01010691983,-0.001207142996,-0.01473603562,0.0008469277218,-0.02232672585,0.01407351699,0.00936188816
-1.121398304,-0.001310758699,0.007714943348,-0.002106981359,-0.02260476371,-0.001148788822,-0.02253055122,0.007697988761,0.006983826394
-1.149882281,-0.004851294607,0.005775242519,-0.01254716642,-0.01329548194,0.00115115167,-0.02140407952,0.01202992873,0.007195476726
-1.072746689,-0.0009057862439,0.005374743811,-0.002911728394,-0.007953619647,0.000336539121,-0.02245070835,0.01155911392,0.007856556691
-1.13286428,-0.001916413158,0.00443384646,-0.004764084029,-0.02087278048,-0.0005838672575,-0.02084566543,0.006470507608,0.008354232594
-1.134177227,-0.002243584136,0.006875272794,-0.008699123099,-0.01698395512,0.003199099485,-0.02355203388,0.01082421241,0.008247611079
-1.152545448,-0.001808370676,0.005457546665,-0.004847656832,-0.01150726264,-0.002538159923,-0.02097082959,0.01694023645,0.008613844523
-1.130423244,-0.002985868848,0.00598132645,-0.006277709035,-0.01529381782,-0.001465129788,-0.01964386346,-0.006749052201,0.008851505227
-1.121072564,-0.004377987929,0.01063083281,-0.005524120451,-0.01765400828,0.005489364693,-0.0287747092,0.02364069227,0.007517626321
-1.114483341,-0.01197278337,-0.009585218852,-0.007325900113,-0.01979433684,-0.007494266617,-0.02157439467,0.007492033996,0.00877705976
-1.129721352,-0.01078696256,-0.007277628368,-0.01065805115,-0.01390306073,0.0004817213201,-0.01813604514,0.006557881693,0.005770161785
-1.077643943,-0.01147127979,0.0001857855741,-0.01178120168,-0.01410492505,0.0001157929811,-0.02828963161,0.01509339134,0.008380565924
-1.148079565,-0.01310240696,-0.003648994144,-0.007626498978,-0.01713007451,-0.003205553157,-0.01988297185,-0.003039365461,0.007575904927
-1.111337905,-0.007264647996,-0.0006967916753,-0.006283976903,-0.01685334903,0.001533515112,-0.0216045522,0.02356169991,0.008164003635
-1.129849017,-0.008387470218,0.0001207098391,-0.01057243215,-0.01499036647,0.001065845421,-0.02538523426,0.0005543968528,0.007755254255
-1.076626158,-0.006057167183,0.001710569857,-0.009413705938,-0.0132644863,-0.0002365908922,-0.01926672443,0.01390567481,0.008722298718
-1.117969412,-0.003661573927,0.002074047596,-0.004000858602,-0.01484645297,-0.003305322319,-0.02463825782,0.009450953505,0.01098813007
-1.134751597,-0.002259114343,0.007967030115,-0.0089953333,-0.01439516049,0.003012857568,-0.0202836645,0.01418651382,0.007109697408
-1.088784762,-0.001692187221,0.003710387339,-0.007083540632,-0.0152888603,0.002794764509,-0.02256773368,0.009472582853,0.008480788197
-1.118917518,-0.0006646003645,0.00474585723,-0.002275577289,-0.01540764328,0.0007812287479,-0.02216375681,0.009693526232,0.0107520159
-1.14311851,0.001036697989,0.008927987635,-0.007133234851,-0.01127411638,0.002790694196,-0.02005508555,0.01355347927,0.009329352986
-1.143989721,-0.001225899009,0.007401947961,-0.008215546299,-0.0127577934,0.001434173602,-0.02092815092,0.00594759614,0.00846660121
-1.144180219,0.0002505370297,0.004228573147,-0.003699083817,-0.01506549804,0.0008087327953,-0.02324406853,0.01686428019,0.009084459161
-1.118893015,0.0004276308931,0.007251035807,-0.00321886508,-0.009675891644,0.002165356716,-0.02354264058,0.006097812029,0.009751375315
-1.14262227,-0.0007243639475,0.01397045965,-0.005526834983,-0.01527910204,0.002948608549,-0.0216267189,0.011903339,0.009591179626
-1.113355089,-0.001567951177,0.002987116598,-0.005932890328,-0.01532887921,0.001250286551,-0.02036953284,0.01148854166,0.007997445894
-1.129657732,0.004144315046,0.008691694231,-0.004314728637,-0.01439660083,0.001846384352,-0.01809772088,0.01189520618,0.009091790259
-1.167087021,0.0101624583,0.02175149973,-0.0002891756378,-0.007471664448,0.006623552664,-0.01905530066,0.01213340039,0.01052128481
-1.091151573,0.009223444126,0.01444732993,-0.005420022534,-0.01564952871,0.004055176204,-0.02115711559,0.007540511032,0.01144315168
-1.101609283,0.009329527667,0.01437366419,-0.003497567041,-0.01484160378,0.002518997637,-0.02151232869,0.01361352473,0.009841432568
-1.136093693,0.007593749701,0.0182443835,0.001272225973,-0.01336414455,0.002584729559,-0.01962126713,0.01024999012,0.009110928049
-1.092394831,0.002672946507,0.01374018806,-0.004694347678,-0.01151818524,0.001973733596,-0.02063194529,0.01248400396,0.008846431435
-1.130071484,0.00665177828,0.01139921885,-0.006435975072,-0.01222193751,0.002642205224,-0.0211658857,0.00847662307,0.01029266505
-1.079888049,0.003779930725,0.01341805653,-0.0005783227147,-0.01517959743,0.002156288058,-0.02075340967,0.01273102765,0.007638037227
-1.091294098,8.020721665e-05,0.01077515634,-0.003576379332,-0.01573264989,0.001567566498,-0.02113165371,0.00878141619,0.006371472371
-1.20518634,-2.324964204e-05,0.006593515877,-0.009258157636,-0.01372897254,0.0005247599991,-0.02325516498,0.007699388749,0.009041226933
-1.030410218,-7.41202082e-05,0.006818805949,-0.004493044897,-0.0154259187,-0.0005115242595,-0.02278666266,0.01131586265,0.008760233255
-1.242855114,-0.002882527238,0.006029571719,-0.002903717836,-0.01687087711,-0.0003851944326,-0.02075989763,0.008643378438,0.006556658958
-0.8875626545,-0.004283859386,0.00702699211,-0.009729276827,-0.01436858737,0.0004546353898,-0.02222923346,0.01179250473,0.006745586732
-1.551545813,-0.000696248092,0.006064056537,-0.005436011179,-0.0175419843,-0.0006974573916,-0.02258889332,0.008605357679,0.009172460424
3.202951495,-0.001643751897,0.006403280924,-0.004148789269,-0.01786072989,0.0002080172146,-0.02149139797,0.0111848746,0.007900158854
5.589562182,-0.003354781549,0.006967072924,-0.008841177246,-0.01427251631,0.002506355999,-0.02096972116,0.008945993023,0.007237989555
4.936492501,-0.003774861371,0.003694997197,-0.007763830788,-0.01390305351,0.001023787799,-0.0196633512,0.00958424966,0.00862201916
5.34080246,-0.001856801922,0.007188852134,-0.004963946183,-0.01617568621,-0.0006342543047,-0.0224749413,0.01193175438,0.009877815673
5.097919729,-0.006956976871,0.002606177532,-0.00702543254,-0.0167062579,0.0008442105194,-0.02347279845,0.00945991711,0.005752012658
5.23568511,-0.01469545462,-0.005738087883,-0.009898163573,-0.0168056381,-0.001006758508,-0.02205940145,0.007541712792,0.005435958374
5.072780187,-0.01129170098,-0.004081942589,-0.007832209557,-0.01615904054,-0.003298469153,-0.0230214595,0.008867038974,0.008458351684
5.137483039,-0.01089466208,-0.003228174336,-0.009901827337,-0.01718788371,-0.0009998927437,-0.02326366032,0.008550207548,0.007656077829
5.120612693,-0.009318859841,-0.002016014912,-0.00936682552,-0.01459142999,-0.0002620046375,-0.02239428052,0.009380208665,0.00788176106
5.215257993,-0.006969700994,0.000759607099,-0.006671648553,-0.01539186931,0.0007280671465,-0.02019715632,0.01066026246,0.008617565241
5.12830615,-0.008133126232,-0.001470019533,-0.006926432797,-0.01659047051,-0.0003721661221,-0.02156011669,0.01010678924,0.008184732333
5.250471666,-0.005205362122,0.003343621354,-0.007477581944,-0.01543754337,0.001260280261,-0.0236630064,0.009386855708,0.008701810338
5.048271646,-0.003017822882,0.00548772804,-0.006179687834,-0.01488681851,0.000100254095,-0.02199211716,0.01035212351,0.0089648443
5.310818743,-0.002782153203,0.004801523452,-0.006402887021,-0.01313410551,0.0004007386681,-0.02061421415,0.008977423587,0.007610865754
4.911182475,-0.0006889192736,0.006381321357,-0.007364092596,-0.01367654221,0.001041240096,-0.02263314269,0.01098552805,0.009112348224
5.696928956,-0.0004328173075,0.006391089352,-0.006095132377,-0.01352990137,0.001653290571,-0.02315987822,0.01000602988,0.01002777848
1.936723493,-0.00118381927,0.007986079662,-0.005402843007,-0.01349271935,0.001469890885,-0.02138271721,0.01019101116,0.008332655499
-1.645386285,-0.0003711362548,0.007799532776,-0.006224464555,-0.0135127599,0.001464985232,-0.02291409062,0.0124216993,0.01017824345
-0.9056601489,-0.000112282956,0.007802508334,-0.006962764126,-0.01462976867,0.002098673388,-0.01911894853,0.0108685584,0.008892926035
-1.279453578,-0.0006674105998,0.007371578268,-0.005698618096,-0.01453886392,0.001787712822,-0.02358133528,0.008905006829,0.01029455188
-1.057196193,-0.0004617546322,0.008167010383,-0.005514433174,-0.01254217273,0.002882206465,-0.01909963382,0.01188514588,0.01005358639
-1.221956728,0.0004309669672,0.006226477579,-0.004405474972,-0.01359370445,-0.0009594819033,-0.02746137882,0.01059270635,0.00995389806
-1.109154161,0.008125826271,0.01600346582,-0.005456877811,-0.01371059869,0.008904203386,-0.009537977941,0.02018403197,0.008613572483
-1.176896642,0.01097995791,0.01897472544,-4.667620015e-05,-0.01463409406,0.002359944361,-0.02390503987,-0.009432063124,0.01156359482
-1.164239728,0.007433435221,0.0208895688,-0.0007415427239,-0.006186914221,-0.001846131492,-0.03444328114,0.02986094942,0.01326290795
-1.148882652,0.00883252234,0.01184834485,-0.006647926259,-0.007909128906,0.01217144203,0.005986746932,0.0177622032,0.0040169544
-1.142797675,0.005534712063,0.01553282626,-0.001616247553,-0.02984009389,0.0006285140005,-0.03967650804,-0.01349832522,0.009854537006
-1.137794805,0.006296463447,0.01765766138,-0.001492578403,-0.002426221975,0.00167903213,-0.01766608047,0.03600263296,0.01339568685
-1.09320328,0.002953278614,0.00988325725,-0.004265665516,-0.004811729332,0.0001162122536,-0.0112908096,0.0001544601355,0.006192665007
-1.155645295,0.00264473344,0.01108989013,-0.007981934994,-0.03330710196,0.00661197523,-0.03332824742,0.01394898319,0.007132286466
-1.141645647,0.0002233737994,0.006276590745,0.002010523356,-0.009952374834,-0.00149758154,-0.01628562418,0.002394637827,0.009127064075
-1.163005642,-0.0001233199457,0.012156551,-0.009765696013,-0.001357010765,-0.001056112929,-0.0215216638,0.01935718696,0.008576155062
-1.164571645,-0.001274967771,0.004358225866,-0.007775134992,-0.02629884347,-0.0003752966172,-0.03094989466,0.009264097045,0.009450309091
-1.154712502,-0.005457407793,0.006891028922,-0.004846675301,-0.02341511433,0.00262536648,-0.0138020231,0.00133822055,0.003498935621
-1.151234261,0.0001907401015,0.009800154877,-0.002239979667,-0.005328659892,0.0007523551563,-0.0262568326,0.02394730142,0.01110178257
-1.116230423,-0.001751795056,0.001949950415,-0.010112624,-0.01580197626,-0.001886761755,-0.0203102637,-0.001055844096,0.007206772637
-1.157803157,-0.002553677755,0.008705292647,-0.00580274702,-0.02247057394,0.001690773726,-0.02384498164,0.01232483498,0.008903558883
-1.146494825,-0.002084475863,0.008364863272,-0.001072747261,-0.01256328304,-0.001519884563,-0.02077478291,0.01266280166,0.007065585581
-1.142649837,-0.002708597485,0.002597394095,-0.009714498673,-0.01050718516,0.0009107348966,-0.01999425967,0.0115417525,0.006099872034
-1.148700822,-0.001742444288,0.004856602762,-0.007344332976,-0.02348730356,0.0002134557709,-0.03004276123,0.005305040165,0.01075805909
-1.145848896,-0.01275375541,0.001511370928,-0.004538964721,-0.01746806902,-0.003260496167,-0.01756934812,0.007847448335,0.00727330909
-1.137438382,-0.01463562918,-0.005365939533,-0.01332690658,-0.01061184064,0.0003635823476,-0.01766509231,0.01580932922,0.00651784108
-1.13973454,-0.01020627846,-0.00661642447,-0.01062007527,-0.02056451549,-0.00158707302,-0.0297594407,0.007534972462,0.008816477261
-1.156952499,-0.01152732663,-0.002137761142,-0.003227463777,-0.01936560988,-0.0005940777769,-0.02184425401,0.00463945141,0.008185615015
-1.159131965,-0.007125139752,0.003272192488,-0.009960867091,-0.009371586373,0.0006260852296,-0.01983166352,0.01385585901,0.00575172692
-1.140003906,-0.009458821858,-0.005226090758,-0.009613024343,-0.02034768322,0.0003236290689,-0.02585888586,0.01174567982,0.007763634755
-1.143104778,-0.005747659522,0.0008203785534,-0.003501346349,-0.01808338595,0.002665695487,-0.02023749078,0.002888100981,0.009071000027
-1.093369484,-0.003994632171,0.007518410518,-0.00739539121,-0.008095766847,0.0002022021393,-0.02329226939,0.01506627539,0.008289570611
-1.162422924,-0.003247662062,0.003049114214,-0.009331107716,-0.01149939623,0.001525986308,-0.02159003635,0.01118294489,0.007599115876
-1.147321102,-0.0007706932247,0.001191081253,-0.00576820685,-0.01982486508,0.003293907908,-0.01972700859,0.009530440588,0.009894230117
-1.124283013,0.0001266666189,0.01091712278,-0.001097438803,-0.01461732325,0.001694528562,-0.0245649579,0.008949743462,0.009366186569
-1.0913196,-3.955046341e-05,0.00821104798,-0.006647247398,-0.007222551983,0.003692728192,-0.02003856056,0.01180268641,0.008046650235
-1.157655992,-0.0003634388936,0.0032860166,-0.01192901231,-0.01950082154,0.0008495069877,-0.02103125591,0.00929230797,0.01012055654
-1.117337566,0.001153838524,0.009312094368,-0.0005545189338,-0.01851062215,0.002353503787,-0.02289664336,0.01227631282,0.009060101908
-1.142402183,-0.001923303591,0.009167929189,-0.00345998722,-0.007776865875,0.003166660286,-0.0177553688,0.01329155958,0.008354298652
-1.177044019,0.001393443856,0.004837571123,-0.0106226574,-0.01181324186,0.001881096627,-0.02429667915,0.006831595343,0.01033456954
-1.098846241,0.000676118696,0.007749277316,-0.005638898649,-0.01947879559,0.002567998285,-0.02112568049,0.01410945203,0.009485050965
-1.107565089,0.0001981525167,0.01307423068,-0.0003925973573,-0.01225829054,0.005105543258,-0.01768462285,0.005200665754,0.00836357475
-1.12664774,0.009725391481,0.0185142083,-0.002780377074,-0.006931278677,0.004858173742,-0.02356933161,0.02151907184,0.009491956571
-1.157683766,0.0105127721,0.01316490227,-0.006271125382,-0.01359352467,-0.001649294421,-0.01764134854,-0.004740857445,0.01092092878
-1.127493135,0.009623116707,0.02247340475,-0.001126080428,-0.01072113782,0.009626971957,-0.02007608219,0.01586462706,0.009108815874
-1.119107251,0.006722840598,0.01482132798,-0.0001123709796,-0.01460400987,0.002098475343,-0.02800136858,0.02489131474,0.009527464957
-1.136092624,0.004931212852,0.00835249532,-0.007933448962,-0.01620886506,0.001045760482,-0.01142236808,-0.008686183638,0.007397076567
-1.172985428,0.006863840033,0.01923535836,-0.004809163154,-0.01073552937,0.006231637382,-0.02524836119,0.0304720306,0.01115562666
-1.166089173,0.003140933775,0.01170884033,-0.00185936908,-0.01636455937,-0.0004399029931,-0.02151816055,-0.008632483236,0.009987007044
-1.121561402,0.00020667928,0.008982223026,-0.003159229835,-0.01554550098,0.000461003709,-0.02180913387,0.02274000107,0.00584014177
-1.135063054,0.00151092276,0.006086949695,-0.008800513617,-0.01848041858,0.001794451025,-0.02471700018,0.006613832399,0.009552368561
-1.13533073,-0.001346778277,0.010509046,-0.006434989076,-0.009463699482,0.0009979314179,-0.01602956513,0.006008273668,0.004840727591
-1.112907954,-0.0009781258593,0.004861517194,-0.002059571912,-0.0164973269,0.0001535392034,-0.02790600778,0.0152642257,0.0107337695
-1.13100569,-0.003438128775,0.008242863286,-0.00782861382,-0.01690274241,-0.0002502152299,-0.01951128304,0.005294319867,0.005140444965
-1.160001482,-0.002870589545,0.006042242638,-0.008842194229,-0.01922268824,0.004282581181,-0.0200473359,0.01876684744,0.008503187335
-1.180171742,-0.00230863676,0.004251396028,-0.002788025836,-0.01700381357,-0.0005716562238,-0.02692358289,0.001890220939,0.008775205991
-1.135002378,-0.002265312652,0.007177029322,-0.005198165077,-0.01281771485,-0.0006638808983,-0.01786724203,0.01590489095,0.007609652837
-1.118084403,-0.003179681342,0.004879484547,-0.009922853601,-0.01417874466,-0.0005312118444,-0.02390907574,0.007829056641,0.009176252687
-1.134422523,-0.003130762351,0.005054164128,-0.008413148662,-0.01612340936,0.001695409966,-0.02113970587,0.01597075892,0.007251136602
-1.108014252,-0.005655691385,0.002721799601,-0.00316356961,-0.01493272931,0.002223252859,-0.02396395775,0.004623055914,0.008365379561
-1.150719314,-0.01447809149,-0.0006526342989,-0.004162993693,-0.01872876418,-0.003468201032,-0.02471462764,0.009511360038,0.007580137392
-1.134060045,-0.01226614653,-0.006016902527,-0.01319343128,-0.01738105161,-0.002053225533,-0.0209492112,0.01199045847,0.006538551714
-1.136079653,-0.01075817626,-0.004481608368,-0.01054510791,-0.01576207435,-0.0005892644884,-0.0228778625,0.004359469097,0.006459225638
-1.071942821,-0.00911262308,0.0007670281342,-0.001568087194,-0.0152248271,-0.001125510807,-0.02256479893,0.01444792494,0.00966887479
-1.188148379,-0.008991072011,0.0002793973034,-0.008476010857,-0.01469728747,-0.0005235325957,-0.02498958966,0.005526722377,0.008749666055
-1.126459939,-0.00834857662,-0.004703129927,-0.01198815811,-0.01923033253,0.001386844467,-0.02242018303,0.0147730811,0.007340266487
-1.110500459,-0.004593360413,0.00309669138,-0.00140074562,-0.01495806936,0.00101579023,-0.02132496901,0.007938657011,0.007723162916
-1.110525823,-0.004048429743,0.007056319639,-0.005109252215,-0.01464705945,0.001375340307,-0.02064152995,0.01342771405,0.008868892068
-1.069876831,-0.003208346506,0.003911052727,-0.01440959311,-0.01216362368,0.0005486308329,-0.02301193434,0.006656771843,0.009925280953
-1.210511375,-0.001283199303,0.006493981858,-0.002924905535,-0.01571799473,0.002161253024,-0.02127275386,0.01101968931,0.009880299852
-0.9750492875,-0.0009604455957,0.008031497248,-5.128396875e-05,-0.01463628902,0.001360253518,-0.01979110324,0.01359865572,0.00847256445
-1.218307699,-0.001878669044,0.007274644501,-0.01238967728,-0.01310398916,0.001556067783,-0.02158463628,0.008924776264,0.009338592726
-0.8214038501,7.380440298e-05,0.004908344706,-0.006523148542,-0.01334070354,0.002004696258,-0.02465918207,0.01309067089,0.01056350521
-1.643024487,0.0004971156055,0.008925809458,-0.00110358191,-0.01427288799,0.001038648149,-0.01856475593,0.008682431512,0.007861352474
2.082438037,-0.0007959456763,0.008258974541,-0.00778138149,-0.01209671837,0.002188123257,-0.02262201285,0.0130209558,0.00979578747
5.769066413,0.0004113614154,0.006172570551,-0.008314792069,-0.01380328124,0.001863714948,-0.02356078631,0.009099354963,0.01089994193
4.899028989,0.0004511237248,0.006708243244,-0.002775444093,-0.01638745891,0.002516139743,-0.02179743181,0.010455072,0.009794999458
5.343282304,0.006478642358,0.01440193977,-0.003306312799,-0.01155944749,0.003264423349,-0.02041304532,0.01365729789,0.00906221807
5.061352965,0.01099570974,0.01875143683,-0.005529954968,-0.009647224886,0.004682203929,-0.0179187259,0.010831017,0.01074166147
5.237110069,0.009870869334,0.01497843398,-0.001589743125,-0.01351517112,0.004070602337,-0.02137230975,0.01290038877,0.01114170112
5.140970183,0.008940915274,0.018409791,-0.001634517436,-0.01322006481,0.004556443682,-0.02078556066,0.01043881848,0.01004493338
5.203850924,0.005219123407,0.01498026895,-0.004524037523,-0.01294969793,0.003558256484,-0.02055321934,0.009668692794,0.008461777912
5.132190394,0.00552928025,0.01268394828,-0.003897129699,-0.01425712381,0.002062003539,-0.02019833631,0.01111384527,0.01032986776
5.192812243,0.005794106211,0.01248631885,-0.003549989976,-0.014081792,0.002712409676,-0.02064784353,0.01336992602,0.009096537656
5.128969253,0.002575468637,0.01182655213,-0.00510864936,-0.01408017948,0.003132133701,-0.02119305004,0.009585332807,0.008887176399
5.218303784,-0.0007686893448,0.00720383985,-0.005274779679,-0.01560350875,0.002152320637,-0.0224092037,0.01077414813,0.008838131644
5.087030743,-0.0019145106,0.006969563959,-0.006301461817,-0.01749643357,0.001216074148,-0.02125242996,0.009932754948,0.007492223588
5.297650926,-0.001463709067,0.007571078466,-0.006047025123,-0.01490205435,0.0007160728453,-0.02390628528,0.01015119108,0.008310023452
4.939554237,-0.004424124188,0.005508552639,-0.006924331992,-0.01556145973,-0.0003271890692,-0.02431407682,0.00943231391,0.008482994746
5.653887758,-0.002129410716,0.00591189949,-0.0052928429,-0.01470495789,-0.001858461678,-0.02163268017,0.009525532468,0.00889317655
2.955104712,-0.0005233611813,0.005276309597,-0.005263908573,-0.01466010661,0.001046547338,-0.02218010843,0.01186676724,0.009259555466
-1.547430752,-0.00196911124,0.004936612863,-0.006709480359,-0.01643350432,0.002139670881,-0.02222407784,0.009865330424,0.006869094278
-0.8953616484,-0.003592115225,0.00572923285,-0.005134475946,-0.01616737678,0.001110355757,-0.02241339215,0.009339138351,0.008775736841
-1.26248286,-0.003312630899,0.006344939295,-0.002618775836,-0.01502056651,-0.000102488968,-0.02203186352,0.01024791583,0.008942415848
-1.016218665,-0.001558556283,0.006094126216,-0.009018770768,-0.01358986839,0.0007323353444,-0.02122698375,0.01036050686,0.008665574305
-1.189588487,-0.0101866032,-0.002466045651,-0.009979859491,-0.01735802694,-0.001202542819,-0.02626910659,0.007676365821,0.007773049299
-1.104316082,-0.01426654218,-0.004897058142,-0.006860578585,-0.0168941304,-0.001746230578,-0.02101922864,0.0098134378,0.007367035932
-1.169253785,-0.0118750671,-0.002150538613,-0.00849183669,-0.01675562574,-0.003243532101,-0.03261039734,0.006706264851,0.008910645279
-1.084251774,-0.0127733962,-0.003067064911,-0.01136812744,-0.01625348034,0.004063339483,-0.01521727288,0.01527876168,0.006426495867
-1.123291585,-0.00755646837,-0.002751940363,-0.007213116264,-0.01648817136,-0.001415378103,-0.01501124644,-1.881216945e-06,0.00882706544
-1.138074841,-0.008951424724,0.003151210681,-0.004040715562,-0.01543473263,-0.005633483207,-0.05480485233,0.01188853121,0.01327816152
-1.173721601,-0.006795244249,0.0003060161475,-0.01457998524,-0.005709842484,0.0105207756,0.009525983534,0.02208718431,0.0008721207416
-1.133988408,-0.004547269741,-0.0009139016903,-0.0042872859,-0.02571170263,-0.005067097224,-0.0347805283,-0.01212630585,0.010279087
-1.159844743,-0.001002490081,0.008259004013,-0.005513413919,-0.01139952437,0.003625728541,-0.03465293514,0.03205967972,0.01464587101
-1.167076498,-0.002381863546,0.006019416945,-0.007280912596,-0.0006472891127,0.0007257068413,-0.0007779914526,-0.002586147985,0.003247542125
-1.104554512,-0.000980408699,0.007308196751,-0.009081242718,-0.02814681915,0.002979039243,-0.03556941329,0.01694921208,0.008860807284
-1.121871372,1.135027191e-05,0.004305583904,0.0008346259263,-0.01469712377,0.002299280076,-0.02274176266,0.01222955038,0.01168883864
-1.149158805,-0.0007092030649,0.008791299069,-0.01054051998,-0.002563951631,0.001945910509,-0.010972658,-0.0008236632564,0.008018245234
-1.135273827,-9.720126945e-05,0.008599571277,-0.003666919172,-0.01822719227,-0.0001770131856,-0.03738970112,0.02848252833,0.01239844911
-1.145848148,-0.004308311525,0.002096859158,-0.006659000282,-0.02136590748,0.002956083948,-0.009981418246,-0.003445772962,0.004557747099
-1.132662426,0.00285158163,0.01339932359,-0.004609142265,-0.007858928254,0.007130551694,-0.02517246456,0.020037986,0.01121770766
-1.139597021,-0.001554973666,0.007301752008,-0.006663829474,-0.009019226116,-0.001717747791,-0.02528128221,0.01159216363,0.01148652775
-1.144506627,0.0005365523529,0.006019773316,-0.007169125447,-0.01685615332,0.003259303029,-0.01360193236,0.005014406039,0.007686046577
-1.093667334,0.01121866251,0.02018236169,0.0009926098425,-0.01550243163,0.00574680833,-0.02714999961,0.01650961179,0.01022233679
-1.113355089,0.009247079783,0.01828579943,-0.003130880592,-0.004392538046,0.002586785105,-0.01738655453,0.009327971631,0.009375189477
-1.161991515,0.009235039375,0.01368769639,-0.003379961764,-0.01312017907,0.00314649699,-0.02038751469,0.01202633196,0.01185022211
-1.163549006,0.009890424745,0.01762072648,-0.0004719906688,-0.01573534466,0.003409388507,-0.02515534468,0.01305234743,0.009727879575
-1.154408692,0.002440147729,0.01439396951,-0.003949213344,-0.01187092871,0.006079877915,-0.01748769056,0.01169172486,0.005923259248
-1.108768714,0.005121224515,0.01278871152,-0.004329780871,-0.01342196418,0.001535187866,-0.02028858753,0.008803660682,0.01022694321
-1.135765722,0.00317414799,0.01192226416,-0.00157684278,-0.01384397007,0.0005298142564,-0.02346194256,0.01432062669,0.01073914807
-1.148030619,0.0002313856472,0.01011112166,-0.005035317688,-0.01647539713,0.001272890826,-0.02076943679,0.004639254592,0.006554712197
-1.107500939,-0.001514452555,0.00859304956,-0.004337835282,-0.01461754865,0.0004997004454,-0.02337244761,0.01096576558,0.007776059982
-1.144185938,-0.002008924003,0.007855367155,-0.004471033091,-0.01280212694,0.001210682454,-0.0212881153,0.01242992047,0.008644265323
-1.157600561,-0.0004543991081,0.005859917886,-0.007798167122,-0.01567453005,-0.001097189942,-0.02299997591,0.0072191536,0.008842001422
-1.081263185,-0.003974003997,0.004797152952,-0.00749337826,-0.01643788953,0.00151232034,-0.02349123412,0.01278043545,0.007299563093
-1.108536926,-0.002658574213,0.007829292689,-0.0011623823,-0.01427362472,0.001746633781,-0.02143363829,0.008582547962,0.00695241468
-1.140459683,-0.0003396692238,0.006634209622,-0.007581477589,-0.01945728642,0.001042018316,-0.0222007282,0.01065324672,0.008548995699
-1.060569793,-0.00253632345,0.005548651532,-0.006973222903,-0.0144007682,0.0006144050143,-0.02496892271,0.009318222238,0.008249173119
-1.155737871,-0.003651131204,0.004848590198,-0.004946461829,-0.01402712571,0.002002396661,-0.02060031092,0.01112016184,0.007789790215
-1.133962633,-0.002565397623,0.005529470459,-0.005726985336,-0.01513363569,0.002080681295,-0.02354880962,0.008843572069,0.006622227723
-1.178598972,-0.004501098175,0.004980849418,-0.007674011868,-0.01769106443,6.184491692e-06,-0.0227368266,0.009823256966,0.009091212024
-1.133837095,-0.01369608944,-0.005372548259,-0.007795296818,-0.01707745795,-0.0009397322717,-0.02325374602,0.008826085557,0.008780245574
-1.13462372,-0.01247218074,-0.002704034214,-0.007956077143,-0.01731343418,-0.002748867611,-0.02229260715,0.009649737422,0.007152609495
-1.096644714,-0.0127102002,-0.004383113208,-0.009994339282,-0.01710694965,0.0002774021859,-0.02166248409,0.007345936552,0.00826641895
-1.110726758,-0.009864880428,-0.002183691519,-0.007681530381,-0.01574332042,-0.0006207006659,-0.02374712632,0.02182865944,0.008284100315
-1.11328887,-0.007105689801,-0.0006403810607,-0.006997220902,-0.01608168956,-0.005466475439,-0.02291394677,-0.008775825369,0.008779375651
-1.097606804,-0.008679524999,0.00503774654,-0.009915505642,-0.0124090936,0.008648929982,-0.02394036805,0.01159910556,0.006749779568
-1.069656677,-0.007703853771,-0.00298374307,-0.005639676642,-0.01981165448,-0.00436903355,-0.02289495534,0.02563859255,0.01149404363
-1.088632005,-0.001398681739,-0.001612734916,-0.005922982128,-0.01646703455,0.0001446345394,-0.01596886344,-0.01545344135,0.00819266887
-1.134702709,-0.003417510219,0.01403046828,-0.009728467348,-0.004691638071,0.00501835697,-0.02557295652,0.03896732401,0.00743058039
-1.103486068,-0.002078602952,0.004149164916,-0.006123982198,-0.01696943066,-0.002916103123,-0.02226654157,-0.01319747589,0.008833513969
-1.11867019,-0.001070351313,0.009972479393,-0.002321927074,-0.01741774358,0.003956993761,-0.01994618992,0.03104930573,0.008407612947
-1.141246036,0.002215946432,0.006029470561,-0.004418274284,-0.01446028645,0.003962832673,-0.02419982778,0.002835683568,0.01158100578
-1.114960211,-0.001328266516,0.009527289641,-0.006909155665,-0.009781997815,0.003438877735,-0.01555362563,0.009277652258,0.006718610333
-1.09846384,0.001071280468,0.0001288177819,-0.00340145562,-0.01606617242,-0.0007369340507,-0.02396689855,0.01381036975,0.01315685812
-1.168439115,-0.0007517272264,0.01201346617,-0.00762375692,-0.01383308418,0.001443807754,-0.02080982834,0.002496878308,0.007296572192
-1.122741923,0.0002454062157,0.007260304235,-0.00606847759,-0.01198631855,0.005859215842,-0.01998602329,0.02352990894,0.007449045947
-1.114129869,-0.001222158014,0.00532083617,-0.004082325928,-0.01668029628,-0.0005776628281,-0.02268827859,-0.0008478236535,0.009621870399
-1.101098797,0.005121485869,0.01427825009,-0.003481034678,-0.01335630668,0.004941753814,-0.01982352521,0.0222053297,0.01109087088
-1.148117017,0.01033829031,0.01876524444,-0.004985212183,-0.008404695253,0.004395680032,-0.01756734609,0.00292816448,0.00983192474
-1.145734249,0.009634597897,0.01464021491,-0.003313996582,-0.01310993495,0.002876308256,-0.02014990766,0.01579126496,0.008970124905
-1.0978722,0.0102338757,0.01621259198,0.00114966104,-0.01313650092,0.002810000272,-0.02250794858,0.008540681461,0.01106352197
-1.167329601,0.00571698277,0.01957261589,-0.002322199087,-0.01178450525,0.002660003806,-0.02056843639,0.009542147845,0.007804678889
-1.106401123,0.002703429917,0.01164049596,-0.005313212413,-0.01464367528,0.004960901963,-0.02299874852,0.01866234573,0.008772369313
-1.155869208,0.0046114307,0.01275209495,-0.003854912758,-0.014412692,0.001675039873,-0.01667180612,0.005268456663,0.00762212119
-1.114641193,0.003048895156,0.0143341088,-0.002755549934,-0.01327785834,0.003352211298,-0.02003290348,0.01497233282,0.009622561026
-1.174544114,0.000293634435,0.008105310122,-0.006300164135,-0.01110644455,0.0004464617615,-0.02215780607,0.003982723573,0.008413686009
-1.143804588,0.001190263389,0.007078036702,-0.005644891433,-0.01836812782,-0.001357216932,-0.02249210047,0.0137249037,0.00779867843
-1.060035097,-0.002452486078,0.00735674602,-0.002970266233,-0.01710866624,0.0006103145661,-0.02419025601,0.008352863295,0.007922525658
-1.197077416,-0.003938482716,0.007883496555,-0.009014791362,-0.0163182908,-0.0003324736745,-0.02072370617,0.01322889589,0.00880108239
-0.9952724451,-0.002524822367,0.00453763227,-0.006993127492,-0.01472816628,0.001427472376,-0.02374961787,0.00927944264,0.01021047679
-1.229989792,-0.002528011073,0.008106229919,-0.004419555282,-0.01741800585,7.147491946e-06,-0.02043056191,0.008855307958,0.008401783797
-0.8634325555,-0.002563860952,0.005951417258,-0.004692966006,-0.01380538601,0.001582856537,-0.02129524419,0.01017215454,0.006679208316
-1.627821936,-0.00284971849,0.004712763772,-0.007248298655,-0.01670233052,-0.0009893228637,-0.02171331437,0.007362493373,0.007511115216
1.425672586,-0.003322405343,0.004653664737,-0.005310927757,-0.01623608323,-8.592287241e-05,-0.02272075072,0.01262644566,0.009074007886
5.655626446,-0.003418052179,0.008338652471,-0.006556419313,-0.0146287737,-0.001026886698,-0.02100843185,0.008977724136,0.007136662394
4.918424062,-0.00997520156,0.0007766054867,-0.00865657492,-0.01513138582,-0.0007057783636,-0.02272902539,0.0113830737,0.007901467451
5.369816736,-0.01396003692,-0.006799780702,-0.007106115867,-0.01883606567,-0.0008515253077,-0.02383022017,0.007405052858,0.006286595908
5.114817001,-0.01227211151,-0.004125367132,-0.008234715223,-0.01747073352,-0.00141268594,-0.0237580304,0.008818181988,0.007761335796
5.251272454,-0.01246702984,-0.003445510454,-0.008466646368,-0.01491800369,-0.0009128182913,-0.02253697001,0.009284356717,0.007917000905
5.159276885,-0.008549255781,-0.001342114536,-0.009013978918,-0.01402452871,0.0001565564784,-0.02057066431,0.007850671256,0.008215740115
5.173235246,-0.006626768396,-0.0003203734944,-0.008465851454,-0.01472623122,-0.001024509281,-0.02418665893,0.01246836623,0.009699226668
5.192077392,-0.007205233447,0.001868996775,-0.007757698354,-0.01678176154,0.000468577137,-0.0232226048,0.01015540266,0.009254438136
5.219342026,-0.004797041169,0.003283615774,-0.006322995471,-0.01439226246,0.001839445578,-0.02150282637,0.01096562354,0.007608017331
5.116222657,-0.003492432664,0.003488424011,-0.006375854583,-0.01520856433,0.001626252045,-0.02197516908,0.009159010872,0.009083729398
5.189511923,-0.001738737886,0.005213037438,-0.005381909956,-0.0140644056,0.0005153598186,-0.0210585261,0.01165950141,0.01052922896
5.097999564,-0.0007302379672,0.006944070732,-0.006870793933,-0.01425400844,0.001849518993,-0.02316607876,0.009843683509,0.009108412383
5.323927427,0.0002188025908,0.008111017031,-0.005166363697,-0.01397337948,0.001664443621,-0.02328382738,0.009244252081,0.009535281922
4.918007293,-0.001254523446,0.00649615473,-0.006133207197,-0.0143433352,0.001833105638,-0.02162255121,0.01129859852,0.009493549358
5.554944334,-0.0003238845423,0.006588749642,-0.006075970144,-0.01443717066,0.001356057198,-0.02322827792,0.01103901201,0.008790608785
3.436934086,0.0003425842405,0.007737060453,-0.004915891568,-0.0129667548,0.002954385618,-0.02121309146,0.009218686057,0.008754350631
-1.516740716,-5.454482427e-05,0.00853337387,-0.005162273307,-0.01331992809,0.0006421503804,-0.01984227264,0.00969731193,0.008004503091
-0.9337270738,0.0005475654379,0.007961070455,-0.006129422335,-0.01410380384,0.001608857629,-0.02159378482,0.01058880414,0.007981609494
-1.271263344,0.001010600299,0.006789819038,-0.004879377694,-0.01461958458,0.001606855957,-0.02299058413,0.01067018878,0.007904121013
-1.095834406,0.008547318557,0.01649678701,-0.00220313204,-0.01122068043,0.003986713657,-0.02102184753,0.01290813069,0.01031625288
-1.149232731,0.01087030755,0.01990979355,-0.001649033616,-0.01120514042,0.002876837369,-0.02106405023,0.01240349215,0.01082080528
-1.090174286,0.007331414761,0.01814960338,-0.004027594935,-0.01290006594,0.003516001692,-0.01998132866,0.01213672746,0.009062854534
-1.111466353,0.008692138878,0.0166086708,-0.002979419476,-0.01231996277,0.003458413148,-0.02283092426,0.0102650192,0.009577189065
-1.146746078,0.00430179397,0.01416209441,-0.003120192007,-0.01147309056,0.003439618238,-0.01805883567,0.01104130511,0.009590560897
-1.151401898,0.004697444941,0.01420175215,-0.002590625095,-0.01365442099,0.0002236851518,-0.02872521577,0.008788014751,0.009635744133
-1.131881324,0.003401047267,0.01406147155,-0.004280586174,-0.01378786564,0.005812373542,-0.01193239247,0.0156259816,0.006970654328
-1.151292992,0.001507266123,0.007338631607,-0.004351648704,-0.01548672081,-0.0006722971642,-0.01506263821,0.003761338519,0.009201633345
-1.139860642,-3.733488763e-05,0.01048970859,-0.002645407067,-0.01742884452,-0.001658018418,-0.05175124996,0.01288071825,0.01345643083
-1.100924707,0.0001512858108,0.009210388012,-0.01087120923,-0.008689080678,0.006666942097,0.01202826336,0.01658194425,-0.0002813402102
-1.148039074,-0.002029874913,0.004630325969,-0.002383791614,-0.02545838759,-0.003966991723,-0.03787011035,-0.00415294657,0.01028841669
-1.147775137,-0.0009236492753,0.007818802136,-0.006877871807,-0.01427820829,0.001152457696,-0.02707873021,0.0268872886,0.01081588203
-1.175382339,-0.0004173452401,0.00585844307,-0.004323315463,-0.004065444552,0.0001866812373,-0.007380111053,-0.006130816142,0.003655901125
-1.186072822,-0.002606306188,0.009758054958,-0.008992893299,-0.02639695579,0.0020643816,-0.03565621378,0.02215967743,0.009599064865
-1.150146098,-0.00298918733,0.002093799456,-0.002936009736,-0.01451661773,-0.0004320499032,-0.01541027752,0.004814789469,0.008745710472
-1.129389095,-0.002514789283,0.009664113278,-0.01026260928,-0.01059716387,0.0008904554783,-0.02123743764,0.004125972712,0.008745236086
-1.163701179,-0.003525833085,0.006129486716,-0.003725900727,-0.01426993508,-0.000142816599,-0.03270181208,0.02236579607,0.01067710553
-1.193377634,-0.006544994498,0.0009150327002,-0.004692167,-0.02038467447,0.0008643192381,-0.009116947785,-0.002139959627,0.00186213422
-1.133623226,-0.01035207287,0.001330566253,-0.00948981506,-0.01752121913,0.001156525462,-0.03290881588,0.01812520667,0.009496883521
-1.120672005,-0.01322830958,-0.005906230835,-0.01193958086,-0.01250222232,-0.006721366417,-0.02120755618,0.004727110472,0.008251804152
-1.154841667,-0.01293475151,-0.004775068587,-0.006940994078,-0.01652203333,0.001300098086,-0.02071377422,0.008284791305,0.00782929542
-1.144410454,-0.009449662054,-0.001200763652,-0.007580994277,-0.01843410982,-0.001050025431,-0.02639646666,0.01093472129,0.007195443561
-1.104816331,-0.007172884668,0.002052739483,-0.0102673229,-0.01190427071,-0.001181310399,-0.01794908943,0.006848903141,0.008803891255
-1.137042253,-0.007748604377,-0.0006243044197,-0.005275289334,-0.01651872463,0.0012668557,-0.02851952544,0.01427448265,0.01062762258
-1.115366141,-0.005831971742,0.001861743252,-0.007915794958,-0.01521646693,-0.001782843044,-0.01850217072,0.004639371738,0.006269853698
-1.118304401,-0.003844145671,0.004605897223,-0.005914419942,-0.01192525786,0.002865877306,-0.01875283618,0.01492566721,0.007794921881
-1.123392878,-0.00234932403,0.004084067456,-0.00347955468,-0.01612929499,0.0003239927187,-0.02720039224,0.01232863574,0.0119282178
-1.135798711,-0.0009424688817,0.003870915182,-0.007297087292,-0.01457941418,0.001743967139,-0.02029713344,0.008693758732,0.008341498017
-1.107678314,-0.0007847032223,0.01107302458,-0.004633845541,-0.01347223821,0.002397705487,-0.02113810106,0.01077526466,0.006761139808
-1.087165938,-0.001868730486,0.005727514406,-0.006055376091,-0.01247293473,0.000630334531,-0.01986961231,0.01448225999,0.01094007011
-1.126993909,-0.001377462358,0.003905417838,-0.008418723569,-0.01402097572,0.003771596053,-0.01959979037,0.007328011153,0.009227267173
-1.188146764,-0.0007950527679,0.01116378097,-0.00128749202,-0.01109401014,0.001931309501,-0.0250137421,0.009341188862,0.009932178522
-1.092050437,-0.002245381487,0.006957058918,-0.00784367162,-0.01415907356,0.002838552973,-0.01943112176,0.01385775652,0.007719505738
-1.113990708,0.001584150056,0.005324283011,-0.009012661689,-0.01552026111,0.001753884883,-0.02147458961,0.006772347281,0.009363603362
-1.119288677,-0.0009620960383,0.009320306855,-0.003425439879,-0.01290774867,0.002142830115,-0.0220840116,0.0143718942,0.01101693848
-1.160408812,0.002529415963,0.01243114944,-0.00355739978,-0.009457852348,0.003749525757,-0.01951533714,0.008398827442,0.01011294532
-1.112910364,0.01168971331,0.01839178451,-0.008145343762,-0.01395152275,0.004846491103,-0.01988275746,0.01342453895,0.009159385733
-1.123506489,0.01008664522,0.01761213118,-0.002483889967,-0.01383682083,0.004695040833,-0.0197440303,0.01159779848,0.01041394424
-1.103500049,0.00936452494,0.02026058893,0.002389380732,-0.01225318655,0.00254055274,-0.02080004868,0.0105842234,0.0101493606
-1.111039104,0.006358430792,0.01520012845,-0.005822772504,-0.01126645979,0.002454261986,-0.02212025661,0.01332474825,0.01015849171
-1.122915941,0.00540863736,0.01317477679,-0.006233471555,-0.01497336866,0.001110478525,-0.02015817925,0.01080292382,0.009268858414
-1.128956942,0.00472625926,0.01431322393,0.0009629889985,-0.01548656729,0.00404556733,-0.02042799996,0.01030855682,0.008578510214
-1.142743954,0.00274705776,0.01228051007,-0.005505619136,-0.0115107156,0.002200255989,-0.01969385618,0.01795045244,0.008692138452
-1.128926752,0.0009611333795,0.00736345524,-0.008985879338,-0.0154579275,-0.002735469288,-0.02280997898,0.001279801361,0.00803306863
-1.113712517,-0.0009456898711,0.009120535195,-0.003148547352,-0.01636422419,0.005241001399,-0.0238906229,0.0009684243179,0.007970735827
-1.151890986,-0.001465471017,0.008959283659,-0.002295855123,-0.01303689376,-0.003285684948,-0.0195374976,0.02750409955,0.007461566909
-1.084087799,-0.001646225957,-0.001224053852,-0.009438305502,-0.0179380569,-0.001962792717,-0.02233986769,-0.003114942411,0.009207766971
-1.118148622,-0.002667242776,0.009643343487,-0.009364028316,-0.0146925472,0.006697877108,-0.0217819292,0.02003726562,0.007252121535
-1.128100988,-0.001409217105,0.01079298829,-0.001710574218,-0.01324403618,-0.002113966895,-0.02235425349,0.001442917931,0.008824182949
-1.105532954,-0.005395491257,0.004967594496,-0.004660025619,-0.01781118744,-0.0008725577436,-0.01955351334,0.01840103354,0.009141316394
-1.150539112,-0.0005398151741,0.0017817531,-0.006782081503,-0.01970921503,0.001521981582,-0.02585492036,0.006057107311,0.008491366976
-1.130911756,-0.003116551436,0.0102074316,-0.004256443033,-0.01494865935,0.001744401868,-0.02028414448,0.003205363098,0.007166106363
-1.125555277,-0.002819092486,0.006313775879,-0.005260637533,-0.01053508381,-0.002812903822,-0.02045257121,0.01773781606,0.00937632814
-1.120870549,-0.007079641045,-7.207828523e-05,-0.01052710374,-0.01956950939,-0.002032743713,-0.02415964405,0.00271055645,0.007801700051
-1.164496692,-0.01382071117,-0.002742238759,-0.008361115064,-0.01931218731,0.001003486155,-0.02334344689,0.01817545682,0.007688975838
-1.155312238,-0.01194565281,-0.005802419524,-0.006305589454,-0.01532574924,-0.003007135591,-0.02235843282,0.00314309899,0.006949191747
-1.106113999,-0.0108432675,-0.003489172227,-0.01179442553,-0.01697641678,-0.0009974198702,-0.02315478318,0.01222087696,0.008186429535
-1.081994467,-0.008773021021,-0.0006363756919,-0.01035184265,-0.0173416754,-0.001570036717,-0.02135543854,0.005047586715,0.008681931533
-1.143187329,-0.009171852504,-0.001249108308,-0.005589507088,-0.01343710699,-0.001375795561,-0.0203149812,0.01015995593,0.007191749221
-1.137126638,-0.007430891816,-0.004160718268,-0.007637431237,-0.01262949568,0.0001409382672,-0.02378351846,0.01068102235,0.008596972688
-1.070607934,-0.005401444332,0.007546836892,-0.006610104303,-0.01686639365,-0.0003913251993,-0.02319994044,0.006808993817,0.00967543452
-1.127531554,-0.00406010064,0.004873621919,-0.006855696354,-0.01768206256,0.002139538007,-0.02072559683,0.01681340467,0.009004971885
-1.139502769,-0.001871373887,0.004728745593,-0.008214672962,-0.01261543295,0.0002214651822,-0.02010589834,0.007193361022,0.007509626401
-1.140393451,0.0001813264589,0.007242680879,-0.004247038228,-0.01189147758,0.002707902412,-0.01957996626,0.01161014033,0.01003801102
-1.091067983,-0.001261798072,0.006602503443,-0.006008541929,-0.014017479,0.000758529577,-0.02348739761,0.007118262107,0.01078389555
-1.147803217,-0.0005823926338,0.00779260911,-0.007484067551,-0.01495932236,0.001677680724,-0.02232418465,0.01305950929,0.008271515683
-1.106989274,0.000228375297,0.007356060642,-0.003019080379,-0.01368021741,0.002848236789,-0.02314235873,0.01081153683,0.008978693752
-1.259481646,-0.001778415571,0.008615295276,-0.003917764923,-0.0144476749,0.001119891492,-0.01976724812,0.01082678602,0.01102272714
-0.9821994874,-0.0003074854794,0.006340376112,-0.008142149735,-0.01127450539,0.002165552381,-0.02208480916,0.01172832236,0.01111343126
-1.388243811,0.0007716591517,0.007841672684,-0.0057758966,-0.01295979287,0.001569090871,-0.02004238001,0.007834477957,0.008862162101
0.08894893789,0.0001968600811,0.008690149609,-0.002376997511,-0.01695259162,0.002244429044,-0.02033588107,0.01188708177,0.009364882438
5.2897677,0.007638880628,0.0138923709,-0.004427602262,-0.01123845861,0.002698926725,-0.02040612967,0.009958336548,0.009975162163
5.026689201,0.01112172298,0.01687736612,-0.003971501981,-0.008657978815,0.005070834785,-0.02018907258,0.01447195036,0.01134101307
5.287457099,0.008611091315,0.01713407666,-0.001978507812,-0.01412079177,0.002779425224,-0.02024353,0.01050070114,0.009815267966
5.124209053,0.008009943373,0.01968189233,-0.002855446102,-0.01434022645,0.003825007612,-0.0195260208,0.01355845925,0.009003656478
5.211368998,0.003438180569,0.01283602164,-0.0051611883,-0.01277797933,0.002986912353,-0.0217022697,0.009863332433,0.009543971526
5.160689972,0.007189765575,0.01148394974,-0.002250486741,-0.01449978624,0.001641193637,-0.02169194317,0.008810463842,0.009357331343
5.20992922,0.005086447787,0.01314509108,-0.002758726432,-0.01374764025,0.003210282447,-0.02073950689,0.01066814399,0.008491218519
5.224549385,0.001803916996,0.01254356217,-0.006411107308,-0.01290644513,0.001271649994,-0.01981176662,0.01008028178,0.008037884907
5.2354247,-0.0004207639001,0.009583382283,-0.008557080307,-0.01562205637,0.000850389084,-0.02109893319,0.0113238281,0.008550486638
5.151078484,-0.001862201268,0.006580400264,-0.004824631353,-0.01604931593,0.0002448246461,-0.02332027017,0.008954439284,0.009011483837
5.129496998,-0.00201043162,0.007335120433,-0.005342045267,-0.0154420269,0.001877289197,-0.0227987845,0.009584702736,0.006602715682
5.139022289,-0.004726095624,0.004029968977,-0.005676523746,-0.01596805796,9.535275701e-05,-0.02256554061,0.0100719327,0.00757724383
5.209696754,-0.001957613008,0.006158373033,-0.0068538605,-0.01591905203,-0.0003832675196,-0.02192647538,0.008641214355,0.008215528793
5.138975916,-0.001992447045,0.007394263107,-0.006216246835,-0.01520872434,0.0004928982349,-0.02412647941,0.009457652188,0.007548126138
5.321099145,-0.002540489149,0.006829669815,-0.005498674251,-0.0141000531,0.001017205711,-0.02191276367,0.01019028257,0.007607706553
4.736150103,-0.003641834208,0.004295302131,-0.006625100008,-0.01516689309,0.001153153302,-0.02219003711,0.01137393262,0.008144937989
-0.7580182981,-0.002869705945,0.005557522105,-0.005955205067,-0.01636063952,0.0004689552674,-0.0224670062,0.009968885231,0.008569763083
-1.201124052,-0.002381024975,0.007014440599,-0.004377387005,-0.01497755851,1.817576965e-05,-0.02128483259,0.008576709489,0.007386288075
-1.101650258,-0.01229014112,-0.002195446956,-0.008393452077,-0.01665342283,-0.002147046462,-0.0240643781,0.008881022608,0.006852435559
-1.190165282,-0.01308232229,-0.005042288861,-0.009916366868,-0.01686279111,-0.002249906749,-0.02326080669,0.008044335327,0.007215322503
-1.108918834,-0.01107717999,-0.003024653004,-0.008586024803,-0.0176744546,-0.0008340665424,-0.02541817206,0.009377364714,0.007011297391
-1.103801817,-0.01038821815,-0.002943422873,-0.008438465039,-0.01593989295,-0.0005185524168,-0.02256766652,0.007989459406,0.006927391322
-1.069300656,-0.008063646521,0.0002288127032,-0.005959457506,-0.01567706729,-0.0009328268555,-0.02350005179,0.01123396331,0.008870196544
-1.156860099,-0.009468863759,-0.0002826677566,-0.01028369903,-0.01464783537,-0.0004124827888,-0.0196458492,0.01079090683,0.008028777804
-1.185752152,-0.007992979944,0.00116553833,-0.008799908449,-0.0138478142,0.0008342888969,-0.02358668063,0.007247818031,0.00865975264
-1.131855247,-0.00432203673,0.004578970186,-0.00675961372,-0.01378122777,0.0005343130134,-0.01924595995,0.01036056099,0.009613391096
-1.137157567,-0.003499484238,0.006091114718,-0.004030755033,-0.01633436983,-0.001186746112,-0.03400767413,0.009307048881,0.009189224779
-1.149129716,-0.002782499631,0.005575273713,-0.009951860473,-0.01430678941,0.004280245965,-0.002453386926,0.01462225673,0.006979315634
-1.152363338,-0.0008993119771,0.00494270402,-0.002993213109,-0.01350392897,-0.002839243912,-0.02441383564,0.002723089268,0.01172332078
-1.15400079,-9.792216623e-05,0.01096054729,-0.003108137909,-0.01612004374,0.004511231023,-0.0537668717,0.02207978087,0.01381221283
-1.142029906,-0.001133685278,0.005639082991,-0.01156993077,-0.008136679721,0.006349787723,0.01952841403,0.002880328653,-4.392136191e-05
-1.105341339,-0.0009285841435,0.005592681094,-0.002079922216,-0.01883992931,-0.004359681704,-0.04256598876,0.007614661695,0.01527517155
-1.132800587,0.002304299082,0.007264982887,-0.007568058238,-0.01054602049,0.003837988157,-0.02408659352,0.02868048858,0.01243215748
-1.145453418,0.0003028801852,0.008016864078,-0.004696519255,-0.009287169647,0.004346549125,-0.005898311415,-0.01790076099,0.002921874208
-1.106247223,-0.001665841202,0.0113360114,-0.006959012313,-0.02010039543,0.002930093026,-0.03732473752,0.03739872066,0.01099334029
-1.097947498,0.001902975682,0.002094446256,-0.001800332253,-0.009936035067,-0.001453897586,-0.01268148728,-0.0008857634979,0.01147868828
-1.139662327,0.01318107268,0.02343293035,-0.006239290666,-0.01287828302,0.007590441577,-0.0195570932,0.007294148865,0.009450323183
-1.14904551,0.008424481464,0.02004657067,0.003084315079,-0.01154261106,0.001529058753,-0.03315287075,0.02456612635,0.01100496741
-1.164761148,0.006061369823,0.01228888051,-0.005529795349,-0.01395251543,0.0041517195,-0.003117597129,6.792704907e-06,0.005098571707
-1.161405852,0.01135118723,0.01948194359,-0.0009024942035,-0.01266710995,0.00648712482,-0.03271418282,0.02017866465,0.01265061722
-1.081877099,0.003180981469,0.01446989631,-0.004311682211,-0.0133864923,-0.002758474869,-0.01728039783,0.006937637026,0.01016670745
-1.145940063,0.003704013266,0.01430166371,-0.005620405279,-0.01139528226,0.005505974514,-0.01783571531,0.01183708771,0.007619229823
-1.161001512,0.004695038053,0.0130494119,-0.005126176652,-0.01716170108,0.001970464516,-0.02619046316,0.01308261123,0.009057474579
-1.123683285,0.001018663019,0.01060777364,-0.003098989217,-0.0132954395,0.001234312518,-0.01889459055,0.005507599627,0.007815333743
-1.12158647,-0.0001195204215,0.008134176561,-0.006095950515,-0.01744741714,0.001088891885,-0.02772718674,0.01469634729,0.009973551883
-1.125764665,0.0001470328194,0.009369285665,-0.008345013015,-0.01493056631,-0.0008201766855,-0.01941808457,0.006704830653,0.00535566348
-1.128297774,-0.003206087484,0.006461863297,-0.005440303782,-0.01532430889,0.004321278828,-0.01799536758,0.01201833926,0.005408652109
-1.167650497,-0.002223573794,0.004250211591,-0.005145938394,-0.01659935946,-0.001385262804,-0.02695479625,0.008597721914,0.009627021572
-1.137594724,-0.0001135967539,0.00657276457,-0.006446569131,-0.01195153612,0.001192010879,-0.02164489219,0.01221864441,0.007598475108
-1.115645854,-0.003609046022,0.004822869827,-0.01108271473,-0.01711420817,0.001903544841,-0.019398727,0.007159478684,0.007216822038
-1.13332962,-0.003317474541,0.006446749935,-0.00148306718,-0.01513150778,-0.0004635850553,-0.02204590949,0.01324271085,0.007995242906
-1.118880097,-0.00195052642,0.009720744453,-0.0003110899038,-0.01487891767,0.001868107412,-0.01844683546,0.007191210683,0.008239974096
-1.127611579,-0.001310213989,0.005603249277,-0.009826217541,-0.01561794876,-0.001464527205,-0.02748909365,0.009798738461,0.008671221006
-1.113453755,-0.008146843991,0.001236437814,-0.01289118599,-0.0188381128,-0.001042809898,-0.02065003529,0.01275702467,0.006705047613
-1.108820847,-0.01417587459,-0.004155830249,-0.0005051889118,-0.01389280021,-0.0007957749427,-0.02207648865,0.006185208978,0.00416857146
-1.15251965,-0.01166355161,-0.003783412828,-0.008924461172,-0.01893987146,-0.001572838967,-0.02399463685,0.01019725257,0.008131735201
-1.147937048,-0.01125453112,-0.006371116958,-0.01475493862,-0.01329898475,-0.0003438129848,-0.02455107479,0.008524394768,0.008196855473
-1.112119434,-0.008919586173,0.0001593009355,-0.007328346865,-0.01666025476,-4.59617164e-05,-0.02135818023,0.01016048258,0.008615596175
-1.128002512,-0.007659740584,0.001924840328,-0.002714569367,-0.01590301436,0.001478932441,-0.0234139911,0.009880777156,0.007014461983
-1.121200049,-0.007594648285,-0.001092303175,-0.01147369987,-0.01729654369,-0.0008533732,-0.02146646223,0.01013167315,0.008902430879
-1.064396321,-0.003408193408,0.002396298439,-0.008795985918,-0.01174098101,-0.001667465349,-0.02414730992,0.01072287276,0.01087473116
-1.111780416,-0.002923885659,0.004540835266,-0.002893874879,-0.01454293231,0.002227135406,-0.02046621519,0.01312135811,0.008779410215
-1.129629261,-0.00313822613,0.005902258755,-0.006579471843,-0.01680388463,0.002025771455,-0.02030065675,0.005377553204,0.006352050132
-1.115898854,-0.002473317156,0.004468677394,-0.008922591973,-0.01349765348,0.002292135951,-0.02196092811,0.01644598284,0.01079476258
-1.14069711,-0.000452455439,0.004797933785,-0.004348458042,-0.01494756756,-0.002694861957,-0.02105555921,0.0122363496,0.01048908808
-1.13392213,-0.0009326070179,0.009016164503,-0.0021542434,-0.01587285614,0.008414518824,-0.02651205244,-0.007338893209,0.006597851816
-1.131101831,-0.0005056434929,0.01141829,-0.008404628369,-0.0124161277,0.002303845734,-0.01664402707,0.02757920257,0.007616755523
-1.134250014,0.001776473619,-0.001095448706,-0.005767906327,-0.01334556975,-0.00317072197,-0.02235880014,0.005646359725,0.0125960426
-1.122469097,0.0001162552432,0.00993329737,-0.00619288657,-0.01592660962,0.009065149677,-0.02451379884,0.0132723063,0.007909546029
-1.084341778,-0.001719943755,0.01258972216,-0.003434504803,-0.008202451635,0.002855705819,-0.02020844615,0.005296708381,0.00667328153
-1.153926895,-0.002647273981,0.006027024775,-0.004423423968,-0.01684299151,0.0003101248621,-0.01952997849,0.0168003029,0.01081172512
-1.093794308,0.008035592917,0.01212820893,-0.002386260185,-0.01670118518,0.004913131576,-0.02143792007,0.01502012142,0.0111870916
-1.14050184,0.01238417314,0.02248954609,-0.005511394203,-0.01288418725,0.007741150195,-0.01840244986,-0.00384230889,0.009027040685
-1.135771644,0.006413107381,0.01759086008,0.002978725225,-0.00298284193,0.0002892818292,-0.02114612232,0.02310825354,0.01164010141
-1.143798169,0.01153038983,0.01460272991,-0.002098285623,-0.01557406637,0.002013236605,-0.01813300192,0.006517806353,0.01222137906
-1.123008988,0.006347957454,0.01666462206,-0.007014625164,-0.01676889923,0.00746834721,-0.02296072315,0.01477940178,0.007637771641
-1.122557953,0.00493725167,0.01172724599,-0.002036116308,-0.0122382331,0.001988678769,-0.01872006843,0.01138241827,0.009068570585
-1.100256466,0.003321550425,0.01221364254,-0.0002432588089,-0.01046865107,0.002740863516,-0.01944339621,0.01100118514,0.009721689586
-1.146907894,0.003422137105,0.009176032479,-0.009555735418,-0.01561414378,0.002007809182,-0.02170106547,0.009025397841,0.01005754623
-1.095808051,0.0003999360825,0.009865503085,-0.00514989987,-0.01426292852,-0.001819295559,-0.02085037825,0.005295706761,0.007530903917
-1.102180525,-0.0002207414496,0.006109718812,-0.0009839508621,-0.0126678785,0.0009377891527,-0.02247791053,0.01606788919,0.007478686699
-1.115324608,-0.000842692765,0.008832388586,-0.009459447454,-0.01691400659,-0.0003925104866,-0.02159293905,0.005113012601,0.006157754648
-1.102274189,-0.004567077811,0.004614779253,-0.007151283669,-0.0183266509,0.0007747805676,-0.02129763137,0.01588005193,0.009986195812
-1.069591204,-0.002695043353,0.004397564172,-0.003028281635,-0.01371051766,0.0002729830378,-0.02053777093,0.009918419128,0.007748133249
-1.11236642,-0.001241310402,0.007744786919,-0.007521109434,-0.01442083264,0.001464230795,-0.02012710048,0.01000880923,0.006768710942
-1.109870086,-0.003002184714,0.007121320416,-0.007555532803,-0.01641453976,0.001515113345,-0.02574040709,0.0077527272,0.009108995427
-1.17070729,-0.003226182585,0.004564344209,-0.003047393593,-0.01577567761,-0.0008743289974,-0.0204655138,0.01075391633,0.008688632705
-1.052490383,-0.002135262666,0.003596249006,-0.005086316344,-0.014505778,0.001909268451,-0.02284494262,0.01330017465,0.008113614384
-1.211633536,-0.00331927515,0.006294150197,-0.008124150249,-0.01474067142,0.001106308469,-0.02212714368,0.007769136146,0.007783236457
-0.6003237823,-0.01170667037,-0.002084262775,-0.008587655911,-0.01831166258,-0.001815185148,-0.02053362018,0.01065674007,0.009811357187
4.871515388,-0.01189678939,-0.003649702625,-0.01029338209,-0.01612186984,-0.001322556186,-0.0230453237,0.008267031803,0.006716401005
5.23163924,-0.01012390829,-0.003810627794,-0.009081898921,-0.01998099456,-0.0001249089717,-0.02395431434,0.0083905435,0.006443201476
5.134719774,-0.01213849342,-0.004063102168,-0.008739189271,-0.01633380958,-0.001264190383,-0.02432639713,0.007638043887,0.008179390267
5.20303112,-0.007580228306,0.0001331283593,-0.008596706848,-0.01341128295,-0.0006284221028,-0.02206002005,0.01012822728,0.008791360989
5.20143177,-0.00760556139,0.0002418728921,-0.01011964514,-0.01479080583,0.000452317089,-0.02300946203,0.01133976803,0.008410290471
5.192575729,-0.007908103712,0.001794529502,-0.007823933297,-0.01689162219,0.001223588387,-0.02179289307,0.00909041281,0.008089818089
5.145129399,-0.005639324881,0.002979034982,-0.005728998707,-0.01371089198,0.001789171675,-0.02146390735,0.01073185783,0.008447772875
5.116076964,-0.003407171019,0.00430038303,-0.007447768476,-0.0132627907,0.003538547935,-0.02235727191,0.009118733258,0.008187800652
5.199375604,-0.00159625586,0.006854029952,-0.00699870845,-0.01528424454,0.001223554361,-0.0210982542,0.01075854465,0.008860769263
5.179451069,-0.001422084966,0.007429144768,-0.005440504338,-0.01464380866,-0.0002752563568,-0.02028393352,0.01038963522,0.008204851034
5.145745034,0.0002486653121,0.009176796682,-0.005782739344,-0.01185641789,0.002481857602,-0.02087773368,0.01265319978,0.0086992711
5.237732699,-0.0006434616856,0.006163628538,-0.006768529163,-0.01417444094,0.003352203796,-0.0253234674,0.0122596156,0.01011124155
5.11597608,-0.0007994060082,0.006663948506,-0.004475410218,-0.01742156291,0.00255955454,-0.02386533448,0.003422693916,0.008685952851
5.197415549,-0.00066645056,0.008744359979,-0.00588526059,-0.009613871104,-0.0003340818674,-0.01657419104,0.01650923329,0.0082226334
5.068235011,0.001704294963,0.005835828171,-0.006246020881,-0.01446399089,0.003346925866,-0.02187779051,0.01316095844,0.009524496998
5.171872645,0.0001600125309,0.008532490085,-0.007271919223,-0.01599397446,0.002743520656,-0.02344588333,0.002347548419,0.008633513534
-0.1141443241,0.0009520783688,0.01160181017,-0.004233692216,-0.009472127123,0.0007944318008,-0.02025757752,0.01478309539,0.01079615463
-1.390628876,0.008833059843,0.01819052462,-0.002410448019,-0.009180207894,0.003188005423,-0.01755829107,0.01460930694,0.01035803597
-0.9645567389,0.01033452242,0.01598381355,-0.003512732057,-0.01866766567,0.00525545658,-0.02214077188,0.00920841285,0.009387863771
-1.208085765,0.008383999655,0.01889655735,-0.0007881901228,-0.01356280103,0.004611319695,-0.02163503627,0.00734759903,0.008891886381
-1.096833612,0.008790957501,0.01901379784,-0.001391141173,-0.004993143068,0.002539368192,-0.0164991521,0.01444240073,0.009284454079
-1.152493107,0.005399701281,0.01028655073,-0.005384823,-0.01559398854,0.003094081579,-0.02229158103,0.01126099297,0.01018465096
-1.127310365,0.006262303575,0.01361881136,-0.004727187762,-0.01807016097,0.003684301231,-0.02292110593,0.008630430167,0.009064624619
-1.170330569,0.004384428338,0.01346004063,-0.002204828803,-0.009732714592,0.00308268306,-0.02086995184,0.01305214294,0.009024407974
-1.114832251,0.0007968284153,0.009214540322,-0.005343611037,-0.01288504742,0.001063426789,-0.02378724529,0.009186787545,0.007277261143
-1.140218551,-0.0001556315791,0.007807205211,-0.007339184809,-0.01974823448,0.0009146853084,-0.02002608485,0.008444708457,0.009157506884
-1.140858914,-0.0005488889382,0.008921328721,-0.005004123782,-0.01400948533,0.0002886729427,-0.02495451234,0.00934127393,0.008887484307
-1.162501202,-0.00259680846,0.00652665906,-0.007304016366,-0.01128389894,0.000699215599,-0.01788548049,0.01110979927,0.007182068779
-1.095767293,-0.00281548882,0.004554526441,-0.00568601284,-0.01911548235,0.0004316943047,-0.03168233564,0.009135412781,0.009153674719
-1.159003327,-0.001957306791,0.006975905718,-0.007085912016,-0.01618530864,0.0009713940237,-0.007275287849,0.01138381578,0.007052900574
-1.153882999,-0.002255601194,0.0056134546,-0.00374666603,-0.01132763825,-0.002624572203,-0.02414712615,0.007141085008,0.008708669222
-1.195020359,-0.002793739418,0.008511141743,-0.004206067537,-0.01892868408,0.004401956961,-0.04346564998,0.01675890467,0.009905640272
-1.146153605,-0.003442276828,0.005047726811,-0.008909501967,-0.01284325692,0.00170050107,0.007412632381,-0.001672225394,0.001558403282
-1.130344235,-0.002041535153,0.00705005323,-0.003657011388,-0.01804984985,-0.003159451079,-0.03945070767,0.01779694674,0.01195743051
-1.126589452,-0.005461064892,0.00140666691,-0.009503864069,-0.01402146397,0.0001787783204,-0.01960284322,0.01590627132,0.007194803256
-1.118404002,-0.01339717431,-0.005380260964,-0.009347387775,-0.01725598344,-8.89085179e-05,-0.01937208602,-0.008227847605,0.003408353648
-1.103423019,-0.01205236233,-0.0003409763392,-0.008989957342,-0.02095167204,-0.001987690326,-0.03101998807,0.02790946465,0.009787599535
-1.155623333,-0.01159033958,-0.009312621024,-0.007120113223,-0.01089119268,-0.003402345923,-0.01409691006,-0.001233759767,0.007906804686
-1.16608325,-0.007620540709,0.001223028421,-0.01119990995,-0.02022135802,0.002228609337,-0.02842226949,0.01164570096,0.008362107448
-1.145439708,-0.008667452803,0.002051753264,-0.002711616106,-0.01534124537,-0.001460106846,-0.02562611084,0.009713528357,0.008408677951
-1.132877855,-0.009857148567,-0.0007437263054,-0.0116154618,-0.0150694954,0.0009029162569,-0.01518274299,0.009786307857,0.006274932693
-1.129599216,-0.002840374698,0.003160145155,-0.005575760666,-0.01432409958,0.001919403527,-0.03165751886,0.01252113749,0.01091510883
-1.121082702,-0.00460174395,0.003521923803,-0.006039367433,-0.01566454715,-0.001201903177,-0.01700206784,0.008242317603,0.008297526734
-1.129334831,-0.003788256543,0.006908514905,-0.008439332406,-0.011360986,0.004807164547,-0.02321940824,0.01235900147,0.008190130031
-1.153618331,-0.0003418582383,0.006040044839,-0.007725110999,-0.01555953975,0.0001659561103,-0.02125812149,0.008720636518,0.009485579353
-1.169359793,-0.0008988059065,0.007386284119,-0.003613055969,-0.01411283961,0.002030133011,-0.01966393461,0.009161111212,0.008405991738
-1.146790643,0.0008642459324,0.00875255952,-0.005056794449,-0.01353441204,0.0008770975483,-0.02603642882,0.01336536747,0.01159845284
-1.107339199,-0.001452727151,0.007185809439,-0.008982223527,-0.01175474924,0.0003692577386,-0.0169231489,0.01035713191,0.008322302651
-1.132415402,0.0008074777382,0.009162752359,-0.003723348497,-0.01388178153,0.002959595392,-0.02057505912,0.008350304083,0.008545974586
-1.137183219,0.0002617037592,0.00776649025,-0.003566514088,-0.01568383625,0.001007935849,-0.02785675904,0.01525754503,0.01087108824
-1.154108479,0.0007332921298,0.002916592437,-0.01428101136,-0.01267312836,0.001885827635,-0.01779453483,0.006943875433,0.007618753705
-1.143618327,0.0007024550534,0.009994307404,-0.0005294003935,-0.01158306385,0.001132688647,-0.02261009432,0.01089663058,0.008488438635
-1.142211731,0.004976344564,0.01586013643,0.00546563148,-0.01284153404,0.004285872652,-0.02153930951,0.01799878674,0.01028969865
-1.110085709,0.01153081859,0.01687142986,-0.0132417009,-0.01413439212,0.004288011626,-0.01900310807,0.002278736694,0.009191738948
-1.074753643,0.008409226772,0.01793790475,-0.0080190877,-0.008363295997,0.002790065998,-0.02130112915,0.01740990073,0.01176979901
-1.12130782,0.008470170739,0.01655388051,0.00921513425,-0.01257378519,0.002753724135,-0.01950719946,0.01123826688,0.01059530381
-1.130555265,0.006115626562,0.01395018274,-0.00639197196,-0.01790889715,0.003972258485,-0.02016395157,0.008648033379,0.007717972118
-1.135291529,0.006491804048,0.01279522461,-0.01201094405,-0.01267541349,0.002363737993,-0.02352722205,0.01319093982,0.01039162385
-1.16963296,0.004802483701,0.0144450778,0.0008376760465,-0.009112105575,0.002468914741,-0.01646663211,0.01063494952,0.008518836587
-1.150440343,0.001344824274,0.0109616546,-0.0009721275341,-0.01860044952,0.003978265974,-0.02351737635,0.01236106447,0.006347414889
-1.130189966,0.0001979573723,0.009653434989,-0.01278234438,-0.01749281335,0.0006637904883,-0.02341253045,0.003597602895,0.007886517115
-1.123884028,0.0006068301841,0.005055399162,-0.004101479035,-0.01206007289,0.0005705526646,-0.02046134135,0.01510025781,0.009258577227
-1.130029774,0.00148787115,0.007441244653,-0.001349876625,-0.01507795313,-0.002988142472,-0.021685478,0.009081196547,0.006603348113
-1.157317933,-0.003143620476,0.008207880801,-0.008723343318,-0.01700769788,0.004660321925,-0.02286539358,0.006189544691,0.006685724092
-1.121145986,-0.002471209137,0.004498916385,-0.008077649829,-0.01555335867,-0.00324060297,-0.02100047363,0.01056533298,0.01066440054
-1.118006425,-0.002691700021,0.005956939109,-0.002744948757,-0.01351039461,0.006685865661,-0.02150087721,0.01322919725,0.008360600652
-1.120482134,-0.003856716772,0.006510589045,-0.003737969997,-0.01765912391,-0.0092552691,-0.02205990337,0.01140848945,0.0067556455
-1.140125215,-0.002448428778,0.005243189361,-0.00799275262,-0.01630232068,0.03130903694,-0.02519443867,-0.004491833365,0.008086783602
-1.131830253,-0.002788133659,0.005425252959,-0.008481774981,-0.01077644853,0.06607373693,-0.01852025457,0.0296966353,0.008469473127
-1.088160851,-0.0003807873777,0.003306663821,-0.002761385645,-0.01526504332,0.00584538694,-0.02207241916,0.009741154985,0.008782504878
-1.100572962,-0.01050124109,0.0007641377913,-0.009506745383,-0.02131332237,0.0283596839,-0.02485983864,0.00875293303,0.006185941709
-1.113402771,-0.01541222618,-0.004307385015,-0.01158952779,-0.01350027745,0.01059593871,-0.02162249011,0.01349832337,0.005839147975
-1.131599899,-0.01102400793,-0.004416234264,-0.007384851023,-0.01427247655,0.01540464379,-0.02232758,0.01206906717,0.009146917559
-1.169295629,-0.01117962639,-0.00326689112,-0.007728188001,-0.02113787625,0.01399432684,-0.02411248853,0.01401778046,0.006408401432
-1.119237802,-0.008037716725,0.0006425292443,-0.009624035442,-0.01784902569,0.01726272306,-0.02178728681,0.001111989156,0.008024808524
-1.10969725,-0.008580106846,-0.0009491462118,-0.00628896641,-0.01036562344,0.01176882284,-0.02109819139,0.01833658436,0.00874845506
-1.080210703,-0.00592638515,-0.002983011589,-0.007947077904,-0.01414117136,0.01201398071,-0.02314272025,0.00819235375,0.01036464208
-1.137045834,-0.004770701623,0.007363103085,-0.00884927803,-0.02023643141,0.014995304,-0.02400254575,0.01241681651,0.008380101678
-1.105799021,-0.005407218495,0.002396764417,-0.004684675837,-0.01239747006,0.01266078075,-0.02071508967,0.01448621648,0.007687230803
-1.117119387,-0.001942788124,0.004238399726,-0.005746541814,-0.01223216639,0.01149073737,-0.01972890611,0.01132184335,0.008648525862
-1.148661895,0.001050608972,0.007900235426,-0.007697640276,-0.01731870511,0.01204091162,-0.02241760452,0.00955556246,0.01036397107
-1.158405121,-0.000850375713,0.008783699407,-0.006890149852,-0.0142806888,0.009242460219,-0.01975615644,0.008116195969,0.009960435123
-1.105580187,-0.0009252156189,0.003361662516,-0.004902478435,-0.01055589572,0.0115103334,-0.02171473393,0.01573349459,0.008800812278
-1.114082936,0.001121591637,0.006704197775,-0.005149085875,-0.01499105145,0.01147744894,-0.02106693958,0.007109930938,0.008924805215
-1.083029422,-0.0002336906622,0.008822271809,-0.005676458574,-0.01501590311,0.009441836921,-0.02294488542,0.01516828886,0.0109106763
-1.163731467,-0.0009248615161,0.006097166978,-0.005448888128,-0.01253791218,0.008418185671,-0.02101416189,0.01332455492,0.009145944235
-1.023133304,-0.0009182074579,0.008535327178,-0.004922702411,-0.01161757658,0.01008093134,-0.01814666873,0.01061103861,0.008346383528
-1.225178391,0.001049302463,0.009362046308,-0.00430568653,-0.01634859798,0.01113451534,-0.02267762319,0.009475280168,0.01078529294
-0.9125009892,0.01052927519,0.0161416446,-0.001954811906,-0.01184476262,0.009095577352,-0.02149326976,0.01053110997,0.010061846
-1.418094762,0.009863905524,0.01660072081,-0.001905260653,-0.009470948404,0.00779527509,-0.020584688,0.01443749227,0.01044031569
3.453574585,0.008837859329,0.01811944201,-0.002689330048,-0.01340580063,0.00748850403,-0.02013218479,0.01005648412,0.00978873475
5.57854278,0.00901050113,0.01736023678,-0.003798918819,-0.01576738788,0.008998030446,-0.0195121408,0.01198590607,0.01104747768
4.966893861,0.004382666286,0.01218583392,-0.004283057768,-0.01196580773,0.007417269498,-0.02088744096,0.01225976771,0.008834691615
5.291785328,0.005966566139,0.01322600171,-0.003898347562,-0.01409503375,0.006836748539,-0.0199773109,0.01013884836,0.008808085047
5.093255506,0.0047001879,0.01165009573,-0.002623781093,-0.01606456155,0.00667207213,-0.02239030247,0.008598931932,0.009054938235
5.235284996,0.0007591847981,0.008568803782,-0.005848496646,-0.01281349287,0.004845574675,-0.02249179958,0.01038811461,0.008829316483
5.140989826,0.001282974409,0.007227656957,-0.006000188496,-0.01400346172,0.00424049168,-0.02125841487,0.01075643226,0.009101882986
5.195835898,-0.001073760497,0.009588987464,-0.004696713866,-0.01710770926,0.004285455738,-0.02272770636,0.009473544072,0.006876962989
5.189888464,-0.003408341898,0.006784846638,-0.006811184992,-0.01648735023,0.005004860471,-0.02146027551,0.008942916057,0.00764312767
5.197389861,-0.004407419811,0.005252653514,-0.006313742408,-0.01449947784,0.003085244645,-0.02297616935,0.009933973677,0.007941751338
5.094882616,-0.0007641938318,0.00471313084,-0.004708688629,-0.01484337637,0.004467832367,-0.02183874355,0.009724603156,0.006481249897
5.246176617,-0.002343836431,0.006433161252,-0.004756610121,-0.01482770629,0.003784851333,-0.02131439088,0.008609884458,0.007342214257
5.066839131,-0.002219168987,0.007768446959,-0.006015230548,-0.01406020872,0.002385854679,-0.02159718007,0.009600139786,0.008388152845
5.357128617,-0.002362635436,0.005319844396,-0.005756252865,-0.01624920064,0.002727225643,-0.02202189928,0.01705478189,0.008768476398
4.908899873,-0.002026520055,0.004527066061,-0.005778808227,-0.02010162292,0.008471998326,-0.02743339339,-0.002101036131,0.007850490893
5.695588618,-0.00479163302,0.006540335583,-0.006997992915,-0.01083932069,-0.004301823727,-0.01934875885,0.01049952957,0.007692698568
1.708907956,-0.01211335653,-0.008240428983,-0.008721348256,-0.01338348475,-1.941610696e-05,-0.01826596337,0.02365282573,0.007740276717
-1.630744638,-0.01172823667,-0.003090809984,-0.01074134573,-0.0256189004,0.004946124489,-0.02893003583,-0.0001061669239,0.005923007562
-0.8554836248,-0.01302481065,-0.0008308419508,-0.007636377791,-0.01479083614,4.410089684e-05,-0.02529782486,0.004700751746,0.007200018735
-1.284592105,-0.0102775796,-0.002547134444,-0.00698150058,-0.006492121128,-0.001167324309,-0.01965341472,0.01985441447,0.009702228653
-1.05546314,-0.008033084823,-0.003923619044,-0.01080592475,-0.02297632224,0.001567873417,-0.02158504954,0.01068599322,0.007307272412
-1.194636033,-0.007007531072,0.0007813083768,-0.003244216225,-0.0248398112,0.005829865766,-0.02538700166,-0.0004872996565,0.008130491963
-1.093360609,-0.007613571024,0.005697315707,-0.004468290097,-0.002984136249,0.0002329928875,-0.01943660076,0.01455221372,0.007883361527
-1.165847499,-0.0001892002164,0.0005073158807,-0.0122732125,-0.01116087333,-0.0002098054675,-0.02066892995,0.01270648996,0.01055227227
-1.148424581,-0.002431965349,0.003561728605,-0.005919199974,-0.02452872402,0.004641004493,-0.02377693774,0.008048559294,0.0087061495
-1.146652006,-0.00192889131,0.009399815584,-0.002449812934,-0.01186786482,0.004530045819,-0.02097645618,0.01184545676,0.008551023642
-1.112015665,-0.00174822064,0.006809688954,-0.007302514164,-0.007026429465,0.001936783903,-0.0224248926,0.01333649595,0.008983181772
-1.122015941,0.001383987323,0.005022000562,-0.009363046261,-0.01804101613,0.0013534243,-0.02207793647,0.008387374591,0.01012505248
-1.10764243,-0.001334140512,0.008649081214,0.0001187482705,-0.01753716888,0.002297445128,-0.02075808313,0.008742352786,0.009756070851
-1.207729799,-0.0006868877229,0.007948284155,-0.004650725266,-0.007483395984,0.003834165787,-0.02089786524,0.01460880755,0.007887496003
-1.163114461,0.0006527894815,0.006157711259,-0.01137484088,-0.01270418176,0.0006646616053,-0.02466725142,0.008701804271,0.009236970381
-1.183493588,0.000445498677,0.007613514528,-0.003432461694,-0.01975356228,0.002972906807,-0.02141971346,0.01038670423,0.0106642863
-1.154837707,-0.001503778848,0.007567597425,-0.002183993939,-0.009508636542,0.002470836101,-0.0103654628,0.01168324766,0.007716137364
-1.136528541,0.003655331605,0.01065932432,-0.006732102473,-0.01271643574,0.003484932465,-0.0348189968,0.01417559861,0.01058434351
-1.106211333,0.01168058833,0.01900057375,-0.003837105443,-0.0134809505,0.007032864754,-0.01574614568,0.009045741096,0.009400249705
-1.146519976,0.009567613048,0.01870085405,0.002981389211,-0.01042672231,0.002900120395,-0.01332966864,0.007512538456,0.008958056613
-1.080771375,0.009175350417,0.01602587882,-0.005142981629,-0.01234364064,0.003276603258,-0.02999013577,0.02138084636,0.01156429537
-1.190705593,0.006124404624,0.01316565068,-0.006353412374,-0.01263116104,0.003752474493,-0.01400886262,0.004105128597,0.008515551436
-1.145199856,0.005264926076,0.01698854056,-0.001768689466,-0.01604899361,0.003858145349,-0.0246984437,0.0136243359,0.008572865883
-1.171017179,0.004845506533,0.01486988261,-0.002114856542,-0.01209338268,0.001109916924,-0.02131934783,0.01276657658,0.008792992528
-1.130006533,0.003712988152,0.007615246433,-0.008239416151,-0.01532964566,0.00189021611,-0.01778418889,0.005641564115,0.008161995487
-1.133039955,0.001411707505,0.01100848461,-0.00154088014,-0.0187712486,0.002387003336,-0.02692606226,0.01298104955,0.01016408945
-1.126616609,-0.002269794707,0.007813039555,-0.002860793984,-0.01286243571,-0.0002732196681,-0.01888797051,0.007484912636,0.006489805687
-1.132202881,-0.0008519305295,0.008755505918,-0.01081946246,-0.01304927666,0.00269431434,-0.02251891505,0.01093424152,0.00655986798
-1.122904458,-0.00271220336,0.005623978616,-0.004500302527,-0.01928850261,-0.001895664215,-0.02401700725,0.01087287747,0.01084542422
-1.121651949,-0.003309150271,0.007474220382,-0.003151345769,-0.01481937972,0.0007082815445,-0.0183491312,0.01450103422,0.008188404286
-1.092757973,-0.001207240589,0.007218586492,-0.008175861681,-0.01344748511,0.004503631499,-0.02483305208,0.006212679324,0.007053567177
-1.174518601,-0.002643804918,0.00552095244,-0.00567616489,-0.01802279137,-3.3466507e-05,-0.02133659988,0.009977009562,0.008997420966
-1.132533654,-0.001896405738,0.004985531194,-0.000593494263,-0.01539654417,0.003223075659,-0.02257811594,0.0002498804119,0.008032100187
-1.101545958,-0.001665594367,0.008076140675,-0.007589836642,-0.009958261863,-0.001220747452,-0.02413328729,0.01848713343,0.008214578308
-1.165994585,-0.003575842225,0.002781740239,-0.01129023397,-0.0127763925,-0.0002160982143,-0.01042793976,-0.002867441294,0.007664086214
-1.181089876,-0.008677920397,0.002489371341,-0.005168089123,-0.01780962919,0.001242084929,-0.03216762573,0.02253565861,0.009135092054
-1.110949431,-0.01375138797,-0.004759158943,-0.006504990684,-0.01962700101,-0.0009900563103,-0.0274148124,0.01445369478,0.007295614551
-1.158749074,-0.01179935511,-0.002621255556,-0.008207756437,-0.01693322217,-0.001508720602,-0.01432346392,-0.004615751478,0.002964075019
-1.117353785,-0.01166767784,-0.002072645075,-0.01064357205,-0.01784219311,-0.000851688967,-0.0297105377,0.02657801239,0.01196241514
-1.181241948,-0.00812833484,-0.001137445648,-0.006537936339,-0.01755427394,7.144465342e-05,-0.01912758387,-0.006088245384,0.007882349635
-1.125866176,-0.005657321922,0.0006634745707,-0.005269324689,-0.01355848565,0.0004633249685,-0.02257046735,0.01115919943,0.007093401484
-1.127097891,-0.00765953797,-0.001419203231,-0.01029261723,-0.01309696706,-0.002945185871,-0.02873885178,0.01507258246,0.01116809483
-1.109497644,-0.005267830772,0.003273391379,-0.01216415178,-0.01160789736,0.0003364604503,-0.01693879642,0.007707903094,0.008535989551
-1.109435284,-0.00295995016,0.007371907899,-0.003864976281,-0.01561038854,0.003446578053,-0.02398009728,0.01653980358,0.009443506391
-1.11720878,-0.004992540521,0.00702622521,-0.003424606572,-0.01332774093,0.004112168132,-0.01961498349,0.006308222903,0.007883531641
-1.134148034,-0.0004980830166,0.005895048675,-0.008944168156,-0.01278594514,0.00298332228,-0.018590966,0.01097380171,0.009238909264
-1.127087602,0.002868613053,0.00606312381,-0.003104454546,-0.01525775465,0.000460350986,-0.02763983981,0.006469866526,0.01138268415
-1.130484573,-6.641257382e-05,0.007848581967,-0.004468290954,-0.01413375307,0.002122826892,-0.01881168788,0.01321169874,0.007547529245
-1.075808199,-0.0007816920095,0.007865493919,-0.007412936877,-0.01095308027,0.003267622501,-0.0210555991,0.01214597431,0.009471795733
-1.111169105,-0.0003768230095,0.007613113757,-0.007512481228,-0.01673453043,0.0007317727719,-0.02305333807,0.01669187142,0.009965879762
-1.103963602,-0.0005963329155,0.006376036923,-0.003609674818,-0.01541886643,0.002802434529,-0.02009255997,0.009928081288,0.01022928482
-1.123549417,-0.001270732866,0.01120861991,-0.00540838381,-0.01421136422,0.003851283875,-0.02118424351,0.006387338914,0.009115750421
-1.124095019,-0.001402870988,0.005892277561,-0.00678903559,-0.00983556846,0.001938642762,-0.01695502255,0.01594562507,0.008939145606
-1.15104168,0.009986522403,0.0123961105,-0.001343187475,-0.01360771426,0.002714791976,-0.02315144853,-0.0001554545704,0.01183069039
-1.178622045,0.01149257372,0.02276929801,-0.002085332431,-0.007088183381,0.005898353847,-0.02245089001,0.01759077161,0.009766192734
-1.102183328,0.007653848697,0.01751908803,-0.003958856987,-0.01263736514,0.001909731075,-0.0188359676,0.01605758103,0.00938098355
-1.127799256,0.007985105627,0.01645207636,-0.003887239272,-0.02067832922,0.005839800253,-0.0216495657,0.01119224801,0.01030444158
-1.10387401,0.00615105928,0.01499217698,-0.002931676794,-0.01509451622,0.003228323748,-0.0212594576,0.0156418434,0.009390755292
-1.084928956,0.005183020058,0.01532454175,-0.003032252069,-0.01175530945,0.002481879385,-0.02353647188,0.002474869987,0.00904990593
-1.153237204,0.005179128987,0.01051530262,-0.003334193316,-0.01272082129,0.002362011758,-0.01414312003,0.01330248866,0.007328057287
-1.088000434,0.002653212987,0.007974985924,-0.003606718921,-0.01511247803,-0.0009488127535,-0.02568554274,0.002207550962,0.01062354517
-1.140556121,0.001010112721,0.01136426621,-0.006429521384,-0.007623464621,0.001986645979,-0.02110639663,0.01630807308,0.007117529768
-1.14019128,-0.001080279712,0.006088107657,-0.004640894005,-0.01390384324,-0.0009529014132,-0.02198660171,0.005735675159,0.007339016863
-1.149123007,-0.002442155067,0.008821727742,-0.004176193888,-0.01995364908,0.0007299471228,-0.0236898091,0.01381722966,0.008569493386
-1.133879405,-0.002831507145,0.005652574394,-0.00578481659,-0.01461517731,0.001325555298,-0.02013123484,0.01053885926,0.009088617459
-1.125721515,-0.00164183637,0.006029814033,-0.006573310475,-0.01570410607,0.001308664127,-0.01999581002,0.003934645672,0.006810992949
-1.097113141,-0.002180168606,0.003441648894,-0.00561622937,-0.01841380345,-2.126712881e-05,-0.02460249459,0.01286737556,0.009045097632
-1.166033734,-0.001682262182,0.004735537639,-0.0089777927,-0.01785046568,-0.001194474235,-0.01930071168,0.004452749867,0.008015723743
-1.096092866,-0.003781326329,0.007552495297,-0.006928962273,-0.01528247872,0.001390356279,-0.02415360156,0.01855928151,0.007696783023
-1.216408581,-0.003801303852,0.003727399973,-0.005600454846,-0.0168313751,-5.13721318e-05,-0.02434484629,0.009537499396,0.007649887032
-1.032567624,-0.004699223139,0.005302228757,-0.006474003621,-0.01603291868,0.001598535123,-0.0214197121,0.01020344366,0.007591676435
-1.218608275,-0.01287035591,-0.003627651984,-0.009366656031,-0.01446925934,-0.000826358523,-0.02462017718,0.007416457056,0.007744469209
-0.8487484068,-0.01238208194,-0.004441118551,-0.006779140387,-0.01433424055,-0.001455244572,-0.02130661343,0.005372040147,0.00660949989
-1.633450836,-0.01166905666,-0.006013004319,-0.005984762518,-0.01525589647,-0.0007497421452,-0.02539439303,0.009348022172,0.008201380504
1.671570348,-0.01120222667,-0.002122433349,-0.009704841023,-0.0147856391,-0.001179419881,-0.02527803054,0.009696742822,0.007777212221
5.742007023,-0.008320957429,0.002723027588,-0.008242758023,-0.01696756976,0.002081855668,-0.0199553978,0.0100181449,0.007737246616
4.912149014,-0.008623138388,0.0009768123578,-0.00634340236,-0.01757439134,-0.001676022772,-0.02395213652,0.01074378103,0.01020409992
5.310038448,-0.006689572421,-0.0004420467215,-0.00748806362,-0.0174452048,-0.001441463138,-0.02013281364,0.01082926051,0.008910611281
5.071776743,-0.002733389209,0.003972414317,-0.0067059359,-0.01516803745,0.003339528447,-0.02188488973,0.006617726275,0.008692150346
5.238843364,-0.001004317429,0.004100921773,-0.007053485488,-0.01435482983,0.001744155948,-0.02073624212,0.008007807989,0.009304988768
5.092625322,-0.0004015427276,0.004041516819,-0.005443215885,-0.01323705131,0.001467726208,-0.02358483463,0.01083442757,0.009140804619
5.196772986,-0.002117407297,0.006459819696,-0.00771515041,-0.01227074602,0.002527004375,-0.02040562176,0.0124954345,0.009870935931
5.144271272,-0.002797076539,0.00706073153,-0.00576489056,-0.01344971604,0.002624375746,-0.02191283843,0.008856887576,0.009170722468
5.223958632,-0.002198026165,0.009102809797,-0.006267695467,-0.01263548732,0.002740651975,-0.0236465679,0.01336945318,0.008977509155
5.119433211,-0.0005143818837,0.007107117368,-0.003791046304,-0.0144028957,0.001694897495,-0.01924988098,0.006146401368,0.009910365004
5.234139103,-0.001078328062,0.00704395304,-0.005116861995,-0.01330437949,0.002390589962,-0.0230087905,0.01169098975,0.008115396917
5.082535168,0.002064159412,0.005470446607,-0.005580156994,-0.01406145594,0.002193525651,-0.02337729782,0.009135676207,0.008506233351
5.294665187,-0.0003328405319,0.00927173165,-0.00440918541,-0.01338133814,2.39580993e-06,-0.01906124678,0.0123510977,0.008367830421
4.979950768,0.002805426524,0.01225283059,-0.005323290939,-0.01427607194,0.003501290904,-0.02127959818,0.01102288784,0.01172918463
5.535406403,0.009948917888,0.0204914392,-0.003378933761,-0.01012639417,0.001442898613,-0.01671908423,0.02051583401,0.01044443604
3.593374579,0.00858956194,0.01398225249,-0.001632441347,-0.0169014025,0.0140238494,-0.02146383351,0.007610657371,0.009170301716
-1.446875099,0.009112404158,0.02048185258,-0.00116700514,-0.01322253825,-0.004527031362,-0.0268188913,-0.01564630609,0.01133104491
-0.931441663,0.006981370409,0.0134720742,-0.004698600419,0.001781509754,-0.003233569059,-0.007054854844,0.04582213636,0.01118724696
-1.277244375,0.007275553557,0.007464393813,-0.004267489176,-0.02357227477,0.0104305942,-0.02519346764,-0.002103806222,0.008929952529
-1.096441666,0.003659169323,0.02194355802,-0.006336827498,-0.01996532906,0.002512080326,-0.03116678055,-0.0007295581717,0.006958015599
-1.194647444,0.002838151419,0.01379628582,-0.001699271696,0.001797131179,0.0004208713445,-0.01286634416,0.0271588799,0.01261010903
-1.133989046,-0.002393535937,0.005444728358,-0.008420371465,-0.01585220279,-0.00226757356,-0.01936317705,0.01498809531,0.007393680584
-1.155375381,0.003920155253,0.004102945224,-0.004944381874,-0.03802724109,0.007942330764,-0.0270333461,-0.005565244056,0.00801583373
-1.133551644,-0.003119322409,0.01515418056,-0.0004540072069,-0.001219687789,0.0004030443407,-0.0207731409,0.004610598474,0.007720452123
-1.144159522,-0.001072192945,0.005678561357,-0.01192496601,-0.002549647355,-0.004555675452,-0.01894002976,0.02278360054,0.01063962252
-1.141893774,-0.002041178843,0.0002562243521,-0.008145780367,-0.03143708777,0.0001690990156,-0.02494493423,0.001387921009,0.007650239797
-1.139688117,-0.001312979705,0.01300873215,-0.0014720131,-0.01891132625,0.003623801169,-0.02328556184,0.01329254022,0.008016328656
-1.166053809,-0.004146970699,0.009022268894,-0.005736686631,-0.0007035285297,-0.001814714857,-0.01931373297,0.01429612705,0.008354603747
-1.117849296,-0.0010100012,0.0002370992352,-0.01408689361,-0.01766554596,0.0006906115389,-0.02345081718,0.00771161703,0.008795817502
-1.112182369,-0.001755820162,0.006826460274,-0.0005584980715,-0.02717831681,0.001714482352,-0.02180162547,-0.001565375133,0.01054122799
-1.129105738,-0.002686432774,0.009500587073,0.001813675414,-0.004617714858,0.0004409312209,-0.02059582844,0.01576417748,0.006846655033
-1.116077253,-0.007457834786,-0.006026397993,-0.01595316769,-0.01275774264,-0.002105548415,-0.02366182811,0.01136933233,0.008899753757
-1.113532717,-0.01410720159,-0.00376439901,-0.01062518589,-0.02726530325,-0.002570934949,-0.02720486245,0.003081902883,0.008805456812
-1.116891917,-0.01407624853,0.002059097817,-0.0007664906571,-0.0168248554,0.0007911942563,-0.01778133653,0.01638285894,0.00875039414
-1.148219723,-0.01377507219,-0.005475245176,-0.01158274708,-0.01175846328,-0.002276027059,-0.02183052828,0.01171200339,0.005183468919
-1.078105474,-0.007619831506,-0.007085693767,-0.01226761264,-0.02193511767,0.0007477376336,-0.02376264616,0.004930447144,0.009136540694
-1.13008209,-0.00781364733,0.00497785745,-0.000295882261,-0.01547962113,-0.0007422888786,-0.02333566817,0.002830803389,0.009482327414
-1.112051879,-0.00821729725,-0.0003696706836,-0.007772972899,-0.01019532414,-0.0004222984925,-0.02109558819,0.01795479848,0.008181652881
-1.169934207,-0.003664501793,-0.001538579061,-0.01236894974,-0.01346803235,0.001077223846,-0.02349748992,0.00712820487,0.008978070051
-1.139039566,-0.002013469849,0.008539336877,-0.004384130104,-0.01802811873,0.0007686376272,-0.02242161006,0.01132819835,0.009890883806
-1.108117793,-0.003552446589,0.007263730027,-0.002504871234,-0.01068032013,0.001297707152,-0.02183705123,0.01308476302,0.00916218732
-1.111590197,-0.002660949786,0.006132280094,-0.01031867511,-0.01260581743,0.002563578045,-0.02039343184,0.01184555002,0.006691274161
-1.106640869,0.001145520332,0.004901235091,-0.005591055146,-0.01952338905,0.002781452955,-0.02171943278,0.007291457251,0.01115259471
-1.079310524,-0.001707742956,0.009127636266,-0.001702132139,-0.01308414573,0.001679844824,-0.02259650077,0.007918406075,0.009801032668
-1.144852754,0.0002320766075,0.006958465803,-0.007093900161,-0.006031763647,0.001047942854,-0.02253327934,0.01565303209,0.007626651998
-1.164804005,-0.0003900472463,0.00696068321,-0.009096347659,-0.01747747975,0.002772547051,-0.0215764274,0.005998655221,0.009740053634
-1.137783714,-0.002669913451,0.0101877436,-0.001286199536,-0.01695375209,0.00300233606,-0.02289220783,0.01802798405,0.009964045757
-1.109336085,-0.001569316289,0.01030046154,-0.003729222219,-0.007970813369,0.002426387749,-0.01975002522,0.007412083311,0.009222794725
-1.1045357,0.0004738977188,0.006102942167,-0.009679976146,-0.01284711034,0.0031066743,-0.02290676988,0.009393930238,0.009745059119
-1.156163078,0.007877920649,0.01655967,0.003794304629,-0.01562711608,0.002753697589,-0.01931804843,0.0044490908,0.01168984754
-1.135010913,0.01152824845,0.01954661327,-0.006067419783,-0.008254976905,0.006804542213,-0.02341913476,0.02129141089,0.01042092209
-1.137303611,0.01026685339,0.01295918193,-0.007438845309,-0.01020619775,-0.001522846453,-0.01389435058,0.008692017631,0.009931112816
-1.132807974,0.008582463188,0.02477946744,0.006239805331,-0.01344673061,0.006749587931,-0.015322156,-0.0004116478853,0.009656161432
-1.100482587,0.00382051214,0.01676760489,-0.001447420206,-0.02041015931,0.005672784216,-0.04341160104,0.0395557761,0.01148254451
-1.105878921,0.005142254903,0.004148510652,-0.01246076937,-0.01949025653,-0.002652228765,-0.00104878165,-0.01891601522,0.003680647467
-1.117496471,0.006176997475,0.01653920181,0.003903511858,-0.000478573194,0.006539419173,-0.01988427361,0.0298606173,0.009849345963
-1.086130983,0.0008868343902,0.009849980102,-0.002537780113,-0.01947023713,-0.002510149647,-0.03292195492,0.004086200227,0.01265906849
-1.155652226,-9.377515773e-05,0.005270317013,-0.01289045698,-0.01546826314,0.004071776058,-0.01247423893,-0.00117642309,0.001978990279
-1.134077195,-0.0005184743067,0.01033478198,-0.00472949713,-0.01544984515,0.00225689527,-0.02883755509,0.02596328273,0.01062417733
-1.144866993,-0.00482191059,0.009179710852,-0.0004566321881,-0.01216065994,-0.001259879052,-0.02258917215,0.0002268287707,0.008633910243
-1.11711442,-0.002919536626,0.003085656747,-0.009113323623,-0.02145280778,0.001174784217,-0.01858763579,0.01045252107,0.007838991942
-1.158480459,-0.002286525781,0.009974323998,-0.005187964489,-0.01230449924,-0.00243541912,-0.02909956334,0.005862555324,0.01087790152
-1.146862034,-0.001728409882,0.005682686778,-0.001761584851,-0.01516590693,0.002301494827,-0.01367066735,0.020706259,0.006750754899
-1.167257561,-0.0005540546184,0.006341280001,-0.007515005329,-0.02028806891,0.001495141887,-0.0249034382,-0.005117673795,0.006663690369
-1.135214221,-0.001840837093,0.0065485201,-0.009218283598,-0.01482166139,-0.001147051346,-0.02546788817,0.01972268258,0.01257851143
-1.141718149,-0.004902553203,0.003141077167,-0.005407480267,-0.012964546,0.000224515972,-0.01572786072,0.009543501251,0.007623557757
-1.114274404,-0.002883315777,0.007429893806,-0.004384016493,-0.01964531246,0.002831724849,-0.02408021775,0.008676944544,0.005748194277
-1.134392928,-0.01069982477,-0.003241368714,-0.009161856484,-0.01672986043,-0.003386007131,-0.02364824819,0.01166366862,0.007687816197
-1.14045137,-0.01198867554,-0.004534637691,-0.009818810193,-0.01010070756,-0.003626092925,-0.02177961391,0.0009022556473,0.008570987904
-1.105490742,-0.01190048711,-0.003923060062,-0.008970559004,-0.02017524414,-0.0003044500395,-0.0264530507,0.01872194257,0.008564339793
-1.119972224,-0.01311437304,-0.003763784617,-0.005633088905,-0.01731011973,9.214291223e-06,-0.02268757484,-0.00427545609,0.005405967299
-1.124502104,-0.007337690809,0.002504542883,-0.008291301867,-0.0149488215,0.0001503448213,-0.01922484829,0.01976901731,0.009211594369
-1.181146557,-0.008846233281,-0.002315135037,-0.009639853007,-0.01216730294,-0.002504834347,-0.02502718555,0.009717171171,0.009809754852
-1.106718239,-0.007053597288,0.001928119581,-0.008546877331,-0.02095989999,0.002400010096,-0.01994100547,0.005491553887,0.007714469474
-1.143655666,-0.005640235013,0.004884322624,-0.002953490217,-0.01288692948,0.002044182033,-0.02334946306,0.01155078637,0.007786762534
-1.110887435,-0.001632572385,0.003533492729,-0.008652500885,-0.01229035643,-0.0008839133871,-0.02067030806,0.009619684868,0.009373992343
-1.129688404,-0.001202864613,0.00538693816,-0.007458167734,-0.01434604649,0.001324293238,-0.02331942248,0.01280404599,0.009562225129
-1.163319638,-0.0009347898546,0.008104453732,-0.005060139257,-0.01721791751,0.00112986305,-0.02200188386,0.006487823859,0.009802537831
-1.128190428,-0.001705378766,0.01026563902,-0.004180806145,-0.009698290054,0.002405648786,-0.02017663659,0.01427776555,0.008379956039
-1.116393529,-0.0003584412451,0.003085476419,-0.006710156119,-0.01459413035,0.000586069583,-0.02139034655,0.009361609292,0.01045835946
-1.114537166,0.0004392376858,0.006735788838,-0.006247786995,-0.01735455447,0.003008687875,-0.02231632689,0.009275742774,0.009817394682
-1.108502017,-0.001279385477,0.007791408368,-0.00499272453,-0.01362047481,0.001910695075,-0.02015996911,0.01142627462,0.008289924562
-1.170346901,-0.0006500559797,0.008289056155,-0.004597677985,-0.01238759346,0.0008892980574,-0.01929575872,0.01252224488,0.008224385334
-1.055085335,0.0007183297201,0.004738020312,-0.006209265328,-0.01427836425,0.004008277365,-0.02324962709,0.009788428723,0.01073522166
-1.171445523,0.002455628498,0.01092019054,-0.003431965604,-0.01536108811,0.00204428482,-0.02049995382,0.008494736301,0.00911276188
-1.013002058,0.009063122612,0.02072703758,-0.001810720067,-0.0103143443,0.00402641925,-0.01913220498,0.01568477175,0.009511574316
-1.172850055,0.007051995354,0.01600908334,-0.002334143227,-0.01383934293,0.002993650484,-0.01828292118,0.01032957366,0.00989202524
-0.9667098206,0.009616514036,0.01492458012,-0.001731929346,-0.01299309457,0.003908211311,-0.01967205304,0.007961729905,0.01016152612
-1.416705326,0.007673484484,0.01594697816,-0.002261959069,-0.009854427184,0.002630432492,-0.01974582841,0.01301604138,0.009479085768
0.2208713036,0.004036047036,0.01399677173,-0.002516146385,-0.01296555629,0.002504272587,-0.02013387492,0.009553097014,0.008567198644
5.393268342,0.005031440355,0.01628486936,-0.002352837475,-0.01796301279,0.00149002535,-0.02121094002,0.009960671718,0.00935983266
5.065821561,0.002517245536,0.01313742264,-0.00406551871,-0.01329531346,0.0002366100476,-0.02222967662,0.007297741569,0.01023803359
5.219149956,0.001191621858,0.008492905976,-0.005286391184,-0.0130279821,0.0007557868518,-0.0204141775,0.01336203374,0.00860533891
5.138611377,-0.0002362964933,0.005797312779,-0.003847865722,-0.01661591065,0.0006624746406,-0.02243448407,0.004267845153,0.008478981231
5.165613161,-0.0002772568459,0.007637082105,-0.007688805701,-0.01570964363,0.0009467599886,-0.02110550213,0.01051752019,0.008054107824
5.17319652,-0.00235307407,0.005527469425,-0.006298804303,-0.01495554208,-0.001990697488,-0.0236627038,0.01614905428,0.007989951361
5.170251897,-0.003336328928,0.006355664461,-0.005785114659,-0.01921068812,0.002853085152,-0.02046298338,0.004483622079,0.007994611489
5.247437968,-0.002868855699,0.00998190521,-0.003879620269,-0.01556161717,0.00193412283,-0.02208394018,0.01456018238,0.006817674467
5.174221374,-0.003230448216,0.004254431105,-0.005217070005,-0.01473605285,-0.001737334623,-0.02198743937,0.005656825277,0.009704506621
5.218661568,-0.001265993822,0.005949724549,-0.00568153584,-0.01553060474,-9.668987463e-06,-0.02195904072,0.01234331463,0.008067232683
5.183130558,-0.001528099768,0.004958227581,-0.00534492237,-0.01653515079,0.0005634466394,-0.02332980974,0.005827094426,0.007864325202
5.157151327,-0.003254266734,0.007462327602,-0.005018143015,-0.01201505536,0.000838263379,-0.02022665283,0.01138022689,0.007774551117
5.153227302,-0.006112633671,0.001023650164,-0.008224482578,-0.01571425253,-0.00119413936,-0.02376845461,0.01376444573,0.008606794821
5.112831759,-0.01443750941,-0.003634289121,-0.009965629216,-0.0213300576,-0.0002576981202,-0.02555620214,0.003844344226,0.00756717242
5.250938714,-0.01226327321,-0.0009852814622,-0.00860054695,-0.01486194278,-0.002269833959,-0.02125281523,0.01459647276,0.007031072827
4.658414133,-0.01240125136,-0.006013610511,-0.007795241001,-0.01511199684,-0.001646523076,-0.02257779912,0.001475216692,0.008892700168
-0.8119300587,-0.00891511496,-0.000726221785,-0.008566594093,-0.01500910149,-0.00471912518,-0.02140786466,0.0237017635,0.00885730861
-1.179791199,-0.007374352327,-0.001772664774,-0.008637887664,-0.02195299116,0.01211167762,-0.02105871993,-0.005427827905,0.007978233786
-1.124045419,-0.01022391361,0.00369998869,-0.004594942722,-0.01538096981,-0.01159670724,-0.03626067306,-0.003270758098,0.01086354189
-1.140058449,-0.005527054451,0.0008892639695,-0.00893548675,-0.001062455589,-0.003292240216,-0.003869848032,0.04504317663,0.01099811472
-1.125331936,-0.003593186658,0.0008548124764,-0.009549691641,-0.02649876368,0.0102005412,-0.02202221742,-0.002900346026,0.006563047033
-1.122478332,-0.003337875949,0.01214604366,-0.006490874161,-0.02307792233,-0.0003872325956,-0.03677592852,0.0002250440244,0.009084159677
-1.126793471,-0.0005996461867,0.0068876527,-0.0005974684181,0.007197186448,-0.0008738969033,-0.01035215328,0.02140279563,0.01182325892
-1.148328933,-0.001727080232,0.004369862934,-0.01327200391,-0.01592624349,-0.002638650373,-0.01903697908,0.01958501643,0.009728149967
-1.143066971,0.002712842799,0.001715022311,-0.001359258417,-0.0369320088,0.009923923549,-0.03142304286,-0.007588660377,0.008488597042
-1.112183881,-0.002605752957,0.01125353606,0.0009542528299,0.001154541635,0.0005918645519,-0.01867468887,0.01092271532,0.007683693867
-1.164293754,0.001500568129,0.008330064198,-0.01495081881,0.00246993968,-0.004659509082,-0.01826703631,0.02037262344,0.01214452298
-1.128315601,-0.003534437986,0.00315918999,-0.009284652099,-0.03111760063,0.003052290907,-0.02304161661,0.008701884644,0.009837683228
-1.145862043,0.002219477267,0.01256992902,0.00159540692,-0.02261791012,0.006225584092,-0.02158852203,0.008413127243,0.008994483023
-1.120235091,-0.002224193449,0.01037732807,-0.004044028278,0.001757312103,0.002386248339,-0.02180602876,0.01275693251,0.009042828243
-1.131644061,0.006775337998,0.008901309523,-0.01334104041,-0.01102536895,0.0009271369701,-0.01933479831,0.009451853034,0.01001033166
-1.181204161,0.01233192028,0.02034684018,0.003959436578,-0.02338166782,0.003594834583,-0.0224680467,0.003115066093,0.0115463569
-1.139345208,0.008758519273,0.01977771283,0.002727978952,-0.006863921629,0.004784041394,-0.01880192549,0.01981754871,0.006893392021
-1.111130892,0.009279463029,0.01396853548,-0.01101319432,-0.005129468526,0.002078452367,-0.02139605687,0.01048138213,0.009691250165
-1.124968046,0.003712838602,0.01483786908,-0.003876067833,-0.02335625743,0.003362380162,-0.02354757704,0.009132249973,0.01123023161
-1.165244324,0.004634023129,0.016870059,0.005721994546,-0.01362601347,0.003124004061,-0.01510798267,0.01160938869,0.00935169278
-1.131602035,0.004624490479,0.01405295351,-0.008911584914,-0.00916441956,0.002146464469,-0.01949807163,0.01465770206,0.006477565659
-1.134213505,0.003018488467,0.005171188432,-0.008584030827,-0.01546512839,0.002191357847,-0.02685804408,0.005261483399,0.0107187375
-1.167829484,0.00184848511,0.01423994797,0.00331911676,-0.01766580718,0.002049796043,-0.01968118562,0.002969921214,0.008445773794
-1.135467981,-0.001086481603,0.009199418429,-0.006572539698,-0.0110041871,-0.0003518190387,-0.02333141921,0.01820303814,0.007841316416
-1.142200271,-0.001685412351,0.001758713883,-0.01275472941,-0.01478966415,3.445899163e-05,-0.02168687744,0.01215562645,0.008745499764
-1.086199694,-0.003379602055,0.006330400869,-0.0004117374527,-0.02038774045,0.001758235581,-0.02335950284,0.008820615767,0.008998770014
-1.119994178,-0.002910044958,0.01054932942,-0.003674505539,-0.01376032012,0.002265590949,-0.0225306549,0.007435379591,0.008047825622
-1.143733603,-0.002756965014,0.005445262532,-0.01164536936,-0.01080381155,0.0002100668617,-0.01815520744,0.01259111636,0.00724914333
-1.126406966,-0.00144934381,0.002137923902,-0.001607916222,-0.01989642439,-0.001711240834,-0.02331333178,0.00845447552,0.01102457975
-1.170103564,-0.003396889867,0.009948294445,-0.002115616209,-0.01838417887,0.001928737777,-0.02415647002,0.007170783333,0.008038738435
-1.107567252,-0.004173796308,0.007745497745,-0.01293024023,-0.009069130399,0.002043064964,-0.02262245333,0.009974439745,0.007126409236
-1.100970079,-0.003017850713,0.0058234994,-0.005856919321,-0.01583523752,-0.001230163662,-0.02094164754,0.01014287801,0.009473920898
-1.145652103,-0.009973182029,-0.002333656939,-0.003546466088,-0.02107756761,-7.073806252e-05,-0.02184153527,0.01172306523,0.007786330449
-1.120711706,-0.01376084425,-0.0009672565017,-0.01135902334,-0.01415554921,-0.001078741999,-0.02601278698,0.004562426692,0.005952049627
-1.126491178,-0.01029600929,-0.005030019972,-0.01310884471,-0.0146191892,0.0004904173452,-0.02447644898,0.008726079738,0.008148472588
-1.10911041,-0.01086880883,-0.007798607769,-0.01062983204,-0.02260199767,-0.003251928464,-0.02140462696,0.005633835944,0.008730669143
-1.149274576,-0.007535114284,0.004384165942,0.002661440136,-0.01241531367,0.002311777642,-0.02651536872,0.0163726045,0.008928959447
-1.120286551,-0.008986093261,-8.573901519e-05,-0.00872166356,-0.01251036291,-0.002613422679,-0.01899415657,0.005940116722,0.007733678948
-1.158759895,-0.007353768096,0.0005335025622,-0.01836425669,-0.01481608527,0.001672414327,-0.02282692764,0.001755220837,0.00912855876
-1.175482636,-0.003761091701,0.007028800846,-0.0002242691025,-0.01864544019,0.003920041399,-0.03104816718,0.02865156257,0.01119890095
-1.148340625,-0.003350152095,0.0007605981863,0.001449548309,-0.01561164372,-0.001442701181,-0.009936118992,-0.009055609154,0.005644860218
-1.115157273,-0.002290047324,0.004118727378,-0.01299775229,-0.006895085096,0.003733224505,-0.02543988653,0.02116090461,0.009909300452
-1.102350486,-0.0006063318615,0.006415737123,-0.01140341398,-0.01428647652,-0.0003941434841,-0.02508459059,0.01020848695,0.01173730097
-1.128829374,0.0001206870344,0.01125102593,0.001335968396,-0.01619884353,0.002556047956,-0.01615389057,0.002856849951,0.006450304548
-1.140918196,-0.00135508798,0.008360986756,-0.00245158267,-0.01535033949,0.004045906017,-0.02670840277,0.02405441455,0.009803454446
-1.155036387,-0.001076125164,0.003217579705,-0.01266843441,-0.01049069106,-0.0004270195827,-0.01934757924,0.001797540473,0.009443126814
-1.149821614,0.00187941731,0.006576927692,-0.004765527706,-0.01597531031,0.002867503523,-0.02159604512,0.01718784182,0.01059504656
-1.126990696,-5.462764209e-05,0.01121338019,0.00223099221,-0.01369626359,0.001138072838,-0.02153620982,0.002936608969,0.00850783381
-1.138102467,0.0005236148918,0.00819759831,-0.008704258349,-0.009248032705,0.003418449354,-0.0177085042,0.01690870873,0.008759191081
-1.125406157,0.0031957447,0.004310037047,-0.009684889565,-0.01651737809,0.001651759351,-0.0242738719,0.008038557519,0.01211032237
-1.103747826,0.009466706876,0.01819152351,0.002391670593,-0.01493213556,0.003554458812,-0.0208281361,0.01294790555,0.01046469255
-1.140238272,0.007630964667,0.02156708176,-0.001276030505,-0.009123604155,0.006338573307,-0.01817096005,0.01204864214,0.008347582982
-1.093968992,0.009489995318,0.01652306059,-0.006994565446,-0.01049921356,0.001398614642,-0.01922690717,0.01060867289,0.009942236575
-1.077588606,0.009357774016,0.01305505282,-0.002242303457,-0.01524404338,0.002798710161,-0.02046377272,0.01315209911,0.01219843297
-1.089111077,0.00461815862,0.01636663836,-0.0001919364025,-0.01118034425,0.003823261115,-0.02332713917,0.003875040002,0.008836261459
-1.152782016,0.003687406953,0.01512899156,-0.005961733356,-0.01247763233,0.002979283141,-0.02010495027,0.01569106447,0.008121661057
-1.103072481,0.003597163516,0.008395232896,-0.002117878261,-0.01731855863,0.0006490639823,-0.02180239534,0.007013379539,0.008573379966
-1.147955137,0.002951389399,0.01188432154,-0.005885292795,-0.01621643388,-0.0003837077106,-0.01825226482,0.01454262422,0.008933230081
-1.113888807,-5.799197056e-05,0.008900917475,-0.008348831421,-0.009824041343,0.001440497589,-0.02270060035,0.005481662412,0.008336233923
-1.09259545,-0.002559564484,0.00670112154,-0.004578336387,-0.01843479621,0.0009416367857,-0.02156884235,0.01076094892,0.007167472264
-1.128715219,-0.001848708025,0.003820903775,-0.005174679775,-0.01831403174,0.000283106408,-0.02033115217,0.008443069642,0.0089659601
-1.130314586,-0.002435753428,0.007584263956,-0.006626957119,-0.01329298987,-0.0003043716422,-0.02322201005,0.008417009119,0.007838108564
-1.127223498,-0.001417897833,0.005116422785,-0.003431513189,-0.01320953081,0.001132571816,-0.02192226123,0.01106215971,0.009243270541
-1.104447962,-0.00262186777,0.005824062721,-0.008486988784,-0.01879310347,-0.0002920497738,-0.02142020466,0.007656257173,0.008006894294
-1.072205771,-0.002808646028,0.006961349422,-0.006184800443,-0.01422023071,0.001060625582,-0.0220547885,0.01487757088,0.008532357364
-1.153886871,-0.003685426,0.004800257175,-0.002186843188,-0.01596630591,-4.115864081e-05,-0.02184668268,0.006903644246,0.007610696135
-1.10162174,-0.002492566472,0.005548151916,-0.007339058251,-0.01645082078,-0.0006740261455,-0.02314112123,0.008698403723,0.008283653513
-1.11787739,-0.005826537133,0.003078938578,-0.008222581424,-0.01652186838,-0.0004413507139,-0.02080855071,0.01112290234,0.007804488904
-1.158003773,-0.0142653936,-0.005525937561,-0.006180465965,-0.0180271878,-0.0005080985986,-0.02205642767,0.008837990437,0.005643572093
-1.099572038,-0.0115604856,-0.004060924164,-0.007747996979,-0.01556404192,-0.001960304235,-0.02411180588,0.009005336922,0.008798410354
-1.160614002,-0.01151526333,-0.002450178313,-0.01125827816,-0.0166211253,-0.003604457032,-0.02292853168,0.006918691853,0.008845867246
-1.012446366,-0.01068680013,-0.001890536327,-0.008037030579,-0.01659548253,0.000390164433,-0.02337384703,0.01088474579,0.00840594268
-1.30454335,-0.007044074019,0.0008454343129,-0.004544339216,-0.01488281056,0.0009058276833,-0.02159595149,0.0086268394,0.006208195447
-0.3721324624,-0.007558924005,-0.001232956183,-0.009235108307,-0.01391727654,0.0008529752184,-0.02188157546,0.009006533007,0.008582014249
5.041048377,-0.006428662944,0.002792934669,-0.007890822588,-0.01417226037,0.0006890659641,-0.02228666983,0.01065526696,0.009612796663
5.168800221,-0.004966738044,0.00342120481,-0.006092733297,-0.01454068086,0.001902397689,-0.02118342057,0.01003001462,0.008108949709
5.250852667,-0.003335609558,0.005498140586,-0.005508356695,-0.01458900607,0.002570227327,-0.02183652129,0.009878606236,0.009003210857
5.201208849,-0.002355142496,0.007490221084,-0.006522489175,-0.01323332168,0.001208577603,-0.02277584304,0.01173599104,0.01026954922
5.239690016,-0.0005545464484,0.007178099539,-0.006404866691,-0.01251346475,0.001812459369,-0.02184182972,0.01106004559,0.009336824584
5.167376928,0.0006597733121,0.00828676701,-0.004888592152,-0.01259117432,0.002387197473,-0.01977441587,0.01277954592,0.008746366231
5.172460514,-0.001664439288,0.007471671057,-0.005814382717,-0.01449747031,0.003301290352,-0.02014935524,0.00826183911,0.01031445474
5.150413067,-0.000633867827,0.006423654863,-0.005742375625,-0.01393134612,0.00165244412,-0.02204478878,0.009309327545,0.01125587232
5.127198754,0.0003190452224,0.005417432209,-0.005808384466,-0.01263751009,0.003306057656,-0.02218020148,0.006664371147,0.009502627234
5.167022873,-0.0003272215897,0.008709932204,-0.006147091084,-0.0134009611,0.0006112221159,-0.01909262401,0.01453761977,0.009100812538
5.1770422,-0.001481448969,0.008450650796,-0.006234095288,-0.01603451851,0.00236117223,-0.02117096092,0.005490935063,0.009268204993
5.166797254,0.00371940148,0.01509637036,-0.003669289497,-0.009497156929,0.001484681135,-0.02024059206,0.01779184822,0.01008852177
5.180282155,0.01327017435,0.01802255972,-0.0007277127164,-0.01122406321,0.005970860857,-0.01767862854,0.01437626505,0.01084484146
5.190009142,0.008063579034,0.01808094953,-0.001173742797,-0.01717815536,0.004974320593,-0.0216030762,0.008272483732,0.008187185399
5.134843545,0.00873315069,0.01792203056,-0.001630253957,-0.01282479778,0.003605482317,-0.02116821562,0.01393402104,0.01088920577
5.055351523,0.004977092173,0.01352887065,-0.003774087187,-0.01269817105,0.001131542658,-0.02135533679,0.007208556008,0.009850487973
-0.3951656407,0.005617196337,0.01237042029,-0.005204593375,-0.01413618847,0.002985592785,-0.01930561649,0.01397124204,0.008800277603
-1.310059884,0.005787745352,0.01411287096,-0.001712672836,-0.01497415628,-0.0002267445122,-0.02471995748,0.003303054655,0.01060818604
-1.029353204,0.001774821328,0.01164376539,-0.006210249753,-0.008715618412,0.003487562546,-0.01335137636,0.03114523983,0.007582112236
-1.209847241,0.001041893076,0.007070427927,-0.005696227013,-0.02362097588,0.00780051712,-0.02917305717,-0.01961061661,0.01036957833
-1.044971419,-0.002568176541,0.01587877938,-0.003487599021,-0.01071123008,-0.01441005592,-0.0344119844,0.01117848418,0.009807537341
-1.117782937,-1.469413963e-05,0.0003752769194,-0.006723814152,-0.001417400407,0.009209689393,0.009096353346,0.04291795141,0.006088847975
-1.106119213,-0.003926921874,0.003016273088,-0.005625180035,-0.03501188528,0.0005070128904,-0.04098504795,-0.02813197994,0.005763016636
-1.13459545,-0.0004204887927,0.01519211368,-0.0075254216,-0.01092961406,0.002334853909,-0.03367858363,0.02242523029,0.01184902581
-1.165001018,-0.003731948305,0.007764071763,-0.0006967451808,0.003499781538,-0.005137639124,-0.00191847617,0.01389101187,0.008270647286
-1.152413458,-0.004885225396,0.0007802881611,-0.01188986409,-0.03270052794,0.00273585247,-0.02821187818,0.01734997432,0.005968206963
-1.134064218,-0.0002072520206,0.001729001557,-0.001146529271,-0.03028561091,0.008156407304,-0.02822979502,-0.004104634974,0.009283796731
-1.122777442,-0.004794737098,0.01396221898,-0.006225060645,0.01048125148,-0.004556360211,-0.01694258766,0.001145236652,0.006410729822
-1.111769292,-0.0005526939035,0.004637394761,-0.01088288276,-0.01140214379,-0.003531737487,-0.02318588585,0.03364917976,0.01141121444
-1.125498633,-0.01191283083,-0.006905479899,-0.007271672793,-0.03773201017,-0.0007852720657,-0.01929151602,-0.01158186917,0.004968349621
-1.129343397,-0.01201094476,0.004016018395,-0.004462646939,-0.01564987623,0.002404181934,-0.02753528327,0.02340073499,0.009965358295
-1.139865741,-0.01333670394,-0.005316628416,-0.01185844982,-0.001881959616,-0.00162745482,-0.02347553567,0.00784890845,0.005897833171
-1.147449559,-0.01157612612,-0.007501475695,-0.01683912076,-0.02521361529,-0.001585752697,-0.02148738405,0.004427526581,0.007152150712
-1.15758112,-0.007001854235,0.0001929797595,0.001450783322,-0.0281428216,-0.000811030904,-0.02906099219,0.007676595677,0.01157828978
-1.138690901,-0.008007746701,0.002040548437,-0.007605386892,0.001271479274,0.0007103362762,-0.01339551048,0.01335010633,0.005196780922
-1.133353284,-0.009740313298,-0.003045682058,-0.01132590694,-0.01130219768,-0.0002877545272,-0.02690888435,0.007207946612,0.009373212441
-1.149107231,-0.004503810736,0.009076263144,-0.00458189859,-0.02357981743,0.0008808517022,-0.02721801766,0.01005239891,0.01243997155
-1.129108615,-0.003873853679,0.008366110554,-0.00977824093,-0.009192055264,0.002909780952,-0.009956596544,0.01559331995,0.006604424769
-1.133182116,-0.003256286091,0.00440870319,-0.007964732094,-0.01082773768,-0.001111748426,-0.02452395711,0.011327365,0.008013002049
-1.136976475,-0.0004082030362,0.002834783287,0.0003836585545,-0.01783908609,0.001880102149,-0.02605767741,0.009527842376,0.01347019788
-1.115127931,0.001040803225,0.01190758608,-0.007563946679,-0.01946054103,0.004561190062,-0.02128547375,-0.001232719616,0.007248666231
-1.121107816,0.0001798508304,0.004713401317,-0.009503799254,-0.00844665295,0.001792221809,-0.02257758443,0.02154352049,0.009163771058
-1.08028753,-0.001442202255,0.002035540909,-0.003466537329,-0.01575758179,0.001031956159,-0.01843638685,0.009260236146,0.009627805633
-1.180439747,0.002481185691,0.008732546101,-0.005077819763,-0.01686642801,0.002443891596,-0.02592972435,0.008338107578,0.01075236489
-1.081023331,-0.002158374224,0.01240316798,-0.01321565215,-0.01062334254,0.002613019254,-0.02325094968,0.01374468521,0.00783434723
-1.122920835,0.0002222485902,0.005345037687,-0.001953161482,-0.01005718359,0.002378952343,-0.0161030679,0.01345112946,0.008349156067
-1.107026658,0.001426651429,0.007401912673,0.001561618595,-0.01918287292,0.001848875687,-0.02504782982,0.006938008715,0.01052923883
-1.133940097,0.009351520302,0.01897804196,-0.005824931692,-0.008169361396,0.004994545587,-0.02324344844,0.005085218446,0.009319184111
-1.148997744,0.008863287061,0.01804978237,-0.002811806844,-0.006196135304,0.003742052802,-0.01629886104,0.01736282844,0.01009309796
-1.133514119,0.008409867584,0.01757446028,0.001787149193,-0.01623093619,0.004084383219,-0.0221668056,0.01263578603,0.009893214251
-1.110549741,0.007872100629,0.02101440638,-0.001122816264,-0.01725698613,0.0053147068,-0.01715447059,0.01204867393,0.01051392436
-1.128575849,0.004162746608,0.01023171408,-0.01390697323,-0.008300307791,0.0008594593848,-0.02135519308,0.009684994375,0.01002596175
-1.145640298,0.007387233011,0.01027526663,0.002407289729,-0.01425010668,-0.0001040809756,-0.02635654169,0.01476511955,0.01113898627
-1.143690506,0.006411947943,0.01592425562,0.006813866413,-0.01809883239,0.006224756387,-0.01533985389,0.003836030461,0.004870640274
-1.159376868,0.001402534657,0.009064963503,-0.01390735183,-0.01292772235,0.003230083014,-0.02443174907,0.01390261644,0.007368734427
-1.082653058,0.000352482729,0.004936395162,-0.01624080727,-0.008712160117,-0.005907098773,-0.02383238,0.01260544739,0.01149627598
-1.171009235,-0.0004896360227,0.009869516924,0.005646088855,-0.01499620093,0.005019856052,-0.01863722961,-0.005065532083,0.005052567862
-1.144413698,-0.004072536027,0.01048724688,-0.001491768931,-0.02422404121,0.003778195125,-0.02915280845,0.02887883273,0.006602078886
-1.164683524,-0.004198917809,-0.0009832623514,-0.01467829807,-0.01291540004,-0.005651795741,-0.01790712444,-0.004707525434,0.009736400487
-1.138492771,-0.0002521065363,0.006702833602,-0.00678646768,-0.009406450888,0.003628050856,-0.01929061705,0.02065557107,0.009163431737
-1.15046363,-0.001610950863,0.009984292717,0.0007456435215,-0.01929474088,0.0007496905905,-0.02765522967,0.0008588241209,0.008869157355
-1.132401378,-0.005304945211,0.006736366572,-0.006534012925,-0.01662575958,0.001389188646,-0.01406539104,0.011741501,0.005702218113
-1.14456839,-0.002402153501,0.001160637332,-0.006637080273,-0.01550881115,0.001876871847,-0.02731070643,0.01918747582,0.01162943348
-1.136109658,-0.001339248549,0.01130939818,-0.005600076746,-0.01634799361,0.0006364400555,-0.02074806629,0.0007352987723,0.006454278266
-1.131650548,-0.004768185169,0.004083898554,-0.006169486974,-0.01499017852,-0.001671346012,-0.02066795121,0.01325268873,0.007734393458
-1.096300169,-0.0133217038,-0.004651764436,-0.009169000797,-0.01418540681,-0.003882900197,-0.02284576949,0.003432677563,0.00868604887
-1.126628275,-0.01058478649,-0.005564121537,-0.008673568563,-0.01614918334,0.001538720252,-0.02149872891,0.0159056224,0.00612908142
-1.142234845,-0.01021479719,-0.004479563087,-0.008459141203,-0.02022188935,0.0002434217655,-0.02530978396,-0.0005819566819,0.00718572243
-1.085047667,-0.01123929272,-0.0001372164205,-0.007523126814,-0.01304363269,-0.001335186626,-0.02233619595,0.01607409081,0.008142578508
-1.138719656,-0.009248197469,-0.003224563022,-0.01072466738,-0.01600456676,-0.0004273045663,-0.02123204419,0.008196682759,0.008990985591
-1.130027012,-0.008198006953,0.002603435648,-0.006465996849,-0.01614477829,0.0009783896114,-0.02201363886,0.01034287285,0.007549137217
-1.061966482,-0.005425922208,0.002353737346,-0.005260092039,-0.01428626242,0.001210338183,-0.02434224143,0.01111425459,0.009782113706
-1.147496964,-0.00393202814,0.004565674439,-0.008539429499,-0.01296581111,-0.0008284552324,-0.02124446938,0.007691449985,0.008897153291
-1.154717059,-0.002700469594,0.004109745786,-0.006418021489,-0.01810944422,0.0002141344883,-0.02067628156,0.01472372555,0.01139468308
-1.162830165,-0.001915604437,0.00319509945,-0.005312895697,-0.01305652541,0.002633418821,-0.02510549998,0.007487300829,0.00834812274
-1.125176189,0.0009554863948,0.008395351457,-0.008157063945,-0.01039709489,0.00287888718,-0.01648318263,0.01092351603,0.008768167354
-1.114387877,-0.00174705938,0.009019862521,-0.005449191207,-0.01226914661,0.001026024477,-0.02240652059,0.01027910776,0.0106941975
-1.114436007,-0.00209648932,0.007154029079,-0.006728234649,-0.01843131982,0.001879122863,-0.02160958087,0.01302301307,0.009384964148
-1.142660779,-0.0001753482394,0.00645419666,-0.004413754642,-0.01401892917,0.00344992581,-0.0261481524,0.00878433507,0.008546854852
-1.116015681,0.0005467533618,0.008335704258,-0.006405271731,-0.01213746546,0.0009381010586,-0.01842274477,0.00761814758,0.00922580741
-1.097785271,0.0008497629532,0.008060973557,-0.006271874827,-0.009608184296,0.0005388797497,-0.01959407076,0.01400528575,0.01131590246
-1.125125334,-0.0005207839569,0.005900707683,-0.008157955359,-0.0164417467,0.003375484106,-0.02272310899,0.01020120709,0.009312829147
-1.135657044,0.003883664515,0.01267971602,-0.002444781424,-0.0134493293,0.003872725425,-0.01974297389,0.008427523921,0.008846563734
-1.13461027,0.01077514169,0.02009453198,-0.002545527348,-0.009471632779,0.003942076754,-0.0190656889,0.01351330094,0.01101779584
-1.115055464,0.008719200047,0.01506699298,-0.0009846395754,-0.01209381251,0.004060242293,-0.02137346896,0.01115457381,0.01176604686
-1.152039354,0.01100395686,0.01613031368,-0.001479337197,-0.01560385549,0.003954631678,-0.01969868413,0.01204858021,0.01034949221
-1.081469232,0.006767856894,0.01740340447,-0.003815182439,-0.01075515444,0.001878857228,-0.02123913376,0.01225248488,0.009279634799
-1.160472018,0.004168088349,0.01423169266,-0.003515624404,-0.01135391127,0.001795911735,-0.02004519071,0.01166702216,0.009043548583
-1.065545694,0.006132685056,0.01361519165,-0.003988171448,-0.0172952837,0.004144250478,-0.0209342705,0.009848253816,0.01024060869
-1.056187632,0.001724318385,0.01106847825,-0.004555088047,-0.01467964918,0.002326797592,-0.02195480663,0.01240073459,0.008368326707
4.224906837,-0.001141414904,0.008381214828,-0.004379165663,-0.01289729242,0.001405518383,-0.0187274795,0.01109538617,0.008447194092
5.449438254,0.0002376000017,0.007504367641,-0.006503765481,-0.0137026787,0.001556944813,-0.02272735442,0.007752023645,0.009099983922
5.006299324,-0.0002783916808,0.00845948512,-0.008739603994,-0.01757101029,-0.0003984216262,-0.02325506569,0.009957764569,0.008904046359
5.228533908,-0.003147390677,0.00542828264,-0.005663274931,-0.01509698229,0.0003815182827,-0.02288700549,0.009807621677,0.007953492386
5.156978308,-0.003191865809,0.005550696393,-0.003055012114,-0.0167466652,0.0003935023783,-0.02387622747,0.01157652288,0.006738559925
5.222247866,-0.001972427914,0.008410651468,-0.007141208509,-0.01476180835,-0.0001698777217,-0.02038189439,0.007474859245,0.007421848116
5.132985075,-0.001789555869,0.00704541055,-0.008519687877,-0.01299014691,0.001719142323,-0.0226685573,0.01106700124,0.009452366287
5.183300461,-0.002771025223,0.006002159337,-0.004403796374,-0.01321507306,0.0008743001008,-0.02210935617,0.01042249609,0.009564887166
5.167437073,-0.003392048042,0.004618502553,-0.004528778595,-0.01561302674,0.002483437333,-0.02012641223,0.006881171727,0.008655504966
5.202494271,-0.002577195839,0.006538465606,-0.006161573643,-0.01592505697,0.001316331387,-0.02415445505,0.01066896918,0.008596408448
5.1214828,-0.007851391504,-0.001601144831,-0.008800429746,-0.01823871527,-0.002330240951,-0.0243085456,0.01117791412,0.008735078486
5.197782005,-0.01305766299,-0.006091730977,-0.008156632713,-0.01856290632,-0.0008925865213,-0.02226853168,0.008599954191,0.006488835512
5.052156516,-0.01057123932,-0.001414657145,-0.009008022348,-0.01509735421,0.0001452306631,-0.0209703098,0.009858228787,0.007410303246
5.288863713,-0.01098663638,-0.004744479253,-0.01013926739,-0.01692346579,-0.0005335160592,-0.0264489561,0.009333781905,0.008115512225
4.964088169,-0.00887937304,-0.001889429026,-0.008557822224,-0.01803958542,0.001104398219,-0.02392287998,0.007415682171,0.00834976337
5.561671561,-0.006801119391,0.0002730245257,-0.006080543012,-0.01544705916,-0.0001514854208,-0.02287512541,0.00951882093,0.008378858093
0.5696450442,-0.008351957718,0.0002503698112,-0.007469638713,-0.01232190019,-0.001424638726,-0.02192035309,0.01211629805,0.008348161918
-1.560629183,-0.003034715913,0.002202781857,-0.009457088017,-0.0137035468,0.001984474079,-0.0217772198,0.009029772879,0.009504942068
-0.9567226362,-0.001929340225,0.006103261074,-0.005916063371,-0.01498439172,0.002285100157,-0.02289462358,0.01288821583,0.009674261949
-1.248163356,-0.003022175469,0.007319622395,-0.004704955496,-0.01441989124,0.0003201380038,-0.02370112227,0.006185817697,0.008887403316
-1.055358279,-0.002608963032,0.006277209159,-0.005874582068,-0.01224613645,0.003269727127,-0.02173042517,0.02246907663,0.009176430574
-1.22506406,0.0003369093005,0.003901334088,-0.005613374707,-0.01813311624,0.008828571995,-0.0117828684,-0.007363090717,0.008770024001
-1.084182938,-0.0007130503648,0.01023942088,0.000114717153,-0.01097152071,-0.01231416344,-0.04662998397,0.0051326571,0.01468280566
-1.143489265,0.0004953319759,0.006820018569,-0.01233125192,-0.003294186148,0.01157796863,0.0002952887951,0.04451909599,0.005535357764
-1.145590644,-0.0006029626466,0.004529191313,-0.006850630504,-0.02771214249,0.001129308889,-0.02059345863,-0.02183791216,0.005187347178
-1.131972944,0.0002478985457,0.01214222598,-0.003384465053,-0.01909061663,0.001395234381,-0.04398492117,0.01919695329,0.01701740709
-1.179804499,-0.0009999991998,0.00839129472,-0.00290940295,0.007834834529,-0.0006073334187,-0.0009653449056,0.02928905531,0.008514119703
-1.102966478,-0.001516420279,0.004481020742,-0.01074989839,-0.02757006853,0.004271926599,-0.02142220398,-0.009810366605,0.005476559692
-1.167576294,0.01186894901,0.01902792644,0.003186674877,-0.02084879286,0.007101813411,-0.03484240232,0.01040937561,0.01286749028
-1.160060831,0.009592319204,0.01667493227,-0.002997814143,0.009514696836,0.001956773646,-0.006693667266,0.0176401379,0.01088929402
-1.137507013,0.01196529771,0.01521941387,-0.006757449599,-0.01402408497,-0.007586878239,-0.03468270225,0.004937348926,0.01070235945
-1.082818882,0.00438286932,0.01893152257,0.0005485664743,-0.0264507028,0.1325025281,0.04375861418,0.1303586984,0.005812852026
-1.144032643,0.005718356762,0.01716383292,-0.004015042211,-0.007874544985,0.05682256373,0.008035339953,0.06815231834,0.009423239137
-1.166948998,0.00436077762,0.008366792324,-0.004359463061,-0.006931380352,0.02598357417,-0.00752733486,0.05199151079,0.0115253686
-1.093887949,0.005027763643,0.01470227864,-0.004056632572,-0.02368459878,0.04041064142,0.002493025576,0.02401801001,0.008605265424
-1.204165593,-0.001345539192,0.01833955778,-0.003284638136,-0.01645085982,0.03114989864,-0.01444955029,0.04583375079,0.009116190903
-1.122111595,0.001375873361,0.002937149979,-0.007043795565,-0.007903158613,0.0238766041,-0.001773348413,0.0371167549,0.007062661384
-1.190391208,0.0005404717267,0.006392724881,-0.002141929527,-0.01492780117,0.02837097788,-0.01495839357,0.03724246443,0.00869860386
-1.120997064,-0.0005621772872,0.01059699489,-0.004958346273,-0.02278747734,0.02685493812,-0.01430225886,0.02844499436,0.008615637836
-1.127562324,-0.004711110895,0.006008399677,-0.009678876398,-0.006157317984,0.02321998442,0.0003114566078,0.03803934405,0.005691339227
-1.147704136,-0.0005201902077,0.005467811819,-0.007222978561,-0.01730099777,0.02191429156,-0.01595642783,0.04138247285,0.0115630381
-1.161163491,-0.002157439094,0.005177437616,-0.002823752518,-0.02220188268,0.0225134483,-0.01593344711,0.0185851717,0.008930674367
-1.105758602,-0.002573638297,0.009762422533,-0.007019570218,-0.01207434401,0.02016597499,-0.008351533307,0.02739184285,0.006262346673
-1.118282173,-0.004192816737,0.002295399047,-0.005830777252,-0.006593701975,0.01439050779,-0.01777435298,0.03428570553,0.009345953812
-1.113589044,-0.002851338597,0.004555642103,-0.006873143854,-0.02369933502,0.01895063606,-0.009017121241,0.02478755935,0.008129326473
-1.124732466,-0.004114973189,0.007294773578,-0.004444259163,-0.01733090024,0.01834299036,-0.01832971437,0.01880056095,0.007391725701
-1.107349911,-0.01360324537,-0.003289614454,-0.01201894662,-0.01186818002,0.01181962167,-0.01419888744,0.03281328768,0.007182816729
-1.143449704,-0.0136045114,-0.007517767911,-0.007402394593,-0.01690639257,0.01329438027,-0.01569894076,0.02257731776,0.007638990628
-1.154643021,-0.01075047611,-0.00103402006,-0.006567756472,-0.02541610346,0.01363110491,-0.01827543983,0.01783730355,0.00801969415
-1.164157828,-0.01148556058,-0.0007666296914,-0.007631894343,-0.009154180331,0.012134718,-0.01562294797,0.02505900884,0.007044566653
-1.137976531,-0.005991608382,-0.001177898968,-0.008004942587,-0.008697596006,0.01082229406,-0.01749993305,0.01600216419,0.008349175007
-1.122813848,-0.008142900871,0.0003241450546,-0.009681259307,-0.0232798316,0.01176140367,-0.01703133381,0.02268740626,0.009679348838
-1.149039441,-0.008496391797,-0.001374843735,-0.00894749526,-0.01521655463,0.009407853437,-0.01606868291,0.01787666264,0.009227475888
-1.14335748,-0.003559586373,0.006769126429,-0.0004992949172,-0.00858548682,0.01142517383,-0.01964557002,0.02317142229,0.009203531416
-1.169704155,-9.241525895e-05,0.00182259001,-0.009309209218,-0.01900714648,0.01081645294,-0.01555127082,0.01990535837,0.008188193876
-1.091118484,-0.001394412007,0.004567751406,-0.01391305955,-0.01847288124,0.009162672683,-0.0155740778,0.01534355344,0.009007898781
-1.118930319,1.156456125e-05,0.01125337011,-0.001556270075,-0.006229553005,0.01355251618,-0.01573935314,0.02471060504,0.01024065641
-1.097452389,-0.001828974516,0.006427957526,-0.001316623164,-0.01445677257,0.007954254543,-0.02013965222,0.01749801632,0.008759839629
-1.16527451,-0.0001053775408,0.003985023751,-0.008631098627,-0.02044080638,0.00697169124,-0.0181487594,0.003193565636,0.00964132677
-1.134792906,-0.001327206065,0.01168181172,-0.005194007333,-0.007268776875,0.01324925781,-0.02230385408,0.03460359634,0.01035685313
-1.104300241,-0.0008516774018,0.002181003145,-0.004195735475,-0.01485997599,0.005852923429,-0.01635302029,0.009125010422,0.01023043688
-1.116954338,0.0005305241472,0.007923275472,-0.005960672791,-0.01539080026,0.009024826694,-0.01603941292,0.01151810527,0.008020776426
-1.112353262,-0.001849696476,0.01090935303,-0.009722780265,-0.0111728451,0.007880839003,-0.0229787742,0.02513696795,0.01199119792
-1.127755019,0.00340008529,0.009633428327,-0.004340446624,-0.01239424067,0.007438187734,-0.01491930047,0.007623659232,0.008200063138
-1.098564237,0.01205451156,0.01865040406,0.0003066418916,-0.01702878875,0.01052345168,-0.02017774482,0.0240374832,0.01133342321
-1.076058745,0.01041631297,0.01959678134,-0.00479287926,-0.01282308009,0.007710368131,-0.01764683243,0.008389468904,0.0108543011
-1.137170541,0.008716638637,0.01683698548,-0.00523613355,-0.007418566001,0.00751935056,-0.01585137813,0.02091895735,0.009556003432
-1.076442264,0.007221122117,0.01356606974,0.001145320967,-0.01705489129,0.006121783805,-0.02143945024,0.01140165762,0.01061851703
-1.120992051,0.004830130893,0.01789146316,-0.00273701688,-0.01582870229,0.008059916745,-0.01775602719,0.0176571327,0.005454890821
-1.10509682,0.004779906977,0.01080099265,-0.006627020198,-0.01387924947,0.00661335951,-0.02026806243,0.01537670372,0.009440865278
-1.116280382,0.001127904166,0.01062534215,-0.001110590592,-0.01202992338,0.004753740731,-0.01973920329,0.01422132637,0.008169820027
-1.143256851,0.0005487081741,0.008958327239,-0.001989734101,-0.01762028616,0.005501166012,-0.01885359155,0.01023917161,0.007008591281
-1.12177333,-0.001061643897,0.01033102269,-0.008815124038,-0.01392402982,0.004056569552,-0.01943962289,0.0106297175,0.00665202902
-1.11122738,-0.0001800173831,0.006411034118,-0.005362552122,-0.01455459459,0.002081566701,-0.02087082216,0.01663434379,0.008805648442
-1.105346229,-0.002423065883,0.008498775737,-0.002188346432,-0.01967260437,0.002569479208,-0.02330803238,0.007622422908,0.008683344213
-1.113686279,-0.002520845577,0.008246786178,-0.008555325726,-0.01748271063,0.002978293617,-0.02114021069,0.0151860505,0.007264399275
-1.131068177,-0.001576282848,0.004660616198,-0.007456036316,-0.01305565763,0.001489201727,-0.01918138064,0.01182111975,0.008222699096
-1.135197995,-0.001385274593,0.003950579988,-0.004525187681,-0.01475394714,0.003438867745,-0.01798843566,0.01589678973,0.009353501734
-1.108692891,-0.00116507235,0.007478628056,-0.006216059108,-0.01618694796,0.003111226613,-0.02206979414,0.007653216753,0.008608749938
-1.152095685,-0.004999596529,0.005068044059,-0.009151448509,-0.01625699009,0.003556106871,-0.02414988176,0.00872282137,0.006991593484
-1.089446291,-0.001671332088,0.002938835625,-0.002553107171,-0.01501279056,0.001472728168,-0.0201332234,0.01467005922,0.008320874608
-1.141574259,-0.007291795688,0.002310370879,-0.005894654621,-0.01687088361,0.001109329209,-0.02043515955,0.01013298589,0.008244012295
-1.058040248,-0.01488897151,-0.003257859703,-0.01340922866,-0.0157962233,-0.0003022599258,-0.0242414455,0.01058722204,0.008747257357
-1.115896973,-0.01340774195,-0.001673226072,-0.01176338444,-0.01467146832,0.0002103414479,-0.02261442032,0.008993590079,0.007776035434
-1.063952917,-0.01281871409,-0.003132099183,-0.00439281487,-0.0192858124,0.001622733405,-0.02172471753,0.01194382785,0.006626169406
-1.185909978,-0.008661533439,-0.002302039376,-0.007190292125,-0.016356304,-0.000220923256,-0.02006310496,0.01001379743,0.009042898945
-1.04393482,-0.007263883672,-0.0005625322854,-0.009953454856,-0.01342575505,0.00110012521,-0.02344907054,0.01048168413,0.009965465091
-1.236284722,-0.007745698815,-5.085154185e-05,-0.005935674192,-0.01518101757,0.001483582065,-0.02256327218,0.01318597387,0.007969878853
-0.905923029,-0.004433490612,0.005257925278,-0.006139286207,-0.0171771066,0.00251494974,-0.01997862752,0.01045872914,0.008632973274
-1.437636501,-0.003839151522,0.004292314942,-0.009708321388,-0.01526849987,0.00329188918,-0.02356787208,0.01146799149,0.008254289991
3.587435387,-0.001930921658,0.003915541224,-0.006969714399,-0.01354981093,0.001257363021,-0.02183499221,0.01099054072,0.01062096447
5.602866179,-0.001408409108,0.005399464563,-0.004939694969,-0.01442949926,0.002519537656,-0.02215762174,0.01134092344,0.008418140686
4.944505464,-0.0002081965108,0.008665989179,-0.007045164314,-0.01287083622,0.002750808692,-0.01900221359,0.01003441456,0.007738201654
5.288218063,7.667543098e-05,0.007927135545,-0.00661828739,-0.01235860796,0.001948569377,-0.02077807928,0.01116100342,0.009893969825
5.088733182,-0.002720735563,0.008084090613,-0.006027540942,-0.01435009215,0.003578667086,-0.02122390063,0.01248140087,0.01112159412
5.249652752,-0.001986902458,0.008547424787,-0.004401649185,-0.0154539166,0.002037668116,-0.0211547587,0.01181686612,0.008634007454
5.159427555,-0.002084765682,0.007080179068,-0.004491878003,-0.01286822131,0.001742018714,-0.02195652348,0.0104659767,0.008786914434
5.19803386,0.001122233815,0.006183317966,-0.006068357271,-0.01389980338,0.001460003186,-0.02057991467,0.01297586627,0.01093534731
5.15289182,0.001441884284,0.008458928859,-0.006710774258,-0.01398142943,0.003212757546,-0.02219436895,0.01121754537,0.009746823792
5.201060793,0.007389795448,0.01644961904,-0.004325280955,-0.01144655826,0.005688974684,-0.01876038867,0.01080742882,0.01073859437
5.135805764,0.00968423638,0.01817657132,-0.002883012656,-0.01060586841,0.003434619612,-0.01848985444,0.01308723111,0.009805796751
5.210056236,0.008342978398,0.01520708577,-0.003887611414,-0.01394899187,0.004067692016,-0.02124547092,0.01331786932,0.01022243101
5.058600421,0.009186030131,0.01834641715,-0.001519385202,-0.012448924,0.004208587134,-0.02029043739,0.01002873097,0.009306634591
5.299991366,0.005969455499,0.01555585856,-0.004420437019,-0.011575114,0.002356190037,-0.02079031972,0.01090760873,0.009004280611
4.892693507,0.005368913272,0.01324245163,-0.003579428414,-0.01331791359,0.001565401666,-0.02043337884,0.01106851162,0.008452739221
5.617293074,0.004800844165,0.01305946816,-0.00212266743,-0.01566568189,0.00218156514,-0.02286653521,0.009927780333,0.009010010812
1.173308635,0.001265627616,0.01080448441,-0.005224942183,-0.01523221589,0.003541832249,-0.02295570112,0.01108956222,0.008194583582
-1.647467294,-5.816377885e-05,0.009264519579,-0.004331492814,-0.0152725642,0.00108392767,-0.02197048101,0.009177988114,0.007520985116
-0.9222899177,-0.001918007807,0.00916933377,-0.005176058131,-0.01608384649,0.001155079316,-0.02109916275,0.01234681722,0.008604233597
-1.242510463,-0.001843039843,0.006866283421,-0.006298211487,-0.01440806888,-0.0002350936752,-0.02180872902,0.00954538698,0.008272394672
-1.029443907,-0.003226665034,0.005476852644,-0.006510331526,-0.01466544069,0.00098573097,-0.02065089709,0.01099477198,0.007322221662
-1.223321048,-0.00240626606,0.006955494944,-0.005554424125,-0.01508394838,-0.0003017498615,-0.02709456769,0.005227474634,0.008980441987
-1.112309931,-0.00151355331,0.00791301559,-0.00518084889,-0.01581740432,0.001609510018,-0.02006626716,0.01827408489,0.007535921572
-1.141281754,-0.002806777449,0.002044889384,-0.006513317568,-0.0170086701,0.003936009997,-0.01049526448,-0.002279198813,0.006980547316
-1.101458599,-0.003043101961,0.00970525472,-0.002400623843,-0.01558147987,-0.009583804767,-0.05250654505,0.007741629279,0.01449320423
-1.145604783,-0.001459996368,0.00558885958,-0.01071946756,-0.004607517769,0.009166095068,0.007443890544,0.03564257041,0.002655543358
-1.174453933,-0.003741728076,0.004469611016,-0.004551375115,-0.02887861755,0.0004014686154,-0.02959407426,-0.0184555043,0.005802887436
-1.135924044,-0.01019078866,0.0005004194323,-0.01028484678,-0.01989638289,-0.001860597635,-0.03766168021,0.02373943104,0.01241999111
-1.146609546,-0.01256333971,-0.006257690786,-0.004042525935,0.001764410518,-0.003233428251,-0.004045286946,0.008319343153,0.005228147784
-1.150022965,-0.01125746919,-0.002567707733,-0.01357713296,-0.02941466293,0.001886839314,-0.03305944044,0.01011314436,0.004135120098
-1.125567808,-0.0115427702,-0.006267371488,-0.005896040247,-0.02498848157,0.0001911738718,-0.02592472289,0.005232963349,0.009990363644
-1.196642194,-0.01020869072,0.002745027185,-0.009202490979,0.001370183197,-0.002969175711,-0.01493896717,0.004714268062,0.008580740395
-1.127066966,-0.007228886212,0.0004890132129,-0.008806463712,-0.01534683371,-0.0005271928381,-0.03245888682,0.02635329634,0.01205696171
-1.151345648,-0.01115193422,-0.003639930977,-0.006896381251,-0.02806419848,-0.0004602133827,-0.01469794444,-0.007736246688,0.003084509387
-1.126804247,-0.001296801111,0.009772847847,-0.005949954134,-0.009236346293,0.004370808124,-0.02568714398,0.02263530952,0.01069415436
-1.116755101,-0.002434075271,0.002643810974,-0.007004483359,-0.005159703801,-0.003008536569,-0.02290439826,0.008059519836,0.01149322828
-1.151497584,-0.003206460387,0.005041930284,-0.01022644153,-0.01940959412,0.002459188222,-0.01868000536,0.00483641346,0.007372775521
-1.094978608,-0.0005171056737,0.009282705023,-0.003496601203,-0.01920322188,0.004714826406,-0.0250483483,0.01300528319,0.01031167629
-1.141604124,-0.0003294938049,0.007992179689,-0.006785137203,-0.003752691824,0.002028582915,-0.01767501974,0.01100401122,0.006952167771
-1.107964036,-0.0007074060322,0.005050691026,-0.00589377109,-0.01421276221,0.003824590631,-0.02864070914,0.01339638199,0.01252262416
-1.077851449,-0.0008412663566,0.00957790513,-0.006241001997,-0.02128328164,-0.001885676699,-0.02079275326,0.004459913799,0.0098496299
-1.095850965,-0.002192406596,0.009530569972,-0.006124958138,-0.006236409315,0.003345485349,-0.01222333543,0.01759900504,0.005887091234
-1.150883156,0.0008051488644,0.006102011404,-0.005524056255,-0.01195117067,0.003052093511,-0.02815261013,0.0102644881,0.01084909341
-1.129185742,-0.0003778793897,0.004642484469,-0.005421733559,-0.01898521486,0.0008299986832,-0.02119489576,0.005440121688,0.01055360583
-1.125563235,0.001984542019,0.01221422393,-0.00474971639,-0.01117106699,0.001471156884,-0.01947905411,0.01160490576,0.009359073475
-1.108661223,0.009829484283,0.01765032653,-0.00225671403,-0.00959661173,0.003835266186,-0.02331052986,0.02041794859,0.008800879123
-1.147676781,0.009180086199,0.01694739595,-0.005373928028,-0.01545040151,0.005824928999,-0.01740226888,0.006103598413,0.009136561451
-1.120306941,0.009795227912,0.01950034166,-0.001591821185,-0.01283369487,0.002386922508,-0.02397453938,0.01114468152,0.01174085277
-1.132963236,0.006953613145,0.01590054769,-0.001499213417,-0.008439760063,0.003360284143,-0.01884249935,0.01794571552,0.008440047275
-1.185319033,0.005320223898,0.009678575771,-0.006660384338,-0.01586780959,0.004305125107,-0.01903475718,0.005520089199,0.006951912234
-1.128646406,0.007099598331,0.01688586836,-0.0001256020227,-0.01889031387,0.001900070088,-0.02301898719,0.01193944987,0.01005724427
-1.163627689,0.002760908889,0.01385295768,-0.003253402214,-0.00687881031,0.001183972656,-0.02032020494,0.01094055551,0.009442341516
-1.132212117,-0.0002117155449,0.006050004612,-0.01543152875,-0.01289343527,0.001668301211,-0.0218495774,0.01016304571,0.009161548802
-1.108629905,-0.001462156615,0.009463133693,0.002009107581,-0.0189691802,0.001189256531,-0.02371786036,0.00731951666,0.008692571119
-1.119052531,-0.001449775693,0.0123784664,0.000716263589,-0.01451983107,0.0005937246083,-0.02018837348,0.01086908852,0.008221169271
-1.141046336,-0.004185350377,0.003387156656,-0.01573874542,-0.01375763232,-0.001827427282,-0.02643247695,0.008516699502,0.007752699894
-1.101573682,-0.001556505757,0.004733057919,-0.007695941755,-0.01714401075,0.0004394753682,-0.02011725142,0.01014157404,0.009010602424
-1.07754316,-0.002139950657,0.008356930888,0.005895045894,-0.01700093814,0.001285862737,-0.02054508448,0.00814392092,0.008174009636
-1.166546956,-0.003183405837,0.006401315235,-0.01107279579,-0.01317736283,0.00127684827,-0.02434803239,0.01767501433,0.007509275986
-1.141441852,-0.001641909206,0.002781479348,-0.01228467726,-0.01663227205,-0.005372103976,-0.02213517263,0.003557566018,0.009365102571
-1.096757858,-0.004175495666,0.009962814033,-0.0004317907531,-0.01743239052,0.002993656907,-0.02191692464,-0.0001974086103,0.007698625183
-1.118789109,-0.003756085647,0.006293785206,-0.001730362267,-0.0146474712,0.002008184198,-0.02729070654,0.03033629075,0.007132760351
-1.15756588,-0.005751043612,-0.005236150899,-0.01523382988,-0.01812281507,-0.004405753111,-0.01685834134,-0.0103141122,0.007580632777
-1.133123947,-0.01323991151,-0.000771257925,-0.01073279705,-0.01295085648,0.00214557354,-0.02507716695,0.02510675228,0.007343495681
-1.164776792,-0.01180822995,-0.001528494053,-0.003292480189,-0.01772422525,-0.003964969065,-0.02459727143,-0.00127406343,0.007711175195
-1.078845167,-0.01309142681,-0.001981984136,-0.01161201211,-0.01737208607,-0.001154496408,-0.02100113261,0.01394574119,0.005243835113
-1.095214292,-0.008970159209,-0.004405792345,-0.009238863286,-0.01997504387,-0.0006146561484,-0.02581654895,0.01477077677,0.01109499195
-1.098874439,-0.007742433943,0.003236761733,-0.004909655203,-0.01479561031,-0.0002904423706,-0.01998901715,0.001877106346,0.006012382237
-1.140041031,-0.008210650753,-0.000899800607,-0.008654467282,-0.01462992711,-0.001400155606,-0.02291370919,0.01469811005,0.007936094623
-1.121710016,-0.005896372697,0.002119055541,-0.009184386368,-0.01323134471,-0.002041393212,-0.02368768042,-0.001421177864,0.009393400452
-1.099141893,-0.003408580107,0.003692395499,-0.006950139743,-0.01483226338,0.001371069183,-0.01889228281,0.02160552749,0.009182155403
-1.143720629,-0.003031773962,0.0007229084493,-0.004536102603,-0.0130452236,0.001454773187,-0.02376331753,-0.003253700486,0.007393116751
-1.104653196,-0.002629736719,0.009688543578,-0.006995138101,-0.01123597293,0.000534471585,-0.02314721375,0.02439601917,0.008444423134
-1.115294229,-0.0012112604,0.006857743178,-0.007000587239,-0.01611048707,0.002010736693,-0.0162511863,0.008934181837,0.01007905706
-1.126449464,-0.001135605516,0.01189026354,-0.005625019482,-0.01710000634,0.002531147113,-0.02280766196,0.01199139644,0.008417658612
-1.126858876,-0.0003611518971,0.005969012827,-0.004694944796,-0.01631908708,0.003269690557,-0.02420149206,0.01182259976,0.009930235132
-1.126299934,-0.0005657973902,0.006447593181,-0.003703011996,-0.01538473634,0.0001453619983,-0.01954327168,0.001817011357,0.00888166339
-1.096334345,-0.0008472588996,0.00709113919,-0.004656763331,-0.01715159509,0.0008780982686,-0.02296179054,0.01793465651,0.01004365939
-1.111975962,0.0004155900385,0.007447678468,-0.004852641928,-0.01174742768,0.0009499575836,-0.02113241625,0.003716842351,0.009144964099
-1.109541458,6.287521122e-05,0.00945397318,-0.009545119603,-0.008127899966,0.00183644526,-0.01810724564,0.01940916227,0.008031213105
-1.131896709,0.004868406879,0.01726877792,-0.003454914689,-0.01287054664,0.0038214148,-0.02321642609,0.01188126925,0.01220520106
-1.16956736,0.00897261106,0.02042232739,-0.00153650933,-0.01481666976,0.007412418848,-0.01811340379,0.0100609917,0.008290120921
-1.06486644,0.009738603158,0.0150427496,-0.0006412421571,-0.00939812232,0.003361072153,-0.02158629634,0.009239863064,0.01016180057
-1.133992409,0.009697785287,0.01689593906,-0.001099987958,-0.01004277145,0.0007413652517,-0.01956652551,0.0100845375,0.01098431347
-1.073697224,0.005229201867,0.01462612198,-0.004056913126,-0.01232929964,0.002839506476,-0.02042769198,0.01156817248,0.009279859853
-1.175489532,0.005019517709,0.0143626363,-0.005132036531,-0.01518462001,0.003596498506,-0.02217975537,0.01028433754,0.009846139866
-1.000255736,0.004205350418,0.0151366197,-0.002176007062,-0.015679506,0.002136890453,-0.02063394949,0.01617471506,0.008672012714
-1.259821564,-0.0002393046712,0.01182366772,-0.005341920133,-0.01720559268,0.0001243300098,-0.01990752969,0.01024205117,0.008683113872
-0.8558200299,-0.0003625838125,0.0072170154,-0.005529370328,-0.01637543059,0.001996701331,-0.02371877089,0.008957751313,0.007425449852
-1.636888958,0.0006138003958,0.007483541488,-0.005955836636,-0.01157987966,0.000316372586,-0.01869285258,0.008105501069,0.007991724217
2.524466942,0.0002607077986,0.005691669365,-0.006833451418,-0.01216872307,-0.0009879599139,-0.02236862281,0.007645417069,0.008776184657
5.735708654,-0.004190991249,0.00784117128,-0.00548737246,-0.01562504706,-0.0005293611386,-0.02750517811,0.01216001075,0.008822871799
4.903912693,-0.003311081217,0.005975893215,-0.005620674764,-0.01806548384,0.0005781706881,-0.02129066055,0.01041127165,0.008040173767
5.370749542,-0.003024721602,0.008006431525,-0.006843139025,-0.01499829735,-0.0002562551751,-0.02310782907,0.01283442448,0.008170819605
5.106382592,-0.002432707472,0.006639126033,-0.006377200615,-0.01544792227,-6.556542544e-05,-0.02069248225,0.01238456378,0.007958697552
5.276601176,-0.0007430876966,0.004871166808,-0.004853163514,-0.01688296094,0.001309395796,-0.02010744145,0.002966242139,0.007807462547
5.118563869,-0.002644248483,0.005563481128,-0.006025665607,-0.01450014909,3.92345387e-05,-0.02088622096,0.009946224866,0.007785223309
5.218803167,-0.002720674736,0.003998933772,-0.005105040194,-0.01462052927,-0.0002257656097,-0.02369179791,0.009544648077,0.00837756964
5.204939638,-0.01155163158,-0.001103437671,-0.007521321889,-0.01644164058,-0.0003511465283,-0.02251463335,0.009743848017,0.007487666177
5.219010912,-0.01426557044,-0.003853029643,-0.009115955826,-0.01629099152,-0.001979644972,-0.02346429454,0.01071178109,0.007478338699
5.131246063,-0.01254769376,-0.0007761304483,-0.01139449368,-0.01523996916,-0.002062620487,-0.02274724147,0.009699570068,0.006655086415
5.207353004,-0.01202641681,-0.003673364368,-0.009072624097,-0.01712797022,-0.0006428051947,-0.0224916515,0.007611521477,0.008771501168
5.024088886,-0.007334180485,-7.614899692e-05,-0.007416038176,-0.01718546846,0.001575134202,-0.02325863307,0.003730959011,0.008696251869
5.297552253,-0.006533780618,-0.002232591658,-0.009270472725,-0.01518342409,0.0005130382012,-0.0247044538,0.009501322263,0.008215127811
4.88913096,-0.005202530495,-0.000130351145,-0.008194651591,-0.01637570819,-0.001376203342,-0.02195400295,0.0109850666,0.01004495011
5.680914887,-0.003605172367,0.005407561355,-0.0054030579,-0.01346031799,0.001915450473,-0.02192002217,0.01099176132,0.009926909521
2.568835291,-0.003010542405,0.006483755738,-0.007331936218,-0.01434005062,0.001399053162,-0.02290146569,0.01349386264,0.00770766401
-1.629141418,-0.002964963408,0.00541506715,-0.007813731496,-0.01447872034,0.001702260565,-0.02259281632,0.009671118188,0.008708510128
-0.8340701773,-0.001757674775,0.006569634306,-0.007702561225,-0.01535326872,0.002291678474,-0.02254374725,0.008913046527,0.009163511795
-1.285969929,-0.0004208265746,0.007727604765,-0.0006102127256,-0.01205796398,0.001558028449,-0.02024130419,0.006819138295,0.008891706388
-1.056910155,-0.0003671637543,0.005978837434,-0.005426296024,-0.01222308364,0.002299190259,-0.02114252118,0.01174118435,0.008533391959
-1.243491094,-0.0004788188305,0.008256378991,-0.009700064197,-0.01171511647,0.00308114881,-0.02096818538,0.01163807252,0.009416657246
-1.088898837,-0.001360040548,0.00975752187,-0.005123507276,-0.01397848851,0.002960737468,-0.02261279061,0.009939926182,0.01000564721
-1.140967537,-0.002516125302,0.009749699069,-0.004087966912,-0.01412147246,0.001501089247,-0.0214263689,0.01211201388,0.008682554755
-1.128537469,-0.001161245619,0.006911342966,-0.003638377291,-0.01524584278,-0.0001347169237,-0.02915108822,0.01491846549,0.009523061981
-1.159683939,0.00220614081,0.006896958462,-0.007981044076,-0.01419874901,0.008609495513,-0.0006035615594,0.005986330666,0.006498588932
-1.151423165,0.01176095369,0.01881239947,0.002986591884,-0.01136353882,-0.002114599456,-0.0454947559,-0.002090533097,0.0151047177
-1.121924245,0.01156372726,0.01905778492,-0.004570853418,-0.005638071518,0.006750337709,-0.01621628354,0.03744278727,0.009094237405
-1.139523695,0.008522913511,0.01225630838,-0.00534897338,-0.01412827611,0.007404009424,-0.001453182462,-0.004067166041,0.005206950018
-1.121446102,0.005489879257,0.02197524206,-0.001174678302,-0.02478281843,0.002449353525,-0.04777321774,0.01872265912,0.01565847061
-1.123877452,0.005074181274,0.01205766737,-0.003975983177,0.001914924748,0.002099986476,-0.003503684848,0.01404801745,0.009046734317
-1.097795716,0.005852668661,0.01458183075,-0.00557651834,-0.01505432629,0.002039012038,-0.02150165814,0.006142653379,0.006191439954
-1.133401291,0.00557566518,0.01196775561,-0.001370958151,-0.02740165047,0.005148528173,-0.02887359272,0.01487956476,0.01059926913
-1.159842518,-0.0001051019191,0.007943730324,-0.002128585427,-0.004404565142,-0.000605540825,-0.01429136511,-0.005024441459,0.007284409833
-1.123206966,0.001673948102,0.01106789575,-0.01065105838,-0.009588478174,-0.000484404428,-0.02992339962,0.02511002548,0.01084219236
-1.113759825,-0.0036924279,0.00399828839,-0.001843549843,-0.02370472537,-0.001480667434,-0.0220558938,0.003986023076,0.006143059032
-1.157164289,-0.003672078305,0.01096070249,-0.006473777278,-0.02038692492,0.006018014664,-0.01805369786,0.01314702154,0.004341906779
-1.122834512,-0.002932681003,0.007863113307,-0.007439302813,-0.00775398531,-0.001405037151,-0.02794648095,0.01091495892,0.009533145532
-1.169867867,-0.001210965819,0.003574865676,-0.009383564206,-0.01632718617,-0.001672206705,-0.01603175068,0.006198506994,0.008053568769
-1.110532421,-0.002064193757,0.007208513428,-0.0005889458172,-0.02041246194,0.002526196669,-0.02566289737,0.007327221377,0.01036712986
-1.179559935,-0.001757982413,0.007018281041,-0.007240978614,-0.01241221737,-0.001177452647,-0.02129620142,0.008414672359,0.006034630675
-1.139565958,-0.003532711008,0.004611591357,-0.01053200833,-0.01127630386,4.777896924e-05,-0.02371196931,0.01418458283,0.01065497171
-1.108355481,-0.001470791941,0.007945859861,-0.004245801384,-0.0234590637,-0.0006655056772,-0.02885135555,0.008511425286,0.01082859848
-1.093802443,-0.007020183219,0.006220454538,-0.005945453261,-0.01494985285,0.001661980559,-0.009728775998,0.009951837791,0.00429668332
-1.098663972,-0.01411861205,-0.004824561017,-0.00859298015,-0.01240493565,-0.0008376799476,-0.02692029476,0.01084783528,0.007707381689
-1.128538933,-0.01084748281,-0.005787752834,-0.00800421041,-0.02271407262,-0.002930447809,-0.03051795962,0.01104935504,0.01041403268
-1.158792496,-0.01098664628,-0.002974451391,-0.008505951746,-0.0186469647,-0.0009407222897,-0.01443595456,-0.006670763491,0.005729843488
-1.112888288,-0.01007036399,0.001549246397,-0.007730945479,-0.0104371091,-0.001437712653,-0.02919339432,0.0251939308,0.009138845139
-1.18001737,-0.007837828425,-0.003562394887,-0.00960088541,-0.01617109289,-0.0007239452289,-0.01847714085,0.005186644688,0.009353668249
-1.073227496,-0.008921245741,0.001179862472,-0.006403249301,-0.01882894417,0.0006903565009,-0.02495944223,0.009823850327,0.009841992558
-1.134036761,-0.006698853486,0.003675680247,-0.009440770622,-0.01435257812,0.0007953891882,-0.02620050121,0.01584935833,0.01005925305
-1.125566007,-0.003825125028,0.00343819439,-0.002994500547,-0.01086060722,0.001297901863,-0.01829074528,0.004677601358,0.006235818462
-1.156373448,-0.0009209542531,0.002431014523,-0.0139000593,-0.02046396719,0.001090899087,-0.02158574768,0.0126782897,0.01078633118
-1.140832269,-0.002803046852,0.003705646386,-0.00830695639,-0.009931182537,0.0006013349728,-0.02717821106,0.005382576569,0.008894289864
-1.106328229,-0.0006585295139,0.0121919822,0.004977641353,-0.008649906789,0.003590341076,-0.01823814943,0.01600638773,0.008813588615
-1.150875932,-0.0002318876006,0.007689240893,-0.008882975033,-0.01791575057,0.0004113611464,-0.02578409746,0.007086606513,0.008874944983
-1.119588891,-0.00175014552,0.004526142801,-0.01685015479,-0.01830972601,0.001462902024,-0.02089905862,0.01590580392,0.009081075217
-1.175406117,0.001348761953,0.009852962677,0.00282043414,-0.007435531206,0.003134791359,-0.01973318557,0.009734865182,0.009581341738
-1.098802175,0.0001331246448,0.007793385177,-0.000605720609,-0.01540001924,0.0004694759698,-0.02258841094,0.007697727709,0.009315512305
-1.130066199,0.001630542578,0.004336680199,-0.01186422183,-0.01680721476,0.00179157135,-0.02207789047,0.01022927676,0.00811149538
-1.104380889,0.0004861866379,0.00623485609,-0.005323424217,-0.01213534079,0.001415528594,-0.01992558889,0.01107933774,0.01019523561
-1.16112026,0.003390137296,0.01395210583,0.0006784100503,-0.01124828938,0.003266088751,-0.02257369479,0.02134024661,0.009824098953
-1.129328702,0.01051297221,0.01810278453,-0.00166829852,-0.01513470788,0.004414815018,-0.02269497535,-0.004319171741,0.01098102288
-1.147739184,0.008988363468,0.01865562307,-0.00734435324,-0.01066399071,0.006196256434,-0.0176161706,0.02160937267,0.00967714351
-1.123052181,0.01109586637,0.01278232574,0.001513415223,-0.01076984734,-0.000175102429,-0.02136015572,0.01534979756,0.01203408318
-1.128460617,0.008654168264,0.014768568,-0.005181704074,-0.01723047932,0.005951613126,-0.01618932604,0.001003230973,0.007345078524
-1.16386385,0.005805891982,0.0167052681,-0.007550360184,-0.008586345963,0.004235193186,-0.02610613209,0.01771177406,0.007952352782
-1.11201818,0.003857842509,0.01108923318,-0.003950523824,-0.01368391085,-0.001659140139,-0.01983337368,0.006386325535,0.01027329965
-1.142201601,0.0006608038562,0.009926067129,0.0004445467954,-0.0151186542,0.002234582655,-0.02112061736,0.01785775913,0.00708218385
-1.107445572,-0.001178507091,0.01212285045,-0.006333806745,-0.02020887909,0.002579949314,-0.02549222032,0.003646599808,0.008031070783
-1.121193261,-0.001643405466,0.008748677983,-0.007077465001,-0.01025951031,-0.0006153267939,-0.01918312704,0.007389297809,0.007422104347
-1.130694246,-0.001247570226,0.004278998989,-0.004021459613,-0.01364474265,-0.001787549747,-0.02157138673,0.00960320163,0.009912143157
-1.127944735,-0.002376883725,0.006640343461,-0.00520032154,-0.01653567758,0.001567380208,-0.0258698616,0.008512023802,0.007173460448
-1.157532155,-0.002799747068,0.0054191484,-0.009320667243,-0.01884246635,0.00137947381,-0.01886531276,0.01277756637,0.007437052139
-1.128677031,-0.00191209745,0.006193172214,-0.004629889084,-0.01250275094,-0.0005097481442,-0.02330964261,0.008519049307,0.008741370042
-1.116677435,-0.002563929313,0.008296950678,-0.005487298834,-0.01524296914,0.002233746349,-0.02153314048,0.01506123588,0.008777430721
-1.122840007,-0.002558171433,0.006072559083,-0.008975932885,-0.01825601659,-0.000467171549,-0.01974816911,0.002801902198,0.007508774957
-1.152727442,-0.002157672242,0.004960581974,-0.005622367984,-0.0150051088,-0.0005547342476,-0.02332855785,0.01355796483,0.007415970009
-1.132412293,0.0004320130014,0.004895592437,-0.003736680638,-0.01187900091,4.821198015e-05,-0.02245875854,0.00646291594,0.008828624613
-1.159113287,-0.008743654022,0.0008591225845,-0.01036071144,-0.01675664631,-0.00271237558,-0.02484815119,0.01067798722,0.007899332318
-1.096561524,-0.01503419052,-0.006360156146,-0.01079304607,-0.01924559793,-0.001158884356,-0.02496776782,0.01313925665,0.007011934771
-1.085947903,-0.01247493615,-0.002637135821,-0.006567423847,-0.01463483599,0.0001108516924,-0.01859713194,0.007061998607,0.005786993989
-1.140765485,-0.01164406071,-0.003031114793,-0.006903822392,-0.01667346314,1.436361947e-05,-0.02318871078,0.008949525214,0.007680522044
-1.128679112,-0.01101740359,-0.001706675045,-0.008293749831,-0.0144170705,-0.002064276279,-0.02562593802,0.004399237047,0.008844027531
-1.082725702,-0.008117701095,-0.001533698356,-0.008212727542,-0.01748825803,-0.001736806155,-0.0222621514,0.01037945703,0.007289506481
-1.175008625,-0.00719121186,0.0004479433176,-0.005051470806,-0.01289824211,0.001145212215,-0.02307054704,0.008670393335,0.00704004485
-0.9702700808,-0.005157197134,0.003651982136,-0.009466588684,-0.01412241228,0.001305956912,-0.01979350073,0.01170105783,0.0100490292
-1.281671259,-0.003299666967,0.005032302821,-0.009150922004,-0.01311351396,0.0007241725859,-0.02376069134,0.010241909,0.01182338935
-0.9048427507,-0.002558967038,0.006350120074,-0.004732978731,-0.01665535535,0.001189004071,-0.02106345982,0.01226177463,0.008710811783
-1.59627748,-0.0005009653903,0.005053167128,-0.004556995292,-0.01411776775,0.002404328716,-0.02079381231,0.008207155493,0.008353868892
0.9061055839,0.0003195607568,0.006605423235,-0.007760841007,-0.01206246215,0.0003262189973,-0.02157447847,0.008870014597,0.01095711938
5.612288896,0.0004230170282,0.005405923832,-0.005503388304,-0.01243327431,0.0006582162012,-0.02279565501,0.01164571786,0.01081730664
4.985473014,-0.001301010277,0.009421602272,-0.00505354727,-0.01462195835,0.001009426397,-0.02058636117,0.009347335004,0.01001805719
5.3086118,-0.001985118539,0.008295392308,-0.007721934094,-0.01363413206,0.002291523354,-0.02200608037,0.01407481556,0.009508967694
5.065586309,-0.001657962383,0.006176257818,-0.005299543773,-0.01451941205,0.002873637375,-0.02300779156,0.01208725389,0.008893659298
5.228298724,-0.0005001621994,0.008601401611,-0.002560483081,-0.0141242668,0.001885640638,-0.02092487901,0.008509041157,0.008652956489
5.137247802,0.0009058949636,0.008763091334,-0.004291819399,-0.01149581201,0.0006575413586,-0.01931110351,0.009077748954,0.009013210978
5.151060961,0.01039891,0.01669416025,-0.003467591367,-0.01099462731,0.002606876401,-0.01793766208,0.01079455895,0.01002997416
5.188081959,0.01132769431,0.01759594972,-0.002367003836,-0.01290529183,0.003860824796,-0.02167516362,0.01316720206,0.01112173476
5.169091434,0.008029290207,0.01734518584,-0.00256506903,-0.01304013527,0.004859232807,-0.02254924674,0.01049119837,0.009613184742
5.128860632,0.007250452263,0.01745968592,-0.002089406711,-0.01092823119,0.002520309967,-0.02173600841,0.01295217179,0.009360128363
5.194525497,0.004719057439,0.01333326644,-0.004023791619,-0.01521899969,0.001268240204,-0.02166040341,0.01190567976,0.009768286566
5.126679788,0.006043646545,0.01363274698,-0.00472359649,-0.01565386937,0.002901922181,-0.02085040602,0.009690998675,0.009990328371
5.314371502,0.005395804923,0.01261087766,-0.003211775761,-0.01355306913,0.002748465121,-0.02144587376,0.007702034744,0.009768347227
5.020913531,0.001694942084,0.007706461744,-0.005376870864,-0.01283038562,0.000609031727,-0.0228458971,0.009319793506,0.008982190981
5.399640512,-0.0006967505136,0.007101331442,-0.006583068485,-0.01707491728,1.375072927e-06,-0.02361082019,0.01212853188,0.008468417714
4.078324545,-0.001013458449,0.007594407881,-0.005717702589,-0.01657097709,0.0001367843293,-0.0221900023,0.01024281343,0.007604340946
-1.250882773,-0.002024742469,0.008820378403,-0.006655231237,-0.01449141265,0.0003959722443,-0.02212941745,0.008653762552,0.00831715321
-1.000796109,-0.002976415992,0.006499953308,-0.007203451045,-0.01441606467,-0.0002955170413,-0.02122012405,0.008810963815,0.008510120675
-1.170358637,-0.001042950864,0.004241447692,-0.005403976903,-0.01681025537,0.001011667152,-0.02233424638,0.009656499493,0.007826642484
-1.072617939,-0.001496846861,0.005990501347,-0.005595535297,-0.01549012939,0.002297553148,-0.02368861666,0.007622394312,0.006819284786
-1.093285598,-0.001878831552,0.007491757292,-0.005461917464,-0.01554571239,0.0007666455486,-0.02340013336,0.009782989244,0.008722584781
-1.125093571,-0.003081013295,0.006266190275,-0.007228937475,-0.01569063221,0.0006203592961,-0.02194540625,0.009944040699,0.008602573478
-1.14389157,-0.003584124508,0.005779228564,-0.007674131482,-0.01458356213,0.0003947529077,-0.02171442848,0.00966503735,0.007800545938
-1.15247781,-0.005574810298,0.004112481641,-0.005571046979,-0.01585441741,-0.0004435536054,-0.02461430355,0.008740905874,0.007412350767
-1.127709512,-0.01359126884,-0.004174744396,-0.008032116971,-0.01682160282,-0.001316150839,-0.02041580239,0.007167333378,0.00680303556
-1.162787559,-0.01168506535,-0.00442752419,-0.008819305528,-0.01831183062,-0.004190872543,-0.032317823,0.008936156614,0.009291862329
-1.171855145,-0.01046483591,-0.005127326886,-0.01203648893,-0.01527505898,0.001461602141,-0.007283868482,0.01132170314,0.005209875042
-1.180815897,-0.0104952897,-0.002259613635,-0.005487846169,-0.01510035539,-0.003919666807,-0.03034158679,-2.85679198e-05,0.01161450235
-1.127920767,-0.00803282729,0.004231801909,-0.006790754003,-0.01566586739,0.0004436630415,-0.04063371,0.02269179382,0.01068479599
-1.122277048,-0.00705917518,-0.002542984044,-0.01216071186,-0.01196810387,0.003220538379,0.007240625744,0.002867660409,0.001384243604
-1.120212404,-0.00700800302,0.002224689459,-0.004257937153,-0.02252126478,-0.002726027251,-0.04393573118,0.00779334813,0.01276292547
-1.147520914,-0.003147232301,0.004239495239,-0.006621325145,-0.007096571754,0.001614516483,-0.01489329663,0.01566254249,0.009912528847
-1.133228365,-0.001902987612,0.004828281596,-0.00779032465,-0.008953294758,-0.0002769790702,-0.01588933539,-0.002664414556,0.006635460349
-1.134673405,-0.002306731422,0.008506556688,-0.00856842158,-0.02379042207,0.003176443957,-0.03203938136,0.02481467378,0.01052266986
-1.158141603,-0.0001527011652,0.002922038929,-0.0006652336706,-0.01074978667,-0.0005161456364,-0.01398725999,-0.002609460355,0.01099334474
-1.142502096,0.0008068053274,0.01311345591,-0.008946016731,-0.01005030966,0.001864943942,-0.02668681142,0.01751039112,0.01132555012
-1.112712796,-0.00260794102,0.004926785474,-0.004789089614,-0.01593661071,-0.001146745702,-0.02426068771,0.01123464021,0.01017954772
-1.1104748,-0.001044349812,0.007221296354,-0.006704107193,-0.01758320331,0.004856023512,-0.01205654165,0.006804997066,0.005285185281
-1.128285885,0.002373332737,0.01057541649,-0.003320043256,-0.01122060968,0.003148714194,-0.03053312764,0.01457456116,0.01032541999
-1.151731917,0.0002501506075,0.003919464758,-0.008798217225,-0.01171687957,-0.001191849781,-0.01649927181,0.004924604854,0.009719528757
-1.102429503,-0.001295995211,0.007412809803,-0.005881359929,-0.0140801744,0.00307863883,-0.02255495874,0.01293194676,0.01106378201
-1.122163579,0.004957488983,0.01347854515,-0.004028775546,-0.01479794433,0.002398646455,-0.02064222548,0.01098839374,0.009785532214
-1.103681484,0.01052628505,0.01965460236,-0.00281416808,-0.007023150414,0.004818528708,-0.01955134268,0.01339856657,0.01038532341
-1.140504081,0.01016115022,0.01714654686,-0.003311730993,-0.01601110724,0.003805434672,-0.0242805408,0.01072820511,0.012589668
-1.155666128,0.008752244926,0.01767749898,-0.002424688051,-0.01332479336,0.003053428073,-0.01625368791,0.009956671686,0.00790964798
-1.149013489,0.005952425625,0.01550556607,-0.002682708493,-0.01121891623,0.004387226561,-0.0199128893,0.01133259271,0.009965706523
-1.090338825,0.006399698953,0.01129466355,-0.002375380272,-0.01388853952,0.001767781379,-0.02737899047,0.01091991616,0.01141471229
-1.130731881,0.006637012596,0.01320399482,-0.003410265446,-0.01278802589,0.001698258119,-0.01908694997,0.009738369573,0.008474440559
-1.109516216,0.003601577295,0.01290446374,-0.005111355535,-0.01420160154,0.001040830047,-0.02038837143,0.01009005439,0.00813355012
-1.145103058,-0.0006023108098,0.008378805066,-0.005049029937,-0.01363501888,0.0008696245805,-0.02347715018,0.01443787304,0.008275850859
-1.124680653,-0.001551187282,0.006959357786,-0.006130615137,-0.01699353363,0.001089906034,-0.02049938271,0.002690001194,0.008472234679
-1.189974357,0.000892289077,0.01041695526,-0.002451284381,-0.01440148251,-0.0003466036871,-0.0259538376,0.01245970707,0.008961962345
-1.130310488,-0.003027429225,0.002478782267,-0.016888372,-0.01579151819,-0.0001979118538,-0.0189933118,0.009756376489,0.00680748368
-1.136512359,-0.002901546026,0.004711198047,0.002236723349,-0.01506702161,0.000481433969,-0.02563715381,0.007868910805,0.007334554974
-1.167340228,-0.001515779908,0.01129631579,0.002970842711,-0.01794935117,0.0002826452233,-0.02074256019,0.0131628634,0.008143290306
-1.080566708,-0.002956336374,0.004188297358,-0.0165112972,-0.01414389107,0.0005929292947,-0.02395202045,0.004688601092,0.008284865009
-1.127746104,-0.001764657212,0.006116246343,-0.01309375794,-0.01677109249,0.001122784825,-0.02122694577,0.0157662184,0.007752789526
-1.108786671,-0.002930948089,0.006749052557,0.00737518425,-0.01594359576,-0.001095444653,-0.02291845839,0.004792711084,0.008650191783
-1.17967909,-0.002760449701,0.007651381923,-0.008844354338,-0.01707729572,-0.0003019834925,-0.02157979469,0.0110122242,0.007990432584
-1.125751121,-0.007721493907,-0.002058529217,-0.0144542772,-0.01207032725,-0.001715618905,-0.02602258192,0.008342792096,0.00861127487
-1.104943734,-0.01371093613,-0.004293103115,-0.006750217494,-0.02094994541,-0.001973605202,-0.02120891569,0.008755285399,0.006944783627
-1.061292356,-0.01137096821,-0.002014779048,-0.002684137897,-0.01591352083,0.001545195562,-0.02570051215,0.007108019439,0.00610198446
-1.138727886,-0.012449993,-0.007053633022,-0.01556413448,-0.01703433833,-0.00189412658,-0.0204225108,0.01766326754,0.007742828562
-1.1284415,-0.008542495136,-0.001911733709,-0.007582239092,-0.01693873575,-0.00351328251,-0.02534930582,-0.002201902598,0.008962621682
-1.157971837,-0.006975368142,0.005036357796,-0.003218517489,-0.01701015628,0.005847119642,-0.02320057173,0.008003985964,0.006462113529
-1.117458086,-0.008603286989,-0.0002766836013,-0.009227440115,-0.0130821007,-0.005336036207,-0.01998958369,0.02025497243,0.007976859109
-1.127204866,-0.00318460345,-0.004349629109,-0.01156380772,-0.01578245976,-0.000938356771,-0.02088784822,0.0006055827733,0.01149060165
-1.115336563,-0.004310996986,0.009867019199,-0.006730345355,-0.01218473576,0.004934091899,-0.02583938386,0.02321236371,0.007657970996
-1.107096293,-0.002980197737,0.007263025281,-0.005480531337,-0.01338277159,0.0006289197879,-0.02305929764,-0.002153596235,0.008119388786
-1.087606607,-0.002388435113,0.005629120573,-0.007909816989,-0.01635709627,0.0002492699528,-0.01826352219,0.02221563165,0.009027133656
-1.155337212,0.002257409243,0.007020172607,-0.00288022625,-0.01716856522,0.002561516011,-0.02360028237,0.005657519143,0.01183106285
-1.121017102,-0.000653784867,0.009801012302,-0.00735467036,-0.01349151679,0.003958107502,-0.01963367129,0.003128169803,0.006711490745
-1.131706011,-0.0007990844055,0.005079486014,-0.004655825374,-0.007892142384,-0.002447889312,-0.02342316175,0.01542554559,0.01008999886
-1.161342855,-0.0002583230195,0.009497357481,-0.005112006032,-0.01595359111,0.00135508969,-0.02098133025,0.0100779278,0.01137185104
-1.133711032,4.031076489e-05,0.006494063595,-0.009289521721,-0.01419388458,0.004721273606,-0.0216595006,0.01517599021,0.007562916732
-1.126060689,0.0002957294399,0.00597187011,-0.005077667178,-0.01299481672,0.001691448167,-0.02191708688,0.005853650428,0.009929527524
-1.079153626,-0.0001380064386,0.008781876932,-0.001907235413,-0.012056533,0.00232037681,-0.02139446782,0.01380506076,0.01064797287
-1.120532276,0.008141161389,0.01675897367,-0.005753343258,-0.01409144801,0.003179719885,-0.01939016228,0.006933322011,0.009847034584
-1.110933655,0.01137588921,0.0164811743,-0.003961101991,-0.01154546771,0.004416016375,-0.02063819954,0.01267349871,0.00909997464
-1.115814935,0.01012759778,0.01442018885,0.0008559284562,-0.01075912951,0.00209463093,-0.02187871207,0.01287364094,0.01151214763
-1.132930073,0.009245838065,0.02049337276,-0.003105374681,-0.0126743272,0.002646743938,-0.02085553843,0.008660121557,0.01053756324
-1.086587158,0.003168264872,0.0121623414,-0.004846080759,-0.01626620412,0.004792145514,-0.02027888767,0.01518115943,0.008482473603
-1.152289591,0.004823738939,0.01174603834,0.0001330560414,-0.01262880745,0.001440923597,-0.01871349994,0.008861502505,0.007615943426
-1.125159017,0.00582833741,0.01652727156,-0.003949505344,-0.01336084035,0.002079367493,-0.02171284459,0.01269112198,0.01018040578
-1.137831158,0.0005458551047,0.0100334562,-0.006702926658,-0.01524771298,0.0004067491324,-0.02339538388,0.004176335098,0.008366856968
-1.087648375,0.001028484377,0.00742222739,-0.004220986244,-0.0156112233,0.0003017911639,-0.02147425004,0.01249462421,0.008408198436
-1.199067203,0.0008792914878,0.008142900989,-0.00392002083,-0.01442883339,0.0005583165392,-0.02378190103,0.01140211618,0.007611371969
-1.039457679,-0.002263299339,0.008212575329,-0.00820454495,-0.0152362163,0.0006979653296,-0.02300790274,0.00779431892,0.009100569731
-1.278317138,-0.003250040164,0.005137336329,-0.006806563789,-0.01778006177,0.001918219034,-0.02331614505,0.01041766907,0.007733929321
-0.3490586518,-0.001672204017,0.006212975645,-0.004425260383,-0.01478893278,0.000644965831,-0.02116023445,0.00853446391,0.006875318414
5.069820259,-0.001954497899,0.005501656848,-0.005584079896,-0.01618910176,0.001290548442,-0.02210417286,0.01021654192,0.008067727846
5.163948547,-0.002301781176,0.004850925509,-0.00623280575,-0.01529387269,-0.0006261774577,-0.02379914406,0.005768512473,0.01027681131
5.190980418,-0.002682101343,0.006933484279,-0.007055187842,-0.01423505757,-0.0008084802033,-0.02367439759,0.01182452752,0.008383401313
5.153734293,-0.002901842836,0.007595348484,-0.006612637444,-0.01505859855,0.0004763111533,-0.02280203243,0.0108712072,0.007720133232
5.197580784,-0.003738663115,0.005606286743,-0.005795747984,-0.01705297804,0.001390678067,-0.02205575671,0.009518103943,0.007967241705
5.160312124,-0.01262708409,-0.00443331849,-0.007354547265,-0.01733068714,-0.001286666374,-0.02436746804,0.00949351512,0.006888872006
5.170839371,-0.01232845193,-0.005128749212,-0.00790339075,-0.01704083934,-0.0023674642,-0.02327790782,0.007592250405,0.008510571556
5.187002973,-0.01097935042,-0.002935701335,-0.008926310509,-0.01679609481,-0.001363511235,-0.02278045662,0.008278690629,0.006860548544
5.177135924,-0.01045491941,-0.003372049983,-0.007785660369,-0.01622787607,-0.00198905459,-0.02203935561,0.007788511088,0.008026430925
5.189299045,-0.005604033935,-0.0001974569708,-0.008012095877,-0.01328093887,-0.0003509029168,-0.02492522241,0.01046467594,0.01048163089
5.168760491,-0.007429258404,-0.0003801255304,-0.009383695808,-0.01610386909,0.0003805758269,-0.02410091302,0.01062754237,0.007669755851
5.202415403,-0.007234589859,0.00189058324,-0.00761487495,-0.01764535404,0.002001353618,-0.02271131472,0.005438832823,0.009437966366
5.140630372,-0.004973095635,0.004473994388,-0.005899192604,-0.01391973493,-0.001832417786,-0.02251879849,0.01315740021,0.008676598266
5.213297376,-0.002345401027,0.003150927425,-0.006856498735,-0.01259186817,-0.0002921351917,-0.02055228134,0.01213823027,0.009029559472
5.164452292,-0.002435885525,0.006938219677,-0.007228789811,-0.01662975644,0.003449754435,-0.02487005983,0.005601033623,0.008334026189
5.029446554,-0.002101552222,0.007670406191,-0.005800443238,-0.01256979382,0.0009851850732,-0.02046365151,0.01019546174,0.0085046273
-0.4039245842,-0.0005574755749,0.006838275715,-0.004843907058,-0.01255360604,0.001829328872,-0.02100411078,0.01319321451,0.01054249643
-1.322771247,-0.001301635677,0.006316887823,-0.005527788402,-0.01475653226,0.003609976054,-0.02306664026,0.0112125411,0.007606625513
-1.024211393,-1.091112448e-07,0.007501218839,-0.004679785967,-0.01512250649,0.002850637221,-0.0215841932,0.006352564375,0.008421706247
-1.178542233,-0.001017038652,0.009638255502,-0.005342024741,-0.01080988095,0.0007472019326,-0.0212854756,0.01253831352,0.009744245074
-1.109732986,0.0004272960617,0.007182170302,-0.006726896605,-0.01458657359,0.002252058968,-0.02192880115,0.01270779777,0.009921749538
-1.138265251,0.0001275311104,0.005647264132,-0.006396945006,-0.0166389769,0.002399371662,-0.02262318196,0.008430809349,0.009063792333
-1.116567776,0.003230996291,0.01170317258,-0.004133361876,-0.01126984874,0.003250573997,-0.02088547622,0.01248267449,0.01072020618
-1.144631325,0.01094209855,0.01875902861,-0.002178765414,-0.009935490109,0.004059736931,-0.02020046299,0.01349563648,0.01030118058
-1.122719743,0.009177155117,0.01612017273,-0.005316157722,-0.01407918594,0.004660931844,-0.02198443961,0.008745024515,0.01095573351
-1.145607656,0.009566067774,0.01860353346,-0.001752249127,-0.01178355863,0.003224664182,-0.02024295255,0.01107902538,0.01021006385
-1.106315801,0.006865468289,0.01546547412,-0.002725979016,-0.009900509436,0.002423943359,-0.01891108587,0.0102464851,0.009273734748
-1.15362545,0.00358157391,0.01310837766,-0.004023192619,-0.01746616042,0.002856364478,-0.02672405601,0.01032480162,0.0101291819
-1.135593758,0.005634632868,0.01332547026,-0.004890795809,-0.01308518197,0.002591956565,-0.007435031039,0.01060276103,0.007502614612
-1.169856322,0.001491466932,0.01233980012,-0.001372736332,-0.01393209305,-0.00124916245,-0.03311385998,0.01391809251,0.01054888652
-1.138870948,0.001898608925,0.01096930334,-0.00668194922,-0.01629758731,0.007138397216,-0.02574310894,0.008790189697,0.006665740764
-1.108841641,-0.002074534538,0.008320132068,-0.006537720467,-0.01356383064,9.581878557e-05,-0.00875124202,-0.00095521122,0.005238400297
-1.135316231,-0.001422320772,0.006570084754,-0.002558274317,-0.01646509239,-0.003721446392,-0.03610932825,0.01670284408,0.01392428618
-1.107957309,-0.001631929042,0.005833860012,-0.007452419157,-0.01006686922,0.001320002441,-0.01368302393,0.007658517295,0.003756126179
-1.139346783,-0.001927152156,0.007110270687,-0.008111903604,-0.01883172963,0.0008629887312,-0.02502587836,0.002163826885,0.006407658682
-1.145195961,-0.0007297983295,0.008589621376,-0.004218116745,-0.01477342779,-0.001154621174,-0.0256591603,0.02539657405,0.01099628696
-1.106881034,-0.003438931398,0.00311831507,-0.006777807704,-0.01330800107,0.0009548534164,-0.01007699977,0.006705359273,0.006462965963
-1.117327765,-0.001734931828,0.00964677091,-0.005730576985,-0.02354318398,0.004011575696,-0.03459684948,0.006742065252,0.009667177591
-1.130673669,-0.005753344592,0.005389194189,-0.00332410981,-0.01511284891,-0.0009433744885,-0.02068054231,0.01054163272,0.007304096737
-1.143085772,-0.002069213622,0.004501579507,-0.006002729795,-0.01210967241,0.0001187125663,-0.0166779439,0.006300159683,0.007311788441
-1.155684271,-0.004139779198,0.002061855447,-0.007378157444,-0.01827186186,-0.001140900373,-0.03182197214,0.01169918227,0.009022526054
-1.08891679,-0.01518545352,-0.006849709253,-0.009274529948,-0.01793467368,-0.003771281822,-0.01949724329,0.003682094944,0.006462856251
-1.139206001,-0.0122558448,-0.001105689037,-0.01014428211,-0.01012963482,-0.0004030557837,-0.02339441952,0.01251366048,0.007222682939
-1.149967895,-0.01225355175,-0.003433659591,-0.01037471342,-0.01874159482,-0.002057471329,-0.02435156684,0.01269840169,0.007854746414
-1.140749485,-0.009582293089,-0.00153693971,-0.005514899418,-0.02005585473,0.001570795533,-0.02046063536,0.002560855801,0.008193298356
-1.127604114,-0.007530963647,0.002183845807,-0.006855953554,-0.01479085444,-0.0007799727942,-0.02693617921,0.01325083086,0.01016090486
-1.134380492,-0.007270862406,-0.001742214376,-0.01072215846,-0.01248789201,-0.001813606592,-0.01986086228,0.006337090855,0.008104276913
-1.111573649,-0.003428836996,0.004199461299,-0.005545059037,-0.01716498948,0.001597099237,-0.01859394826,0.008038107013,0.009693834229
-1.162903004,-0.002070539078,0.004441306425,-0.004705304098,-0.01530841305,9.717381635e-05,-0.03294607805,0.01853083215,0.0116968758
-1.16960507,-0.001508252284,0.005509620121,-0.01019459333,-0.01304415633,0.00222179131,-0.01843505995,0.008103500876,0.006045251163
-1.138045087,-0.001880215545,0.006202321778,-0.005542231681,-0.01310031357,0.001393431275,-0.01770076858,0.01017376614,0.00895359048
-1.109923075,-0.0006193396756,0.01103395633,-0.001424420436,-0.01489638599,0.001706799997,-0.0282516255,0.01202426312,0.01267447456
-1.100549329,-0.000173317747,0.005784178118,-0.0121893847,-0.01006899124,0.00368085203,-0.009406721785,0.003716953764,0.006685699728
-1.130508702,-0.0001873090629,0.004027090191,-0.007608589933,-0.01357217677,-0.00106547249,-0.026715601,0.01434720958,0.01139160442
-1.120826677,-0.0002800824814,0.01170506927,0.002319001932,-0.01425899729,0.002163226538,-0.02585587381,0.01145041964,0.009958627272
-1.134451706,-6.235847615e-05,0.009138199443,-0.00714676103,-0.01442340743,0.002970690816,-0.01731541164,0.007724976138,0.00697042315
-1.092359614,0.0003808442369,0.006053955844,-0.01102374323,-0.01862475501,-3.117115992e-05,-0.02567917872,0.01802941094,0.01197447348
-1.166002317,-0.0002472786395,0.005303179807,-0.0009956126883,-0.01181318811,0.001918714348,-0.02162839063,0.009759227695,0.01044263537
-1.146422346,0.007559803408,0.01794491627,-0.001497732338,-0.01343463325,0.007878287739,-0.01968550977,0.005669882878,0.007075704844
-1.138177372,0.01042979729,0.01703430544,-0.006178250707,-0.00983435314,0.0008091650352,-0.01734029443,0.007809876753,0.01101316094
-1.144412375,0.01010956013,0.01311383054,-0.003083079326,-0.00849566754,0.0007600452695,-0.02118070941,0.0188432558,0.01239541073
-1.128853026,0.01033349574,0.02127733541,-0.0004504252992,-0.008241112083,0.00627943687,-0.02141429319,0.01089975908,0.008171838496
-1.156849619,0.003174323457,0.01706793464,-0.002201085891,-0.015570511,0.002598666317,-0.02018802982,0.007180757846,0.006799878552
-1.095578376,0.003437666477,0.01296626464,-0.004860250416,-0.01315661535,0.001879938406,-0.02145879715,0.01800652904,0.01201785368
-1.115131235,0.00553950337,0.01165632939,-0.004743294711,-0.01598805669,0.002456894726,-0.01906805875,0.0129019454,0.009702754032
-1.12307441,0.001805829658,0.01126608674,-0.002443369198,-0.01975180479,0.001649225022,-0.02436021488,0.002464104479,0.006427591017
-1.188011215,-0.0001709637639,0.008295949189,-0.004080279016,-0.01352639042,0.003685370306,-0.02431931897,-0.002970147143,0.009134195544
-1.079594172,0.0009235634775,0.007877244168,-0.01239710462,-0.01200973605,-0.004595395838,-0.01508769859,0.03177930834,0.008925690607
-1.106386173,-0.0002041590367,0.000994736489,-0.005791209441,-0.02284024396,0.0001839213139,-0.02713788946,0.001269435352,0.0104160501
-1.123887725,-0.005193136566,0.01176483863,-0.007005860761,-0.01575044719,0.00482724579,-0.01940319938,0.01539687725,0.004097460188
-1.158214821,-0.00315922991,0.007583907018,-0.00606604867,-0.007939220361,0.0004694261251,-0.02298585851,0.005324399018,0.008506291934
-1.129662317,-0.002502039461,0.005896011987,-0.004903547214,-0.0186872018,-0.001948666607,-0.02059363289,0.01580645449,0.008717242978
-1.143333355,-0.001436585032,0.004435499637,-0.002009736295,-0.02077282951,0.002273845723,-0.02137768173,0.003236056835,0.007543545096
-1.075020218,-0.002608177486,0.009933111065,-0.006317440066,-0.01067676954,0.0008576283978,-0.02324884027,0.004065431288,0.006365135047
-1.118795143,-0.002423350257,0.002391004118,-0.006450538551,-0.008004609701,-0.003725216236,-0.02114381512,0.0198117395,0.008998051464
-1.126883662,-0.002323304711,0.004343090961,-0.007697415885,-0.02240637512,0.0003717019413,-0.02118821085,0.002199118209,0.009644041261
-1.118147127,-0.01222496565,0.001849058612,-0.008139217078,-0.02025676177,0.0005555791351,-0.02952956605,0.01850240128,0.007579434189
-1.111047775,-0.01410954217,-0.006872818583,-0.007754395406,-0.01562725191,-0.003145229621,-0.01873307769,0.002176098953,0.006634722898
-1.091839358,-0.01128182525,-0.003406388264,-0.01055082342,-0.0152207963,-0.002138678649,-0.0233232623,0.008939169756,0.008527171412
-1.148744998,-0.008298911418,-0.002923184499,-0.01079236298,-0.01628655648,-0.002497458903,-0.02589254659,0.004509991224,0.01078711991
-1.093781607,-0.008715989501,-0.001680593578,-0.007219268768,-0.01243209841,-0.0003117500484,-0.02165640495,0.01184750863,0.007391005174
-1.099622226,-0.006200030404,-0.001995916697,-0.01033086988,-0.01337232329,0.0002783093851,-0.02131549775,0.01178524394,0.007908016891
-1.112176087,-0.008400850168,0.004134077817,-0.007908729065,-0.0184612052,0.0008597495352,-0.02505415113,0.006556566395,0.01030008285
-1.094013953,-0.005822553735,0.003988840998,-0.005101284601,-0.01543213394,0.002711217189,-0.02107576704,0.01387442842,0.01026216543
-1.059626999,-0.003818983628,0.003477831331,-0.006398925501,-0.01228911493,-0.0003280246628,-0.02081589564,0.006475528375,0.006698014346
-1.11921172,-0.001328870979,0.006549305732,-0.007109693058,-0.01572506082,0.002380367737,-0.02224706358,0.01089417218,0.009299216129
-1.071331929,-0.0001854524821,0.008423697981,-0.004055495669,-0.01369810653,0.0005177569601,-0.02322690689,0.005760459867,0.01087858871
-1.102518211,0.0003681328646,0.007669239909,-0.006293114308,-0.01288263179,0.001543532254,-0.02286903107,0.01339730988,0.01039062163
-1.175411598,-0.001388388425,0.00681114951,-0.006811551204,-0.0149389373,0.002563226758,-0.02253535901,0.01270791799,0.008853477883
-0.8202657932,-0.001423121045,0.008298174728,-0.00481615277,-0.01508918165,0.001993653661,-0.01854779611,0.0108695564,0.00957788493
4.648790957,-0.0003094858388,0.007348325784,-0.006879540515,-0.01329004299,0.001916357208,-0.02161898926,0.01090410949,0.01029466923
5.335696022,0.001531427192,0.008103418599,-0.007785083598,-0.01176076959,0.001315476177,-0.02097133635,0.007832252434,0.008429592636
5.101109772,-0.000384626242,0.006728557751,-0.002447143534,-0.01388279838,0.002048230536,-0.02177971785,0.0103329825,0.0102088335
5.226378837,0.001366887927,0.007957645786,-0.004354493687,-0.01283363486,0.001594689406,-0.02330785638,0.01025092896,0.008752219946
5.153329701,0.01153366886,0.0167596067,-0.004903927715,-0.009543010698,0.004851851613,-0.019409467,0.01339389724,0.01188293715
5.208878897,0.008692985496,0.01921300091,-0.002301974992,-0.01218256588,0.002982032877,-0.0210915385,0.01206485526,0.009970164448
5.171800887,0.007537754753,0.01858358681,-0.001677146765,-0.01453402079,0.004712089837,-0.02064160141,0.01244064149,0.00959674814
5.170991683,0.007599393394,0.01553787426,-0.003918851659,-0.01134895291,0.002802127093,-0.01556220423,0.007135936476,0.008620136587
5.141111472,0.006430322926,0.01316160361,-0.003976607067,-0.01453014566,0.001972021459,-0.02544626033,0.01283679038,0.0112028855
5.191535367,0.006483228648,0.01342367204,-0.001146487809,-0.01628933773,0.001826510415,-0.02134560047,0.008174923968,0.008723565727
5.135972399,0.00360013304,0.01218332843,-0.002987303969,-0.01158747892,0.001831268476,-0.01839099095,0.009911580476,0.007956842859
5.189685543,0.001596660205,0.01016367847,-0.007287527167,-0.01294743115,0.0005914835025,-0.02120105433,0.01583794411,0.009925734248
5.119753692,-0.001727584808,0.007317162694,-0.005034723331,-0.01895867415,0.00361670338,-0.02603880595,0.008886811681,0.009271996437
5.276421319,-3.193570286e-05,0.008431982634,-0.004514662139,-0.01938734049,0.001531935915,-0.0255721239,-0.0008014364828,0.006323704488
5.072532905,-0.003865838794,0.007111048144,-0.005031531679,-0.00820803488,-0.005379948323,-0.0156380091,0.01900796931,0.007083877164
5.34719255,-0.002370783742,0.0009349503936,-0.008556145473,-0.01871010277,0.003051573523,-0.02539736107,0.009063849095,0.01056994772
0.1275367641,-0.002176137139,0.008095814571,-0.007453982273,-0.02067497592,0.001703393466,-0.02503015122,-0.0018324274,0.007203399478
-1.454708177,-0.002981625745,0.006310617904,-0.003177959971,-0.009799877312,-0.0007047304569,-0.01964773577,0.01644245226,0.008710483766
-1.006965648,-0.005218010769,0.006042497826,-0.006327469866,-0.01494788389,-0.00219958678,-0.02215011484,0.01355091704,0.01011112123
-1.216954542,-0.003286409588,0.00246095164,-0.008001496097,-0.02575777182,0.00198648915,-0.02369243383,0.006115493251,0.008332414008
-1.039525445,-0.00365300483,0.009979797655,-0.002688608566,-0.01323485131,0.001807361441,-0.02470689866,0.007622664103,0.009147357861
-1.162733306,-0.005132345228,0.002983547624,-0.005460895895,-0.006826993299,-0.002467784165,-0.01982762998,0.01306988609,0.007123841739
-1.098583293,-0.01265078823,-0.008384636013,-0.01307109571,-0.02274970136,-0.001236809708,-0.02555367274,0.007184214402,0.007813600434
-1.143798896,-0.0119020792,-0.003556343916,-0.008196195988,-0.0198775533,-0.0009828786038,-0.02534469151,0.007089406264,0.007875670282
-1.128970259,-0.01076729372,-0.002800199825,-0.006812734492,-0.00975840247,-0.0009906408082,-0.02038762672,0.01214734563,0.006925193527
-1.106981202,-0.008603884622,-0.001652063235,-0.0099434504,-0.01434181303,-0.00105775914,-0.02385458452,0.00810217573,0.007980151807
-1.139106199,-0.008085153911,-0.0001391319442,-0.009463793741,-0.02152666927,-0.0006370774939,-0.02098025367,0.009222096294,0.01007727031
-1.085127216,-0.008531822193,0.0008899712909,-0.004811121597,-0.01245822536,0.000238163002,-0.02191951829,0.007533789979,0.008855519634
-1.127633393,-0.005443033056,0.0042636214,-0.008403435591,-0.01050214632,0.0007400277641,-0.02303190884,0.01387149056,0.0080439933
-1.142551606,-0.003447132333,0.003062940286,-0.005903538496,-0.02169465592,0.0009384800652,-0.02935840395,0.009888011739,0.01104666121
-1.152068317,-0.003797081196,0.006911234081,-0.00977982055,-0.01390732559,0.001633725305,-0.003264967591,-0.0006080190067,0.007186257538
-1.128385761,-0.0030243901,0.00812756936,-0.004314482416,-0.00568394752,-0.002373764427,-0.03761286173,0.02178300078,0.01318886015
-1.139972164,-0.0001839590613,0.005961904609,-0.005692271011,-0.01846464388,0.003318362484,-0.02721536621,0.01027038629,0.009531173018
-1.139297516,0.0002852093586,0.008662549383,-0.004581031448,-0.01152130774,0.00529538989,-0.0009394740443,-0.004428602235,0.005296745094
-1.119443586,-0.002078604164,0.008389396296,-0.006404358576,-0.01272439328,0.0006255410887,-0.0416286403,0.02455559122,0.01514035605
-1.140534556,-0.000516326084,0.004928379831,-0.005739406917,-0.009646001774,-0.0008008952627,-0.01281108901,0.0134291917,0.009169227378
-1.198131652,-8.084566582e-05,0.007872768535,-0.005914023122,-0.02099399102,0.004808423664,-0.01549925729,-0.0007447210608,0.006495032148
-1.166537486,-0.001922180039,0.0140993707,-0.006962273585,-0.01321199054,0.003538340389,-0.03264949467,0.0255175197,0.009594437978
-1.182534923,0.0005317271219,-0.0005419243321,-0.006625512939,-0.01055350385,-0.001347111162,-0.01073913001,0.001686687199,0.01053163668
-1.130354532,0.007703619996,0.01562007507,-0.0009272082096,-0.0169084605,0.004190012215,-0.02474508755,0.01244544911,0.011093011
-1.134941317,0.009513015405,0.02175729649,-0.00130022216,-0.01432639162,0.005920536943,-0.02319170949,0.0146975993,0.01024675884
-1.14164937,0.006530597534,0.01496920292,-0.00697490077,-0.008600277844,0.005750118661,-0.01265779403,0.004373343415,0.006463607848
-1.153228361,0.01290885343,0.01656924868,2.190880091e-06,-0.01205412253,0.001743753278,-0.03033561581,0.01946856939,0.01349158632
-1.076160819,0.004770618614,0.01516891132,-0.002886769591,-0.01499690444,-0.0001700905368,-0.01515830222,0.008299023456,0.01078706908
-1.172213096,0.002868705989,0.01471063007,-0.006127089423,-0.007973756345,0.00485678224,-0.02100609011,0.01255581734,0.007429492644
-1.137157715,0.006466909315,0.01098282529,-0.00343965825,-0.01571887462,1.429994326e-05,-0.02324229373,0.01115424918,0.009359072806
-1.096002331,0.001946786266,0.0105718756,-0.002385283266,-0.01480330817,0.002770868068,-0.01953201594,0.004989848339,0.009675308392
-1.161014386,0.0003970631515,0.0116261027,-0.006626809422,-0.01655587108,0.0006470688753,-0.02464004993,0.01341908995,0.00952433855
-1.136653516,-0.002672874396,0.005677469102,-0.006059791519,-0.01338411775,-0.0009187680202,-0.02002789258,0.009292507579,0.005940715036
-1.14221537,-0.0009614947379,0.00694569027,-0.007103067824,-0.01836179473,0.0007590359089,-0.01816442918,0.009102720014,0.009906051646
-1.136622968,-0.00230455007,0.007196574415,-0.005826976646,-0.01558286473,0.002040136138,-0.0312106187,0.01070819562,0.009119376695
-1.134111956,-0.001858401237,0.005281277587,-0.006048980525,-0.01481780091,0.0003291909091,-0.01816694886,0.01605459459,0.00556868764
-1.133727146,-0.00134161469,0.003688694561,-0.002956764225,-0.01417596299,-0.00225726529,-0.01819764447,0.002312440588,0.008008372032
-1.07251898,-0.002509547684,0.0078011571,-0.01515555873,-0.01645531777,0.003918336225,-0.02675889386,0.007923965329,0.009300302587
-1.16303732,-0.003471050116,0.007573864172,-0.0003031356365,-0.01274774049,-0.001422820284,-0.02394274789,0.01224431005,0.008381630475
-1.138690848,-0.001888129445,0.002870841778,0.001097195085,-0.01932827507,-0.002560494987,-0.01823461387,0.001156302308,0.009234641762
-1.156803486,-0.002675405168,0.007684142196,-0.01798123196,-0.01192316204,0.002695313171,-0.02709551556,0.01509878638,0.005761130586
-1.120145736,-0.009493001698,-0.001973886057,-0.01336530686,-0.01704929112,-0.003500391127,-0.01954393112,0.01940968274,0.007340879927
-1.122627053,-0.0145744128,-0.005059512583,0.005534357474,-0.01862935054,-0.003407330211,-0.02196070804,-0.0006217909436,0.008347572255
-1.10439374,-0.01100788362,0.001781271397,-0.01293981234,-0.01708422047,0.003493213369,-0.02316449533,0.0203728329,0.004647621168
-1.1407129,-0.01201874741,-0.005560473691,-0.01265270051,-0.0199105316,-0.001695468734,-0.02411185867,-0.004736193919,0.008534691879
-1.163671721,-0.007514709865,0.0005278704166,0.003652484729,-0.01682907818,-0.001668877074,-0.02173870406,0.01658100202,0.01080932427
-1.100150614,-0.007990490122,-0.002931221715,-0.007028742668,-0.01523841261,0.0002614026474,-0.02530824795,0.004401326861,0.008675470669
-1.107756612,-0.007107432659,0.004662963133,-0.01617701926,-0.009784722305,0.0009321700953,-0.02236122432,0.008292679171,0.00566237445
-1.17723064,-0.003561092745,0.001797691523,-0.003190311026,-0.01324164992,-0.001035950142,-0.02315187921,0.02096160985,0.01133962638
-1.112204633,-0.002777808936,0.005839104581,-0.004369897672,-0.02024100189,0.00369103376,-0.02343892608,0.003520405261,0.008039196101
-1.118321826,-0.002770141965,0.01024253766,-0.01167012037,-0.01533720637,0.005437585201,-0.01930166758,0.01910922025,0.007953445067
-1.101731177,-0.00298336651,0.001627261812,-0.008730746323,-0.01195414036,-0.002183365043,-0.02123108451,-0.002675360444,0.01032984529
-1.128935588,0.001860059413,0.007208961376,-0.004881964498,-0.01365598746,0.005490550063,-0.02493778576,0.00346648578,0.009753100649
-1.096611535,0.0004999617235,0.007057534958,-0.00485821997,-0.009550274234,-0.003349956093,-0.01723386186,0.0232796659,0.01059631195
-1.202213598,-0.001473069508,0.003796682248,-0.008016143151,-0.01706119831,0.001848682094,-0.02502726297,0.003996134751,0.01085104771
-1.115231539,-0.001943563312,0.007742698616,-0.008014138059,-0.01257208287,0.006852344125,-0.02231379224,0.01967972858,0.00806673645
-1.116369859,-0.0002581084361,0.01174043948,0.0007159253721,-0.01270717557,-5.368088591e-05,-0.0194477211,0.001286236028,0.009023276752
-1.136634639,-0.001624422374,0.008367996465,-0.0001837213238,-0.01586595861,0.001977580392,-0.0194449262,0.02603711358,0.009325590191
-1.153160102,0.001660403823,0.001778470523,-0.007392041177,-0.01712266361,0.002792108361,-0.01872204917,-0.0009832101947,0.008764508849
-1.125953867,0.01104205593,0.02251087237,-0.0008141448305,-0.008317540448,0.007259085804,-0.02255484438,0.002033718948,0.009315542254
-1.148573497,0.008921030685,0.01639421071,0.002534748941,-0.004476599579,-0.000967026775,-0.02062835946,0.02250177901,0.01286745301
-1.104656615,0.009222810202,0.01268537102,-0.008446817979,-0.01755322037,0.0001473236611,-0.01921243978,0.005640957338,0.01031402496
-1.134163835,0.007389063227,0.01935976153,-0.005024412474,-0.01621382927,0.009688790254,-0.02462383657,0.01913742643,0.008499879116
-1.131520832,0.00273412266,0.01334066674,-0.0004324614367,-0.0096936188,-0.0004604863702,-0.01552037052,0.009211076336,0.006906530381
-1.129971478,0.005675625207,0.01033252818,-0.004364618341,-0.01502597954,0.002926710713,-0.02252777657,0.01455882733,0.01068473993
-1.121704026,0.006308347694,0.01131435568,-0.007724420465,-0.01718571204,0.0009741892295,-0.02213589092,0.007066953821,0.01051888222
-1.120947421,0.0006534751971,0.009873523379,0.0001976779328,-0.01401710987,0.00167895055,-0.01999863026,0.008049510862,0.007223349694
-1.149564771,-0.001501547329,0.007072541764,-0.004722245281,-0.01183000134,0.001154267646,-0.02377397252,0.01294716003,0.007799692723
-1.08873054,9.105922781e-05,0.008556742646,-0.01176923179,-0.01498005774,-0.0005049982737,-0.02080715519,0.006340966251,0.008535598465
-1.159145871,-0.003974348925,0.008982372894,-0.004531044705,-0.01968641047,0.0008903617009,-0.02403008454,0.01475116862,0.009372185174
-1.013622416,-0.00418507572,0.005714905659,-0.003397313893,-0.0115520302,-0.001192827078,-0.01942382449,0.008924490158,0.006848049635
-1.246641664,-0.001042975164,0.007394250372,-0.009332953076,-0.01488220938,0.001218355211,-0.02114332488,0.007263012513,0.008605943413
-0.980179755,-0.002918496831,0.005519236271,-0.006792275607,-0.01758340874,0.0001942586935,-0.02464670245,0.005587546159,0.01041152224
-1.380381159,-8.273060079e-05,0.005395067164,-0.002947321509,-0.01390186921,-0.0005780283228,-0.01945029443,0.010795631,0.007410423719
3.723541209,-0.001700937614,0.004764890874,-0.006837818682,-0.01149767407,0.00183847449,-0.0224313079,0.01022137299,0.007952159969
5.5417106,-0.002433998997,0.0071783575,-0.007961071863,-0.01918808173,-0.0004065168315,-0.02150960808,0.009792971133,0.01029046966
5.021828119,-0.006255804003,0.003238547478,-0.004172556458,-0.01953225901,-2.215473095e-05,-0.02221327144,0.01215923006,0.007877453001
5.271592024,-0.01262981527,-0.005201362536,-0.007296346142,-0.01543984466,-0.00133209846,-0.02344326131,0.00760594727,0.006023386772
5.125381169,-0.01182438025,-0.004520613475,-0.009548636298,-0.01792251703,-0.002555078752,-0.02336719555,0.00685836391,0.006838693828
5.248569053,-0.01315906383,-0.006106769886,-0.007558683731,-0.01754335061,-0.001558078348,-0.02548169044,0.006716585247,0.008273812433
5.162205716,-0.01127333654,-0.002748563947,-0.007093907858,-0.01215121763,-0.001904465405,-0.02304123991,0.01106883923,0.009385927747
5.197181138,-0.008086585067,0.002551974698,-0.009254437233,-0.01458627153,0.001022806049,-0.02352957201,0.01146562724,0.007824466746
5.173629605,-0.01005485336,0.001474774665,-0.008673269089,-0.02011044367,0.0009804593377,-0.02329060671,0.01006174744,0.008061887014
5.189088104,-0.006056890173,0.001958297904,-0.004946580765,-0.01260235093,-0.0002765422769,-0.02098137083,0.01193367789,0.009864555856
5.097242462,-0.001883717592,0.004028157547,-0.006792237093,-0.01247859773,0.001596575801,-0.0222041984,0.008848690873,0.00864907321
5.270966751,-0.0006725779222,0.004753692518,-0.006981392103,-0.0157840294,0.001227890541,-0.02273919158,0.009022063958,0.009383872056
5.090260186,-0.001785449253,0.006606753012,-0.005902670962,-0.01537971889,0.0008513912177,-0.02106723754,0.01071370645,0.009214544807
5.32789907,-0.0002972948888,0.008578562495,-0.007010064713,-0.01096729985,0.0006936168395,-0.02119493456,0.01258195967,0.008947172578
4.902080388,-0.000595980456,0.006923480497,-0.007214144578,-0.01567263148,0.004207715221,-0.022140233,0.01843236357,0.0102815607
5.629637227,-0.002452331604,0.007406771297,-0.006381643479,-0.01724146893,0.003871688267,-0.02702977517,-0.009279969089,0.009497613921
1.292291053,-0.001861959714,0.01058109391,-0.006802559979,-0.003310704392,-0.00743313915,-0.01428451889,0.02388307518,0.01071143851
-1.620721901,0.0003131626582,0.002740375862,-0.007008748257,-0.01145790786,0.00614831304,-0.01851849308,0.01821126998,0.01019097114
-0.9052752555,-0.001205127794,0.008716714189,-0.007123790061,-0.02443293412,0.004867050299,-0.02950991759,-0.008347840973,0.009103920166
-1.314106381,-0.001266374845,0.01078130729,-0.002887509461,-0.005893876553,0.001288842849,-0.02133946005,0.01630764244,0.0107997485
-0.9717162061,0.002446495618,0.01144261509,-0.003592135857,-0.003895186588,0.0005760127403,-0.01384612259,0.02079169251,0.009693514535
-1.202967552,0.01319995811,0.0129284491,-0.003331386873,-0.0261684355,0.007683607622,-0.02328740549,0.006243296992,0.01031766072
-1.088161713,0.009559930471,0.01963576615,0.002019195792,-0.01468372947,0.006361950604,-0.02407267877,0.003442497696,0.01032104061
-1.162446215,0.009929207223,0.02083878624,-0.003328359948,0.003107735963,-0.0008305688694,-0.01622546936,0.01862957873,0.009026968205
-1.156525335,0.008287700208,0.008417039223,-0.008090750509,-0.01858995976,0.001207409123,-0.02147956509,0.01165586329,0.01050191411
-1.158020015,0.005502996785,0.01317291805,-0.001783673104,-0.02550642027,0.00381555576,-0.02326245863,0.006755415076,0.009719768451
-1.128538846,0.006115114158,0.01775918656,-0.002508792918,-0.005467867134,0.004057162483,-0.02169921608,0.01630803898,0.00862965028
-1.130256249,0.00144183917,0.008616957939,-0.008132435859,-0.009031712215,0.00130570423,-0.02167277124,0.01035780365,0.007738200443
-1.173130229,0.001559293546,0.005615692291,-0.006583522869,-0.02407223058,-0.0005638193136,-0.02160135492,0.006855891313,0.009519099008
-1.158382911,-0.000865095126,0.01164130448,0.000926605877,-0.01586553154,0.0004803248732,-0.02381079524,0.01036823188,0.008228075503
-1.161522328,-0.002138908783,0.007655920401,-0.005733528783,-0.008287357985,0.0005518067587,-0.02210657106,0.01289525012,0.004878536364
-1.147075079,-0.00390520249,0.003563184208,-0.009901850547,-0.02036197777,-0.001248795912,-0.02737837441,0.007397225614,0.007661129943
-1.102805614,-0.001440779192,0.008731840382,-0.00290966026,-0.0205450354,0.002116160687,-0.01717132761,0.01017504615,0.008979704559
-1.094521086,-0.001776885441,0.008660375593,-0.004205961771,-0.006694325705,-0.001362037606,-0.01842766192,0.01287678266,0.009026267658
-1.123408896,-0.002452625072,0.002188609269,-0.0112347016,-0.01622338069,0.000819626879,-0.0343421494,0.01251538424,0.009252415386
-1.109963413,-0.002557371023,0.005618036556,-0.006683932118,-0.01932991755,0.001333742846,-0.01493608964,-0.0008554337421,0.007350194617
-1.157264393,-0.002985350974,0.008963914135,-0.0009512261155,-0.01269061402,-0.001822799629,-0.02247302821,0.01187225485,0.009408453014
-1.151242439,-0.001403721665,0.002926850178,-0.01040745661,-0.01171598886,-0.001689344673,-0.02568398321,0.01563790587,0.009389427239
-1.131967508,-0.006673553493,-0.002212757173,-0.01145938269,-0.01867980608,-0.0004024238029,-0.0188657263,0.0002832853518,0.004968767463
-1.155023399,-0.01304340232,-0.00123022329,-0.004417914952,-0.01871410737,-0.0008254945868,-0.02825775728,0.01296428136,0.008718626632
-1.083722661,-0.01208637809,-0.003286451773,-0.008141187556,-0.01175089458,-0.002104747016,-0.01955857233,0.009602614123,0.007872473124
-1.151929142,-0.01131670836,-0.008713596407,-0.01307020861,-0.01865277952,-0.000879696268,-0.02393678486,0.008362969678,0.00763706992
-1.118424637,-0.009194562973,0.0003778926049,-0.001879693625,-0.01906714821,-0.0004240207266,-0.02766134338,0.008239841533,0.009963284477
-1.118272046,-0.008861062723,0.00239000572,-0.008342529831,-0.009968925855,0.0004003800458,-0.01884794684,0.008931263033,0.006294610556
-1.135145946,-0.006727345403,-0.000782841246,-0.01381165808,-0.01365278231,4.467818644e-05,-0.02529348612,0.01093818021,0.009072028374
-1.179640058,-0.003107302472,0.002223429992,-0.002300091022,-0.01661382726,-0.0003541914671,-0.02283671806,0.01020311948,0.01129733675
-1.176320989,-0.003670011171,0.006878089133,-0.006188562823,-0.01227421584,0.001699997695,-0.02047882478,0.011453461,0.007407123665
-1.103956078,-0.002985718773,0.006575748652,-0.01234401816,-0.01046695807,0.002987165312,-0.02457233802,0.008338998018,0.007423544437
-1.132827613,1.373456679e-05,0.006298081315,-0.004224913439,-0.01871670263,0.001607795979,-0.02086259692,0.009797549939,0.009936250786
-1.124760013,0.0005470520343,0.008260100023,-0.00160661256,-0.01461367826,0.002649201058,-0.02262730131,0.01168118173,0.009162740658
-1.144432267,-0.0005343629821,0.00921752959,-0.009324541369,-0.009106673231,0.0006886410759,-0.02214475132,0.01339349088,0.01002190902
-1.105003426,-0.001056574368,0.00710673729,-0.008936186681,-0.0114022327,0.0007156235009,-0.01617755934,0.001200269646,0.008899797804
-1.155394187,6.934893817e-05,0.009930133847,0.003047646621,-0.01804364413,0.004349686726,-0.03483041161,0.02447819958,0.01139340289
-1.099327251,7.346116155e-05,0.005850270961,-0.009201743667,-0.01511368792,-0.0006728844828,-0.01357515698,0.002388125194,0.006766918322
-1.145048107,-9.865919397e-05,0.004193464908,-0.01330293072,-0.00457677267,0.001926757233,-0.01908767235,0.01229228691,0.008017597866
-1.109550801,0.000375709045,0.01085297794,0.004660498531,-0.01490893418,0.001809384879,-0.02735062877,0.01794249581,0.01312432469
-1.117909657,0.008345538287,0.01801139404,-0.001422371496,-0.01437250987,0.005310423114,-0.01328669189,-0.00127906861,0.006735788975
-1.13181464,0.01054862888,0.01839448261,-0.01162121107,-0.01190730287,0.005487533806,-0.02584699339,0.02217619579,0.01016517599
-1.148172348,0.009681967033,0.01518129645,-0.0006699808745,-0.008615286856,0.002280019124,-0.01777632085,0.004293071638,0.01044407983
-1.137260899,0.009530139397,0.01806554976,0.003560442236,-0.0135592538,0.004117834961,-0.01861823671,0.01305574085,0.008668776264
-1.102937288,0.006077885699,0.01491824202,-0.00683616551,-0.01597354516,0.001228257275,-0.02612173936,0.007905236514,0.008843290073
-1.063015027,0.006728546845,0.01369707333,-0.007000558211,-0.01094550859,0.003383767287,-0.01734122133,0.0125582108,0.008779090951
-1.161719451,0.00581233792,0.0138572728,0.0009160994773,-0.01662041861,0.002290442692,-0.02147211536,0.01290040967,0.008996022549
-1.175559975,0.001049284998,0.0103007896,-0.002748153196,-0.01687829066,0.001469592311,-0.02208247104,0.007479043587,0.007276848654
-1.113218012,-0.001996282474,0.005604410295,-0.01186923017,-0.01475444723,0.001876136601,-0.02212591603,0.01103790231,0.008839916539
-1.115196815,-0.0004639529877,0.007084988256,-0.00469821896,-0.01354133303,-0.001824778724,-0.02286128284,0.006479019525,0.008923560567
-1.096379931,-0.001651187943,0.009366612236,-0.002554458921,-0.01701769758,0.001696434528,-0.02067654212,0.01372217644,0.006276639365
-1.121085015,-0.002965521396,0.008510615661,-0.008114245082,-0.01552115446,-0.0002975882802,-0.02331836483,0.001486123064,0.007492821258
-1.13301196,-0.00234151619,0.005580978856,-0.01012094762,-0.01604121866,-0.002039689131,-0.02256122204,0.01944513699,0.009712661776
-1.143632933,-0.002461080165,0.003802421344,-0.001946599191,-0.01433335693,1.285772994e-05,-0.02363340343,0.007877948806,0.006983833916
-1.11423766,-0.0009188024501,0.008307360927,-0.006457735067,-0.01619391216,0.003462980063,-0.0219083212,0.002724270968,0.006493050292
-1.075236479,-0.002676536538,0.004871458961,-0.008684151291,-0.01255197978,-0.001531422332,-0.01945477528,0.01549586593,0.008923058156
-1.181416415,-0.001644295852,0.00126497237,-0.007096840126,-0.01699532881,-0.001065553319,-0.02188072086,0.01043130396,0.009557710308
-1.137943084,-0.00293035911,0.003345168697,-0.006379175272,-0.01757508897,0.00434814151,-0.02425402191,0.007494375983,0.006602112782
-1.178295277,-0.01441090688,0.0001152354955,-0.007999633698,-0.01444615304,-0.003075304839,-0.02290428369,0.007247528106,0.006457482116
-1.10434633,-0.01224279874,-0.005786001605,-0.006369536139,-0.01730043819,-0.003572388659,-0.02374532033,0.0146046707,0.008638603556
-1.128563831,-0.01161466544,-0.003136970218,-0.01299031265,-0.01970934239,-0.001769855498,-0.02233395361,0.009013502179,0.007924245683
-1.098372382,-0.01164032636,-0.0003939718105,-0.008191646895,-0.01722378802,0.001667745929,-0.02177592165,0.002810920978,0.007085249983
-1.112282144,-0.01018744316,0.0006551390323,-0.00215716071,-0.01098134502,-0.003348357592,-0.01975569944,0.01663927175,0.008569137887
-1.168248042,-0.007585616127,-0.004633708506,-0.01072781404,-0.01676294714,0.001517948713,-0.02235189523,0.006955536022,0.00899903504
-1.133322648,-0.005973027249,0.004392425292,-0.009795195371,-0.01725308383,0.003480071265,-0.0273302069,0.007585790454,0.008488397409
-1.147793239,-0.004994633125,0.003998045767,-0.002801037041,-0.01220289941,-0.002220051565,-0.02112825204,0.01105086305,0.008753250022
-1.121833489,-0.002940259009,0.002721447308,-0.005608108036,-0.01047300229,-0.001158164782,-0.0199144572,0.0138541082,0.01034271215
-1.152991632,-6.037486864e-05,0.004940038578,-0.01236771804,-0.01685379502,0.003179141446,-0.02242126761,0.006904658581,0.009047118097
-1.108533192,0.0003320938967,0.008319863905,-0.003706703118,-0.01478735617,0.0006505112436,-0.02280612726,0.00883031092,0.009004404137
-1.13420533,-0.001802257381,0.007492112034,-0.004452418,-0.01047229144,-0.0001909882467,-0.01747239949,0.02114531346,0.008824073352
-1.029609041,0.0004207341427,0.007734146895,-0.009724809507,-0.0164401584,0.00529833714,-0.02173318857,0.002997378059,0.009673817582
-1.300942754,-0.001119630317,0.006834468973,-0.004385840846,-0.01768425816,0.002217564273,-0.0239419268,0.0103879065,0.009638130952
-0.8711487837,-0.0006830314477,0.004308233675,-0.002096266156,-0.00871354973,0.001148836945,-0.01882441407,0.01366992722,0.01062260938
-1.627057747,-3.674632536e-05,0.009282120714,-0.005732613635,-0.01325600598,0.002045516121,-0.02269485969,0.0103429046,0.008337351102
2.434057916,-0.0008520073593,0.008770257709,-0.005894887112,-0.01812294377,0.001333675168,-0.02516687881,0.00685217061,0.008889411327
5.739726342,0.003241771688,0.01137306637,-0.002531194535,-0.00940212097,0.001436013924,-0.01836053406,0.01270414733,0.009208426886
4.940218297,0.01234140038,0.01864580172,-0.00265814666,-0.007573451632,0.003476738141,-0.01823206316,0.01526000773,0.01091601529
5.381170469,0.007689943518,0.01736220224,-0.002518632364,-0.01576608771,0.004907342969,-0.0213781018,0.008920169424,0.01010625261
5.083373943,0.009429398649,0.01595834683,-0.003518623845,-0.01567727498,0.005607029891,-0.02003369896,0.009261464666,0.01008774079
5.237248948,0.007389944186,0.0147095207,-0.003288117519,-0.008310873484,0.002627588535,-0.02203520456,0.01121571898,0.009352438403
5.13843625,0.005251777895,0.0124262944,-0.004277542263,-0.01608948592,0.0004784320134,-0.01959194483,0.01047336525,0.01045074744
5.221321168,0.004749390224,0.01242019518,-0.003418528009,-0.01527968448,0.002420973485,-0.02235422008,0.009093925665,0.008838002793
5.191408289,0.002655360814,0.01291286355,-0.005667942367,-0.01016249625,0.002113838315,-0.02131941424,0.01284842053,0.008387819319
5.20864847,0.0003347851055,0.01037202721,-0.004962576379,-0.01201719454,0.0008958453611,-0.02068957639,0.01308817736,0.007165857374
5.134101816,-0.001126774431,0.00610192548,-0.00588707114,-0.01946697465,0.0008940758992,-0.02322832246,0.006023080488,0.007465128329
5.274063131,-0.001124671962,0.006410661575,-0.005660600016,-0.01180111581,0.001473631628,-0.02163684891,0.009565232018,0.00833543478
5.052282529,-0.002470738387,0.004996657757,-0.007509949479,-0.01258023301,0.0002272944241,-0.01976317926,0.01287676602,0.007571009877
5.346320135,-0.003593561325,0.005990764625,-0.00725589218,-0.0190632035,-0.0005398661301,-0.02618974844,0.00746195956,0.009982279812
4.906896486,-0.001266842356,0.009765229344,-0.00543171936,-0.01591260323,0.0006649465104,-0.02079258606,0.01420920298,0.008349818894
5.680848168,-0.0006858535172,0.00601441352,-0.005379433346,-0.01463606636,-0.001586355286,-0.02096016888,0.01071882889,0.007986041139
2.592807058,-0.001260623097,0.004925872044,-0.006112141405,-0.01931783808,0.002993330391,-0.02278925961,0.01694779843,0.008270927997
-1.661965017,-0.004124610384,0.005580271435,-0.004302227038,-0.02101371373,0.002865272024,-0.03416387107,-0.01434949261,0.009481985263
-0.8694811606,-0.002374226786,0.007215739666,-0.007281731525,-0.0008231755534,-0.008046671431,-0.005484395232,0.01942991959,0.006427187507
-1.28540107,-0.006233629308,-0.005435527326,-0.006830405757,-0.01139049073,0.002511494039,-0.01972791493,0.01966191142,0.0103938377
-1.016275746,-0.0147749427,-0.003096437958,-0.01261202358,-0.02888860118,5.664945395e-05,-0.03590824502,-0.003110075895,0.00686669111
-1.236775324,-0.01114874345,0.001910453761,-0.003956019177,-0.01016727747,0.0001875981741,-0.02268415328,0.006318701214,0.007865277335
-1.112118975,-0.01434157279,-0.003436836489,-0.008142334293,-0.007078867159,-0.006723954757,-0.01618952298,0.02296409002,0.008770211945
-1.122740424,-0.007311550783,-0.008233534344,-0.01077838383,-0.02838849355,0.0007998241394,-0.02456941184,0.00679852979,0.00903553489
-1.122187264,-0.005632204828,0.001149303358,-0.0062134169,-0.02413951554,0.005902833141,-0.02718580676,-0.002866984011,0.007657984136
-1.168374745,-0.009299518091,0.004318778301,-0.005744943451,0.0004790931222,-0.003683955117,-0.02131063427,0.01705413849,0.007964570137
-1.129846681,-0.003933874509,-0.001907699123,-0.01309323791,-0.01737700998,-0.002230568062,-0.01838388268,0.01480326352,0.01041521616
-1.151334526,-0.003043479291,0.002054306956,-0.009510080854,-0.02522917217,0.002148269341,-0.02394239266,0.01163162637,0.00970278785
-1.106089663,-0.003549347948,0.01004339352,-4.699123757e-05,-0.01052711174,0.003368415327,-0.02296714666,0.01332516646,0.007910602198
-1.118672501,-0.003590924719,0.005196971526,-0.008383362054,-0.003519021085,0.002387406877,-0.01889259029,0.007532420242,0.007755586357
-1.151555144,0.002612452948,0.006843339811,-0.008520565327,-0.02094151429,0.0006806157773,-0.02522800503,0.006437119129,0.0117915299
-1.145404022,0.0008164540429,0.010742996,0.0003464024198,-0.01736681108,0.002872768241,-0.01995535172,0.006873100465,0.009345380439
-1.147669744,-0.001344014522,0.006214373635,-0.00478693862,-0.004948676745,0.001055351384,-0.02069792128,0.01587662192,0.00602557166
-1.114452644,-0.000647922849,0.006454140744,-0.01017282977,-0.01312646702,0.001318861849,-0.02557495764,0.009565113589,0.009046633721
-1.09408035,-0.0001456456678,0.008615559576,-0.004485942257,-0.01822906012,0.002850820423,-0.01581546223,0.009223649881,0.01113513382
-1.136099776,-0.0001311775658,0.009034627171,-0.002892148512,-0.01334541026,0.001425193091,-0.02452370884,0.0173396934,0.01050216087
-1.118250865,0.0003095441896,0.005911194922,-0.008349767702,-0.01466997666,0.003661418659,-0.02340828737,0.01048105138,0.006334561414
-1.111021736,0.008060919502,0.01571237357,-0.004058943759,-0.01300825197,0.004549085609,-0.01722838038,0.0003061485545,0.009545816156
-1.138857843,0.01184319484,0.02029282697,-0.0007730986765,-0.009593561932,0.0011459029,-0.02306071566,0.01696575403,0.01344754354
-1.132667639,0.01030483587,0.01593719718,-0.004467696481,-0.007017323669,0.002738913373,-0.02054139486,0.01215151488,0.008375686241
-1.106783479,0.01113048221,0.01569123229,-0.004152206108,-0.01296603143,0.006010889566,-0.0187274782,0.009687588569,0.00794766496
-1.162330192,0.005160099664,0.01487772666,-0.001691024964,-0.01543528362,0.002386570591,-0.02576501819,0.0126020416,0.0107146665
-1.119790421,0.003763737511,0.01471216281,-0.005593662847,-0.01152353368,0.003947439374,-0.01928791327,0.01167447199,0.00984172048
-1.112172527,0.005614596971,0.01209281349,-0.004383976379,-0.01268982171,0.002305519209,-0.02036200729,0.01069866924,0.008531584056
-1.123911401,0.002059694044,0.009744002562,-0.002164552721,-0.01899901322,0.0008605244953,-0.02486044588,0.00784088314,0.007357977086
-1.149180775,-9.081536127e-05,0.008537008539,-0.006681974574,-0.01036745211,0.0006455863218,-0.02292309034,0.00979957541,0.008669931235
-1.150490837,0.002087948675,0.009793182597,-0.008109080556,-0.01387198826,-0.0001704708599,-0.02344465061,0.01099840345,0.008411594349
-1.129792607,-0.002463220496,0.006192496239,-0.003399918857,-0.02003929893,0.0013755171,-0.02071419206,0.01009783968,0.008017596097
-1.166950923,-0.004450877018,0.005778982764,-0.006522764493,-0.01692156208,0.0008906954287,-0.01973837115,0.01110710314,0.006804313633
-1.12944773,-0.002565685666,0.006666673966,-0.007831623978,-0.01105695958,0.001187701453,-0.02451395782,0.009200621887,0.00827429615
-1.100288029,-8.50847326e-05,0.004713391558,-0.005474723971,-0.01611851781,0.0003080471696,-0.02291675329,0.00606438791,0.008261238126
-1.119608859,-0.001081840567,0.007871375927,-0.002843897198,-0.01654498389,0.0001799481885,-0.02437730613,0.01117911963,0.007289613022
-1.127830805,-0.003666590626,0.005657759991,-0.004859778061,-0.01085659761,0.0007024554749,-0.02263928385,0.01258828484,0.007141605343
-1.131290917,-0.003017322275,0.005966514569,-0.004446571451,-0.01271649842,-0.0004471351569,-0.02086276888,0.001827095863,0.008324661793
-1.155683911,-0.005214018517,0.004871983699,-0.01392995437,-0.01806553639,0.004293412265,-0.02964169368,0.01920830636,0.009538800063
-1.096281026,-0.01270001262,-0.005444754002,-0.005676027746,-0.01873166353,-0.003881540886,-0.02280309727,0.006548629311,0.006043178987
-1.101551688,-0.01282251741,-0.004775051942,-0.0004187613233,-0.01451679298,-0.000797135168,-0.0132833408,0.00721980226,0.006094257803
-1.158882414,-0.01093824712,-0.003503989539,-0.01525776369,-0.01634211444,-0.00172592289,-0.03453088085,0.01450901855,0.009609221478
-1.144364674,-0.01040554195,-0.001939398258,-0.01448270468,-0.01875248021,-0.001231888607,-0.0208967752,-0.0001035181172,0.0073378249
-1.130875742,-0.00843507485,0.003132964964,0.001634295467,-0.01223899592,0.0008640734191,-0.01822884025,0.01596990865,0.007130030834
-1.13306134,-0.009186386944,-0.0006096238122,-0.008247858151,-0.01437145744,-0.001103672393,-0.02500602837,0.01059471371,0.01002944984
-1.109320079,-0.005469107746,-0.0006486754414,-0.0139386592,-0.0146370821,0.001079362681,-0.02508976803,0.006881304241,0.009405187611
-1.083477045,-0.003237036412,0.003630535649,-0.004549271898,-0.01574375463,0.0008124150517,-0.02434132068,0.01095500803,0.009076922837
-1.136646788,-0.002860172761,0.007712661422,-0.001081379896,-0.01186073442,0.001814643678,-0.01797704031,0.009983200556,0.007855965855
-1.131822426,-0.002695426578,0.004164475211,-0.01155611175,-0.01551202572,0.004120364062,-0.02513706526,0.01358193651,0.008699436462
-1.1478186,0.0003139305436,0.005666709857,-0.01037192214,-0.0168177818,0.0007155271142,-0.02347116894,0.003202545959,0.0104797078
-1.116257443,0.0003388709653,0.00681062348,0.0003052806543,-0.01207648316,0.002259455409,-0.01895120275,0.0173051185,0.009043047089
-1.124855013,-0.001286999412,0.01080727508,-0.00471868521,-0.0129141297,0.0007512036096,-0.02113287088,0.007281543154,0.008087217088
-1.145522193,0.0003695251296,0.005590808372,-0.008172388369,-0.01474575786,0.001166556029,-0.02136907661,0.01386430633,0.01049998973
-1.121738145,-0.00050607282,0.004801671848,-0.003331628867,-0.0150018137,0.001678123239,-0.02166845375,0.009319603001,0.01077090283
-1.147378051,0.0002390728351,0.01113928834,-0.0039159729,-0.01001216197,0.004680053119,-0.01832756214,0.01104491015,0.006591490502
-1.145368382,-0.001278472412,0.003867921212,-0.008844459003,-0.01576427403,0.003261919892,-0.02184909438,0.007973788178,0.009392315916
-1.14174937,0.003664883898,0.0090804478,-0.003541725119,-0.01292884245,0.001120930707,-0.02495156375,0.0096848456,0.01092743665
-1.135316653,0.01267221723,0.02010446516,0.0001132287826,-0.008682650315,0.004693924288,-0.0176045226,0.01473618087,0.01059442437
-1.12802439,0.008601626821,0.01922532506,-0.003556748247,-0.01178633647,0.002722643392,-0.0208583476,0.01023226625,0.008443892345
-1.101060365,0.007541744134,0.0152144514,-0.005491594706,-0.01666663636,0.004180488456,-0.02041901932,0.0145567628,0.01066792793
-1.133818991,0.007066004784,0.01609267842,-0.0003522271717,-0.01137411246,0.002348457368,-0.01901315438,0.007770589738,0.008788091378
-1.117465053,0.005182026506,0.01465721144,-0.003014000249,-0.01022187505,0.00203902072,-0.02303799445,0.01572749054,0.009149683906
-1.120843805,0.006066784491,0.01082890723,-0.005591589079,-0.01700223794,0.003000287576,-0.02177240959,0.008323221482,0.009224595292
-1.145549949,0.002506497093,0.01238597365,-0.003163089679,-0.01506669649,0.002928204421,-0.01781673688,0.004377125139,0.009049899769
-1.130604378,0.0009468162316,0.01113255228,-0.00187970385,-0.009533515461,0.001569486021,-0.02600927295,0.01589892839,0.009922693559
-1.140604217,0.0009206729287,0.005137206206,-0.007067618386,-0.01521804353,-0.0007399772894,-0.02152901389,0.007023262273,0.006403937601
-1.102162247,-0.0006656726075,0.009676361274,-0.007233357483,-0.01848821493,0.001583371896,-0.02216750493,0.005195003975,0.008140647261
-1.20013848,-0.003062717624,0.009056962094,-0.002374147611,-0.01258590203,0.001256889435,-0.0249789344,0.01936815218,0.00843044106
-1.030561571,-0.002990884697,0.002911730301,-0.006261089052,-0.01531877547,0.001186803813,-0.02038958559,0.007788021808,0.006834373693
-1.16079138,-0.0008130186161,0.008060037636,-0.009623817325,-0.01708116707,0.001761696417,-0.02004711152,0.004043759888,0.008758141269
-1.010508867,-0.003512423779,0.008208666729,-0.005262130284,-0.01583530702,-0.0005165082462,-0.02442543111,0.01536828524,0.01047411949
-1.307287876,-0.002825225512,0.004020389455,-0.005397776878,-0.01429994486,0.0001949735223,-0.02045631372,0.00642981861,0.00714894713
-0.8482668134,-0.002263780597,0.005845784416,-0.006528706273,-0.01578855067,0.0004914109987,-0.02276353202,0.01025740857,0.007114176312
-1.635156636,-0.00181575348,0.009491046862,-0.005532417182,-0.01330142234,4.347802658e-05,-0.02362369603,0.01101248432,0.01058687853
1.481958865,-0.007092469987,-0.0008287420608,-0.005998963146,-0.01365695321,-0.0008098539904,-0.01993129709,0.0106768131,0.006936371447
5.729360239,-0.01368295812,-0.00728686506,-0.008827886082,-0.01812333276,1.125214604e-06,-0.02473851707,0.007072564538,0.006769452324
4.908142134,-0.01348779875,-0.001959685656,-0.008574123412,-0.01781302846,-0.000536289599,-0.02269282242,0.007920111815,0.008595300581
5.346004095,-0.01160006365,-0.00632212058,-0.008727207944,-0.01446122489,-0.001192511834,-0.02161141778,0.01013777187,0.008008815919
5.05005031,-0.007499362885,-0.001524394833,-0.008231104008,-0.01567131407,-4.467204164e-05,-0.02547148479,0.00876386462,0.008210856301
5.249397443,-0.00750432752,0.002901812691,-0.008187360372,-0.01655454926,0.0004463901366,-0.02196574813,0.008851237651,0.00909664802
5.1049959,-0.010283141,0.0007782470355,-0.006418058789,-0.01499355799,-0.001923640135,-0.02144088555,0.01191320145,0.01018464537
5.258647243,-0.005316069046,0.001724311106,-0.006993872352,-0.01523297852,0.002693129095,-0.02333018539,0.009400842394,0.008866024979
5.176250983,-0.002810848147,0.002748202357,-0.007433063223,-0.016251137,0.001295578386,-0.0208597311,0.01015630138,0.009071897463
5.182004971,-0.002260303251,0.00496059722,-0.006116904436,-0.01465365473,0.001366494998,-0.0214824881,0.006967158988,0.008447096068
5.180764062,-0.001318035374,0.005131347949,-0.006739394287,-0.01222677868,0.0001775808815,-0.02117708227,0.02765082547,0.008967540165
5.225557606,0.001621942834,0.006909582971,-0.006482387741,-0.01424842186,0.001719794298,-0.02310076718,-0.01208085656,0.00902359544
5.131563892,-9.505949718e-05,0.0132541299,-0.00435332224,-0.01112990035,0.006063631077,-0.02134857252,0.02060491233,0.008670353901
5.285149872,-0.0004161233394,0.002336227977,-0.005044433443,-0.01567610816,-0.006248741902,-0.0262768655,0.01277404735,0.01090315846
5.028429513,-0.0001326130981,0.005634833022,-0.008541161099,-0.01591636762,0.008988912114,-0.00562948868,0.004896851891,0.008666307958
5.51975459,-0.0007040565446,0.01177894207,-0.008675402469,-0.00752476203,0.04117013013,0.0003889654849,0.06713151846,0.009850629019
3.606269038,-0.001002961204,0.006851826063,-0.00465256541,-0.01245922606,0.005225374665,-0.01403507559,0.02413262674,0.01007468781
-1.435227092,-0.001625535997,0.005902803729,-0.005182815981,-0.01669086502,0.01040346201,-0.008124306976,0.02485045337,0.009748167432
-0.9305995587,0.006096819795,0.02139533946,-0.004835803406,-0.01366171912,0.02355161904,-0.0143244934,0.0358200797,0.008531400942
-1.226555646,0.009238246913,0.01868537777,0.001834991089,-0.01740144399,0.009446614304,-0.02454135036,-0.01386103722,0.01083315108
-1.102907364,0.009113801163,0.0143718794,0.0003256194634,-0.001338495167,-0.002270035326,-0.00471052267,0.04597187398,0.01235948962
-1.196811477,0.01170390266,0.01387007459,-0.004071618766,-0.01322881643,0.01992085082,-0.00768844494,0.03125479088,0.00891370252
-1.11157966,0.00561973294,0.01641828632,-0.007312956358,-0.02773297023,0.01124674561,-0.03089980228,-0.01440210171,0.006497662797
-1.113122077,0.006144458325,0.01723826995,-0.0001670112616,0.003261176809,0.008039997471,-0.01250262376,0.04472200897,0.01402919787
-1.12660751,0.00330618696,0.01403956621,-0.008196173868,-0.008403255164,0.001811206704,-0.006224557774,0.01827704345,0.009945182145
-1.142409809,0.001923343802,0.006190473711,-0.01073080979,-0.03608996982,0.01528447984,-0.0226792164,0.02119679467,0.006576889118
-1.127182801,0.002313259483,0.006458298416,0.003363718726,-0.01832383834,0.00811104743,-0.02015295778,-0.003052259123,0.007942750156
-1.087091211,-0.0009399771262,0.01563764885,-0.005796963541,0.009981266919,-0.001035790111,-0.01541640621,0.02731666555,0.009477974282
-1.139559223,-0.001275542123,-0.0003402482806,-0.01263943364,-0.02519633465,0.002903297027,-0.02046779499,0.01800890309,0.0105573626
-1.159873088,-0.004666715453,0.0047581662,-0.003950877832,-0.02945027197,0.008209087366,-0.01860365319,0.006400768863,0.004225660134
-1.128969749,-0.001776614171,0.01195199076,0.001005244916,-0.005328712463,0.006869091131,-0.01786010617,0.03147532846,0.008484693239
-1.128388416,-0.003933650951,0.00561012237,-0.01019527516,-0.00879701945,0.003019783512,-0.01866006823,0.006743188789,0.006962283167
-1.136174204,-0.0007265428601,0.007624266379,-0.01029713638,-0.02982343976,0.004773567018,-0.02057131559,0.01622148203,0.009517327787
-1.136403898,-0.0007528369169,0.006631066044,0.001221435999,-0.01408211489,0.003993721803,-0.02127006665,0.005755408941,0.008681907534
-1.105932648,-0.002683005707,0.007023676352,-0.008544921784,-0.003802703873,0.001990049686,-0.0184059007,0.02168184084,0.005097383527
-1.161749359,-0.001450522733,0.0003395658038,-0.010569541,-0.01966947166,0.002422760756,-0.02720489331,0.005817733307,0.01099336438
-1.144179042,-0.01049475424,0.0006839868697,-0.006829816754,-0.02256991055,0.001437080714,-0.01870208714,0.01289406337,0.008108797628
-1.11067183,-0.01494108212,-0.002280429042,-0.005515829345,-0.009531496241,0.001849241139,-0.01471830179,0.02536728433,0.005892777948
-1.132746928,-0.01318016803,-0.006723372692,-0.01421176648,-0.01827602768,0.0003452664974,-0.02522485473,0.007725484184,0.006961506593
-1.113392572,-0.01120462777,-0.003136131473,-0.008505267312,-0.02192737942,0.002695785948,-0.01996638354,0.007807455295,0.009461092971
-1.127372963,-0.006964006609,0.002675812152,-0.001752647017,-0.01123551625,-0.0002582208817,-0.01967778062,0.01050965005,0.007975952337
-1.15788637,-0.007691388897,-0.002701625141,-0.01373959906,-0.01396382382,0.001037891778,-0.023981735,0.01944998584,0.007894976423
-1.153303591,-0.006327232331,-0.002105951808,-0.009703968625,-0.01698489766,0.0007776257405,-0.02038065712,0.004819073492,0.009433607783
-1.106661823,-0.00262094963,0.007311383487,-0.002710377786,-0.01308247843,0.002529500098,-0.02338419107,0.01468695915,0.01116814432
-1.146878284,-0.004337528513,0.006841968581,-0.01009292387,-0.008616798206,0.004964063226,-0.0193472005,0.01895885907,0.007626321981
-1.152750003,-0.002068247401,0.001988979609,-0.01008968354,-0.01820952547,0.001758005499,-0.01924089306,0.007750618868,0.008563896062
-1.126622797,-0.000203207541,0.008263806595,-3.881222911e-05,-0.01697150781,0.004570220292,-0.02458190816,0.01086223634,0.009857021793
-1.15933919,0.0002221181305,0.01000110552,-0.006851964765,-0.005259180541,0.001951081916,-0.01756031489,0.009392524366,0.008324534674
-1.147651512,0.001175384831,0.00503774964,-0.01087437344,-0.01059968365,0.002453633862,-0.02183093286,0.01403444083,0.008703654542
-1.129988824,-0.0001786039068,0.006997950191,0.0006538010964,-0.01994671989,0.004184792537,-0.02084181752,0.01193558586,0.009511792788
-1.123440756,-0.00343745377,0.009194237242,-0.003223177763,-0.01105086466,0.003166764296,-0.01838847282,0.01443291022,0.008707334739
-1.142381415,-0.001890016424,0.006865236065,-0.008943305807,-0.01165152013,0.004124323703,-0.02433866132,0.01376521848,0.008533233818
-1.165575908,-0.0007860309304,0.004542926357,-0.007617440718,-0.01884654284,0.001046941484,-0.01851781663,0.008494314017,0.009170124923
-1.122539125,0.001533827867,0.009826155817,0.005422213934,-0.01431794266,0.004911478875,-0.02131001417,0.013458617,0.007792652815
-1.12261925,0.01027055288,0.01813234296,-0.007559023424,-0.006980745367,0.005225989138,-0.01866525445,0.01714254779,0.01126878139
-1.132458338,0.01111967512,0.01277697969,-0.01507448418,-0.008790961696,0.0003607776604,-0.01664201568,-0.005725887182,0.009635274484
-1.144256417,0.009075804102,0.02384351775,0.0138524194,-0.0174405866,0.00810865254,-0.02774716983,0.02781832888,0.01138393726
-1.110488541,0.006517827707,0.01645221778,0.001068868711,-0.01540808778,0.002952592973,-0.01817512554,0.01273356269,0.006492004005
-1.142891825,0.005485243814,0.009091794781,-0.0115211718,-0.01105831067,0.002461653569,-0.01812432074,0.004776448329,0.008850168199
-1.10875199,0.007672627057,0.0145814714,-0.01439645219,-0.006830982182,0.005097690958,-0.01973476249,0.02440664657,0.01176453745
-1.129102122,0.004124139416,0.01310080951,0.007174253291,-0.0185270576,0.002395545008,-0.02149216645,-0.004276876934,0.007728346512
-1.121286023,-4.769994984e-05,0.01065125759,-0.003367348341,-0.01757743494,0.005181883404,-0.01839679281,0.01925840649,0.005674582303
-1.16928825,-0.0004596239597,0.001816610513,-0.01066933447,-0.01145961906,0.001024099876,-0.02792783435,0.007642700728,0.01080649996
-1.110240917,-0.000258299714,0.01117722284,-0.008366552397,-0.01583463743,-0.000303830575,-0.01744751729,0.01168300682,0.008377775074
-1.102424512,-0.00245984319,0.009579961221,0.002022389953,-0.01433851994,0.0001158907057,-0.02554678965,0.01026819482,0.007696195945
-1.132127187,-0.005893843535,0.008573172919,-0.01163806048,-0.01531043837,-0.0005092367329,-0.01884896486,0.008651246829,0.006588725386
-1.093135993,-0.0003309122648,0.004437800551,-0.005019775021,-0.01248072195,0.002622833469,-0.02401182183,0.01440499958,0.009576418322
-1.1336744,-0.001885448498,0.005266943682,-0.003668308337,-0.02158852956,-0.000437433374,-0.02190851406,0.002024725579,0.007487821153
-1.145486358,-0.002510279619,0.009152549628,-0.005405382007,-0.01169779653,0.002219617987,-0.02109142169,0.01402655411,0.007728847922
-1.106255149,-0.00344579559,0.001726748617,-0.01198093752,-0.01584640445,-0.0007837073179,-0.01895614981,0.01034543541,0.009936320311
-1.144297692,-0.001612778296,0.007509486957,-0.0006296221879,-0.01338183048,-0.0002335686399,-0.02447669181,0.01287192949,0.008948610728
-1.155941163,-0.004906793271,0.006173305439,-0.005126498041,-0.01988460323,0.001419354879,-0.02355994199,0.009615537254,0.00764257785
-1.075484823,-0.01481064174,-0.00349783552,-0.01235259847,-0.01574476247,-0.003696793433,-0.02305249629,0.00785561963,0.005749688937
-1.085458855,-0.01125096367,-0.007003195856,-0.009593716564,-0.01928441856,-0.001852765254,-0.02223131896,0.01558791125,0.007709191441
-1.128638236,-0.01108900864,-0.004486787295,-0.00498626892,-0.01647814555,-4.760219194e-05,-0.02210466511,0.002714678263,0.006567323104
-1.164881257,-0.008218522571,-0.0009301265355,-0.01049957776,-0.01412135962,0.001435980113,-0.02037259279,0.01325532203,0.00781083634
-1.088367579,-0.008199172032,-0.0004549491312,-0.01005166968,-0.01393183507,-0.0005016248079,-0.02199381179,0.008058397036,0.00759588272
-1.096424235,-0.009981075612,-0.0008649981421,-0.004726338897,-0.01893656796,-0.0007773036977,-0.02371290797,0.0142420148,0.009831187669
-1.097118235,-0.00710673455,0.004170232993,-0.00598535975,-0.016428081,0.001117422473,-0.02438487415,0.00793392058,0.008854726361
-1.13201825,-0.002586413393,0.00435206963,-0.0102014869,-0.01199869498,-0.00133660542,-0.02191401947,0.0100902614,0.008906371135
-1.096953897,-0.002232089913,0.00326036947,-0.005698776758,-0.01321188864,0.001235187983,-0.02038672477,0.01378549274,0.009416687035
-1.125666067,-0.001638196428,0.005478968479,-0.004268182746,-0.01456466382,0.002441504928,-0.02058591783,0.007363691536,0.008685970832
-1.113884558,0.0003845773043,0.00978284156,-0.00843200733,-0.0118942035,0.001845416166,-0.02275644135,0.01138433365,0.009647385035
-1.118061245,0.0005539865736,0.0072224917,-0.006812647982,-0.01170803834,0.000803842625,-0.02254949585,0.009077381051,0.009852110439
-1.086938184,-0.0006641878219,0.004907450224,-0.003553524849,-0.01810052572,0.002580521019,-0.02036174813,0.01317515397,0.00869122873
-1.111457221,-0.0001381452371,0.008421924176,-0.005398996691,-0.0110106766,0.002237770593,-0.02255822834,0.01066865786,0.008663200284
-1.090280452,-0.0008515256878,0.008549424683,-0.007982183089,-0.01210822238,0.0009819842129,-0.02136148179,0.01086501399,0.01115385027
-1.203413032,0.000564443803,0.008674701227,-0.004268106266,-0.01273894717,0.00242024181,-0.02467761348,0.01071314637,0.009919117215
-0.9899078027,0.0002695341409,0.00567611699,-0.005488261745,-0.01637434093,0.002571471394,-0.02159016283,0.01024981962,0.00822262698
-1.355806447,0.004367042204,0.01116559887,-0.002787538388,-0.01011437961,0.00437972859,-0.01995716891,0.01176021999,0.008936574427
-0.1757583199,0.009687158011,0.01898053703,-0.001621389029,-0.01046260562,0.003737162955,-0.01972807323,0.01405103404,0.01204674881
5.214625404,0.008826546432,0.01697171174,-0.005307417633,-0.01291285742,0.003215859147,-0.02058624272,0.01086882798,0.009432105987
5.104911818,0.009397552255,0.01846013262,-0.004683086528,-0.01223354472,0.004627078206,-0.02049599691,0.01085623023,0.00868868072
5.205640512,0.006917837432,0.01264942503,0.0006052277615,-0.01222507036,0.002698341909,-0.02082078261,0.01252084882,0.009801815807
5.101709486,0.003515501337,0.01270784398,-0.001692484713,-0.01285346666,0.001328509435,-0.02164787335,0.008975572783,0.01114109992
5.205483209,0.00635998888,0.01415390908,-0.006666883922,-0.01535263542,0.002214684143,-0.02286409641,0.01150329611,0.008731203472
5.165915949,0.001379694461,0.01067242227,-0.006439387556,-0.0139315905,0.00192850728,-0.01996762164,0.01098871146,0.006592212649
5.191816979,0.0001164536133,0.008869891336,-0.00301579728,-0.01442151169,0.0007369663369,-0.01959403575,0.01186758025,0.009423590273
5.219195446,-0.000727551094,0.008329919869,-0.004752931874,-0.01540948239,-0.000106195655,-0.02269808569,0.009162162269,0.009010784387
5.144792738,-0.00103037464,0.008474346793,-0.008827555368,-0.01665632977,0.0005735294484,-0.0239145214,0.007402164063,0.00735540783
5.204405551,-0.00382750099,0.005489702505,-0.005386943622,-0.01686112381,0.0002214603102,-0.0226268501,0.009922272481,0.00662438496
5.176000665,-0.001475142582,0.006135286691,-0.003965391642,-0.01514216488,-0.0006822811814,-0.02081348867,0.01062453083,0.009338571307
5.157276811,-0.0005501237777,0.006171326358,-0.006783306832,-0.01201403017,0.0004267838879,-0.02241085176,0.01067155659,0.008571110443
5.166592127,-0.002795400037,0.00639453407,-0.006718078001,-0.0154408531,0.0009011785332,-0.02371093451,0.01152964116,0.009109178843
5.14416493,-0.002447184394,0.00760861331,-0.00557823735,-0.0179262764,0.001445817666,-0.02243464385,0.01043156203,0.007324883075
5.225878283,-0.00295668221,0.005733506472,-0.0064502733,-0.01599677534,0.0001401191872,-0.02125053615,0.008497846163,0.007064102214
4.809925193,-0.002282946557,0.005420699178,-0.006708969961,-0.01267113345,0.0008482544007,-0.02204903838,0.008882235328,0.008777837727
-0.6447365382,-0.008982172908,-0.00244342417,-0.008102460373,-0.016034964,-0.001485927106,-0.02431325446,0.008706522847,0.008795739037
-1.256489187,-0.01396966405,-0.003520707595,-0.01061175663,-0.01588537745,-0.000386729106,-0.02102667796,0.007838905592,0.005701663566
-1.106593898,-0.01115498832,-0.001793678852,-0.0083543976,-0.01658362789,-0.004491444702,-0.0282652491,0.01109907169,0.008079673671
-1.13758092,-0.01152888837,-0.004505756289,-0.009326721056,-0.01780423003,0.004265589357,-0.01679529207,0.01625442026,0.006327915432
-1.103243379,-0.008627335507,-0.000278475462,-0.005858972149,-0.02087613101,-0.002955534114,-0.02921278989,-0.01649450781,0.009542818166
-1.141915209,-0.008680823612,0.003004163226,-0.006950638788,-0.008162035509,-0.007612134275,-0.02815925619,0.03199749358,0.01087981028
-1.093392268,-0.006366938169,-0.005995728841,-0.009221807293,-0.01384244655,0.01098508358,-0.002708157415,0.01290025189,0.004563527444
-1.139358236,-0.004438408756,0.00584242969,-0.006709156324,-0.03102394812,-0.003410894575,-0.04163332204,-0.01597602506,0.008873365095
-1.153318266,-0.0004586732396,0.009030240609,-0.004302771473,-0.0003726062834,-0.001230627013,-0.01898862517,0.0349407974,0.01399555431
-1.171350097,-0.005581571827,0.003091477339,-0.004864321437,-0.007999436411,-7.670334329e-06,-0.01374539333,0.006254655658,0.004825283744
-1.154363582,0.0001352562709,0.006794875464,-0.0100020151,-0.03676416739,0.008189240568,-0.03256085237,0.005193673991,0.006643617679
-1.120213634,-0.0004336650776,0.006067118509,-8.706377973e-05,-0.006605311591,-0.0001419228941,-0.01825040687,0.005941543958,0.01049357617
-1.135607245,0.0003852911455,0.008920592891,-0.009667576502,0.00467543326,-0.003690812556,-0.01747147593,0.01650955418,0.01251167106
-1.131389265,0.0002850407214,0.002802782657,-0.00586154198,-0.02577339115,0.003829141288,-0.0309214191,0.01081692486,0.009580713925
-1.160797357,-0.003138910338,0.009999019776,-0.003883654482,-0.02258560605,0.002012509232,-0.01343916061,0.002742857463,0.005369052237
-1.121155265,0.001371439954,0.00971700761,-0.001171138835,-0.001742476983,0.004294680482,-0.02664885778,0.02672211911,0.01137520322
-1.154635979,0.0001897396396,0.002833333539,-0.01151353003,-0.01502677659,-0.001354170504,-0.02172854649,0.0006569984694,0.009124508602
-1.119317789,0.001796183911,0.0106657926,-0.004424171341,-0.019872675,0.003645567094,-0.02133690706,0.005594099088,0.01007573929
-1.17341864,0.007847131325,0.02007191289,0.00386923319,-0.007764688948,0.00360676178,-0.01997761723,0.02305066425,0.009197117186
-1.159924334,0.01183885504,0.01169460395,-0.006932367204,-0.005838047202,0.004816423651,-0.02039055544,0.004488621882,0.009252266786
-1.119731099,0.01032719657,0.01711473504,-0.002405178542,-0.01981740324,0.00540371017,-0.02914846575,0.01023641008,0.01292921949
-1.097673579,0.006958382618,0.02006463764,0.001523476395,-0.01124019732,0.00161741801,-0.01525332186,0.01190185308,0.0102691371
-1.130587698,0.003428982531,0.01237465677,-0.008915656755,-0.008380820538,0.004349388242,-0.01190166342,0.01606755295,0.006222712276
-1.134535282,0.006042968733,0.009762808632,-0.003877216912,-0.01804348617,0.003167126007,-0.03279246788,0.007755293672,0.01093164542
-1.110598231,0.005114829271,0.01572402342,0.001674402145,-0.01463755893,0.003054896848,-0.0192904176,0.002905559855,0.009314743822
-1.109091409,0.001301713702,0.01200692705,-0.007418182277,-0.008334127695,0.000140245294,-0.01940495335,0.01331552256,0.004315293535
-1.123585455,-0.0008850554946,0.00478179572,-0.008302645911,-0.01855710224,-0.0003519204128,-0.0249703304,0.01647287264,0.009567847052
-1.168811539,-0.0005206875777,0.008062244625,-0.002255467542,-0.02153789042,0.00197732337,-0.01906648693,0.003536642201,0.00813386348
-1.092816818,-0.001814912894,0.009361742751,-0.007888850941,-0.009095832264,-0.0003761664252,-0.02505063288,0.01154142651,0.008100856122
-1.105978422,-0.003712408921,0.003996424217,-0.009642780346,-0.01202646151,-0.000238517473,-0.02101494121,0.01302812412,0.006946103085
-1.120096449,-0.001396904297,0.004929906363,-0.002333768157,-0.02076823816,-0.001370760311,-0.02026461333,0.01118556243,0.007793805176
-1.084800165,-0.002583022465,0.01089751571,-0.001960071307,-0.02045770874,0.002130794727,-0.02445172005,0.008597951826,0.007983506729
-1.15095871,-0.004629624688,0.007296450099,-0.007590778694,-0.004712052668,0.001896164454,-0.02434175598,0.001824634063,0.00668816566
-1.09964474,-0.002167462722,0.003238507729,-0.007215781007,-0.01449152423,-0.003993020989,-0.02076307037,0.01561524653,0.01081461507
-1.141207144,-0.00105334784,0.004535682139,-0.001383634199,-0.02017844842,0.002565255544,-0.02017763754,0.00891868673,0.007423257624
-1.160259034,-0.006846536299,0.007532095396,-0.009074218247,-0.01427967182,0.002660208822,-0.02251747504,0.009467456707,0.005389936139
-1.117858689,-0.01132586087,-0.006309807503,-0.009767161338,-0.01214624458,-0.003895225025,-0.02985866622,0.007091440752,0.009809330771
-1.145038183,-0.0106277709,-0.002904153755,-0.004218828484,-0.02276275215,-0.003826290588,-0.01824855003,0.02150498244,0.006905302704
-1.142837954,-0.0119208591,-0.006516921299,-0.01941422695,-0.02387565713,0.004759925333,-0.02061816118,-0.004920096895,0.006221584183
-1.141742882,-0.01180611388,-0.0009074802691,-0.004572303586,-0.01156111868,-3.777714882e-05,-0.03417548245,0.0200792741,0.009537367322
-1.165107175,-0.006844426506,-0.00245921459,0.003510845028,-0.01258566922,-0.006525069932,-0.0112100133,-0.003325086041,0.008931330231
-1.141825465,-0.008076225654,0.002943326195,-0.01540019791,-0.01787896709,0.006187367386,-0.03048719512,0.009979132383,0.00706656752
-1.10025626,-0.006457395668,6.437550278e-05,-0.0121088067,-0.01911190347,-0.001944859047,-0.02709492643,0.02534201712,0.009338126466
-1.156744367,-0.004440399795,0.000432851938,0.002214876384,-0.005809911952,-0.0007671388263,-0.008297632558,-0.008294293525,0.007223340726
-1.120853073,-0.002186705201,0.01083065037,-0.00937148864,-0.01181201412,0.004812181649,-0.02996053525,0.03358967515,0.01101749175
-1.127563029,-0.002627966219,0.003409242552,-0.01292233162,-0.01968562677,-0.0002668903711,-0.02338114767,-0.01056334371,0.009065563449
-1.086602241,-0.001194779549,0.005738539275,-0.002180830752,-0.01336006966,0.003986051667,-0.01394795586,0.0220088235,0.008328451039
-1.112381952,0.001567512473,0.007935628894,0.001328796451,-0.01376878678,0.000587924541,-0.03066613683,0.005550330788,0.01068049472
-1.135213166,-0.002078237347,0.008895586252,-0.01484352788,-0.01336646156,-0.0006205761127,-0.01775042459,0.007202614637,0.006024624862
-1.14728019,0.0003686844894,0.003365713444,-0.00518178297,-0.01472972753,-0.0001572750076,-0.0213327899,0.01448436658,0.01272140573
-1.138197561,-0.0003906790383,0.01282119254,0.0002617777428,-0.009542157065,0.002790853148,-0.0210487519,0.012608479,0.006550643975
-1.118071765,0.001052033987,0.009517344745,-0.009380589584,-0.01521570156,0.006484678033,-0.01938694079,0.0119026438,0.007008237673
-1.148440766,-0.001344316688,0.00324448654,-0.006779193363,-0.01615497657,-0.001988303267,-0.02747732896,0.001487645172,0.01213103913
-1.144188867,0.004429126901,0.01083893923,0.0001626631554,-0.008306530337,0.002206294069,-0.01661607495,0.0190629762,0.01072635405
-1.121396709,0.01179634269,0.02061185738,-0.001081102044,-0.006995281577,0.004708467481,-0.0145176629,0.004503164915,0.008371407484
-1.081708393,0.008235381444,0.01912716953,-0.005732902719,-0.01635189974,0.003963787885,-0.02707240933,0.01862152044,0.01252496994
-1.158258249,0.008659013093,0.01553182404,-0.003782846371,-0.01148814803,0.003050327498,-0.01949754679,0.0105596071,0.009516443074
-1.125686373,0.006461112405,0.01750872558,-0.0003883314089,-0.01636579886,0.003838124549,-0.02126772516,0.01095470883,0.009188953997
-1.127663136,0.003239978578,0.01258234181,-0.0006539454894,-0.01668740771,0.001661368782,-0.02324374415,0.01673370493,0.008666847434
-1.122904656,0.00687616543,0.01008999958,-0.002746010547,-0.0184657018,0.003813644915,-0.02403195475,-0.0003902576939,0.00767961871
-1.145974414,0.004322920653,0.01285431132,-0.008397711681,-0.007778962235,0.001510905429,-0.0119447075,0.01325162005,0.007880235643
-1.13044053,-0.001124079607,0.009067446721,-0.004870664439,-0.008086047101,-0.003698417836,-0.02339186445,0.003337214508,0.009528306905
-1.106031808,-0.001743764136,0.009064524115,-0.0053160922,-0.01960719892,0.002549679611,-0.02656662639,0.01938791191,0.008599141787
-1.107324732,-0.001479628436,0.005823311267,-0.005170369352,-0.01615170215,0.001573641533,-0.01929229865,0.00213755606,0.006497442943
-1.117259738,-0.004585755945,0.009432275027,-0.009029331363,-0.01199288475,-0.0009040280312,-0.02312395859,0.01576515624,0.008139556504
-1.143646211,-0.003158468808,0.002732308255,-0.004590384297,-0.01447866336,0.0004557551545,-0.02469263949,0.009892369831,0.01075318614
-1.107638955,0.0001204837085,0.006835715665,-0.008422421841,-0.02405468743,0.001814178423,-0.02042329274,0.001533406395,0.00751473915
-1.082444688,-0.002323053096,0.006262655423,-0.003691112323,-0.0140207165,0.0005421674627,-0.02404350614,0.01726596017,0.007936568059
-1.134193186,-0.001407121629,0.002891230564,-0.006127519286,-0.01490767985,-0.0007104435624,-0.02034610272,0.005717618576,0.007844577997
-1.145703922,-0.001807210118,0.006990477583,-0.009233620725,-0.01912443069,0.000754368492,-0.02511900435,0.01340926144,0.009004972214
-1.067680374,-0.001954368259,0.008666422295,-0.006130640501,-0.01641288414,-0.001262603065,-0.01938999537,0.01195635593,0.007885279953
-1.158502638,-0.0102298715,0.0001134142112,-0.005420234146,-0.01095727437,0.0007929395919,-0.01751791946,0.009917150762,0.005786042289
-1.078687845,-0.0123283333,-0.005673720919,-0.01010814951,-0.01762920548,-0.001324537567,-0.02736768486,0.003098261021,0.008106481976
-1.078332683,-0.01146206986,-0.004127783941,-0.008183677764,-0.01640016052,-0.00258061135,-0.02454020541,0.005731507114,0.01001334822
4.324674861,-0.01228395055,-0.005435673201,-0.006644029203,-0.01287520159,-0.0004675834765,-0.02239436389,0.01268760986,0.007354758185
5.353424471,-0.008649803968,-0.0006395665842,-0.008315737841,-0.01362716133,0.001668744449,-0.02271758481,0.009681062824,0.006212269758
5.059238514,-0.006880094813,0.002536399401,-0.009862056629,-0.01851690839,0.0003022310964,-0.02166146747,0.008738771976,0.009345914994
5.269874128,-0.01009862238,0.00165448786,-0.00679360675,-0.01582437189,-0.001340650661,-0.02292187616,0.0111024046,0.01150661336
5.136646431,-0.005757553816,0.001129619539,-0.005004937232,-0.01504642426,0.0006119488112,-0.02253645628,0.01116200167,0.008502359264
5.181380986,-0.001502213703,0.004510074905,-0.006767086327,-0.01604578136,0.001485631531,-0.02143090847,0.00545664874,0.006565135394
5.121077221,-0.001086896917,0.004346023083,-0.007184905564,-0.01432253407,-0.001523812584,-0.02094702942,0.009913326442,0.01102483262
5.229038452,-0.0006364299377,0.007009796259,-0.0081045098,-0.01026401461,0.0009807457998,-0.02453115032,0.01314044209,0.01059176554
5.161817012,-0.0004890447878,0.007705292472,-0.006448534199,-0.01262470641,0.0045292022,-0.01996693403,0.01056883335,0.007626550267
5.162762417,-0.00155873939,0.007405527234,-0.004928961623,-0.01724408803,0.001790977919,-0.02044177618,0.01057419134,0.009919536615
5.149272996,-0.0002220880729,0.007691809763,-0.006133453401,-0.01220371015,0.001846656351,-0.02585464319,0.01333429911,0.009901690449
5.192773731,0.001070322768,0.005187517722,-0.00594184467,-0.01321606002,0.001702103011,-0.02050768887,0.006322547566,0.008685163753
5.104621605,0.0008232310627,0.008496653485,-0.002729183899,-0.01439335143,0.002242621452,-0.0219209688,0.01051537661,0.008222033635
5.267583684,-0.0006042308951,0.00784610225,-0.005578616702,-0.01331266307,0.001182816446,-0.02070527297,0.01222669441,0.009760154148
4.975071036,0.001149103175,0.008112285801,-0.007253338266,-0.01273818063,0.002743110762,-0.02268586049,0.01061212736,0.009165794379
5.519298864,0.008213922687,0.0180072614,-0.003704333891,-0.01603759541,0.005303774287,-0.02155560647,0.01233859881,0.01078867178
0.5144761546,0.009222548007,0.01893921225,0.0002305185226,-0.0115921172,0.002211765003,-0.01770604864,0.01228478614,0.009764169549
-1.524688642,0.008977080424,0.01741981409,-0.003206054888,-0.01120951988,0.003700652799,-0.01938620515,0.01126862687,0.009709221799
-0.9585826057,0.009429548222,0.01559901533,-0.004090438193,-0.01172544085,0.003504494657,-0.02386452125,0.008123957348,0.009786205861
-1.244528245,0.005075655733,0.0125170642,-0.004351960178,-0.01330302151,0.004241728464,-0.01953458419,0.006676834477,0.008446069965
-1.093187051,0.00478694329,0.0151298934,-0.0005291583889,-0.01165081224,-0.0003945423968,-0.02848716443,0.01710541553,0.009418870547
-1.1740161,0.003646116924,0.01241267819,-0.006197943195,-0.01608011685,0.01085194158,-0.005689171473,0.01063067982,0.007107539513
-1.063117872,0.0008619677578,0.00987853932,-0.00382366367,-0.01964657998,-0.006654670417,-0.04123568131,-0.01193032235,0.01285138559
-1.179483018,0.0002511076222,0.01110284612,-0.007641219913,-0.0052826225,-0.0002390905794,-0.02304614317,0.04235443392,0.009002382535
-1.129406077,0.0002902226738,0.005430508208,-0.006736273937,-0.01667802814,0.009416694419,0.002475962469,-0.001321656182,0.001446427442
-1.120066637,-0.002642434713,0.007211791566,-0.006484847938,-0.03070531401,-0.003619396217,-0.0490463887,-0.007112361901,0.01102882226
-1.128327573,-0.0007495587674,0.006083233739,-0.006740646129,0.002126203644,0.00118930076,-0.01648141891,0.03336948905,0.01199202694
-1.111004344,-0.003328667724,0.005745665119,-0.007470351752,-0.01145515867,-0.002367424121,-0.0101447891,-0.007341741016,0.001394109206
-1.116482497,0.0006601898924,0.00831071967,-0.002572156496,-0.03538704193,0.006784395928,-0.03734877239,0.01785839129,0.008484601063
-1.137158881,-0.004849021861,0.004121839935,-0.004752318605,-0.0055558214,-0.003477451661,-0.01500774225,-0.002992648554,0.008945216657
-1.083821719,7.001590193e-05,0.008556901078,-0.0128410997,-0.001483180066,-0.001235290838,-0.02557667868,0.0227173064,0.009499970297
-1.154294878,-0.002914271392,0.004235483714,-0.001492387735,-0.02782014653,0.0006610595741,-0.02492185961,0.007474489696,0.007552667182
-1.153725899,-0.005264011663,0.006631707749,-0.004687666466,-0.02146492613,0.003098577476,-0.01630151426,0.001519644856,0.004949211449
-1.10961457,-0.01162829945,-0.003297077668,-0.00890584589,-0.008036529251,-0.00130252502,-0.03041433177,0.02364243681,0.01049457989
-1.12989403,-0.01355835462,-0.007500044659,-0.01196905302,-0.01730818386,-0.005062956799,-0.01898266913,-0.004187974557,0.006774750801
-1.12887436,-0.01311271242,-0.001039577455,-0.006311035906,-0.02481077707,0.001947901764,-0.02706246971,0.01304169429,0.008711811675
-1.127815428,-0.009869990364,-0.00117518399,-0.007968009433,-0.01305220684,-0.001928205817,-0.02314414818,0.01074981383,0.005451948017
-1.126040915,-0.00669298233,-0.003449425479,-0.01126944377,-0.008826230699,0.0007667107013,-0.02132701081,0.01166946627,0.009006659023
-1.124341742,-0.008028577968,0.0006721018505,-0.006063474517,-0.02311999654,0.001509829394,-0.02934864129,0.005184717006,0.01011741853
-1.124211892,-0.007521675424,0.00511298872,-0.005440012473,-0.01480265339,0.0001087860778,-0.01816108673,0.01086103218,0.006975013902
-1.121763496,-0.003237771618,0.003731013693,-0.009341063552,-0.00774600997,0.002191844562,-0.01881979561,0.01568061775,0.007303054606
-1.150835026,-0.001139898148,0.002575728437,-0.005124617118,-0.01577799191,-0.0006519076949,-0.02582885062,0.005871438293,0.01214598688
-1.181808131,-0.002509047153,0.00863718289,-0.004342231617,-0.01737084963,0.003184053553,-0.02356211274,0.008573385887,0.009308146155
-1.132890567,-0.0004189543411,0.008938814973,-0.008116579093,-0.01101385732,0.001673469616,-0.02181911748,0.00983153799,0.005449446231
-1.124933625,-0.0005282605833,0.00548841827,-0.006106248426,-0.01382112085,0.0004003019781,-0.01964840125,0.01710267391,0.01105650395
-1.135766794,0.0007520874265,0.006799667974,-0.003538480435,-0.01577793562,0.001801912853,-0.02235856419,0.007084904868,0.01039177716
-1.116523121,-0.0001882849694,0.008032358958,-0.007976077432,-0.01174589873,0.002056323597,-0.0224839054,0.01462913397,0.009538283792
-1.152315077,-0.002184110767,0.007624137954,-0.006778493418,-0.0114413645,0.003715172462,-0.0211470649,0.005487324589,0.007165300744
-1.137979805,0.0001691776956,0.007448961112,-0.001992053704,-0.01618912866,0.0009441608436,-0.02138037955,0.009091240557,0.01068732578
-1.155074153,-0.001132852871,0.00598488978,-0.003155465007,-0.01412223095,0.0001176035622,-0.02402000505,0.01398337416,0.01099660812
-1.090782127,0.002148769604,0.008871599245,-0.008106650821,-0.005482373566,0.002159025888,-0.02009708057,0.003939368228,0.007645354328
-1.130994132,0.01070638204,0.02036942392,-0.0008891807266,-0.01090892769,0.007520686301,-0.02180375783,0.01196529242,0.01044753063
-1.14204917,0.00966112567,0.01918185743,-0.00100039722,-0.01439992572,0.0004002386001,-0.02009933827,0.02124948343,0.01110333621
-1.11031233,0.009410175431,0.01492573569,-0.002099529043,-0.01417657905,0.004198087213,-0.01662550716,0.008548493143,0.01028987521
-1.071471863,0.006167359576,0.01811468088,-0.00523842495,-0.01306050144,0.006872065238,-0.02455439421,0.01085360962,0.007507019687
-1.131861869,0.004526593647,0.0124018058,-0.01053441109,-0.01539421914,-0.001911501851,-0.02131871229,0.006929510994,0.009703240345
-1.164836054,0.005946184389,0.0113610651,0.00913243231,-0.01427005592,0.003941492179,-0.01792158733,0.01230778141,0.01038646499
-1.161173267,0.003017647923,0.01296676097,-0.005112145684,-0.01460325539,-0.001949775803,-0.02574594114,0.01999501729,0.008661437405
-1.118324473,0.001065136768,0.009134832162,-0.01546906174,-0.0130444031,0.008506065178,-0.02051565023,-0.004801084528,0.008295629713
-1.110891659,0.0002976056326,0.01079792144,-0.001022099174,-0.009612343145,0.06951563784,-0.007724093772,0.008079463817,0.006931632916
-1.144190747,-0.0002544976742,0.007192523378,0.003949947953,-0.02187110408,0.01025052117,-0.02814140205,0.03294983359,0.009779815195
-1.117441153,-0.004430716344,0.0004378788464,-0.01593691802,-0.02006247274,0.0187759195,-0.008948085841,-0.01946337432,0.006238482031
-1.120337712,-0.0029400913,0.01159810071,-0.00780699918,-0.002697789424,0.01705277079,-0.02388160607,0.03207838679,0.008318400674
-1.130923261,-0.002082200238,0.004465554434,0.0001288328289,-0.02004924291,0.01349427703,-0.02121555652,-0.005526534745,0.0101353545
-1.159307615,-0.002643771995,0.009239695231,-0.005579017699,-0.01658738058,0.01451264824,-0.016263438,0.0164538729,0.006022673126
-1.159490413,-0.001719746676,0.006415239244,-0.009074468003,-0.01855810723,0.01447564459,-0.02543285599,0.01355128209,0.01109560361
-1.183352963,-0.00306964913,0.005635476452,-0.004574568327,-0.0109487705,0.0120651561,-0.01755443775,0.00176160648,0.005399524553
-1.137487466,-0.0008077446698,0.005115641948,-0.005495533371,-0.01896711234,0.01159345482,-0.01888909622,0.01520605817,0.00849883978
-1.157296901,-0.009396565834,0.004261125182,-0.00851394225,-0.0128971118,0.008758437561,-0.0220530554,0.001141542414,0.008741813819
-1.133711686,-0.01379290648,-0.008104867784,-0.01137919696,-0.0157509222,0.009398907129,-0.01814991719,0.02285148139,0.006590543816
-1.13367247,-0.01057160963,-0.006982205062,-0.008966535366,-0.01885956479,0.00760847169,-0.02659846981,-0.003046301136,0.007443293024
-1.109203709,-0.01179883741,0.001260749671,-0.01003544152,-0.01787715935,0.009856185122,-0.02219563817,0.01024245368,0.007091918035
-1.137883064,-0.01132110115,-0.001704192745,-0.009152696842,-0.01230240843,0.003543087615,-0.01998663723,0.01014592585,0.00987402407
-1.125202733,-0.005030222803,-0.004564132239,-0.008523649481,-0.01508945035,0.006818922544,-0.02080191273,0.0001492760854,0.007956627399
-1.132478881,-0.007809425322,0.001018327193,-0.008911029453,-0.01368430989,0.009617145979,-0.02151547611,0.02830162733,0.007581443407
-1.131617248,-0.005886952746,0.001915558266,-0.005182641156,-0.01619655865,0.006086381633,-0.0221442408,-0.005297468597,0.009068371766
-1.130607975,-0.004314260294,0.006619926697,-0.006833627919,-0.01220785574,0.01093674586,-0.01732271559,0.02107878151,0.006508352896
-1.109017255,-0.002106434678,0.002402842377,-0.004463205684,-0.01416191922,0.007006095645,-0.02220850371,0.01200891006,0.009899386452
-1.169885402,-0.001341721962,0.007821428818,-0.005070590934,-0.02036060082,0.00667083928,-0.0170787871,0.002685170829,0.009364900912
-1.121300563,-0.001833595352,0.008560329203,-0.002531150186,-0.008101732676,0.008188891529,-0.02374906208,0.01696193905,0.01005892675
-1.098646551,-0.000404889366,0.006860086148,-0.009071451245,-0.01527030526,0.004664650263,-0.019435487,-0.001413268962,0.008024832829
-1.094504979,-0.0003094390548,0.007436092893,-0.004294096535,-0.01139994774,0.005741884825,-0.0218612222,0.02281344695,0.009247359597
-1.111802143,-0.0002243918209,0.006709847086,-0.009227908743,-0.01853971012,0.004985409073,-0.02006363179,0.004730837106,0.0113940783
-1.131887746,-0.001858242043,0.01040388062,-0.005360039041,-0.01058227775,0.009922274559,-0.02272766259,0.01811407341,0.007285555199
-1.101550482,0.0008899488096,0.004861018085,-0.004457200943,-0.01796937781,0.006650625651,-0.01964353809,0.006818430411,0.009978692626
-1.181397622,-0.0007086051243,0.00757627967,-0.01008907365,-0.01221621544,0.005378330523,-0.02125481371,0.00811349039,0.00914973055
-1.061950508,0.008075265216,0.0129246477,-0.005001074536,-0.01310747766,0.00651221499,-0.02238985221,0.01311057925,0.01245854588
-1.228091513,0.01005974717,0.01867320626,0.004384204164,-0.009998852033,0.007698741554,-0.01905460595,0.008084582497,0.009920165826
-0.9673680279,0.009166244864,0.01813909138,-0.00365463787,-0.01295359519,0.008403019439,-0.02145303444,0.01885854176,0.009610235178
-1.304673652,0.007229277125,0.01945769383,-0.004819052385,-0.01040496681,0.005111276933,-0.01991762719,0.00517915733,0.009938288778
3.797663592,0.00534594264,0.01667144674,0.0007607366023,-0.01417403893,0.005733233737,-0.01853940787,0.01987518687,0.008790815526
5.526829564,0.003430614962,0.01198501521,-0.001515713441,-0.01682515989,0.005211878632,-0.02140437226,0.003640892326,0.008402816145
4.993024119,0.00546729382,0.01345984759,-0.005956623179,-0.01314596909,0.005343050739,-0.02009276372,0.008037412393,0.007720910823
5.274087154,0.002799396664,0.007616348812,-0.003800289732,-0.01278320384,0.001133535961,-0.02148589503,0.0122214858,0.009809967917
5.108655246,0.001134959944,0.007018275988,-0.005777349721,-0.01441493754,0.0004561402915,-0.0220467506,0.007049033168,0.008799387463
5.185416442,-0.0007064565345,0.01061216882,-0.009637338417,-0.01634086546,0.003893638673,-0.02441410372,0.01666157248,0.007243085913
5.144470864,-0.003269721171,0.007966638514,-0.006424343729,-0.01536010311,0.003589310635,-0.02168199605,0.002845486087,0.00737106837
5.231329799,-0.004701127038,0.00424020332,-0.004934726006,-0.01644054801,0.001085969988,-0.02088010975,0.01903522038,0.008258601733
5.129320462,-0.00149134865,0.005098594738,-0.008147867084,-0.01695984205,0.001112918975,-0.02278103247,0.00401686586,0.007381478627
5.192654808,-0.002270077348,0.008186599023,-0.008021551466,-0.01760605542,0.002464525229,-0.02086596556,0.00839255024,0.008717165914
5.160609981,-0.004303909002,0.005062343222,-0.002398341564,-0.01129729326,0.0001240440197,-0.02277569681,0.01077383801,0.008232745526
5.235386303,-0.003049090756,0.006351268943,-0.007978696964,-0.01522356176,0.001605033932,-0.02215127215,0.008515523141,0.00736505656
5.025205866,-0.002918398096,0.00621739095,-0.008238446544,-0.014973231,0.002492079206,-0.02472193939,0.01391999318,0.007572778004
5.309781872,-0.004787813978,0.007305752795,-0.005568339717,-0.01588035334,0.001423445349,-0.02148793594,0.007352900137,0.007977273444
4.949658597,-0.01128401521,-0.002971898768,-0.006575217116,-0.01613868888,-0.001667504499,-0.02252421787,0.01142063653,0.007730427539
5.64456503,-0.01129039002,-0.005475686201,-0.0109606503,-0.01858622064,-0.0009419471985,-0.02099563239,0.004189733695,0.008446002718
1.114625406,-0.01000768809,-0.003609586802,-0.007643826128,-0.01712466442,0.001094296378,-0.02369653994,0.008444248095,0.007365162414
-1.656604157,-0.01023746401,-0.002712148906,-0.007059300342,-0.01453818046,-0.0003642119745,-0.02222571531,0.009515742512,0.007843222208
-0.9043024812,-0.007561017052,-0.0003359693778,-0.007822229165,-0.0152888157,0.0003377023609,-0.02450506779,0.00691099604,0.007809504215
-1.320137296,-0.009851544288,-7.250129566e-05,-0.007695744454,-0.01593453193,0.001031908097,-0.02168570169,0.01271617806,0.007891444787
-1.031731198,-0.006630785397,0.002730667861,-0.005432499494,-0.01559503045,0.001280774046,-0.02428930751,0.007971238562,0.008338285837
-1.235555604,-0.004415802202,0.00509591573,-0.008898572072,-0.01394592664,0.001945676839,-0.01823244743,0.01111722275,0.00811446911
-1.108436705,-0.003922149715,0.004335761817,-0.005710660632,-0.01492828316,-0.001796873885,-0.03232181764,0.005536223433,0.009409089869
-1.180954313,-0.002581948064,0.006825221812,-0.004998307207,-0.01128457172,0.007247375481,-0.007532883736,0.0152715678,0.006921843244
-1.135451762,-0.0005197493382,0.004410711386,-0.004687756707,-0.01673259522,-0.001150864094,-0.02864177185,-0.005623683504,0.01096370475
-1.154470846,5.4677902e-05,0.009780602991,-0.006643131835,-0.01197441338,-0.002194948011,-0.04206935029,0.02469744779,0.01253277087
-1.162213667,-0.0007458873166,0.006169284186,-0.007750471152,-0.006554938585,0.01142410908,0.01355522444,0.01800813201,0.001986696004
-1.112066098,-0.001128225769,0.006825798029,-0.0006163567061,-0.02996695563,-0.003426316332,-0.04781832043,-0.00683926978,0.01320819722
-1.14812693,0.002662373737,0.00926246639,-0.009012842544,-0.005496718728,0.003543630899,-0.01811194091,0.02831106122,0.01186825173
-1.161811791,0.0009879094737,0.007138913088,-0.003969460513,-0.004071057632,-0.0004242714415,-0.009170013822,0.0004935303975,0.004835889854
-1.165484196,0.00165806496,0.00882170292,-0.006474531249,-0.03256877438,0.005441127514,-0.0367272463,0.01759758276,0.009356358704
-1.126625934,0.001474444913,0.004497397977,-0.003838322618,-0.009679715213,0.0001201755056,-0.01511551669,0.001931263889,0.00984304217
-1.162119108,0.01167912509,0.02360404761,-0.010858737,-3.4674593e-05,0.00240620377,-0.01998232212,0.01430362467,0.01078777757
-1.154640792,0.009115927901,0.01569361247,0.00309687333,-0.0167203503,0.004113907932,-0.0280312084,0.02200200776,0.01148815821
-1.111035038,0.00603622735,0.01625943263,-0.003201890863,-0.02048152436,0.005318657498,-0.008956504878,-0.002407239981,0.005902142141
-1.124615591,0.009651457281,0.02028297828,-0.002236836904,-0.006424189101,0.006712314457,-0.03237860279,0.02050594835,0.01277528444
-1.105144691,0.003330227412,0.01054413397,-0.005270501945,-0.008921794477,-0.002890582738,-0.01556886636,0.005008929854,0.008018608382
-1.160672117,0.005984672092,0.01462389143,-0.003310757519,-0.01816098809,0.004135812388,-0.02146352002,0.007734623164,0.007945266482
-1.185668851,0.004295365031,0.01308769825,-0.001059263273,-0.01484830419,0.002466187048,-0.02383731565,0.01315713342,0.009029023247
-1.146259667,0.0009177702068,0.009232429217,-0.006194599684,-0.004877811875,-0.0005302007494,-0.01724837467,0.008229823225,0.006473267156
-1.152210344,0.001713778374,0.007213014134,-0.005796312559,-0.02123860805,0.00127466694,-0.02925022431,0.0135912862,0.01145080315
-1.156275265,-0.0008071419343,0.009751505751,-0.004740512707,-0.01939758637,0.0002133355167,-0.01734626925,0.002415670056,0.006943595146
-1.102119921,-0.00354026658,0.007996010888,-0.006583306377,-0.01206106326,0.00348668968,-0.01812387872,0.01527990195,0.005655064505
-1.125842568,-0.00147104712,0.001570856417,-0.007242666807,-0.01373433643,-0.0009447055413,-0.02656417629,0.007683339344,0.009615890743
-1.17442059,-9.462268032e-05,0.006158526082,-0.006655622356,-0.01778141145,0.00174598761,-0.02483429738,0.00653148022,0.00818305373
-1.129599695,-0.003097741542,0.009695702263,-0.006405230453,-0.01546568579,-0.000889443089,-0.02077011013,0.01140430679,0.006913242078
-1.116531911,-0.004208271775,0.004700537046,-0.005317004594,-0.01170108181,0.001294797541,-0.02264451675,0.01420123636,0.00771296639
-1.125267992,-0.003999415166,0.006821151718,-0.007098876681,-0.01905519839,0.001208043057,-0.02146950686,0.008184432244,0.008820222843
-1.095266767,-0.002400832021,0.009419240968,-0.004975767587,-0.0145685303,-0.001018718675,-0.02316732895,0.006366634266,0.008426926338
-1.136519636,-0.008802029671,0.00427487999,-0.007743503129,-0.01276155734,-0.0002874591657,-0.02105295353,0.01601552842,0.006907321792
-1.136872747,-0.01188102136,-0.008496679381,-0.00844251333,-0.01883887292,-0.001028324305,-0.02390010065,0.003996668001,0.007333769667
-1.144734862,-0.009026470279,-0.001589215146,-0.008864792128,-0.02008752639,-0.001994515933,-0.02532890452,0.009020344966,0.008320118202
-1.148337649,-0.0123395028,-0.002848282646,-0.01041064185,-0.01011218809,-0.0009821739925,-0.02400303351,0.008570131654,0.008089024068
-1.09512657,-0.009132473722,-0.001914617137,-0.01136064513,-0.01531753219,-0.000729234152,-0.02159247649,0.009157779399,0.009478053955
-1.10996645,-0.006306761618,0.002267583599,-0.002210910065,-0.01831138085,0.00166684229,-0.02458812418,0.009830709624,0.01009811536
-1.110391732,-0.007410160906,-0.001414891945,-0.0184652224,-0.01521153215,-0.001271955239,-0.01851420683,0.009242535035,0.008133487064
-1.165635712,-0.003387010081,0.001313390303,-0.004159815606,-0.008998096966,0.001514704814,-0.02792278472,0.01117942213,0.008410874214
-1.155227348,-0.001985870003,0.006408159335,0.00186696876,-0.01961849861,0.001939597412,-0.02071337254,0.01069138851,0.00812629151
-1.108748934,-0.002088352784,0.005198550397,-0.01095229684,-0.01564347363,0.002644632861,-0.02338087524,0.004231085487,0.007469102419
-1.151825195,-0.001671882462,0.00531963375,-0.01508713982,-0.009315205346,0.0006246444496,-0.02107988095,0.02542968915,0.01003920606
-1.183033846,-0.0006578067859,0.007204804765,0.003287550644,-0.01320258722,-0.002885887599,-0.02134542922,-0.0092209522,0.009831422845
-1.119843147,-0.00163595779,0.01290392653,-0.003473877963,-0.01717809521,0.009047668677,-0.02402968966,0.01775943701,0.006634599341
-1.125662605,-0.001730953925,0.003437150877,-0.01104458548,-0.01437826103,-0.002759474035,-0.02533403762,0.01675594124,0.01084688689
-1.124039283,0.002401957657,0.001261472241,-0.008588151028,-0.01344832833,0.0007469843864,-0.01445920044,0.0002548953509,0.008443941967
-1.109204626,0.0005422610032,0.01196313993,-0.001522851121,-0.01075175353,0.005685915301,-0.02607457564,0.02353722455,0.009164555422
-1.150259645,-0.0009106968879,0.01040158754,-0.007916519498,-0.01323291872,0.0009830280086,-0.02163293713,-0.004357172671,0.009565391826
-1.142591583,-0.001242656079,0.005342748072,-0.004546605452,-0.0162330087,0.001829321168,-0.01976496081,0.02477792836,0.00894802881
-1.153227154,0.008826205643,0.01387528747,-0.003378487253,-0.01688408719,0.002463790747,-0.02363637501,0.005013549053,0.01095710905
-1.107677794,0.01135748829,0.023610539,-0.006485410997,-0.007389710784,0.006989263893,-0.01739135449,0.00835846244,0.007383035477
-1.123856358,0.008533797282,0.01248433793,0.001142090451,-0.01049596406,-0.001061518287,-0.02010200387,0.01317207537,0.01206352072
-1.131984526,0.009425869662,0.01857566441,-0.0003987031595,-0.01283883929,0.002441124454,-0.0218396489,0.01171554544,0.01004971329
-1.140994402,0.00636327926,0.01538986771,-0.006852461036,-0.01632228585,0.007041845213,-0.02195792193,0.01377079576,0.007525595154
-1.080105878,0.003366937451,0.01381300982,-0.004236567398,-0.01596124562,0.001014632956,-0.02196772192,0.00587551731,0.00856247164
-1.1399187,0.00381561203,0.01083732977,-0.0002365631861,-0.01191290556,0.001520056052,-0.0220551411,0.02023888205,0.01146334878
-1.110294517,0.0007100655416,0.009478121398,-0.007165240573,-0.01600271978,0.00141087469,-0.01944264116,0.003378101368,0.008304314548
-1.115218613,0.002220569436,0.01061142432,-0.005950135031,-0.01427451807,0.001838593858,-0.0235824135,0.01163957352,0.007099040197
-1.172563028,3.429753437e-05,0.007806493667,-0.003786291818,-0.01499140573,-0.001020914775,-0.02193659463,0.008990504708,0.007830778815
-1.110585832,-0.000725347466,0.009884783087,-0.005042316448,-0.01483006819,-0.0009139184148,-0.02264561306,0.00871620831,0.007921692496
-1.133755223,-0.004794808892,0.003922282431,-0.008162219276,-0.0172979151,0.001881458293,-0.02362378703,0.01236096092,0.007431627953
-1.103231602,-0.002153297481,0.005516297195,-0.004741904261,-0.0138316492,-0.0007858569857,-0.02114516426,0.007981495451,0.006580609455
-1.14223821,-0.000742935475,0.008750229675,-0.005316440294,-0.01485712982,0.001109398426,-0.02147290774,0.01375281658,0.007968383431
-1.130866482,-0.002175720622,0.006829179173,-0.007347003063,-0.01526185058,-0.0005744108781,-0.02447932983,0.00479917631,0.009412044576
-1.085278582,-0.004791598028,0.003800537001,-0.005829371065,-0.01786882226,-0.0005812201406,-0.0237249273,0.01306889963,0.009100688201
-1.13165959,-0.002449375421,0.00317655897,-0.004604598333,-0.01563428175,0.0003514244161,-0.02293628722,0.009323020722,0.007706638041
-1.078696231,-0.002731718297,0.008501469188,-0.005359879134,-0.01608520901,0.0004970291285,-0.02011728275,0.01107108005,0.007781673747
-1.17069453,-0.01135501676,-0.002405892632,-0.01044202552,-0.01577770322,-0.002272865551,-0.02337960996,0.008575983704,0.007746550331
-1.002473677,-0.01242394269,-0.005548051908,-0.009592727642,-0.01768341476,-0.003521391516,-0.02319413451,0.007426634609,0.007941832811
-1.188168578,-0.01087047644,-0.00213423061,-0.006186591549,-0.01749280012,0.000640673606,-0.02187771594,0.01012708803,0.006984971431
-0.8765261262,-0.0108985093,-0.005717733582,-0.01023132317,-0.01468525718,-0.0008379450136,-0.02392526546,0.006010487341,0.006707234691
-1.498758149,-0.007650024351,-0.002950731799,-0.009024828599,-0.0148775515,-0.001574343998,-0.02348844822,0.01343022237,0.008652884083
3.256420218,-0.007123795837,0.002000384234,-0.007114456645,-0.01573322727,-0.0008518914891,-0.02282143578,0.008303785147,0.007429855979
5.654246677,-0.009652695923,0.001581430981,-0.009447289979,-0.01645087021,0.001458548306,-0.02243122388,0.01180541014,0.00930969788
4.971500473,-0.005543065598,0.002362762277,-0.006763977268,-0.0156976723,0.001389543262,-0.02272198303,0.009830277068,0.009115088937
5.316448363,-0.001444015445,0.004620968391,-0.006505390655,-0.01453271276,0.001910661384,-0.02266249473,0.009133812716,0.009375088299
5.098022648,-0.002088756472,0.006434851191,-0.003250794207,-0.01451288871,-0.0007468997599,-0.02274067135,0.01079957234,0.009029700306
5.237184342,-0.001105295538,0.006629495088,-0.01062845301,-0.01256593955,0.0001907308568,-0.02042162694,0.008258995747,0.008818090553
5.187209589,0.001980011842,0.009037199129,-0.007771497225,-0.01028435324,0.002640040154,-0.02178204722,0.01376558896,0.009008727609
5.211290695,-0.001099506448,0.006652486087,-0.001337240176,-0.01620377657,0.001661686333,-0.02200939912,0.01103261222,0.00954422837
5.160106782,-0.00100861294,0.006662303787,-0.005586030457,-0.01477506856,0.002319678062,-0.02333846981,0.009773467833,0.009868346872
5.24199731,-0.001462503303,0.008085166224,-0.007597378267,-0.01435873387,0.0005072313711,-0.02296958516,0.01151455635,0.009306876739
5.154400936,0.0001179381105,0.00744871626,-0.003010140116,-0.0170690984,0.001118658418,-0.02187032341,0.01022829621,0.008803955387
5.268426453,0.0003602955178,0.00760372676,-0.006893460608,-0.01437693199,0.002278762053,-0.02061499517,0.01149734184,0.008625271046
5.043057744,0.0008264226763,0.008986614056,-0.006822075914,-0.01085564075,0.002838422953,-0.02204498065,0.01143383306,0.008574563468
5.336830665,0.009683039445,0.01738304116,-0.0009731127956,-0.01222936574,0.004078888898,-0.02021262036,0.0133980114,0.01136085888
4.903847833,0.009347491121,0.01821728944,-0.003423380924,-0.01408180912,0.003266777082,-0.02036549193,0.01190526253,0.01054994524
5.709290353,0.009328843708,0.0178357182,-0.002091712762,-0.01239228063,0.005376260644,-0.02024820422,0.0115128421,0.007443784079
1.866388139,0.009205391872,0.01581890132,-0.0002565121203,-0.0102186749,0.003075209801,-0.01965877189,0.01063143253,0.008654596569
-1.670072674,0.005097881929,0.01327768904,-0.005751873002,-0.0130439509,0.000915775066,-0.02256976285,0.01070268561,0.01008010672
-0.845237155,0.006171299333,0.01539446999,-0.004962314831,-0.015520888,0.002632138294,-0.02375731169,0.0123634417,0.008126824973
-1.296073146,0.004097825639,0.01372048108,-0.001476453813,-0.01586522752,0.002823604623,-0.02119250391,0.009050905063,0.007374303887
-1.056643214,-0.0003820073716,0.009181316307,-0.00380031469,-0.01359992526,0.0003647070454,-0.02291582344,0.01023554288,0.008761187007
-1.180246308,-0.0006988146232,0.007119073614,-0.008338957269,-0.01297493068,0.0002344543322,-0.02166248183,0.009208869037,0.008857167672
-1.059904719,-0.001257214904,0.007350342543,-0.006355315216,-0.01447470725,0.0008700732348,-0.02279004652,0.005745813641,0.008159999325
-1.148142916,-0.002519755177,0.007256809553,-0.004523825425,-0.01540310206,0.0002721025935,-0.01959776734,0.00939821987,0.00703658852
-1.118948154,-0.003788884592,0.005651545141,-0.008011957656,-0.0129734483,-0.00228766823,-0.02764248758,0.007624460448,0.007882576582
-1.152981341,-0.001384062448,0.006685847438,-0.006767964374,-0.01439438918,0.0023143948,-0.02240243769,0.0208602488,0.009070828845
-1.117676487,-0.002946520382,0.004490912758,-0.006272327565,-0.01743168824,0.002385261218,0.002794773462,0.002902623894,0.005241864838
-1.117229661,-0.001540788642,0.009222586465,-0.0009505280367,-0.02012698823,-0.005555665236,-0.06739100413,0.005502672259,0.01520329384
-1.099893223,-0.001895651834,0.007017006405,-0.01305429962,-0.008706187352,0.009392140485,0.008893810646,0.02724928108,0.0007469129976
-1.177032167,-0.002081730176,0.0004910361382,-0.0009741749862,-0.02294972901,-0.004608478096,-0.01762126124,-0.01621861255,0.006388171272
-1.170183051,-0.003280666413,0.00548125202,-0.007735999454,-0.02226680473,-0.001561026439,-0.04974071731,0.03157357361,0.01657401053
-1.113820124,-0.01370293628,-0.005152746429,-0.009005358255,0.002178986251,-0.002130752859,0.0002305711305,-0.006577956011,0.000999756109
-1.138503577,-0.01297761749,0.0006280007979,-0.01392370664,-0.02480696503,-0.001611057539,-0.02973918045,0.0141612051,0.006335677852
-1.133059278,-0.01170102543,-0.006714121662,-0.003919834941,-0.02460915586,-0.001494435417,-0.03104179355,0.02182032283,0.01151852761
-1.106832432,-0.01044926869,-0.002242976824,-0.01242398716,-0.005951595671,0.0005157431043,-0.006630058392,-0.01605584728,0.006003083086
-1.117425862,-0.006463462619,0.006554974603,-0.00557044701,-0.01152347589,-0.00060683485,-0.04200875959,0.03086350198,0.01192173888
-1.109501948,-0.01166886621,-0.008739999025,-0.0066583033,-0.02380988159,-0.002631728267,-0.0127927578,-0.001956306234,0.004991438152
-1.183390819,-0.003387099128,0.007589248144,-0.008483007877,-0.01654190243,0.005978766218,-0.02155035014,0.01038534813,0.008473059146
-1.1582415,-0.001687521019,0.007778225974,-0.006867940147,-0.01008392265,-0.001919222506,-0.03130177587,0.01639466088,0.01192431663
-1.118956631,-0.005067648009,0.0008012214809,-0.009673092139,-0.01285453983,-0.0006421113066,-0.01227180605,0.00441921605,0.005603904933
-1.104859743,-0.000382543399,0.007157349639,-0.005701288096,-0.02049533116,0.004528839854,-0.02869413896,0.01612603018,0.009784587195
-1.148219975,0.0009090392236,0.0108056415,-0.006260682182,-0.01053326842,-0.0004224731048,-0.02022934166,0.006079177833,0.009311182435
-1.159290113,-0.0003771877376,0.003488472668,-0.005468451794,-0.01040004038,0.002669661201,-0.01981347212,0.01296977223,0.01117260818
-1.120667284,0.001570322724,0.007077171878,-0.006868238812,-0.01858871523,0.0005251302076,-0.02724461232,0.007563940492,0.01029750474
-1.157050947,-0.003419342252,0.008572543496,-0.005391538469,-0.01187981539,0.003346608147,-0.0161821483,0.01213086522,0.006472800947
-1.121007859,-0.001260634725,0.006687744319,-0.003319651661,-0.01243313105,0.002319832003,-0.02404117777,0.01313329489,0.01008020118
-1.175136552,0.002418230138,0.005153259031,-0.005516984357,-0.01401762824,-0.0001051121563,-0.0258758491,0.01174820415,0.01068654808
-1.117408658,0.0004279542027,0.008968892423,-0.007552221909,-0.01552375787,0.002916298555,-0.01961363058,0.008965775584,0.006958824481
-1.153434312,0.005339767582,0.01503773116,0.0007388183889,-0.01316344415,0.004056173343,-0.02113939365,0.01093537592,0.009474621723
-1.171407964,0.01012468591,0.01753581098,-0.002572469657,-0.01177510196,0.003255001029,-0.01762009223,0.0129302363,0.009992661659
-1.147323231,0.01074269934,0.01666180466,-0.005873670567,-0.01081472387,0.0031660547,-0.02356708704,0.00552982321,0.01124689738
-1.151970037,0.007829431086,0.02032884282,-0.003772414611,-0.01245040777,0.002647844819,-0.02200631961,0.01761089102,0.01058294308
-1.065311538,0.003680404326,0.01319901622,-0.001398570021,-0.01183657516,0.0018347932,-0.01895000752,0.008793951864,0.008651967823
-1.121120662,0.006729538123,0.0131705757,-0.005694655948,-0.01474078751,0.002486775846,-0.02250742696,0.01146141003,0.01048319341
-1.143683606,0.00501198401,0.01437023983,-0.0009401299295,-0.01221719477,0.001553428319,-0.02255907669,0.009773742027,0.01027280946
-1.18911746,0.001950331362,0.01092482334,-0.008448687082,-0.01394956693,0.001640069349,-0.01889495735,0.008298632859,0.007761905379
-1.154832318,0.00136497727,0.00607209873,-0.009950176383,-0.01627875851,0.002069260613,-0.02225878368,0.01087219215,0.00667962445
-1.134802465,-0.0003232045901,0.00933359908,0.005470241341,-0.01616569388,-0.0001901944923,-0.02355345195,0.009981942506,0.009557373905
-1.13289143,-0.0005233366808,0.009190063996,-0.004902268658,-0.01606385471,0.0001321214287,-0.02286482455,0.01024567581,0.007327892339
-1.149969055,-0.002936918881,0.004930369199,-0.01682775193,-0.01657779753,0.0001936831678,-0.02444576167,0.01060616737,0.007500229697
-1.154553182,-0.002763689536,0.006845625909,-0.002713223242,-0.01703888639,0.0006129269515,-0.01713367569,0.007240312451,0.007088333595
-1.168660893,-0.002092580844,0.007593244108,0.001742684278,-0.01427360118,0.001301605911,-0.02192539961,0.01441662862,0.008340156405
-1.107825611,-0.002780541365,0.002449712953,-0.01294587964,-0.01461026678,-0.004422266069,-0.02328330971,0.004041868723,0.00733258411
-1.105136461,-0.001529305109,0.007088938007,-0.009170232553,-0.01150904136,0.003537351925,-0.02304900514,-0.0009978304279,0.007423798121
-1.104835539,-0.003757511984,0.007617068786,0.0006149690446,-0.01821811845,0.0002927446901,-0.0232545297,0.02924563849,0.008248593217
-1.153982798,-0.002709479284,0.001019925006,-0.008112619631,-0.01816141842,-0.003186160324,-0.0201541298,-0.005084424759,0.007535286669
-1.134811375,-0.009390111044,0.00121099332,-0.01571979898,-0.01182863899,0.002347048803,-0.02391690928,0.02008639843,0.007344350529
-1.123684102,-0.0127052709,-0.005174088201,-0.004031647682,-0.01583180425,-0.003304837645,-0.02689431169,0.003509203985,0.009266051229
-1.121585532,-0.01267112875,-0.001774280881,-0.005707210801,-0.02294653869,-0.00153780832,-0.01916002839,0.008962890323,0.005180679266
-1.135831069,-0.01131958732,-0.004703830332,-0.01166413739,-0.01611947624,0.0007612141049,-0.02561312638,0.01166727082,0.00839819255
-1.133502259,-0.008274349307,0.0001563969062,-0.007000786072,-0.01501804269,-0.0007554861831,-0.02183934018,0.002492204606,0.00918876028
-1.118598235,-0.008216166134,-0.00217999876,-0.003270721043,-0.01471186468,-0.002025324208,-0.02185845836,0.01666086735,0.008846538881
-1.121894002,-0.00652255837,0.003741499636,-0.01069075818,-0.01593250098,-0.001204341202,-0.02468921164,0.002894249453,0.007984048629
-1.100879825,-0.005436564177,0.004951980158,-0.0116871834,-0.01479020289,0.002668808302,-0.02170833301,0.01902848642,0.00915356527
-1.109043295,-0.001807369587,-0.0005238978564,-0.004341737451,-0.01569620872,-0.001171663,-0.02238765607,0.004780700408,0.009466104332
-1.084665444,-0.0002491831455,0.007694949282,-0.00170321336,-0.01308068534,0.001772907115,-0.0224935011,0.01041504278,0.008008209408
-1.143039652,-0.0009802234419,0.009044960583,-0.01110728591,-0.01231833815,0.002056070197,-0.02036787255,0.008021584834,0.00794394157
-1.087659116,0.0009286604034,0.006705077908,-0.00802274696,-0.01439270139,-8.173523103e-07,-0.02071931098,0.011439261,0.009293431488
-1.128650767,0.0004380142271,0.006482800232,-0.002001758426,-0.01316046675,0.001231395655,-0.02282526349,0.01262813502,0.01008158703
-1.1201398,-0.001364110139,0.00999859849,-0.005379980073,-0.01203037561,0.002709582332,-0.0215793619,0.004027837444,0.007786947223
-1.14184521,-0.001450313536,0.005082023291,-0.008658513306,-0.01533493791,0.001823220023,-0.02186511115,0.01836096958,0.009256305352
-1.138084475,-0.001287248841,0.005229939773,-0.00256472319,-0.01460196244,0.001372585648,-0.01951360622,0.006834271902,0.009251804273
-1.124614078,0.0002224360442,0.01061617605,-0.004247716595,-0.01086879711,0.003621495593,-0.01996146969,0.01020392096,0.008448669194
-1.122285309,-0.0005939137172,0.009006035255,-0.008239123161,-0.01246617665,0.000782767535,-0.02357005256,0.009065826217,0.01076397938
-1.103057957,0.009869825388,0.0152898894,-0.003512758604,-0.0144451505,0.003169332047,-0.02012575432,0.01189223551,0.009880510023
-1.213665011,0.01090392015,0.01743626427,0.0006353156584,-0.01251180247,0.005010518319,-0.02049829069,0.01340639032,0.01020576278
-0.9980288404,0.009144952508,0.01849462968,-0.004328224476,-0.009845992229,0.002746904472,-0.02047878052,0.009634752024,0.009420037381
-1.272263681,0.008776687057,0.01698294892,-0.004963777823,-0.01105387396,0.00204508597,-0.01895653314,0.01304204431,0.01072324676
-0.8090339922,0.004494693772,0.01460103036,-0.003629429377,-0.01649998393,0.002641676906,-0.01947273132,0.00847334188,0.009365947395
-1.643447889,0.005945283853,0.01508011322,-0.004210567875,-0.01452314806,0.00353919828,-0.020465138,0.01153570959,0.008391762783
1.677760862,0.004219624035,0.009801897254,-0.004329465257,-0.01155114389,-0.0002664294713,-0.02268792789,0.008397234617,0.009009512132
5.692850506,0.0007016422669,0.009338320445,-0.00454853923,-0.01547105639,0.0001178264416,-0.02283382329,0.01213680654,0.009619870478
4.925154738,7.142258702e-05,0.01191745232,-0.005981408824,-0.0176467173,0.0006657338977,-0.02245453877,0.0108902228,0.007288562939
5.312873,-0.001474217533,0.009380071081,-0.007795190311,-0.01511586199,0.002231137204,-0.01895254177,0.008952142317,0.007637653912
5.084689074,-0.003230198585,0.005391053036,-0.003742201538,-0.01435754999,4.385412723e-05,-0.02355317988,0.01127715306,0.009181431977
5.208941163,-0.003909085897,0.003841412385,-0.005833043159,-0.01665191523,-0.0005979271035,-0.0235769963,0.006886836702,0.008243543457
5.157429816,-0.001771488541,0.006893287384,-0.006120428186,-0.01572183513,0.0009034647491,-0.02319825258,0.009245435162,0.006283352714
5.238323748,-0.0006923891893,0.005536935311,-0.006162378434,-0.01526452598,0.0008335268633,-0.0219354512,0.009732435158,0.007700373267
5.157213718,-0.001760562297,0.006615680843,-0.00498825204,-0.0145409298,-0.0008742111334,-0.0209320189,0.01023862035,0.008345745084
5.135885331,-0.003310027899,0.005414126207,-0.006835352548,-0.01702485397,0.000510206217,-0.02460380289,0.009538972854,0.008594511768
5.130763575,-0.002590098429,0.006350520297,-0.007188676076,-0.01661485216,0.001094353576,-0.02373582287,0.009540051376,0.007789236296
5.232305868,-0.004167818768,0.004516345904,-0.005613837415,-0.01661547545,-0.001562207063,-0.02254151475,0.008598484421,0.007509049228
5.08490363,-0.01227737008,-0.005984675414,-0.009204061976,-0.01797976426,-0.004266714112,-0.02345981379,0.009580462129,0.006972716903
5.270839437,-0.01107412358,-0.004863784302,-0.009838752006,-0.01518610639,-0.001706483149,-0.02418878246,0.006791390117,0.007682129641
4.957229909,-0.01113245718,-0.002721069774,-0.008435368416,-0.01559865407,-0.001634916375,-0.02453597833,0.008582630436,0.007493491806
5.558987243,-0.01138666819,-0.002838209618,-0.008796463358,-0.01714623066,-0.001603136661,-0.023693729,0.01098580319,0.007777403461
3.285893165,-0.006610770504,0.0003654986975,-0.008390924297,-0.01627570236,0.0006706593853,-0.02303457414,0.008880176222,0.008465672117
-1.51778655,-0.008542646689,-0.00117948796,-0.00681449766,-0.0143316833,-0.001182997055,-0.02351715117,0.01028370191,0.008105193253
-0.8919268047,-0.005571357872,0.001779442268,-0.005951569822,-0.01297251232,-5.726674457e-05,-0.02130960849,0.008442146984,0.00837666524
-1.265204281,-0.003143611957,0.00658130329,-0.008673030412,-0.01333408112,0.0008742467838,-0.02061968323,0.01092907688,0.009689301183
-1.05482184,-0.003109021283,0.005983754962,-0.007714757494,-0.01566014111,0.0005963917202,-0.02402205863,0.01111675585,0.0104232107
-1.185023901,-0.002348360538,0.005638279857,-0.005311798551,-0.01537640311,0.0006165226196,-0.02174292069,0.007805439976,0.008165960223
-1.113711884,-0.001521299152,0.005833061602,-0.00559138353,-0.01294853082,0.0009194284321,-0.02280470589,0.01047135167,0.009904504824
-1.170487175,4.042844362e-05,0.007557632088,-0.006360193515,-0.01272358893,0.0009445532987,-0.01967154376,0.009736478723,0.008875640191
-1.160265105,-0.0004618750638,0.008023173857,-0.00500143905,-0.01429888866,0.0005852729216,-0.02312480687,0.01079902917,0.01054296215
-1.122993803,-0.0002502431216,0.007733614399,-0.006865119534,-0.01398438202,0.002624133817,-0.01917930449,0.01234119879,0.009712275264
-1.099330244,-0.00189148767,0.006697511542,-0.006514700693,-0.01237898619,0.0004360977462,-0.02986415243,0.008764008617,0.008277522277
-1.169605074,0.0004103860238,0.007926954848,-0.005073007099,-0.01377391075,0.004270185652,-0.01400365959,0.01761998794,0.009211057743
-1.143170677,0.0004799704395,0.005668161687,-0.006318653807,-0.01571813717,-0.0001836523408,-0.01299570363,0.002587040905,0.009440480168
-1.127817958,0.004671317395,0.01453698892,-0.001872174513,-0.01657655437,0.00214974563,-0.05027495604,0.01443642723,0.01553444739
-1.13752466,0.01060926009,0.01849288574,-0.006795691977,-0.004595536158,0.007682345258,0.01274412542,0.01294915778,0.003070701734
-1.163464583,0.008056203245,0.0148153494,0.00111119164,-0.01666433582,0.0002473795114,-0.03401650014,0.0001252579361,0.01235116198
-1.09784162,0.009869621477,0.02069562024,-0.005540006425,-0.01304212217,0.003377493878,-0.02694953113,0.02846804121,0.01316658159
-1.183581431,0.00708181251,0.01391784433,-0.002536090928,-0.005718537705,0.003621252195,-0.006867388594,-0.006916739409,0.003693473671
-1.106567501,0.003842995866,0.01697240091,-0.00559020008,-0.02290390176,0.003405674688,-0.03284626809,0.02677175594,0.009699786177
-1.115923082,0.005569939937,0.008295612432,-0.001106242176,-0.01332870932,-0.0004302185871,-0.01582592508,0.00299725626,0.01019448091
-1.106109997,0.00399656433,0.01410554036,-0.008750636572,-0.01079904674,0.002576499285,-0.02049713055,0.007724446927,0.008612674901
-1.143944123,-0.0001846024569,0.009629044531,-0.0007489249775,-0.01555717094,-0.0004472393266,-0.03129243763,0.01816248324,0.009543558155
-1.167198697,-0.001792609209,0.005678350591,-0.007258099537,-0.01987831723,-4.191037165e-05,-0.01056688951,0.0005856879515,0.004274353488
-1.147583754,0.000609931217,0.01197154828,-0.007041463585,-0.0143735936,0.002830031905,-0.03030809565,0.01788326359,0.01141640677
-1.173542695,-0.004582103647,0.005247186597,-0.007762743339,-0.0130362127,-0.003247649816,-0.01993225434,0.006739458685,0.008110070573
-1.131188974,-0.004143608029,0.003480769156,-0.005945819211,-0.01632922728,0.003468242941,-0.0200705481,0.009685504048,0.00739977365
-1.136149283,-0.001076848414,0.008377058206,-0.006611437665,-0.01814663772,-8.393149741e-06,-0.02594167247,0.007414860217,0.008959177415
-1.175516792,-0.0034189766,0.007453094249,-0.005651668868,-0.01164767338,-0.0002824678255,-0.01794508864,0.009966504189,0.007706517978
-1.119328928,-0.002151637674,0.004289007106,-0.003217275279,-0.01638657959,-1.359807335e-06,-0.02841195624,0.01092421834,0.01084085956
-1.116413399,-0.002584419969,0.006435053514,-0.009448119166,-0.01656996135,-0.0005338255609,-0.0220314677,0.00925835545,0.007241138199
-1.175362577,-0.0024107194,0.008351108098,-0.005793022045,-0.01313117011,0.002533260552,-0.01642285485,0.01018740596,0.006549224305
-1.153569834,-0.00777920718,-0.001722389536,-0.004050380568,-0.01780373496,-0.001136004646,-0.03088095474,0.01102146009,0.01054076393
-1.128889131,-0.01206294614,-0.007879456884,-0.0124595452,-0.01907260131,-0.001138033834,-0.02233410165,0.006560295241,0.006815244448
-1.12182174,-0.01001186105,-0.001968011785,-0.01014845575,-0.0155707337,-0.000546844648,-0.02097811688,0.005290685718,0.005599422684
-1.158474345,-0.0128994303,-0.004264652423,-0.005927323462,-0.01679913278,-0.002204821909,-0.02549388784,0.01820416995,0.008805470962
-1.095837367,-0.008221661512,-0.001288450106,-0.01121791912,-0.01661041728,-0.0005765584838,-0.02090727577,0.000928966374,0.008090095515
-1.113255436,-0.00742381219,0.003636635285,-0.01073907324,-0.01379196026,-7.687226972e-05,-0.02513151873,0.01313753347,0.00894280592
-1.184900387,-0.01064791545,-0.0005732507821,-0.006611240296,-0.0156910953,-0.0003094010609,-0.02164025971,0.01215089567,0.00808567916
-1.136018848,-0.004841495214,0.00182390596,-0.006106487586,-0.01581603115,0.001969547259,-0.02112677896,0.005902855056,0.006258506828
-1.121712801,-0.001518598054,0.00662076891,-0.004705288219,-0.01653203178,0.000708005813,-0.02616078636,0.01142963939,0.01084301984
-1.148494367,-0.001656660245,0.003293330945,-0.01627770678,-0.01064446711,4.672144008e-05,-0.01804856925,0.008813313109,0.008922330401
-1.157064002,-0.001571600456,0.006591665531,-0.00142781011,-0.01386021702,0.002665886611,-0.02639640118,0.01323863133,0.009340612579
-1.124290168,-0.001129585525,0.01051654159,0.002319957365,-0.01743048428,0.002618961257,-0.02045974632,0.009620498799,0.008423135996
-1.144079038,-0.0009466979662,0.005676654228,-0.01227254647,-0.01393653831,0.00132733633,-0.02275940829,0.01000127279,0.009754338031
-1.111028918,0.0001087449462,0.007020145568,-0.01164830658,-0.01092398658,0.0005319532977,-0.02069340341,0.0137287087,0.01016816182
-1.143893364,-0.0005082848638,0.009702490276,0.0009599273037,-0.01354611314,0.002091448576,-0.01939353566,0.01022511944,0.007911039126
-1.151400442,-0.0001169202345,0.007379716386,-0.006958247394,-0.01867488948,0.002077123181,-0.02183628795,0.009533001023,0.00826930133
-1.162193562,2.943683673e-05,0.007686969542,-0.009252516253,-0.008324148132,0.003412455149,-0.0223557287,0.01328067896,0.01189907973
-1.125879064,-0.0004947949302,0.005333458908,-0.005682829572,-0.01570879024,0.0008113884822,-0.02173505496,0.01497113272,0.009800395674
-1.064217879,0.008735386993,0.01744024912,0.0009673526181,-0.01471029091,0.005231735739,-0.02321546803,-0.004476799432,0.007383294911
-1.129707635,0.009571146682,0.02100515951,-0.003679416572,-0.009221964063,0.006577178244,-0.0192376847,0.02434847088,0.00901891583
-1.124881159,0.01050675063,0.01321012536,-0.003011029365,-0.01210759763,-0.001920022159,-0.02004180869,0.009098962463,0.01171218859
-1.140837987,0.009876040048,0.01682696144,-0.00436056564,-0.01664185354,0.007300556571,-0.01951233572,0.01135475638,0.008002846469
-1.123455201,0.004117707071,0.01947660082,-0.002772173951,-0.01059366044,0.003149143363,-0.02319302352,0.009865806054,0.008347097146
-1.108445071,0.005288943364,0.01191206285,-0.002839394326,-0.01148958962,-0.00102390992,-0.01838795648,0.01083631464,0.01097101576
-1.105535795,0.005249815345,0.008123166088,-0.004511134473,-0.01872566738,0.003512299495,-0.02375612621,0.01614775711,0.009403712967
-1.118929337,0.00297976827,0.01291702441,-0.004324971364,-0.01703272533,0.004566001185,-0.02200239857,0.0001061447445,0.00656968377
-1.130701445,-0.001288289039,0.01058303553,-0.0041186716,-0.01036337807,-0.0008011177218,-0.01977743487,0.0147429963,0.007560034468
-1.110798866,-0.0004653364938,0.004380370869,-0.00607803469,-0.01519143753,-0.002497965304,-0.0234586886,0.007957208763,0.01059178034
-1.140488971,0.0001166066552,0.007526772567,-0.006205512392,-0.01908179655,0.001926276997,-0.02400171654,0.01198460818,0.007649294853
-1.117592169,-0.002856829336,0.005489565445,-0.00296044076,-0.01540300055,0.001786943992,-0.02221260359,0.009963776023,0.006092280581
-1.126329807,-0.002669367489,0.006459440067,-0.00397586912,-0.01458612368,0.0005679091631,-0.02059569865,0.01019550712,0.007386457959
-1.096634883,-0.0008513957962,0.004413709423,-0.01030109453,-0.01508322706,0.0005864705741,-0.02186383568,0.009490083032,0.009757912286
-1.147789315,-0.002035332616,0.008478240469,-0.00812187375,-0.01508428772,0.0006105708718,-0.02082672634,0.005375155157,0.008864234756
-1.142368757,-0.003002354829,0.004971581616,-0.002489038002,-0.01436055005,0.0008747971802,-0.02257811284,0.01478645357,0.007337486198
-1.153353823,-0.002135949382,0.006167227681,-0.007422504018,-0.01675306432,8.684847417e-05,-0.02274995383,0.006595853312,0.007201605929
-1.147296646,-0.004106012613,0.005404486375,-0.006643223843,-0.01736354692,0.0002526086977,-0.02375011282,0.01319910935,0.009168190467
-1.179744926,-0.0139646431,-0.006237080731,-0.007915568094,-0.01638878419,-0.001850502087,-0.02404349936,0.008694177624,0.008089594517
-1.06669069,-0.0125308831,-0.004635915528,-0.009014622916,-0.01550475607,-0.0009842350703,-0.02194238929,0.006931371941,0.006270643002
-1.139756447,-0.0111476416,-0.003376292213,-0.009513506545,-0.01727353345,-0.00212157615,-0.02311344333,0.009199131844,0.007926838684
-0.9934885956,-0.01144850037,-0.002603135872,-0.007737849321,-0.01693175125,-0.001557942997,-0.02236067835,0.007169947923,0.008064417856
-1.258511641,-0.006979542359,0.0007367624193,-0.007563357285,-0.01538348346,0.000241449651,-0.02362177898,0.01062891837,0.008606549535
-0.8244224535,-0.008196206699,0.0001703168498,-0.01042127342,-0.01604709934,-0.001035051232,-0.022490524,0.008235255407,0.009022297644
-1.575287854,-0.006048106188,0.0008696490224,-0.006921065569,-0.01477078555,0.001292620524,-0.02092653999,0.01108598847,0.009649019815
0.9469960655,-0.003111689476,0.003131081355,-0.006628918873,-0.01371642395,0.002415458768,-0.02155300898,0.009848068905,0.009609518446
5.66113257,-0.003453877788,0.006475261683,-0.00759314693,-0.01650656112,0.0007724404388,-0.02250928066,0.01011716062,0.00955584235
4.910766372,-0.003074210822,0.005189094831,-0.005899873959,-0.01632408564,0.0005877485634,-0.02142973259,0.009458498616,0.009585274569
5.342175913,-0.0001950275106,0.00623348393,-0.005802927532,-0.01226703102,0.001044323348,-0.02254682122,0.01155213069,0.00801562013
5.086498839,0.001610023544,0.006597727041,-0.007740449865,-0.01202528802,0.001426942169,-0.02195354622,0.0124395719,0.01013646816
5.265452978,-0.001465427484,0.007589938544,-0.005847661162,-0.01385455456,0.001153928574,-0.02312285832,0.009247589687,0.01063966564
5.146020428,-0.001179369876,0.00900340635,-0.004898774617,-0.01390374095,0.001761917722,-0.02251851566,0.01072580151,0.008355129143
5.238735044,0.0005703682604,0.006973207826,-0.006597541298,-0.01359546895,0.003284005121,-0.02041451058,0.008914964358,0.007763990184
5.184231206,0.0009646632424,0.005934082604,-0.003953447838,-0.0155674466,0.001093247135,-0.02195866399,0.01181035879,0.009944942985
5.2130837,-0.000354065536,0.006384828937,-0.005201734936,-0.01286784073,0.0008541766252,-0.01953477421,0.009719259092,0.009592769086
5.154608314,0.002788386681,0.01209548729,-0.005315266017,-0.01071896493,0.002334562194,-0.0213095427,0.01072132876,0.009507517408
5.203902477,0.01152724828,0.01853723169,-0.00304328327,-0.01274940063,0.005232725211,-0.02118044304,0.01342720709,0.01047931878
5.111487491,0.00916809955,0.01670864138,-0.002996937331,-0.01421689538,0.00347160446,-0.02159469746,0.009898539191,0.01042697712
5.210878334,0.008149077198,0.01783186678,-0.001126393387,-0.01031387461,0.001384305878,-0.02131895262,0.009854493837,0.009164503827
5.051644001,0.007103310798,0.01589841338,-0.00265251405,-0.01081686196,0.001849515089,-0.01826724056,0.01587140034,0.010774651
5.385102693,0.00596961345,0.01299078921,-0.005411614357,-0.01649143344,0.003964699802,-0.02154420748,0.007099903127,0.008597343205
4.139713491,0.00502686136,0.01745979188,-0.005944040037,-0.01279631799,0.003210186134,-0.02130820377,0.009573869328,0.008360987165
-1.195604456,0.003416633433,0.01144056964,-0.002572044665,-0.01120811037,3.593219713e-05,-0.02128251001,0.01248809529,0.009453342879
-1.060475322,0.0002858536527,0.008284544205,-0.004952128245,-0.01621394962,0.0007621863656,-0.02123986365,0.01075099275,0.0085428671
-1.192718879,0.0007102558272,0.00761289943,-0.005989664176,-0.01897249811,0.001942255768,-0.02300445815,0.008943624076,0.007061208552
-1.094428348,-0.0002914748925,0.008532608767,-0.00481310519,-0.01427931633,0.0007082643816,-0.02144467899,0.008676862251,0.006396959574
-1.160429395,-0.002082293421,0.005264579922,-0.007323003258,-0.01349555996,-0.0004178932183,-0.02091819028,0.01022616567,0.009124120783
-1.110750895,-0.00215021994,0.005949031441,-0.00657908428,-0.01856252011,-0.0001767854587,-0.02373895624,0.008829014028,0.007848247778
-1.18941045,-0.002386797066,0.00838627989,-0.003922486857,-0.01558698009,0.001238579471,-0.02237631183,0.01065590822,0.006997844113
-1.13210851,-0.002678827688,0.005642972674,-0.004928999263,-0.01397395062,0.0008150121226,-0.02306331413,0.01132123076,0.008243698119
-1.125985241,-0.002325438906,0.005686107117,-0.007227678578,-0.01536002863,-0.00154899635,-0.02259822674,0.009144551635,0.008845805798
-1.087894188,-0.003098233096,0.005709911143,-0.006182225065,-0.01655032655,-0.0001527779018,-0.02076019179,0.009089454555,0.00796544065
-1.136662149,-0.00230777645,0.006415285183,-0.004066414331,-0.01529543842,0.002191663042,-0.02089718945,0.009265489559,0.007663758897
-1.120888796,-0.00773516289,0.001392620677,-0.007535932133,-0.01582808739,-0.0007496012288,-0.02651411806,0.009021716275,0.006945069477
-1.117362174,-0.01444395282,-0.004967937609,-0.009208668518,-0.02024424775,-0.001740906175,-0.02445646529,0.00886463076,0.00760337011
-1.155215325,-0.01093777733,-0.00467933959,-0.01104710711,-0.01492831601,-0.004237709857,-0.007304200686,0.007590530248,0.007057979283
-1.149492993,-0.01219726497,-0.004992608207,-0.005869562244,-0.01775263439,-0.002615932371,-0.04886262424,0.01199937111,0.01099880139
-1.16760642,-0.009317400688,9.703453239e-06,-0.01194430659,-0.01377141844,0.003494793178,-0.008410416876,0.008510504343,0.005123535406
-1.146627813,-0.00746713346,-0.001311232574,-0.006118768027,-0.01486406245,-0.002244352438,-0.02010514349,0.0003204628876,0.00715538685
-1.123664444,-0.008235194764,-5.033645031e-05,-0.00825701936,-0.01794510029,-0.0007299939525,-0.03589504933,0.02225118949,0.01208809791
-1.136454276,-0.004061054109,0.002479049038,-0.005773610783,-0.009100042952,0.001506752858,-0.01020236319,0.000368652861,0.005076019397
-1.127470871,-0.003470135018,0.007900757052,-0.008578707469,-0.0191235731,0.001614865692,-0.03012226634,0.01549166399,0.008164977755
-1.140388024,-0.003208030742,0.003073791396,-0.003786478806,-0.0119798767,0.0002780981685,-0.02091826326,0.01294198043,0.01029458244
-1.130950364,-0.0002744168418,0.005454112179,-0.007730762405,-0.01218302639,0.000962347506,-0.01662502841,0.003215377334,0.008797851654
-1.119694453,-0.0006357311797,0.009645073663,-0.00631785237,-0.01730562358,0.002596332521,-0.03226683038,0.01484294975,0.01032276324
-1.147364445,-0.002908058747,0.004819577142,-0.004013765027,-0.01395736276,0.0007852986037,-0.01388108315,0.003538352188,0.005874310559
-1.118725772,0.001125996722,0.009495191417,-0.006126465579,-0.01085102815,0.003473758455,-0.02318518714,0.01772259602,0.008946961005
-1.132889088,0.001310936612,0.008616879707,-0.007715512557,-0.01518586341,0.0008627663992,-0.02509484406,0.008467937795,0.01097314082
-1.128607183,-0.002542434671,0.009372586194,-0.005070422127,-0.01369694748,0.002811161853,-0.01792525895,0.009684464781,0.008213121731
-1.157261054,0.0003839587808,0.008247125025,-0.004828746355,-0.01234948485,0.003292170182,-0.0243960636,0.0140696662,0.01005006624
-1.094792389,-0.0007854001085,0.006496806791,-0.0089203361,-0.01508238778,0.001645018867,-0.02027122312,0.009423037098,0.008635212373
-1.112556804,0.008785294945,0.01524200899,-0.001095658569,-0.01510779602,0.004628213951,-0.02429921052,0.009742310202,0.01076499106
-1.136601808,0.01255641734,0.0221372219,-0.0006401908734,-0.01208316352,0.001896176558,-0.02135064404,0.01322746863,0.009946624129
-1.108864145,0.007538253373,0.01734178402,-0.007584088086,-0.008894590559,0.004099612443,-0.01079250039,0.009874640821,0.006253774288
-1.091776055,0.009136612964,0.01789526462,0.0005674457847,-0.01646861059,0.005596244668,-0.03039553846,0.01495386791,0.01090097627
-1.163247395,0.00745159082,0.01313024657,-0.001825476578,-0.01606495148,0.002509287069,-0.02155167972,0.008064531403,0.008486028088
-1.129250356,0.005152454323,0.01523497597,-0.004594067173,-0.007207180189,0.0016238843,-0.01498879655,0.006522562687,0.007632625967
-1.166310175,0.004936327247,0.01378391043,-0.003277686421,-0.01581853079,0.002222133188,-0.02676558609,0.01955870483,0.01108468172
-1.140562481,0.001493271256,0.008341213442,-0.003918192348,-0.01846621902,0.001512768991,-0.01765820036,0.0006966823127,0.006405837926
-1.141969949,0.0007678310859,0.01147740139,-0.007985280241,-0.01356890542,0.001136785211,-0.02278242653,0.0138732409,0.007879142903
-1.158498681,-0.001979369326,0.006913049107,-0.001570096985,-0.01364772626,-0.001437872595,-0.0243725862,0.0139143298,0.008497024114
-1.093995095,-0.0009510201134,0.006236410421,-0.01106317737,-0.0200428624,0.0008614314313,-0.01876129242,0.00449163073,0.006342271124
-1.148990718,-0.002722567462,0.005177093852,-0.01427645263,-0.01578044521,0.0005955872861,-0.0252160524,0.009551510019,0.006749011392
-1.156409279,-0.001741302142,0.007786686829,0.008450629,-0.01064946884,0.0005193994635,-0.02051544911,0.0127199641,0.008717081331
-1.155643129,-0.0001402880856,0.006842239619,-0.005072429733,-0.0164978274,0.001990823971,-0.02121332551,0.007092864247,0.006717038279
-1.14489734,-0.001465685767,0.007608816184,-0.01474155298,-0.02045727145,0.0004642175614,-0.02847772068,0.01121081786,0.00953225294
-1.115474528,-0.00259135933,0.007274773408,-0.008150488002,-0.01425131191,-0.001218726692,-0.01549375294,0.01066443282,0.006504577319
-1.131575776,-0.002029956062,0.005327008911,0.006851978841,-0.01194218299,-0.0009341862231,-0.02421639605,0.01272123474,0.008266220329
-1.121254523,-0.002661234395,0.006186146418,-0.01192077907,-0.02385040353,-0.001678401562,-0.02512877517,0.01151360213,0.007141072141
-1.185428024,-0.01163969875,-0.005684309715,-0.01491108194,-0.01745985676,0.0007458927224,-0.01998868636,0.002435517921,0.006357117059
-1.152582946,-0.01326011685,-0.0002614529892,-0.002302137664,-0.01332933049,-0.002623662809,-0.0246562961,0.01171292572,0.008296834642
-1.117005644,-0.01141715085,-0.005741625535,-0.005204059893,-0.01370084164,-0.00549817103,-0.0179575851,0.01448981038,0.006468058817
-1.130247234,-0.01188419477,-0.007604273974,-0.01195714718,-0.0200936024,0.001097852455,-0.03449110369,-0.004783698692,0.007324051285
-1.109331395,-0.006934992632,0.004852368507,-0.009297778922,-0.00898088773,0.004302141687,-0.02059841169,0.0177044589,0.006864165099
-1.126951657,-0.007822149523,-0.003980211193,-0.007781212057,-0.01138434037,-0.007926471695,-0.007824805686,0.003225432329,0.008505989112
-1.158615399,-0.006192556581,0.0007293797924,-0.009160766232,-0.01980217868,0.002483707018,-0.03864052799,0.01283818948,0.01157325366
-1.102848969,-0.004425359535,0.006481642355,-0.01094723867,-0.01331856606,0.003599645337,-0.01585444674,0.01046582719,0.006345881771
-1.113940162,-0.002280060743,0.00431323115,-0.003114552896,-0.01319311978,-0.0001865084445,-0.02176958202,0.004906119195,0.006970603457
-1.108282076,-0.0002957326526,0.006586943385,-0.006849516774,-0.02107322374,-0.0001864040062,-0.02724132218,0.03120257075,0.01162138126
-1.14330064,-0.0003449757555,0.00525086067,-0.007127494289,-0.02183843399,0.003663533307,-0.01857710478,-0.01253522711,0.007634179313
-1.113641638,-0.001681095015,0.00985985782,-0.003569626978,-0.01082381033,0.002166954151,-0.02231796458,0.02252104275,0.008229519046
-1.101636042,0.0005343466444,0.001659574206,-0.003186188823,-0.008832210495,-0.002350967745,-0.02349831522,0.00729800226,0.01046496572
-1.142614891,0.001964865919,0.01080117987,-0.01601065563,-0.01912858778,0.005914978579,-0.01835109921,0.01102149716,0.007623823029
-1.123613268,-0.001677505882,0.007591765263,-0.001328402138,-0.01377318383,0.0002396797064,-0.02638263312,0.01450052286,0.01060935731
-1.132009859,-0.002023718281,0.008386672216,0.001122409428,-0.00758434128,-0.001165162893,-0.01705060269,0.01462298187,0.008130538497
-1.096218264,-2.538026269e-05,0.006239483215,-0.01085770095,-0.01205798042,0.004380265011,-0.02452295008,0.009091348487,0.009632624154
-1.117884482,0.001738179452,0.01311417408,-0.009578836776,-0.01700575027,0.001479178886,-0.01816683778,-0.00200603586,0.01017113845
-1.105684488,0.009706745185,0.01973234759,0.006717201795,-0.008111694859,0.003181335568,-0.01870953379,0.01998535268,0.01005332446
-1.12425294,0.01112862429,0.01425168495,-0.002423139195,-0.009816382364,0.002440826388,-0.02161138266,0.00617493566,0.009565834848
-1.103412009,0.01035008387,0.01905235153,-0.01094640903,-0.01532075457,0.002310383404,-0.02119291428,0.01617268754,0.008567127126
-1.094447135,0.006810443753,0.01615978637,-0.00304735012,-0.01479196102,0.003799119958,-0.02142308571,0.005434991708,0.01196329385
-1.099555369,0.003956269591,0.01596659026,0.001767325031,-0.008049044835,0.001208231329,-0.01783405168,0.0213853822,0.00808974511
-1.160769847,0.006452057096,0.01053227247,-0.009718761842,-0.01749285014,0.005244771766,-0.01717178265,0.002700462771,0.007366114928
-1.096743834,0.001779477366,0.01120337392,-0.004931716501,-0.01684184419,0.001397942516,-0.02702200359,0.006509180139,0.01039524837
-1.140741567,0.001829719949,0.008302693567,0.0008157382561,-0.009489407857,-0.0008594815013,-0.02144571581,0.01159818969,0.008387465895
-0.8555163819,0.002590056181,0.006903100845,-0.002981443965,-0.01156914638,0.00119395389,-0.02189890778,0.008245201747,0.00513798272
4.649367749,0.0008284098173,0.006345054032,-0.01081956851,-0.02129269224,-0.0003821059608,-0.02301440137,0.01560462969,0.009600941986
5.269895604,-0.004415140617,0.00849040464,-0.004271743095,-0.01656673438,0.00060191153,-0.02399516339,0.004017082279,0.009711150542
5.127048668,-0.002658188118,0.007721277411,-0.00540294225,-0.01613319154,0.002525577005,-0.02232761223,0.01614732302,0.006102407268
5.212951268,-0.002105326722,0.004204477759,-0.005947540854,-0.02085540037,-1.977847765e-05,-0.02167677643,0.003381727247,0.007546877197
5.140267796,-0.00246247525,0.003538239183,-0.005032627885,-0.01544779506,-0.0003511340921,-0.02111159209,0.01033316168,0.008482146758
5.179719724,-0.0009902371667,0.005444302496,-0.005647178371,-0.009349270449,-0.001933908509,-0.02445897005,0.0119209511,0.008526120195
5.154300903,-0.00353212609,0.007544781698,-0.01017105743,-0.01481394856,-0.0003032271454,-0.02109452192,0.008153556286,0.006253447255
5.244238268,-0.002879772455,0.009294729896,-0.008610702714,-0.01995326065,0.002925354082,-0.02187237691,0.01319575743,0.00844394012
5.169380253,-0.006777588744,0.001614349839,-0.005083649622,-0.01405407597,-0.001994019945,-0.02125748148,0.01040390093,0.007546542006
5.173901186,-0.01423106557,-0.007268055454,-0.007616697184,-0.0159167768,-0.00170902273,-0.02431180778,0.007135731392,0.00649702916
5.124603491,-0.01201313082,-0.00428196191,-0.01009838035,-0.01790159034,-0.001861322262,-0.02457288771,0.005658431365,0.007517768952
5.184232127,-0.01083560418,-0.002987431067,-0.01033505161,-0.01687875085,-0.001352875739,-0.02277677764,0.008203768012,0.007102538489
5.148360402,-0.007950354956,-0.0003568305579,-0.007147676099,-0.0124320908,-0.001992593405,-0.02118340296,0.01528003869,0.008472588306
5.28024409,-0.007900922027,0.0001792247709,-0.007161867286,-0.021859722,0.002879504109,-0.02784570418,0.007023636505,0.009509567776
5.00790412,-0.008904532817,0.003033918442,-0.007536164952,-0.01752741373,-0.002663438073,-0.02381150988,-5.576481784e-05,0.008523105213
5.382565706,-0.005680632791,0.002290313732,-0.006543378161,-0.006582885238,-0.002885958529,-0.0139302992,0.02549753504,0.008634629008
0.1587906059,-0.001647159265,0.0002845088274,-0.009835937776,-0.01863015867,0.006059102936,-0.02561170376,0.008802003578,0.00821675202
-1.465380732,-0.0006852509259,0.006785918812,-0.007652597227,-0.01874217265,0.001432130878,-0.02633953283,-0.003310436604,0.007728960942
-0.9622953685,-0.003194824011,0.009735592328,-0.003215645625,-0.004968088335,0.0008964328922,-0.01958793115,0.01713835439,0.00940566452
-1.256533079,-0.004704350433,0.002808110806,-0.008899876402,-0.01122195875,-0.002187249522,-0.0181113204,0.01742913763,0.009641776088
-1.018943129,-8.9797722e-05,0.003424855679,-0.006801520069,-0.02641341092,0.004685105807,-0.02705844936,0.005340433596,0.009599227712
-1.145343367,-4.96815877e-05,0.01396280186,-0.003443115918,-0.009245074953,0.00272029299,-0.02219491221,0.00769870908,0.00819764658
-1.081545912,-0.0002310072394,0.008070371863,-0.007376487861,-0.004385314899,-0.001360088294,-0.01938941952,0.01446520108,0.009451644393
-1.156863094,-0.002756315063,0.003802371801,-0.007206381568,-0.02266941193,0.0006711132678,-0.02255863767,0.01264879947,0.009868082791
-1.155820931,0.0005418679352,0.009927454022,-0.001383680228,-0.02092751861,0.004559469857,-0.02180751343,0.007865414668,0.01117904272
-1.200506343,-0.00256996027,0.008641506599,-0.005331678738,-0.00721448236,0.003653239799,-0.02259170871,0.01408129414,0.006905301716
-1.173503318,0.006467424632,0.009524499315,-0.009341808073,-0.01176436459,0.001373188734,-0.02182408245,0.01143018481,0.01038190283
-1.145411382,0.01199170339,0.01871633547,-0.0005662994419,-0.0169512709,0.002612859117,-0.01946840568,0.01029376244,0.01259044092
-1.140493658,0.008115390762,0.01781216145,0.002195099809,-0.01134270794,0.005327523136,-0.02241509353,0.01442178905,0.009092671831
-1.131680621,0.008669325644,0.01705089411,-0.006713198462,-0.007418903742,0.002447124178,-0.02056996484,0.01023031278,0.008580637758
-1.119738556,0.007310739577,0.01295022315,-0.00637742196,-0.01744820352,0.003576924918,-0.02313953893,0.008660173609,0.01031321946
-1.163328666,0.005481170522,0.01323821111,-0.001291755612,-0.01406231183,0.00142252458,-0.01520898605,0.009789393951,0.008598212735
-1.147576221,0.005313546779,0.01274522712,-0.005094165929,-0.009379004784,0.001537708131,-0.0207678975,0.01486401389,0.008351055611
-1.116631616,0.003124573781,0.008731526133,-0.006634512007,-0.0159916506,0.003755244658,-0.02531763504,0.01130891792,0.008195678989
-1.115472047,0.001248489271,0.01032315354,-0.004052697182,-0.01916475517,0.001466302561,-0.01744748561,0.004360788797,0.007068133557
-1.147575419,-0.001800318357,0.009978571857,-0.004349169279,-0.01574596268,-0.0002990491775,-0.02580230281,0.0119949038,0.007879535315
-1.13732201,-0.001320954236,0.005423286473,-0.004609151318,-0.01283674494,-0.001607806957,-0.02171913587,0.01241005297,0.009771578787
-1.161114078,-0.002494930544,0.004515696794,-0.007396164394,-0.01947381261,0.002175993868,-0.01941880029,0.006219233791,0.006552801457
-1.1066093,-0.002638102935,0.00920815434,-0.006068898978,-0.01457065849,0.001580674978,-0.02407797725,0.01105548494,0.007206732151
-1.13935963,-0.003109369859,0.006271647489,-0.00403482423,-0.01214687203,-0.0007945921107,-0.02093507053,0.00991513204,0.009102998759
-1.095948885,-0.003162005029,0.00476347966,-0.006720645487,-0.01876633415,-0.0003718293435,-0.0255356688,0.009181122057,0.008721558288
-1.149952564,-0.003174598338,0.00615544445,-0.004865630694,-0.01603541833,0.001585777734,-0.02272397022,0.007571119069,0.007534955959
-1.119799343,-0.004273514301,0.006770488385,-0.004460636148,-0.01258436244,0.001999477463,-0.02102243909,0.0104097151,0.008036418511
-1.179720831,0.0002583681847,0.005066261166,-0.006938909733,-0.0175399528,0.0003867447096,-0.02229320268,0.007515534656,0.009483076089
-1.140074397,-0.009504588461,-0.002238134355,-0.01077321009,-0.01809502999,-0.002280947843,-0.02299513798,0.00956447586,0.00655920889
-1.154031186,-0.01262939632,-0.003577892996,-0.009107872862,-0.01531727514,-0.002132815686,-0.02302324427,0.01245959781,0.005887721199
-1.104656984,-0.01116562476,-0.003736374821,-0.00768663959,-0.01772125538,-0.001923973201,-0.0248274008,0.007462626825,0.007137976794
-1.1697401,-0.01133668675,-0.00296832661,-0.01095787082,-0.01960802501,-0.001460405391,-0.02377541638,0.008367222627,0.00785859165
-1.183168572,-0.006863865203,0.0008218594586,-0.006519732202,-0.01287732032,0.001669804627,-0.02648480575,0.01163490712,0.008341836807
-1.076944296,-0.009229211187,-0.0002843515522,-0.00875761077,-0.01456181425,-0.003758789246,-0.01431547672,0.005810218339,0.007545336532
-1.160963089,-0.006384328915,0.002972846692,-0.007169323541,-0.01243173036,0.002002734134,-0.02343490643,0.003914698473,0.009054571906
-1.149706983,-0.004664861435,0.004496029667,-0.005261437192,-0.01783363588,0.003196662982,-0.03783478413,0.0246711858,0.01139537922
-1.153766472,-0.004024160155,0.0004904259815,-0.00721618125,-0.0144812173,-0.002088262802,-0.008962890909,-0.01094681655,0.00640717831
-1.117276755,-0.002613887163,0.009687673497,-0.006317673182,-0.005907687084,0.002376798203,-0.02071160044,0.02845626263,0.009604833179
-1.095322454,-0.00284280233,0.005113693377,-0.008834172275,-0.02011423274,0.0008306617345,-0.02782090688,0.005687219376,0.01133093935
-1.15252823,0.001259037757,0.006763973778,-0.0002537384619,-0.01698627035,0.00465221345,-0.01591275503,0.001035408673,0.007808008387
-1.115638447,-0.0020042607,0.009469576703,-0.01763892615,-0.01229227904,0.001714633496,-0.02283763727,0.02187243303,0.01061254027
-1.13071473,-0.001464918212,0.004409927729,-0.0002370780139,-0.01025291748,0.0001208494669,-0.02599170833,0.004312807789,0.009803450899
-1.104420118,0.001673597031,0.006450458464,0.001502071021,-0.02184999579,0.001139483095,-0.01572369902,0.01632733372,0.009666640938
-1.13828042,-6.428561128e-05,0.01105918725,-0.01047070158,-0.009784894378,0.002490060814,-0.02866889392,0.004435940092,0.00834200294
-1.137615589,-0.0003265848985,0.009346100429,-0.01635874163,-0.01387140349,0.003401110554,-0.01298842097,0.02078211823,0.00829052356
-1.103790395,0.003400142486,0.005900727714,0.004835732342,-0.0142558583,0.002059382427,-0.02559192217,0.0005689086027,0.01063555098
-1.111298297,0.009614534173,0.02003376909,0.001266000888,-0.0178234312,0.003348246424,-0.0194839945,0.02195229345,0.01093875425
-1.113079446,0.009181568324,0.01510383049,-0.008878070042,-0.004268521525,0.005174337114,-0.01866349889,0.004202602816,0.00851163766
-1.098863146,0.009927276596,0.0172274974,-0.004280287697,-0.01501358101,0.002948788105,-0.02051675666,0.01302445104,0.009575831892
-1.12536838,0.008750234716,0.01795809736,0.004691646916,-0.01486164259,0.0001822610662,-0.02331245759,0.01575634098,0.01123105701
-1.121659226,0.003142150403,0.01409706484,-0.007408699233,-0.01548004556,0.003706221888,-0.0170238872,0.003614348317,0.007806643659
-1.142144142,0.002728563278,0.01451643796,-0.006459838714,-0.01339843092,0.003396232467,-0.0266557097,0.02054925065,0.009033055881
-1.136007899,0.004586367044,0.00884022511,-0.0004552652549,-0.0151867916,-0.0003407479723,-0.01935820227,0.001117135857,0.009327480785
-1.130035376,0.001592902318,0.01360206444,-0.003847803736,-0.01269073745,0.002630522732,-0.02151847475,0.01146971322,0.007290063197
-1.141747341,0.001003089419,0.006997388971,-0.01003059803,-0.01094755008,-4.322929948e-05,-0.02310338455,0.01017088887,0.009033088978
-1.09351877,-0.001866572047,0.003521330888,-0.007265354905,-0.01857841709,0.0002305128989,-0.02124483088,0.01172738449,0.007787392132
-1.121058467,-0.001074283271,0.006275706572,-0.003997935128,-0.01740109626,0.002610181111,-0.02517011395,0.006930807308,0.007149148517
-1.142759895,-0.004156165272,0.01083306102,-0.007887662876,-0.01589905793,-0.0009385991911,-0.02017510977,0.008686098515,0.006617986543
-1.114056908,-0.001071557445,0.002206378253,-0.004108196001,-0.01646583175,-0.00160872599,-0.0239649096,0.01325677823,0.01110111613
-1.097338668,-0.001168821892,0.005195674133,-0.005282574532,-0.01836827227,0.0001029748738,-0.02157411068,0.008011243269,0.008869772116
-1.144084999,-0.001609734798,0.007617586859,-0.004366343479,-0.01378910023,0.002779033282,-0.02121249674,0.005874759483,0.005765310795
-1.100771768,-0.004724938172,0.004515140304,-0.007221645997,-0.01430116623,-0.001754011953,-0.02047558947,0.0102192536,0.009350982251
-1.090327941,-0.002109787562,0.003401461222,-0.00548567354,-0.01617386067,-0.0009662859984,-0.0227308099,0.01343888044,0.009062413147
-1.107549023,-0.004646274008,0.00482613769,-0.008328187124,-0.01959154003,0.002519847391,-0.02325982879,0.01306856266,0.00769853515
-1.122822567,-0.01471266152,-0.003655264139,-0.007638115713,-0.01654828175,-0.002500207566,-0.02318059837,0.0001791154624,0.005709863463
-1.096011672,-0.01171196487,-0.003526819171,-0.008880985974,-0.01443041808,-0.002565086916,-0.02399942899,0.008293016834,0.008215786052
-1.076657617,-0.009731756874,-0.004495151895,-0.009242629255,-0.01632205287,-0.004844732622,-0.02315450864,0.01160548294,0.008600101002
-1.096471343,-0.0102934974,-0.003170335518,-0.01193026001,-0.02106133424,0.0005151929357,-0.02172608046,0.003597423298,0.00651396779
-1.059946859,-0.008435556739,0.0002942775409,-0.009943225876,-0.01321042721,0.0004630960089,-0.02537122913,0.0170986432,0.007560056655
-1.188114743,-0.007365481033,-0.00223040551,-0.006159045207,-0.01453107248,-0.002106988452,-0.02040819594,0.003814806489,0.01002080073
-0.9946172876,-0.005688483196,0.001944284144,-0.008525724945,-0.01686739339,0.003712422513,-0.0222475817,0.02032427237,0.007772345193
-1.198026809,-0.003869169699,0.002723536286,-0.006743987509,-0.01884628313,-0.0009813678187,-0.02395785054,0.004961768141,0.009482289547
-0.903820875,-0.004072288071,0.008474683151,-0.005788583878,-0.01172246579,0.005116321581,-0.02105981852,-0.00159822647,0.00682762492
-1.474677621,-0.001484348068,0.006086355011,-0.005281909109,-0.008440088723,-0.0004368577288,-0.02219831338,0.02228478406,0.01022258302
3.331001788,0.0009223166015,0.0013840761,-0.006643065249,-0.0161844689,-0.002384796688,-0.01774959795,0.007736187318,0.009302782105
5.652355657,0.0005471969007,0.01112356986,-0.005170125787,-0.01401823352,0.006522881611,-0.02178092016,0.01149797176,0.007655396263
5.007235475,-0.002242505351,0.01226094026,-0.005194249832,-0.01258977253,0.001480508258,-0.02590662671,0.01349108071,0.008523964832
5.290038191,0.0001249326376,0.005167200392,-0.006465194952,-0.01846255169,0.0003843653952,-0.01702442458,0.006935694131,0.008900440468
5.09707254,0.0007010292092,0.003850879652,-0.005642068171,-0.01758850304,0.001893522151,-0.02190302296,0.01394873992,0.008906895154
5.266752111,0.001656164649,0.00649953933,-0.004980057247,-0.01412335564,0.003793623435,-0.02207164251,-0.0005214281511,0.007483254879
5.152461235,-0.0008432693038,0.005086357142,-0.007712922381,-0.008874805219,-0.0004898586471,-0.02122326247,0.01409580391,0.009165636096
5.192176946,0.00769300069,0.01328174646,-0.008334827086,-0.01335661169,0.0007366967689,-0.02248316397,0.0119652336,0.01118138545
5.190751433,0.009919997892,0.02090377885,-0.003416673295,-0.0159164964,0.006911589555,-0.01835823965,0.0151886892,0.009253171939
5.209457047,0.007141641007,0.0156798251,-0.001136043484,-0.01201322111,0.002395309824,-0.01903077154,0.01063285285,0.008789711354
5.103313449,0.007508675074,0.01763131438,-0.003786783255,-0.009562999242,0.002668338489,-0.02083507922,0.009560032883,0.01027061447
5.22421226,0.006697836335,0.01546908938,-0.004902202964,-0.01258872491,0.003424813434,-0.02067840949,0.007168266032,0.007934376186
5.094068636,0.004299389295,0.01278426596,-0.002577851381,-0.01373931974,-0.0001447016684,-0.02004479472,0.01074780157,0.007773788622
5.322455724,0.006741945613,0.01248555457,-0.0005188150344,-0.01062250719,0.003353536969,-0.02388880713,0.01165655697,0.009327509591
4.82129481,0.001763639469,0.01366906959,-0.005765895889,-0.01262828245,-0.001806896462,-0.02121237254,0.01500922961,0.01041571539
5.713531525,-0.002591262941,0.01084081522,-0.00551129825,-0.02195632426,0.006938250998,-0.02406333974,0.01419315426,0.008017223082
1.71587645,-0.0008677419079,0.007303530689,-0.003649768845,-0.0185762361,-0.000448492177,-0.02504354916,-0.01077563678,0.00720415536
-1.66168797,0.0009279158293,0.004702234068,-0.005142790882,-0.004379871049,-0.008963282577,-0.01256249589,0.03020281224,0.009542383734
-0.8510139383,-0.002208684749,0.0001652970156,-0.007702547189,-0.01817376232,0.008076808653,-0.02259267552,0.004019906464,0.009110369388
-1.289717531,-0.002997761905,0.01157800495,-0.006838286183,-0.02387169668,-0.001167279496,-0.03108952578,-0.004021831634,0.005639566218
-1.022807014,0.0003864497693,0.00821570746,-0.002843771641,-0.005109745064,-0.001421188746,-0.01890284625,0.02016361154,0.01109359343
-1.214591425,-0.005528362858,0.006834618895,-0.00808679251,-0.01088744887,-0.0029876165,-0.01708637139,0.02092431004,0.007388716139
-1.123162546,-2.662031842e-06,0.002880425157,-0.00867817016,-0.03411586134,0.005846561702,-0.02800889543,-0.002573850867,0.008157890445
-1.156841079,-0.003756744951,0.009805304454,3.409469092e-05,-0.009262486913,0.002512141302,-0.02430456458,0.005039852249,0.005904652501
-1.11606832,-0.002782467746,0.008119470465,-0.006092419281,-0.0002397263749,-0.00585585115,-0.01833992172,0.01919409556,0.008786655148
-1.154326926,-0.009479825073,-0.006817006635,-0.01141095183,-0.02776927898,-0.0004140079732,-0.02587444596,0.003381494955,0.008150988528
-1.156341341,-0.01411959992,-0.002103654111,-0.007499867445,-0.02384256584,0.0003220653576,-0.02418525512,0.008470362976,0.006176393218
-1.190141217,-0.01220108765,0.0002309425348,-0.006136272594,-0.005925820774,-0.00166709394,-0.0208401594,0.01376890067,0.007028393955
-1.127831684,-0.01346991144,-0.00547467734,-0.01373865561,-0.01560105935,-0.001317779722,-0.02476024666,0.01099875215,0.006415615751
-1.121368775,-0.007085112958,-0.001663926224,-0.007077799772,-0.02497211194,-0.0007591425666,-0.02147817045,0.003342769695,0.01086604931
-1.140405511,-0.005850709682,0.003971226723,-0.001511577134,-0.01237850398,0.0003851902397,-0.02344094225,0.01072504003,0.00772222847
-1.107616733,-0.00635234981,-0.00323272672,-0.01212439512,-0.006645191297,-0.0005240607591,-0.02234733311,0.0108395357,0.007866414132
-1.169490514,-0.003967424581,0.003081025213,-0.009411541093,-0.02091071993,0.0005226074737,-0.02618936238,0.005481396957,0.009558970325
-1.084892913,-0.002548240064,0.006811205751,-0.001965318817,-0.01685893276,0.001823022693,-0.01684335931,0.01282627204,0.009320284622
-1.127003866,-0.002772620681,0.006252522945,-0.008896611797,-0.008813722619,9.856322825e-05,-0.02145679946,0.01401386842,0.006829555166
-1.134142661,-0.002047800036,0.004197005871,-0.008777057513,-0.01796223649,0.002942152059,-0.02936318806,0.01128553172,0.008689595131
-1.111821877,-0.0005917426453,0.009641349369,0.0009396530417,-0.01680752024,0.002394358307,-0.01567795535,0.001437145048,0.00897086594
-1.127680308,-0.0002057681407,0.008830931783,-0.005234938095,-0.01130467675,-0.0004529422242,-0.02269903704,0.01498742054,0.009137303884
-1.143054538,-0.0002018260017,0.002310929635,-0.01075879401,-0.01168572196,0.00187183449,-0.0243448129,0.0121021305,0.01030527294
-1.086595279,-0.001293775797,0.008451133462,-0.004273368098,-0.01755552893,0.002641191668,-0.01951703034,0.006464561151,0.009357744527
-1.151211331,-0.001442592983,0.01042614208,-0.003340700621,-0.01342199983,0.002901325822,-0.02487065723,0.01445327616,0.009731697161
-1.130267032,-0.001537126497,0.006826331791,-0.01057809967,-0.009043932253,0.0009250230615,-0.01915224413,0.01247680022,0.007996826567
-1.136937721,0.003171879577,0.005093163056,-0.003458412468,-0.01633790618,0.001310284573,-0.02305313828,0.01002315119,0.01009274661
-1.137689639,0.01094729252,0.02050605214,0.002277071336,-0.01496852195,0.004387821147,-0.02163745331,0.008696195102,0.009658991134
-1.121173706,0.009613430293,0.0195995382,-0.007239561415,-0.006274540236,0.004354534147,-0.01842658768,0.01140273545,0.008508854815
-1.107181066,0.009492663755,0.01432752784,-0.003794001867,-0.01443621123,0.00295427772,-0.02248810046,0.01284951458,0.01127497196
-1.188495355,0.009335798385,0.01708418699,0.00262209133,-0.01745868889,0.00245802926,-0.02133302806,0.01106282373,0.009768914122
-1.099028351,0.003751706066,0.01647142269,-0.006135587179,-0.009863582147,0.002513390603,-0.02059776952,0.01007684473,0.007795630989
-1.132401954,0.004587346322,0.01318058066,-0.006849873085,-0.01217963552,0.002156365333,-0.02236905632,0.01146976321,0.00900304284
-1.150875169,0.004573487884,0.0106334502,0.0009550463893,-0.01761784079,0.001059073473,-0.01904308365,0.008486070055,0.01143217008
-1.112204487,0.002270179646,0.0104631722,-0.00370729826,-0.0145566935,0.003765437464,-0.02392110113,0.009884264831,0.00763191279
-1.138005893,4.400515513e-05,0.006440912412,-0.009258638407,-0.01216067055,-0.002667104333,-0.02185078078,0.008836424997,0.006767042969
-1.140471938,0.0009024916476,0.00758026011,-0.006113850374,-0.01507191352,-0.0008621215758,-0.01636241856,0.0005786987864,0.008150288111
-1.15324267,-0.001455289294,0.00880066033,-0.001491099932,-0.02059394675,0.00507596137,-0.03628838585,0.02547154199,0.01023185097
-1.141040783,-0.002914772345,0.001665392933,-0.009279578055,-0.01771412864,-0.002236996781,-0.01374991238,-0.006015026645,0.005436343961
-1.168587953,-0.0003450200827,0.006287521653,-0.0008358940841,-0.0068254724,0.001147271539,-0.01947858134,0.01617493461,0.00845695791
-1.12773306,-0.00230060414,0.007484624052,-0.01198969223,-0.02005406307,-0.0008631783378,-0.02614348978,0.01780206476,0.01113694537
-1.124792305,-0.002439714482,0.006472290694,-0.01376286396,-0.01623994521,0.001978068338,-0.0183136578,-0.007563844153,0.004211047116
-1.15086061,-0.002117638158,0.006067290447,0.006620202256,-0.01574333414,5.204821047e-05,-0.02503008907,0.0258554172,0.01069412411
-1.119221034,-0.002285971607,0.007390829068,-0.005013461129,-0.01094119301,-0.003135162731,-0.020283376,0.002583169364,0.007767304567
-1.146745927,-0.003381535378,0.003014466103,-0.01977944754,-0.02205356457,0.00358490836,-0.02316458326,0.01230245345,0.007664490896
-1.138467515,-0.01417491156,-0.002520039362,-0.007273938707,-0.01663272991,-0.003337425178,-0.02473529887,0.005053661268,0.007687469122
-1.150170234,-0.01371993846,-0.003574740022,0.0008823211735,-0.01319658677,-3.844836643e-05,-0.01734670387,0.01517657101,0.007103191224
-1.162974892,-0.0101703528,-0.005036756977,-0.01674982759,-0.01979808449,-0.0007184901269,-0.02548309844,0.002125180309,0.006286570918
-1.119766072,-0.0089109033,-0.003174202988,-0.01267309929,-0.0169871076,-0.002092938237,-0.02404221674,0.007395505842,0.008725320894
-1.134130957,-0.00806672118,0.0009591541881,-0.001549688328,-0.01339389901,0.0005608599281,-0.01878282251,0.01466400841,0.00894172672
-1.17762524,-0.007816661529,0.0006196530456,-0.006762919926,-0.01258416372,0.000227387304,-0.02535676445,0.005891240242,0.00775883113
-1.114179252,-0.006312656257,-0.0003821214615,-0.01347037278,-0.02150640963,0.001199170449,-0.02088611959,0.01221858858,0.008631761608
-1.148296492,-0.003362806585,0.004444787518,-0.00340060293,-0.01183685092,-1.036757145e-05,-0.02299784028,0.006661083221,0.0110291184
-1.176775742,-0.003047171673,0.008036155592,-0.00435724118,-0.01619333766,0.002381940954,-0.01829816395,0.01691440751,0.007786410663
-1.106219312,-0.002734696193,0.003260136871,-0.008615049439,-0.01387752561,0.002572395232,-0.02336801828,0.00155366115,0.007960712585
-1.126608715,0.0007326702862,0.005365599237,-0.00777195417,-0.01469281202,0.0003845790673,-0.02189437943,0.0126112288,0.01063559916
-1.155423943,0.0003752717169,0.007550987453,-0.001487614487,-0.008730374159,0.001694597138,-0.02115859997,0.0122542094,0.009461413464
-1.175015838,-0.001732106312,0.00890731059,-0.00759179434,-0.01988239933,0.003377186697,-0.02101971862,0.009813206609,0.008326274271
-1.130690044,-0.002503577925,0.0070713355,-0.006088726103,-0.01643834773,0.002182808187,-0.02303858944,0.009807091088,0.009576849939
-1.145182456,0.0003193432361,0.007635434298,-0.004735079389,-0.01102328796,0.0006791560247,-0.0191247687,0.01285119167,0.009631807893
-1.141640004,0.0008888670697,0.008057473502,-0.004716465287,-0.01261576727,0.00310708288,-0.0224256202,0.01124992816,0.01025557499
-1.128458779,-0.001900165229,0.007785555463,-0.007867846362,-0.01935961615,0.003182017862,-0.0207325233,0.008669614589,0.008569514177
-1.157037596,0.004246561916,0.009975153656,-0.003280064551,-0.01279772628,0.003703827768,-0.02074086176,0.0092128853,0.01034339531
-1.158919067,0.01244375787,0.01866419509,-0.001578408945,-0.00751849601,0.00258727041,-0.01894660649,0.01375688958,0.01259621813
-1.118681826,0.009719276261,0.01657610581,-0.005579570142,-0.01429893284,0.004810705211,-0.0218562069,0.009866004171,0.01049861418
-1.144512786,0.008905301792,0.01841651463,-0.005089030511,-0.0161413727,0.002942581498,-0.02091068024,0.01263790459,0.009100389221
-1.114419975,0.006361773444,0.01503263379,-0.001778384799,-0.01128120083,0.002619560437,-0.01920099511,0.01347564154,0.009337068255
-1.156146198,0.004721894034,0.01166248126,-0.004547942865,-0.01133358985,0.002463004486,-0.02289686376,0.009064972789,0.009731510283
-1.052906447,0.006714048081,0.01359168303,-0.005746411058,-0.01615097541,0.001058173301,-0.02148850346,0.007906207841,0.01055844812
-1.173678122,0.002239950409,0.01215341784,-0.003251777212,-0.01221947985,0.0007855642689,-0.02077835569,0.01200002573,0.007249881546
-0.96801093,0.0008335656352,0.007715675285,-0.00669866176,-0.01495527703,0.002499696272,-0.01975146929,0.01049556262,0.006813014644
-1.292928418,-0.001010428479,0.00711831146,-0.007087178273,-0.01548389794,-0.0009622143401,-0.02296868786,0.00774030458,0.008698079984
-0.872802511,-0.002131925578,0.007983986983,-0.005397240833,-0.01604615298,-0.0006651126942,-0.02151816312,0.01156824952,0.008685219501
-1.666775247,-0.004089459401,0.006156586883,-0.005324330302,-0.01557772041,0.0011915788,-0.02103988513,0.009000167622,0.006032205036
2.327932838,-0.003101130471,0.005159371686,-0.007036839099,-0.01661387291,0.001061318314,-0.02031233412,0.007891176397,0.007564419836
5.729340324,-0.001254009334,0.007474106532,-0.005480420343,-0.01475992825,-0.0004067314202,-0.02320750704,0.008479763569,0.00989798892
4.87155551,-0.004102977538,0.005307713844,-0.004730256934,-0.01597748824,0.0001416355956,-0.02205613782,0.01007556996,0.008164949401
5.3575584,-0.001535919539,0.006849153027,-0.005220355077,-0.01571479595,0.0001981721254,-0.02225500194,0.009480390949,0.008228827491
5.087960168,-0.002226864903,0.005922640283,-0.005963072613,-0.0159485108,-0.001148114469,-0.02071074332,0.009606078928,0.008171244829
5.216698839,-0.002379276555,0.004890490062,-0.004815056417,-0.01597153849,0.0008097283456,-0.02287116836,0.008119820293,0.008900769807
5.139137077,-0.008393034739,-0.001426995352,-0.008216225454,-0.01621038089,-0.002341465501,-0.022097977,0.00860198113,0.007292854497
5.188404292,-0.01419844442,-0.005564405904,-0.01101099674,-0.01693186351,-0.002871810123,-0.02271600574,0.01140225199,0.006069921973
5.190192459,-0.01163492427,-0.003598313684,-0.008343437669,-0.01920254099,0.000639053415,-0.02571252382,0.005701233067,0.006971944228
5.216139545,-0.0140286175,-0.003861707501,-0.008746716306,-0.01511372011,-0.00215925708,-0.02345614696,0.007746750856,0.007998726387
5.083580442,-0.009003803704,-0.002332089696,-0.007228954565,-0.01352888974,0.0002561856419,-0.02187325512,0.01319532059,0.01000738289
5.304317933,-0.007544176695,-0.0003039792234,-0.008484667959,-0.01772058465,1.409884047e-05,-0.02162525722,0.005962302434,0.006891965087
5.042542569,-0.008542034151,9.361743345e-05,-0.008629836697,-0.01554039473,-0.0007203056382,-0.02321718118,0.007668699284,0.007762015823
5.324907033,-0.00497305493,0.002719435413,-0.006798870397,-0.01150669604,0.000738649647,-0.02125467017,0.0108009276,0.009716617828
4.943803962,-0.002645343505,0.002772377139,-0.007613154505,-0.01305162893,-0.0003021943885,-0.02152572058,0.009505271765,0.009559162239
5.715381279,-0.002161397031,0.004856174574,-0.00648164148,-0.01725651971,0.002284334537,-0.02225068617,0.009952451582,0.007489241077
2.583485896,-0.0008692396567,0.007244081621,-0.005153416637,-0.01189642603,-0.002251626875,-0.02051275182,0.0170111495,0.008839076469
-1.659227089,0.001147970208,0.006809786549,-0.006874104538,-0.01633067757,0.01094459567,-0.01914916315,0.0135385444,0.01018615727
-0.8435073541,-0.001467260148,0.009374783029,-0.003451738271,-0.01833391798,-0.005626940224,-0.03618919338,-0.02331035926,0.01128238239
-1.326355121,-0.0008159005888,0.00756969875,-0.006961805226,0.001212017035,-0.005875777458,-0.007895140746,0.04584788052,0.009491642461
-1.011084911,0.001522052142,-0.0008462188217,-0.005668907322,-0.02034120517,0.01255804112,-0.01669438248,0.009721460744,0.006194452263
-1.216754952,-0.001553498916,0.01248852794,-0.008324456863,-0.02700847243,0.001195598768,-0.04044836726,-0.01529566022,0.009554724582
-1.061777123,0.001192660154,0.01406691494,-0.001764400703,0.003871120381,-0.0006734274963,-0.01591425802,0.0335910831,0.01327158217
-1.17115315,-0.006464511926,0.002505712167,-0.008245877451,-0.0113579317,-0.005089894797,-0.009174373049,0.01522099147,0.007609814336
-1.176642769,0.01198253644,0.0135024962,-0.00311541694,-0.04020010549,0.01333021448,-0.029416298,0.003122138067,0.008823921923
-1.145114894,0.00889988111,0.02322261178,0.003893678886,-0.007198248335,0.002687969505,-0.02207872477,-0.005744475439,0.01036677386
-1.188606127,0.009515154408,0.01633166562,-0.01077740346,0.01334854986,-0.004860940762,-0.01524885198,0.02922601172,0.01288127383
-1.148053763,0.01154314475,0.007146441207,-0.00593429828,-0.02405179865,0.005218163185,-0.02307168776,0.006277408448,0.00983854349
-1.107983569,0.005713105333,0.02111411594,0.003232363354,-0.01904894986,0.004592314167,-0.02580695689,-0.00157486735,0.006425908252
-1.14982817,0.004649874504,0.01809417501,-0.0003742193519,0.0008184568125,0.004947351716,-0.01739520447,0.03712519112,0.01022745073
-1.102148154,0.002393144793,0.007560760858,-0.01409943146,-0.009563449996,0.0006316208274,-0.01670518278,-0.001199741444,0.006046284682
-1.14977836,0.002628139754,0.01299086463,-0.003676780839,-0.03129710199,0.004699589322,-0.03397088313,0.006549456611,0.01103095845
-1.167537999,-6.893961934e-05,0.01225614178,0.006960155558,-0.01185191002,-0.001425091341,-0.01689556789,0.009407943621,0.006516898434
-1.154430318,0.0007000981987,0.005100333845,-0.01049912135,-0.006004820512,-0.00230640875,-0.019456509,0.01776844452,0.004750038695
-1.073365744,0.0001530955574,0.001941305263,-0.01294372077,-0.03462143376,0.002096954949,-0.03222638459,0.002946313362,0.009912836216
-1.152505009,-0.004041997188,0.009246286947,6.990943723e-05,-0.01367747546,-0.0006641650583,-0.01690231764,0.006448645329,0.00726442037
-1.147595884,-0.00350774287,0.00976178417,-0.003518948164,-0.006121245509,0.001309783754,-0.01907674503,0.02589516847,0.006740882116
-1.162814824,-0.003952792168,-0.001073480255,-0.01790450047,-0.01686142471,0.0003393809149,-0.02611763067,0.005006820825,0.006418195172
-1.101121591,4.035809292e-05,0.007582026577,-0.001969166446,-0.02316337251,0.00308486396,-0.02135119957,0.0006580144691,0.009397750941
-1.11778969,-0.002688866673,0.01267073804,0.004479825864,-0.004724564773,0.0004200431136,-0.02521278997,0.01313739652,0.007199184888
-1.146969945,-0.002439411067,-0.000567755006,-0.01408510432,-0.006782070694,-0.00166507244,-0.01956708124,0.01093184871,0.008440327898
-1.114325826,-0.004330818408,0.004414980047,-0.009227415897,-0.02496091935,0.0003807257311,-0.02596462779,0.005484866487,0.009850910696
-1.135306771,-0.01297489506,0.001513192771,-0.002557060744,-0.01999162352,-0.0009822567174,-0.02449966076,0.01446844545,0.008240005754
-1.179812411,-0.01627758656,-0.001755510465,-0.01314637782,-0.01206975285,-0.0003251415795,-0.01686608029,0.00934312459,0.004204355203
-1.140891466,-0.01069741049,-0.008259703104,-0.01321111758,-0.02443350062,-0.003439250719,-0.03045292172,0.006351482912,0.01170625498
-1.113961692,-0.009872334413,-0.0005888400769,-0.003156589831,-0.01881189352,-0.0005557723321,-0.01969123969,0.007796669152,0.009176233642
-1.147132164,-0.00695206273,-0.0001863518899,-0.008279353197,-0.006385598592,-0.0006972928759,-0.02106607568,0.01211190302,0.006535881919
-1.1243969,-0.006522079559,-0.002219478303,-0.01529070208,-0.01598519912,-0.001104209489,-0.02984613087,0.007336971788,0.0100851663
-1.092159553,-0.006133829677,0.004470873136,-0.002891234113,-0.01402735518,0.0009248044676,-0.01939062673,0.0120358357,0.007410593575
-1.156225129,-0.005449429152,0.00349674968,-0.0006347294768,-0.01535683749,0.000828925344,-0.01992380931,0.01157244001,0.009738142742
-1.169128761,-0.003327760384,0.00601031543,-0.01389709421,-0.01079415825,0.001131554219,-0.0264654393,0.01415644018,0.008945957653
-1.123370959,-0.00058146957,0.0009729293544,-0.01125406758,-0.02121722097,0.002657142609,-0.02320445489,-0.001727384575,0.009896698075
-1.108702619,-0.000878367745,0.0107334666,0.005343606236,-0.01075156865,0.002299952744,-0.02036686702,0.01147928781,0.007048652838
-1.131186433,-0.000633309812,0.005617176399,-0.006972050871,-0.009098452986,-0.003797839935,-0.01879545943,0.01904403683,0.01102143576
-1.118347112,0.000555820374,0.006436913028,-0.01647743667,-0.01466506807,0.003047908859,-0.02156415577,-0.006217282701,0.008905290142
-1.141713273,-0.0009770388027,0.01270371713,0.0002380286413,-0.01940453201,0.006802048427,-0.03120194927,0.03010239941,0.009385339933
-1.178605519,-0.002245361903,0.004811639322,-0.001209263593,-0.01581883427,-0.00157375289,-0.01545698619,0.002299483589,0.006827640274
-1.121676858,-0.000356789472,0.005744604832,-0.01054656271,-0.006629217471,0.002094648983,-0.01796655101,0.01224540106,0.009783668631
-1.134171116,0.001824636991,0.007819170987,-0.008077493672,-0.01442046818,0.001574911457,-0.02794984952,0.013118409,0.01316078769
-1.114163894,0.002044438766,0.01092101201,0.0004761727163,-0.01673821926,0.003270549952,-0.0164162793,-0.001173935991,0.006222388144
-1.116251899,0.0111132856,0.01896422471,-0.003758636032,-0.008901315277,0.005337828267,-0.02068374933,0.02267166015,0.01010297124
-1.124966739,0.008775935598,0.01572616502,-0.008675164178,-0.01090827529,0.002096399522,-0.02174037674,0.006077124598,0.01140839676
-1.112163981,0.008269790612,0.01595397481,-0.0003320198523,-0.01804147837,0.00367000568,-0.02014458631,0.0186697649,0.0117429189
-1.145564375,0.00696629221,0.01909268509,2.865158035e-05,-0.01293654887,0.003267803053,-0.02172908626,0.006013862025,0.008140708963
-1.106031829,0.003977479566,0.01639317314,-0.006722215477,-0.01161561691,0.005832585145,-0.02033699814,0.01136276664,0.007004332641
-1.130745538,0.00736807884,0.009814526117,-0.005458465695,-0.01656836797,-8.226605847e-05,-0.01615277484,0.009641175951,0.01190748327
-1.106051646,0.005390701888,0.008818201433,-0.0007734110372,-0.01633141102,-3.070957255e-05,-0.02527567336,0.007850012651,0.01082875065
-1.142117756,-0.0003525466816,0.01388871473,-0.006243447195,-0.01108139074,0.003897656859,-0.02256412199,0.01408358133,0.005019537908
-1.093425779,-0.001410674453,0.00839104986,-0.009125197722,-0.01615702436,-0.0006963917262,-0.01932746922,0.005408318696,0.006909155772
-1.12461773,0.00123840941,0.004150891771,-0.004338739421,-0.01839234835,-0.0009408394202,-0.02358592595,0.01828122937,0.01030241151
-1.140105837,-0.001461801587,0.007277052085,-0.003704256886,-0.0139175534,0.0004336957771,-0.0230354197,0.002159704177,0.008869825472
-1.132677267,-0.005162694918,0.009243368793,-0.00775401642,-0.01604151271,0.001795664808,-0.02233875974,0.01196331785,0.005318470722
-1.101111843,-0.002358439599,0.001764224221,-0.005974765519,-0.019105613,-0.001950989489,-0.02241585761,0.008849324024,0.008726781733
-1.102702979,-0.001604067863,0.006394383377,-0.006320024275,-0.01416807778,-5.120548824e-05,-0.02188452337,0.01007082561,0.008142208053
-1.144335137,-0.002390927605,0.008055945896,-0.006749227963,-0.009277378612,0.0003271025736,-0.0230431685,0.009958996749,0.009583126825
-1.120782826,-0.007005098334,0.00381148578,-0.008318719615,-0.0185825783,-0.00142974391,-0.02181536647,0.009685777473,0.008775670135
-1.109317461,-0.004567756085,0.0062008774,-0.004916472254,-0.02077898156,0.003046731874,-0.02466336196,0.01190433178,0.008972918395
-1.151658102,-0.008419548006,0.003212576077,-0.007224163965,-0.01699005196,-0.0005075100206,-0.02039111026,0.005106441582,0.006402082922
-1.111204106,-0.01321974055,-0.006567405534,-0.008801597013,-0.01389993378,-0.004720196743,-0.02508438434,0.01016303124,0.00855878862
-1.122515984,-0.01029900187,-0.00681884271,-0.009207375052,-0.01816098397,-0.002584460298,-0.02455970298,0.008763986455,0.00795775924
-1.146727487,-0.01120264493,-0.0008757673238,-0.007216253117,-0.01744178728,8.011301024e-05,-0.02161469229,0.006924195952,0.005356479391
-1.11908169,-0.007427975511,-0.001003229341,-0.006839068138,-0.01580851591,0.0005973150803,-0.02362854976,0.01230106157,0.009486766662
-1.09369896,-0.007002432467,-0.001870074651,-0.008498787946,-0.01439663897,-0.001547395855,-0.02120507357,0.009108134409,0.009210897777
-1.156367764,-0.007476687005,-6.058299666e-05,-0.00856309972,-0.01757991892,-0.0001464689132,-0.02085098991,0.0105036824,0.008297289229
-1.077610598,-0.007072870942,0.004246066439,-0.004641145349,-0.01517022562,0.001644122107,-0.02185569766,0.01069578991,0.006854763032
-1.180201112,-0.002535855354,0.003462153019,-0.005955626031,-0.01258269455,0.0009994085318,-0.02092040718,0.008781804979,0.008441426553
-0.9922769133,-0.001374762703,0.004034473212,-0.009229268399,-0.01412318414,0.00149306828,-0.02538491864,0.009920102614,0.009965980899
-1.292577512,-0.003155713674,0.006568061806,-0.007026707077,-0.01439907795,4.736547667e-05,-0.01938340154,0.01041208862,0.008376144198
-0.857693173,-0.002338414215,0.008972494785,-0.004577604503,-0.01388046431,0.003376243087,-0.0208889426,0.01183723634,0.00782930488
-1.661440914,-0.002201879894,0.006480637587,-0.008285188936,-0.01493450856,0.0007439990627,-0.0227671527,0.01077601605,0.009832778324
1.805505126,-0.000886982546,0.006042118809,-0.004340157841,-0.01302372837,9.196706578e-05,-0.01990535198,0.01001622011,0.009780624877
5.755138233,0.0004550381618,0.007750016589,-0.002676685775,-0.0127299213,0.002565543181,-0.02286523821,0.01242532144,0.009423935654
4.896563934,-0.0009785101481,0.00733603815,-0.007278824298,-0.0134033043,0.002101380382,-0.0220799038,0.007812952805,0.007862265282
5.359650757,0.0002612777416,0.009078301463,-0.007280255277,-0.01547356233,0.001213622394,-0.02205823501,0.01084526395,0.01013097732
5.089908491,-0.0003316532223,0.008374863918,-0.004308098693,-0.01334793768,0.0001658173492,-0.02134874672,0.01191519522,0.01055429965
5.280818562,0.007003855277,0.01596836421,-0.005564537996,-0.009053641431,0.003991556933,-0.02037092931,0.01376405735,0.01000394998
5.125163575,0.01084258784,0.0187686597,-0.001757037174,-0.0150230509,0.00377561353,-0.02204502396,0.01210455279,0.01120201982
5.173607689,0.00806803682,0.01702960746,-0.001645582358,-0.01326647231,0.002282154968,-0.01788287047,0.007678658634,0.009582833138
5.142173664,0.009921612207,0.01677493323,-0.003482302811,-0.01001312955,0.0036541866,-0.02208729817,0.01551953615,0.008001331261
5.220492365,0.006473679896,0.0121960229,-0.004471591669,-0.01487281446,0.002873280755,-0.01999604014,0.006757349962,0.009189689405
5.166013737,0.005176813198,0.01430760017,-0.003607622588,-0.01348992418,0.002562318127,-0.01898324094,0.009563085234,0.008793724655
5.234339496,0.003335006469,0.01592932416,-0.004424033307,-0.01131064539,0.001301760611,-0.02368449431,0.01222242852,0.009011204914
5.081182885,0.0009300722884,0.008774078771,-0.005019381824,-0.01503389959,-0.0001436452596,-0.02006101483,0.01078671956,0.007193868681
5.307589869,0.000954536934,0.00750097987,-0.003695863651,-0.01747173285,0.001232364155,-0.02204929769,0.009160344399,0.008671200766
4.962322523,-0.001392411283,0.00990490243,-0.006316811012,-0.01356652826,0.000311882847,-0.02360923278,0.01209559507,0.00845537922
5.573798534,-0.003201560501,0.006004607996,-0.007745758911,-0.01477878125,0.001678231255,-0.01985394811,0.006499632209,0.006602808236
3.287220686,-0.003848585764,0.005590303765,-0.004676075726,-0.01720737912,-0.0009383443532,-0.0241068876,0.01322172397,0.008899181069
-1.547636038,-0.002354589528,0.005870876398,-0.004848230701,-0.01608514533,0.002048517156,-0.02087933705,0.006542531662,0.009326814563
-0.9542639985,-0.001778783323,0.008716941028,-0.006648633681,-0.01264124211,-0.002660686468,-0.02499951616,0.02143890504,0.0074584595
-1.27583244,-0.002183544049,0.003910597672,-0.008015784168,-0.02123794355,0.008477694763,-0.01383519315,0.007657095111,0.007720989528
-1.104543553,-0.00286600178,0.009498125899,-0.003228998237,-0.01851361451,-0.007592097316,-0.03853998372,-0.02431670091,0.01097122845
-1.159389309,-0.002362801466,0.006452797879,-0.008962562372,0.0008814018839,-0.005643070333,-0.01115734838,0.05309044822,0.008145869772
-1.096646938,-0.00100067789,-0.004531080078,-0.006338075008,-0.02157436096,0.007020848141,-0.01185557104,-0.008493941185,0.003199508796
-1.15921342,-0.01194140606,0.002687888547,-0.009795081686,-0.03053306149,-0.002193504854,-0.04686132276,0.0009844048132,0.007432337739
-1.133994194,-0.01225114164,-0.000877087089,-0.005366015274,0.0003967484688,-0.002810074353,-0.01373453949,0.02264706146,0.009162766918
-1.098486615,-0.01604904626,-0.006086877826,-0.009957324206,-0.01423597158,-0.00691457644,-0.01469952367,0.008115612317,0.003810418655
-1.139041236,-0.008241634091,-0.008168976172,-0.007579902111,-0.04212420954,0.007580309417,-0.03310819885,0.00737080106,0.008553194688
-1.148350588,-0.008843150468,0.004346766647,-0.00326659469,-0.005938980471,-0.00035877153,-0.02100820107,-0.01371678591,0.007619489386
-1.092916514,-0.007611556167,0.001525747273,-0.01561981515,0.003456143994,-0.008433502741,-0.02010059585,0.04120415171,0.01046558951
-1.16377976,-0.00717927457,-0.009022793718,-0.006408041394,-0.02985465274,0.001470921918,-0.02355026164,-0.006720029352,0.01000858766
-1.171400914,-0.005716855169,0.01593473129,-0.005342200059,-0.02330603292,0.007782347133,-0.02237614974,0.01678644626,0.004640636348
-1.095773515,-0.002774280735,0.005145334187,-0.007363549624,-0.005434699556,0.0004173993981,-0.02268024701,0.01633002056,0.01095104284
-1.138664812,-0.003678076452,0.001084656248,-0.01197533431,-0.01221930214,-0.001037292181,-0.01699239894,0.002348683299,0.0074143
-1.156328941,0.002034507014,0.007737606415,-0.0007337185325,-0.02435957711,0.003320311608,-0.02824339178,0.004469165687,0.01212581109
-1.14284204,0.0009330826351,0.01099831865,-0.001644194627,-0.006791253435,-0.0001716829185,-0.017735391,0.007309713569,0.0075204978
-1.110799895,-0.001150408941,-0.0005925685199,-0.01124873233,-0.003505634293,0.001204735482,-0.02207103998,0.0228594271,0.008824879688
-1.062826258,0.001134983835,0.009046257658,-0.007951432859,-0.02447780996,0.002206231042,-0.0294390092,0.0005192912765,0.01169687041
-1.149196362,-0.003722754721,0.01545721294,-0.001980585088,-0.01512659843,0.005050069531,-0.011539668,0.0147642467,0.007455962479
-1.176562569,-0.003644759656,0.006016108888,-0.006672039139,-0.007079888776,-0.0005496390231,-0.0202475965,0.01944791306,0.008279625708
-1.148202486,0.00147871485,0.001645817941,-0.007423249975,-0.01683898963,0.002543660987,-0.02876729874,0.002369616956,0.009094946686
-1.132049912,0.003689519124,0.01463019957,-0.0003224392921,-0.01549735343,0.00379407338,-0.0161174333,0.005944163813,0.008493315864
-1.138406433,0.0103554321,0.02120765247,-0.002544954357,-0.006242531163,0.001456833745,-0.02191473535,0.01953381049,0.0105993895
-1.079772887,0.01123246415,0.01385802157,-0.01084846111,-0.01027913338,0.004910064568,-0.02144032711,0.005300326286,0.01062258388
-1.097315028,0.01080134841,0.02051747547,0.0005482707336,-0.01672151086,0.003775964735,-0.021801665,0.01604339758,0.01161251598
-1.150527628,0.006745220538,0.01595160601,-0.0008958933677,-0.01408915207,0.001796096289,-0.02033239562,0.01043244672,0.009662791706
-1.136235416,0.003176478436,0.01038905626,-0.009276265652,-0.007648351536,0.004698669234,-0.01884247855,0.01250717206,0.005266367744
-1.115682181,0.009258997913,0.01271260994,-0.004083187618,-0.01870816985,0.001087545692,-0.02175271103,0.009791941819,0.01163195601
-1.158249359,0.003380815311,0.01518335425,0.001278143896,-0.01568048875,0.002138361122,-0.0240164698,0.003239885409,0.007949060073
-1.136599705,-1.115173787e-05,0.009368938717,-0.007801102852,-0.008270804314,0.001587896743,-0.02245029218,0.01613169906,0.007299121293
-1.111694205,-0.001568441313,0.007125426695,-0.008758304716,-0.01852909116,0.0003845081223,-0.02271400027,0.003601321256,0.008447724435
-1.197208707,-0.002301455613,0.00831252815,0.0001448779494,-0.01865853447,-0.0009349218577,-0.01680851151,0.02573505396,0.008293939322
-1.147912261,-0.002736494288,0.007045027887,-0.00411855256,-0.01263046633,0.0005319294142,-0.02443952677,-0.002635801555,0.009339649807
-1.163736292,-0.002099762581,0.009812983815,-0.009558757031,-0.01187842383,0.00334989239,-0.02300757999,0.01551456216,0.005068100916
-1.139628444,0.0002288352819,0.001456146551,-0.001535580048,-0.02199425241,-0.002271081217,-0.01893832615,0.007090716443,0.01012712264
-1.101100069,-0.00257895799,0.006659246341,-0.002217641344,-0.01872192918,0.002240555086,-0.02385760548,0.008734309471,0.007016880365
-1.130482199,-0.002322781144,0.007263095843,-0.01251406342,-0.009605497323,-0.000420703604,-0.02466652994,0.01684008206,0.009230587264
-1.132150752,-0.003295439067,0.00369525114,-0.004914068639,-0.0132962049,-0.004209598163,-0.01894905438,-0.009458434298,0.008922388004
-1.145722646,-0.00166614554,0.01124972098,-0.00942393551,-0.01806009886,0.004790381502,-0.02524501133,0.03292932606,0.01022973545
-1.165280588,-0.005227230733,-0.001974124336,-0.01436923292,-0.0205310899,-0.003049965081,-0.02262204196,-0.001656427402,0.008477476606
-1.112480318,-0.01484579764,-0.005509271641,1.673444605e-05,-0.01738704114,-0.001432777889,-0.01862447342,0.01032170479,0.005978710805
-1.088391318,-0.01119061365,-0.002230192439,-0.006250182896,-0.01158649574,0.0007525399772,-0.02773519259,0.01325865429,0.008075960169
-1.137600662,-0.01296011554,-0.004117070758,-0.01640389203,-0.02015874628,-0.002001125402,-0.01990422776,-0.002788381345,0.006554731589
-1.146272763,-0.010487413,-0.001993167388,-0.01096048935,-0.01400143543,5.069726015e-05,-0.021634858,0.02027697296,0.007774268572
-1.103257745,-0.007288121606,0.001262206842,0.003178968753,-0.01652617645,0.0007798371407,-0.02647598566,0.004020552077,0.008337426298
-1.142609044,-0.009001841789,0.003944462745,-0.0108400168,-0.01558317963,0.0005860141336,-0.02038145859,0.01353924422,0.005458232742
-1.09817808,-0.005993363646,-0.0002484521222,-0.01204159505,-0.01666898716,6.521642614e-05,-0.02641968266,0.002119973581,0.01095059062
-1.140067965,-0.002754601869,0.004774921428,-0.00448629579,-0.01373961116,0.0003844613756,-0.01586512743,0.02032865204,0.007021528426
-1.126076515,-0.000263678303,0.001813249269,-0.004456834596,-0.0129255552,0.004246111886,-0.02261609066,0.004536972217,0.007824442896
-1.08135133,-0.001628577767,0.006031315932,-0.01105370727,-0.01562461395,0.001163115632,-0.02420897114,0.008943002881,0.009935626354
-1.104205203,0.0007005417442,0.006280580314,-0.002316666582,-0.01117999251,0.000791375283,-0.02177947592,0.01195755557,0.01051945424
-1.14232104,-0.0006292331427,0.01072843207,-0.007178643328,-0.01662279752,-0.0008870976505,-0.01703878584,0.0136532201,0.008745765065
-1.118848811,-0.0006080760186,0.00646336257,-0.005836576578,-0.01193877374,0.004209605517,-0.02563953339,0.009218565263,0.00866775279
-1.12048377,-0.001484291777,0.006950728665,-0.003404199506,-0.01603507558,0.002003160973,-0.01860534861,0.009423224398,0.01004922852
-1.168243444,-0.00078400417,0.007971785928,-0.00437476484,-0.01195314075,0.001990604105,-0.02423640347,0.01306627202,0.00994437301
-1.165102812,-0.0008430349263,0.008802708302,-0.007168575563,-0.01772519241,0.004590177972,-0.0215683335,0.006729400807,0.008272505781
-1.126805472,-0.003458403354,0.008784447163,-0.005305803813,-0.01337225705,0.0005839691451,-0.02101283164,0.01183414193,0.007771034053
-1.131078448,0.006156156233,0.013482865,-0.003953831835,-0.01115057279,0.0007054745286,-0.01943682854,0.01167407723,0.01183700324
-1.103974976,0.01096111997,0.02106998653,-0.002361324095,-0.01092044997,0.004967768908,-0.02085777431,0.01479048819,0.008485929644
-1.1203377,0.009457074455,0.01682827574,-0.002970194177,-0.01818024429,0.004757131978,-0.02118767559,0.007416246017,0.009612733523
-1.154108692,0.009119314318,0.01794368596,-0.002670452759,-0.008625154621,0.00220577341,-0.01847317779,0.01166173165,0.01019651521
-1.114624665,0.007504729255,0.01377521298,-0.004283967744,-0.009604959015,0.002226676028,-0.02107288869,0.01160353688,0.01131754983
-1.109341621,0.005029076418,0.01337919175,-0.002403667158,-0.01778607259,0.003964436987,-0.02386434776,0.008611961431,0.008066482198
-1.077816156,0.004497954367,0.01118382725,-0.003325654083,-0.01472353678,0.00153586956,-0.0213098579,0.01111344308,0.008958080082
-1.119092872,0.002463219127,0.01148330932,-0.004934754326,-0.008779528751,0.0003032240633,-0.01974719908,0.009821048624,0.009216005144
-1.093313096,0.0005704684351,0.01030554579,-0.003146276806,-0.01506761248,-0.001347708421,-0.02304924951,0.01188689606,0.00862260611
-1.217668648,-0.003026578261,0.0066168424,-0.007174290671,-0.02109039714,-0.0009178934929,-0.02215396964,0.006274652379,0.006938794207
-1.05705478,-0.003073658037,0.008005046629,-0.005067965225,-0.0132463666,0.0001791541679,-0.02131701549,0.01115475277,0.006290011028
-1.25120956,-0.004345050919,0.006097705084,-0.00259127571,-0.01370947539,0.0001708242221,-0.02160005634,0.01111865452,0.009118929338
-0.8988393616,-0.002304858532,0.005019088525,-0.006262420497,-0.01855755406,0.0003435716537,-0.02326947333,0.00709898115,0.009570822045
-1.529273048,-0.002940740223,0.005862412996,-0.008958534935,-0.0181433395,0.0003321263735,-0.02436451562,0.012347303,0.00938633795
0.5336682845,-0.002881314669,0.008344564239,-0.003668681793,-0.01292102932,5.093775289e-05,-0.01917629375,0.008497134381,0.00792871501
5.539822539,-0.002269990607,0.005109300054,-0.005849139949,-0.01763615684,0.001599847057,-0.02303663333,0.01061204787,0.007808411906
4.948398931,-0.001720102311,0.003509795414,-0.009278371168,-0.01650569868,-7.111256818e-05,-0.02387926693,0.008195645209,0.009233974225
5.302321903,-0.00149367935,0.008553170543,-0.006044632239,-0.01341108936,-0.0002372126844,-0.02248012793,0.01284769143,0.009140864001
5.089746689,-0.01031842415,-0.001684068612,-0.006570067327,-0.01716151229,-0.0007792735398,-0.02283423715,0.007436943395,0.006695692381
5.253276959,-0.01358475807,-0.005846492926,-0.01078629345,-0.01865599838,-0.002216532946,-0.02289513642,0.005974362484,0.007117514497
5.155367421,-0.01122851265,-0.003216664025,-0.01021919086,-0.01575069759,-0.001995980265,-0.02423498515,0.01148721436,0.008101581323
5.189839172,-0.01318811522,-0.003678843455,-0.008627866387,-0.01615474314,-0.001857640026,-0.02331438079,0.007401703984,0.007984021238
5.15189999,-0.008543503692,0.001918503222,-0.007047367601,-0.01545087067,0.0003674394019,-0.02307927699,0.009176927224,0.008058773841
5.223822343,-0.00863655529,-0.0003847476603,-0.008056958136,-0.01481010677,-0.0005590626655,-0.02150811374,0.008645252178,0.008908492423
5.126597894,-0.006204903296,-0.00144744839,-0.004846492908,-0.01330763074,0.0001028191033,-0.0222672063,0.01199213286,0.0100390997
5.1499579,-0.00505557078,0.00379121983,-0.004846886666,-0.01441220324,0.0002817720236,-0.02147851646,0.008251695344,0.008359633707
5.111015034,-0.004556057251,0.005299894111,-0.005780716866,-0.01472367118,-0.0005325513253,-0.02158175808,0.008840003469,0.00872257253
5.238478564,-0.002070496023,0.005352722739,-0.006743366967,-0.01388325639,0.00136576301,-0.02207281215,0.01253199758,0.008734740092
5.051272869,-0.0001818434746,0.006552987829,-0.006049560879,-0.01493354714,0.001005335528,-0.0216466799,0.0103551786,0.007265460398
5.34503963,0.001583322729,0.008860969934,-0.004582355118,-0.01345389698,0.002626084348,-0.02140639856,0.009124433805,0.01069650786
4.36302591,-0.0008110871876,0.008055663435,-0.005999722242,-0.01301635796,-0.0002953864666,-0.02243038386,0.009629106738,0.01059773034
-1.033568423,-0.0007757004517,0.005887270953,-0.006015580786,-0.01405279196,0.002410641407,-0.0205079333,0.01079735115,0.009193386455
-1.111288189,0.0008442322134,0.006334552226,-0.003975225138,-0.01493706095,0.001136514957,-0.0230933941,0.01018356213,0.009690142232
-1.14954804,-0.0002722566692,0.008178314502,-0.005156222997,-0.01196196412,0.003973623397,-0.01930008677,0.0104346594,0.00905134237
-1.12548653,-0.0008689436539,0.00931360146,-0.005619099032,-0.01247942387,-0.003371606329,-0.02679493509,0.01466116077,0.009378734306
-1.103821143,0.0003626401703,0.007737204589,-0.00693634893,-0.0161254168,0.01024922344,-0.009307773824,0.01732973848,0.008294766771
-1.114748965,0.008941302856,0.01688153622,0.0001529581717,-0.01682741052,0.0009552729055,-0.03055286537,-0.02027171593,0.0117024947
-1.104459702,0.008628720376,0.02263619142,-0.003088370136,-0.0002227715031,-0.004690589532,-0.02865142824,0.04150259851,0.01406835899
-1.137819157,0.00985639321,0.01053479319,-0.005223551234,-0.009118245596,0.01383292313,0.007310566116,0.01278164832,0.003833558083
-1.133037235,0.005697433963,0.01885155359,-0.001863142476,-0.0313409369,-9.719457809e-05,-0.04611605342,-0.01288366316,0.01042448504
-1.134748698,0.007367779329,0.01726589337,-0.002986721421,0.0008309984904,0.002246852814,-0.01520376998,0.03078291826,0.01341265232
-1.125175568,0.002395689064,0.011997623,-0.004549991102,-0.00351184918,-0.001623711803,-0.007360376053,0.005883302691,0.005886623977
-1.161234654,0.006187305494,0.01188376286,-0.007255783817,-0.04011608578,0.007175374322,-0.03701487732,0.01301425822,0.009070417484
-1.135536938,-0.0004144709589,0.01042731752,0.002532640098,-0.01002667545,7.524193285e-05,-0.01620008133,-0.008755043479,0.008029144174
-1.140452955,0.0008263259632,0.01156741049,-0.01023249185,0.005804294941,-0.003574865385,-0.02170645599,0.02618149901,0.0100374203
-1.117879252,-9.260762255e-05,0.001870141956,-0.005871286638,-0.0259064091,-0.0009438453158,-0.02926252552,0.01055639931,0.009870744919
-1.151703353,-0.004639595267,0.008773409258,-0.003252760046,-0.0288551598,0.004596878628,-0.01429461325,-0.003373342229,0.003138479591
-1.105267904,-0.002772570834,0.01094780965,-0.003185201064,-0.004393884555,0.0009680705852,-0.02806056709,0.0254332253,0.009740175041
-1.12020177,-0.003124394039,0.0001063615138,-0.01196107824,-0.01097866987,-0.003851257944,-0.01820885436,0.0009819750027,0.007111831833
-1.148553639,-0.00189278296,0.005729337233,-0.003188754551,-0.02687800011,0.002309365046,-0.02519294929,0.005984774306,0.009843260104
-1.131984012,-0.001926064032,0.01172729454,0.001296553515,-0.01287362468,-0.0002116324664,-0.02187393865,0.01059701265,0.007845771862
-1.099699381,-0.00293594506,0.002098086405,-0.01056476684,-0.004155747487,-0.001005925365,-0.01736086025,0.01420506047,0.007304053251
-1.139030465,-0.001322815434,0.005007512215,-0.007921724191,-0.02424651893,0.0003161847655,-0.03125965837,0.005636953153,0.0115529319
-1.19071333,-0.006460183917,0.007346984453,-0.001955781586,-0.02042082046,0.000545218911,-0.01574516499,0.007110872999,0.006889038016
-1.177086875,-0.01637229718,-0.004733472473,-0.01108500174,-0.01010805261,-0.002107125736,-0.01993281589,0.0163098614,0.005144391887
-1.12098969,-0.01108564739,-0.006969222233,-0.01421466178,-0.01845170325,-0.003390593306,-0.0306086634,0.007167561884,0.01011385868
-1.140562573,-0.009922127217,-0.002509892533,-0.00559738507,-0.02041050043,-5.307172195e-05,-0.02114344351,0.0004240740197,0.007925748576
-1.146653711,-0.01112249484,0.003004600082,-0.006798696055,-0.0120870756,-0.002791133273,-0.02369396149,0.01163013344,0.007251120476
-1.111357394,-0.008210527624,-0.004526689063,-0.01319682844,-0.01111006104,-0.0002476877666,-0.02254287201,0.01787377894,0.008716912194
-1.177927272,-0.007228918317,-0.00116482341,-0.007329328638,-0.02230140685,0.001781472462,-0.02198217473,0.002170701274,0.009424480446
-1.139649335,-0.006097887588,0.005248726078,-0.004756562647,-0.01388636186,0.002418194954,-0.02619196807,0.01126220348,0.009615031782
-1.117813539,-0.005674438503,0.004565246492,-0.01096732355,-0.007933962594,0.001211606039,-0.0174319611,0.0134441244,0.006474907188
-1.127708152,-0.0004141174383,0.0007961179812,-0.006090392258,-0.01974253509,-0.0001745605325,-0.02126137873,0.007404702076,0.01028300894
-1.089892595,-0.002112966857,0.008307300924,-0.002472057595,-0.02189755261,0.002475546888,-0.0252870436,0.009236931714,0.00982777533
-1.118376975,-0.001056465959,0.008969612088,-0.009887728563,-0.003714607023,0.003161662714,-0.02095344036,0.005839975559,0.007983540215
-1.14528972,0.0002593199377,0.005548098467,-0.007672715716,-0.01243562394,-0.0004415573376,-0.01985590312,0.01724662432,0.01174775134
-1.120891545,0.001100862618,0.004775704385,-0.0008354494936,-0.02006478729,0.00334434296,-0.02061056135,0.009316261834,0.008571954002
-1.130024541,-0.0008073612871,0.01171024066,-0.004682986683,-0.01323056884,0.003619733817,-0.02160957219,0.009297359997,0.008275563438
-1.14223885,-0.002172654417,0.006191900353,-0.008070963037,-0.008515358211,0.001525344407,-0.0233426219,0.01037598412,0.01047243495
-1.14184846,0.002002575902,0.004006846237,-0.003773037412,-0.01974760485,0.0005754653556,-0.02083026577,0.009226730186,0.01019141829
-1.145954681,-0.0001082873577,0.008715483418,-0.002354807321,-0.01674680307,0.005676865459,-0.02101923073,0.006573077209,0.008389917813
-1.117424247,0.004858973437,0.01284746246,-0.001959540523,-0.007772135429,0.0005028807733,-0.02375245841,0.02159355315,0.009817317993
-1.15716884,0.01177059788,0.01869881803,-0.01438046058,-0.00952066527,0.001193730745,-0.01600367453,-0.00892564551,0.009787610257
-1.127591544,0.00976678724,0.0211292356,0.00493644763,-0.01575055188,0.009912737995,-0.02870094359,0.03158582569,0.01075163097
-1.123302909,0.008236393408,0.01345675068,0.006441831911,-0.01919906371,-0.0008904630343,-0.01420890151,0.006496967914,0.009632327708
-1.100027457,0.007970505417,0.01417550576,-0.009279907621,-0.005140797253,0.007629864045,-0.01901412912,0.005110618685,0.007465097875
-1.10811993,0.005629182853,0.01484040682,-0.01333490857,-0.01460024528,0.002240493278,-0.02474137566,0.01963771874,0.01226500038
-1.129851084,0.00448941041,0.01197714737,0.002541511415,-0.01503354104,0.0003306345054,-0.01730200925,-0.00481338283,0.007972649504
-1.133639425,-0.0005881837419,0.01095595311,-2.296037097e-05,-0.01447826886,0.00476528054,-0.02008978871,0.02787892687,0.008993579493
-1.119270008,0.00173723846,0.009488923818,-0.008628080821,-0.01266367144,0.0008756341515,-0.02624432952,-0.004683752692,0.006805101708
-1.15132153,0.0005836834706,0.0105413381,-0.01107199196,-0.01818128757,-0.001008648549,-0.01900559612,0.01797500467,0.008020565176
-1.145653643,-0.0005884178652,0.007457361718,0.0004774366956,-0.0123937676,-0.001492221537,-0.02305169282,0.001088600241,0.009063382431
-1.132544631,-0.004495889142,0.009083047874,-0.005105564869,-0.01285360735,0.002211276717,-0.01956456152,0.02044695761,0.004783972683
-1.134851211,-0.0008182003795,0.000401389568,-0.01086446222,-0.02006051362,0.0004436918584,-0.02667579367,0.007050112266,0.00946573109
-1.12285154,-0.00298403357,0.008198217107,-0.008531254679,-0.01750524697,0.001375372374,-0.02377915785,0.004097100196,0.009022173841
-1.146030093,-0.004577832106,0.009885261457,-0.004250418535,-0.01352658546,-8.452124338e-05,-0.01758775633,0.01557418883,0.00773068457
-1.084166609,-0.004331114766,0.003220797271,-0.006671116759,-0.02067620909,-0.002986693794,-0.02245732222,0.007635277058,0.01012791037
-1.104409961,-0.00267989226,0.0004182680732,-0.007626750224,-0.02268195747,0.002773135003,-0.02506352823,0.003218400208,0.007851012462
-1.137407005,-0.0003510169775,0.008048362898,-0.007662669311,-0.0009016112706,-0.000126461708,-0.02097272631,0.0083832727,0.007652784052
-1.097854696,-0.009949134907,-9.319789043e-06,-0.006059631629,-0.0137079939,-0.002481156229,-0.02046712264,0.01166331653,0.008751888015
-1.097807256,-0.01551136379,-0.008410110093,-0.00779552601,-0.02306548835,-0.001292530954,-0.02645598312,0.01264293302,0.006927971515
-1.140075186,-0.009890015235,-0.0009309725465,-0.0169894147,-0.01212180418,0.001826718844,-0.0199412446,0.00784084682,0.006532644969
-1.14443225,-0.01426346098,0.001846485724,-0.006199951624,-0.007859288871,-0.001050291741,-0.02341323603,0.009414157039,0.005887416648
-1.085449498,-0.008201047177,-0.006411763332,-0.0004969804464,-0.03009413542,-0.001124101906,-0.02219554924,0.009506753624,0.01053363414
-1.070750393,-0.0061280938,-0.0005418131055,-0.01294178796,-0.01935921695,0.001244222316,-0.02415977796,0.001382448918,0.006785129857
-1.111965429,-0.007825499114,-7.19515689e-05,-0.0159126886,-0.01067428499,-0.002059399943,-0.02256080948,0.01612355882,0.008635794695
-1.058285061,-0.004775096326,0.001293043383,0.0006237234054,-0.01429954508,-0.002316711474,-0.0221532567,0.009455924122,0.01032229388
-1.110551757,-0.001555064554,0.008407986124,-0.008580023262,-0.01821677222,0.004248619601,-0.02292388321,0.01496316751,0.008898209711
-1.044810632,-0.004340281013,0.004775901349,-0.01360576559,-0.0124220498,0.003019460118,-0.01975177851,0.01023984906,0.00870683574
-1.159439797,-0.001581327924,0.002674825695,-0.003718771059,-0.006877232393,0.0009160671912,-0.02190046527,0.01066158537,0.008423466686
-1.053858068,0.0005966040245,0.006508763054,-0.002116634323,-0.015737501,0.001643275361,-0.02413472221,0.002102543545,0.01122259949
-1.196325447,-0.0002862798255,0.007909857523,-0.006483985848,-0.01075202049,0.00027336704,-0.02273854429,0.009718423988,0.008582589803
-0.939275256,-0.0006738107744,0.005585276544,-0.002942385221,-0.01191635094,0.001223827689,-0.01932795333,0.01482862761,0.009167971696
-1.40230129,-0.0004664628436,0.00866509154,-0.001570052908,-0.01501578726,0.001497976473,-0.02584569848,0.0114571681,0.008998836554
0.04822908913,-0.002721361152,0.01264861502,-0.01038152058,-0.02061294361,0.002859327617,-0.02180274783,0.01378979856,0.01114359772
5.301899721,-0.002566116102,0.008790099579,-0.008250203662,-0.01361401004,0.003780240939,-0.01507077555,0.0061786974,0.009467907194
5.067593758,0.00102773631,0.00555620316,-0.003857306116,-0.01249724787,0.0002321751327,-0.02378435802,0.01136992771,0.01012543256
5.254873597,0.01172208187,0.01275297161,-0.00376762613,-0.01130211269,0.003688367354,-0.0192797956,0.008200053401,0.0113857082
5.164627167,0.01155141345,0.01866976316,-0.009782096183,-0.008759275461,0.002984868542,-0.02094975142,0.01009936176,0.01165379156
5.211746296,0.009408005635,0.0188767949,-0.001221078749,-0.00962363643,0.004829826675,-0.02534586463,0.01763707862,0.01019592286
5.147649186,0.009087450426,0.01508422747,0.0004996083178,-0.0168329038,0.005129077417,-0.01996844119,0.01174471764,0.009425262311
5.187509529,0.004152906401,0.01461796122,-0.007443379528,-0.01632827069,0.004112350701,-0.01962316339,0.01345043573,0.01073335095
5.154846409,0.004144514732,0.01283111167,-0.001342266542,-0.01564148103,0.001681800653,-0.02496298984,0.005533481911,0.007770138559
5.186948371,0.006466690052,0.01256038928,-0.0006229979498,-0.01222649304,0.001025254174,-0.0171574616,0.007757638131,0.007887395469
5.171396791,0.003728131543,0.008095998094,-0.005129511378,-0.01426973187,-0.001986851797,-0.02111876795,0.008422894783,0.008876794378
5.163786044,-0.0006752665212,0.008832362807,-0.009018187588,-0.01465709842,-0.001294339235,-0.02414032654,0.01291100898,0.008346318633
5.178379298,-0.001466004755,0.009104587031,-0.005838845617,-0.01391142412,0.002308086014,-0.02222481012,0.01242366255,0.007730748854
5.169441203,-0.003777908108,0.009336645943,-0.005999141671,-0.02108838841,0.001185028378,-0.02437793879,0.00936412184,0.006098022814
5.136917525,-0.004409017869,0.003398052863,-0.007876303611,-0.01569272476,-0.0008066337047,-0.02029959049,0.01148493714,0.009261219692
5.223715352,-0.0009438284668,0.003627810949,-0.007743533564,-0.0160082569,-0.0003464287041,-0.02110762556,0.004150907986,0.00817334924
4.796327757,0.0005323574703,0.00526428932,-0.0047948667,-0.01348877036,0.0006974270417,-0.02559146697,0.006819507025,0.008148836126
-0.7149564149,-0.0004620289468,0.006219394018,-0.008504165988,-0.01670950259,1.299284502e-06,-0.0206515673,0.007932825664,0.00710433683
-1.210370557,-0.003153086782,0.006846369539,-0.008710145415,-0.01531612601,-0.001188462636,-0.0213717988,0.01216992054,0.009647507463
-1.135917584,-0.004241148556,0.005543553064,-0.006283326961,-0.01424041302,0.001260460178,-0.02428799558,0.01442503981,0.008736814454
-1.14853337,-0.004160271141,0.004629025435,-0.004116402305,-0.01557875153,0.001739422377,-0.02320066836,0.008062331638,0.006362907813
-1.123170805,-0.0133727735,-0.006324438731,-0.01132920294,-0.0182155432,-0.002043586042,-0.02190528726,0.004638454529,0.006234945942
-1.158023243,-0.01422268949,-0.003443271133,-0.005828997971,-0.01707662913,-0.004496799695,-0.02930232766,0.01527132146,0.009096194019
-1.084499685,-0.009543220718,-0.007191362149,-0.008441539294,-0.01631516577,0.005831970672,-0.001431889927,-0.003188165766,0.005009996332
-1.159650591,-0.009035740172,0.000136385004,-0.004927097991,-0.01805941013,-0.0137688344,-0.0547353354,-0.0003971640364,0.01389853536
-1.127641908,-0.00745768488,0.00229210793,-0.01460728684,-0.006361718487,0.003303118145,-0.01005311674,0.0405183461,0.006899181477
-1.158163159,-0.008075344097,-0.004270543312,-0.002305470498,-0.02071106196,0.004173769285,-0.008461299795,-0.009587176818,0.001712158701
-1.121533126,-0.0049052252,0.004221944147,-0.009344329601,-0.02642917232,-0.002724138572,-0.04902159845,0.0120929657,0.01609903367
-1.155132491,-0.001786914864,0.003080843156,-0.00717220164,0.007075020293,-8.704082869e-05,-0.005805937596,0.02121259945,0.009748041061
-1.09534418,-0.004930117893,0.006498970033,-0.006076206229,-0.02220516837,0.002664821602,-0.02046599547,-0.004938912788,0.004270733592
-1.139584419,-0.0008393773778,0.00273949856,-0.003719184684,-0.02851549497,0.005255862532,-0.03322952869,0.01900258128,0.009668730642
-1.135451501,-0.003159656681,0.003936031545,-0.01111770727,-4.193028642e-05,-0.004126513751,-0.009959341645,0.001170061502,0.01125324262
-1.186761138,0.001617022805,0.01123090391,-0.00800645549,-0.004507254671,0.0006980538927,-0.03285050006,0.02752049302,0.0125808289
-1.123368322,-0.006813735846,0.004080652888,-0.002822612506,-0.03082906964,0.002200549452,-0.01891536279,0.003991408337,0.006688133236
-1.143388744,-0.001614362031,0.009657458548,-0.008247883591,-0.01435755074,0.005769648393,-0.01630694964,0.009745005148,0.006073566331
-1.113098112,9.360277881e-05,0.007612176798,-0.003080813314,-0.006514223626,-0.0005504850395,-0.02929302657,0.01714809633,0.01428939337
-1.092658837,0.00193928296,0.003205830677,-0.009275778859,-0.01440431798,-0.0009011531516,-0.01676666466,-0.005278627386,0.007252370859
-1.142335591,0.001245016003,0.009928955613,-0.005658852608,-0.01689438407,0.004728690993,-0.02469378972,0.01869148316,0.01031357178
-1.154454676,0.005294602303,0.01242193501,-0.002448720176,-0.007808313619,0.001981801343,-0.01636310309,0.01182139268,0.009546317794
-1.169716542,0.01113834798,0.01811267506,-0.003116092976,-0.007463236236,0.005629906005,-0.02283466203,0.0167976443,0.01171085754
-1.154686828,0.009099294417,0.01818861221,-0.004376685397,-0.0240225869,0.002255134655,-0.02777113492,0.007206193926,0.01274232247
-1.147544878,0.00734155587,0.01982001303,-0.001467910108,-0.009175217814,0.003903758561,-0.004267922056,0.008791504818,0.005588785108
-1.111594278,0.006883867851,0.01283842137,-0.001799012478,-0.01154671444,0.003409066967,-0.02710537336,0.02018825872,0.01041053446
-1.124088155,0.006432830271,0.007775732142,-0.005489585683,-0.01923847611,0.003222756259,-0.03169339125,-8.782305939e-05,0.01227485778
-1.136773071,0.007197692362,0.01873362206,-0.00512576172,-0.009974385648,0.00141381611,-0.01207666487,0.003640688811,0.0055638826
-1.108756042,0.0002217611958,0.01234501675,-0.002349915068,-0.008969730639,-0.0009661450002,-0.02675742083,0.02434826716,0.01024456591
-1.142216502,-0.002305566546,0.004709567918,-0.006402019098,-0.02259950698,0.003280356036,-0.01772205718,0.007313077918,0.008646537259
-1.138795961,-0.0003498728243,0.009615867644,-0.005159657742,-0.01880477437,0.003835959334,-0.02424234178,0.001459367177,0.008511459756
-1.175332691,-0.001796692043,0.0110274145,-0.005251445878,-0.007907498426,-0.001160966283,-0.0242638442,0.01408231078,0.008484321411
-1.146423224,-0.002604797011,0.001327923571,-0.005663241726,-0.01372052723,0.0007775617385,-0.01778525987,0.009294209593,0.00578967549
-1.100689458,0.0003054425393,0.006713738055,-0.006566075264,-0.02644434793,0.0006557461048,-0.0258135237,0.005892066128,0.009948286021
-1.168288007,-0.0028543308,0.009643491988,-0.004679882756,-0.01012409192,0.0003230616997,-0.02249930291,0.01295076954,0.009049714321
-1.148884563,-0.003958440777,0.005061637747,-0.01039607524,-0.01037676245,0.0004810291679,-0.01766005858,0.01096594205,0.007447372267
-1.125424342,-0.000189649037,0.006811068645,-0.007193411335,-0.02355429774,0.001146242197,-0.0257463202,0.01014530676,0.008191172588
-1.082228805,-0.002824722912,0.005673483673,-0.005290741078,-0.01757784679,-0.0004136985564,-0.01687200704,0.0068695931,0.00868684198
-1.123165458,-0.001851455751,0.005434793733,-0.004706021703,-0.006796124149,0.001389435489,-0.02371175716,0.01039418523,0.007165228836
-1.124347426,-0.005145707422,-0.001612284582,-0.009994152597,-0.01657113029,-0.002163858067,-0.02453604076,0.004930424917,0.008481675988
-1.128952354,-0.01284183326,-0.004220790223,-0.004722186686,-0.02135040401,-0.0005677313453,-0.02304519304,0.01019311227,0.0063196563
-1.098912221,-0.012888374,0.001123887508,-0.01275515794,-0.01556668965,-0.0006510924146,-0.02260663636,0.008396275863,0.007368779575
-1.088427586,-0.01286158687,-0.006296939688,-0.016282449,-0.009823258216,-0.001537135299,-0.02572010877,0.01846195016,0.007602228117
-1.113382162,-0.008459090476,-0.003730468673,0.004493848091,-0.02422964867,-0.003337584879,-0.0224443945,-0.00347610242,0.009300686797
-1.105445133,-0.008474853474,0.007021254577,-0.00697331354,-0.01256057727,0.004732533349,-0.02215547984,0.009750223663,0.006095629746
-1.156492304,-0.008659418771,-0.005359973817,-0.01957069646,-0.01474512186,-0.003140938448,-0.02715209845,0.02018390357,0.009450546132
-1.135817592,-0.002517959555,-0.003781630855,-0.006974540868,-0.01781106165,-0.001015360512,-0.01462805577,-0.006697836072,0.008268183554
-1.105283775,-0.003666528671,0.01112524751,0.0001367837849,-0.01205045899,0.00463880133,-0.02607149906,0.02582659244,0.01069069066
-1.169931263,-0.00432410004,0.006668737911,-0.01221211749,-0.01409816695,0.000285585975,-0.02231120699,-0.00260557901,0.0084248313
-1.177301056,0.0003608332074,0.002816806544,-0.00879721602,-0.01373485049,0.001582516313,-0.02271887879,0.02599176224,0.007234766502
-1.097842639,0.002495183215,0.009039629478,-0.001377804432,-0.02234578954,0.001523952106,-0.02077867746,0.004864471919,0.009858520335
-1.128750747,-0.0020474094,0.01301854944,-0.003632927196,-0.002603347517,0.001765796063,-0.01311623476,-0.001106698522,0.005999069849
-1.112808588,-0.0001344042294,0.0005033722022,-0.008979028642,-0.01366915773,0.001107210027,-0.03210024345,0.02718151652,0.01288104912
-1.136231885,0.0008429421726,0.004295541545,-0.008206888688,-0.01759485361,0.0007533579709,-0.01655012523,-0.00584990151,0.007428218777
-1.145971774,-0.000941846297,0.01303980439,-0.005769923289,-0.0123879944,0.005295668855,-0.01915221954,0.02433107484,0.009710981464
-1.143644618,-0.002418010111,0.009082248639,-0.003238799921,-0.009304010085,0.001969002978,-0.02725761464,0.004700051986,0.01062516711
-1.145461915,-0.001342525544,0.002601939362,-0.007127713203,-0.02161355564,9.078231043e-05,-0.02247744561,0.01558013919,0.008184564108
-1.147733987,0.009186539697,0.01657018275,-0.006096107381,-0.01315787574,0.003282668454,-0.01355873022,0.001797057957,0.009755960955
-1.112664611,0.0102406602,0.02356563395,-0.00149537775,-0.001415610741,0.004895800856,-0.01822632686,0.01735302048,0.009329773412
-1.151076632,0.008612883333,0.009931057228,-0.003841373849,-0.01679531369,0.003262386664,-0.02442370736,0.0097119559,0.01150941645
-1.169069706,0.01076331953,0.01949555343,-0.003540761066,-0.01624565583,0.0007508414934,-0.02248008443,0.005340127267,0.009383830129
-1.140460471,0.005202746884,0.01517130518,-0.004764598991,-0.009402276859,0.004975106946,-0.02142624529,0.02527199418,0.00982221612
-1.098565239,0.003851487289,0.01204922245,-0.003087373872,-0.01073227057,0.003140885074,-0.01963760361,0.0004399455212,0.007172373276
-1.110748653,0.008090115656,0.01122231799,-0.003170912057,-0.02159148554,0.0004177988826,-0.02209735594,0.01318080488,0.01122764484
-1.138101467,0.0003985316132,0.01315187219,-0.00536927535,-0.009313077496,0.0005360999202,-0.02500367486,0.005664281259,0.009842359436
-1.146331127,0.0002256011123,0.007104821094,-0.008491607712,-0.01251795361,0.002314582175,-0.01705708184,0.01234382664,0.005309294675
-1.130736629,-0.0004968059453,0.00576393146,-0.001824714446,-0.01955661878,0.0002758251791,-0.02541191851,0.00892277074,0.006863701384
-1.099715197,-0.001647689598,0.008625280854,-0.006272848984,-0.01693183472,-0.001985456324,-0.01975189453,0.01285573345,0.01021997556
-1.109697033,-0.005578178481,0.006334327681,-0.009454440302,-0.009683147227,0.001986323516,-0.0215228335,0.01156880282,0.00835265688
-1.095982493,-0.001787255077,0.00488097574,-0.006979543993,-0.01837594603,-0.0005360073805,-0.02431664573,0.004164662899,0.007222265475
-1.075746649,0.0001082725536,0.006022324378,-0.001688901775,-0.01931153414,0.003445436488,-0.01823359023,0.01031267678,0.009652874803
-1.143427253,-0.001736780034,0.005648762073,-0.005558684092,-0.009388126823,-0.005536709615,-0.0249639316,0.005662931244,0.008591799915
-1.055119263,-0.001466866618,0.004194979088,-0.008578577655,-0.01625068179,0.009496673096,-0.02265024404,0.02227982099,0.007647544726
-1.111506665,-0.001637913749,0.005038121988,-0.008189421614,-0.02046901382,-0.01640426939,-0.02544792544,-0.01055758418,0.008435823579
4.168861483,-0.004601675382,0.01221994642,-0.005667344049,-0.01114046088,0.02381818499,-0.01351634275,0.02553033279,0.009552339743
5.433556099,-0.01356836433,-0.008283146781,-0.009222876546,-0.01607035434,-0.04572090937,-0.04321429155,0.0007626728585,0.007659426719
5.045846776,-0.01144114553,-0.009468894267,-0.01224647595,-0.02540587429,0.1713064826,0.05904791224,0.04987491192,0.006695158357
5.265664448,-0.01212325474,0.002176542556,-0.008881772994,-0.01287875099,0.1857027884,0.03427515284,0.08286091832,0.007645626497
5.117063753,-0.01162730324,-0.003406876439,-0.009780837843,-0.01189711023,0.02547567479,-0.006238640459,0.02122108343,0.008583590808
5.201294295,-0.007396107645,-0.001550547916,-0.00825504551,-0.01770033091,0.08734663192,0.0115386068,0.03957237551,0.008305035861
5.153764702,-0.009133760124,0.004609170224,-0.006147161073,-0.01953405856,0.0483028104,-0.008089072038,0.02597932446,0.009226118142
5.191339629,-0.009519070284,0.003130413414,-0.004850005798,-0.008620191651,0.06396483897,0.006552897515,0.02858138853,0.007143807934
5.157028271,-0.003045244937,-0.000951540571,-0.00732887768,-0.01647486977,0.04713012777,-0.002366077133,0.03014433437,0.009638016881
5.199648401,0.0005173246201,0.004995065713,-0.007786141479,-0.01761488484,0.0547488043,-0.002884213875,0.02091655846,0.008128344081
5.102232903,-0.001467023735,0.006649791181,-0.008988781904,-0.008442272289,0.04727140505,-0.001618340732,0.02641005706,0.008164031848
5.210270273,-8.914018799e-05,0.005879125611,-0.006584980051,-0.00943942216,0.04414372289,-0.006638484555,0.02747845895,0.01042533258
5.114577739,0.0002343414725,0.008260864575,-0.01036088454,-0.02026292776,0.04459115272,-0.005781239416,0.02554165101,0.009153640712
5.293785313,-0.002058198844,0.00813356221,-0.005764150418,-0.01696671723,0.04161042703,-0.00614720888,0.02460486681,0.008400051382
4.968151613,-0.0009602381327,0.006479982431,-0.003593800733,-0.01121041113,0.0364211056,-0.006713204102,0.02300453259,0.008306455815
5.586018796,0.0007809205703,0.005287430916,-0.007225283687,-0.0113218491,0.03627520851,-0.008229782802,0.01953869224,0.01008661245
0.791691314,0.001743985006,0.009916221673,-0.007386629348,-0.01661157289,0.03349688866,-0.009024824473,0.01961901082,0.009798035544
-1.649521351,-0.001614047021,0.007420740795,-0.003016852845,-0.01307011582,0.03195122486,-0.01039493869,0.0234712581,0.009378984359
-0.858721232,0.002122831324,0.008061401316,-0.004570064021,-0.01107635854,0.03118279216,-0.01038390346,0.02235512825,0.009883131096
-1.222439785,0.009187197402,0.01833718689,-0.004409994655,-0.01236450819,0.03319941569,-0.01153661781,0.01970049609,0.0112857676
-1.051490167,0.008583560847,0.02024842249,-0.002457996311,-0.01083089047,0.02872865145,-0.006806807155,0.02634908625,0.01048003248
-1.17671228,0.008770453713,0.01712369667,-0.0006180484806,-0.01231294753,0.0269723886,-0.01260603371,0.01196033491,0.009806591599
-1.114608609,0.008121027195,0.01753643412,-0.006290983266,-0.01202800027,0.02491958086,-0.01040171904,0.01790347186,0.008398332897
-1.121592738,0.004982184549,0.01135611418,-0.003725991589,-0.01342596624,0.01889435976,-0.02183555385,0.01678413396,0.01221072847
-1.153324722,0.006553439441,0.01231056276,-0.006706838341,-0.01101197343,0.02562622183,0.008011220013,0.02525949243,0.007120134092
-1.108943877,0.00355904416,0.009807312165,-0.001387957766,-0.01840249277,0.01385214944,-0.0366054889,0.003204084643,0.01289789122
-1.158381929,0.001623244244,0.01457025607,-0.009562346342,-0.01066700792,0.02184310212,-0.01448904255,0.03096561069,0.007991282093
-1.153898136,-0.0006619936014,0.004436787246,-0.005084585231,-0.01377134879,0.01937880862,0.007663966223,0.01851754196,0.002470463942
-1.136015739,-0.0003892462334,0.007013754544,-0.002943191637,-0.03103772704,0.01467231448,-0.04248906185,-0.00339417232,0.01206965796
-1.173777371,-0.002795211875,0.0103798421,-0.005826147286,0.0001749825297,0.0168354839,-0.003008980697,0.03284032304,0.005935817274
-1.108708197,-0.002723263827,0.002874993033,-0.007249200838,-0.01386311621,0.008961904061,-0.01729464582,-0.003578289336,0.007501882413
-1.138845787,-0.002312989812,0.007632837615,-0.006334289225,-0.02616161811,0.01739289107,-0.02739888074,0.03347377297,0.0102047276
-1.147618744,-0.002946430168,0.00359847073,-0.005623913909,-0.01051417021,0.01110426121,-0.007461397409,-0.008175490673,0.008162424385
-1.130569364,-0.002968743832,0.01315246104,-0.009129875875,-0.007926022924,0.01387768959,-0.02373398522,0.02814720355,0.009649242395
-1.127663818,-0.005899482751,-0.0004144180393,-0.004966066233,-0.02179374328,0.006914447572,-0.01702941602,0.01245626947,0.00821082361
-1.139900451,-0.002729519077,0.009955838125,-0.008293233509,-0.01944430606,0.01341161578,-0.01496372733,0.002893777208,0.005815126122
-1.1463598,-0.004860542723,0.005446980331,-0.005505082602,-0.0103775009,0.008142961772,-0.02771747983,0.02597623357,0.01048489963
-1.193518168,-0.01504701204,-0.009526397157,-0.01398298428,-0.0150832756,0.004249009432,-0.01224191006,-0.001396761858,0.006160699277
-1.132604342,-0.01101476687,-0.002205293107,-0.007521727287,-0.02381967874,0.01180287521,-0.02553911215,0.02172581843,0.01094776572
-1.146210805,-0.01193021229,-0.001361167078,-0.007750324967,-0.0161325503,0.004624920634,-0.01864979163,0.005180245158,0.005956600407
-1.112956048,-0.009389692545,-0.001602351686,-0.008297564208,-0.01056290418,0.008388970892,-0.02084311869,0.01785402269,0.007675721272
-1.122596228,-0.007225363467,-0.0008876643322,-0.007415184016,-0.02120645238,0.005962072192,-0.02327301485,0.01011820616,0.01017731527
-1.165638776,-0.008748121716,-0.000415836903,-0.007901591496,-0.0151828688,0.005874851614,-0.01435859271,0.007643760146,0.006721482512
-1.150483566,-0.005845111996,0.005387561,-0.007854658707,-0.01191368638,0.008114478886,-0.02067468248,0.01802794172,0.008155391109
-1.110244879,-0.003273821379,0.003080014327,-0.003993956059,-0.01368414851,0.003139322484,-0.02283986784,0.007011210669,0.01020922272
-1.143174101,-0.003149714501,0.005833255767,-0.006866196358,-0.01938505677,0.008504459684,-0.0187480862,0.01618148194,0.008680761009
-1.129646565,-0.0006301760994,0.005989370366,-0.007390673555,-0.009930954297,0.00658624666,-0.02031331176,0.01055723476,0.00836807939
-1.128965458,-0.0004952121732,0.006852041755,-0.004646934004,-0.01368542685,0.007333559276,-0.0191555144,0.01714940826,0.01017436396
-1.146966895,0.0006758146102,0.00691064067,-0.005294499369,-0.0159606651,0.006193563634,-0.01979257842,0.004356548401,0.009595357356
-1.105183867,-0.00142727538,0.009576086819,-0.006611582958,-0.01334423597,0.004570566226,-0.02116730176,0.0143950527,0.01008646608
-1.156281351,-0.001291528685,0.007174190994,-0.00624533679,-0.009427366907,0.007699296358,-0.02078474061,0.01484495334,0.009204075761
-1.208125831,0.0008342775921,0.006285788674,-0.00495440143,-0.01633699364,0.00439050743,-0.02035573508,0.007844065427,0.0104304136
-1.139594781,0.0001724702788,0.01100801239,-0.006280797307,-0.013273818,0.006332874266,-0.02124271999,0.01473966848,0.009766311076
-1.160916894,-0.001734011314,0.008465937791,-0.007519345476,-0.00824379704,0.005720679879,-0.02010566549,0.009427880258,0.008714758745
-1.122098911,0.006291318947,0.01445996948,-0.0049557872,-0.01484173669,0.007159225644,-0.01902108398,0.01476642476,0.01006840008
-1.127581063,0.01075984325,0.01969505599,0.001160029305,-0.01393287929,0.007668773832,-0.02032092466,0.009501073868,0.01084194663
-1.132785498,0.007771971076,0.0162581668,-0.003140597849,-0.01137286749,0.006509011413,-0.01819947484,0.01288922637,0.009337918884
-1.122937816,0.009490222589,0.0147008202,-0.001191927895,-0.01236501362,0.005153491756,-0.02238097168,0.01351608031,0.01063769274
-1.115889106,0.005863183625,0.01699009582,-0.01269881536,-0.01728316971,0.003318295672,-0.01829286974,0.006486742358,0.009578097176
-1.093352607,0.004409694589,0.0133564114,0.002328857147,-0.012293573,0.008899857729,-0.02066209835,0.01776646334,0.009198926226
-1.12312863,0.004183520827,0.01385781923,0.004917783639,-0.01512495809,0.0005398055765,-0.02023316776,0.01424559819,0.009719798483
-1.081703196,0.002590221065,0.009864347683,-0.01346478883,-0.01410284672,0.002995308328,-0.02242925136,-0.008735337109,0.008530192086
-1.15320338,-0.0009444623058,0.01072544453,-0.01109756023,-0.01508887085,0.006338128545,-0.02262885675,0.02784618442,0.00772987057
-1.124597623,0.0004814001123,0.002455028406,0.006466882707,-0.0179389644,-0.003647013825,-0.0224837112,0.004240945413,0.009405983986
-1.116406646,-0.001987153256,0.009620658053,-0.009370683012,-0.01466000698,0.007200772317,-0.01640476109,0.008324443331,0.006017178638
-1.124550589,-0.003325979803,0.007745628001,-0.0149841141,-0.009613185819,0.001415536204,-0.02883588642,0.01504183421,0.008331800011
-1.132747912,-0.004043461659,0.005865941726,-0.0001025310795,-0.02005008036,-0.001213924197,-0.01962729031,0.00602223453,0.008091191836
-1.155337149,-0.002601873235,0.008029538868,-0.00137944096,-0.01655787375,0.003981222661,-0.02016527721,0.01693138369,0.005787644508
-1.141822358,-0.001828004839,0.005576324739,-0.01199771015,-0.01486757508,0.002888322231,-0.02476588923,0.001447218294,0.008982089387
-1.085967114,-0.00338095344,0.002382926946,-0.005773763257,-0.01230645766,0.0004681305886,-0.01907383238,0.01304040838,0.01029880931
-1.097849175,-0.00193488573,0.004131526496,-0.003021549042,-0.0158801317,-0.0008147919265,-0.02179445078,0.005972461264,0.009579053905
-1.118047576,-0.004205706007,0.0112524039,-0.009410629387,-0.01605918688,0.003369953647,-0.02352670681,0.01294171946,0.006240077334
-1.141140614,-0.01179706098,-0.007655036829,-0.01076118037,-0.01734086211,-0.001612830876,-0.02174026835,0.009218490038,0.007796853093
-1.06327414,-0.01268573492,-0.004627235102,-0.005656486825,-0.01887768208,-0.004339334098,-0.02537919782,0.01047940119,0.009145350399
-1.104975662,-0.01042588043,-0.0003270153567,-0.009403900172,-0.01438994171,0.0005105870619,-0.02185592742,0.01032833137,0.006834263053
-1.129104113,-0.01253939262,-0.003579858774,-0.0137337244,-0.01623327444,-0.0005556197352,-0.01891535879,0.002593190443,0.005859911942
-1.158972225,-0.006227008374,-0.004193444428,-0.006169534253,-0.01341482154,-0.001956049296,-0.02475717773,0.01481877935,0.008704897473
-1.091051258,-0.005912689153,0.0009345551656,-0.006619016459,-0.0141479472,0.001951375628,-0.0230186825,0.005696251556,0.008773254883
-1.137871471,-0.008145392155,0.003525795829,-0.00871126135,-0.01598773554,0.001624171022,-0.0240447046,0.01202821881,0.006971055141
-1.1139507,-0.005359460568,0.0001044318973,-0.007892391954,-0.01488823743,0.0001468967514,-0.02001403551,0.0138745715,0.008702220322
-1.139701201,-0.00139728421,0.004649352877,-0.006021723075,-0.01281765968,0.0009186415119,-0.01913918049,0.009266512011,0.008809646518
-1.115301779,-0.002504526717,0.009961676505,-0.008009503482,-0.01463168257,0.002626411984,-0.02360615575,0.008221685079,0.009933971666
-1.104766026,-0.001574135217,0.005688444652,-0.007784945208,-0.01544772562,0.001456901132,-0.02325358799,0.008108101195,0.008792837209
-1.155891263,0.0008749912563,0.006384411876,-0.005515680336,-0.01422048467,0.0009966592238,-0.02077875852,0.01223293063,0.008903086639
-1.084909489,0.0001096190939,0.007689777541,-0.004494426652,-0.01276616176,0.002282888559,-0.0211737578,0.009628806407,0.009652340473
-1.195548166,-0.0005425437134,0.007998114626,-0.009001135093,-0.01267596621,0.001356572796,-0.02154575906,0.0120021218,0.009766856049
-1.000713385,-0.0001235287546,0.007734853744,-0.006787309064,-0.01476627955,0.001950268536,-0.02095789286,0.009765438427,0.01085315398
-1.274226006,4.325351962e-05,0.008875438655,-0.002444834524,-0.01589671728,0.003041773414,-0.02050177255,0.01133830477,0.008314537343
-0.8947065851,0.0003299347475,0.006482792622,-0.005232357016,-0.01487150272,0.001214400204,-0.0225240388,0.008658443465,0.008923352319
-1.60027159,0.002532450911,0.009534164903,-0.006478059428,-0.01342211329,4.574521399e-05,-0.02265241607,0.01055984134,0.01163653976
2.839941317,0.01018268601,0.01923627587,-0.004615963677,-0.01043172278,0.003107324261,-0.01999077169,0.01389710035,0.009925387638
5.628299196,0.008746613644,0.01924468067,-0.003364642093,-0.01158803762,0.004674307104,-0.01950858668,0.01131512139,0.008622653218
4.908763422,0.008107138219,0.01658267153,-0.002684309478,-0.0129314521,0.004273855739,-0.02080281561,0.01230619294,0.01078043055
5.307771298,0.00803239278,0.01428000729,-0.002870960247,-0.01355137178,0.003169263691,-0.02084807452,0.0111275792,0.01091998147
5.107482896,0.004700595271,0.01414844698,-0.004388748151,-0.01560596979,0.002651063413,-0.02074931894,0.007944045184,0.008393039247
5.274049839,0.005757651531,0.01394728605,-0.00272723283,-0.01321645765,0.00305489551,-0.01946425452,0.00974888661,0.008214456071
5.143170185,0.003873146585,0.01159840207,-0.005288829818,-0.01141023107,0.0007711282536,-0.01907283894,0.01020931433,0.01020354323
5.186411841,0.002434590795,0.009354014396,-0.005907518513,-0.01390415983,-0.0004951336901,-0.02316065346,0.01171220992,0.009339631588
5.154215944,-0.0005853358626,0.009183479311,-0.005660754252,-0.01774653387,0.001022954224,-0.02285621626,0.00892298819,0.007760397986
5.189144925,-0.001245773338,0.007631817991,-0.006352689091,-0.01494252298,0.001466411259,-0.02281039611,0.009498713555,0.007119958999
5.146017919,-0.002967582354,0.004632802732,-0.004442694194,-0.01611876149,-0.001404692765,-0.02207689215,0.01044609349,0.008128574104
5.253865196,-0.002128705117,0.00431186426,-0.005900175972,-0.01584689733,-0.0004225416455,-0.02236434223,0.007048204985,0.008706970395
5.003443078,-0.002656653558,0.007871510248,-0.008443555143,-0.01426580499,0.0006455892828,-0.02290628246,0.007584215452,0.007196643369
5.290489573,-0.003952554289,0.008215294574,-0.007016942297,-0.01415552815,-0.001200500297,-0.02183421044,0.008919402581,0.007695823209
4.874072243,-0.002933293705,0.006051043537,-0.004444212065,-0.01686262228,-0.0007224626223,-0.02266486409,0.01089105234,0.0079391784
5.720041356,-0.002824048695,0.004433186433,-0.005634456288,-0.01656585724,-0.001093343583,-0.02215593285,0.01153342024,0.008222085977
2.184232714,-0.0008031263004,0.007033802589,-0.006510829896,-0.01380453597,0.0002805651551,-0.02211716791,0.009589754373,0.008631703842
-1.686628317,-0.005392485965,0.004286589842,-0.00854520643,-0.01725524167,-0.001180148269,-0.02210508237,0.007629768338,0.007668768989
-0.8297271018,-0.01403324333,-0.00539901826,-0.008872700397,-0.01709705203,-0.00242446515,-0.02371859065,0.007079481198,0.007793353547
-1.252626258,-0.01189753838,-0.004911994862,-0.009124897797,-0.01646655955,-0.001277963959,-0.02532271482,0.008285294475,0.007410587392
-1.038552439,-0.01249287142,-0.004607225503,-0.009697768702,-0.01571254394,-0.001684838278,-0.02362537127,0.006347754732,0.00743812014
-1.275033239,-0.01032097763,-0.0002522766967,-0.009101191706,-0.01651394468,-0.0007530456478,-0.0221692012,0.01104877359,0.008561176731
-1.105444526,-0.006487602279,0.001065167708,-0.009549263161,-0.0145487393,-0.00187152401,-0.02116619941,0.01097313532,0.009250069174
-1.236788047,-0.008881805803,-0.001347234781,-0.009153601806,-0.01594119535,0.0002083227791,-0.0229037375,0.009594430466,0.008177636843
-1.128601337,-0.007727599331,0.001918523001,-0.007387014322,-0.01320563078,-0.0001815481787,-0.02156109693,0.008857512232,0.007581285316
-1.138708647,-0.003758060735,0.005297575149,-0.003629099932,-0.0156704853,0.0008374144068,-0.02858468239,0.009129761577,0.009721881905
-1.192240124,-0.002508802641,0.005567594651,-0.009482583993,-0.01465962621,0.003852111222,-0.004145879738,0.01209549218,0.006823344821
-1.124285837,-0.002167689543,0.006102654943,-0.00378186365,-0.01695785041,-0.005173427379,-0.04389817041,0.001484674449,0.01283166836
-1.107728241,-0.00037717629,0.01022621758,-0.008486642269,-0.009228313597,0.004950385683,-0.0152014913,0.02387071129,0.006513645167
-1.130848988,-0.0008532741931,0.004501399993,-0.005815778625,-0.01470807536,0.00238916974,-0.00602986281,-0.0009638728522,0.006462976575
-1.141572436,-0.0006725799045,0.007837510578,-0.006048053462,-0.02355447363,-0.0001391681975,-0.04289235765,0.01333119534,0.01453254511
-1.121391358,0.0003009270446,0.007909113388,-0.004977925009,-0.002953116153,0.0009957733246,-0.0067887669,0.01807305844,0.008805636387
-1.137934872,-0.0007719401562,0.008312917499,-0.007669013824,-0.01785567224,0.002351355542,-0.0246028317,0.002408605221,0.007919968444
-1.137446331,-0.0004028211929,0.007223256376,-0.005837709404,-0.02063881295,0.003142612823,-0.02923829136,0.02004003534,0.01176768635
-1.156796513,-0.0007981143125,0.00372533487,-0.005681189834,-0.007187093816,-0.002492710141,-0.01316101497,-0.004074950576,0.009266119343
-1.07158857,0.006448235789,0.01773220193,-0.00465243281,-0.01079547454,0.002293042906,-0.02624593691,0.02830428832,0.01034939349
-1.129564063,0.008792043247,0.01496342684,-0.001281141075,-0.02151505257,0.003500707779,-0.02022885423,-0.002131967861,0.009412814325
-1.098322895,0.009076996951,0.02257779288,-0.002729208922,-0.01114876133,0.005212813852,-0.02200081787,0.009628865464,0.008798276202
-1.148114125,0.01073906925,0.01604780529,-0.001852189621,-0.004246869899,0.0009448228318,-0.01944633122,0.02663324328,0.0117453061
-1.121941414,0.00435875946,0.01038844303,-0.006320336822,-0.01797234252,0.003170734078,-0.01739475322,-0.003699982264,0.008942908823
-1.140960381,0.005628366533,0.01796115724,-0.002948250799,-0.01715899917,0.007707798394,-0.02857975612,0.01753231531,0.009046628538
-1.121214071,0.004736979915,0.01515582546,-0.003834699951,-0.006553694809,-0.001811666154,-0.01647192288,0.004460556777,0.008334969913
-1.15826171,0.0003998761488,0.008993491891,-0.006340948713,-0.01656683299,0.001064557957,-0.02388578207,0.01744675536,0.01077268355
-1.155126332,0.002536892515,0.008391577723,-0.006759357659,-0.02465938238,3.908711809e-05,-0.02759107513,-0.0006570054644,0.01071437337
-1.11932223,2.791186684e-05,0.01096090779,-0.004120998514,-0.009571445108,0.0007807610434,-0.01808055061,0.01156905971,0.005252671629
-1.098005707,-0.001564980879,0.005576696195,-0.007023058414,-0.01248309388,-0.001859334919,-0.02034160549,0.01603855592,0.008352524775
-1.133788657,-0.003022281072,0.002055824443,-0.01133470262,-0.02048890733,-1.303169483e-05,-0.02791555247,0.004893580479,0.01031134636
-1.137190537,-0.0005404140261,0.008657152449,-0.00344025225,-0.01833365188,0.002323682556,-0.02101905669,0.009313149355,0.007968687948
-1.13233671,-0.004143015571,0.007294069481,-4.093797057e-06,-0.00813701671,-0.002555552978,-0.01966667505,0.008364485563,0.007893241924
-1.092873815,-0.003591349102,0.003588067823,-0.01164864263,-0.01792588198,-0.0001603020644,-0.02408567231,0.01269303459,0.009411844079
-1.125877925,-0.0005400220534,0.007246298218,-0.00712965426,-0.01807469556,-0.001327876306,-0.02308201354,0.000460570557,0.008756389936
-1.150275283,-0.003317759919,0.008577063789,-0.002078671801,-0.01233042648,-0.0004774884608,-0.02354553539,0.01612807728,0.007782329387
-1.130265026,-0.003752736194,0.00630721702,-0.008547514812,-0.01299463747,0.0001618203842,-0.02162033567,0.01191553065,0.005886093974
-1.087905278,-0.008540443381,-0.003119477614,-0.009698693394,-0.02495366504,-0.0006815099951,-0.0264228956,0.004465761084,0.007860003103
-1.129954942,-0.0147118088,-0.003011576522,-0.007464114364,-0.01783606924,-0.001005341932,-0.02020855269,0.00665476566,0.006374511518
-1.101406935,-0.01325429344,-0.004116085497,-0.00870265299,-0.009660131188,-0.005301511574,-0.01746973032,0.01369123762,0.007087761995
-1.17173306,-0.01152981235,-0.004976157526,-0.01158307,-0.022387914,-0.000630074758,-0.03675420159,0.005919139686,0.01198473941
-1.162104075,-0.006654714756,0.003406074915,-0.00512307317,-0.0119442929,0.003150148614,-0.01467963585,0.009270059865,0.006107807973
-1.124985827,-0.00791333474,6.165371552e-05,-0.008265377056,-0.01652691546,-0.003337478343,-0.02537310587,0.01144257982,0.01009104931
-1.118299902,-0.006433566167,0.001740066763,-0.01990871597,-0.01405199,-0.0009026102706,-0.02508943566,0.01755477217,0.009371978917
-1.111946674,-0.004185694434,0.001853981402,0.003925279777,-0.01902401091,0.004007238625,-0.01769069075,0.005180042633,0.00768997694
-1.145687865,-0.00435733073,0.01109757803,0.0001227716756,-0.01465503203,0.002187191607,-0.02463700658,0.001466471302,0.008159038441
-1.127776102,-0.002144688921,0.002011344968,-0.01471377935,-0.007797091572,-0.001081670334,-0.01986842061,0.02166453018,0.01125369036
-1.103759253,0.000354798317,0.0009751966813,-0.01311913215,-0.01650304611,-0.003228422113,-0.02024100013,-0.009110381957,0.009965612659
-1.105927815,-0.0009707354261,0.01368466846,0.007349566642,-0.0115759132,0.007423318121,-0.02477618732,0.01918318308,0.008671913361
-1.161718863,-0.002892539821,0.00661128648,-0.004468788476,-0.01163510108,-0.001732769987,-0.02160155807,0.0175738373,0.008118025247
-1.128895163,0.003032975273,0.001459085421,-0.01621239802,-0.01501410317,0.0001139423204,-0.02181505974,0.004584216187,0.01065006224
-1.098898704,-0.0004904549186,0.01224486735,-0.006252368104,-0.01785763739,0.005298586388,-0.02292780329,0.02197995486,0.01153606329
-1.155287758,-0.004029946199,0.01232038699,0.004296911182,-0.01293465149,0.001737915344,-0.0214538164,-0.005267118197,0.005331686423
-1.095813808,0.0001241644901,0.001252874228,-0.009310542276,-0.01552327741,0.001533133203,-0.02025595945,0.02199229175,0.009551288271
-1.154523807,0.003464544483,0.003882113079,-0.009789978305,-0.01446287294,0.000948439958,-0.02414135723,0.005811921092,0.01246226083
-1.187239766,0.008937285102,0.02214195716,0.000270480112,-0.01241446527,0.005888032376,-0.01655928281,0.01362350814,0.008305897701
-1.145259036,0.007527598098,0.01820099369,0.002327821789,-0.008062296485,0.002848177134,-0.02425143211,0.01267050812,0.009648710791
-1.186876934,0.007686285108,0.01815385166,-0.01019073762,-0.01582288755,0.002218365062,-0.01946520291,0.01289575792,0.01002568822
-1.151069029,0.007346122265,0.0158388071,-0.002189729479,-0.0144454362,0.006195460667,-0.02150672683,0.01334867407,0.01100344602
-1.146825135,0.005014429858,0.01372405021,0.001902005743,-0.0125485183,0.001850127411,-0.02010327925,0.005605114148,0.006747072676
-1.060170264,0.006664319296,0.01370011514,-0.006561510313,-0.0102680543,0.0009674850268,-0.02170369616,0.01478626286,0.008493249683
-1.133746593,0.005883952057,0.009580773658,-0.01099493441,-0.01500371508,0.0002477690052,-0.0191860523,0.006349422412,0.01150965498
-1.14624047,0.002308813821,0.01141040353,-0.002964318099,-0.01446636981,0.002100340243,-0.02306404523,0.01287596039,0.007458740572
-1.139297283,0.0002214248168,0.007887748626,-0.001289639128,-0.01680422701,0.001353429162,-0.02355839293,0.009058478306,0.006102151479
-1.104187572,-0.00148646852,0.007774582769,-0.01021092869,-0.01770041984,-0.001616480069,-0.01847235663,0.009255540853,0.00609824784
-1.151004036,-0.002480030615,0.006262712238,-0.005609651108,-0.01567182517,-0.001540565964,-0.02580312911,0.01078920033,0.01035368442
-1.101590791,-0.002228012384,0.006724663903,-0.003284584697,-0.0132565179,0.001291769275,-0.02192700689,0.004539364655,0.004905205815
-1.136321317,-0.001557120853,0.006521342747,-0.01013977566,-0.01278811245,-0.001047819339,-0.0196212315,0.01004494309,0.006363108721
-1.076463432,-0.004398447902,0.006463642369,-0.008161872276,-0.01689192854,-0.001729413856,-0.02423545607,0.01072902754,0.01003131951
-1.163854192,-0.003809993371,0.006533711254,-0.003917263945,-0.01614610789,0.002188418036,-0.02276124209,0.01199170968,0.007909429065
-1.005998826,-0.003263950967,0.004359771229,-0.008187550641,-0.01597480097,-0.0002890102285,-0.02339848188,0.005683655439,0.007675206687
-1.286288087,-0.002843007856,0.006578364239,-0.007096549387,-0.01608223152,-0.001452239734,-0.02125162083,0.01333262754,0.009434759269
-0.8499536091,-0.005189311766,0.002115826406,-0.003351432498,-0.01814077582,0.0008896007482,-0.02159919312,0.00685661218,0.009482208637
-1.623794711,-0.01299526296,-0.003895667352,-0.008277452104,-0.01768691792,-0.001594825443,-0.02600951141,0.006292006788,0.006872110413
1.497806151,-0.01233515019,-0.003213656917,-0.01080224676,-0.01802244167,-0.00262070106,-0.02455148119,0.01134145215,0.008228082394
5.712231268,-0.01189953164,-0.00380847503,-0.008359245381,-0.01703095324,-0.00262709286,-0.02229709832,0.01001605719,0.007328216904
4.869575088,-0.009269624846,-0.003087070777,-0.008476602907,-0.01488301473,0.0005146401499,-0.02182847145,0.01187117898,0.007724326324
5.335952669,-0.007522383375,0.000348815125,-0.008195870155,-0.01285219353,-0.0001594607888,-0.0219780824,0.006861804491,0.009077323828
5.097109054,-0.0086608901,0.001405503367,-0.007407798251,-0.01446269951,-0.0008095756537,-0.02304589004,0.01083870426,0.01072684158
5.235420022,-0.006626391347,0.001792010655,-0.007583167535,-0.01639771141,0.0009893353982,-0.02321331082,0.008351344389,0.008437721722
5.138406848,-0.003033268686,0.003366584029,-0.007259278604,-0.01460471265,0.001783488325,-0.02318894301,0.01091889208,0.007555540719
5.186222491,-0.001974482451,0.00540771485,-0.006800872052,-0.01255799544,-0.001192233765,-0.02147787254,0.01070331199,0.01106575129
5.20537262,-0.003128475407,0.007363901682,-0.006768263367,-0.01415780984,0.0004394170936,-0.02377784948,0.01168232616,0.01000137656
5.215172222,-0.001133942798,0.007395298446,-0.006352621231,-0.01539166433,0.002495311249,-0.0205737904,0.009917663976,0.007862771019
5.1927005,-0.0005993966677,0.008144429878,-0.005675608788,-0.01264160588,0.001777896947,-0.02117164649,0.009389475028,0.009899967315
5.186524459,-0.001440088474,0.006491929322,-0.005200532767,-0.01413072622,0.0008194810005,-0.02443346078,0.01131879795,0.01078818478
5.084550348,-0.0007204692934,0.007910466297,-0.003985030354,-0.01394546615,0.0008585672472,-0.02006288795,0.006929316983,0.008345831285
5.308991986,1.829515776e-05,0.008806587293,-0.006716468804,-0.01199245001,0.001230501085,-0.01991097781,0.01081608073,0.009226164932
4.934078969,0.001814116299,0.007733137575,-0.00712818044,-0.01207500164,0.001099430083,-0.02338957418,0.01451772651,0.01024436907
5.567038929,-0.0009360187046,0.007665098486,-0.004670553667,-0.01726197435,0.003004846766,-0.02299874148,0.007905489699,0.00976775679
3.427083833,0.002863177993,0.01377340875,-0.002374712262,-0.01218427534,0.002862255507,-0.01952158621,0.01014437565,0.009875270817
-1.508685437,0.01213536579,0.01777201461,-0.001296397551,-0.01038562473,0.002944531806,-0.02040084954,0.0163999314,0.01094199794
-0.9419872485,0.01054764034,0.01584464462,-0.004234528919,-0.01535054723,0.004284964236,-0.01894299277,0.008731958735,0.01001789385
-1.336282972,0.009357826066,0.0185967083,-0.001793996599,-0.01299542744,0.00475286557,-0.02161493207,0.009960273364,0.008739475334
-1.024502366,0.005948690626,0.01585468185,-0.00350525056,-0.01153029677,0.003024699611,-0.02102158938,0.01310645528,0.01042901791
-1.198434877,0.004037702799,0.01345700904,-0.004895497882,-0.01374344623,0.0009998064364,-0.02147267178,0.01090377379,0.008693974641
-1.093316664,0.005195084139,0.01530288205,-0.003504118258,-0.01715726079,0.001899503686,-0.02165309795,0.009379601197,0.009829779922
-1.205030917,0.002721827562,0.01263820408,-0.003548363465,-0.009934821825,0.0007097558397,-0.02116529123,0.0113022657,0.008561524608
-1.107110703,0.0008470918818,0.007778813022,-0.007475428605,-0.01293663835,-0.0002161035523,-0.01905508277,0.01123393618,0.008412762459
-1.180401885,-0.001935355792,0.007686267267,-0.005379609769,-0.01641025982,0.0006533955335,-0.02600444559,0.006111275407,0.009886468472
-1.123108938,-0.002440378144,0.008065267852,-0.004312831928,-0.0148339566,4.8424718e-05,-0.02111642952,0.00864745339,0.008026053243
-1.088066607,-0.002639948175,0.006126903743,-0.004043644186,-0.0154598066,0.001114911123,-0.03139798053,0.01045669541,0.009011938213
-1.127061265,-0.001490512137,0.00544655155,-0.0107028189,-0.01608734035,0.001343177402,-0.0005115674974,0.01241181706,0.006314340222
-1.142262316,-0.001852217884,0.006792613461,-0.001686213687,-0.01872727108,-0.004612549072,-0.04425805471,0.003053936322,0.01362444328
-1.156502392,-0.001795349238,0.01024831736,-0.00650578496,-0.01199944615,0.005625050102,-0.02645963857,0.02132840204,0.005648080602
-1.146118382,-0.001258414914,0.003812112321,-0.007404843094,-0.01150340077,-0.00111585117,0.003738088681,-0.0008696671671,0.00386536856
-1.138647855,-0.003303528105,0.005454126558,-0.005437673784,-0.02321703825,-0.003459000788,-0.04281717119,0.009382900661,0.01595962689
-1.169113555,-0.001778578946,0.009964136109,-0.004761761142,-0.007638271997,0.00364045544,-0.01530386647,0.01900774035,0.006820573942
-1.147472034,-0.009631668268,-0.001157683309,-0.008985439366,-0.01914223711,-0.003605363962,-0.01951118764,-0.009169567555,0.003616592678
-1.131008507,-0.0138528516,-0.003476921008,-0.008133356096,-0.02100244019,-0.001342713237,-0.03099844503,0.02901489311,0.00972701428
-1.159537379,-0.01095936316,-0.006853293016,-0.007035388185,-0.01414325042,-0.0005652724028,-0.02000727814,-0.008676148903,0.008641777319
-1.127595076,-0.01014757317,0.002800928648,-0.01075009337,-0.01573169852,-0.003209100684,-0.03057659408,0.01254758866,0.008457791472
-1.141483815,-0.01038576948,-0.004511381631,-0.004530420674,-0.01751418937,-0.00253576206,-0.01872168725,0.01839352409,0.006720683638
-1.162753067,-0.01005044309,0.001926748602,-0.01073165045,-0.01926726178,0.003866364731,-0.01615826267,-0.001159626661,0.004877059663
-1.112442903,-0.005541280836,0.002782740946,-0.006588742321,-0.01473873399,-0.001017946284,-0.03443762958,0.01729860275,0.01163629341
-1.183173758,-0.005811874787,0.0007918153316,-0.009486834232,-0.01358284773,-0.003267720281,-0.01297446409,0.004183039177,0.009155800283
-1.119380603,-0.003514528993,0.005534984916,-0.005424487248,-0.01597755326,0.004181349919,-0.02437183464,0.01662190031,0.008156377499
-1.143253543,-0.001028563242,0.007176258195,-0.006057644594,-0.01860363612,-0.0004447377107,-0.02474733729,0.005201721552,0.008897404491
-1.112563649,-0.001739712463,0.006456209445,-0.006400127267,-0.008645860763,0.0008311213266,-0.02089737205,0.007928098482,0.008536922446
-1.163502044,0.001744430078,0.006510853634,-0.004261615475,-0.01551389715,0.0006082723486,-0.02583117268,0.01735322381,0.01243299446
-1.160335782,-0.002552348549,0.008317294483,-0.006149401013,-0.01522827267,0.00286622192,-0.0175601823,0.005362892515,0.006199166552
-1.079012878,-0.001659786434,0.007605831788,-0.007678706581,-0.01325359498,0.005532136021,-0.02147831785,0.01437449952,0.01002926646
-1.152624898,-0.0003254978929,0.006637225067,-0.003074029455,-0.01044216584,0.0001966372496,-0.02730373292,0.007568664929,0.01121135775
-1.14976615,-0.0002726161998,0.008503565698,-0.004506987239,-0.01618130456,0.001619805009,-0.01978836314,0.01079722876,0.007829726668
-1.111149395,-0.001820343597,0.008437840113,-0.00521625181,-0.01528360834,0.002051687402,-0.02203898784,0.006089775087,0.009745720087
-1.109372627,6.064185355e-05,0.007944295795,-0.005886935379,-0.0130484588,0.0005147610364,-0.02127033449,0.0183323505,0.01050014386
-1.121306775,0.01044863395,0.01659474658,-0.003905970718,-0.01154855369,0.004364652757,-0.02063411457,0.006892556509,0.01060891205
-1.139504402,0.01049495419,0.02114298655,-0.003651388151,-0.0151346022,0.002517635687,-0.02259400972,0.01666189187,0.01025220645
-1.12331097,0.007663291663,0.01541267445,-0.003415693984,-0.01184064744,0.003299360246,-0.0186225319,0.006321647235,0.009059868936
-1.126208924,0.009901129065,0.01796929011,-0.001660400927,-0.01062568877,0.004342020558,-0.02170896593,0.006726429932,0.008794815966
-1.124802997,0.00584492809,0.01331788062,-0.004539865302,-0.01510048184,-0.000724813858,-0.02349777571,0.02020013564,0.01149099684
-1.09557038,0.005517540411,0.01194099083,-0.003932305532,-0.01239961018,0.003499844716,-0.02092253272,-0.01216322884,0.007604407279
-1.150135968,0.003864270784,0.01629625426,-0.005695567366,-0.01210557648,0.002815646877,-0.02256430706,0.03451274626,0.008735047978
-1.11681223,0.0002497806533,0.008226579341,-0.01243857208,-0.01681195127,-0.001191257055,-0.01787264774,0.003640641964,0.009017320347
-1.133527471,-0.001537696836,0.01168752912,0.0007213314187,-0.0203439898,0.003898722795,-0.02346558584,0.01319842578,0.007491608868
-1.167749843,-0.001704934337,0.009374815462,0.002305031778,-0.01505364087,0.001371165743,-0.02369569382,0.008529800394,0.007691058559
-1.129944143,-0.003151591668,0.006184035701,-0.01224473134,-0.01367058786,-0.0009263782794,-0.01840978277,0.003402254683,0.005838262372
-1.143894389,-0.001280811573,0.00355341184,-0.003977725291,-0.01862914301,-0.0004994743042,-0.02491303552,0.01339774052,0.0109526799
-1.139341619,-0.0009409712569,0.008731179833,-0.001199527282,-0.01442880734,0.0008291851583,-0.02176484451,0.007019320291,0.008247732408
-1.131803922,-0.003004748932,0.005870677725,-0.01063988713,-0.01055506622,-0.003373627879,-0.02325496421,0.01594112335,0.007961564823
-1.111896852,-0.00136065891,0.009405755576,-0.00761416581,-0.01628648885,0.004456218884,-0.02791096166,-0.007658577626,0.008986968172
-1.11181701,-0.003168026364,0.006401235694,-0.004378628612,-0.02203956607,-0.001094984161,-0.01845040172,0.03698045601,0.007859791292
-1.177978466,-0.001276345913,-0.001626752199,-0.006929756948,-0.01665439842,-0.001932801955,-0.02003156945,-0.01108784012,0.01038047447
-1.114958208,-0.003242803609,0.007557481346,-0.01289311195,-0.01035272767,0.004734240355,-0.02135246987,0.02041031667,0.006289777186
-1.077757678,-0.01265704367,-0.006183861517,-0.008638348888,-0.01635005193,-0.006116727706,-0.02589168533,-0.00387168985,0.01005371365
-1.127553346,-0.01459554787,0.000204736765,-0.003780523018,-0.01933430488,-0.003261681895,-0.02223545934,0.02065106258,0.007735106203
-1.174873237,-0.01227203095,-0.004487567498,-0.007123472687,-0.02123421578,0.001974227118,-0.02595286443,0.01139323483,0.006909719267
-1.097970693,-0.01238076011,-0.0006577684719,-0.01235228973,-0.01625592077,-0.0004472967343,-0.02023015008,-0.004420413077,0.006032007985
-1.142721927,-0.008559846367,-0.0002102829898,-0.00306205942,-0.009777474439,-0.002524944024,-0.0213358128,0.02320868493,0.01127398466
-1.125390495,-0.007302367742,-0.0005813273043,-0.008320675711,-0.01400944921,-0.003465177615,-0.02073567896,0.002394748288,0.00782138401
-1.12458716,-0.004142015084,0.004611939955,-0.009946620704,-0.01957244933,0.00557692899,-0.02644616116,0.01188968076,0.006986541034
-1.118461269,-0.003881938952,0.00419679231,-0.004348997194,-0.01274621133,-0.00147051239,-0.02405274147,0.00467621604,0.009895102357
-1.079135904,-0.002142759884,0.005667270334,-0.005444121541,-0.01349250631,-0.002376752837,-0.02173964594,0.01448408305,0.01075876483
-1.135150827,-0.000514764916,0.003255396366,-0.01161739162,-0.01741159103,0.001879236989,-0.02270264452,0.008434862718,0.009034815198
-1.131547145,-0.001049853126,0.008099621373,-0.007391338233,-0.01472204932,0.0030579108,-0.01822643123,0.007032904921,0.007521383047
-1.177660429,0.001954813046,0.005564018424,-0.001575625027,-0.01018281186,-0.0001874504871,-0.02125261989,0.01999287954,0.009648066352
-1.09904405,0.0005982940454,0.005006815281,-0.009433472806,-0.01544110814,0.0004649274174,-0.02418666406,0.006622686538,0.01034400199
-1.127579649,-0.001240688119,0.009622764707,-0.005036494892,-0.02095691339,0.005755714529,-0.02235402024,0.01258471878,0.008945782273
-1.07679065,-0.002249976271,0.007411501041,-0.0004706217833,-0.01099919132,-0.001224324948,-0.02001400079,0.008390903482,0.008485185979
-1.155996624,0.0009143538528,0.007411557732,-0.007244198101,-0.0106543707,8.851306117e-05,-0.01912964373,0.0124793529,0.009836378812
-1.017774885,-0.0008937287789,0.007805269381,-0.008086075363,-0.01573086954,0.002777220417,-0.02521388743,0.005958231441,0.01006935054
-1.248599999,0.002574882963,0.01312158521,-0.002640755372,-0.01443131419,0.0003441288993,-0.02077451224,0.009238022495,0.009953995756
-0.935765136,0.01137955817,0.0176333267,-0.0008899012125,-0.005513829507,0.004434992935,-0.01999672002,0.01737478697,0.01006260563
-1.539259495,0.01040203697,0.01786534199,-0.006834093511,-0.01484721941,0.003630987111,-0.0217520599,0.006805934274,0.0114888727
0.6558162439,0.009260846064,0.01937332055,-0.00299155919,-0.01593201911,0.005093218713,-0.01998981026,0.01468075739,0.01253944743
5.565288218,0.007018931349,0.01432749786,-0.004171738736,-0.009505872876,0.001844262495,-0.01858507047,0.008383844205,0.009197891338
5.011996037,0.006765278124,0.01239965129,-0.005351229948,-0.01142735572,0.001817252936,-0.02169591214,0.01132058429,0.009340043556
5.291598676,0.005923098739,0.0139282329,-0.004145855856,-0.01739074687,0.0008225092608,-0.02339808023,0.006762027408,0.009720627513
5.09092205,0.001962853242,0.01132217344,-0.001041046102,-0.01387687746,0.00129242611,-0.02268445293,0.01201748458,0.008007114836
5.27677997,0.001106227033,0.009936336669,-0.006845177204,-0.01149583644,0.001751189219,-0.02151777766,0.01340516102,0.006915648623
5.093942678,-0.001961939111,0.0101420294,-0.006904711106,-0.01541806953,0.001449806996,-0.0211264922,0.007089191725,0.007198337788
5.152316459,-0.002945831748,0.006586304737,-0.002877552303,-0.01910316987,0.001811785023,-0.02180785465,0.01174951377,0.008781925319
5.174354857,-0.003678947933,0.005767090131,-0.005649644062,-0.01398090054,-0.0009525778457,-0.02253608828,0.006592452481,0.00698801832
5.208014045,-0.002733875988,0.005708250356,-0.005708925489,-0.01630742349,-0.0002653767719,-0.02286492846,0.009503306133,0.008010079887
5.144805443,-0.002168445903,0.007124606947,-0.003553547805,-0.01858605085,-0.001377308137,-0.02284764707,0.00827486444,0.00777397324
5.201015849,-0.001005791306,0.006643155026,-0.006418641094,-0.01444475561,-0.0007559999695,-0.02223692914,0.01415719749,0.008270479527
5.128161394,-0.001230497322,0.007418216142,-0.008638707712,-0.01566812034,0.001221770596,-0.02391795747,0.01023537882,0.007678277564
5.250440937,-0.001771613344,0.006096527187,-0.007150349024,-0.01993686761,0.00225977757,-0.02308484876,0.003726616774,0.007659593387
5.057567718,-0.00206640347,0.00582618649,-0.003940603665,-0.0140487844,-0.001757445035,-0.02036794136,0.01312381735,0.009777883164
5.380887836,-0.006731180834,-0.001352768684,-0.008803635607,-0.01598663303,-0.0009883660567,-0.0225643472,0.008911175015,0.007037644534
4.204870282,-0.01511551406,-0.003424775655,-0.01094763453,-0.01879740486,0.0004267037755,-0.02790775669,0.003686886559,0.007328722004
-1.195853662,-0.01289995201,-0.001180917254,-0.01087616702,-0.01279923095,-0.003105767155,-0.02268016482,0.009898975059,0.008132867307
-1.061937962,-0.01410823333,-0.002695343148,-0.008889407242,-0.01478343962,-0.002510226627,-0.02088881568,0.01026336311,0.00820136925
-1.184606894,-0.0109934081,-0.0007156751774,-0.007926644504,-0.01904106377,0.000952426584,-0.02329387414,0.01068064679,0.007003025101
-1.109719659,-0.008012513493,0.001781601558,-0.005762517465,-0.0158632407,-0.0001753779241,-0.02346407763,0.003756886497,0.008091009191
-1.143721824,-0.007213561483,-0.0002887200915,-0.007633443706,-0.01054724563,-0.000995631634,-0.02220850242,0.01087507831,0.009331123246
-1.137111383,-0.002791100408,0.001741833652,-0.007951365437,-0.01616203049,-0.00167541544,-0.02130316971,0.0102292411,0.009967358158
-1.152236646,-0.001189880973,0.005674026783,-0.005002417246,-0.01711186526,0.001467876841,-0.02256810662,0.008701077212,0.008529512098
-1.134614847,-0.001352824233,0.006391323672,-0.004452233978,-0.01232268735,0.0009208545606,-0.02291693289,0.01226455507,0.008572552437
-1.122874626,-0.0005418945934,0.006182976602,-0.006753927696,-0.01204442588,0.001077621221,-0.0220534611,0.0101094492,0.009210473242
-1.114326012,0.001605494927,0.006814024336,-0.007401012929,-0.01641068471,0.001188152872,-0.02088406163,0.01167753261,0.009736603054
-1.14467677,0.0005109340778,0.008512342768,-0.003737754971,-0.01265596873,0.001183048259,-0.02347955367,0.009038201492,0.009957854161
-1.150733058,-0.0008710282298,0.005677871891,-0.008205491131,-0.01174895844,0.003393588787,-0.01998927021,0.01084064871,0.009070047568
-1.140053992,-0.001711119886,0.005671680818,-0.005219237916,-0.01447370521,0.001514591061,-0.03008620778,0.01000726082,0.009621508713
-1.166995269,-0.002010878062,0.007354292532,-0.006396503166,-0.01584959226,0.001868956177,-0.009273966715,0.01162013512,0.007970652828
-1.129835152,-0.002312917052,0.007639401135,-0.002620672489,-0.01173803381,-0.002474531681,-0.02777194746,0.009788006998,0.0106636988
-1.098316736,5.480574025e-05,0.009631874143,-0.006640811964,-0.0159292488,0.004180653343,-0.03933544231,0.01808259891,0.01127705424
-1.116820431,0.007609840877,0.01468922242,-0.006296832538,-0.00900803648,0.006031748362,0.003621247288,-0.0002584486478,0.00427448666
-1.103926287,0.01047744144,0.02051770315,0.001223571284,-0.01390072419,0.001302300677,-0.03529450709,0.0160397791,0.01457102221
-1.144993438,0.008756193574,0.0156995652,-0.00676639911,-0.01170787664,0.003472537834,-0.0177918164,0.01569123535,0.01012469579
-1.130222003,0.01072777863,0.01654239114,-0.004248763105,-0.0139813341,0.005039543551,-0.01576800542,-0.001203836542,0.006809804035
-1.137616324,0.004132398402,0.01624866608,-0.001477995256,-0.01737179778,0.0001808787725,-0.02949776449,0.02473744595,0.01078801468
-1.103708076,0.00726858421,0.008629759199,-0.003595074294,-0.007684073481,-0.0001911646865,-0.01232169232,0.002223546613,0.009438266637
-1.095742875,0.00654283204,0.01667778184,-0.006640917696,-0.01705710596,0.003121863535,-0.0259011777,0.01186774026,0.01134426193
-1.168227488,0.0008273142806,0.0119480051,0.0003449127095,-0.01556947035,-0.001061936097,-0.02544321295,0.01119041635,0.00820390896
-1.205993092,-0.001934918837,0.007370845603,-0.006472330683,-0.01556947525,0.002136429918,-0.01365615771,0.005097694018,0.0050336658
-1.108378352,0.001428401259,0.009568928068,-0.003918332616,-0.01425423524,0.001740208315,-0.03169048531,0.01312519461,0.009821666902
-1.113737549,-0.002655378178,0.005614136637,-0.004336174597,-0.01636640728,-0.002242775751,-0.0161569139,0.007293582104,0.006879646036
-1.147514343,-0.005874256591,0.007577829635,-0.007187415541,-0.01363633364,0.00316263624,-0.02385911553,0.009429139682,0.006943316593
-1.145668348,-0.001449662788,0.009184568796,-0.007526820925,-0.01731791379,-0.001528278463,-0.0230031979,0.0112776453,0.007988126748
-1.124700098,-0.003018113417,0.004956155947,-0.003817376476,-0.01618986149,-0.0006697097763,-0.01985082645,0.006203171547,0.008255411448
-1.130993549,-0.001589300912,0.00682411217,-0.004830142339,-0.01780469239,-0.0001084315356,-0.02842233514,0.01297815655,0.008878681242
-1.111768716,-0.002685830461,0.004838981324,-0.008467554536,-0.01412351174,-0.001235704471,-0.01757498628,0.006501408792,0.006253585473
-1.114559817,-0.001421198425,0.006050933297,-0.006126128661,-0.01488652127,0.001983823582,-0.02014250144,0.008263294172,0.008492863339
-1.179985683,-0.002774814525,0.006493954073,-0.004182718998,-0.01833700059,0.0002315330649,-0.03132193714,0.01588915861,0.01057111518
-1.132546841,-0.01298480929,-0.004207909543,-0.01109012439,-0.01824854829,-0.001777066247,-0.01825388107,0.001427384446,0.005351745071
-1.146769815,-0.01344642184,-0.004206407031,-0.008556843591,-0.01503422036,-0.002021038117,-0.02653375918,0.01418352608,0.007208884211
-1.095025527,-0.01247610485,-0.003830888325,-0.006539860942,-0.01726803916,-0.00304589351,-0.02524808186,0.01035479662,0.008503390415
-1.17464627,-0.01106375003,-0.001370464086,-0.008640718503,-0.01718647807,0.0001396471223,-0.0208447604,0.0008711691181,0.006243670959
-1.135150117,-0.006319074904,0.001565702761,-0.008160031957,-0.01395292161,-0.001931765666,-0.02677805297,0.0150318742,0.009921473638
-1.118024737,-0.01110572845,-0.001871831227,-0.008082767976,-0.01547912135,-0.000495282377,-0.01964163357,0.007414214453,0.007010803544
-1.158288192,-0.005646186314,0.001730703884,-0.006933964335,-0.01601511457,0.002063045422,-0.02288631579,0.01082664008,0.009385246993
-1.115472788,-0.004273985041,0.002810891517,-0.003974946779,-0.01502471344,-0.0007377695002,-0.02598456498,0.009299578381,0.0085265988
-1.139922456,-0.002343731096,0.005024948892,-0.01185988397,-0.0123359149,0.001384176534,-0.01703836073,0.01035305478,0.008070840575
-1.102307542,-0.0004310477508,0.006870497979,-0.01158255623,-0.01412310847,0.002209099911,-0.02407138677,0.008996458363,0.008532168366
-1.128583378,-0.001490737856,0.006177753088,0.005762436033,-0.01663993333,0.001095278641,-0.02509392596,0.007826395117,0.009453705395
-1.168360327,0.0004272748224,0.009033999306,-0.006336185452,-0.01089177651,-0.0006988746318,-0.01768557702,0.01370758793,0.009131837622
-1.112035933,0.0007549516105,0.005985925977,-0.01716314616,-0.01316143028,0.002177743049,-0.02654425786,0.0114972092,0.009829581844
-1.11147565,5.669124101e-05,0.007850941042,-0.0008128492437,-0.01898041632,0.0003343486863,-0.01910838062,0.009021279097,0.008496727173
-1.111447395,-0.001031158697,0.009974209744,0.002931104038,-0.0130696869,0.002175766454,-0.02072986941,0.00867911154,0.01011124934
-1.147796476,-0.001337048695,0.007934577427,-0.01440765849,-0.01092662504,0.001703766337,-0.02099138876,0.01868644102,0.009342303531
-1.101509737,4.967149112e-05,0.002961297451,-0.00820282873,-0.01607919753,0.0001140804352,-0.02274243937,0.001040542191,0.009576692257
-1.171145881,0.003534193485,0.015030578,0.003233220323,-0.01480545866,0.004836502047,-0.02324006595,0.004617332273,0.009264697025
-1.151268341,0.01069179759,0.0206667877,-0.003510582705,-0.004356929426,0.001616775164,-0.01573813867,0.02712799989,0.00885518372
-1.091318908,0.01109383938,0.009729083687,-0.009219976641,-0.01752765642,0.003201645486,-0.02259787038,0.003955016928,0.01161998989
-1.097513024,0.008235345452,0.02113783362,-0.001724723298,-0.01264559099,0.005962890513,-0.02067859768,0.01597761167,0.008417219729
-1.138911456,0.007073441539,0.02134786834,0.0007351363528,-0.007769269461,0.0007037831697,-0.01935657089,0.007973842176,0.00905417619
-1.10429851,0.004176404212,0.010868206,-0.006177265198,-0.01396316076,0.001285878772,-0.02135776536,0.01683639963,0.008399063792
-1.134021987,0.008262875734,0.01188710569,-0.004466790996,-0.02088769967,0.002032979046,-0.02124715178,0.006635957657,0.009537375991
-1.100464617,0.003643852574,0.01770580114,6.465206789e-05,-0.011385637,0.002812836429,-0.02055807189,0.006305232037,0.008013768384
-1.152380264,-6.780090604e-05,0.01045316142,-0.006019455953,-0.007457129036,-0.002651627085,-0.0208630289,0.01717360816,0.008464298505
-1.112301095,-0.0003475625555,0.005107760827,-0.009501042005,-0.02185660312,-0.0001268952881,-0.02328232767,0.003326673458,0.009291019183
-1.142066441,-0.0008286596418,0.01047845276,-0.005265559691,-0.01678632063,0.004160706717,-0.02282736164,0.01625786662,0.008774010522
-1.118385461,-0.003887028777,0.007519990861,-0.002847138748,-0.01333617679,0.001535654488,-0.02293061935,0.006308189113,0.007382840059
-1.117343801,-0.0030350178,0.004688960791,-0.007889621621,-0.01724322945,0.0005305139164,-0.02294186387,0.004566778982,0.007835205225
-1.169126249,-0.0006404404927,0.006913501327,-0.008207094583,-0.01549774037,-0.001910659295,-0.02078254099,0.009668656368,0.01034070458
-1.084858242,-0.003478653501,0.007746761826,-0.004802438713,-0.01355314724,-0.001319531748,-0.01870466334,0.009222865467,0.00768904364
-1.098714719,-0.002069246863,0.004029923627,-0.006445899337,-0.0177303474,0.001722017666,-0.02500946313,0.01974518768,0.007559610413
-1.102182688,-0.003337649352,0.005397068413,-0.009101713492,-0.02225632863,0.001322679108,-0.02436757561,-0.01233572516,0.008129042011
-1.182350593,-0.003777102488,0.009812803785,-0.002469259862,-0.007252661846,-0.000649799376,-0.01831532503,0.02815463803,0.009204975543
-1.084894741,-0.006104935635,-0.005785947462,-0.002898072338,-0.01714448709,-0.001246336921,-0.02195489844,-0.0005796956054,0.008726028144
-1.135693086,-0.01392987822,-0.003224689056,-0.01318183071,-0.01812871359,-0.0002056993983,-0.02416220864,0.005876154356,0.004854982364
-1.085570628,-0.01104555319,0.0008034914887,-0.01194083718,-0.00937364442,-0.002798856806,-0.02622762026,0.0114689892,0.01013980372
-1.277890892,-0.01253712671,-0.001875228782,-0.006804815527,-0.01573723126,-0.002251850319,-0.01941814306,0.01041909905,0.004844189337
-0.5196184287,-0.008050125186,-0.005488725553,-0.006125103944,-0.02805043073,-9.258157988e-05,-0.02688578731,0.01526533686,0.008720530836
4.979033991,-0.008794304118,0.003766754083,-0.007971843584,-0.01819922681,-0.001143176855,-0.02363725656,-0.001883811765,0.008340112997
5.212379294,-0.008270814939,-0.0002850080628,-0.007692495123,-0.008121857838,0.0006584743018,-0.01922350849,0.02001235002,0.008469112552
5.169844843,-0.002858103583,-0.002420276971,-0.01052633441,-0.02084207883,-0.0005824888288,-0.02327755222,0.0009534688641,0.008947778081
5.206359392,-0.001105946745,0.006499201794,-0.00894345838,-0.02040038314,0.003393344297,-0.02249042215,0.01587442507,0.009127273891
5.192631762,-0.005375437541,0.006444715728,-0.004662458702,-0.01049649643,8.897430001e-06,-0.02160902659,0.008226828237,0.009975859814
5.162692705,-0.003464826983,0.006527530082,-0.00843942693,-0.008703632036,0.0008259716482,-0.02276451405,0.01106926133,0.008174450163
5.180663261,0.0003736999642,0.006542917511,-0.008604580037,-0.01732944708,0.00231420454,-0.02172311513,0.009128817523,0.01182366643
5.198017816,-0.001444392965,0.01156841245,-0.001468122122,-0.01057325384,0.002137876122,-0.01875181943,0.007549823558,0.009326005478
5.182443908,-0.002894081082,0.006924801737,-0.00489515314,-0.006086081786,0.001656984861,-0.02178861407,0.01266920073,0.008870108166
5.16842569,-0.0005912458536,0.006125489821,-0.007647267802,-0.01635589267,0.001167992772,-0.0259798775,0.009783292768,0.009379802915
5.130707541,-0.0003632502156,0.007502603912,-0.00639428886,-0.02233084894,0.00464145084,-0.01563080939,0.01027206659,0.007856802336
5.205895702,-0.001855035209,0.01160798918,3.572324076e-05,-0.009623655474,0.001283424793,-0.02203616471,0.007723990497,0.009530494101
5.172027228,-0.0007317268067,0.00409638815,-0.009104169962,-0.01230180702,-0.004512697729,-0.02314156777,0.01612573728,0.01247082478
5.189396371,0.006026855795,0.01202957633,-0.007206450801,-0.01628584468,0.005540961296,-0.01723506935,0.01512139135,0.009612007263
5.154367353,0.01218338935,0.02322208788,0.0002093376508,-0.01625164423,0.01057742902,-0.03075227039,-0.01992393407,0.008912170189
5.086160403,0.008074332809,0.01895396128,0.0007354975014,0.004163639086,-0.01073433867,-0.01873722898,0.04187204589,0.01159583169
-0.3006862547,0.01171283574,0.006177917796,-0.008563561946,-0.01494314569,0.009398748513,-0.006461923548,0.01264377265,0.009233472341
-1.344322007,0.004603467354,0.02453189031,-0.007177282764,-0.03066518538,0.007656776439,-0.03559870499,-0.0001195283368,0.006425621923
-1.061483818,0.003395421329,0.017949569,0.003716891404,-0.008003080986,0.002176110296,-0.02430560905,0.007106274346,0.01004500542
-1.197555428,0.003819994009,0.009183038312,-0.001401003509,-0.00313177655,-0.003346994183,-0.005456789036,0.02167618691,0.00829540236
-1.120984438,0.003860773265,0.003492172228,-0.008963696496,-0.03441769982,0.00199048309,-0.03121500413,0.005356749368,0.01034964577
-1.1443044,0.0006815186339,0.01482591681,0.000228515427,-0.01967402737,0.004769079329,-0.02882848043,-0.005550030383,0.007694191129
-1.0913444,-0.001443544644,0.01133377422,-0.007645049759,0.01043003756,-0.00488669081,-0.01290029974,0.02153519043,0.006571697518
-1.156638319,0.001056415058,0.003965913629,-0.01205073013,-0.02235879892,-0.003657259356,-0.02496481959,0.01235500176,0.009933894923
-1.161381425,-0.005255258844,0.008629158246,-0.002382585786,-0.03042720214,0.003630186927,-0.02509923633,0.01089127581,0.007846420343
-1.108851478,-0.002053331233,0.01194423846,-0.004461220068,-0.01168064772,0.001878053837,-0.01963325889,0.00430940035,0.005269819771
-1.15795804,-0.003748827916,0.004103486181,-0.01007665597,-0.0008916703434,-0.001925910704,-0.02494672638,0.01086521772,0.007537790061
-1.096049273,0.001310444166,0.001318286103,-0.004827842775,-0.02358815165,-0.003637750796,-0.02077188451,0.005271523309,0.01152993728
-1.144542604,-0.002186076015,0.009974753725,0.00166252795,-0.0177434841,0.001073552679,-0.02461358323,0.006562763509,0.007428644797
-1.158558487,-0.003729463008,0.004752287451,-0.01178132177,-0.008907869457,0.002310983223,-0.0207243239,0.01797083942,0.0052141105
-1.140090877,-0.004297917227,0.006743447454,-0.01074081641,-0.01967019229,-0.002074657909,-0.02575751497,0.005329733064,0.009374425022
-1.112526689,-0.01271335597,0.0006504052312,-0.001645542037,-0.02892346298,0.001792554587,-0.02577545935,0.01606924732,0.01062260291
-1.142045255,-0.01389730928,-0.007246564752,-0.009059133478,-0.005775879057,-0.004698591248,-0.004962177294,-0.002635929412,0.004189847398
-1.128079501,-0.009658912284,-0.003796794131,-0.01097535782,-0.01464937497,-0.001951759845,-0.04292012348,0.02278039536,0.01076000589
-1.128563685,-0.01023282272,-0.005466431974,-0.007490567474,-0.02076463878,0.002378189972,-0.0168032564,-0.005416507523,0.006037168402
-1.131811154,-0.006918302258,0.006137731262,-0.002043601913,-0.0131731289,-0.002006866268,-0.01866822769,0.003221313499,0.006385710589
-1.127807809,-0.007493905059,-0.002830775758,-0.01174012757,-0.01158160719,-0.003488816487,-0.03650632543,0.03500164031,0.01377184341
-1.152887162,-0.005808430182,-0.0002748142658,-0.01033444118,-0.01504599895,-0.0007289407636,-0.008221504648,-0.005600478301,0.005460407233
-1.144011591,-0.003794100665,0.01087553011,-0.001309527781,-0.02445520278,0.007979741697,-0.03742874248,0.01463763147,0.008579659367
-1.168887454,-0.004924186162,0.006055398562,-0.006116919561,-0.007135856625,-0.0030782215,-0.0172888985,0.00841082192,0.009103114577
-1.151250947,0.0007943991241,-0.00271221153,-0.01161197493,-0.01262517793,-0.00176476893,-0.01392811933,0.009034627902,0.009408445962
-1.115711791,0.0007821506125,0.01017356216,-0.002345317401,-0.02181966646,0.00261641332,-0.03720521228,0.01125935431,0.01184031837
-1.139248378,-0.004917388648,0.009521051183,-0.004975557762,-0.009676241874,0.00257282102,-0.0108779605,0.007265099436,0.004586870857
-1.121557392,-0.001981963849,0.00680442608,-0.01132686158,-0.01162913229,0.002062203821,-0.02626994208,0.01923351503,0.01087291563
-1.124620444,0.0009655273971,0.008260861707,-0.004502071711,-0.01967359549,-0.000426416821,-0.02275725905,0.008626838797,0.01241879534
-1.093671255,-0.001276038316,0.009013383312,-0.00291517953,-0.01433978134,0.003179229197,-0.01704868661,0.00736950548,0.00611505524
-1.16129929,-0.001272415528,0.009668930672,-0.007184144338,-0.009522699303,0.0009162295255,-0.02709646866,0.01177463954,0.008476990869
-1.137715968,0.00149637782,0.002128724266,-0.006400490781,-0.01418111906,-0.0007186841839,-0.01829888176,0.009994290818,0.009067911062
-1.128614983,0.001665695237,0.01148745117,-0.002560285669,-0.01789152399,0.003391830696,-0.02384424427,0.008610552637,0.01197992749
-1.16160951,0.01205661204,0.01979073683,-0.002637427281,-0.008128618546,0.004561123747,-0.02083772634,0.0169508117,0.01070329259
-1.163088443,0.008654001269,0.01814432119,-0.006208269805,-0.007318393798,0.00369726321,-0.01214441568,0.008193083687,0.008891297546
-1.101839007,0.008432625997,0.01723529964,-0.001014810745,-0.01952108771,0.005689690722,-0.02949200151,0.01459493979,0.01241355983
-1.154250787,0.007629714755,0.01643177279,-0.0001414039407,-0.01416987438,0.002214929894,-0.02025149459,0.01115941385,0.007975848518
-1.160585315,0.005536855673,0.01104767706,-0.005741136928,-0.007202055198,0.001487395025,-0.01672243275,0.002773470068,0.008145528966
-1.100141568,0.007577849137,0.01343623659,-0.003398594837,-0.01342967829,0.0007480644305,-0.02682240675,0.01986850169,0.01054918851
-1.133768895,0.002958898522,0.01254257236,-0.003661023488,-0.01862840069,0.001984713194,-0.01819609501,0.0006172591264,0.006559390041
-1.153936563,-0.0002616959197,0.01317928653,-0.004785875973,-0.01319970696,0.0008548350257,-0.02446173594,0.01673409792,0.00911682864
-1.163271942,-0.001833402614,0.007572153382,-0.006123104667,-0.01465773129,-0.002716477639,-0.02531524344,0.01302036166,0.009585177292
-1.168574111,-0.001279499678,0.00678508137,-0.002822710799,-0.01987444441,0.0003612703436,-0.02117479937,0.005088063909,0.007802184203
-1.187521295,-0.001076260607,0.00983846707,-0.01321775308,-0.0154981646,0.0006643733292,-0.02278415656,0.006858512131,0.007628103283
-1.112163652,-0.003798034416,0.003474879976,0.00104467875,-0.009531647658,0.00041347666,-0.0206664531,0.01176161949,0.008817386306
-1.101146675,-0.001343803161,0.005003634331,0.0001456922453,-0.02188274781,0.00220374802,-0.02174186509,0.0124495959,0.008625625176
-1.152249498,-0.001820817559,0.0085465436,-0.01494054621,-0.01734240833,0.001040584325,-0.02386085204,0.004058525577,0.009033015932
-1.1210821,-0.005008890634,0.00620790915,-0.01229764178,-0.0121084801,9.291289637e-05,-0.02151264028,0.01675066251,0.008686555982
-1.120463975,-0.002969480132,0.004654937318,0.000923504546,-0.01619334738,-0.002311292397,-0.02175856502,0.007170950188,0.00942235668
-1.124810195,-0.002712118134,0.008339424787,-0.006192284037,-0.01898161801,-0.0004119364206,-0.01926122884,0.009598400606,0.00768999841
-1.125328167,-0.004249688373,0.004303392692,-0.01295721673,-0.01225214533,-0.0005449701749,-0.02584516413,0.003399606684,0.007633140338
-1.165564977,-0.01095412651,-0.006050163085,-0.005786455184,-0.01539987924,-0.002321907459,-0.02248067053,0.01434772552,0.007893362605
-1.141272549,-0.01194148111,-0.004958106523,-0.006100623671,-0.02064825494,-0.003005242335,-0.02224256974,0.008299224519,0.007336414389
-1.132176978,-0.01230135601,-0.001931631628,-0.01080080057,-0.01655296679,0.001286164451,-0.02851865597,0.001974516304,0.007307040929
-1.132915555,-0.009518146267,-0.001556438706,-0.009237115641,-0.01287129014,-0.00252386828,-0.01953178752,0.01776275446,0.008887328824
-1.109942924,-0.006616013887,-0.0006083219141,-0.00571876437,-0.01702611908,-0.003743413518,-0.02143571071,0.007973752689,0.009511901246
-1.101695763,-0.008661991728,0.002287281206,-0.009595656817,-0.02055141414,0.001784247312,-0.02731785729,0.008925436219,0.008231450843
-1.111770644,-0.007691813831,0.003582825162,-0.009017615425,-0.008665490765,-0.0006340541131,-0.01891502295,0.007452434407,0.007427641332
-1.127202974,-0.002222853497,0.002287000996,-0.005751214902,-0.01380470213,-0.003022502677,-0.02460832058,0.01417521543,0.01125701669
-1.120452128,-0.001017870109,0.005381640017,-0.00637703752,-0.01955544323,0.001355279338,-0.02285063402,0.01150943307,0.009906385869
-1.148003467,-0.003665952024,0.008153243821,-0.008964725079,-0.01697049869,0.004174301806,-0.02098413707,0.005091123751,0.007726138965
-1.156819964,-0.001471763128,0.007108914212,-0.003366755399,-0.007777310104,-0.0012868395,-0.02046518826,0.0156711748,0.009289910089
-1.177604874,0.001604832231,0.003935364476,-0.006124413906,-0.01223686722,0.0008315774051,-0.01984236316,0.008968358158,0.01109572095
-1.15201655,0.000392419366,0.01007745117,-0.00821027011,-0.01894900399,0.005111479009,-0.02645276746,0.01274519132,0.008948281226
-1.132663385,-0.0004250829831,0.007382538006,-0.004164657538,-0.01236218035,0.002558592728,-0.02029456957,0.007871285434,0.008362384895
-1.085803781,-0.0005014624387,0.006509641124,-0.006164575368,-0.009649703282,-0.00130326913,-0.02036389445,0.01864814456,0.009351841997
-1.111032878,0.002141075033,0.007782352538,-0.00990882173,-0.01543545248,0.005116941729,-0.02149234752,0.000870201286,0.01093107376
-1.119222179,-0.002167042433,0.008775926237,-0.005643966985,-0.01679559179,0.002335384293,-0.02886851036,0.01508887224,0.009889235791
-1.062226592,0.002967952545,0.01122959146,-0.002151991948,-0.01218816831,0.0002377165025,-0.01353158313,0.008947085273,0.007599099155
-1.086304013,0.01166877233,0.02051275725,-0.002521982667,-0.00748049236,0.00347522462,-0.01750510758,0.01453757556,0.009917919947
-1.076525297,0.009461306542,0.01784431737,-0.005174179208,-0.01791028752,0.002589961635,-0.02901358634,0.01362359654,0.01183793553
-1.161525717,0.01031170477,0.01705667504,-0.0007264898195,-0.0110620512,0.003062149257,-0.01641044106,0.004700245174,0.007556959751
-1.098465783,0.007200682235,0.01540836235,-0.002561293019,-0.009893536748,0.001993193058,-0.01840358713,0.02111124409,0.008688684793
-1.052832318,0.00464372106,0.01188577558,-0.003881389976,-0.01660494273,0.002880562224,-0.02535551046,0.002886030748,0.009571661543
4.394904845,0.0044752879,0.01242831626,-0.004456378296,-0.0177573794,0.002411136039,-0.02107481016,0.01032875184,0.008671944865
5.324879713,0.002265376691,0.012484427,-0.003721919621,-0.01087260027,-0.001181850013,-0.02347377324,0.009518482816,0.008519132994
5.088655937,-5.9638011e-05,0.009741554028,-0.007596028838,-0.01337387218,0.001263148341,-0.01844676436,0.01332350654,0.005478135528
5.214170109,-1.66879865e-05,0.006385828641,-0.006084902367,-0.01987573214,0.0001008303811,-0.02394756548,0.005103748372,0.009456149431
5.170897275,-0.001812761202,0.009250951387,-0.004984204321,-0.01380237304,-0.001010431583,-0.02478954188,0.01071694154,0.008258970048
5.231690067,-0.003896654187,0.006376833486,-0.008396742638,-0.01229235528,0.0007051030601,-0.02021989621,0.01126362081,0.007415583653
5.151545133,-0.002430462858,0.005479848097,-0.005695411001,-0.01954148642,-0.0009089469054,-0.0215483782,0.006140928345,0.007427516408
5.187003509,-0.002296799329,0.005806273805,-0.004773215917,-0.01789713384,0.0006313835049,-0.02341430817,0.01071509943,0.008397843708
5.164922985,-0.002180353113,0.007318906085,-0.007262889058,-0.01031652781,-0.0002420873673,-0.02312200644,0.01679034861,0.008538285274
5.18609775,-0.001983696539,0.007729362219,-0.008118180312,-0.01929981889,-0.0001621340659,-0.02136596399,0.009068739394,0.008365272803
5.128351462,-0.003073259488,0.007176426441,-0.005441286739,-0.01637694167,0.0004974678645,-0.0235372133,-0.001459659841,0.007131985489
5.196305781,-0.002974123399,0.006687295543,-0.006006694325,-0.01282511675,-0.00403089961,-0.02348575227,0.02353150688,0.01039818613
5.104703911,-0.009836554721,-0.006009201368,-0.007773269726,-0.01782230981,-0.002118091024,-0.02326779421,-0.0006449823936,0.007817201645
5.256742301,-0.01342944849,-0.003171914811,-0.01200245073,-0.01951984582,-0.0001683747156,-0.02467389884,0.008904337068,0.00633725964
5.039032893,-0.01087328469,-0.001326220079,-0.008716175472,-0.01206019556,-0.00329719142,-0.02400076568,0.002045173597,0.007945312711
5.406721797,-0.01327306801,-0.003820859772,-0.01102856496,-0.0155676074,0.0003229469786,-0.01841392823,0.03816487742,0.00636166794
0.3591068728,-0.006350545383,-0.00515067294,-0.006240603303,-0.03044446361,0.003479347238,-0.03699625111,-0.02385042245,0.009570734162
-1.502211629,-0.01114718942,0.01009101885,-0.008095605399,-0.002362076932,-0.007123979902,-0.01013705818,0.01447049038,0.005151763857
-0.9549144833,-0.006060584208,-0.007730759933,-0.007551245609,-0.00865754491,0.002355889609,-0.02135930564,0.03656405143,0.01174877049
-1.29154954,-0.004393408615,0.001085353476,-0.008156404712,-0.03542463077,-0.0003431181697,-0.03111965873,-0.02304091976,0.007047172685
-1.053131968,-0.001386372667,0.01173909023,-0.001333119344,-0.006321217238,0.005474022374,-0.02251371,0.02413747026,0.009576459686
-1.154793675,-0.006162325504,0.006802166174,-0.008973436982,0.001472261895,-0.004669690736,-0.01677460305,0.0147617889,0.01021893134
-1.120711146,-0.001288951989,-0.0005870679423,-0.01022024182,-0.02888965648,0.001875783036,-0.02265258705,0.01023283986,0.007992634369
-1.148596554,0.002109263727,0.01091531277,-0.001918631082,-0.02434857219,0.007074196494,-0.02669545768,-0.0002076815181,0.01054024783
-1.160115853,-0.001541257737,0.01365478445,-0.007124662642,0.007224403335,-0.002067069973,-0.01806920519,0.01533621483,0.007373909293
-1.14280049,0.0001608956293,0.000903231173,-0.007221051901,-0.01636271165,-0.0007713742568,-0.02266931806,0.01631616802,0.01087586237
-1.186005153,0.001022050134,0.009095377088,-0.005078701242,-0.02865522235,0.001573643467,-0.02481183019,-0.003758510348,0.009308711381
-1.19305303,-0.0005817145493,0.01112804182,-0.003670450936,-0.007465808786,0.00351373984,-0.01932385843,0.02432119842,0.008491097294
-1.104186086,-0.00245738726,0.003036173359,-0.008249136514,-0.002763468268,0.0008206344259,-0.02131364479,0.005318854503,0.007228771119
-1.213525907,0.002559427244,0.009093384656,-0.004053750367,-0.02616377036,0.000931350235,-0.02479309478,0.01132015351,0.01182072277
-1.159503601,0.007920647019,0.0208590256,0.001213796721,-0.01666562725,0.003295067615,-0.01845727661,0.007923664335,0.01030843418
-1.166978956,0.00972317352,0.01826487704,-0.008449027439,0.0003575136726,0.003149515477,-0.01790395578,0.02017310893,0.006825569284
-1.146908678,0.008971782711,0.01247568353,-0.001602688271,-0.01405081169,0.002672936598,-0.02538281901,0.0100474536,0.01118746685
-1.130406937,0.008391745315,0.02122039187,0.001339687932,-0.02109372287,0.004013253978,-0.01689425884,0.0008656931478,0.01117673216
-1.128456131,0.002850419671,0.01570313926,-0.007146784093,-0.007985201719,0.001873625229,-0.01969666823,0.0203365394,0.009149059198
-1.096906798,0.004266724716,0.009701027107,-0.00786591276,-0.01135052347,0.0007396060889,-0.02634293474,0.01261610002,0.008413852022
-1.12756666,0.006184767889,0.01274676547,0.0004904562532,-0.02097301743,0.004667069122,-0.01825989264,0.001207155132,0.009361243042
-1.160167074,0.0003710315625,0.01548138285,-0.005555215322,-0.01206507892,0.0005533971723,-0.02242141142,0.01018747217,0.00939072155
-1.094456359,-0.001189887859,0.00439818199,-0.0106410588,-0.008337826278,-0.002739197418,-0.02211224382,0.02139345711,0.008136536105
-1.11717003,0.001096844297,0.004954620997,-0.001880230798,-0.02171235112,0.003751452676,-0.02040086816,0.001420768639,0.006715353728
-1.107390874,-0.002103187242,0.01279701587,-0.003586851781,-0.01936635128,0.001710728422,-0.02443681716,0.01197198455,0.008165035393
-1.114925336,-0.004554251204,0.005270928814,-0.01041885816,-0.006948912902,-0.0007807091975,-0.02158936046,0.009807322168,0.008272495991
-1.085611528,-0.0006043004341,0.003603902842,-0.004856590705,-0.01607231489,0.0001457173332,-0.02070952401,0.01232048198,0.00883132571
-1.237154575,-0.002750103848,0.00819041693,-0.001455156082,-0.02459300228,0.000309638296,-0.02666587445,0.00466473219,0.008363005283
